<?xml version="1.0" encoding="UTF-8"?>
<gpx creator="StravaGPX" version="1.1" xmlns="http://www.topografix.com/GPX/1/1" xmlns:xsi="http://www.w3.org/2001/XMLSchema-instance" xsi:schemaLocation="http://www.topografix.com/GPX/1/1 http://www.topografix.com/GPX/1/1/gpx.xsd">
 <metadata>
  <name>GLG KLASYK 2025_11.09.2025</name>
  <author>
   <name>Filip Raczkowski</name>
   <link href="https://www.strava.com/athletes/20645033"/>
  </author>
  <copyright author="OpenStreetMap contributors">
   <year>2020</year>
   <license>https://www.openstreetmap.org/copyright</license>
  </copyright>
  <link href="https://www.strava.com/routes/3281187911964699984"/>
 </metadata>
 <trk>
  <name>GLG KLASYK 2025_11.09.2025</name>
  <link href="https://www.strava.com/routes/3281187911964699984"/>
  <type>cycling</type>
  <trkseg>
   <trkpt lat="53.8008" lon="21.57261">
    <ele>119.98</ele>
   </trkpt>
   <trkpt lat="53.80028000571402" lon="21.573440020610963">
    <ele>120.21000000000001</ele>
   </trkpt>
   <trkpt lat="53.79976000569752" lon="21.574270020636938">
    <ele>119.58</ele>
   </trkpt>
   <trkpt lat="53.799240000000005" lon="21.575100000000003">
    <ele>119.67000000000002</ele>
   </trkpt>
   <trkpt lat="53.79878000000001" lon="21.5758">
    <ele>122.57000000000001</ele>
   </trkpt>
   <trkpt lat="53.79865" lon="21.576030000000003">
    <ele>123.33000000000001</ele>
   </trkpt>
   <trkpt lat="53.79833000000001" lon="21.576770000000003">
    <ele>122.99000000000001</ele>
   </trkpt>
   <trkpt lat="53.79784500230752" lon="21.57751000851228">
    <ele>122.04</ele>
   </trkpt>
   <trkpt lat="53.797360000000005" lon="21.57825">
    <ele>121.09</ele>
   </trkpt>
   <trkpt lat="53.797140000000006" lon="21.5787">
    <ele>120.78000000000002</ele>
   </trkpt>
   <trkpt lat="53.79674500522386" lon="21.579820010530103">
    <ele>121.68</ele>
   </trkpt>
   <trkpt lat="53.796350000000004" lon="21.580940000000002">
    <ele>122.58000000000001</ele>
   </trkpt>
   <trkpt lat="53.79623" lon="21.58116">
    <ele>122.64000000000001</ele>
   </trkpt>
   <trkpt lat="53.79607000000001" lon="21.58135">
    <ele>122.82000000000001</ele>
   </trkpt>
   <trkpt lat="53.795485001579365" lon="21.58198000886427">
    <ele>124.02</ele>
   </trkpt>
   <trkpt lat="53.794900000000005" lon="21.582610000000003">
    <ele>125.99000000000001</ele>
   </trkpt>
   <trkpt lat="53.79468000000001" lon="21.58292">
    <ele>126.21000000000001</ele>
   </trkpt>
   <trkpt lat="53.794070000000005" lon="21.583840000000002">
    <ele>127.34</ele>
   </trkpt>
   <trkpt lat="53.793850000000006" lon="21.584120000000002">
    <ele>126.96000000000001</ele>
   </trkpt>
   <trkpt lat="53.79345000000001" lon="21.584480000000003">
    <ele>125.59</ele>
   </trkpt>
   <trkpt lat="53.79294" lon="21.584770000000002">
    <ele>124.9</ele>
   </trkpt>
   <trkpt lat="53.79271000000001" lon="21.58492">
    <ele>124.43</ele>
   </trkpt>
   <trkpt lat="53.792350000000006" lon="21.585250000000002">
    <ele>124.56</ele>
   </trkpt>
   <trkpt lat="53.792210000000004" lon="21.58549">
    <ele>124.80000000000001</ele>
   </trkpt>
   <trkpt lat="53.79205" lon="21.585890000000003">
    <ele>125.35000000000001</ele>
   </trkpt>
   <trkpt lat="53.791790004855706" lon="21.586975006895923">
    <ele>124.29</ele>
   </trkpt>
   <trkpt lat="53.79153" lon="21.588060000000002">
    <ele>122.45</ele>
   </trkpt>
   <trkpt lat="53.79125667686724" lon="21.589166681039416">
    <ele>122.47000000000001</ele>
   </trkpt>
   <trkpt lat="53.79098334354601" lon="21.590273347656783">
    <ele>124.38</ele>
   </trkpt>
   <trkpt lat="53.790710000000004" lon="21.59138">
    <ele>125.79</ele>
   </trkpt>
   <trkpt lat="53.79063000000001" lon="21.59193">
    <ele>125.74000000000001</ele>
   </trkpt>
   <trkpt lat="53.790520008817545" lon="21.592960005478">
    <ele>125.36</ele>
   </trkpt>
   <trkpt lat="53.79041000880937" lon="21.593990005554375">
    <ele>124.39000000000001</ele>
   </trkpt>
   <trkpt lat="53.7903" lon="21.59502">
    <ele>124.04</ele>
   </trkpt>
   <trkpt lat="53.79017" lon="21.595840000000003">
    <ele>123.48</ele>
   </trkpt>
   <trkpt lat="53.790060000000004" lon="21.596300000000003">
    <ele>123.10000000000001</ele>
   </trkpt>
   <trkpt lat="53.7897" lon="21.59739">
    <ele>121.50000000000001</ele>
   </trkpt>
   <trkpt lat="53.78934" lon="21.598180000000003">
    <ele>120.87</ele>
   </trkpt>
   <trkpt lat="53.78889667155046" lon="21.598946682881117">
    <ele>120.65</ele>
   </trkpt>
   <trkpt lat="53.788453338211006" lon="21.599713349558144">
    <ele>120.60000000000001</ele>
   </trkpt>
   <trkpt lat="53.78801000000001" lon="21.60048">
    <ele>120.68</ele>
   </trkpt>
   <trkpt lat="53.788070000000005" lon="21.601490000000002">
    <ele>121.11000000000001</ele>
   </trkpt>
   <trkpt lat="53.788215007745535" lon="21.60285499523709">
    <ele>120.02000000000001</ele>
   </trkpt>
   <trkpt lat="53.788360000000004" lon="21.60422">
    <ele>119.55</ele>
   </trkpt>
   <trkpt lat="53.78844" lon="21.60432">
    <ele>119.55</ele>
   </trkpt>
   <trkpt lat="53.788920000000005" lon="21.604390000000002">
    <ele>121.04</ele>
   </trkpt>
   <trkpt lat="53.789590000000004" lon="21.604000000000003">
    <ele>121.57000000000001</ele>
   </trkpt>
   <trkpt lat="53.78999500263274" lon="21.604779992666106">
    <ele>121.83</ele>
   </trkpt>
   <trkpt lat="53.790400000000005" lon="21.60556">
    <ele>123.34</ele>
   </trkpt>
   <trkpt lat="53.790620000000004" lon="21.60592">
    <ele>123.14000000000001</ele>
   </trkpt>
   <trkpt lat="53.791070000000005" lon="21.605990000000002">
    <ele>124.93</ele>
   </trkpt>
   <trkpt lat="53.79173" lon="21.60629">
    <ele>128.32999999999998</ele>
   </trkpt>
   <trkpt lat="53.79204000000001" lon="21.606360000000002">
    <ele>129.15</ele>
   </trkpt>
   <trkpt lat="53.79251000007498" lon="21.606225001512907">
    <ele>129.07000000000002</ele>
   </trkpt>
   <trkpt lat="53.79298000000001" lon="21.606090000000002">
    <ele>128.84</ele>
   </trkpt>
   <trkpt lat="53.79355000017761" lon="21.605945001947546">
    <ele>127.74000000000002</ele>
   </trkpt>
   <trkpt lat="53.79412000000001" lon="21.605800000000002">
    <ele>126.72</ele>
   </trkpt>
   <trkpt lat="53.793803346323394" lon="21.607050018906087">
    <ele>123.17000000000002</ele>
   </trkpt>
   <trkpt lat="53.79348667964858" lon="21.608300018937896">
    <ele>120.53000000000002</ele>
   </trkpt>
   <trkpt lat="53.79317" lon="21.609550000000002">
    <ele>119.53000000000002</ele>
   </trkpt>
   <trkpt lat="53.79309000000001" lon="21.610120000000002">
    <ele>119.77000000000001</ele>
   </trkpt>
   <trkpt lat="53.793040000000005" lon="21.61088">
    <ele>120.63000000000001</ele>
   </trkpt>
   <trkpt lat="53.79308" lon="21.61135">
    <ele>121.47000000000001</ele>
   </trkpt>
   <trkpt lat="53.793350000000004" lon="21.612560000000002">
    <ele>121.24000000000001</ele>
   </trkpt>
   <trkpt lat="53.79370668133211" lon="21.61388664419404">
    <ele>121.16</ele>
   </trkpt>
   <trkpt lat="53.794063348023116" lon="21.6152133109508">
    <ele>122.27</ele>
   </trkpt>
   <trkpt lat="53.79442" lon="21.61654">
    <ele>122.65</ele>
   </trkpt>
   <trkpt lat="53.794720000000005" lon="21.617420000000003">
    <ele>122.36000000000001</ele>
   </trkpt>
   <trkpt lat="53.7950500032128" lon="21.61829999305435">
    <ele>122.46000000000001</ele>
   </trkpt>
   <trkpt lat="53.79538" lon="21.61918">
    <ele>121.70000000000002</ele>
   </trkpt>
   <trkpt lat="53.79570000842048" lon="21.62018665127594">
    <ele>122.09</ele>
   </trkpt>
   <trkpt lat="53.79602000841125" lon="21.621193317913306">
    <ele>121.8</ele>
   </trkpt>
   <trkpt lat="53.79634000000001" lon="21.622200000000003">
    <ele>118.41000000000001</ele>
   </trkpt>
   <trkpt lat="53.79660000204014" lon="21.62290999544398">
    <ele>117.56</ele>
   </trkpt>
   <trkpt lat="53.79686" lon="21.623620000000003">
    <ele>117.5</ele>
   </trkpt>
   <trkpt lat="53.796850000000006" lon="21.62359">
    <ele>117.06</ele>
   </trkpt>
   <trkpt lat="53.797160000000005" lon="21.624450000000003">
    <ele>116.93</ele>
   </trkpt>
   <trkpt lat="53.79724" lon="21.624930000000003">
    <ele>116.86</ele>
   </trkpt>
   <trkpt lat="53.7973480362446" lon="21.626405984798616">
    <ele>116.18</ele>
   </trkpt>
   <trkpt lat="53.79745605436722" lon="21.627881977201117">
    <ele>116.66000000000001</ele>
   </trkpt>
   <trkpt lat="53.797564054367676" lon="21.629357977206304">
    <ele>117.13000000000001</ele>
   </trkpt>
   <trkpt lat="53.797672036245814" lon="21.63083398481297">
    <ele>116.9</ele>
   </trkpt>
   <trkpt lat="53.79778" lon="21.63231">
    <ele>116.42</ele>
   </trkpt>
   <trkpt lat="53.79784000000001" lon="21.63269">
    <ele>116.41000000000001</ele>
   </trkpt>
   <trkpt lat="53.79796" lon="21.63288">
    <ele>116.30000000000001</ele>
   </trkpt>
   <trkpt lat="53.798640000000006" lon="21.633670000000002">
    <ele>116.62000000000002</ele>
   </trkpt>
   <trkpt lat="53.79883" lon="21.633940000000003">
    <ele>116.4</ele>
   </trkpt>
   <trkpt lat="53.798970000000004" lon="21.634420000000002">
    <ele>116.26000000000002</ele>
   </trkpt>
   <trkpt lat="53.799020000000006" lon="21.634780000000003">
    <ele>116.21000000000001</ele>
   </trkpt>
   <trkpt lat="53.79901" lon="21.63512">
    <ele>116.28</ele>
   </trkpt>
   <trkpt lat="53.79894" lon="21.63566">
    <ele>116.74000000000001</ele>
   </trkpt>
   <trkpt lat="53.798730000000006" lon="21.636660000000003">
    <ele>116.58</ele>
   </trkpt>
   <trkpt lat="53.798660000000005" lon="21.63763">
    <ele>116.48000000000002</ele>
   </trkpt>
   <trkpt lat="53.798680000000004" lon="21.638260000000002">
    <ele>116.67</ele>
   </trkpt>
   <trkpt lat="53.79867" lon="21.638910000000003">
    <ele>116.94000000000001</ele>
   </trkpt>
   <trkpt lat="53.798585004897774" lon="21.639995002179788">
    <ele>116.58</ele>
   </trkpt>
   <trkpt lat="53.798500000000004" lon="21.641080000000002">
    <ele>116.68</ele>
   </trkpt>
   <trkpt lat="53.79844000000001" lon="21.6417">
    <ele>116.89</ele>
   </trkpt>
   <trkpt lat="53.79816500321595" lon="21.642575005637294">
    <ele>117.0</ele>
   </trkpt>
   <trkpt lat="53.79789" lon="21.64345">
    <ele>117.33</ele>
   </trkpt>
   <trkpt lat="53.79768000217187" lon="21.64418000381032">
    <ele>117.4</ele>
   </trkpt>
   <trkpt lat="53.797470000000004" lon="21.644910000000003">
    <ele>117.35000000000001</ele>
   </trkpt>
   <trkpt lat="53.79739000000001" lon="21.645300000000002">
    <ele>117.38000000000001</ele>
   </trkpt>
   <trkpt lat="53.797290000000004" lon="21.645950000000003">
    <ele>117.69</ele>
   </trkpt>
   <trkpt lat="53.797270000000005" lon="21.646690000000003">
    <ele>118.21000000000001</ele>
   </trkpt>
   <trkpt lat="53.797320000000006" lon="21.64758">
    <ele>118.47</ele>
   </trkpt>
   <trkpt lat="53.797380000000004" lon="21.64806">
    <ele>118.51</ele>
   </trkpt>
   <trkpt lat="53.79751" lon="21.64854">
    <ele>118.33</ele>
   </trkpt>
   <trkpt lat="53.79774000196286" lon="21.649204996710157">
    <ele>118.63000000000001</ele>
   </trkpt>
   <trkpt lat="53.79797000000001" lon="21.649870000000004">
    <ele>118.57000000000001</ele>
   </trkpt>
   <trkpt lat="53.79821500187823" lon="21.650539996116375">
    <ele>118.34000000000002</ele>
   </trkpt>
   <trkpt lat="53.798460000000006" lon="21.651210000000003">
    <ele>118.35000000000001</ele>
   </trkpt>
   <trkpt lat="53.798590000000004" lon="21.65172">
    <ele>118.39</ele>
   </trkpt>
   <trkpt lat="53.79869000000001" lon="21.652260000000002">
    <ele>118.37</ele>
   </trkpt>
   <trkpt lat="53.79874" lon="21.65283">
    <ele>118.79</ele>
   </trkpt>
   <trkpt lat="53.798750000000005" lon="21.65342">
    <ele>118.97</ele>
   </trkpt>
   <trkpt lat="53.79869334775224" lon="21.654736670265837">
    <ele>118.99000000000001</ele>
   </trkpt>
   <trkpt lat="53.79863668108379" lon="21.6560533369738">
    <ele>119.58</ele>
   </trkpt>
   <trkpt lat="53.79858" lon="21.65737">
    <ele>119.92000000000002</ele>
   </trkpt>
   <trkpt lat="53.7986833462623" lon="21.65861666053371">
    <ele>120.08</ele>
   </trkpt>
   <trkpt lat="53.79878667959659" lon="21.659863327211514">
    <ele>120.33</ele>
   </trkpt>
   <trkpt lat="53.79889000000001" lon="21.66111">
    <ele>121.60000000000001</ele>
   </trkpt>
   <trkpt lat="53.799017521248956" lon="21.662414988094145">
    <ele>123.04</ele>
   </trkpt>
   <trkpt lat="53.79914502833187" lon="21.663719984124484">
    <ele>125.98</ele>
   </trkpt>
   <trkpt lat="53.79927252124864" lon="21.665024988090227">
    <ele>128.32000000000002</ele>
   </trkpt>
   <trkpt lat="53.799400000000006" lon="21.666330000000002">
    <ele>126.59</ele>
   </trkpt>
   <trkpt lat="53.79957" lon="21.667430000000003">
    <ele>124.06</ele>
   </trkpt>
   <trkpt lat="53.79984837409152" lon="21.668829953536648">
    <ele>122.46000000000001</ele>
   </trkpt>
   <trkpt lat="53.800126731880276" lon="21.67022992565956">
    <ele>122.48</ele>
   </trkpt>
   <trkpt lat="53.80040507336591" lon="21.671629916368083">
    <ele>123.19000000000001</ele>
   </trkpt>
   <trkpt lat="53.800683398548024" lon="21.673029925661567">
    <ele>123.81</ele>
   </trkpt>
   <trkpt lat="53.80096170742624" lon="21.674429953539356">
    <ele>124.25000000000001</ele>
   </trkpt>
   <trkpt lat="53.80124000000001" lon="21.67583">
    <ele>124.88</ele>
   </trkpt>
   <trkpt lat="53.80143" lon="21.676710000000003">
    <ele>125.03</ele>
   </trkpt>
   <trkpt lat="53.801670001837955" lon="21.677384995976276">
    <ele>125.82000000000001</ele>
   </trkpt>
   <trkpt lat="53.80191000000001" lon="21.678060000000002">
    <ele>125.91000000000003</ele>
   </trkpt>
   <trkpt lat="53.80236000000001" lon="21.678980000000003">
    <ele>126.31</ele>
   </trkpt>
   <trkpt lat="53.80224334710748" lon="21.680266673786328">
    <ele>124.37</ele>
   </trkpt>
   <trkpt lat="53.802126680444395" lon="21.6815533404131">
    <ele>121.99000000000001</ele>
   </trkpt>
   <trkpt lat="53.80201" lon="21.682840000000002">
    <ele>119.93</ele>
   </trkpt>
   <trkpt lat="53.80201" lon="21.682830000000003">
    <ele>119.93</ele>
   </trkpt>
   <trkpt lat="53.801970000000004" lon="21.683280000000003">
    <ele>120.17000000000002</ele>
   </trkpt>
   <trkpt lat="53.80185" lon="21.68399">
    <ele>122.49000000000001</ele>
   </trkpt>
   <trkpt lat="53.80187" lon="21.68409">
    <ele>122.49000000000001</ele>
   </trkpt>
   <trkpt lat="53.802400000000006" lon="21.684350000000002">
    <ele>123.7</ele>
   </trkpt>
   <trkpt lat="53.80298000017084" lon="21.684539997378568">
    <ele>125.15</ele>
   </trkpt>
   <trkpt lat="53.803560000000004" lon="21.684730000000002">
    <ele>122.77</ele>
   </trkpt>
   <trkpt lat="53.8038" lon="21.685470000000002">
    <ele>122.49000000000001</ele>
   </trkpt>
   <trkpt lat="53.804120000000005" lon="21.68636">
    <ele>123.18</ele>
   </trkpt>
   <trkpt lat="53.804170000000006" lon="21.686680000000003">
    <ele>122.85000000000001</ele>
   </trkpt>
   <trkpt lat="53.80413000000001" lon="21.687">
    <ele>122.19</ele>
   </trkpt>
   <trkpt lat="53.80393" lon="21.687700000000003">
    <ele>121.55</ele>
   </trkpt>
   <trkpt lat="53.803740000000005" lon="21.68861">
    <ele>121.12</ele>
   </trkpt>
   <trkpt lat="53.803700000000006" lon="21.68907">
    <ele>121.08</ele>
   </trkpt>
   <trkpt lat="53.80389" lon="21.690140000000003">
    <ele>120.87</ele>
   </trkpt>
   <trkpt lat="53.80387" lon="21.69031">
    <ele>121.06000000000002</ele>
   </trkpt>
   <trkpt lat="53.803450000000005" lon="21.69134">
    <ele>120.71000000000001</ele>
   </trkpt>
   <trkpt lat="53.80312000000001" lon="21.692480000000003">
    <ele>120.83</ele>
   </trkpt>
   <trkpt lat="53.802725013764984" lon="21.693530029650113">
    <ele>121.29</ele>
   </trkpt>
   <trkpt lat="53.802330018359136" lon="21.694580039517334">
    <ele>120.54</ele>
   </trkpt>
   <trkpt lat="53.80193501378276" lon="21.69563002960186">
    <ele>120.35000000000001</ele>
   </trkpt>
   <trkpt lat="53.80154" lon="21.69668">
    <ele>121.24000000000001</ele>
   </trkpt>
   <trkpt lat="53.8012" lon="21.698030000000003">
    <ele>121.02000000000001</ele>
   </trkpt>
   <trkpt lat="53.800965001886766" lon="21.698700003698477">
    <ele>121.71000000000001</ele>
   </trkpt>
   <trkpt lat="53.80073" lon="21.699370000000002">
    <ele>121.58</ele>
   </trkpt>
   <trkpt lat="53.800330004512944" lon="21.70041000988275">
    <ele>121.92000000000002</ele>
   </trkpt>
   <trkpt lat="53.79993" lon="21.70145">
    <ele>122.27</ele>
   </trkpt>
   <trkpt lat="53.79962500161354" lon="21.702090004843757">
    <ele>120.51</ele>
   </trkpt>
   <trkpt lat="53.79932" lon="21.702730000000003">
    <ele>117.99000000000001</ele>
   </trkpt>
   <trkpt lat="53.79919" lon="21.703390000000002">
    <ele>118.23000000000002</ele>
   </trkpt>
   <trkpt lat="53.79920000559608" lon="21.704549999673898">
    <ele>118.36</ele>
   </trkpt>
   <trkpt lat="53.79921" lon="21.705710000000003">
    <ele>118.21000000000001</ele>
   </trkpt>
   <trkpt lat="53.799260000000004" lon="21.70691">
    <ele>117.57000000000001</ele>
   </trkpt>
   <trkpt lat="53.79925000000001" lon="21.70692">
    <ele>119.0</ele>
   </trkpt>
   <trkpt lat="53.79927000000001" lon="21.707140000000003">
    <ele>118.97</ele>
   </trkpt>
   <trkpt lat="53.799150000000004" lon="21.70814">
    <ele>118.5</ele>
   </trkpt>
   <trkpt lat="53.799110000000006" lon="21.70906">
    <ele>118.41000000000001</ele>
   </trkpt>
   <trkpt lat="53.79907000000001" lon="21.70934">
    <ele>118.63000000000001</ele>
   </trkpt>
   <trkpt lat="53.7989" lon="21.71011">
    <ele>118.76</ele>
   </trkpt>
   <trkpt lat="53.798840000000006" lon="21.710620000000002">
    <ele>118.76</ele>
   </trkpt>
   <trkpt lat="53.798860000000005" lon="21.71148">
    <ele>119.37</ele>
   </trkpt>
   <trkpt lat="53.79898334485589" lon="21.712656659798746">
    <ele>120.79</ele>
   </trkpt>
   <trkpt lat="53.79910667819486" lon="21.713833326518973">
    <ele>123.24000000000001</ele>
   </trkpt>
   <trkpt lat="53.79923" lon="21.715010000000003">
    <ele>128.64000000000001</ele>
   </trkpt>
   <trkpt lat="53.79921" lon="21.715380000000003">
    <ele>129.9</ele>
   </trkpt>
   <trkpt lat="53.79907000000001" lon="21.71612">
    <ele>130.97</ele>
   </trkpt>
   <trkpt lat="53.79899500781509" lon="21.717490002289086">
    <ele>133.13</ele>
   </trkpt>
   <trkpt lat="53.79892" lon="21.718860000000003">
    <ele>131.04000000000002</ele>
   </trkpt>
   <trkpt lat="53.798910003039985" lon="21.719715000242978">
    <ele>132.22</ele>
   </trkpt>
   <trkpt lat="53.7989" lon="21.720570000000002">
    <ele>132.48000000000002</ele>
   </trkpt>
   <trkpt lat="53.798865002975695" lon="21.721415000561063">
    <ele>132.84</ele>
   </trkpt>
   <trkpt lat="53.79883" lon="21.722260000000002">
    <ele>134.5</ele>
   </trkpt>
   <trkpt lat="53.798805003125906" lon="21.723125000033793">
    <ele>134.78</ele>
   </trkpt>
   <trkpt lat="53.79878000000001" lon="21.72399">
    <ele>133.94</ele>
   </trkpt>
   <trkpt lat="53.79847" lon="21.72418">
    <ele>133.56</ele>
   </trkpt>
   <trkpt lat="53.79802" lon="21.724600000000002">
    <ele>133.66</ele>
   </trkpt>
   <trkpt lat="53.79791" lon="21.7249">
    <ele>133.36</ele>
   </trkpt>
   <trkpt lat="53.797900000000006" lon="21.72528">
    <ele>132.82000000000002</ele>
   </trkpt>
   <trkpt lat="53.79793" lon="21.726260000000003">
    <ele>131.56</ele>
   </trkpt>
   <trkpt lat="53.79791500502999" lon="21.72736000058466">
    <ele>132.70000000000002</ele>
   </trkpt>
   <trkpt lat="53.797900000000006" lon="21.728460000000002">
    <ele>128.64000000000001</ele>
   </trkpt>
   <trkpt lat="53.79787" lon="21.729200000000002">
    <ele>126.54</ele>
   </trkpt>
   <trkpt lat="53.79778" lon="21.73016">
    <ele>125.34</ele>
   </trkpt>
   <trkpt lat="53.797760000000004" lon="21.73083">
    <ele>124.23</ele>
   </trkpt>
   <trkpt lat="53.79777000000001" lon="21.73128">
    <ele>123.88</ele>
   </trkpt>
   <trkpt lat="53.797850000000004" lon="21.73185">
    <ele>123.66</ele>
   </trkpt>
   <trkpt lat="53.79741000092601" lon="21.73234000522177">
    <ele>121.97000000000001</ele>
   </trkpt>
   <trkpt lat="53.79697" lon="21.732830000000003">
    <ele>120.77000000000001</ele>
   </trkpt>
   <trkpt lat="53.79645000200638" lon="21.733530008721747">
    <ele>120.95000000000002</ele>
   </trkpt>
   <trkpt lat="53.795930000000006" lon="21.73423">
    <ele>122.03000000000002</ele>
   </trkpt>
   <trkpt lat="53.79572" lon="21.7347">
    <ele>122.92000000000002</ele>
   </trkpt>
   <trkpt lat="53.79567" lon="21.73524">
    <ele>123.51</ele>
   </trkpt>
   <trkpt lat="53.79574" lon="21.73616">
    <ele>125.58</ele>
   </trkpt>
   <trkpt lat="53.7959" lon="21.737550000000002">
    <ele>126.4</ele>
   </trkpt>
   <trkpt lat="53.79605501767701" lon="21.738739986862164">
    <ele>127.0</ele>
   </trkpt>
   <trkpt lat="53.79621002357434" lon="21.739929982520774">
    <ele>125.98</ele>
   </trkpt>
   <trkpt lat="53.79636501769182" lon="21.741119986975292">
    <ele>124.18</ele>
   </trkpt>
   <trkpt lat="53.79652" lon="21.742310000000003">
    <ele>123.88</ele>
   </trkpt>
   <trkpt lat="53.796620000000004" lon="21.74377">
    <ele>125.59</ele>
   </trkpt>
   <trkpt lat="53.796600000000005" lon="21.74433">
    <ele>123.82000000000001</ele>
   </trkpt>
   <trkpt lat="53.79651500437744" lon="21.7453550019851">
    <ele>122.51</ele>
   </trkpt>
   <trkpt lat="53.79643" lon="21.746380000000002">
    <ele>122.19</ele>
   </trkpt>
   <trkpt lat="53.796380000000006" lon="21.747200000000003">
    <ele>122.23</ele>
   </trkpt>
   <trkpt lat="53.79639" lon="21.74811">
    <ele>122.12</ele>
   </trkpt>
   <trkpt lat="53.79647000000001" lon="21.749460000000003">
    <ele>119.83</ele>
   </trkpt>
   <trkpt lat="53.7964700026953" lon="21.75026500030812">
    <ele>118.68</ele>
   </trkpt>
   <trkpt lat="53.79647000000001" lon="21.751070000000002">
    <ele>120.24000000000001</ele>
   </trkpt>
   <trkpt lat="53.79638500868312" lon="21.752515002954027">
    <ele>119.87</ele>
   </trkpt>
   <trkpt lat="53.7963" lon="21.753960000000003">
    <ele>117.36</ele>
   </trkpt>
   <trkpt lat="53.79623" lon="21.75486">
    <ele>117.80000000000001</ele>
   </trkpt>
   <trkpt lat="53.79616000000001" lon="21.75515">
    <ele>117.80000000000001</ele>
   </trkpt>
   <trkpt lat="53.79583667722604" lon="21.756276684038465">
    <ele>119.98</ele>
   </trkpt>
   <trkpt lat="53.79551334389255" lon="21.757403350705403">
    <ele>121.20000000000002</ele>
   </trkpt>
   <trkpt lat="53.795190000000005" lon="21.75853">
    <ele>122.53000000000002</ele>
   </trkpt>
   <trkpt lat="53.794990000000006" lon="21.758960000000002">
    <ele>121.87</ele>
   </trkpt>
   <trkpt lat="53.79430000000001" lon="21.759870000000003">
    <ele>118.49000000000001</ele>
   </trkpt>
   <trkpt lat="53.79381000000001" lon="21.76031">
    <ele>118.03</ele>
   </trkpt>
   <trkpt lat="53.7933650002715" lon="21.760525002242712">
    <ele>117.99000000000001</ele>
   </trkpt>
   <trkpt lat="53.79292" lon="21.760740000000002">
    <ele>117.68</ele>
   </trkpt>
   <trkpt lat="53.79231000000001" lon="21.761100000000003">
    <ele>118.02000000000001</ele>
   </trkpt>
   <trkpt lat="53.79184000000001" lon="21.76151">
    <ele>119.10000000000001</ele>
   </trkpt>
   <trkpt lat="53.79130000000001" lon="21.7621">
    <ele>119.09000000000002</ele>
   </trkpt>
   <trkpt lat="53.79093" lon="21.762610000000002">
    <ele>118.52000000000001</ele>
   </trkpt>
   <trkpt lat="53.79056500173501" lon="21.763260005695592">
    <ele>118.31000000000002</ele>
   </trkpt>
   <trkpt lat="53.790200000000006" lon="21.763910000000003">
    <ele>117.99000000000001</ele>
   </trkpt>
   <trkpt lat="53.790000000000006" lon="21.764310000000002">
    <ele>117.79</ele>
   </trkpt>
   <trkpt lat="53.7898200026524" lon="21.76510000314218">
    <ele>117.33</ele>
   </trkpt>
   <trkpt lat="53.789640000000006" lon="21.765890000000002">
    <ele>117.44</ele>
   </trkpt>
   <trkpt lat="53.7899" lon="21.76602">
    <ele>117.44</ele>
   </trkpt>
   <trkpt lat="53.789840000000005" lon="21.766370000000002">
    <ele>117.34000000000002</ele>
   </trkpt>
   <trkpt lat="53.789930000000005" lon="21.76651">
    <ele>117.34000000000002</ele>
   </trkpt>
   <trkpt lat="53.79027000000001" lon="21.76668">
    <ele>117.36</ele>
   </trkpt>
   <trkpt lat="53.79037" lon="21.76704">
    <ele>117.03</ele>
   </trkpt>
   <trkpt lat="53.790400000000005" lon="21.767390000000002">
    <ele>116.93</ele>
   </trkpt>
   <trkpt lat="53.79041" lon="21.76779">
    <ele>116.29</ele>
   </trkpt>
   <trkpt lat="53.79027000000001" lon="21.768610000000002">
    <ele>116.01000000000002</ele>
   </trkpt>
   <trkpt lat="53.790240000000004" lon="21.76939">
    <ele>115.85000000000001</ele>
   </trkpt>
   <trkpt lat="53.79025000000001" lon="21.770010000000003">
    <ele>115.74000000000001</ele>
   </trkpt>
   <trkpt lat="53.7903" lon="21.77026">
    <ele>115.74000000000001</ele>
   </trkpt>
   <trkpt lat="53.79059" lon="21.77101">
    <ele>115.97</ele>
   </trkpt>
   <trkpt lat="53.791050002509" lon="21.771794991299263">
    <ele>116.63000000000001</ele>
   </trkpt>
   <trkpt lat="53.79151" lon="21.77258">
    <ele>117.10000000000001</ele>
   </trkpt>
   <trkpt lat="53.79167" lon="21.773130000000002">
    <ele>117.04</ele>
   </trkpt>
   <trkpt lat="53.79173" lon="21.77363">
    <ele>116.9</ele>
   </trkpt>
   <trkpt lat="53.79161500349933" lon="21.77455000269217">
    <ele>118.47</ele>
   </trkpt>
   <trkpt lat="53.791500000000006" lon="21.775470000000002">
    <ele>119.47</ele>
   </trkpt>
   <trkpt lat="53.79128000000001" lon="21.77645">
    <ele>116.76</ele>
   </trkpt>
   <trkpt lat="53.79121000000001" lon="21.776980000000002">
    <ele>115.55000000000001</ele>
   </trkpt>
   <trkpt lat="53.79130000000001" lon="21.777530000000002">
    <ele>115.17</ele>
   </trkpt>
   <trkpt lat="53.79148000000001" lon="21.778010000000002">
    <ele>115.14</ele>
   </trkpt>
   <trkpt lat="53.79184000000001" lon="21.77841">
    <ele>115.67</ele>
   </trkpt>
   <trkpt lat="53.791920000000005" lon="21.77868">
    <ele>116.19000000000001</ele>
   </trkpt>
   <trkpt lat="53.792" lon="21.780060000000002">
    <ele>120.07000000000001</ele>
   </trkpt>
   <trkpt lat="53.792175003818656" lon="21.781019995914303">
    <ele>118.29</ele>
   </trkpt>
   <trkpt lat="53.792350000000006" lon="21.78198">
    <ele>118.27000000000001</ele>
   </trkpt>
   <trkpt lat="53.79260000000001" lon="21.78292">
    <ele>115.64</ele>
   </trkpt>
   <trkpt lat="53.7928700021962" lon="21.78362999569124">
    <ele>115.37000000000002</ele>
   </trkpt>
   <trkpt lat="53.79314" lon="21.78434">
    <ele>115.05000000000001</ele>
   </trkpt>
   <trkpt lat="53.793310000000005" lon="21.784650000000003">
    <ele>115.34</ele>
   </trkpt>
   <trkpt lat="53.79384" lon="21.785290000000003">
    <ele>116.22</ele>
   </trkpt>
   <trkpt lat="53.79419000000001" lon="21.78546">
    <ele>115.94000000000001</ele>
   </trkpt>
   <trkpt lat="53.79448000000001" lon="21.785800000000002">
    <ele>115.82000000000001</ele>
   </trkpt>
   <trkpt lat="53.79484000000001" lon="21.786360000000002">
    <ele>115.71000000000001</ele>
   </trkpt>
   <trkpt lat="53.79496" lon="21.786610000000003">
    <ele>115.71000000000001</ele>
   </trkpt>
   <trkpt lat="53.795080000000006" lon="21.787070000000003">
    <ele>115.82000000000001</ele>
   </trkpt>
   <trkpt lat="53.79518" lon="21.787280000000003">
    <ele>115.82000000000001</ele>
   </trkpt>
   <trkpt lat="53.79603" lon="21.787770000000002">
    <ele>116.12000000000002</ele>
   </trkpt>
   <trkpt lat="53.796200000000006" lon="21.78799">
    <ele>116.31</ele>
   </trkpt>
   <trkpt lat="53.796640000000004" lon="21.78893">
    <ele>116.17</ele>
   </trkpt>
   <trkpt lat="53.79684" lon="21.78913">
    <ele>116.37000000000002</ele>
   </trkpt>
   <trkpt lat="53.79730000000001" lon="21.78937">
    <ele>116.5</ele>
   </trkpt>
   <trkpt lat="53.79764" lon="21.7895">
    <ele>116.53</ele>
   </trkpt>
   <trkpt lat="53.798030000000004" lon="21.789540000000002">
    <ele>116.84000000000002</ele>
   </trkpt>
   <trkpt lat="53.79818" lon="21.78949">
    <ele>116.84000000000002</ele>
   </trkpt>
   <trkpt lat="53.79856" lon="21.78937">
    <ele>117.09000000000002</ele>
   </trkpt>
   <trkpt lat="53.79937" lon="21.788980000000002">
    <ele>117.12000000000002</ele>
   </trkpt>
   <trkpt lat="53.79966" lon="21.78875">
    <ele>116.98000000000002</ele>
   </trkpt>
   <trkpt lat="53.79984" lon="21.788390000000003">
    <ele>117.15</ele>
   </trkpt>
   <trkpt lat="53.80012000000001" lon="21.787920000000003">
    <ele>118.11</ele>
   </trkpt>
   <trkpt lat="53.800480002253515" lon="21.787205005885493">
    <ele>117.53</ele>
   </trkpt>
   <trkpt lat="53.80084" lon="21.78649">
    <ele>117.03</ele>
   </trkpt>
   <trkpt lat="53.801230000000004" lon="21.78546">
    <ele>117.03</ele>
   </trkpt>
   <trkpt lat="53.80136" lon="21.784740000000003">
    <ele>117.42</ele>
   </trkpt>
   <trkpt lat="53.801370000000006" lon="21.784380000000002">
    <ele>117.5</ele>
   </trkpt>
   <trkpt lat="53.80143" lon="21.784110000000002">
    <ele>117.36</ele>
   </trkpt>
   <trkpt lat="53.801520000000004" lon="21.78378">
    <ele>116.9</ele>
   </trkpt>
   <trkpt lat="53.801790000000004" lon="21.7831">
    <ele>116.87000000000002</ele>
   </trkpt>
   <trkpt lat="53.801990002363915" lon="21.78234500362681">
    <ele>116.99000000000001</ele>
   </trkpt>
   <trkpt lat="53.80219" lon="21.78159">
    <ele>118.37</ele>
   </trkpt>
   <trkpt lat="53.802600000000005" lon="21.780410000000003">
    <ele>119.64000000000001</ele>
   </trkpt>
   <trkpt lat="53.802710000000005" lon="21.7802">
    <ele>119.16000000000001</ele>
   </trkpt>
   <trkpt lat="53.802890000000005" lon="21.78001">
    <ele>118.65</ele>
   </trkpt>
   <trkpt lat="53.803520000000006" lon="21.779580000000003">
    <ele>117.78</ele>
   </trkpt>
   <trkpt lat="53.803760000000004" lon="21.77933">
    <ele>117.30000000000001</ele>
   </trkpt>
   <trkpt lat="53.803940000000004" lon="21.778830000000003">
    <ele>116.58</ele>
   </trkpt>
   <trkpt lat="53.80415000000001" lon="21.77805">
    <ele>116.44000000000001</ele>
   </trkpt>
   <trkpt lat="53.80451000000001" lon="21.776850000000003">
    <ele>116.93</ele>
   </trkpt>
   <trkpt lat="53.804590000000005" lon="21.776760000000003">
    <ele>117.23000000000002</ele>
   </trkpt>
   <trkpt lat="53.804660000000005" lon="21.77673">
    <ele>117.49000000000001</ele>
   </trkpt>
   <trkpt lat="53.804770000000005" lon="21.776770000000003">
    <ele>117.86</ele>
   </trkpt>
   <trkpt lat="53.80539000100787" lon="21.77727499248912">
    <ele>119.61</ele>
   </trkpt>
   <trkpt lat="53.80601000000001" lon="21.777780000000003">
    <ele>122.61000000000001</ele>
   </trkpt>
   <trkpt lat="53.80655500082052" lon="21.77819499468454">
    <ele>122.47000000000001</ele>
   </trkpt>
   <trkpt lat="53.807100000000005" lon="21.77861">
    <ele>122.17000000000002</ele>
   </trkpt>
   <trkpt lat="53.807831673902626" lon="21.7791999485114">
    <ele>120.33</ele>
   </trkpt>
   <trkpt lat="53.808563344910354" lon="21.779789917616053">
    <ele>118.61</ele>
   </trkpt>
   <trkpt lat="53.809295013023025" lon="21.780379907315144">
    <ele>119.57000000000001</ele>
   </trkpt>
   <trkpt lat="53.810026678240426" lon="21.780969917609866">
    <ele>119.14</ele>
   </trkpt>
   <trkpt lat="53.810758340562394" lon="21.781559948501403">
    <ele>118.77000000000001</ele>
   </trkpt>
   <trkpt lat="53.811490000000006" lon="21.78215">
    <ele>120.25000000000001</ele>
   </trkpt>
   <trkpt lat="53.812180000000005" lon="21.78273">
    <ele>121.63000000000001</ele>
   </trkpt>
   <trkpt lat="53.81289000239826" lon="21.783489987122195">
    <ele>122.88000000000001</ele>
   </trkpt>
   <trkpt lat="53.8136" lon="21.78425">
    <ele>124.66000000000001</ele>
   </trkpt>
   <trkpt lat="53.81391000000001" lon="21.784550000000003">
    <ele>125.63000000000002</ele>
   </trkpt>
   <trkpt lat="53.814330000000005" lon="21.785040000000002">
    <ele>126.67</ele>
   </trkpt>
   <trkpt lat="53.81500250342635" lon="21.785564974718223">
    <ele>125.56</ele>
   </trkpt>
   <trkpt lat="53.81567500456054" lon="21.78608996628411">
    <ele>120.52000000000001</ele>
   </trkpt>
   <trkpt lat="53.81634750340245" lon="21.78661497469855">
    <ele>117.96000000000001</ele>
   </trkpt>
   <trkpt lat="53.81702000000001" lon="21.78714">
    <ele>117.19000000000001</ele>
   </trkpt>
   <trkpt lat="53.81760500107106" lon="21.787619993392187">
    <ele>116.60000000000001</ele>
   </trkpt>
   <trkpt lat="53.81819" lon="21.7881">
    <ele>118.0</ele>
   </trkpt>
   <trkpt lat="53.818310000000004" lon="21.78826">
    <ele>118.46000000000001</ele>
   </trkpt>
   <trkpt lat="53.81848" lon="21.788600000000002">
    <ele>118.46000000000001</ele>
   </trkpt>
   <trkpt lat="53.81848" lon="21.78978">
    <ele>118.25</ele>
   </trkpt>
   <trkpt lat="53.81850000000001" lon="21.789920000000002">
    <ele>118.30000000000001</ele>
   </trkpt>
   <trkpt lat="53.81850000000001" lon="21.789910000000003">
    <ele>118.29</ele>
   </trkpt>
   <trkpt lat="53.818560000000005" lon="21.79034">
    <ele>118.39</ele>
   </trkpt>
   <trkpt lat="53.818090000000005" lon="21.791240000000002">
    <ele>117.76</ele>
   </trkpt>
   <trkpt lat="53.81777" lon="21.79192">
    <ele>117.12000000000002</ele>
   </trkpt>
   <trkpt lat="53.8173414587627" lon="21.793020067491295">
    <ele>119.55</ele>
   </trkpt>
   <trkpt lat="53.81691290746132" lon="21.79412011248425">
    <ele>119.15</ele>
   </trkpt>
   <trkpt lat="53.81648434609626" lon="21.795220134979164">
    <ele>119.11</ele>
   </trkpt>
   <trkpt lat="53.81605577466784" lon="21.79632013497631">
    <ele>118.87</ele>
   </trkpt>
   <trkpt lat="53.81562719317646" lon="21.797420112475972">
    <ele>118.19</ele>
   </trkpt>
   <trkpt lat="53.81519860162247" lon="21.798520067478442">
    <ele>118.48000000000002</ele>
   </trkpt>
   <trkpt lat="53.81477" lon="21.79962">
    <ele>119.04</ele>
   </trkpt>
   <trkpt lat="53.81465000000001" lon="21.800030000000003">
    <ele>119.26</ele>
   </trkpt>
   <trkpt lat="53.814730000000004" lon="21.800330000000002">
    <ele>119.04</ele>
   </trkpt>
   <trkpt lat="53.814890000000005" lon="21.800710000000002">
    <ele>119.04</ele>
   </trkpt>
   <trkpt lat="53.815020000000004" lon="21.80112">
    <ele>118.86</ele>
   </trkpt>
   <trkpt lat="53.81492000000001" lon="21.80123">
    <ele>118.36</ele>
   </trkpt>
   <trkpt lat="53.81452" lon="21.80114">
    <ele>118.08</ele>
   </trkpt>
   <trkpt lat="53.81425" lon="21.80121">
    <ele>118.08</ele>
   </trkpt>
   <trkpt lat="53.814020000000006" lon="21.8013">
    <ele>117.61</ele>
   </trkpt>
   <trkpt lat="53.81378" lon="21.80148">
    <ele>116.87000000000002</ele>
   </trkpt>
   <trkpt lat="53.813210002202865" lon="21.802210009944382">
    <ele>117.79</ele>
   </trkpt>
   <trkpt lat="53.81264" lon="21.802940000000003">
    <ele>120.16</ele>
   </trkpt>
   <trkpt lat="53.81208" lon="21.80377">
    <ele>119.44</ele>
   </trkpt>
   <trkpt lat="53.81161" lon="21.804370000000002">
    <ele>119.77000000000001</ele>
   </trkpt>
   <trkpt lat="53.811440000000005" lon="21.804630000000003">
    <ele>119.56000000000002</ele>
   </trkpt>
   <trkpt lat="53.811400000000006" lon="21.804840000000002">
    <ele>119.62</ele>
   </trkpt>
   <trkpt lat="53.81141" lon="21.805030000000002">
    <ele>119.63000000000001</ele>
   </trkpt>
   <trkpt lat="53.81148" lon="21.805130000000002">
    <ele>119.63000000000001</ele>
   </trkpt>
   <trkpt lat="53.81199500108718" lon="21.805604994301245">
    <ele>119.31000000000002</ele>
   </trkpt>
   <trkpt lat="53.81251" lon="21.80608">
    <ele>117.94</ele>
   </trkpt>
   <trkpt lat="53.81315000162262" lon="21.806704990454886">
    <ele>117.15</ele>
   </trkpt>
   <trkpt lat="53.813790000000004" lon="21.80733">
    <ele>117.52000000000001</ele>
   </trkpt>
   <trkpt lat="53.81407" lon="21.807740000000003">
    <ele>117.15</ele>
   </trkpt>
   <trkpt lat="53.814170000000004" lon="21.80799">
    <ele>116.9</ele>
   </trkpt>
   <trkpt lat="53.8143300024479" lon="21.8087549971479">
    <ele>116.27000000000001</ele>
   </trkpt>
   <trkpt lat="53.814490000000006" lon="21.809520000000003">
    <ele>117.02000000000001</ele>
   </trkpt>
   <trkpt lat="53.8147" lon="21.810180000000003">
    <ele>118.91000000000001</ele>
   </trkpt>
   <trkpt lat="53.814780000000006" lon="21.810560000000002">
    <ele>119.25</ele>
   </trkpt>
   <trkpt lat="53.81481" lon="21.81098">
    <ele>119.04</ele>
   </trkpt>
   <trkpt lat="53.81469000423387" lon="21.811985002594692">
    <ele>119.67000000000002</ele>
   </trkpt>
   <trkpt lat="53.81457" lon="21.812990000000003">
    <ele>120.25000000000001</ele>
   </trkpt>
   <trkpt lat="53.81456000000001" lon="21.8133">
    <ele>120.22</ele>
   </trkpt>
   <trkpt lat="53.81467000000001" lon="21.814480000000003">
    <ele>118.73000000000002</ele>
   </trkpt>
   <trkpt lat="53.814690000000006" lon="21.814860000000003">
    <ele>118.19</ele>
   </trkpt>
   <trkpt lat="53.814840000000004" lon="21.815710000000003">
    <ele>116.67</ele>
   </trkpt>
   <trkpt lat="53.81483000000001" lon="21.816010000000002">
    <ele>116.7</ele>
   </trkpt>
   <trkpt lat="53.814710000000005" lon="21.817">
    <ele>117.21000000000001</ele>
   </trkpt>
   <trkpt lat="53.81467000000001" lon="21.817700000000002">
    <ele>116.44000000000001</ele>
   </trkpt>
   <trkpt lat="53.814510000000006" lon="21.818730000000002">
    <ele>121.22</ele>
   </trkpt>
   <trkpt lat="53.814400000000006" lon="21.819830000000003">
    <ele>120.45000000000002</ele>
   </trkpt>
   <trkpt lat="53.81432" lon="21.820200000000003">
    <ele>119.47</ele>
   </trkpt>
   <trkpt lat="53.814020000000006" lon="21.821250000000003">
    <ele>118.22</ele>
   </trkpt>
   <trkpt lat="53.81382000000001" lon="21.821800000000003">
    <ele>118.10000000000001</ele>
   </trkpt>
   <trkpt lat="53.81363" lon="21.822210000000002">
    <ele>117.23000000000002</ele>
   </trkpt>
   <trkpt lat="53.813410000000005" lon="21.82263">
    <ele>116.75</ele>
   </trkpt>
   <trkpt lat="53.813230000000004" lon="21.82291">
    <ele>116.7</ele>
   </trkpt>
   <trkpt lat="53.81318" lon="21.823040000000002">
    <ele>116.64</ele>
   </trkpt>
   <trkpt lat="53.813030000000005" lon="21.82374">
    <ele>116.9</ele>
   </trkpt>
   <trkpt lat="53.813010000000006" lon="21.82402">
    <ele>117.31</ele>
   </trkpt>
   <trkpt lat="53.81308000000001" lon="21.82516">
    <ele>118.11</ele>
   </trkpt>
   <trkpt lat="53.81315000000001" lon="21.82562">
    <ele>117.89</ele>
   </trkpt>
   <trkpt lat="53.813250000000004" lon="21.826030000000003">
    <ele>118.48000000000002</ele>
   </trkpt>
   <trkpt lat="53.81338" lon="21.82635">
    <ele>118.95000000000002</ele>
   </trkpt>
   <trkpt lat="53.81353000000001" lon="21.82665">
    <ele>119.09000000000002</ele>
   </trkpt>
   <trkpt lat="53.81369" lon="21.826890000000002">
    <ele>119.13000000000001</ele>
   </trkpt>
   <trkpt lat="53.813860000000005" lon="21.8271">
    <ele>119.0</ele>
   </trkpt>
   <trkpt lat="53.81400000000001" lon="21.82719">
    <ele>119.0</ele>
   </trkpt>
   <trkpt lat="53.814150000000005" lon="21.827240000000003">
    <ele>119.16000000000001</ele>
   </trkpt>
   <trkpt lat="53.81423" lon="21.82729">
    <ele>119.16000000000001</ele>
   </trkpt>
   <trkpt lat="53.81441" lon="21.827450000000002">
    <ele>119.33</ele>
   </trkpt>
   <trkpt lat="53.814530000000005" lon="21.827650000000002">
    <ele>119.87</ele>
   </trkpt>
   <trkpt lat="53.81458000000001" lon="21.827830000000002">
    <ele>119.94</ele>
   </trkpt>
   <trkpt lat="53.81461" lon="21.82804">
    <ele>119.91000000000001</ele>
   </trkpt>
   <trkpt lat="53.81463" lon="21.828550000000003">
    <ele>118.66000000000001</ele>
   </trkpt>
   <trkpt lat="53.81461" lon="21.82898">
    <ele>118.10000000000001</ele>
   </trkpt>
   <trkpt lat="53.814530000000005" lon="21.82957">
    <ele>118.71000000000001</ele>
   </trkpt>
   <trkpt lat="53.814530000000005" lon="21.82985">
    <ele>118.8</ele>
   </trkpt>
   <trkpt lat="53.814550000000004" lon="21.830250000000003">
    <ele>119.21000000000001</ele>
   </trkpt>
   <trkpt lat="53.814800000000005" lon="21.831460000000003">
    <ele>119.29</ele>
   </trkpt>
   <trkpt lat="53.814840000000004" lon="21.832050000000002">
    <ele>119.96000000000001</ele>
   </trkpt>
   <trkpt lat="53.814840000000004" lon="21.83236">
    <ele>120.09000000000002</ele>
   </trkpt>
   <trkpt lat="53.81492000000001" lon="21.833530000000003">
    <ele>119.85000000000001</ele>
   </trkpt>
   <trkpt lat="53.81495" lon="21.833750000000002">
    <ele>119.43</ele>
   </trkpt>
   <trkpt lat="53.815090000000005" lon="21.834280000000003">
    <ele>118.96000000000001</ele>
   </trkpt>
   <trkpt lat="53.81521000000001" lon="21.83461">
    <ele>118.28</ele>
   </trkpt>
   <trkpt lat="53.81537" lon="21.83489">
    <ele>117.95000000000002</ele>
   </trkpt>
   <trkpt lat="53.81550000000001" lon="21.83518">
    <ele>117.63000000000001</ele>
   </trkpt>
   <trkpt lat="53.815540000000006" lon="21.835410000000003">
    <ele>117.66000000000001</ele>
   </trkpt>
   <trkpt lat="53.81550000000001" lon="21.835890000000003">
    <ele>117.87000000000002</ele>
   </trkpt>
   <trkpt lat="53.815340000000006" lon="21.83648">
    <ele>118.45000000000002</ele>
   </trkpt>
   <trkpt lat="53.81535" lon="21.836850000000002">
    <ele>118.93</ele>
   </trkpt>
   <trkpt lat="53.815400000000004" lon="21.837000000000003">
    <ele>119.57000000000001</ele>
   </trkpt>
   <trkpt lat="53.815470000000005" lon="21.837120000000002">
    <ele>119.57000000000001</ele>
   </trkpt>
   <trkpt lat="53.815895000904376" lon="21.83756999550261">
    <ele>118.14</ele>
   </trkpt>
   <trkpt lat="53.816320000000005" lon="21.83802">
    <ele>117.08</ele>
   </trkpt>
   <trkpt lat="53.816430000000004" lon="21.838230000000003">
    <ele>116.95</ele>
   </trkpt>
   <trkpt lat="53.81654" lon="21.838890000000003">
    <ele>116.92</ele>
   </trkpt>
   <trkpt lat="53.81663000620205" lon="21.84010999755371">
    <ele>117.20000000000002</ele>
   </trkpt>
   <trkpt lat="53.816720000000004" lon="21.841330000000003">
    <ele>117.43</ele>
   </trkpt>
   <trkpt lat="53.81669" lon="21.842350000000003">
    <ele>118.56000000000002</ele>
   </trkpt>
   <trkpt lat="53.816750000000006" lon="21.842470000000002">
    <ele>118.92000000000002</ele>
   </trkpt>
   <trkpt lat="53.81647" lon="21.843000000000004">
    <ele>120.20000000000002</ele>
   </trkpt>
   <trkpt lat="53.81647" lon="21.843010000000003">
    <ele>120.05</ele>
   </trkpt>
   <trkpt lat="53.81608000000001" lon="21.84373">
    <ele>122.47000000000001</ele>
   </trkpt>
   <trkpt lat="53.81589" lon="21.843940000000003">
    <ele>123.03000000000002</ele>
   </trkpt>
   <trkpt lat="53.81517" lon="21.84457">
    <ele>124.21000000000001</ele>
   </trkpt>
   <trkpt lat="53.815290000000005" lon="21.84467">
    <ele>124.58000000000001</ele>
   </trkpt>
   <trkpt lat="53.81528" lon="21.844700000000003">
    <ele>124.58000000000001</ele>
   </trkpt>
   <trkpt lat="53.81521000000001" lon="21.84468">
    <ele>124.58000000000001</ele>
   </trkpt>
   <trkpt lat="53.814584006262706" lon="21.845294036690934">
    <ele>124.10000000000001</ele>
   </trkpt>
   <trkpt lat="53.81395800938974" lon="21.845908055039608">
    <ele>122.39000000000001</ele>
   </trkpt>
   <trkpt lat="53.81333200938124" lon="21.846522055046904">
    <ele>119.11</ele>
   </trkpt>
   <trkpt lat="53.812706006237384" lon="21.847136036713692">
    <ele>117.94</ele>
   </trkpt>
   <trkpt lat="53.81208" lon="21.84775">
    <ele>118.41000000000001</ele>
   </trkpt>
   <trkpt lat="53.81275" lon="21.8484">
    <ele>118.37</ele>
   </trkpt>
   <trkpt lat="53.81339000139984" lon="21.848999990747167">
    <ele>118.28</ele>
   </trkpt>
   <trkpt lat="53.81403" lon="21.849600000000002">
    <ele>118.62</ele>
   </trkpt>
   <trkpt lat="53.81421" lon="21.849670000000003">
    <ele>118.21000000000001</ele>
   </trkpt>
   <trkpt lat="53.814460000000004" lon="21.849700000000002">
    <ele>118.09000000000002</ele>
   </trkpt>
   <trkpt lat="53.814890000000005" lon="21.849670000000003">
    <ele>118.08</ele>
   </trkpt>
   <trkpt lat="53.815360000000005" lon="21.84972">
    <ele>118.33</ele>
   </trkpt>
   <trkpt lat="53.815976666668895" lon="21.84974666588175">
    <ele>119.59000000000002</ele>
   </trkpt>
   <trkpt lat="53.816593333331866" lon="21.849773332548242">
    <ele>120.71000000000001</ele>
   </trkpt>
   <trkpt lat="53.81721" lon="21.849800000000002">
    <ele>121.17000000000002</ele>
   </trkpt>
   <trkpt lat="53.81786" lon="21.849860000000003">
    <ele>121.34</ele>
   </trkpt>
   <trkpt lat="53.81855" lon="21.849990000000002">
    <ele>121.33</ele>
   </trkpt>
   <trkpt lat="53.819150000176684" lon="21.850133329230182">
    <ele>120.55</ele>
   </trkpt>
   <trkpt lat="53.819750000182545" lon="21.85027666256484">
    <ele>119.49000000000001</ele>
   </trkpt>
   <trkpt lat="53.820350000000005" lon="21.850420000000003">
    <ele>120.54</ele>
   </trkpt>
   <trkpt lat="53.820780000000006" lon="21.8505">
    <ele>121.46000000000001</ele>
   </trkpt>
   <trkpt lat="53.821280000043515" lon="21.850480000236978">
    <ele>121.60000000000001</ele>
   </trkpt>
   <trkpt lat="53.821780000000004" lon="21.85046">
    <ele>121.88000000000001</ele>
   </trkpt>
   <trkpt lat="53.82253000096705" lon="21.850220017181208">
    <ele>121.96000000000001</ele>
   </trkpt>
   <trkpt lat="53.82328000145513" lon="21.849980025770893">
    <ele>121.99000000000001</ele>
   </trkpt>
   <trkpt lat="53.82403000146426" lon="21.84974002576853">
    <ele>121.65</ele>
   </trkpt>
   <trkpt lat="53.824780000994345" lon="21.84950001717357">
    <ele>121.28000000000002</ele>
   </trkpt>
   <trkpt lat="53.82553000000001" lon="21.84926">
    <ele>121.88000000000001</ele>
   </trkpt>
   <trkpt lat="53.826333333992075" lon="21.84897667753593">
    <ele>122.3</ele>
   </trkpt>
   <trkpt lat="53.82713666731661" lon="21.84869334420595">
    <ele>122.86000000000001</ele>
   </trkpt>
   <trkpt lat="53.827940000000005" lon="21.84841">
    <ele>124.99</ele>
   </trkpt>
   <trkpt lat="53.828680000000006" lon="21.848190000000002">
    <ele>126.03</ele>
   </trkpt>
   <trkpt lat="53.82911000000001" lon="21.84813">
    <ele>125.87</ele>
   </trkpt>
   <trkpt lat="53.82963" lon="21.848110000000002">
    <ele>122.79</ele>
   </trkpt>
   <trkpt lat="53.830130000000004" lon="21.84813">
    <ele>121.11000000000001</ele>
   </trkpt>
   <trkpt lat="53.83075" lon="21.848260000000003">
    <ele>122.18</ele>
   </trkpt>
   <trkpt lat="53.831100000000006" lon="21.848360000000003">
    <ele>122.17000000000002</ele>
   </trkpt>
   <trkpt lat="53.831880000000005" lon="21.84869">
    <ele>121.88000000000001</ele>
   </trkpt>
   <trkpt lat="53.832280000000004" lon="21.84889">
    <ele>122.38000000000001</ele>
   </trkpt>
   <trkpt lat="53.83312" lon="21.849420000000002">
    <ele>125.35000000000001</ele>
   </trkpt>
   <trkpt lat="53.83328" lon="21.849490000000003">
    <ele>126.28</ele>
   </trkpt>
   <trkpt lat="53.833450000000006" lon="21.849490000000003">
    <ele>127.9</ele>
   </trkpt>
   <trkpt lat="53.833980000000004" lon="21.84927">
    <ele>128.74</ele>
   </trkpt>
   <trkpt lat="53.83422" lon="21.84928">
    <ele>127.93</ele>
   </trkpt>
   <trkpt lat="53.834630000000004" lon="21.84944">
    <ele>127.67</ele>
   </trkpt>
   <trkpt lat="53.835190000000004" lon="21.84963">
    <ele>128.31</ele>
   </trkpt>
   <trkpt lat="53.835660000000004" lon="21.849700000000002">
    <ele>130.08</ele>
   </trkpt>
   <trkpt lat="53.83623000000001" lon="21.84955">
    <ele>130.83</ele>
   </trkpt>
   <trkpt lat="53.836670000000005" lon="21.849400000000003">
    <ele>132.09</ele>
   </trkpt>
   <trkpt lat="53.83726000000001" lon="21.84928">
    <ele>132.91</ele>
   </trkpt>
   <trkpt lat="53.83762" lon="21.849140000000002">
    <ele>133.0</ele>
   </trkpt>
   <trkpt lat="53.837790000000005" lon="21.849110000000003">
    <ele>132.70000000000002</ele>
   </trkpt>
   <trkpt lat="53.83803" lon="21.849130000000002">
    <ele>132.04000000000002</ele>
   </trkpt>
   <trkpt lat="53.83847" lon="21.849120000000003">
    <ele>133.34</ele>
   </trkpt>
   <trkpt lat="53.83885000000001" lon="21.84916">
    <ele>136.86</ele>
   </trkpt>
   <trkpt lat="53.83914000000001" lon="21.84926">
    <ele>138.12</ele>
   </trkpt>
   <trkpt lat="53.83937" lon="21.849220000000003">
    <ele>137.9</ele>
   </trkpt>
   <trkpt lat="53.83952000000001" lon="21.849130000000002">
    <ele>137.91</ele>
   </trkpt>
   <trkpt lat="53.83973" lon="21.84896">
    <ele>138.51000000000002</ele>
   </trkpt>
   <trkpt lat="53.83988000000001" lon="21.84888">
    <ele>138.70000000000002</ele>
   </trkpt>
   <trkpt lat="53.839980000000004" lon="21.84887">
    <ele>138.62</ele>
   </trkpt>
   <trkpt lat="53.84037000000001" lon="21.84896">
    <ele>136.98000000000002</ele>
   </trkpt>
   <trkpt lat="53.84051" lon="21.84896">
    <ele>136.70000000000002</ele>
   </trkpt>
   <trkpt lat="53.840720000000005" lon="21.848920000000003">
    <ele>136.75</ele>
   </trkpt>
   <trkpt lat="53.84085" lon="21.848830000000003">
    <ele>137.02</ele>
   </trkpt>
   <trkpt lat="53.84094" lon="21.84869">
    <ele>137.49</ele>
   </trkpt>
   <trkpt lat="53.84125" lon="21.847900000000003">
    <ele>139.11</ele>
   </trkpt>
   <trkpt lat="53.84134" lon="21.847720000000002">
    <ele>139.11</ele>
   </trkpt>
   <trkpt lat="53.84147" lon="21.847530000000003">
    <ele>139.54000000000002</ele>
   </trkpt>
   <trkpt lat="53.842020000000005" lon="21.84683">
    <ele>140.75</ele>
   </trkpt>
   <trkpt lat="53.84232000000001" lon="21.846410000000002">
    <ele>140.23000000000002</ele>
   </trkpt>
   <trkpt lat="53.84292000000001" lon="21.845740000000003">
    <ele>137.24</ele>
   </trkpt>
   <trkpt lat="53.84338" lon="21.845540000000003">
    <ele>133.68</ele>
   </trkpt>
   <trkpt lat="53.84358" lon="21.84542">
    <ele>132.44</ele>
   </trkpt>
   <trkpt lat="53.84384000000001" lon="21.84522">
    <ele>130.76999999999998</ele>
   </trkpt>
   <trkpt lat="53.84411000000001" lon="21.84504">
    <ele>129.57000000000002</ele>
   </trkpt>
   <trkpt lat="53.84489000000001" lon="21.84476">
    <ele>128.82000000000002</ele>
   </trkpt>
   <trkpt lat="53.84550000027375" lon="21.844565002804337">
    <ele>128.79000000000002</ele>
   </trkpt>
   <trkpt lat="53.84611" lon="21.84437">
    <ele>126.58</ele>
   </trkpt>
   <trkpt lat="53.84673" lon="21.84421">
    <ele>127.33</ele>
   </trkpt>
   <trkpt lat="53.847390000000004" lon="21.8441">
    <ele>132.72</ele>
   </trkpt>
   <trkpt lat="53.848240000000004" lon="21.843680000000003">
    <ele>135.94</ele>
   </trkpt>
   <trkpt lat="53.84864" lon="21.84325">
    <ele>136.45000000000002</ele>
   </trkpt>
   <trkpt lat="53.84883000000001" lon="21.843200000000003">
    <ele>137.15</ele>
   </trkpt>
   <trkpt lat="53.84904" lon="21.84327">
    <ele>137.91</ele>
   </trkpt>
   <trkpt lat="53.849320000000006" lon="21.84328">
    <ele>139.25</ele>
   </trkpt>
   <trkpt lat="53.849720000000005" lon="21.84325">
    <ele>142.0</ele>
   </trkpt>
   <trkpt lat="53.850010000000005" lon="21.84306">
    <ele>142.77</ele>
   </trkpt>
   <trkpt lat="53.85040000000001" lon="21.842850000000002">
    <ele>140.65000000000003</ele>
   </trkpt>
   <trkpt lat="53.850570000000005" lon="21.842740000000003">
    <ele>138.97</ele>
   </trkpt>
   <trkpt lat="53.850550000000005" lon="21.84234">
    <ele>140.5</ele>
   </trkpt>
   <trkpt lat="53.85040000000001" lon="21.84156">
    <ele>144.35</ele>
   </trkpt>
   <trkpt lat="53.85031000000001" lon="21.840570000000003">
    <ele>147.93</ele>
   </trkpt>
   <trkpt lat="53.85033000000001" lon="21.840090000000004">
    <ele>149.55</ele>
   </trkpt>
   <trkpt lat="53.85043" lon="21.83893">
    <ele>149.82</ele>
   </trkpt>
   <trkpt lat="53.85047" lon="21.8381">
    <ele>147.89000000000001</ele>
   </trkpt>
   <trkpt lat="53.850460000000005" lon="21.837480000000003">
    <ele>146.95000000000002</ele>
   </trkpt>
   <trkpt lat="53.850350000000006" lon="21.836060000000003">
    <ele>142.93</ele>
   </trkpt>
   <trkpt lat="53.850350000000006" lon="21.83545">
    <ele>141.99</ele>
   </trkpt>
   <trkpt lat="53.85024000000001" lon="21.835350000000002">
    <ele>141.68</ele>
   </trkpt>
   <trkpt lat="53.84986000095432" lon="21.834874995708326">
    <ele>141.58</ele>
   </trkpt>
   <trkpt lat="53.84948000000001" lon="21.834400000000002">
    <ele>142.75</ele>
   </trkpt>
   <trkpt lat="53.8492" lon="21.834020000000002">
    <ele>143.12000000000003</ele>
   </trkpt>
   <trkpt lat="53.84904" lon="21.83376">
    <ele>142.87000000000003</ele>
   </trkpt>
   <trkpt lat="53.84883000000001" lon="21.83351">
    <ele>143.22</ele>
   </trkpt>
   <trkpt lat="53.848710000000004" lon="21.833470000000002">
    <ele>143.29</ele>
   </trkpt>
   <trkpt lat="53.848510000000005" lon="21.833440000000003">
    <ele>143.5</ele>
   </trkpt>
   <trkpt lat="53.84826" lon="21.833450000000003">
    <ele>143.15</ele>
   </trkpt>
   <trkpt lat="53.847970000000004" lon="21.83349">
    <ele>142.41</ele>
   </trkpt>
   <trkpt lat="53.847620000000006" lon="21.83358">
    <ele>140.78</ele>
   </trkpt>
   <trkpt lat="53.84749000000001" lon="21.83358">
    <ele>140.6</ele>
   </trkpt>
   <trkpt lat="53.847300000000004" lon="21.83351">
    <ele>140.20000000000002</ele>
   </trkpt>
   <trkpt lat="53.846875000336055" lon="21.833199996806506">
    <ele>139.40000000000003</ele>
   </trkpt>
   <trkpt lat="53.846450000000004" lon="21.832890000000003">
    <ele>138.13</ele>
   </trkpt>
   <trkpt lat="53.84624" lon="21.832790000000003">
    <ele>137.02</ele>
   </trkpt>
   <trkpt lat="53.845960000000005" lon="21.832700000000003">
    <ele>136.47</ele>
   </trkpt>
   <trkpt lat="53.84561000000001" lon="21.832620000000002">
    <ele>135.86</ele>
   </trkpt>
   <trkpt lat="53.84537" lon="21.832490000000004">
    <ele>135.23000000000002</ele>
   </trkpt>
   <trkpt lat="53.845150000000004" lon="21.832330000000002">
    <ele>134.78</ele>
   </trkpt>
   <trkpt lat="53.8449" lon="21.83211">
    <ele>134.45000000000002</ele>
   </trkpt>
   <trkpt lat="53.844530000000006" lon="21.8316">
    <ele>132.93</ele>
   </trkpt>
   <trkpt lat="53.844440000000006" lon="21.83145">
    <ele>132.52</ele>
   </trkpt>
   <trkpt lat="53.84418" lon="21.830520000000003">
    <ele>132.23000000000002</ele>
   </trkpt>
   <trkpt lat="53.84391" lon="21.82975">
    <ele>130.96</ele>
   </trkpt>
   <trkpt lat="53.843630000000005" lon="21.82908">
    <ele>130.17000000000002</ele>
   </trkpt>
   <trkpt lat="53.843300001564494" lon="21.828464995138024">
    <ele>129.99</ele>
   </trkpt>
   <trkpt lat="53.84297" lon="21.82785">
    <ele>129.93</ele>
   </trkpt>
   <trkpt lat="53.84284" lon="21.82768">
    <ele>129.93</ele>
   </trkpt>
   <trkpt lat="53.842690000000005" lon="21.82751">
    <ele>130.02</ele>
   </trkpt>
   <trkpt lat="53.842530000000004" lon="21.827450000000002">
    <ele>129.23000000000002</ele>
   </trkpt>
   <trkpt lat="53.8423" lon="21.827430000000003">
    <ele>129.07000000000002</ele>
   </trkpt>
   <trkpt lat="53.841530000000006" lon="21.82723">
    <ele>132.49</ele>
   </trkpt>
   <trkpt lat="53.841260000000005" lon="21.827080000000002">
    <ele>133.41</ele>
   </trkpt>
   <trkpt lat="53.84050500107458" lon="21.826579991007794">
    <ele>131.97</ele>
   </trkpt>
   <trkpt lat="53.83975" lon="21.82608">
    <ele>129.39000000000001</ele>
   </trkpt>
   <trkpt lat="53.8395" lon="21.82588">
    <ele>128.69</ele>
   </trkpt>
   <trkpt lat="53.839240000000004" lon="21.825550000000003">
    <ele>128.65</ele>
   </trkpt>
   <trkpt lat="53.83908" lon="21.825270000000003">
    <ele>128.76000000000002</ele>
   </trkpt>
   <trkpt lat="53.83885000000001" lon="21.824730000000002">
    <ele>128.42000000000002</ele>
   </trkpt>
   <trkpt lat="53.83844002149549" lon="21.8234174614815">
    <ele>126.37</ele>
   </trkpt>
   <trkpt lat="53.838030028667184" lon="21.822104948664">
    <ele>123.25000000000001</ele>
   </trkpt>
   <trkpt lat="53.83762002151561" lon="21.820792461547487">
    <ele>124.60000000000001</ele>
   </trkpt>
   <trkpt lat="53.837210000000006" lon="21.819480000000002">
    <ele>125.4</ele>
   </trkpt>
   <trkpt lat="53.83729" lon="21.819270000000003">
    <ele>125.43</ele>
   </trkpt>
   <trkpt lat="53.83776500570679" lon="21.81809501340943">
    <ele>123.98</ele>
   </trkpt>
   <trkpt lat="53.838240000000006" lon="21.816920000000003">
    <ele>123.18</ele>
   </trkpt>
   <trkpt lat="53.838530002712744" lon="21.816120005396694">
    <ele>123.09</ele>
   </trkpt>
   <trkpt lat="53.838820000000005" lon="21.815320000000003">
    <ele>123.35000000000001</ele>
   </trkpt>
   <trkpt lat="53.83915000233347" lon="21.81458000570408">
    <ele>123.53000000000002</ele>
   </trkpt>
   <trkpt lat="53.83948" lon="21.813840000000003">
    <ele>123.34</ele>
   </trkpt>
   <trkpt lat="53.84003000757372" lon="21.812883358527227">
    <ele>123.26</ele>
   </trkpt>
   <trkpt lat="53.840580007538165" lon="21.811926691922892">
    <ele>123.84</ele>
   </trkpt>
   <trkpt lat="53.84113000000001" lon="21.81097">
    <ele>123.39000000000001</ele>
   </trkpt>
   <trkpt lat="53.841350000000006" lon="21.810370000000002">
    <ele>123.46000000000001</ele>
   </trkpt>
   <trkpt lat="53.841530000000006" lon="21.809630000000002">
    <ele>124.64000000000001</ele>
   </trkpt>
   <trkpt lat="53.84181" lon="21.808960000000003">
    <ele>125.05000000000003</ele>
   </trkpt>
   <trkpt lat="53.84225500213362" lon="21.808230007892707">
    <ele>125.64</ele>
   </trkpt>
   <trkpt lat="53.84270000000001" lon="21.8075">
    <ele>125.21000000000001</ele>
   </trkpt>
   <trkpt lat="53.8432100023508" lon="21.80675500901143">
    <ele>124.25000000000001</ele>
   </trkpt>
   <trkpt lat="53.843720000000005" lon="21.80601">
    <ele>123.17000000000002</ele>
   </trkpt>
   <trkpt lat="53.844135001777644" lon="21.805365006318635">
    <ele>123.22000000000001</ele>
   </trkpt>
   <trkpt lat="53.844550000000005" lon="21.804720000000003">
    <ele>123.23</ele>
   </trkpt>
   <trkpt lat="53.844910002242834" lon="21.804000006015624">
    <ele>122.86000000000001</ele>
   </trkpt>
   <trkpt lat="53.845270000000006" lon="21.80328">
    <ele>122.60000000000001</ele>
   </trkpt>
   <trkpt lat="53.84575" lon="21.802570000000003">
    <ele>122.8</ele>
   </trkpt>
   <trkpt lat="53.84622" lon="21.801820000000003">
    <ele>122.96000000000001</ele>
   </trkpt>
   <trkpt lat="53.846680000000006" lon="21.80122">
    <ele>123.07000000000001</ele>
   </trkpt>
   <trkpt lat="53.84686000000001" lon="21.800910000000002">
    <ele>123.04</ele>
   </trkpt>
   <trkpt lat="53.84693000000001" lon="21.800720000000002">
    <ele>123.04</ele>
   </trkpt>
   <trkpt lat="53.84705" lon="21.799840000000003">
    <ele>122.83000000000001</ele>
   </trkpt>
   <trkpt lat="53.847060000000006" lon="21.7996">
    <ele>122.73</ele>
   </trkpt>
   <trkpt lat="53.84704000000001" lon="21.79944">
    <ele>122.73</ele>
   </trkpt>
   <trkpt lat="53.84691" lon="21.799120000000002">
    <ele>122.09</ele>
   </trkpt>
   <trkpt lat="53.84669" lon="21.798920000000003">
    <ele>121.79</ele>
   </trkpt>
   <trkpt lat="53.846520000000005" lon="21.79866">
    <ele>121.70000000000002</ele>
   </trkpt>
   <trkpt lat="53.84639000000001" lon="21.7984">
    <ele>121.68</ele>
   </trkpt>
   <trkpt lat="53.84633" lon="21.798150000000003">
    <ele>121.68</ele>
   </trkpt>
   <trkpt lat="53.846140000000005" lon="21.797060000000002">
    <ele>121.88000000000001</ele>
   </trkpt>
   <trkpt lat="53.84610000000001" lon="21.79662">
    <ele>122.26</ele>
   </trkpt>
   <trkpt lat="53.84611" lon="21.796300000000002">
    <ele>122.28000000000002</ele>
   </trkpt>
   <trkpt lat="53.846255003105355" lon="21.795440002795623">
    <ele>122.16</ele>
   </trkpt>
   <trkpt lat="53.8464" lon="21.794580000000003">
    <ele>122.28000000000002</ele>
   </trkpt>
   <trkpt lat="53.84664000000001" lon="21.793670000000002">
    <ele>122.64000000000001</ele>
   </trkpt>
   <trkpt lat="53.846740000000004" lon="21.79342">
    <ele>122.75000000000001</ele>
   </trkpt>
   <trkpt lat="53.847060000000006" lon="21.792730000000002">
    <ele>122.96000000000001</ele>
   </trkpt>
   <trkpt lat="53.847440000000006" lon="21.791880000000003">
    <ele>123.04</ele>
   </trkpt>
   <trkpt lat="53.847970000000004" lon="21.790660000000003">
    <ele>123.26</ele>
   </trkpt>
   <trkpt lat="53.8483" lon="21.78975">
    <ele>123.48</ele>
   </trkpt>
   <trkpt lat="53.84857" lon="21.789610000000003">
    <ele>123.25000000000001</ele>
   </trkpt>
   <trkpt lat="53.848800000000004" lon="21.78947">
    <ele>123.31000000000002</ele>
   </trkpt>
   <trkpt lat="53.84925000100636" lon="21.78900000496069">
    <ele>124.79</ele>
   </trkpt>
   <trkpt lat="53.849700000000006" lon="21.78853">
    <ele>124.94000000000001</ele>
   </trkpt>
   <trkpt lat="53.850190000000005" lon="21.788140000000002">
    <ele>125.31</ele>
   </trkpt>
   <trkpt lat="53.850410000000004" lon="21.78798">
    <ele>125.83</ele>
   </trkpt>
   <trkpt lat="53.850750000000005" lon="21.787820000000004">
    <ele>125.98</ele>
   </trkpt>
   <trkpt lat="53.85081" lon="21.7878">
    <ele>126.12</ele>
   </trkpt>
   <trkpt lat="53.85108" lon="21.787730000000003">
    <ele>126.91000000000003</ele>
   </trkpt>
   <trkpt lat="53.851430009469624" lon="21.788796648860448">
    <ele>126.25</ele>
   </trkpt>
   <trkpt lat="53.85178000948059" lon="21.789863315560243">
    <ele>126.27000000000002</ele>
   </trkpt>
   <trkpt lat="53.85213" lon="21.790930000000003">
    <ele>125.69000000000003</ele>
   </trkpt>
   <trkpt lat="53.852520000000005" lon="21.79229">
    <ele>121.64000000000001</ele>
   </trkpt>
   <trkpt lat="53.853060000000006" lon="21.79222">
    <ele>120.49000000000001</ele>
   </trkpt>
   <trkpt lat="53.853190000000005" lon="21.79229">
    <ele>120.36</ele>
   </trkpt>
   <trkpt lat="53.85385" lon="21.792740000000002">
    <ele>121.59</ele>
   </trkpt>
   <trkpt lat="53.853950000000005" lon="21.79277">
    <ele>121.73</ele>
   </trkpt>
   <trkpt lat="53.85389000000001" lon="21.79183">
    <ele>121.02000000000001</ele>
   </trkpt>
   <trkpt lat="53.8539" lon="21.791580000000003">
    <ele>120.98</ele>
   </trkpt>
   <trkpt lat="53.853970000000004" lon="21.790920000000003">
    <ele>121.15</ele>
   </trkpt>
   <trkpt lat="53.85396000000001" lon="21.79054">
    <ele>121.20000000000002</ele>
   </trkpt>
   <trkpt lat="53.8541" lon="21.790490000000002">
    <ele>121.01</ele>
   </trkpt>
   <trkpt lat="53.854130000000005" lon="21.79042">
    <ele>120.97</ele>
   </trkpt>
   <trkpt lat="53.85443000000001" lon="21.78948">
    <ele>123.13</ele>
   </trkpt>
   <trkpt lat="53.85466" lon="21.7889">
    <ele>124.37</ele>
   </trkpt>
   <trkpt lat="53.85488" lon="21.78827">
    <ele>124.94000000000001</ele>
   </trkpt>
   <trkpt lat="53.85515" lon="21.78762">
    <ele>126.12</ele>
   </trkpt>
   <trkpt lat="53.855520000000006" lon="21.78657">
    <ele>126.99000000000002</ele>
   </trkpt>
   <trkpt lat="53.85595000000001" lon="21.78527">
    <ele>127.98</ele>
   </trkpt>
   <trkpt lat="53.856320000000004" lon="21.784160000000004">
    <ele>129.31</ele>
   </trkpt>
   <trkpt lat="53.856730007113505" lon="21.782850012896816">
    <ele>130.89000000000001</ele>
   </trkpt>
   <trkpt lat="53.85714" lon="21.781540000000003">
    <ele>132.18</ele>
   </trkpt>
   <trkpt lat="53.857482025238255" lon="21.78030804026263">
    <ele>133.35000000000002</ele>
   </trkpt>
   <trkpt lat="53.857824037859686" lon="21.779076060386775">
    <ele>132.55</ele>
   </trkpt>
   <trkpt lat="53.858166037863946" lon="21.7778440603726">
    <ele>131.82000000000002</ele>
   </trkpt>
   <trkpt lat="53.85850802525066" lon="21.77661204022028">
    <ele>130.34</ele>
   </trkpt>
   <trkpt lat="53.858850000000004" lon="21.775380000000002">
    <ele>129.59</ele>
   </trkpt>
   <trkpt lat="53.85897000000001" lon="21.774690000000003">
    <ele>129.64000000000001</ele>
   </trkpt>
   <trkpt lat="53.85897000000001" lon="21.77468">
    <ele>129.65</ele>
   </trkpt>
   <trkpt lat="53.85919402596929" lon="21.773430026809365">
    <ele>129.44</ele>
   </trkpt>
   <trkpt lat="53.8594180389504" lon="21.772180040234524">
    <ele>128.29999999999998</ele>
   </trkpt>
   <trkpt lat="53.85964203894313" lon="21.770930040276006">
    <ele>127.89</ele>
   </trkpt>
   <trkpt lat="53.85986602594719" lon="21.769680026934328">
    <ele>125.33</ele>
   </trkpt>
   <trkpt lat="53.86009000000001" lon="21.768430000000002">
    <ele>123.48</ele>
   </trkpt>
   <trkpt lat="53.86014" lon="21.76809">
    <ele>123.38</ele>
   </trkpt>
   <trkpt lat="53.860130000000005" lon="21.76788">
    <ele>123.61000000000001</ele>
   </trkpt>
   <trkpt lat="53.860260000000004" lon="21.767480000000003">
    <ele>123.84</ele>
   </trkpt>
   <trkpt lat="53.860310000000005" lon="21.76723">
    <ele>124.05000000000001</ele>
   </trkpt>
   <trkpt lat="53.860350000000004" lon="21.766820000000003">
    <ele>124.83000000000001</ele>
   </trkpt>
   <trkpt lat="53.8603300260602" lon="21.765567997617293">
    <ele>126.4</ele>
   </trkpt>
   <trkpt lat="53.86031003909038" lon="21.764315996430305">
    <ele>126.74000000000002</ele>
   </trkpt>
   <trkpt lat="53.86029003909052" lon="21.76306399643983">
    <ele>126.07000000000001</ele>
   </trkpt>
   <trkpt lat="53.86027002606066" lon="21.761811997646635">
    <ele>125.77000000000002</ele>
   </trkpt>
   <trkpt lat="53.86025000000001" lon="21.76056">
    <ele>127.67</ele>
   </trkpt>
   <trkpt lat="53.86028" lon="21.7601">
    <ele>128.5</ele>
   </trkpt>
   <trkpt lat="53.860350000000004" lon="21.759790000000002">
    <ele>128.5</ele>
   </trkpt>
   <trkpt lat="53.86071000434597" lon="21.758770008714396">
    <ele>130.18</ele>
   </trkpt>
   <trkpt lat="53.861070000000005" lon="21.75775">
    <ele>130.76000000000002</ele>
   </trkpt>
   <trkpt lat="53.861250000000005" lon="21.757350000000002">
    <ele>130.49</ele>
   </trkpt>
   <trkpt lat="53.86151" lon="21.75685">
    <ele>129.78</ele>
   </trkpt>
   <trkpt lat="53.86207000318357" lon="21.755975011709282">
    <ele>128.15</ele>
   </trkpt>
   <trkpt lat="53.86263" lon="21.755100000000002">
    <ele>126.76</ele>
   </trkpt>
   <trkpt lat="53.863080000000004" lon="21.754450000000002">
    <ele>125.72</ele>
   </trkpt>
   <trkpt lat="53.86357" lon="21.753870000000003">
    <ele>125.31</ele>
   </trkpt>
   <trkpt lat="53.863670000000006" lon="21.75372">
    <ele>125.4</ele>
   </trkpt>
   <trkpt lat="53.86381" lon="21.753410000000002">
    <ele>125.71000000000001</ele>
   </trkpt>
   <trkpt lat="53.863890000000005" lon="21.75317">
    <ele>126.21000000000001</ele>
   </trkpt>
   <trkpt lat="53.864090000000004" lon="21.75243">
    <ele>126.03</ele>
   </trkpt>
   <trkpt lat="53.864290000000004" lon="21.75128">
    <ele>125.65</ele>
   </trkpt>
   <trkpt lat="53.86426" lon="21.750950000000003">
    <ele>125.62</ele>
   </trkpt>
   <trkpt lat="53.86401000000001" lon="21.75008">
    <ele>125.62</ele>
   </trkpt>
   <trkpt lat="53.863960000000006" lon="21.74979">
    <ele>125.66000000000003</ele>
   </trkpt>
   <trkpt lat="53.864000000000004" lon="21.749450000000003">
    <ele>125.74000000000001</ele>
   </trkpt>
   <trkpt lat="53.864313341745685" lon="21.748443348448003">
    <ele>126.43</ele>
   </trkpt>
   <trkpt lat="53.86462667506807" lon="21.74743668181675">
    <ele>126.04</ele>
   </trkpt>
   <trkpt lat="53.864940000000004" lon="21.74643">
    <ele>124.41000000000001</ele>
   </trkpt>
   <trkpt lat="53.86495000000001" lon="21.746280000000002">
    <ele>124.41000000000001</ele>
   </trkpt>
   <trkpt lat="53.86509" lon="21.7463">
    <ele>124.41000000000001</ele>
   </trkpt>
   <trkpt lat="53.865570000000005" lon="21.74667">
    <ele>123.48</ele>
   </trkpt>
   <trkpt lat="53.86581" lon="21.746830000000003">
    <ele>123.48</ele>
   </trkpt>
   <trkpt lat="53.865930000000006" lon="21.746830000000003">
    <ele>123.48</ele>
   </trkpt>
   <trkpt lat="53.86600000000001" lon="21.746750000000002">
    <ele>123.48</ele>
   </trkpt>
   <trkpt lat="53.865990000000004" lon="21.746750000000002">
    <ele>123.48</ele>
   </trkpt>
   <trkpt lat="53.866290000000006" lon="21.74643">
    <ele>123.48</ele>
   </trkpt>
   <trkpt lat="53.86641" lon="21.7462">
    <ele>123.48</ele>
   </trkpt>
   <trkpt lat="53.866490000000006" lon="21.745630000000002">
    <ele>122.54</ele>
   </trkpt>
   <trkpt lat="53.866670000000006" lon="21.74528">
    <ele>122.54</ele>
   </trkpt>
   <trkpt lat="53.86724" lon="21.744560000000003">
    <ele>122.16</ele>
   </trkpt>
   <trkpt lat="53.8676" lon="21.744190000000003">
    <ele>122.23</ele>
   </trkpt>
   <trkpt lat="53.867960000000004" lon="21.743910000000003">
    <ele>121.81000000000002</ele>
   </trkpt>
   <trkpt lat="53.86834" lon="21.743640000000003">
    <ele>120.81000000000002</ele>
   </trkpt>
   <trkpt lat="53.86903" lon="21.74313">
    <ele>120.58</ele>
   </trkpt>
   <trkpt lat="53.86972000139341" lon="21.74255000957183">
    <ele>121.24000000000001</ele>
   </trkpt>
   <trkpt lat="53.87041000000001" lon="21.741970000000002">
    <ele>120.17000000000002</ele>
   </trkpt>
   <trkpt lat="53.87114000133789" lon="21.741405009852617">
    <ele>120.99000000000001</ele>
   </trkpt>
   <trkpt lat="53.87187" lon="21.740840000000002">
    <ele>123.50000000000001</ele>
   </trkpt>
   <trkpt lat="53.872476669435216" lon="21.740270016472362">
    <ele>123.68</ele>
   </trkpt>
   <trkpt lat="53.873083336170104" lon="21.73970001640855">
    <ele>124.63</ele>
   </trkpt>
   <trkpt lat="53.87369" lon="21.739130000000003">
    <ele>127.35000000000002</ele>
   </trkpt>
   <trkpt lat="53.87433000282221" lon="21.738546684526355">
    <ele>129.92000000000002</ele>
   </trkpt>
   <trkpt lat="53.874970002816355" lon="21.737963351198697">
    <ele>130.57000000000002</ele>
   </trkpt>
   <trkpt lat="53.87561" lon="21.73738">
    <ele>132.98000000000002</ele>
   </trkpt>
   <trkpt lat="53.875750000000004" lon="21.73722">
    <ele>132.98000000000002</ele>
   </trkpt>
   <trkpt lat="53.8760800013086" lon="21.7366700042544">
    <ele>133.74</ele>
   </trkpt>
   <trkpt lat="53.87641000000001" lon="21.736120000000003">
    <ele>132.63</ele>
   </trkpt>
   <trkpt lat="53.87688000232459" lon="21.735390008033928">
    <ele>130.36</ele>
   </trkpt>
   <trkpt lat="53.87735000000001" lon="21.73466">
    <ele>127.57000000000001</ele>
   </trkpt>
   <trkpt lat="53.87783500221789" lon="21.733930008461936">
    <ele>126.55000000000003</ele>
   </trkpt>
   <trkpt lat="53.87832" lon="21.7332">
    <ele>125.83</ele>
   </trkpt>
   <trkpt lat="53.8789" lon="21.732110000000002">
    <ele>124.9</ele>
   </trkpt>
   <trkpt lat="53.87883000000001" lon="21.73158">
    <ele>124.66000000000001</ele>
   </trkpt>
   <trkpt lat="53.87886" lon="21.731370000000002">
    <ele>124.32000000000001</ele>
   </trkpt>
   <trkpt lat="53.87885000000001" lon="21.73138">
    <ele>124.32000000000001</ele>
   </trkpt>
   <trkpt lat="53.87888" lon="21.731250000000003">
    <ele>123.9</ele>
   </trkpt>
   <trkpt lat="53.87906" lon="21.730680000000003">
    <ele>123.37</ele>
   </trkpt>
   <trkpt lat="53.879110000000004" lon="21.73038">
    <ele>123.08000000000001</ele>
   </trkpt>
   <trkpt lat="53.87906" lon="21.7297">
    <ele>122.4</ele>
   </trkpt>
   <trkpt lat="53.87916000451945" lon="21.72866000222771">
    <ele>123.05</ele>
   </trkpt>
   <trkpt lat="53.87926" lon="21.72762">
    <ele>122.74000000000001</ele>
   </trkpt>
   <trkpt lat="53.87953" lon="21.72669">
    <ele>123.81</ele>
   </trkpt>
   <trkpt lat="53.87977000000001" lon="21.726020000000002">
    <ele>122.9</ele>
   </trkpt>
   <trkpt lat="53.880190000000006" lon="21.72511">
    <ele>122.78000000000002</ele>
   </trkpt>
   <trkpt lat="53.88035000000001" lon="21.72447">
    <ele>123.07000000000001</ele>
   </trkpt>
   <trkpt lat="53.88046000000001" lon="21.723930000000003">
    <ele>123.19000000000001</ele>
   </trkpt>
   <trkpt lat="53.88083" lon="21.72266">
    <ele>122.75000000000001</ele>
   </trkpt>
   <trkpt lat="53.88082000453479" lon="21.721614999443016">
    <ele>124.19000000000001</ele>
   </trkpt>
   <trkpt lat="53.880810000000004" lon="21.720570000000002">
    <ele>124.98</ele>
   </trkpt>
   <trkpt lat="53.880840002863735" lon="21.71974000056436">
    <ele>124.59</ele>
   </trkpt>
   <trkpt lat="53.88087" lon="21.71891">
    <ele>124.16000000000001</ele>
   </trkpt>
   <trkpt lat="53.880840000000006" lon="21.718230000000002">
    <ele>124.29</ele>
   </trkpt>
   <trkpt lat="53.88088500247848" lon="21.71745500113275">
    <ele>123.84</ele>
   </trkpt>
   <trkpt lat="53.880930000000006" lon="21.71668">
    <ele>123.36000000000001</ele>
   </trkpt>
   <trkpt lat="53.88098" lon="21.71637">
    <ele>123.09</ele>
   </trkpt>
   <trkpt lat="53.881060000000005" lon="21.716060000000002">
    <ele>122.85000000000001</ele>
   </trkpt>
   <trkpt lat="53.88116" lon="21.715880000000002">
    <ele>122.84</ele>
   </trkpt>
   <trkpt lat="53.881420000000006" lon="21.715600000000002">
    <ele>122.73</ele>
   </trkpt>
   <trkpt lat="53.8815" lon="21.71545">
    <ele>122.76</ele>
   </trkpt>
   <trkpt lat="53.88156000000001" lon="21.71525">
    <ele>122.76</ele>
   </trkpt>
   <trkpt lat="53.881640000000004" lon="21.71458">
    <ele>123.02</ele>
   </trkpt>
   <trkpt lat="53.88168" lon="21.71383">
    <ele>123.74000000000001</ele>
   </trkpt>
   <trkpt lat="53.881820000000005" lon="21.712390000000003">
    <ele>122.18</ele>
   </trkpt>
   <trkpt lat="53.881910002396204" lon="21.71162500194923">
    <ele>122.06000000000002</ele>
   </trkpt>
   <trkpt lat="53.882000000000005" lon="21.71086">
    <ele>122.19</ele>
   </trkpt>
   <trkpt lat="53.88248" lon="21.71055">
    <ele>121.73</ele>
   </trkpt>
   <trkpt lat="53.883050000000004" lon="21.710220000000003">
    <ele>123.16</ele>
   </trkpt>
   <trkpt lat="53.88313" lon="21.71007">
    <ele>123.28000000000002</ele>
   </trkpt>
   <trkpt lat="53.882740000000005" lon="21.709840000000003">
    <ele>123.93</ele>
   </trkpt>
   <trkpt lat="53.88221000000001" lon="21.709290000000003">
    <ele>124.79</ele>
   </trkpt>
   <trkpt lat="53.88196000000001" lon="21.70899">
    <ele>124.62</ele>
   </trkpt>
   <trkpt lat="53.881510000000006" lon="21.70833">
    <ele>124.42000000000002</ele>
   </trkpt>
   <trkpt lat="53.881130000000006" lon="21.70754">
    <ele>123.51</ele>
   </trkpt>
   <trkpt lat="53.88082000000001" lon="21.706850000000003">
    <ele>122.60000000000001</ele>
   </trkpt>
   <trkpt lat="53.8804450034797" lon="21.705934991795118">
    <ele>121.65</ele>
   </trkpt>
   <trkpt lat="53.88007" lon="21.70502">
    <ele>121.10000000000001</ele>
   </trkpt>
   <trkpt lat="53.879830000000005" lon="21.70463">
    <ele>121.28000000000002</ele>
   </trkpt>
   <trkpt lat="53.87950000000001" lon="21.704320000000003">
    <ele>121.85000000000001</ele>
   </trkpt>
   <trkpt lat="53.87897000043468" lon="21.70404999664473">
    <ele>122.82000000000001</ele>
   </trkpt>
   <trkpt lat="53.878440000000005" lon="21.703780000000002">
    <ele>124.10000000000001</ele>
   </trkpt>
   <trkpt lat="53.87859" lon="21.702640000000002">
    <ele>123.2</ele>
   </trkpt>
   <trkpt lat="53.87867000000001" lon="21.702250000000003">
    <ele>122.12</ele>
   </trkpt>
   <trkpt lat="53.87877" lon="21.70194">
    <ele>121.8</ele>
   </trkpt>
   <trkpt lat="53.878910000000005" lon="21.701580000000003">
    <ele>121.19</ele>
   </trkpt>
   <trkpt lat="53.87903000000001" lon="21.70137">
    <ele>121.18</ele>
   </trkpt>
   <trkpt lat="53.879090000000005" lon="21.701230000000002">
    <ele>121.23</ele>
   </trkpt>
   <trkpt lat="53.879400000000004" lon="21.69997">
    <ele>119.93</ele>
   </trkpt>
   <trkpt lat="53.87974000367165" lon="21.69903500749612">
    <ele>119.63000000000001</ele>
   </trkpt>
   <trkpt lat="53.88008000000001" lon="21.6981">
    <ele>121.17000000000002</ele>
   </trkpt>
   <trkpt lat="53.88026000000001" lon="21.697740000000003">
    <ele>122.03000000000002</ele>
   </trkpt>
   <trkpt lat="53.8804" lon="21.69759">
    <ele>122.49000000000001</ele>
   </trkpt>
   <trkpt lat="53.880570000000006" lon="21.69744">
    <ele>122.53000000000002</ele>
   </trkpt>
   <trkpt lat="53.88065" lon="21.697360000000003">
    <ele>122.22000000000001</ele>
   </trkpt>
   <trkpt lat="53.88085" lon="21.69705">
    <ele>120.3</ele>
   </trkpt>
   <trkpt lat="53.88111000000001" lon="21.69629">
    <ele>118.77000000000001</ele>
   </trkpt>
   <trkpt lat="53.881280000000004" lon="21.6959">
    <ele>118.67000000000002</ele>
   </trkpt>
   <trkpt lat="53.881530000000005" lon="21.695510000000002">
    <ele>119.17000000000002</ele>
   </trkpt>
   <trkpt lat="53.881530000000005" lon="21.695500000000003">
    <ele>119.19</ele>
   </trkpt>
   <trkpt lat="53.8819" lon="21.695040000000002">
    <ele>118.70000000000002</ele>
   </trkpt>
   <trkpt lat="53.8821" lon="21.694660000000002">
    <ele>118.04</ele>
   </trkpt>
   <trkpt lat="53.88250000000001" lon="21.693620000000003">
    <ele>119.29</ele>
   </trkpt>
   <trkpt lat="53.88279000000001" lon="21.69255">
    <ele>120.88000000000001</ele>
   </trkpt>
   <trkpt lat="53.882920003193384" lon="21.691675002639887">
    <ele>120.68</ele>
   </trkpt>
   <trkpt lat="53.883050000000004" lon="21.690800000000003">
    <ele>120.0</ele>
   </trkpt>
   <trkpt lat="53.88333000000001" lon="21.68965">
    <ele>118.31000000000002</ele>
   </trkpt>
   <trkpt lat="53.88351" lon="21.6888">
    <ele>118.43</ele>
   </trkpt>
   <trkpt lat="53.88371000000001" lon="21.688180000000003">
    <ele>120.14000000000001</ele>
   </trkpt>
   <trkpt lat="53.88393000000001" lon="21.68701">
    <ele>120.44</ele>
   </trkpt>
   <trkpt lat="53.884170000000005" lon="21.68599">
    <ele>119.44</ele>
   </trkpt>
   <trkpt lat="53.88458000000001" lon="21.68468">
    <ele>118.70000000000002</ele>
   </trkpt>
   <trkpt lat="53.88494000000001" lon="21.68365">
    <ele>118.27000000000001</ele>
   </trkpt>
   <trkpt lat="53.88517" lon="21.68288">
    <ele>119.46000000000001</ele>
   </trkpt>
   <trkpt lat="53.885290000000005" lon="21.682370000000002">
    <ele>119.27000000000001</ele>
   </trkpt>
   <trkpt lat="53.88532000000001" lon="21.681900000000002">
    <ele>119.53000000000002</ele>
   </trkpt>
   <trkpt lat="53.88532000000001" lon="21.6813">
    <ele>120.88000000000001</ele>
   </trkpt>
   <trkpt lat="53.88524" lon="21.68007">
    <ele>127.29</ele>
   </trkpt>
   <trkpt lat="53.88506" lon="21.678690000000003">
    <ele>128.03</ele>
   </trkpt>
   <trkpt lat="53.88497500248968" lon="21.6779149983694">
    <ele>125.4</ele>
   </trkpt>
   <trkpt lat="53.884890000000006" lon="21.67714">
    <ele>123.36000000000001</ele>
   </trkpt>
   <trkpt lat="53.88488" lon="21.6765">
    <ele>122.48</ele>
   </trkpt>
   <trkpt lat="53.88479334186865" lon="21.675486662487337">
    <ele>121.73</ele>
   </trkpt>
   <trkpt lat="53.884706675203866" lon="21.674473329176095">
    <ele>120.81000000000002</ele>
   </trkpt>
   <trkpt lat="53.884620000000005" lon="21.673460000000002">
    <ele>120.11</ele>
   </trkpt>
   <trkpt lat="53.884520003862626" lon="21.67249499762617">
    <ele>120.06000000000002</ele>
   </trkpt>
   <trkpt lat="53.884420000000006" lon="21.67153">
    <ele>120.45000000000002</ele>
   </trkpt>
   <trkpt lat="53.88438000000001" lon="21.671370000000003">
    <ele>120.45000000000002</ele>
   </trkpt>
   <trkpt lat="53.88461" lon="21.670540000000003">
    <ele>119.97</ele>
   </trkpt>
   <trkpt lat="53.884820000000005" lon="21.670050000000003">
    <ele>119.86</ele>
   </trkpt>
   <trkpt lat="53.88542" lon="21.66907">
    <ele>119.66000000000001</ele>
   </trkpt>
   <trkpt lat="53.885850000000005" lon="21.66851">
    <ele>120.12</ele>
   </trkpt>
   <trkpt lat="53.886210000000005" lon="21.668190000000003">
    <ele>120.38000000000001</ele>
   </trkpt>
   <trkpt lat="53.886610000000005" lon="21.667900000000003">
    <ele>120.57000000000001</ele>
   </trkpt>
   <trkpt lat="53.88696" lon="21.66769">
    <ele>120.97</ele>
   </trkpt>
   <trkpt lat="53.88761" lon="21.667420000000003">
    <ele>121.3</ele>
   </trkpt>
   <trkpt lat="53.88837" lon="21.667170000000002">
    <ele>121.18</ele>
   </trkpt>
   <trkpt lat="53.88915000000001" lon="21.66684">
    <ele>122.28000000000002</ele>
   </trkpt>
   <trkpt lat="53.889410000000005" lon="21.666680000000003">
    <ele>122.47000000000001</ele>
   </trkpt>
   <trkpt lat="53.88971" lon="21.66644">
    <ele>122.66</ele>
   </trkpt>
   <trkpt lat="53.890060000000005" lon="21.666120000000003">
    <ele>122.93</ele>
   </trkpt>
   <trkpt lat="53.890550000000005" lon="21.665680000000002">
    <ele>123.17000000000002</ele>
   </trkpt>
   <trkpt lat="53.89083" lon="21.6654">
    <ele>123.12</ele>
   </trkpt>
   <trkpt lat="53.89112000000001" lon="21.665080000000003">
    <ele>123.12</ele>
   </trkpt>
   <trkpt lat="53.89158500120603" lon="21.664520006347338">
    <ele>123.26</ele>
   </trkpt>
   <trkpt lat="53.892050000000005" lon="21.663960000000003">
    <ele>124.06</ele>
   </trkpt>
   <trkpt lat="53.892500000000005" lon="21.66354">
    <ele>124.21000000000001</ele>
   </trkpt>
   <trkpt lat="53.89273000000001" lon="21.66336">
    <ele>124.18</ele>
   </trkpt>
   <trkpt lat="53.893550000000005" lon="21.662840000000003">
    <ele>124.01</ele>
   </trkpt>
   <trkpt lat="53.89367000000001" lon="21.66279">
    <ele>124.01</ele>
   </trkpt>
   <trkpt lat="53.893800000000006" lon="21.662770000000002">
    <ele>123.66</ele>
   </trkpt>
   <trkpt lat="53.894270000000006" lon="21.662750000000003">
    <ele>123.3</ele>
   </trkpt>
   <trkpt lat="53.894830000000006" lon="21.662670000000002">
    <ele>122.78000000000002</ele>
   </trkpt>
   <trkpt lat="53.894940000000005" lon="21.66261">
    <ele>122.79</ele>
   </trkpt>
   <trkpt lat="53.894980000000004" lon="21.662550000000003">
    <ele>122.79</ele>
   </trkpt>
   <trkpt lat="53.89504" lon="21.662360000000003">
    <ele>122.86000000000001</ele>
   </trkpt>
   <trkpt lat="53.895320000000005" lon="21.6625">
    <ele>122.06000000000002</ele>
   </trkpt>
   <trkpt lat="53.895480000000006" lon="21.66252">
    <ele>121.8</ele>
   </trkpt>
   <trkpt lat="53.896150000000006" lon="21.66243">
    <ele>120.77000000000001</ele>
   </trkpt>
   <trkpt lat="53.896370000000005" lon="21.66243">
    <ele>120.66</ele>
   </trkpt>
   <trkpt lat="53.897000000000006" lon="21.66252">
    <ele>119.84000000000002</ele>
   </trkpt>
   <trkpt lat="53.89715" lon="21.6625">
    <ele>119.79</ele>
   </trkpt>
   <trkpt lat="53.897240000000004" lon="21.662460000000003">
    <ele>119.79</ele>
   </trkpt>
   <trkpt lat="53.897310000000004" lon="21.6624">
    <ele>119.75</ele>
   </trkpt>
   <trkpt lat="53.897490000000005" lon="21.662170000000003">
    <ele>119.70000000000002</ele>
   </trkpt>
   <trkpt lat="53.89762" lon="21.66195">
    <ele>119.56000000000002</ele>
   </trkpt>
   <trkpt lat="53.89811" lon="21.660980000000002">
    <ele>118.96000000000001</ele>
   </trkpt>
   <trkpt lat="53.89819000000001" lon="21.660890000000002">
    <ele>118.96000000000001</ele>
   </trkpt>
   <trkpt lat="53.898340000000005" lon="21.660770000000003">
    <ele>118.89</ele>
   </trkpt>
   <trkpt lat="53.89847" lon="21.66071">
    <ele>118.89</ele>
   </trkpt>
   <trkpt lat="53.89932" lon="21.660480000000003">
    <ele>119.42000000000002</ele>
   </trkpt>
   <trkpt lat="53.89993500017802" lon="21.660355001816967">
    <ele>119.05</ele>
   </trkpt>
   <trkpt lat="53.90055" lon="21.660230000000002">
    <ele>118.04</ele>
   </trkpt>
   <trkpt lat="53.90072000000001" lon="21.660210000000003">
    <ele>117.92</ele>
   </trkpt>
   <trkpt lat="53.90086" lon="21.660220000000002">
    <ele>117.84000000000002</ele>
   </trkpt>
   <trkpt lat="53.901140000000005" lon="21.660310000000003">
    <ele>117.83</ele>
   </trkpt>
   <trkpt lat="53.90196500049792" lon="21.660664992978667">
    <ele>119.99000000000001</ele>
   </trkpt>
   <trkpt lat="53.90279" lon="21.66102">
    <ele>119.11</ele>
   </trkpt>
   <trkpt lat="53.90279" lon="21.66103">
    <ele>118.84000000000002</ele>
   </trkpt>
   <trkpt lat="53.90301" lon="21.66112">
    <ele>118.72</ele>
   </trkpt>
   <trkpt lat="53.903000000000006" lon="21.661">
    <ele>118.07000000000001</ele>
   </trkpt>
   <trkpt lat="53.90297" lon="21.66091">
    <ele>118.07000000000001</ele>
   </trkpt>
   <trkpt lat="53.90263" lon="21.660670000000003">
    <ele>116.92</ele>
   </trkpt>
   <trkpt lat="53.902550000000005" lon="21.66052">
    <ele>116.86</ele>
   </trkpt>
   <trkpt lat="53.90254" lon="21.660320000000002">
    <ele>116.85000000000001</ele>
   </trkpt>
   <trkpt lat="53.90277667531478" lon="21.65930001154018">
    <ele>117.17</ele>
   </trkpt>
   <trkpt lat="53.903013341985364" lon="21.658280011523487">
    <ele>117.62000000000002</ele>
   </trkpt>
   <trkpt lat="53.90325000000001" lon="21.65726">
    <ele>117.71000000000001</ele>
   </trkpt>
   <trkpt lat="53.90355" lon="21.656450000000003">
    <ele>117.72</ele>
   </trkpt>
   <trkpt lat="53.90355" lon="21.65622">
    <ele>117.71000000000001</ele>
   </trkpt>
   <trkpt lat="53.903510000000004" lon="21.656000000000002">
    <ele>117.65</ele>
   </trkpt>
   <trkpt lat="53.903180000000006" lon="21.655130000000003">
    <ele>116.95</ele>
   </trkpt>
   <trkpt lat="53.903040000000004" lon="21.65491">
    <ele>116.68</ele>
   </trkpt>
   <trkpt lat="53.902485002323075" lon="21.654149989798828">
    <ele>116.19000000000001</ele>
   </trkpt>
   <trkpt lat="53.90193000000001" lon="21.65339">
    <ele>115.83000000000001</ele>
   </trkpt>
   <trkpt lat="53.90130501431027" lon="21.652559937917808">
    <ele>115.73</ele>
   </trkpt>
   <trkpt lat="53.90068002289592" lon="21.651729900669817">
    <ele>115.58000000000001</ele>
   </trkpt>
   <trkpt lat="53.90005502575728" lon="21.650899888254934">
    <ele>115.54</ele>
   </trkpt>
   <trkpt lat="53.89943002289464" lon="21.650069900672086">
    <ele>115.51000000000002</ele>
   </trkpt>
   <trkpt lat="53.89880501430831" lon="21.64923993792018">
    <ele>115.65</ele>
   </trkpt>
   <trkpt lat="53.89818" lon="21.648410000000002">
    <ele>115.66000000000001</ele>
   </trkpt>
   <trkpt lat="53.89753500876004" lon="21.647572461239562">
    <ele>115.79</ele>
   </trkpt>
   <trkpt lat="53.89689001169163" lon="21.64673494833551">
    <ele>115.81</ele>
   </trkpt>
   <trkpt lat="53.89624500879511" lon="21.645897461286683">
    <ele>115.81</ele>
   </trkpt>
   <trkpt lat="53.8956" lon="21.64506">
    <ele>115.99000000000001</ele>
   </trkpt>
   <trkpt lat="53.89551" lon="21.64476">
    <ele>115.99000000000001</ele>
   </trkpt>
   <trkpt lat="53.89560001242785" lon="21.643536672036614">
    <ele>115.95</ele>
   </trkpt>
   <trkpt lat="53.89569001242051" lon="21.64231333880337">
    <ele>116.03</ele>
   </trkpt>
   <trkpt lat="53.89578" lon="21.641090000000002">
    <ele>116.12000000000002</ele>
   </trkpt>
   <trkpt lat="53.895810000000004" lon="21.640520000000002">
    <ele>116.47</ele>
   </trkpt>
   <trkpt lat="53.895700000000005" lon="21.63992">
    <ele>116.52000000000001</ele>
   </trkpt>
   <trkpt lat="53.8956" lon="21.639550000000003">
    <ele>116.67</ele>
   </trkpt>
   <trkpt lat="53.89556" lon="21.63916">
    <ele>116.91000000000001</ele>
   </trkpt>
   <trkpt lat="53.8956" lon="21.638990000000003">
    <ele>117.15</ele>
   </trkpt>
   <trkpt lat="53.89567" lon="21.63885">
    <ele>117.33</ele>
   </trkpt>
   <trkpt lat="53.896150000000006" lon="21.638340000000003">
    <ele>118.10000000000001</ele>
   </trkpt>
   <trkpt lat="53.896890000000006" lon="21.63772">
    <ele>116.04</ele>
   </trkpt>
   <trkpt lat="53.89701" lon="21.637420000000002">
    <ele>115.71000000000001</ele>
   </trkpt>
   <trkpt lat="53.897134030285336" lon="21.636070016040545">
    <ele>115.62000000000002</ele>
   </trkpt>
   <trkpt lat="53.89725804542747" lon="21.634720024067285">
    <ele>115.85000000000001</ele>
   </trkpt>
   <trkpt lat="53.89738204542629" lon="21.633370024081113">
    <ele>115.92</ele>
   </trkpt>
   <trkpt lat="53.89750603028159" lon="21.632020016082926">
    <ele>115.95</ele>
   </trkpt>
   <trkpt lat="53.89763000000001" lon="21.630670000000002">
    <ele>116.29</ele>
   </trkpt>
   <trkpt lat="53.89774255280475" lon="21.62932252540144">
    <ele>116.61</ele>
   </trkpt>
   <trkpt lat="53.897855090522654" lon="21.627975043544055">
    <ele>117.06</ele>
   </trkpt>
   <trkpt lat="53.8979676131536" lon="21.62662755442875">
    <ele>117.42</ele>
   </trkpt>
   <trkpt lat="53.89808012069742" lon="21.62528005805643">
    <ele>117.73000000000002</ele>
   </trkpt>
   <trkpt lat="53.898192613153995" lon="21.623932554427995">
    <ele>117.29</ele>
   </trkpt>
   <trkpt lat="53.89830509052316" lon="21.62258504354436">
    <ele>116.88000000000001</ele>
   </trkpt>
   <trkpt lat="53.8984175528048" lon="21.62123752540641">
    <ele>116.31</ele>
   </trkpt>
   <trkpt lat="53.89853" lon="21.61989">
    <ele>116.22</ele>
   </trkpt>
   <trkpt lat="53.898825003899255" lon="21.61892500671356">
    <ele>116.7</ele>
   </trkpt>
   <trkpt lat="53.89912" lon="21.61796">
    <ele>116.82000000000001</ele>
   </trkpt>
   <trkpt lat="53.899300000000004" lon="21.61711">
    <ele>117.24000000000001</ele>
   </trkpt>
   <trkpt lat="53.89943" lon="21.6158">
    <ele>117.89</ele>
   </trkpt>
   <trkpt lat="53.89943" lon="21.61523">
    <ele>118.31000000000002</ele>
   </trkpt>
   <trkpt lat="53.899537523478315" lon="21.613857510589575">
    <ele>119.84000000000002</ele>
   </trkpt>
   <trkpt lat="53.899645031304765" lon="21.612485014115524">
    <ele>119.88000000000001</ele>
   </trkpt>
   <trkpt lat="53.89975252347922" lon="21.611112510578817">
    <ele>119.66000000000001</ele>
   </trkpt>
   <trkpt lat="53.899860000000004" lon="21.609740000000002">
    <ele>119.62</ele>
   </trkpt>
   <trkpt lat="53.899890000000006" lon="21.609630000000003">
    <ele>119.62</ele>
   </trkpt>
   <trkpt lat="53.90025000336414" lon="21.608740007487174">
    <ele>120.02000000000001</ele>
   </trkpt>
   <trkpt lat="53.90061000000001" lon="21.607850000000003">
    <ele>120.27000000000001</ele>
   </trkpt>
   <trkpt lat="53.901218010698976" lon="21.607048046671576">
    <ele>119.92000000000002</ele>
   </trkpt>
   <trkpt lat="53.901826016054166" lon="21.606246070001184">
    <ele>119.79</ele>
   </trkpt>
   <trkpt lat="53.90243401606531" lon="21.60544406998784">
    <ele>119.69</ele>
   </trkpt>
   <trkpt lat="53.903042010732136" lon="21.604642046630545">
    <ele>119.49000000000001</ele>
   </trkpt>
   <trkpt lat="53.903650000000006" lon="21.60384">
    <ele>120.63000000000001</ele>
   </trkpt>
   <trkpt lat="53.90405500093074" lon="21.60335000483119">
    <ele>120.74000000000001</ele>
   </trkpt>
   <trkpt lat="53.90446000000001" lon="21.602860000000003">
    <ele>120.32000000000001</ele>
   </trkpt>
   <trkpt lat="53.904820000909524" lon="21.602380004200082">
    <ele>120.50000000000001</ele>
   </trkpt>
   <trkpt lat="53.90518" lon="21.6019">
    <ele>120.74000000000001</ele>
   </trkpt>
   <trkpt lat="53.905740002742874" lon="21.6013233488157">
    <ele>120.82000000000001</ele>
   </trkpt>
   <trkpt lat="53.9063000027229" lon="21.600746682169863">
    <ele>121.07000000000001</ele>
   </trkpt>
   <trkpt lat="53.90686" lon="21.600170000000002">
    <ele>121.56000000000002</ele>
   </trkpt>
   <trkpt lat="53.90749500106756" lon="21.599670007578414">
    <ele>122.67000000000002</ele>
   </trkpt>
   <trkpt lat="53.90813000000001" lon="21.59917">
    <ele>123.12</ele>
   </trkpt>
   <trkpt lat="53.90849000000001" lon="21.59881">
    <ele>123.19000000000001</ele>
   </trkpt>
   <trkpt lat="53.908770000000004" lon="21.598580000000002">
    <ele>123.04</ele>
   </trkpt>
   <trkpt lat="53.90889000000001" lon="21.598560000000003">
    <ele>123.04</ele>
   </trkpt>
   <trkpt lat="53.90906000210984" lon="21.597845002968278">
    <ele>123.15</ele>
   </trkpt>
   <trkpt lat="53.90923" lon="21.597130000000003">
    <ele>122.53000000000002</ele>
   </trkpt>
   <trkpt lat="53.90950500294788" lon="21.59629500534118">
    <ele>120.51</ele>
   </trkpt>
   <trkpt lat="53.909780000000005" lon="21.595460000000003">
    <ele>119.34000000000002</ele>
   </trkpt>
   <trkpt lat="53.90995" lon="21.594820000000002">
    <ele>118.76</ele>
   </trkpt>
   <trkpt lat="53.9101350042474" lon="21.59381000441954">
    <ele>119.68</ele>
   </trkpt>
   <trkpt lat="53.910320000000006" lon="21.5928">
    <ele>122.09</ele>
   </trkpt>
   <trkpt lat="53.910470006682054" lon="21.591530004712574">
    <ele>121.16</ele>
   </trkpt>
   <trkpt lat="53.91062" lon="21.59026">
    <ele>118.41000000000001</ele>
   </trkpt>
   <trkpt lat="53.91066000000001" lon="21.58971">
    <ele>118.01</ele>
   </trkpt>
   <trkpt lat="53.91062" lon="21.5882">
    <ele>118.57000000000001</ele>
   </trkpt>
   <trkpt lat="53.91071500515266" lon="21.587085002672758">
    <ele>120.15</ele>
   </trkpt>
   <trkpt lat="53.910810000000005" lon="21.585970000000003">
    <ele>120.37</ele>
   </trkpt>
   <trkpt lat="53.910880000000006" lon="21.585620000000002">
    <ele>120.34000000000002</ele>
   </trkpt>
   <trkpt lat="53.910880000000006" lon="21.58498">
    <ele>119.84000000000002</ele>
   </trkpt>
   <trkpt lat="53.910700000000006" lon="21.584010000000003">
    <ele>119.24000000000001</ele>
   </trkpt>
   <trkpt lat="53.910700000000006" lon="21.58399">
    <ele>119.29</ele>
   </trkpt>
   <trkpt lat="53.910650000000004" lon="21.58361">
    <ele>119.24000000000001</ele>
   </trkpt>
   <trkpt lat="53.91105" lon="21.583560000000002">
    <ele>117.92</ele>
   </trkpt>
   <trkpt lat="53.91152" lon="21.583470000000002">
    <ele>117.4</ele>
   </trkpt>
   <trkpt lat="53.91214500003497" lon="21.583435000522126">
    <ele>117.48000000000002</ele>
   </trkpt>
   <trkpt lat="53.91277" lon="21.5834">
    <ele>118.30000000000001</ele>
   </trkpt>
   <trkpt lat="53.91333" lon="21.58329">
    <ele>119.09000000000002</ele>
   </trkpt>
   <trkpt lat="53.914100000000005" lon="21.583060000000003">
    <ele>121.05</ele>
   </trkpt>
   <trkpt lat="53.914370000000005" lon="21.58294">
    <ele>121.56000000000002</ele>
   </trkpt>
   <trkpt lat="53.91512800335145" lon="21.58249003268229">
    <ele>122.12</ele>
   </trkpt>
   <trkpt lat="53.91588600502084" lon="21.582040049028286">
    <ele>122.25000000000001</ele>
   </trkpt>
   <trkpt lat="53.91664400500802" lon="21.581590049036972">
    <ele>121.83</ele>
   </trkpt>
   <trkpt lat="53.9174020033129" lon="21.58114003270734">
    <ele>121.66</ele>
   </trkpt>
   <trkpt lat="53.91816000000001" lon="21.58069">
    <ele>121.76</ele>
   </trkpt>
   <trkpt lat="53.91884666823784" lon="21.58026001412186">
    <ele>121.76</ele>
   </trkpt>
   <trkpt lat="53.91953333493973" lon="21.579830014100082">
    <ele>121.58</ele>
   </trkpt>
   <trkpt lat="53.92022000000001" lon="21.579400000000003">
    <ele>122.02</ele>
   </trkpt>
   <trkpt lat="53.920480000000005" lon="21.579230000000003">
    <ele>122.27</ele>
   </trkpt>
   <trkpt lat="53.920640000000006" lon="21.57909">
    <ele>122.76</ele>
   </trkpt>
   <trkpt lat="53.92114" lon="21.579">
    <ele>124.17000000000002</ele>
   </trkpt>
   <trkpt lat="53.921290000000006" lon="21.579">
    <ele>124.45</ele>
   </trkpt>
   <trkpt lat="53.92157" lon="21.578940000000003">
    <ele>124.89000000000001</ele>
   </trkpt>
   <trkpt lat="53.921780000000005" lon="21.57901">
    <ele>125.19000000000003</ele>
   </trkpt>
   <trkpt lat="53.92190000000001" lon="21.579020000000003">
    <ele>125.26</ele>
   </trkpt>
   <trkpt lat="53.922200000000004" lon="21.579">
    <ele>125.15</ele>
   </trkpt>
   <trkpt lat="53.92255" lon="21.57892">
    <ele>124.11000000000001</ele>
   </trkpt>
   <trkpt lat="53.92311499994389" lon="21.578895000340957">
    <ele>123.38</ele>
   </trkpt>
   <trkpt lat="53.923680000000004" lon="21.578870000000002">
    <ele>123.99000000000001</ele>
   </trkpt>
   <trkpt lat="53.924565000058024" lon="21.578865000105683">
    <ele>123.42000000000002</ele>
   </trkpt>
   <trkpt lat="53.925450000000005" lon="21.578860000000002">
    <ele>123.71000000000001</ele>
   </trkpt>
   <trkpt lat="53.92619000011126" lon="21.5788300005275">
    <ele>123.60000000000001</ele>
   </trkpt>
   <trkpt lat="53.926930000000006" lon="21.5788">
    <ele>122.31000000000002</ele>
   </trkpt>
   <trkpt lat="53.927330000000005" lon="21.578850000000003">
    <ele>121.55</ele>
   </trkpt>
   <trkpt lat="53.92787499997873" lon="21.57885499993452">
    <ele>122.47000000000001</ele>
   </trkpt>
   <trkpt lat="53.92842" lon="21.578860000000002">
    <ele>123.09</ele>
   </trkpt>
   <trkpt lat="53.92877000000001" lon="21.5789">
    <ele>123.56000000000002</ele>
   </trkpt>
   <trkpt lat="53.929229999957286" lon="21.57903999841919">
    <ele>122.73</ele>
   </trkpt>
   <trkpt lat="53.92969000000001" lon="21.57918">
    <ele>122.79</ele>
   </trkpt>
   <trkpt lat="53.93029000000001" lon="21.579320000000003">
    <ele>123.75000000000001</ele>
   </trkpt>
   <trkpt lat="53.930550000000004" lon="21.5787">
    <ele>123.66</ele>
   </trkpt>
   <trkpt lat="53.93083000000001" lon="21.57806">
    <ele>123.82000000000001</ele>
   </trkpt>
   <trkpt lat="53.93119000000001" lon="21.57739">
    <ele>124.16000000000001</ele>
   </trkpt>
   <trkpt lat="53.931470000000004" lon="21.576890000000002">
    <ele>124.91000000000001</ele>
   </trkpt>
   <trkpt lat="53.931720000000006" lon="21.57653">
    <ele>125.55000000000003</ele>
   </trkpt>
   <trkpt lat="53.93189" lon="21.57648">
    <ele>125.33</ele>
   </trkpt>
   <trkpt lat="53.93256" lon="21.576020000000003">
    <ele>123.49000000000001</ele>
   </trkpt>
   <trkpt lat="53.93271000000001" lon="21.57597">
    <ele>123.45</ele>
   </trkpt>
   <trkpt lat="53.93272" lon="21.57597">
    <ele>123.45</ele>
   </trkpt>
   <trkpt lat="53.93341" lon="21.575750000000003">
    <ele>124.37</ele>
   </trkpt>
   <trkpt lat="53.934000000000005" lon="21.576520000000002">
    <ele>124.01</ele>
   </trkpt>
   <trkpt lat="53.93437" lon="21.576770000000003">
    <ele>123.50000000000001</ele>
   </trkpt>
   <trkpt lat="53.9348" lon="21.57711">
    <ele>125.06</ele>
   </trkpt>
   <trkpt lat="53.935050000000004" lon="21.57741">
    <ele>125.67</ele>
   </trkpt>
   <trkpt lat="53.93529" lon="21.577930000000002">
    <ele>125.37</ele>
   </trkpt>
   <trkpt lat="53.93553000000001" lon="21.57861">
    <ele>124.36000000000001</ele>
   </trkpt>
   <trkpt lat="53.93583" lon="21.579680000000003">
    <ele>124.37</ele>
   </trkpt>
   <trkpt lat="53.93614" lon="21.580250000000003">
    <ele>124.68</ele>
   </trkpt>
   <trkpt lat="53.93652" lon="21.58049">
    <ele>124.15</ele>
   </trkpt>
   <trkpt lat="53.93721000000001" lon="21.580620000000003">
    <ele>124.86000000000001</ele>
   </trkpt>
   <trkpt lat="53.93755" lon="21.580560000000002">
    <ele>124.45</ele>
   </trkpt>
   <trkpt lat="53.93784" lon="21.5803">
    <ele>125.36</ele>
   </trkpt>
   <trkpt lat="53.93829500039862" lon="21.58003000288758">
    <ele>125.39</ele>
   </trkpt>
   <trkpt lat="53.938750000000006" lon="21.57976">
    <ele>126.24000000000002</ele>
   </trkpt>
   <trkpt lat="53.93956000000001" lon="21.579140000000002">
    <ele>128.97</ele>
   </trkpt>
   <trkpt lat="53.93957" lon="21.579140000000002">
    <ele>130.08</ele>
   </trkpt>
   <trkpt lat="53.94006" lon="21.578780000000002">
    <ele>130.19</ele>
   </trkpt>
   <trkpt lat="53.94045000062734" lon="21.578390003650092">
    <ele>128.63000000000002</ele>
   </trkpt>
   <trkpt lat="53.94084" lon="21.578000000000003">
    <ele>128.13000000000002</ele>
   </trkpt>
   <trkpt lat="53.94125500073647" lon="21.57763500346979">
    <ele>126.88000000000002</ele>
   </trkpt>
   <trkpt lat="53.94167" lon="21.577270000000002">
    <ele>127.44</ele>
   </trkpt>
   <trkpt lat="53.94185" lon="21.57713">
    <ele>128.35000000000002</ele>
   </trkpt>
   <trkpt lat="53.942420000000006" lon="21.576960000000003">
    <ele>131.39000000000001</ele>
   </trkpt>
   <trkpt lat="53.943250000000006" lon="21.576790000000003">
    <ele>130.60000000000002</ele>
   </trkpt>
   <trkpt lat="53.94350000000001" lon="21.57666">
    <ele>130.12</ele>
   </trkpt>
   <trkpt lat="53.9438" lon="21.57646">
    <ele>129.74</ele>
   </trkpt>
   <trkpt lat="53.94393" lon="21.576420000000002">
    <ele>129.27</ele>
   </trkpt>
   <trkpt lat="53.94407" lon="21.576400000000003">
    <ele>128.78</ele>
   </trkpt>
   <trkpt lat="53.94433000000001" lon="21.576420000000002">
    <ele>128.57000000000002</ele>
   </trkpt>
   <trkpt lat="53.944880000000005" lon="21.57637">
    <ele>127.77000000000002</ele>
   </trkpt>
   <trkpt lat="53.945130000000006" lon="21.57638">
    <ele>127.21000000000001</ele>
   </trkpt>
   <trkpt lat="53.94556000000001" lon="21.576430000000002">
    <ele>126.25</ele>
   </trkpt>
   <trkpt lat="53.945690000000006" lon="21.576400000000003">
    <ele>126.17</ele>
   </trkpt>
   <trkpt lat="53.94581" lon="21.576300000000003">
    <ele>126.37</ele>
   </trkpt>
   <trkpt lat="53.945930000000004" lon="21.57617">
    <ele>126.60000000000001</ele>
   </trkpt>
   <trkpt lat="53.946000000000005" lon="21.576060000000002">
    <ele>127.17</ele>
   </trkpt>
   <trkpt lat="53.94606" lon="21.576020000000003">
    <ele>127.17</ele>
   </trkpt>
   <trkpt lat="53.94605000000001" lon="21.575920000000004">
    <ele>127.23</ele>
   </trkpt>
   <trkpt lat="53.9461" lon="21.575930000000003">
    <ele>127.44</ele>
   </trkpt>
   <trkpt lat="53.94601000298372" lon="21.57507999801179">
    <ele>126.0</ele>
   </trkpt>
   <trkpt lat="53.94592" lon="21.57423">
    <ele>125.84</ele>
   </trkpt>
   <trkpt lat="53.9459" lon="21.573600000000003">
    <ele>125.51</ele>
   </trkpt>
   <trkpt lat="53.945780000000006" lon="21.57271">
    <ele>125.66000000000003</ele>
   </trkpt>
   <trkpt lat="53.945690000000006" lon="21.572300000000002">
    <ele>125.64</ele>
   </trkpt>
   <trkpt lat="53.945570000000004" lon="21.571930000000002">
    <ele>125.53</ele>
   </trkpt>
   <trkpt lat="53.94528500193409" lon="21.57125999558693">
    <ele>126.45</ele>
   </trkpt>
   <trkpt lat="53.94500000000001" lon="21.570590000000003">
    <ele>125.78</ele>
   </trkpt>
   <trkpt lat="53.945220000000006" lon="21.570300000000003">
    <ele>125.54</ele>
   </trkpt>
   <trkpt lat="53.94552" lon="21.57">
    <ele>125.63000000000002</ele>
   </trkpt>
   <trkpt lat="53.9457" lon="21.569730000000003">
    <ele>125.51</ele>
   </trkpt>
   <trkpt lat="53.946070000000006" lon="21.569360000000003">
    <ele>125.04</ele>
   </trkpt>
   <trkpt lat="53.94626" lon="21.569080000000003">
    <ele>125.93</ele>
   </trkpt>
   <trkpt lat="53.946470000000005" lon="21.568640000000002">
    <ele>127.56</ele>
   </trkpt>
   <trkpt lat="53.94661000000001" lon="21.56848">
    <ele>127.74000000000002</ele>
   </trkpt>
   <trkpt lat="53.94675" lon="21.568340000000003">
    <ele>127.63000000000002</ele>
   </trkpt>
   <trkpt lat="53.946850000000005" lon="21.56819">
    <ele>127.21000000000001</ele>
   </trkpt>
   <trkpt lat="53.94698" lon="21.567790000000002">
    <ele>126.63000000000002</ele>
   </trkpt>
   <trkpt lat="53.947140000000005" lon="21.566950000000002">
    <ele>124.60000000000001</ele>
   </trkpt>
   <trkpt lat="53.94722" lon="21.566750000000003">
    <ele>124.60000000000001</ele>
   </trkpt>
   <trkpt lat="53.94731" lon="21.566630000000004">
    <ele>124.74</ele>
   </trkpt>
   <trkpt lat="53.947410000000005" lon="21.566580000000002">
    <ele>124.76</ele>
   </trkpt>
   <trkpt lat="53.94762000000001" lon="21.566550000000003">
    <ele>124.76</ele>
   </trkpt>
   <trkpt lat="53.948010000000004" lon="21.56653">
    <ele>125.45</ele>
   </trkpt>
   <trkpt lat="53.948130000000006" lon="21.56649">
    <ele>125.45</ele>
   </trkpt>
   <trkpt lat="53.9488066667749" lon="21.56643666839063">
    <ele>125.0</ele>
   </trkpt>
   <trkpt lat="53.94948333352618" lon="21.566383335050663">
    <ele>125.05000000000003</ele>
   </trkpt>
   <trkpt lat="53.950160000000004" lon="21.56633">
    <ele>125.60000000000001</ele>
   </trkpt>
   <trkpt lat="53.950340000000004" lon="21.566300000000002">
    <ele>125.73</ele>
   </trkpt>
   <trkpt lat="53.950540000000004" lon="21.56623">
    <ele>126.68</ele>
   </trkpt>
   <trkpt lat="53.950750000000006" lon="21.566110000000002">
    <ele>126.68</ele>
   </trkpt>
   <trkpt lat="53.95100000000001" lon="21.565820000000002">
    <ele>127.17</ele>
   </trkpt>
   <trkpt lat="53.951460000000004" lon="21.56519">
    <ele>128.63000000000002</ele>
   </trkpt>
   <trkpt lat="53.951750000000004" lon="21.564680000000003">
    <ele>129.82000000000002</ele>
   </trkpt>
   <trkpt lat="53.95197" lon="21.564200000000003">
    <ele>130.49</ele>
   </trkpt>
   <trkpt lat="53.95208" lon="21.563820000000003">
    <ele>130.79000000000002</ele>
   </trkpt>
   <trkpt lat="53.95215" lon="21.563440000000003">
    <ele>131.32000000000002</ele>
   </trkpt>
   <trkpt lat="53.95225255747452" lon="21.56203377420097">
    <ele>131.35000000000002</ele>
   </trkpt>
   <trkpt lat="53.95235509852803" lon="21.560627541485633">
    <ele>131.60000000000002</ele>
   </trkpt>
   <trkpt lat="53.952457623160335" lon="21.55922130185504">
    <ele>131.33</ele>
   </trkpt>
   <trkpt lat="53.95256013137134" lon="21.557815055310233">
    <ele>130.94</ele>
   </trkpt>
   <trkpt lat="53.95266262316087" lon="21.556408801852267">
    <ele>132.46</ele>
   </trkpt>
   <trkpt lat="53.9527650985288" lon="21.55500254148219">
    <ele>133.98000000000002</ele>
   </trkpt>
   <trkpt lat="53.952867557474974" lon="21.55359627420104">
    <ele>134.63</ele>
   </trkpt>
   <trkpt lat="53.95297000000001" lon="21.552190000000003">
    <ele>134.26000000000002</ele>
   </trkpt>
   <trkpt lat="53.95302" lon="21.551990000000004">
    <ele>134.17000000000002</ele>
   </trkpt>
   <trkpt lat="53.953160000000004" lon="21.5516">
    <ele>134.0</ele>
   </trkpt>
   <trkpt lat="53.95336" lon="21.551180000000002">
    <ele>133.65</ele>
   </trkpt>
   <trkpt lat="53.953500000000005" lon="21.55094">
    <ele>133.62</ele>
   </trkpt>
   <trkpt lat="53.953630000000004" lon="21.550790000000003">
    <ele>133.89000000000001</ele>
   </trkpt>
   <trkpt lat="53.95378" lon="21.55066">
    <ele>134.57000000000002</ele>
   </trkpt>
   <trkpt lat="53.95394" lon="21.55056">
    <ele>134.76000000000002</ele>
   </trkpt>
   <trkpt lat="53.9543" lon="21.55046">
    <ele>135.23000000000002</ele>
   </trkpt>
   <trkpt lat="53.95503500007632" lon="21.550420000701305">
    <ele>136.89000000000001</ele>
   </trkpt>
   <trkpt lat="53.95577" lon="21.55038">
    <ele>138.20000000000002</ele>
   </trkpt>
   <trkpt lat="53.956070000000004" lon="21.550340000000002">
    <ele>139.29000000000002</ele>
   </trkpt>
   <trkpt lat="53.95628000000001" lon="21.55028">
    <ele>139.57</ele>
   </trkpt>
   <trkpt lat="53.956480000000006" lon="21.5501">
    <ele>140.09</ele>
   </trkpt>
   <trkpt lat="53.95665" lon="21.5499">
    <ele>141.0</ele>
   </trkpt>
   <trkpt lat="53.956950000000006" lon="21.54923">
    <ele>140.82</ele>
   </trkpt>
   <trkpt lat="53.95720000000001" lon="21.54869">
    <ele>140.68</ele>
   </trkpt>
   <trkpt lat="53.957480000000004" lon="21.54792">
    <ele>140.33</ele>
   </trkpt>
   <trkpt lat="53.957793340836965" lon="21.54697001424965">
    <ele>138.46</ele>
   </trkpt>
   <trkpt lat="53.958106674180144" lon="21.54602001422003">
    <ele>137.78</ele>
   </trkpt>
   <trkpt lat="53.958420000000004" lon="21.545070000000003">
    <ele>136.84</ele>
   </trkpt>
   <trkpt lat="53.958843369319865" lon="21.543753400181615">
    <ele>134.43</ele>
   </trkpt>
   <trkpt lat="53.959266724246035" lon="21.542436773623272">
    <ele>133.91</ele>
   </trkpt>
   <trkpt lat="53.95969006477797" lon="21.541120120324926">
    <ele>133.86</ele>
   </trkpt>
   <trkpt lat="53.960113390915204" lon="21.53980344028653">
    <ele>135.17000000000002</ele>
   </trkpt>
   <trkpt lat="53.960536702657194" lon="21.538486733508034">
    <ele>135.28</ele>
   </trkpt>
   <trkpt lat="53.96096000000001" lon="21.537170000000003">
    <ele>133.53</ele>
   </trkpt>
   <trkpt lat="53.96131202001802" lon="21.53607203709323">
    <ele>132.10000000000002</ele>
   </trkpt>
   <trkpt lat="53.9616640300262" lon="21.534974055643364">
    <ele>130.65</ele>
   </trkpt>
   <trkpt lat="53.96201603002426" lon="21.533876055650367">
    <ele>129.76000000000002</ele>
   </trkpt>
   <trkpt lat="53.9623680200119" lon="21.53277803711423">
    <ele>128.93</ele>
   </trkpt>
   <trkpt lat="53.962720000000004" lon="21.53168">
    <ele>127.62</ele>
   </trkpt>
   <trkpt lat="53.962900000000005" lon="21.530690000000003">
    <ele>126.36</ele>
   </trkpt>
   <trkpt lat="53.96303" lon="21.52962">
    <ele>125.46000000000001</ele>
   </trkpt>
   <trkpt lat="53.963060000000006" lon="21.528730000000003">
    <ele>125.67</ele>
   </trkpt>
   <trkpt lat="53.96317752423657" lon="21.527335011798105">
    <ele>126.0</ele>
   </trkpt>
   <trkpt lat="53.963295032315486" lon="21.525940015730665">
    <ele>126.67</ele>
   </trkpt>
   <trkpt lat="53.9634125242366" lon="21.524545011798676">
    <ele>126.76</ele>
   </trkpt>
   <trkpt lat="53.963530000000006" lon="21.52315">
    <ele>128.29999999999998</ele>
   </trkpt>
   <trkpt lat="53.964402500573236" lon="21.522930013822794">
    <ele>126.9</ele>
   </trkpt>
   <trkpt lat="53.965275000744626" lon="21.52271001843581">
    <ele>125.79</ele>
   </trkpt>
   <trkpt lat="53.96614750051417" lon="21.522490013838368">
    <ele>125.2</ele>
   </trkpt>
   <trkpt lat="53.967020000000005" lon="21.522270000000002">
    <ele>125.18</ele>
   </trkpt>
   <trkpt lat="53.967380000000006" lon="21.5222">
    <ele>125.12</ele>
   </trkpt>
   <trkpt lat="53.9675" lon="21.52221">
    <ele>125.12</ele>
   </trkpt>
   <trkpt lat="53.967670000000005" lon="21.52229">
    <ele>124.9</ele>
   </trkpt>
   <trkpt lat="53.968405000692435" lon="21.522714992471517">
    <ele>125.19000000000003</ele>
   </trkpt>
   <trkpt lat="53.96914" lon="21.52314">
    <ele>125.57000000000001</ele>
   </trkpt>
   <trkpt lat="53.96940000000001" lon="21.52327">
    <ele>125.7</ele>
   </trkpt>
   <trkpt lat="53.96963" lon="21.52335">
    <ele>125.65</ele>
   </trkpt>
   <trkpt lat="53.96983" lon="21.52336">
    <ele>125.68</ele>
   </trkpt>
   <trkpt lat="53.97001" lon="21.52333">
    <ele>125.82000000000001</ele>
   </trkpt>
   <trkpt lat="53.97051000011472" lon="21.52320000154818">
    <ele>126.36</ele>
   </trkpt>
   <trkpt lat="53.97101000000001" lon="21.52307">
    <ele>126.86</ele>
   </trkpt>
   <trkpt lat="53.97135" lon="21.52307">
    <ele>127.23</ele>
   </trkpt>
   <trkpt lat="53.972145000015836" lon="21.523164998184978">
    <ele>128.09</ele>
   </trkpt>
   <trkpt lat="53.97294" lon="21.52326">
    <ele>129.44</ele>
   </trkpt>
   <trkpt lat="53.97317" lon="21.52336">
    <ele>129.63000000000002</ele>
   </trkpt>
   <trkpt lat="53.97343000000001" lon="21.523590000000002">
    <ele>128.88000000000002</ele>
   </trkpt>
   <trkpt lat="53.973620000000004" lon="21.523780000000002">
    <ele>128.25</ele>
   </trkpt>
   <trkpt lat="53.974160000000005" lon="21.52446">
    <ele>127.64</ele>
   </trkpt>
   <trkpt lat="53.97437000000001" lon="21.524620000000002">
    <ele>127.19</ele>
   </trkpt>
   <trkpt lat="53.97453" lon="21.524700000000003">
    <ele>127.19</ele>
   </trkpt>
   <trkpt lat="53.974880000000006" lon="21.524820000000002">
    <ele>127.09</ele>
   </trkpt>
   <trkpt lat="53.975170000000006" lon="21.524880000000003">
    <ele>127.09</ele>
   </trkpt>
   <trkpt lat="53.97533000000001" lon="21.524880000000003">
    <ele>127.21000000000001</ele>
   </trkpt>
   <trkpt lat="53.975440000000006" lon="21.52483">
    <ele>127.21000000000001</ele>
   </trkpt>
   <trkpt lat="53.97558000000001" lon="21.524690000000003">
    <ele>127.22</ele>
   </trkpt>
   <trkpt lat="53.975660000000005" lon="21.52455">
    <ele>127.17</ele>
   </trkpt>
   <trkpt lat="53.975970000000004" lon="21.5238">
    <ele>126.57000000000001</ele>
   </trkpt>
   <trkpt lat="53.976310000000005" lon="21.52306">
    <ele>125.69000000000003</ele>
   </trkpt>
   <trkpt lat="53.976560000000006" lon="21.52267">
    <ele>125.78</ele>
   </trkpt>
   <trkpt lat="53.976980000000005" lon="21.52231">
    <ele>126.71000000000001</ele>
   </trkpt>
   <trkpt lat="53.977360000000004" lon="21.52204">
    <ele>127.58</ele>
   </trkpt>
   <trkpt lat="53.9780550003718" lon="21.521735005094335">
    <ele>129.98000000000002</ele>
   </trkpt>
   <trkpt lat="53.978750000000005" lon="21.521430000000002">
    <ele>130.76999999999998</ele>
   </trkpt>
   <trkpt lat="53.97914" lon="21.52129">
    <ele>129.78</ele>
   </trkpt>
   <trkpt lat="53.97973" lon="21.520960000000002">
    <ele>128.76000000000002</ele>
   </trkpt>
   <trkpt lat="53.98012000000001" lon="21.52064">
    <ele>127.94</ele>
   </trkpt>
   <trkpt lat="53.98064" lon="21.520180000000003">
    <ele>127.66000000000003</ele>
   </trkpt>
   <trkpt lat="53.98106000000001" lon="21.519740000000002">
    <ele>126.78</ele>
   </trkpt>
   <trkpt lat="53.981465000966715" lon="21.51926000465446">
    <ele>125.79</ele>
   </trkpt>
   <trkpt lat="53.98187000000001" lon="21.518780000000003">
    <ele>126.32000000000001</ele>
   </trkpt>
   <trkpt lat="53.98243000224745" lon="21.518050009767638">
    <ele>127.22</ele>
   </trkpt>
   <trkpt lat="53.98299" lon="21.51732">
    <ele>127.9</ele>
   </trkpt>
   <trkpt lat="53.98321000000001" lon="21.51698">
    <ele>128.44</ele>
   </trkpt>
   <trkpt lat="53.98365000273216" lon="21.516180008312965">
    <ele>130.19</ele>
   </trkpt>
   <trkpt lat="53.98409" lon="21.51538">
    <ele>132.09</ele>
   </trkpt>
   <trkpt lat="53.98434" lon="21.51499">
    <ele>132.20000000000002</ele>
   </trkpt>
   <trkpt lat="53.98462000000001" lon="21.514670000000002">
    <ele>131.82000000000002</ele>
   </trkpt>
   <trkpt lat="53.98498000000001" lon="21.51443">
    <ele>131.01999999999998</ele>
   </trkpt>
   <trkpt lat="53.985110000000006" lon="21.514400000000002">
    <ele>129.86</ele>
   </trkpt>
   <trkpt lat="53.98571000001927" lon="21.514365000503382">
    <ele>128.16000000000003</ele>
   </trkpt>
   <trkpt lat="53.98631" lon="21.51433">
    <ele>127.23</ele>
   </trkpt>
   <trkpt lat="53.986470000000004" lon="21.514280000000003">
    <ele>127.63000000000002</ele>
   </trkpt>
   <trkpt lat="53.9868" lon="21.51405">
    <ele>127.73</ele>
   </trkpt>
   <trkpt lat="53.98731000000001" lon="21.51359">
    <ele>127.41000000000003</ele>
   </trkpt>
   <trkpt lat="53.98771000000001" lon="21.5132">
    <ele>128.22</ele>
   </trkpt>
   <trkpt lat="53.98821" lon="21.512770000000003">
    <ele>128.44</ele>
   </trkpt>
   <trkpt lat="53.98845000000001" lon="21.51263">
    <ele>128.23000000000002</ele>
   </trkpt>
   <trkpt lat="53.98866" lon="21.51255">
    <ele>127.68</ele>
   </trkpt>
   <trkpt lat="53.988890000000005" lon="21.512520000000002">
    <ele>127.39</ele>
   </trkpt>
   <trkpt lat="53.98942000007652" lon="21.512480000503803">
    <ele>127.39</ele>
   </trkpt>
   <trkpt lat="53.98995000000001" lon="21.51244">
    <ele>127.63000000000002</ele>
   </trkpt>
   <trkpt lat="53.99015000000001" lon="21.512400000000003">
    <ele>127.76</ele>
   </trkpt>
   <trkpt lat="53.990750000000006" lon="21.5122">
    <ele>128.48000000000002</ele>
   </trkpt>
   <trkpt lat="53.99116000000001" lon="21.512030000000003">
    <ele>129.59</ele>
   </trkpt>
   <trkpt lat="53.99192000000001" lon="21.511650000000003">
    <ele>133.99</ele>
   </trkpt>
   <trkpt lat="53.992340000000006" lon="21.5115">
    <ele>135.77</ele>
   </trkpt>
   <trkpt lat="53.992720000000006" lon="21.511390000000002">
    <ele>136.27</ele>
   </trkpt>
   <trkpt lat="53.99325000000319" lon="21.511280001409926">
    <ele>137.43000000000004</ele>
   </trkpt>
   <trkpt lat="53.99378" lon="21.511170000000003">
    <ele>137.37</ele>
   </trkpt>
   <trkpt lat="53.99421" lon="21.51106">
    <ele>135.93</ele>
   </trkpt>
   <trkpt lat="53.99494000000001" lon="21.510800000000003">
    <ele>131.96</ele>
   </trkpt>
   <trkpt lat="53.99537" lon="21.510610000000003">
    <ele>131.65</ele>
   </trkpt>
   <trkpt lat="53.995670000000004" lon="21.51038">
    <ele>131.63</ele>
   </trkpt>
   <trkpt lat="53.995850000000004" lon="21.51021">
    <ele>131.68</ele>
   </trkpt>
   <trkpt lat="53.996080000000006" lon="21.50985">
    <ele>131.01000000000002</ele>
   </trkpt>
   <trkpt lat="53.996610000000004" lon="21.50878">
    <ele>127.46000000000002</ele>
   </trkpt>
   <trkpt lat="53.99712" lon="21.507900000000003">
    <ele>126.22</ele>
   </trkpt>
   <trkpt lat="53.99763000455801" lon="21.508944987252136">
    <ele>124.94000000000001</ele>
   </trkpt>
   <trkpt lat="53.99814000000001" lon="21.509990000000002">
    <ele>123.83000000000001</ele>
   </trkpt>
   <trkpt lat="53.998270000000005" lon="21.51021">
    <ele>123.15</ele>
   </trkpt>
   <trkpt lat="53.99842" lon="21.51039">
    <ele>122.85000000000001</ele>
   </trkpt>
   <trkpt lat="53.99871" lon="21.510810000000003">
    <ele>122.65</ele>
   </trkpt>
   <trkpt lat="53.99897000000001" lon="21.51068">
    <ele>122.9</ele>
   </trkpt>
   <trkpt lat="53.99907" lon="21.51058">
    <ele>123.06000000000002</ele>
   </trkpt>
   <trkpt lat="53.99938" lon="21.510160000000003">
    <ele>123.91</ele>
   </trkpt>
   <trkpt lat="53.999500000000005" lon="21.5101">
    <ele>125.72</ele>
   </trkpt>
   <trkpt lat="53.99958" lon="21.51012">
    <ele>125.72</ele>
   </trkpt>
   <trkpt lat="53.99963" lon="21.510180000000002">
    <ele>125.72</ele>
   </trkpt>
   <trkpt lat="53.99989000000001" lon="21.51068">
    <ele>126.95</ele>
   </trkpt>
   <trkpt lat="54.00011000000001" lon="21.51104">
    <ele>128.79000000000002</ele>
   </trkpt>
   <trkpt lat="54.00063" lon="21.51171">
    <ele>130.76000000000002</ele>
   </trkpt>
   <trkpt lat="54.000620000000005" lon="21.51169">
    <ele>130.53</ele>
   </trkpt>
   <trkpt lat="54.001000000000005" lon="21.51219">
    <ele>130.4</ele>
   </trkpt>
   <trkpt lat="54.001380000000005" lon="21.51272">
    <ele>128.72</ele>
   </trkpt>
   <trkpt lat="54.001780000000004" lon="21.51338">
    <ele>129.29999999999998</ele>
   </trkpt>
   <trkpt lat="54.00198" lon="21.51385">
    <ele>129.17000000000002</ele>
   </trkpt>
   <trkpt lat="54.00213" lon="21.51405">
    <ele>128.72</ele>
   </trkpt>
   <trkpt lat="54.002740001727645" lon="21.51465999124393">
    <ele>129.49</ele>
   </trkpt>
   <trkpt lat="54.003350000000005" lon="21.51527">
    <ele>132.97</ele>
   </trkpt>
   <trkpt lat="54.003820003871844" lon="21.515953317895836">
    <ele>136.32000000000002</ele>
   </trkpt>
   <trkpt lat="54.004290003868526" lon="21.516636651224104">
    <ele>138.84</ele>
   </trkpt>
   <trkpt lat="54.004760000000005" lon="21.51732">
    <ele>139.03</ele>
   </trkpt>
   <trkpt lat="54.005397506545364" lon="21.518044966687157">
    <ele>138.12</ele>
   </trkpt>
   <trkpt lat="54.00603500872881" lon="21.51876995558389">
    <ele>134.47</ele>
   </trkpt>
   <trkpt lat="54.00667250655011" lon="21.519494966691248">
    <ele>133.33</ele>
   </trkpt>
   <trkpt lat="54.007310000000004" lon="21.520220000000002">
    <ele>136.58</ele>
   </trkpt>
   <trkpt lat="54.00759000000001" lon="21.5207">
    <ele>137.14000000000001</ele>
   </trkpt>
   <trkpt lat="54.008070000000004" lon="21.52177">
    <ele>133.45000000000002</ele>
   </trkpt>
   <trkpt lat="54.008480000000006" lon="21.52276">
    <ele>132.20000000000002</ele>
   </trkpt>
   <trkpt lat="54.00903" lon="21.523410000000002">
    <ele>130.37</ele>
   </trkpt>
   <trkpt lat="54.00972" lon="21.52429">
    <ele>128.20000000000002</ele>
   </trkpt>
   <trkpt lat="54.009980000000006" lon="21.524700000000003">
    <ele>128.87</ele>
   </trkpt>
   <trkpt lat="54.010470000000005" lon="21.525540000000003">
    <ele>130.78</ele>
   </trkpt>
   <trkpt lat="54.01053" lon="21.525830000000003">
    <ele>130.78</ele>
   </trkpt>
   <trkpt lat="54.010580000000004" lon="21.52673">
    <ele>132.79000000000002</ele>
   </trkpt>
   <trkpt lat="54.010685002478915" lon="21.527499998194973">
    <ele>134.95000000000002</ele>
   </trkpt>
   <trkpt lat="54.01079000000001" lon="21.528270000000003">
    <ele>135.14000000000001</ele>
   </trkpt>
   <trkpt lat="54.01111000420312" lon="21.52927999213957">
    <ele>133.17000000000002</ele>
   </trkpt>
   <trkpt lat="54.011430000000004" lon="21.53029">
    <ele>131.09</ele>
   </trkpt>
   <trkpt lat="54.011630000000004" lon="21.531280000000002">
    <ele>129.52</ele>
   </trkpt>
   <trkpt lat="54.011990000000004" lon="21.532200000000003">
    <ele>128.35000000000002</ele>
   </trkpt>
   <trkpt lat="54.01212" lon="21.53274">
    <ele>128.20000000000002</ele>
   </trkpt>
   <trkpt lat="54.01241" lon="21.533170000000002">
    <ele>128.04000000000002</ele>
   </trkpt>
   <trkpt lat="54.01281" lon="21.533420000000003">
    <ele>127.87</ele>
   </trkpt>
   <trkpt lat="54.013110000000005" lon="21.533510000000003">
    <ele>128.26000000000002</ele>
   </trkpt>
   <trkpt lat="54.01357" lon="21.53331">
    <ele>129.26000000000002</ele>
   </trkpt>
   <trkpt lat="54.01381000000001" lon="21.533130000000003">
    <ele>129.24</ele>
   </trkpt>
   <trkpt lat="54.01406000000001" lon="21.5329">
    <ele>129.57000000000002</ele>
   </trkpt>
   <trkpt lat="54.01428000000001" lon="21.532600000000002">
    <ele>130.36</ele>
   </trkpt>
   <trkpt lat="54.014450000000004" lon="21.532290000000003">
    <ele>131.39000000000001</ele>
   </trkpt>
   <trkpt lat="54.01475000000001" lon="21.531940000000002">
    <ele>133.69</ele>
   </trkpt>
   <trkpt lat="54.01484000000001" lon="21.531740000000003">
    <ele>134.41</ele>
   </trkpt>
   <trkpt lat="54.015060000000005" lon="21.53083">
    <ele>139.79</ele>
   </trkpt>
   <trkpt lat="54.01514" lon="21.53056">
    <ele>141.45000000000002</ele>
   </trkpt>
   <trkpt lat="54.01521" lon="21.53038">
    <ele>142.09000000000003</ele>
   </trkpt>
   <trkpt lat="54.01536" lon="21.530150000000003">
    <ele>143.26</ele>
   </trkpt>
   <trkpt lat="54.015510000000006" lon="21.530040000000003">
    <ele>144.14000000000001</ele>
   </trkpt>
   <trkpt lat="54.01596000000001" lon="21.529760000000003">
    <ele>145.38</ele>
   </trkpt>
   <trkpt lat="54.01612000000001" lon="21.52972">
    <ele>145.55</ele>
   </trkpt>
   <trkpt lat="54.01652000000001" lon="21.52972">
    <ele>144.78000000000003</ele>
   </trkpt>
   <trkpt lat="54.017030000000005" lon="21.52962">
    <ele>145.31000000000003</ele>
   </trkpt>
   <trkpt lat="54.01742" lon="21.529310000000002">
    <ele>145.99</ele>
   </trkpt>
   <trkpt lat="54.017720000000004" lon="21.528910000000003">
    <ele>146.05</ele>
   </trkpt>
   <trkpt lat="54.017990000000005" lon="21.52841">
    <ele>147.53000000000003</ele>
   </trkpt>
   <trkpt lat="54.01841" lon="21.52775">
    <ele>147.98</ele>
   </trkpt>
   <trkpt lat="54.018750000000004" lon="21.52738">
    <ele>145.73</ele>
   </trkpt>
   <trkpt lat="54.019070000000006" lon="21.527220000000003">
    <ele>144.8</ele>
   </trkpt>
   <trkpt lat="54.019739999998215" lon="21.527045002852326">
    <ele>138.17000000000002</ele>
   </trkpt>
   <trkpt lat="54.020410000000005" lon="21.526870000000002">
    <ele>135.04000000000002</ele>
   </trkpt>
   <trkpt lat="54.02109666883012" lon="21.526363350037016">
    <ele>130.29999999999998</ele>
   </trkpt>
   <trkpt lat="54.02178333553023" lon="21.525856683346007">
    <ele>127.07000000000001</ele>
   </trkpt>
   <trkpt lat="54.022470000000006" lon="21.525350000000003">
    <ele>130.58</ele>
   </trkpt>
   <trkpt lat="54.02300500141371" lon="21.52477500735094">
    <ele>135.11</ele>
   </trkpt>
   <trkpt lat="54.023540000000004" lon="21.5242">
    <ele>137.16</ele>
   </trkpt>
   <trkpt lat="54.023900000000005" lon="21.523580000000003">
    <ele>134.21</ele>
   </trkpt>
   <trkpt lat="54.02431000000001" lon="21.523000000000003">
    <ele>131.81</ele>
   </trkpt>
   <trkpt lat="54.024680000000004" lon="21.522540000000003">
    <ele>130.54999999999998</ele>
   </trkpt>
   <trkpt lat="54.025110000000005" lon="21.52186">
    <ele>129.77</ele>
   </trkpt>
   <trkpt lat="54.02516000000001" lon="21.521710000000002">
    <ele>129.81</ele>
   </trkpt>
   <trkpt lat="54.02519" lon="21.52136">
    <ele>129.07000000000002</ele>
   </trkpt>
   <trkpt lat="54.0255" lon="21.521420000000003">
    <ele>131.39000000000001</ele>
   </trkpt>
   <trkpt lat="54.02562" lon="21.52137">
    <ele>131.86</ele>
   </trkpt>
   <trkpt lat="54.025710000000004" lon="21.52127">
    <ele>131.86</ele>
   </trkpt>
   <trkpt lat="54.026" lon="21.520930000000003">
    <ele>132.05</ele>
   </trkpt>
   <trkpt lat="54.02653500194456" lon="21.52024500881479">
    <ele>132.16</ele>
   </trkpt>
   <trkpt lat="54.02707" lon="21.519560000000002">
    <ele>132.54000000000002</ele>
   </trkpt>
   <trkpt lat="54.02716" lon="21.519560000000002">
    <ele>132.31</ele>
   </trkpt>
   <trkpt lat="54.027910000000006" lon="21.5198">
    <ele>129.15</ele>
   </trkpt>
   <trkpt lat="54.02801" lon="21.51976">
    <ele>129.15</ele>
   </trkpt>
   <trkpt lat="54.028150000000004" lon="21.51969">
    <ele>128.72</ele>
   </trkpt>
   <trkpt lat="54.028490000000005" lon="21.519740000000002">
    <ele>128.54999999999998</ele>
   </trkpt>
   <trkpt lat="54.02859" lon="21.519660000000002">
    <ele>128.79000000000002</ele>
   </trkpt>
   <trkpt lat="54.028740000000006" lon="21.519470000000002">
    <ele>128.86</ele>
   </trkpt>
   <trkpt lat="54.02877" lon="21.519360000000002">
    <ele>128.85000000000002</ele>
   </trkpt>
   <trkpt lat="54.02882" lon="21.519280000000002">
    <ele>128.85000000000002</ele>
   </trkpt>
   <trkpt lat="54.028940000000006" lon="21.519190000000002">
    <ele>128.95000000000002</ele>
   </trkpt>
   <trkpt lat="54.029450000000004" lon="21.519260000000003">
    <ele>128.47</ele>
   </trkpt>
   <trkpt lat="54.029590000000006" lon="21.5193">
    <ele>128.46</ele>
   </trkpt>
   <trkpt lat="54.029900000000005" lon="21.519430000000003">
    <ele>128.52</ele>
   </trkpt>
   <trkpt lat="54.030350000391756" lon="21.5196749974263">
    <ele>128.97</ele>
   </trkpt>
   <trkpt lat="54.030800000000006" lon="21.519920000000003">
    <ele>127.36</ele>
   </trkpt>
   <trkpt lat="54.03098000000001" lon="21.51998">
    <ele>126.97</ele>
   </trkpt>
   <trkpt lat="54.0311" lon="21.51997">
    <ele>126.77000000000002</ele>
   </trkpt>
   <trkpt lat="54.031470000000006" lon="21.519820000000003">
    <ele>127.42</ele>
   </trkpt>
   <trkpt lat="54.03192000000001" lon="21.51986">
    <ele>131.63</ele>
   </trkpt>
   <trkpt lat="54.03201000000001" lon="21.519900000000003">
    <ele>131.63</ele>
   </trkpt>
   <trkpt lat="54.03226000693665" lon="21.518610007583174">
    <ele>130.01000000000002</ele>
   </trkpt>
   <trkpt lat="54.03251" lon="21.51732">
    <ele>129.86</ele>
   </trkpt>
   <trkpt lat="54.03274000453259" lon="21.516275005768804">
    <ele>130.14000000000001</ele>
   </trkpt>
   <trkpt lat="54.032970000000006" lon="21.515230000000003">
    <ele>129.94</ele>
   </trkpt>
   <trkpt lat="54.03331925376814" lon="21.51384846098412">
    <ele>127.85000000000002</ele>
   </trkpt>
   <trkpt lat="54.033668491701114" lon="21.512466898758213">
    <ele>126.30000000000003</ele>
   </trkpt>
   <trkpt lat="54.03401771379841" lon="21.51108531332265">
    <ele>124.38</ele>
   </trkpt>
   <trkpt lat="54.034366920059625" lon="21.509703704677793">
    <ele>124.08000000000001</ele>
   </trkpt>
   <trkpt lat="54.03471611048424" lon="21.508322072824">
    <ele>123.9</ele>
   </trkpt>
   <trkpt lat="54.03506528507181" lon="21.506940417761655">
    <ele>124.01</ele>
   </trkpt>
   <trkpt lat="54.03541444382187" lon="21.505558739491104">
    <ele>124.48</ele>
   </trkpt>
   <trkpt lat="54.03576358673393" lon="21.50417703801272">
    <ele>125.87</ele>
   </trkpt>
   <trkpt lat="54.036112713807526" lon="21.50279531332687">
    <ele>127.18</ele>
   </trkpt>
   <trkpt lat="54.03646182504222" lon="21.501413565433914">
    <ele>129.62</ele>
   </trkpt>
   <trkpt lat="54.03681092043748" lon="21.500031794334227">
    <ele>131.04000000000002</ele>
   </trkpt>
   <trkpt lat="54.03716000000001" lon="21.49865">
    <ele>131.46</ele>
   </trkpt>
   <trkpt lat="54.03753000393656" lon="21.49768500839647">
    <ele>129.9</ele>
   </trkpt>
   <trkpt lat="54.03790000000001" lon="21.496720000000003">
    <ele>128.65</ele>
   </trkpt>
   <trkpt lat="54.038030000000006" lon="21.496950000000002">
    <ele>129.09</ele>
   </trkpt>
   <trkpt lat="54.038590000000006" lon="21.49809">
    <ele>129.29999999999998</ele>
   </trkpt>
   <trkpt lat="54.039136678015154" lon="21.499259969209994">
    <ele>126.81</ele>
   </trkpt>
   <trkpt lat="54.03968334467442" lon="21.500429969193537">
    <ele>124.91000000000001</ele>
   </trkpt>
   <trkpt lat="54.04023" lon="21.501600000000003">
    <ele>123.18</ele>
   </trkpt>
   <trkpt lat="54.040633339202586" lon="21.502436650558437">
    <ele>122.07000000000001</ele>
   </trkpt>
   <trkpt lat="54.04103667259818" lon="21.503273317354022">
    <ele>120.4</ele>
   </trkpt>
   <trkpt lat="54.04144" lon="21.50411">
    <ele>119.25</ele>
   </trkpt>
   <trkpt lat="54.041610000000006" lon="21.504350000000002">
    <ele>118.69</ele>
   </trkpt>
   <trkpt lat="54.04225401131341" lon="21.50517594879821">
    <ele>118.06000000000002</ele>
   </trkpt>
   <trkpt lat="54.0428980169675" lon="21.50600192319239">
    <ele>119.53000000000002</ele>
   </trkpt>
   <trkpt lat="54.04354201696194" lon="21.5068279231837">
    <ele>122.8</ele>
   </trkpt>
   <trkpt lat="54.04418601129645" lon="21.507653948773317">
    <ele>121.19</ele>
   </trkpt>
   <trkpt lat="54.044830000000005" lon="21.508480000000002">
    <ele>121.27000000000001</ele>
   </trkpt>
   <trkpt lat="54.04482" lon="21.508460000000003">
    <ele>121.3</ele>
   </trkpt>
   <trkpt lat="54.04529000161253" lon="21.509089992829995">
    <ele>120.12</ele>
   </trkpt>
   <trkpt lat="54.04576" lon="21.50972">
    <ele>120.46000000000001</ele>
   </trkpt>
   <trkpt lat="54.04612" lon="21.510160000000003">
    <ele>122.65</ele>
   </trkpt>
   <trkpt lat="54.04672000000001" lon="21.51097">
    <ele>126.81</ele>
   </trkpt>
   <trkpt lat="54.04703000000001" lon="21.511450000000004">
    <ele>129.49</ele>
   </trkpt>
   <trkpt lat="54.04721000000001" lon="21.511870000000002">
    <ele>130.13000000000002</ele>
   </trkpt>
   <trkpt lat="54.04730000000001" lon="21.51227">
    <ele>129.69</ele>
   </trkpt>
   <trkpt lat="54.047510002441726" lon="21.513034996186853">
    <ele>129.66</ele>
   </trkpt>
   <trkpt lat="54.047720000000005" lon="21.513800000000003">
    <ele>129.37</ele>
   </trkpt>
   <trkpt lat="54.04791" lon="21.51416">
    <ele>130.31</ele>
   </trkpt>
   <trkpt lat="54.048010000000005" lon="21.514460000000003">
    <ele>131.08</ele>
   </trkpt>
   <trkpt lat="54.04804000000001" lon="21.51473">
    <ele>131.08</ele>
   </trkpt>
   <trkpt lat="54.04802" lon="21.515060000000002">
    <ele>132.38</ele>
   </trkpt>
   <trkpt lat="54.04796" lon="21.51547">
    <ele>134.46</ele>
   </trkpt>
   <trkpt lat="54.047610000000006" lon="21.51648">
    <ele>138.31</ele>
   </trkpt>
   <trkpt lat="54.047290000000004" lon="21.517380000000003">
    <ele>141.69</ele>
   </trkpt>
   <trkpt lat="54.04704" lon="21.518150000000002">
    <ele>146.53000000000003</ele>
   </trkpt>
   <trkpt lat="54.046890000000005" lon="21.519060000000003">
    <ele>150.41000000000003</ele>
   </trkpt>
   <trkpt lat="54.04684" lon="21.5197">
    <ele>152.33</ele>
   </trkpt>
   <trkpt lat="54.04684" lon="21.52064">
    <ele>154.65</ele>
   </trkpt>
   <trkpt lat="54.046890000000005" lon="21.52174">
    <ele>151.83</ele>
   </trkpt>
   <trkpt lat="54.04697" lon="21.52232">
    <ele>150.7</ele>
   </trkpt>
   <trkpt lat="54.047320000000006" lon="21.523580000000003">
    <ele>148.88</ele>
   </trkpt>
   <trkpt lat="54.047900000000006" lon="21.52468">
    <ele>147.06000000000003</ele>
   </trkpt>
   <trkpt lat="54.04816" lon="21.52512">
    <ele>145.18</ele>
   </trkpt>
   <trkpt lat="54.04849" lon="21.52548">
    <ele>144.06000000000003</ele>
   </trkpt>
   <trkpt lat="54.048860000000005" lon="21.525750000000002">
    <ele>141.84000000000003</ele>
   </trkpt>
   <trkpt lat="54.04899" lon="21.52579">
    <ele>140.59</ele>
   </trkpt>
   <trkpt lat="54.0491" lon="21.52571">
    <ele>139.72</ele>
   </trkpt>
   <trkpt lat="54.049600001192935" lon="21.52515000685915">
    <ele>135.35</ele>
   </trkpt>
   <trkpt lat="54.05010000000001" lon="21.524590000000003">
    <ele>132.97</ele>
   </trkpt>
   <trkpt lat="54.05024" lon="21.524530000000002">
    <ele>132.84</ele>
   </trkpt>
   <trkpt lat="54.05037" lon="21.52456">
    <ele>132.81</ele>
   </trkpt>
   <trkpt lat="54.05106000000001" lon="21.525000000000002">
    <ele>132.96</ele>
   </trkpt>
   <trkpt lat="54.05151000000001" lon="21.525840000000002">
    <ele>132.67000000000002</ele>
   </trkpt>
   <trkpt lat="54.05194" lon="21.526470000000003">
    <ele>135.75</ele>
   </trkpt>
   <trkpt lat="54.05245000000001" lon="21.527030000000003">
    <ele>136.52</ele>
   </trkpt>
   <trkpt lat="54.052820000000004" lon="21.527310000000003">
    <ele>135.81</ele>
   </trkpt>
   <trkpt lat="54.05360000066485" lon="21.527669993300016">
    <ele>138.19</ele>
   </trkpt>
   <trkpt lat="54.05438" lon="21.52803">
    <ele>136.78</ele>
   </trkpt>
   <trkpt lat="54.05480000000001" lon="21.528060000000004">
    <ele>136.57000000000002</ele>
   </trkpt>
   <trkpt lat="54.05552000027628" lon="21.527790004689262">
    <ele>136.96</ele>
   </trkpt>
   <trkpt lat="54.05624" lon="21.527520000000003">
    <ele>136.62</ele>
   </trkpt>
   <trkpt lat="54.05675" lon="21.52736">
    <ele>134.39000000000001</ele>
   </trkpt>
   <trkpt lat="54.05697000000001" lon="21.527310000000003">
    <ele>133.34</ele>
   </trkpt>
   <trkpt lat="54.057190000000006" lon="21.5274">
    <ele>132.75</ele>
   </trkpt>
   <trkpt lat="54.05760000000001" lon="21.527440000000002">
    <ele>131.98000000000002</ele>
   </trkpt>
   <trkpt lat="54.05805" lon="21.527430000000003">
    <ele>131.78</ele>
   </trkpt>
   <trkpt lat="54.05880999994289" lon="21.527524998250023">
    <ele>131.44</ele>
   </trkpt>
   <trkpt lat="54.05957000000001" lon="21.527620000000002">
    <ele>131.24</ele>
   </trkpt>
   <trkpt lat="54.05997000000001" lon="21.527730000000002">
    <ele>131.09</ele>
   </trkpt>
   <trkpt lat="54.060100000000006" lon="21.527890000000003">
    <ele>131.08</ele>
   </trkpt>
   <trkpt lat="54.06024000000001" lon="21.52813">
    <ele>131.29000000000002</ele>
   </trkpt>
   <trkpt lat="54.06025" lon="21.528280000000002">
    <ele>131.43</ele>
   </trkpt>
   <trkpt lat="54.060320000000004" lon="21.5285">
    <ele>131.43</ele>
   </trkpt>
   <trkpt lat="54.06049" lon="21.52862">
    <ele>132.18</ele>
   </trkpt>
   <trkpt lat="54.060810000000004" lon="21.528640000000003">
    <ele>132.49</ele>
   </trkpt>
   <trkpt lat="54.060880000000004" lon="21.5287">
    <ele>132.86</ele>
   </trkpt>
   <trkpt lat="54.061080000000004" lon="21.529100000000003">
    <ele>133.46</ele>
   </trkpt>
   <trkpt lat="54.0613" lon="21.52935">
    <ele>134.23000000000002</ele>
   </trkpt>
   <trkpt lat="54.06167000000001" lon="21.52984">
    <ele>134.68</ele>
   </trkpt>
   <trkpt lat="54.06221000000001" lon="21.530430000000003">
    <ele>134.43</ele>
   </trkpt>
   <trkpt lat="54.06279000000001" lon="21.53094">
    <ele>133.14000000000001</ele>
   </trkpt>
   <trkpt lat="54.06313" lon="21.531200000000002">
    <ele>132.21</ele>
   </trkpt>
   <trkpt lat="54.06345" lon="21.531280000000002">
    <ele>131.15</ele>
   </trkpt>
   <trkpt lat="54.063770000000005" lon="21.53132">
    <ele>130.82000000000002</ele>
   </trkpt>
   <trkpt lat="54.06439" lon="21.531660000000002">
    <ele>130.10000000000002</ele>
   </trkpt>
   <trkpt lat="54.06461" lon="21.5319">
    <ele>129.62</ele>
   </trkpt>
   <trkpt lat="54.06550000000001" lon="21.532110000000003">
    <ele>128.43</ele>
   </trkpt>
   <trkpt lat="54.06577000000001" lon="21.53209">
    <ele>127.73</ele>
   </trkpt>
   <trkpt lat="54.06598" lon="21.53188">
    <ele>127.34</ele>
   </trkpt>
   <trkpt lat="54.066190000000006" lon="21.5316">
    <ele>127.33</ele>
   </trkpt>
   <trkpt lat="54.066625000849164" lon="21.531170004422897">
    <ele>127.9</ele>
   </trkpt>
   <trkpt lat="54.067060000000005" lon="21.53074">
    <ele>127.71000000000002</ele>
   </trkpt>
   <trkpt lat="54.06748500062427" lon="21.530350003997487">
    <ele>127.68</ele>
   </trkpt>
   <trkpt lat="54.067910000000005" lon="21.529960000000003">
    <ele>127.32000000000001</ele>
   </trkpt>
   <trkpt lat="54.0681" lon="21.529760000000003">
    <ele>127.26</ele>
   </trkpt>
   <trkpt lat="54.06842" lon="21.52952">
    <ele>127.59</ele>
   </trkpt>
   <trkpt lat="54.06893000023183" lon="21.529225003697963">
    <ele>128.69</ele>
   </trkpt>
   <trkpt lat="54.06944000000001" lon="21.528930000000003">
    <ele>127.4</ele>
   </trkpt>
   <trkpt lat="54.06978" lon="21.52878">
    <ele>127.11</ele>
   </trkpt>
   <trkpt lat="54.070150000000005" lon="21.528650000000003">
    <ele>126.78</ele>
   </trkpt>
   <trkpt lat="54.070530000000005" lon="21.528570000000002">
    <ele>126.04</ele>
   </trkpt>
   <trkpt lat="54.07081" lon="21.52862">
    <ele>125.7</ele>
   </trkpt>
   <trkpt lat="54.07106" lon="21.52859">
    <ele>125.27000000000002</ele>
   </trkpt>
   <trkpt lat="54.071630000000006" lon="21.52839">
    <ele>124.88</ele>
   </trkpt>
   <trkpt lat="54.07184" lon="21.52821">
    <ele>124.60000000000001</ele>
   </trkpt>
   <trkpt lat="54.07237000000001" lon="21.52755">
    <ele>123.67000000000002</ele>
   </trkpt>
   <trkpt lat="54.07296" lon="21.526880000000002">
    <ele>123.96000000000001</ele>
   </trkpt>
   <trkpt lat="54.07309000000001" lon="21.526760000000003">
    <ele>123.96000000000001</ele>
   </trkpt>
   <trkpt lat="54.07321" lon="21.52672">
    <ele>124.2</ele>
   </trkpt>
   <trkpt lat="54.07385000000001" lon="21.5267">
    <ele>124.87</ele>
   </trkpt>
   <trkpt lat="54.07432000000001" lon="21.5267">
    <ele>125.0</ele>
   </trkpt>
   <trkpt lat="54.074510000000004" lon="21.52664">
    <ele>124.86000000000001</ele>
   </trkpt>
   <trkpt lat="54.074690000000004" lon="21.526500000000002">
    <ele>124.4</ele>
   </trkpt>
   <trkpt lat="54.074830000000006" lon="21.52633">
    <ele>124.23</ele>
   </trkpt>
   <trkpt lat="54.07524000000001" lon="21.52568">
    <ele>124.66000000000001</ele>
   </trkpt>
   <trkpt lat="54.075430000000004" lon="21.52543">
    <ele>125.28</ele>
   </trkpt>
   <trkpt lat="54.076010000000004" lon="21.52494">
    <ele>127.54</ele>
   </trkpt>
   <trkpt lat="54.07631000000001" lon="21.524540000000002">
    <ele>127.7</ele>
   </trkpt>
   <trkpt lat="54.0765" lon="21.52436">
    <ele>128.18</ele>
   </trkpt>
   <trkpt lat="54.076710000000006" lon="21.52421">
    <ele>128.84</ele>
   </trkpt>
   <trkpt lat="54.07746" lon="21.52374">
    <ele>132.48000000000002</ele>
   </trkpt>
   <trkpt lat="54.077670000000005" lon="21.523590000000002">
    <ele>133.16</ele>
   </trkpt>
   <trkpt lat="54.078390000000006" lon="21.52299">
    <ele>134.97</ele>
   </trkpt>
   <trkpt lat="54.07867" lon="21.522930000000002">
    <ele>135.57000000000002</ele>
   </trkpt>
   <trkpt lat="54.079170000000005" lon="21.52278">
    <ele>137.59</ele>
   </trkpt>
   <trkpt lat="54.079280000000004" lon="21.52271">
    <ele>137.74</ele>
   </trkpt>
   <trkpt lat="54.07949000000001" lon="21.522360000000003">
    <ele>137.24</ele>
   </trkpt>
   <trkpt lat="54.079890000000006" lon="21.52193">
    <ele>136.94</ele>
   </trkpt>
   <trkpt lat="54.080510000000004" lon="21.521050000000002">
    <ele>139.26000000000002</ele>
   </trkpt>
   <trkpt lat="54.080850000000005" lon="21.520470000000003">
    <ele>142.29</ele>
   </trkpt>
   <trkpt lat="54.08088000000001" lon="21.52055">
    <ele>142.07</ele>
   </trkpt>
   <trkpt lat="54.08093" lon="21.52062">
    <ele>142.07</ele>
   </trkpt>
   <trkpt lat="54.08106000000001" lon="21.5207">
    <ele>141.14000000000001</ele>
   </trkpt>
   <trkpt lat="54.08137000000001" lon="21.520760000000003">
    <ele>140.58</ele>
   </trkpt>
   <trkpt lat="54.08162" lon="21.520750000000003">
    <ele>140.20000000000002</ele>
   </trkpt>
   <trkpt lat="54.081720000000004" lon="21.52073">
    <ele>139.89000000000001</ele>
   </trkpt>
   <trkpt lat="54.08225000017585" lon="21.52047500330155">
    <ele>139.85</ele>
   </trkpt>
   <trkpt lat="54.08278000000001" lon="21.520220000000002">
    <ele>140.27</ele>
   </trkpt>
   <trkpt lat="54.08361000000001" lon="21.51985">
    <ele>140.48000000000002</ele>
   </trkpt>
   <trkpt lat="54.084" lon="21.519650000000002">
    <ele>140.54</ele>
   </trkpt>
   <trkpt lat="54.084500000000006" lon="21.520860000000003">
    <ele>136.82000000000002</ele>
   </trkpt>
   <trkpt lat="54.08458" lon="21.52102">
    <ele>136.5</ele>
   </trkpt>
   <trkpt lat="54.084720000000004" lon="21.521210000000004">
    <ele>136.3</ele>
   </trkpt>
   <trkpt lat="54.085100000000004" lon="21.5222">
    <ele>136.45000000000002</ele>
   </trkpt>
   <trkpt lat="54.08557000552533" lon="21.52335998673058">
    <ele>136.23000000000002</ele>
   </trkpt>
   <trkpt lat="54.086040000000004" lon="21.524520000000003">
    <ele>136.29000000000002</ele>
   </trkpt>
   <trkpt lat="54.085930000000005" lon="21.524910000000002">
    <ele>135.63</ele>
   </trkpt>
   <trkpt lat="54.08592" lon="21.525000000000002">
    <ele>135.63</ele>
   </trkpt>
   <trkpt lat="54.085930000000005" lon="21.525090000000002">
    <ele>134.89000000000001</ele>
   </trkpt>
   <trkpt lat="54.08601" lon="21.52523">
    <ele>134.89000000000001</ele>
   </trkpt>
   <trkpt lat="54.08634000000001" lon="21.525640000000003">
    <ele>133.13</ele>
   </trkpt>
   <trkpt lat="54.08662" lon="21.526310000000002">
    <ele>131.95000000000002</ele>
   </trkpt>
   <trkpt lat="54.08693000199853" lon="21.526994995000255">
    <ele>131.53</ele>
   </trkpt>
   <trkpt lat="54.08724" lon="21.52768">
    <ele>133.18</ele>
   </trkpt>
   <trkpt lat="54.087700012420804" lon="21.52890330624335">
    <ele>134.94</ele>
   </trkpt>
   <trkpt lat="54.08816001243368" lon="21.530126639610383">
    <ele>133.23000000000002</ele>
   </trkpt>
   <trkpt lat="54.088620000000006" lon="21.531350000000003">
    <ele>131.57000000000002</ele>
   </trkpt>
   <trkpt lat="54.08865" lon="21.531480000000002">
    <ele>131.76999999999998</ele>
   </trkpt>
   <trkpt lat="54.088660000000004" lon="21.531750000000002">
    <ele>132.20000000000002</ele>
   </trkpt>
   <trkpt lat="54.08856" lon="21.53291">
    <ele>132.39000000000001</ele>
   </trkpt>
   <trkpt lat="54.08845000233157" lon="21.53365500176736">
    <ele>132.37</ele>
   </trkpt>
   <trkpt lat="54.08834" lon="21.5344">
    <ele>131.83</ele>
   </trkpt>
   <trkpt lat="54.088240000000006" lon="21.534920000000003">
    <ele>131.37</ele>
   </trkpt>
   <trkpt lat="54.08820000000001" lon="21.53506">
    <ele>131.28</ele>
   </trkpt>
   <trkpt lat="54.08807" lon="21.53535">
    <ele>131.25</ele>
   </trkpt>
   <trkpt lat="54.08758" lon="21.536">
    <ele>132.11</ele>
   </trkpt>
   <trkpt lat="54.08701000183408" lon="21.536665009133944">
    <ele>134.62</ele>
   </trkpt>
   <trkpt lat="54.08644" lon="21.53733">
    <ele>138.08</ele>
   </trkpt>
   <trkpt lat="54.086290000000005" lon="21.53741">
    <ele>138.45000000000002</ele>
   </trkpt>
   <trkpt lat="54.086130000000004" lon="21.53741">
    <ele>138.31</ele>
   </trkpt>
   <trkpt lat="54.08587000000001" lon="21.53732">
    <ele>137.73000000000002</ele>
   </trkpt>
   <trkpt lat="54.085770000000004" lon="21.53733">
    <ele>137.73000000000002</ele>
   </trkpt>
   <trkpt lat="54.08569000000001" lon="21.537380000000002">
    <ele>137.73000000000002</ele>
   </trkpt>
   <trkpt lat="54.08549000000001" lon="21.5378">
    <ele>138.83</ele>
   </trkpt>
   <trkpt lat="54.08547000000001" lon="21.537950000000002">
    <ele>139.13</ele>
   </trkpt>
   <trkpt lat="54.085570000000004" lon="21.538220000000003">
    <ele>139.47</ele>
   </trkpt>
   <trkpt lat="54.08585000000001" lon="21.538860000000003">
    <ele>139.02</ele>
   </trkpt>
   <trkpt lat="54.086380000000005" lon="21.53958">
    <ele>138.26000000000002</ele>
   </trkpt>
   <trkpt lat="54.086855002160554" lon="21.540279992177418">
    <ele>137.63</ele>
   </trkpt>
   <trkpt lat="54.08733" lon="21.54098">
    <ele>137.69</ele>
   </trkpt>
   <trkpt lat="54.08778333801197" lon="21.541729983636547">
    <ele>138.59</ele>
   </trkpt>
   <trkpt lat="54.088236671360214" lon="21.54247998366096">
    <ele>140.05</ele>
   </trkpt>
   <trkpt lat="54.08869000000001" lon="21.54323">
    <ele>140.54</ele>
   </trkpt>
   <trkpt lat="54.08885000000001" lon="21.543480000000002">
    <ele>141.81</ele>
   </trkpt>
   <trkpt lat="54.089040000000004" lon="21.54371">
    <ele>141.66</ele>
   </trkpt>
   <trkpt lat="54.08912" lon="21.543940000000003">
    <ele>141.09000000000003</ele>
   </trkpt>
   <trkpt lat="54.08916000000001" lon="21.54425">
    <ele>141.0</ele>
   </trkpt>
   <trkpt lat="54.089150000000004" lon="21.54464">
    <ele>141.35</ele>
   </trkpt>
   <trkpt lat="54.08912" lon="21.54503">
    <ele>142.46</ele>
   </trkpt>
   <trkpt lat="54.088950000000004" lon="21.54578">
    <ele>142.97</ele>
   </trkpt>
   <trkpt lat="54.08897" lon="21.54598">
    <ele>142.47</ele>
   </trkpt>
   <trkpt lat="54.08903" lon="21.54614">
    <ele>141.97</ele>
   </trkpt>
   <trkpt lat="54.08914000000001" lon="21.546270000000003">
    <ele>140.54</ele>
   </trkpt>
   <trkpt lat="54.089270000000006" lon="21.54635">
    <ele>140.01000000000002</ele>
   </trkpt>
   <trkpt lat="54.08954000000001" lon="21.54645">
    <ele>138.96</ele>
   </trkpt>
   <trkpt lat="54.08963000000001" lon="21.54653">
    <ele>138.49</ele>
   </trkpt>
   <trkpt lat="54.089690000000004" lon="21.54664">
    <ele>138.22</ele>
   </trkpt>
   <trkpt lat="54.08968" lon="21.54698">
    <ele>137.84</ele>
   </trkpt>
   <trkpt lat="54.089580000000005" lon="21.547600000000003">
    <ele>137.12</ele>
   </trkpt>
   <trkpt lat="54.089580000000005" lon="21.54783">
    <ele>136.79000000000002</ele>
   </trkpt>
   <trkpt lat="54.08964" lon="21.54851">
    <ele>134.33</ele>
   </trkpt>
   <trkpt lat="54.08964" lon="21.54914">
    <ele>133.42000000000002</ele>
   </trkpt>
   <trkpt lat="54.089800000000004" lon="21.55011">
    <ele>131.44</ele>
   </trkpt>
   <trkpt lat="54.089940000000006" lon="21.551170000000003">
    <ele>129.97</ele>
   </trkpt>
   <trkpt lat="54.089920000000006" lon="21.5514">
    <ele>129.97</ele>
   </trkpt>
   <trkpt lat="54.08975" lon="21.551930000000002">
    <ele>129.4</ele>
   </trkpt>
   <trkpt lat="54.08972000000001" lon="21.552200000000003">
    <ele>128.73000000000002</ele>
   </trkpt>
   <trkpt lat="54.08973" lon="21.55243">
    <ele>128.65</ele>
   </trkpt>
   <trkpt lat="54.08979000000001" lon="21.552750000000003">
    <ele>128.77</ele>
   </trkpt>
   <trkpt lat="54.08975" lon="21.553">
    <ele>127.92</ele>
   </trkpt>
   <trkpt lat="54.08953" lon="21.55346">
    <ele>126.14</ele>
   </trkpt>
   <trkpt lat="54.089400000000005" lon="21.55367">
    <ele>126.09</ele>
   </trkpt>
   <trkpt lat="54.089240000000004" lon="21.55383">
    <ele>126.26</ele>
   </trkpt>
   <trkpt lat="54.08908" lon="21.55396">
    <ele>126.11</ele>
   </trkpt>
   <trkpt lat="54.088820000000005" lon="21.55412">
    <ele>126.61</ele>
   </trkpt>
   <trkpt lat="54.08863" lon="21.55429">
    <ele>127.61</ele>
   </trkpt>
   <trkpt lat="54.08847" lon="21.55449">
    <ele>129.27</ele>
   </trkpt>
   <trkpt lat="54.088260000000005" lon="21.554910000000003">
    <ele>129.89000000000001</ele>
   </trkpt>
   <trkpt lat="54.08791500143529" lon="21.555470004436657">
    <ele>128.17000000000002</ele>
   </trkpt>
   <trkpt lat="54.08757000000001" lon="21.556030000000003">
    <ele>127.28</ele>
   </trkpt>
   <trkpt lat="54.08729" lon="21.55655">
    <ele>125.38000000000001</ele>
   </trkpt>
   <trkpt lat="54.08726000000001" lon="21.556720000000002">
    <ele>125.2</ele>
   </trkpt>
   <trkpt lat="54.087270000000004" lon="21.557100000000002">
    <ele>124.7</ele>
   </trkpt>
   <trkpt lat="54.08735000000001" lon="21.557460000000003">
    <ele>124.80000000000001</ele>
   </trkpt>
   <trkpt lat="54.08742" lon="21.55758">
    <ele>125.06</ele>
   </trkpt>
   <trkpt lat="54.08758" lon="21.557650000000002">
    <ele>125.76</ele>
   </trkpt>
   <trkpt lat="54.08773000000001" lon="21.557640000000003">
    <ele>126.41000000000003</ele>
   </trkpt>
   <trkpt lat="54.087880000000006" lon="21.557570000000002">
    <ele>126.93</ele>
   </trkpt>
   <trkpt lat="54.088010000000004" lon="21.557550000000003">
    <ele>127.12</ele>
   </trkpt>
   <trkpt lat="54.08814" lon="21.55758">
    <ele>127.5</ele>
   </trkpt>
   <trkpt lat="54.088330000000006" lon="21.557660000000002">
    <ele>127.51</ele>
   </trkpt>
   <trkpt lat="54.08854" lon="21.557810000000003">
    <ele>126.72</ele>
   </trkpt>
   <trkpt lat="54.08878000000001" lon="21.558040000000002">
    <ele>126.29</ele>
   </trkpt>
   <trkpt lat="54.088820000000005" lon="21.558110000000003">
    <ele>126.03</ele>
   </trkpt>
   <trkpt lat="54.08885000000001" lon="21.558320000000002">
    <ele>126.03</ele>
   </trkpt>
   <trkpt lat="54.08906" lon="21.558010000000003">
    <ele>123.99000000000001</ele>
   </trkpt>
   <trkpt lat="54.08953" lon="21.55713">
    <ele>122.27</ele>
   </trkpt>
   <trkpt lat="54.089760000000005" lon="21.556800000000003">
    <ele>122.05</ele>
   </trkpt>
   <trkpt lat="54.09001000000001" lon="21.556510000000003">
    <ele>121.76</ele>
   </trkpt>
   <trkpt lat="54.090090000000004" lon="21.55646">
    <ele>121.74000000000001</ele>
   </trkpt>
   <trkpt lat="54.090230000000005" lon="21.556440000000002">
    <ele>121.88000000000001</ele>
   </trkpt>
   <trkpt lat="54.09047" lon="21.55647">
    <ele>122.42000000000002</ele>
   </trkpt>
   <trkpt lat="54.09058" lon="21.556430000000002">
    <ele>123.41</ele>
   </trkpt>
   <trkpt lat="54.09109" lon="21.55599">
    <ele>124.67000000000002</ele>
   </trkpt>
   <trkpt lat="54.09151000000001" lon="21.555680000000002">
    <ele>125.06</ele>
   </trkpt>
   <trkpt lat="54.09174" lon="21.55555">
    <ele>124.81</ele>
   </trkpt>
   <trkpt lat="54.092000000000006" lon="21.55544">
    <ele>125.26</ele>
   </trkpt>
   <trkpt lat="54.09239" lon="21.555210000000002">
    <ele>126.73</ele>
   </trkpt>
   <trkpt lat="54.09311000147415" lon="21.55463500989661">
    <ele>128.53</ele>
   </trkpt>
   <trkpt lat="54.093830000000004" lon="21.554060000000003">
    <ele>130.74</ele>
   </trkpt>
   <trkpt lat="54.09409" lon="21.553910000000002">
    <ele>131.92000000000002</ele>
   </trkpt>
   <trkpt lat="54.094620000000006" lon="21.55373">
    <ele>132.69</ele>
   </trkpt>
   <trkpt lat="54.094800000000006" lon="21.553720000000002">
    <ele>132.53</ele>
   </trkpt>
   <trkpt lat="54.09539500018978" lon="21.553729999859748">
    <ele>129.4</ele>
   </trkpt>
   <trkpt lat="54.09599000000001" lon="21.55374">
    <ele>127.76</ele>
   </trkpt>
   <trkpt lat="54.096740000000004" lon="21.553720000000002">
    <ele>124.59</ele>
   </trkpt>
   <trkpt lat="54.09733000000001" lon="21.553680000000004">
    <ele>122.57000000000001</ele>
   </trkpt>
   <trkpt lat="54.09801999998478" lon="21.553665000249882">
    <ele>120.85000000000001</ele>
   </trkpt>
   <trkpt lat="54.098710000000004" lon="21.55365">
    <ele>118.8</ele>
   </trkpt>
   <trkpt lat="54.09950333333737" lon="21.55362333435354">
    <ele>119.15</ele>
   </trkpt>
   <trkpt lat="54.10029666666885" lon="21.55359666768695">
    <ele>118.01</ele>
   </trkpt>
   <trkpt lat="54.101090000000006" lon="21.55357">
    <ele>118.8</ele>
   </trkpt>
   <trkpt lat="54.10157" lon="21.55365">
    <ele>119.41000000000001</ele>
   </trkpt>
   <trkpt lat="54.10174000000001" lon="21.553720000000002">
    <ele>119.75</ele>
   </trkpt>
   <trkpt lat="54.10217" lon="21.554000000000002">
    <ele>120.26</ele>
   </trkpt>
   <trkpt lat="54.1026" lon="21.554360000000003">
    <ele>120.82000000000001</ele>
   </trkpt>
   <trkpt lat="54.103030000000004" lon="21.5548">
    <ele>121.8</ele>
   </trkpt>
   <trkpt lat="54.10325" lon="21.55508">
    <ele>122.10000000000001</ele>
   </trkpt>
   <trkpt lat="54.103390000000005" lon="21.55536">
    <ele>122.17000000000002</ele>
   </trkpt>
   <trkpt lat="54.103680000000004" lon="21.55611">
    <ele>122.22000000000001</ele>
   </trkpt>
   <trkpt lat="54.10381" lon="21.556540000000002">
    <ele>122.28000000000002</ele>
   </trkpt>
   <trkpt lat="54.10403" lon="21.557440000000003">
    <ele>122.50000000000001</ele>
   </trkpt>
   <trkpt lat="54.10421" lon="21.558600000000002">
    <ele>123.46000000000001</ele>
   </trkpt>
   <trkpt lat="54.10468" lon="21.558200000000003">
    <ele>124.17000000000002</ele>
   </trkpt>
   <trkpt lat="54.105140000000006" lon="21.557840000000002">
    <ele>124.59</ele>
   </trkpt>
   <trkpt lat="54.10560000028419" lon="21.557570003005733">
    <ele>125.06</ele>
   </trkpt>
   <trkpt lat="54.10606000000001" lon="21.5573">
    <ele>126.33</ele>
   </trkpt>
   <trkpt lat="54.10647" lon="21.557100000000002">
    <ele>127.65</ele>
   </trkpt>
   <trkpt lat="54.10658" lon="21.557010000000002">
    <ele>128.21</ele>
   </trkpt>
   <trkpt lat="54.10672" lon="21.556820000000002">
    <ele>128.60000000000002</ele>
   </trkpt>
   <trkpt lat="54.10683" lon="21.556590000000003">
    <ele>128.52</ele>
   </trkpt>
   <trkpt lat="54.10733667595235" lon="21.55553002596424">
    <ele>127.13000000000002</ele>
   </trkpt>
   <trkpt lat="54.10784334259098" lon="21.55447002602338">
    <ele>126.74000000000002</ele>
   </trkpt>
   <trkpt lat="54.10835" lon="21.553410000000003">
    <ele>126.12</ele>
   </trkpt>
   <trkpt lat="54.10846" lon="21.55311">
    <ele>125.56</ele>
   </trkpt>
   <trkpt lat="54.1086" lon="21.552210000000002">
    <ele>126.88000000000002</ele>
   </trkpt>
   <trkpt lat="54.108710003438155" lon="21.5513000023646">
    <ele>127.42</ele>
   </trkpt>
   <trkpt lat="54.10882" lon="21.55039">
    <ele>126.73</ele>
   </trkpt>
   <trkpt lat="54.108830000000005" lon="21.549370000000003">
    <ele>123.07000000000001</ele>
   </trkpt>
   <trkpt lat="54.10887" lon="21.54857">
    <ele>121.07000000000001</ele>
   </trkpt>
   <trkpt lat="54.10895000000001" lon="21.54795">
    <ele>120.44</ele>
   </trkpt>
   <trkpt lat="54.109" lon="21.54767">
    <ele>120.37</ele>
   </trkpt>
   <trkpt lat="54.109120000000004" lon="21.547320000000003">
    <ele>120.56000000000002</ele>
   </trkpt>
   <trkpt lat="54.10944000159694" lon="21.54671000460374">
    <ele>121.82000000000001</ele>
   </trkpt>
   <trkpt lat="54.10976" lon="21.546100000000003">
    <ele>120.98</ele>
   </trkpt>
   <trkpt lat="54.10996" lon="21.545800000000003">
    <ele>120.75000000000001</ele>
   </trkpt>
   <trkpt lat="54.110130000000005" lon="21.545610000000003">
    <ele>120.78000000000002</ele>
   </trkpt>
   <trkpt lat="54.11041" lon="21.54521">
    <ele>121.20000000000002</ele>
   </trkpt>
   <trkpt lat="54.110690000000005" lon="21.54512">
    <ele>122.03000000000002</ele>
   </trkpt>
   <trkpt lat="54.111315000119006" lon="21.54502500141977">
    <ele>125.52000000000002</ele>
   </trkpt>
   <trkpt lat="54.111940000000004" lon="21.54493">
    <ele>127.51</ele>
   </trkpt>
   <trkpt lat="54.112260000000006" lon="21.544810000000002">
    <ele>128.95000000000002</ele>
   </trkpt>
   <trkpt lat="54.112660000000005" lon="21.544590000000003">
    <ele>131.04000000000002</ele>
   </trkpt>
   <trkpt lat="54.113240000000005" lon="21.544340000000002">
    <ele>135.78</ele>
   </trkpt>
   <trkpt lat="54.11368" lon="21.54418">
    <ele>135.8</ele>
   </trkpt>
   <trkpt lat="54.11424500017595" lon="21.543995002510336">
    <ele>136.32000000000002</ele>
   </trkpt>
   <trkpt lat="54.114810000000006" lon="21.54381">
    <ele>135.41</ele>
   </trkpt>
   <trkpt lat="54.115445000323476" lon="21.54358500340651">
    <ele>134.62</ele>
   </trkpt>
   <trkpt lat="54.116080000000004" lon="21.543360000000003">
    <ele>133.58</ele>
   </trkpt>
   <trkpt lat="54.11654000000001" lon="21.54324">
    <ele>131.13000000000002</ele>
   </trkpt>
   <trkpt lat="54.117250000000006" lon="21.54331">
    <ele>126.05000000000003</ele>
   </trkpt>
   <trkpt lat="54.117610000000006" lon="21.54342">
    <ele>124.41000000000001</ele>
   </trkpt>
   <trkpt lat="54.118080000000006" lon="21.543650000000003">
    <ele>123.82000000000001</ele>
   </trkpt>
   <trkpt lat="54.11809" lon="21.543650000000003">
    <ele>123.82000000000001</ele>
   </trkpt>
   <trkpt lat="54.118760000306416" lon="21.543979994594075">
    <ele>124.39000000000001</ele>
   </trkpt>
   <trkpt lat="54.11943" lon="21.544310000000003">
    <ele>123.02</ele>
   </trkpt>
   <trkpt lat="54.11963000000001" lon="21.544340000000002">
    <ele>122.81000000000002</ele>
   </trkpt>
   <trkpt lat="54.1197" lon="21.544330000000002">
    <ele>122.81000000000002</ele>
   </trkpt>
   <trkpt lat="54.11995" lon="21.544220000000003">
    <ele>122.75000000000001</ele>
   </trkpt>
   <trkpt lat="54.120775001095325" lon="21.543695010480796">
    <ele>122.46000000000001</ele>
   </trkpt>
   <trkpt lat="54.12160000000001" lon="21.543170000000003">
    <ele>125.60000000000001</ele>
   </trkpt>
   <trkpt lat="54.12145" lon="21.54228">
    <ele>124.27</ele>
   </trkpt>
   <trkpt lat="54.121210006712595" lon="21.541009992797125">
    <ele>121.69</ele>
   </trkpt>
   <trkpt lat="54.12097000000001" lon="21.539740000000002">
    <ele>121.29</ele>
   </trkpt>
   <trkpt lat="54.120665007645584" lon="21.538384990192437">
    <ele>122.71000000000001</ele>
   </trkpt>
   <trkpt lat="54.120360000000005" lon="21.53703">
    <ele>123.81</ele>
   </trkpt>
   <trkpt lat="54.12015" lon="21.53593">
    <ele>123.74000000000001</ele>
   </trkpt>
   <trkpt lat="54.12008000306652" lon="21.535064998116535">
    <ele>122.39000000000001</ele>
   </trkpt>
   <trkpt lat="54.12001000000001" lon="21.534200000000002">
    <ele>120.89000000000001</ele>
   </trkpt>
   <trkpt lat="54.119910062832005" lon="21.532823306761777">
    <ele>118.65</ele>
   </trkpt>
   <trkpt lat="54.11981010995565" lon="21.531446620163365">
    <ele>119.05</ele>
   </trkpt>
   <trkpt lat="54.11971014137105" lon="21.53006994020576">
    <ele>119.85000000000001</ele>
   </trkpt>
   <trkpt lat="54.119610157078355" lon="21.52869326688995">
    <ele>120.54</ele>
   </trkpt>
   <trkpt lat="54.11951015707768" lon="21.527316600216924">
    <ele>121.89000000000001</ele>
   </trkpt>
   <trkpt lat="54.11941014136919" lon="21.525939940187662">
    <ele>122.55</ele>
   </trkpt>
   <trkpt lat="54.11931010995298" lon="21.524563286803158">
    <ele>122.82000000000001</ele>
   </trkpt>
   <trkpt lat="54.1192100628292" lon="21.523186640064395">
    <ele>123.53000000000002</ele>
   </trkpt>
   <trkpt lat="54.119110000000006" lon="21.521810000000002">
    <ele>123.99000000000001</ele>
   </trkpt>
   <trkpt lat="54.11902667668855" lon="21.5207099954853">
    <ele>124.19000000000001</ele>
   </trkpt>
   <trkpt lat="54.11894334334827" lon="21.51960999539375">
    <ele>124.16000000000001</ele>
   </trkpt>
   <trkpt lat="54.118860000000005" lon="21.518510000000003">
    <ele>123.05</ele>
   </trkpt>
   <trkpt lat="54.118678034184065" lon="21.51707397478766">
    <ele>121.38000000000001</ele>
   </trkpt>
   <trkpt lat="54.118496051276416" lon="21.515637962185167">
    <ele>120.24000000000001</ele>
   </trkpt>
   <trkpt lat="54.11831405127734" lon="21.514201962193496">
    <ele>121.35000000000001</ele>
   </trkpt>
   <trkpt lat="54.11813203418709" lon="21.512765974813654">
    <ele>125.47</ele>
   </trkpt>
   <trkpt lat="54.11795000000001" lon="21.51133">
    <ele>129.82000000000002</ele>
   </trkpt>
   <trkpt lat="54.117940000000004" lon="21.51116">
    <ele>129.82000000000002</ele>
   </trkpt>
   <trkpt lat="54.117990000000006" lon="21.510730000000002">
    <ele>130.24</ele>
   </trkpt>
   <trkpt lat="54.118080000000006" lon="21.51048">
    <ele>130.78</ele>
   </trkpt>
   <trkpt lat="54.11867334407519" lon="21.5093433658135">
    <ele>133.99</ele>
   </trkpt>
   <trkpt lat="54.11926667744214" lon="21.50820669908315">
    <ele>134.92000000000002</ele>
   </trkpt>
   <trkpt lat="54.11986" lon="21.507070000000002">
    <ele>134.0</ele>
   </trkpt>
   <trkpt lat="54.11952" lon="21.506580000000003">
    <ele>133.06</ele>
   </trkpt>
   <trkpt lat="54.11892" lon="21.505850000000002">
    <ele>132.9</ele>
   </trkpt>
   <trkpt lat="54.118700000000004" lon="21.505640000000003">
    <ele>132.9</ele>
   </trkpt>
   <trkpt lat="54.11842000000001" lon="21.50542">
    <ele>132.74</ele>
   </trkpt>
   <trkpt lat="54.118280000000006" lon="21.50533">
    <ele>132.74</ele>
   </trkpt>
   <trkpt lat="54.118030000000005" lon="21.50521">
    <ele>132.76000000000002</ele>
   </trkpt>
   <trkpt lat="54.117610000000006" lon="21.505110000000002">
    <ele>132.70000000000002</ele>
   </trkpt>
   <trkpt lat="54.11676000006562" lon="21.505045994750148">
    <ele>133.03</ele>
   </trkpt>
   <trkpt lat="54.11591000009725" lon="21.504981992125323">
    <ele>133.72</ele>
   </trkpt>
   <trkpt lat="54.11506000009496" lon="21.504917992125343">
    <ele>133.78</ele>
   </trkpt>
   <trkpt lat="54.11421000005869" lon="21.50485399475001">
    <ele>133.69</ele>
   </trkpt>
   <trkpt lat="54.11336000000001" lon="21.504790000000003">
    <ele>133.71</ele>
   </trkpt>
   <trkpt lat="54.112637500008944" lon="21.504724996597616">
    <ele>134.43</ele>
   </trkpt>
   <trkpt lat="54.111914999982844" lon="21.504659995460965">
    <ele>134.12</ele>
   </trkpt>
   <trkpt lat="54.11119249992174" lon="21.50459499658991">
    <ele>133.74</ele>
   </trkpt>
   <trkpt lat="54.11047000000001" lon="21.504530000000003">
    <ele>132.82000000000002</ele>
   </trkpt>
   <trkpt lat="54.110260000000004" lon="21.504530000000003">
    <ele>132.54000000000002</ele>
   </trkpt>
   <trkpt lat="54.11008" lon="21.50457">
    <ele>132.38</ele>
   </trkpt>
   <trkpt lat="54.109770000000005" lon="21.50469">
    <ele>132.10000000000002</ele>
   </trkpt>
   <trkpt lat="54.109500000000004" lon="21.50484">
    <ele>131.36</ele>
   </trkpt>
   <trkpt lat="54.108990000000006" lon="21.505260000000003">
    <ele>130.73000000000002</ele>
   </trkpt>
   <trkpt lat="54.108740000000004" lon="21.505570000000002">
    <ele>130.37</ele>
   </trkpt>
   <trkpt lat="54.108125010116844" lon="21.506472540174844">
    <ele>130.33</ele>
   </trkpt>
   <trkpt lat="54.10751001348159" lon="21.507375053576425">
    <ele>130.54000000000002</ele>
   </trkpt>
   <trkpt lat="54.10689501009461" lon="21.508277540205842">
    <ele>130.51999999999998</ele>
   </trkpt>
   <trkpt lat="54.106280000000005" lon="21.50918">
    <ele>127.21000000000001</ele>
   </trkpt>
   <trkpt lat="54.106030000000004" lon="21.50954">
    <ele>125.09</ele>
   </trkpt>
   <trkpt lat="54.10577000000001" lon="21.509790000000002">
    <ele>124.58000000000001</ele>
   </trkpt>
   <trkpt lat="54.105560000000004" lon="21.509900000000002">
    <ele>124.48</ele>
   </trkpt>
   <trkpt lat="54.10495000010994" lon="21.510020003532308">
    <ele>124.89000000000001</ele>
   </trkpt>
   <trkpt lat="54.1043400001005" lon="21.510140003534108">
    <ele>125.66000000000003</ele>
   </trkpt>
   <trkpt lat="54.103730000000006" lon="21.510260000000002">
    <ele>127.08</ele>
   </trkpt>
   <trkpt lat="54.10324000009138" lon="21.510405001712023">
    <ele>123.47000000000001</ele>
   </trkpt>
   <trkpt lat="54.10275000000001" lon="21.510550000000002">
    <ele>121.17000000000002</ele>
   </trkpt>
   <trkpt lat="54.10211" lon="21.51066">
    <ele>120.45000000000002</ele>
   </trkpt>
   <trkpt lat="54.10208000000001" lon="21.51047">
    <ele>119.9</ele>
   </trkpt>
   <trkpt lat="54.10202" lon="21.51029">
    <ele>119.25</ele>
   </trkpt>
   <trkpt lat="54.101850000000006" lon="21.509950000000003">
    <ele>118.43</ele>
   </trkpt>
   <trkpt lat="54.101690000000005" lon="21.50946">
    <ele>117.91000000000001</ele>
   </trkpt>
   <trkpt lat="54.10155" lon="21.50862">
    <ele>118.53</ele>
   </trkpt>
   <trkpt lat="54.101560000000006" lon="21.50843">
    <ele>118.53</ele>
   </trkpt>
   <trkpt lat="54.10164" lon="21.50778">
    <ele>119.25</ele>
   </trkpt>
   <trkpt lat="54.10175" lon="21.50737">
    <ele>119.59000000000002</ele>
   </trkpt>
   <trkpt lat="54.10206" lon="21.50645">
    <ele>122.03000000000002</ele>
   </trkpt>
   <trkpt lat="54.10217" lon="21.506">
    <ele>123.79</ele>
   </trkpt>
   <trkpt lat="54.1022" lon="21.5058">
    <ele>125.34</ele>
   </trkpt>
   <trkpt lat="54.10219000000001" lon="21.50549">
    <ele>126.32000000000001</ele>
   </trkpt>
   <trkpt lat="54.102120000000006" lon="21.50458">
    <ele>126.13000000000002</ele>
   </trkpt>
   <trkpt lat="54.102050000000006" lon="21.504070000000002">
    <ele>126.35000000000001</ele>
   </trkpt>
   <trkpt lat="54.10197" lon="21.503780000000003">
    <ele>126.07000000000001</ele>
   </trkpt>
   <trkpt lat="54.10179" lon="21.50334">
    <ele>124.37</ele>
   </trkpt>
   <trkpt lat="54.10157" lon="21.50296">
    <ele>123.02</ele>
   </trkpt>
   <trkpt lat="54.101510000000005" lon="21.502820000000003">
    <ele>122.69</ele>
   </trkpt>
   <trkpt lat="54.10141" lon="21.502450000000003">
    <ele>122.01</ele>
   </trkpt>
   <trkpt lat="54.101290000000006" lon="21.50131">
    <ele>121.62</ele>
   </trkpt>
   <trkpt lat="54.101290000000006" lon="21.50109">
    <ele>121.64000000000001</ele>
   </trkpt>
   <trkpt lat="54.10143000000001" lon="21.500100000000003">
    <ele>121.78000000000002</ele>
   </trkpt>
   <trkpt lat="54.10145000000001" lon="21.49987">
    <ele>121.78000000000002</ele>
   </trkpt>
   <trkpt lat="54.101440000000004" lon="21.4996">
    <ele>121.78000000000002</ele>
   </trkpt>
   <trkpt lat="54.10128" lon="21.49858">
    <ele>121.14000000000001</ele>
   </trkpt>
   <trkpt lat="54.101290000000006" lon="21.497980000000002">
    <ele>121.34</ele>
   </trkpt>
   <trkpt lat="54.10125000000001" lon="21.49725">
    <ele>121.45000000000002</ele>
   </trkpt>
   <trkpt lat="54.10118000000001" lon="21.49671">
    <ele>121.46000000000001</ele>
   </trkpt>
   <trkpt lat="54.10119" lon="21.496560000000002">
    <ele>121.48</ele>
   </trkpt>
   <trkpt lat="54.10127000000001" lon="21.49634">
    <ele>121.75000000000001</ele>
   </trkpt>
   <trkpt lat="54.101440000000004" lon="21.495970000000003">
    <ele>122.48</ele>
   </trkpt>
   <trkpt lat="54.101490000000005" lon="21.49576">
    <ele>122.88000000000001</ele>
   </trkpt>
   <trkpt lat="54.101420000000005" lon="21.49454">
    <ele>126.63000000000002</ele>
   </trkpt>
   <trkpt lat="54.1013" lon="21.493720000000003">
    <ele>130.17000000000002</ele>
   </trkpt>
   <trkpt lat="54.101130000000005" lon="21.493190000000002">
    <ele>131.58</ele>
   </trkpt>
   <trkpt lat="54.100910000000006" lon="21.492820000000002">
    <ele>133.38</ele>
   </trkpt>
   <trkpt lat="54.10079" lon="21.492130000000003">
    <ele>133.88</ele>
   </trkpt>
   <trkpt lat="54.100820000000006" lon="21.4918">
    <ele>133.48000000000002</ele>
   </trkpt>
   <trkpt lat="54.10081" lon="21.491560000000003">
    <ele>133.48000000000002</ele>
   </trkpt>
   <trkpt lat="54.100770000000004" lon="21.49127">
    <ele>133.01000000000002</ele>
   </trkpt>
   <trkpt lat="54.10032" lon="21.49042">
    <ele>132.64000000000001</ele>
   </trkpt>
   <trkpt lat="54.100170000000006" lon="21.489620000000002">
    <ele>131.51000000000002</ele>
   </trkpt>
   <trkpt lat="54.10004500479866" lon="21.488539996433058">
    <ele>128.91</ele>
   </trkpt>
   <trkpt lat="54.099920000000004" lon="21.487460000000002">
    <ele>124.97000000000001</ele>
   </trkpt>
   <trkpt lat="54.09989" lon="21.487000000000002">
    <ele>123.54</ele>
   </trkpt>
   <trkpt lat="54.100010000000005" lon="21.48599">
    <ele>122.38000000000001</ele>
   </trkpt>
   <trkpt lat="54.10004000000001" lon="21.485760000000003">
    <ele>122.37</ele>
   </trkpt>
   <trkpt lat="54.100170000000006" lon="21.48532">
    <ele>122.49000000000001</ele>
   </trkpt>
   <trkpt lat="54.1007" lon="21.484360000000002">
    <ele>123.95</ele>
   </trkpt>
   <trkpt lat="54.10114" lon="21.48335">
    <ele>126.46000000000001</ele>
   </trkpt>
   <trkpt lat="54.10154000000001" lon="21.48289">
    <ele>125.39</ele>
   </trkpt>
   <trkpt lat="54.1019900008234" lon="21.482415005272067">
    <ele>123.45</ele>
   </trkpt>
   <trkpt lat="54.10244" lon="21.48194">
    <ele>125.32000000000001</ele>
   </trkpt>
   <trkpt lat="54.10264" lon="21.48167">
    <ele>125.76</ele>
   </trkpt>
   <trkpt lat="54.10278" lon="21.481250000000003">
    <ele>126.48</ele>
   </trkpt>
   <trkpt lat="54.10286000000001" lon="21.480610000000002">
    <ele>126.58</ele>
   </trkpt>
   <trkpt lat="54.10282" lon="21.4801">
    <ele>125.82000000000001</ele>
   </trkpt>
   <trkpt lat="54.102635005522004" lon="21.47894499480138">
    <ele>123.57000000000001</ele>
   </trkpt>
   <trkpt lat="54.102450000000005" lon="21.477790000000002">
    <ele>124.83000000000001</ele>
   </trkpt>
   <trkpt lat="54.102380002752604" lon="21.476974998617862">
    <ele>127.76</ele>
   </trkpt>
   <trkpt lat="54.10231" lon="21.47616">
    <ele>128.5</ele>
   </trkpt>
   <trkpt lat="54.10233" lon="21.47546">
    <ele>128.99</ele>
   </trkpt>
   <trkpt lat="54.10239000000001" lon="21.47492">
    <ele>129.77</ele>
   </trkpt>
   <trkpt lat="54.102720000000005" lon="21.47419">
    <ele>130.08</ele>
   </trkpt>
   <trkpt lat="54.10289" lon="21.47349">
    <ele>130.15</ele>
   </trkpt>
   <trkpt lat="54.10301500586504" lon="21.472300003630217">
    <ele>128.60000000000002</ele>
   </trkpt>
   <trkpt lat="54.10314" lon="21.471110000000003">
    <ele>127.2</ele>
   </trkpt>
   <trkpt lat="54.103120000000004" lon="21.47072">
    <ele>127.22</ele>
   </trkpt>
   <trkpt lat="54.10307" lon="21.470360000000003">
    <ele>127.52000000000002</ele>
   </trkpt>
   <trkpt lat="54.10281000212484" lon="21.469649995645334">
    <ele>127.5</ele>
   </trkpt>
   <trkpt lat="54.10255000000001" lon="21.468940000000003">
    <ele>126.88000000000002</ele>
   </trkpt>
   <trkpt lat="54.10239000000001" lon="21.467930000000003">
    <ele>127.06</ele>
   </trkpt>
   <trkpt lat="54.102250000000005" lon="21.466720000000002">
    <ele>127.54</ele>
   </trkpt>
   <trkpt lat="54.1022" lon="21.466540000000002">
    <ele>127.53</ele>
   </trkpt>
   <trkpt lat="54.10141" lon="21.46665">
    <ele>128.19</ele>
   </trkpt>
   <trkpt lat="54.101040000000005" lon="21.466730000000002">
    <ele>128.41000000000003</ele>
   </trkpt>
   <trkpt lat="54.100840000000005" lon="21.466810000000002">
    <ele>127.94</ele>
   </trkpt>
   <trkpt lat="54.10026500107084" lon="21.467330007254386">
    <ele>128.06</ele>
   </trkpt>
   <trkpt lat="54.09969" lon="21.467850000000002">
    <ele>129.01000000000002</ele>
   </trkpt>
   <trkpt lat="54.09946000000001" lon="21.46807">
    <ele>128.07000000000002</ele>
   </trkpt>
   <trkpt lat="54.09899000112028" lon="21.468550005270437">
    <ele>126.86</ele>
   </trkpt>
   <trkpt lat="54.09852000000001" lon="21.46903">
    <ele>127.57000000000001</ele>
   </trkpt>
   <trkpt lat="54.098330000000004" lon="21.469440000000002">
    <ele>128.60000000000002</ele>
   </trkpt>
   <trkpt lat="54.098220000000005" lon="21.469910000000002">
    <ele>129.23000000000002</ele>
   </trkpt>
   <trkpt lat="54.09810000245273" lon="21.470675002041745">
    <ele>128.25</ele>
   </trkpt>
   <trkpt lat="54.09798000000001" lon="21.47144">
    <ele>127.84</ele>
   </trkpt>
   <trkpt lat="54.097910000000006" lon="21.471610000000002">
    <ele>127.84</ele>
   </trkpt>
   <trkpt lat="54.09778000000001" lon="21.471790000000002">
    <ele>127.47</ele>
   </trkpt>
   <trkpt lat="54.09761" lon="21.47184">
    <ele>127.35000000000002</ele>
   </trkpt>
   <trkpt lat="54.097350000000006" lon="21.47184">
    <ele>127.17</ele>
   </trkpt>
   <trkpt lat="54.09696" lon="21.47209">
    <ele>127.14</ele>
   </trkpt>
   <trkpt lat="54.09649" lon="21.47269">
    <ele>127.14</ele>
   </trkpt>
   <trkpt lat="54.096120000000006" lon="21.47332">
    <ele>127.05000000000003</ele>
   </trkpt>
   <trkpt lat="54.09593" lon="21.473390000000002">
    <ele>126.58</ele>
   </trkpt>
   <trkpt lat="54.095710000000004" lon="21.473360000000003">
    <ele>125.52000000000002</ele>
   </trkpt>
   <trkpt lat="54.09496000000001" lon="21.47304">
    <ele>127.45</ele>
   </trkpt>
   <trkpt lat="54.094210000000004" lon="21.47259">
    <ele>128.4</ele>
   </trkpt>
   <trkpt lat="54.093970000000006" lon="21.47238">
    <ele>128.49</ele>
   </trkpt>
   <trkpt lat="54.09378" lon="21.472130000000003">
    <ele>128.82000000000002</ele>
   </trkpt>
   <trkpt lat="54.093410000000006" lon="21.471380000000003">
    <ele>129.02</ele>
   </trkpt>
   <trkpt lat="54.09319000000001" lon="21.47105">
    <ele>128.89000000000001</ele>
   </trkpt>
   <trkpt lat="54.09273" lon="21.470540000000003">
    <ele>127.07000000000001</ele>
   </trkpt>
   <trkpt lat="54.092600000000004" lon="21.47051">
    <ele>126.93</ele>
   </trkpt>
   <trkpt lat="54.092470000000006" lon="21.47053">
    <ele>126.86</ele>
   </trkpt>
   <trkpt lat="54.09228" lon="21.47072">
    <ele>127.16000000000003</ele>
   </trkpt>
   <trkpt lat="54.09190000137734" lon="21.4712800050153">
    <ele>128.15</ele>
   </trkpt>
   <trkpt lat="54.09152" lon="21.47184">
    <ele>128.22</ele>
   </trkpt>
   <trkpt lat="54.09125" lon="21.472130000000003">
    <ele>128.27</ele>
   </trkpt>
   <trkpt lat="54.09048000000001" lon="21.47247">
    <ele>127.37</ele>
   </trkpt>
   <trkpt lat="54.09008000000001" lon="21.472710000000003">
    <ele>127.05000000000003</ele>
   </trkpt>
   <trkpt lat="54.089470000000006" lon="21.47302">
    <ele>126.38000000000002</ele>
   </trkpt>
   <trkpt lat="54.089240000000004" lon="21.473090000000003">
    <ele>125.94000000000003</ele>
   </trkpt>
   <trkpt lat="54.08894" lon="21.473110000000002">
    <ele>125.79</ele>
   </trkpt>
   <trkpt lat="54.08811999996643" lon="21.47297499731414">
    <ele>124.01</ele>
   </trkpt>
   <trkpt lat="54.087300000000006" lon="21.47284">
    <ele>123.28000000000002</ele>
   </trkpt>
   <trkpt lat="54.08650000006776" lon="21.47280499932798">
    <ele>123.60000000000001</ele>
   </trkpt>
   <trkpt lat="54.0857" lon="21.47277">
    <ele>124.94000000000001</ele>
   </trkpt>
   <trkpt lat="54.08494" lon="21.47278">
    <ele>126.82000000000001</ele>
   </trkpt>
   <trkpt lat="54.084469999904755" lon="21.472764999827046">
    <ele>128.14000000000001</ele>
   </trkpt>
   <trkpt lat="54.084" lon="21.47275">
    <ele>130.16</ele>
   </trkpt>
   <trkpt lat="54.08344" lon="21.47268">
    <ele>129.4</ele>
   </trkpt>
   <trkpt lat="54.08268" lon="21.47287">
    <ele>128.64000000000001</ele>
   </trkpt>
   <trkpt lat="54.08220000000001" lon="21.47303">
    <ele>128.04000000000002</ele>
   </trkpt>
   <trkpt lat="54.08193000000001" lon="21.47315">
    <ele>127.79</ele>
   </trkpt>
   <trkpt lat="54.081810000000004" lon="21.473390000000002">
    <ele>126.96000000000001</ele>
   </trkpt>
   <trkpt lat="54.08167" lon="21.473540000000003">
    <ele>126.80000000000003</ele>
   </trkpt>
   <trkpt lat="54.08158" lon="21.473580000000002">
    <ele>126.74000000000002</ele>
   </trkpt>
   <trkpt lat="54.08144000000001" lon="21.473570000000002">
    <ele>126.83</ele>
   </trkpt>
   <trkpt lat="54.08081000000001" lon="21.47333">
    <ele>126.82000000000001</ele>
   </trkpt>
   <trkpt lat="54.08075" lon="21.473370000000003">
    <ele>126.82000000000001</ele>
   </trkpt>
   <trkpt lat="54.08066" lon="21.47359">
    <ele>127.19</ele>
   </trkpt>
   <trkpt lat="54.08064" lon="21.47389">
    <ele>127.78</ele>
   </trkpt>
   <trkpt lat="54.08064" lon="21.474210000000003">
    <ele>128.38000000000002</ele>
   </trkpt>
   <trkpt lat="54.080580000000005" lon="21.474320000000002">
    <ele>128.38000000000002</ele>
   </trkpt>
   <trkpt lat="54.08048" lon="21.474400000000003">
    <ele>128.56</ele>
   </trkpt>
   <trkpt lat="54.07974" lon="21.474760000000003">
    <ele>129.81</ele>
   </trkpt>
   <trkpt lat="54.07982500261436" lon="21.473965001684352">
    <ele>130.23000000000002</ele>
   </trkpt>
   <trkpt lat="54.079910000000005" lon="21.473170000000003">
    <ele>131.04000000000002</ele>
   </trkpt>
   <trkpt lat="54.07912" lon="21.47334">
    <ele>130.36</ele>
   </trkpt>
   <trkpt lat="54.07838" lon="21.4734">
    <ele>127.94</ele>
   </trkpt>
   <trkpt lat="54.078140000000005" lon="21.473470000000002">
    <ele>127.05000000000003</ele>
   </trkpt>
   <trkpt lat="54.07784" lon="21.47362">
    <ele>126.21000000000001</ele>
   </trkpt>
   <trkpt lat="54.07762" lon="21.47379">
    <ele>125.43</ele>
   </trkpt>
   <trkpt lat="54.07721" lon="21.47406">
    <ele>125.32000000000001</ele>
   </trkpt>
   <trkpt lat="54.07708" lon="21.474120000000003">
    <ele>125.34</ele>
   </trkpt>
   <trkpt lat="54.076950000000004" lon="21.474120000000003">
    <ele>125.46000000000001</ele>
   </trkpt>
   <trkpt lat="54.07656000000001" lon="21.474030000000003">
    <ele>126.30000000000003</ele>
   </trkpt>
   <trkpt lat="54.076280000000004" lon="21.47408">
    <ele>126.55000000000003</ele>
   </trkpt>
   <trkpt lat="54.07607" lon="21.47418">
    <ele>126.56</ele>
   </trkpt>
   <trkpt lat="54.075900000000004" lon="21.474290000000003">
    <ele>126.47</ele>
   </trkpt>
   <trkpt lat="54.07565" lon="21.47454">
    <ele>126.14</ele>
   </trkpt>
   <trkpt lat="54.07517000000001" lon="21.47494">
    <ele>126.30000000000003</ele>
   </trkpt>
   <trkpt lat="54.074960000000004" lon="21.47509">
    <ele>125.76</ele>
   </trkpt>
   <trkpt lat="54.0748" lon="21.475170000000002">
    <ele>125.64</ele>
   </trkpt>
   <trkpt lat="54.07468000000001" lon="21.4752">
    <ele>125.68</ele>
   </trkpt>
   <trkpt lat="54.07414000000001" lon="21.47513">
    <ele>126.31</ele>
   </trkpt>
   <trkpt lat="54.073980000000006" lon="21.475050000000003">
    <ele>126.37</ele>
   </trkpt>
   <trkpt lat="54.073780000000006" lon="21.474860000000003">
    <ele>126.23</ele>
   </trkpt>
   <trkpt lat="54.07323" lon="21.474040000000002">
    <ele>126.63000000000002</ele>
   </trkpt>
   <trkpt lat="54.07264000548426" lon="21.472889983658707">
    <ele>129.51000000000002</ele>
   </trkpt>
   <trkpt lat="54.072050000000004" lon="21.47174">
    <ele>128.38000000000002</ele>
   </trkpt>
   <trkpt lat="54.071630000000006" lon="21.471">
    <ele>126.71000000000001</ele>
   </trkpt>
   <trkpt lat="54.07123000000001" lon="21.47003">
    <ele>125.94000000000003</ele>
   </trkpt>
   <trkpt lat="54.07099" lon="21.46936">
    <ele>125.86</ele>
   </trkpt>
   <trkpt lat="54.07096000000001" lon="21.469140000000003">
    <ele>125.80000000000003</ele>
   </trkpt>
   <trkpt lat="54.07097" lon="21.46892">
    <ele>125.62</ele>
   </trkpt>
   <trkpt lat="54.07105000000001" lon="21.46855">
    <ele>125.58</ele>
   </trkpt>
   <trkpt lat="54.071090000000005" lon="21.468230000000002">
    <ele>125.81</ele>
   </trkpt>
   <trkpt lat="54.071110000000004" lon="21.46762">
    <ele>127.02000000000002</ele>
   </trkpt>
   <trkpt lat="54.071180000000005" lon="21.46665">
    <ele>131.45000000000002</ele>
   </trkpt>
   <trkpt lat="54.071290000000005" lon="21.46583">
    <ele>134.76000000000002</ele>
   </trkpt>
   <trkpt lat="54.07056000000001" lon="21.46497">
    <ele>133.51000000000002</ele>
   </trkpt>
   <trkpt lat="54.069770000000005" lon="21.46439">
    <ele>133.83</ele>
   </trkpt>
   <trkpt lat="54.06964000000001" lon="21.464340000000004">
    <ele>134.25</ele>
   </trkpt>
   <trkpt lat="54.069370000000006" lon="21.464350000000003">
    <ele>135.74</ele>
   </trkpt>
   <trkpt lat="54.069250000000004" lon="21.46439">
    <ele>137.17000000000002</ele>
   </trkpt>
   <trkpt lat="54.069010000000006" lon="21.464640000000003">
    <ele>138.53</ele>
   </trkpt>
   <trkpt lat="54.0688" lon="21.464830000000003">
    <ele>139.11</ele>
   </trkpt>
   <trkpt lat="54.06855" lon="21.46496">
    <ele>138.90000000000003</ele>
   </trkpt>
   <trkpt lat="54.06792000000001" lon="21.465200000000003">
    <ele>140.61</ele>
   </trkpt>
   <trkpt lat="54.067600000000006" lon="21.465470000000003">
    <ele>143.22</ele>
   </trkpt>
   <trkpt lat="54.067440000000005" lon="21.46565">
    <ele>144.17000000000002</ele>
   </trkpt>
   <trkpt lat="54.067220000000006" lon="21.46574">
    <ele>144.0</ele>
   </trkpt>
   <trkpt lat="54.06711000000001" lon="21.46571">
    <ele>144.0</ele>
   </trkpt>
   <trkpt lat="54.066700000000004" lon="21.465190000000003">
    <ele>144.44</ele>
   </trkpt>
   <trkpt lat="54.06616" lon="21.464650000000002">
    <ele>142.09000000000003</ele>
   </trkpt>
   <trkpt lat="54.06595000000001" lon="21.4645">
    <ele>141.43</ele>
   </trkpt>
   <trkpt lat="54.06588000000001" lon="21.4645">
    <ele>141.11</ele>
   </trkpt>
   <trkpt lat="54.065780000000004" lon="21.464530000000003">
    <ele>140.95000000000002</ele>
   </trkpt>
   <trkpt lat="54.06533" lon="21.4648">
    <ele>141.46</ele>
   </trkpt>
   <trkpt lat="54.06477" lon="21.46506">
    <ele>144.66</ele>
   </trkpt>
   <trkpt lat="54.064490000000006" lon="21.465220000000002">
    <ele>148.07</ele>
   </trkpt>
   <trkpt lat="54.064260000000004" lon="21.465320000000002">
    <ele>148.56000000000003</ele>
   </trkpt>
   <trkpt lat="54.06411000000001" lon="21.46533">
    <ele>148.27</ele>
   </trkpt>
   <trkpt lat="54.06391000000001" lon="21.465310000000002">
    <ele>148.44000000000003</ele>
   </trkpt>
   <trkpt lat="54.063520000000004" lon="21.465210000000003">
    <ele>150.13000000000002</ele>
   </trkpt>
   <trkpt lat="54.06329" lon="21.46524">
    <ele>151.94000000000003</ele>
   </trkpt>
   <trkpt lat="54.06316" lon="21.465290000000003">
    <ele>152.89000000000001</ele>
   </trkpt>
   <trkpt lat="54.063" lon="21.46546">
    <ele>155.32000000000002</ele>
   </trkpt>
   <trkpt lat="54.062760000000004" lon="21.46581">
    <ele>155.63000000000002</ele>
   </trkpt>
   <trkpt lat="54.06268000000001" lon="21.465870000000002">
    <ele>155.13000000000002</ele>
   </trkpt>
   <trkpt lat="54.062560000000005" lon="21.46589">
    <ele>153.77</ele>
   </trkpt>
   <trkpt lat="54.062310000000004" lon="21.46583">
    <ele>152.78</ele>
   </trkpt>
   <trkpt lat="54.06219" lon="21.465700000000002">
    <ele>151.94000000000003</ele>
   </trkpt>
   <trkpt lat="54.061960000000006" lon="21.46516">
    <ele>150.34</ele>
   </trkpt>
   <trkpt lat="54.061690000000006" lon="21.464730000000003">
    <ele>149.46</ele>
   </trkpt>
   <trkpt lat="54.06152" lon="21.464560000000002">
    <ele>148.96</ele>
   </trkpt>
   <trkpt lat="54.060990000000004" lon="21.464380000000002">
    <ele>149.07</ele>
   </trkpt>
   <trkpt lat="54.060790000000004" lon="21.464280000000002">
    <ele>149.39000000000001</ele>
   </trkpt>
   <trkpt lat="54.060370000000006" lon="21.463800000000003">
    <ele>148.94000000000003</ele>
   </trkpt>
   <trkpt lat="54.060230000000004" lon="21.46366">
    <ele>148.82</ele>
   </trkpt>
   <trkpt lat="54.060100000000006" lon="21.463600000000003">
    <ele>148.50000000000003</ele>
   </trkpt>
   <trkpt lat="54.05993" lon="21.46356">
    <ele>147.63</ele>
   </trkpt>
   <trkpt lat="54.059720000000006" lon="21.463590000000003">
    <ele>147.20000000000002</ele>
   </trkpt>
   <trkpt lat="54.059340000000006" lon="21.463780000000003">
    <ele>147.23</ele>
   </trkpt>
   <trkpt lat="54.05899" lon="21.463790000000003">
    <ele>149.99</ele>
   </trkpt>
   <trkpt lat="54.058510000000005" lon="21.46375">
    <ele>150.07</ele>
   </trkpt>
   <trkpt lat="54.05834" lon="21.463790000000003">
    <ele>149.2</ele>
   </trkpt>
   <trkpt lat="54.05821" lon="21.46394">
    <ele>146.87</ele>
   </trkpt>
   <trkpt lat="54.057970000000005" lon="21.464290000000002">
    <ele>142.55</ele>
   </trkpt>
   <trkpt lat="54.05746000075869" lon="21.464680004690326">
    <ele>138.20000000000002</ele>
   </trkpt>
   <trkpt lat="54.05695000000001" lon="21.46507">
    <ele>135.07000000000002</ele>
   </trkpt>
   <trkpt lat="54.056345000590234" lon="21.46546000570596">
    <ele>137.85</ele>
   </trkpt>
   <trkpt lat="54.05574000000001" lon="21.465850000000003">
    <ele>135.22</ele>
   </trkpt>
   <trkpt lat="54.055220000000006" lon="21.466250000000002">
    <ele>132.42000000000002</ele>
   </trkpt>
   <trkpt lat="54.05498000000001" lon="21.46646">
    <ele>130.96</ele>
   </trkpt>
   <trkpt lat="54.054770000000005" lon="21.46668">
    <ele>130.22</ele>
   </trkpt>
   <trkpt lat="54.054260000000006" lon="21.466980000000003">
    <ele>127.67</ele>
   </trkpt>
   <trkpt lat="54.05366500034249" lon="21.467270004156312">
    <ele>124.85000000000001</ele>
   </trkpt>
   <trkpt lat="54.053070000000005" lon="21.467560000000002">
    <ele>124.56</ele>
   </trkpt>
   <trkpt lat="54.052396674999194" lon="21.466556634120156">
    <ele>122.35000000000001</ele>
   </trkpt>
   <trkpt lat="54.05172334164812" lon="21.465553300761137">
    <ele>121.79</ele>
   </trkpt>
   <trkpt lat="54.051050000000004" lon="21.464550000000003">
    <ele>121.34</ele>
   </trkpt>
   <trkpt lat="54.05050000000001" lon="21.46392">
    <ele>122.23</ele>
   </trkpt>
   <trkpt lat="54.050360000000005" lon="21.463710000000003">
    <ele>122.34</ele>
   </trkpt>
   <trkpt lat="54.05019000000001" lon="21.46337">
    <ele>122.02</ele>
   </trkpt>
   <trkpt lat="54.049890000000005" lon="21.462370000000004">
    <ele>118.95000000000002</ele>
   </trkpt>
   <trkpt lat="54.04959" lon="21.4615">
    <ele>116.54</ele>
   </trkpt>
   <trkpt lat="54.04898000000001" lon="21.462580000000003">
    <ele>117.10000000000001</ele>
   </trkpt>
   <trkpt lat="54.04867" lon="21.46318">
    <ele>118.5</ele>
   </trkpt>
   <trkpt lat="54.048230000000004" lon="21.4631">
    <ele>119.46000000000001</ele>
   </trkpt>
   <trkpt lat="54.04793" lon="21.46292">
    <ele>118.64</ele>
   </trkpt>
   <trkpt lat="54.047900000000006" lon="21.46235">
    <ele>115.9</ele>
   </trkpt>
   <trkpt lat="54.04795000000001" lon="21.46121">
    <ele>114.13000000000001</ele>
   </trkpt>
   <trkpt lat="54.048030000000004" lon="21.45998">
    <ele>113.85000000000001</ele>
   </trkpt>
   <trkpt lat="54.04815000000001" lon="21.45898">
    <ele>114.94000000000001</ele>
   </trkpt>
   <trkpt lat="54.048140000000004" lon="21.458530000000003">
    <ele>115.09</ele>
   </trkpt>
   <trkpt lat="54.04807" lon="21.458160000000003">
    <ele>115.82000000000001</ele>
   </trkpt>
   <trkpt lat="54.047705002304944" lon="21.457404993245888">
    <ele>118.73000000000002</ele>
   </trkpt>
   <trkpt lat="54.047340000000005" lon="21.456650000000003">
    <ele>119.08</ele>
   </trkpt>
   <trkpt lat="54.046880004847594" lon="21.455579988386216">
    <ele>120.22</ele>
   </trkpt>
   <trkpt lat="54.046420000000005" lon="21.454510000000003">
    <ele>119.85000000000001</ele>
   </trkpt>
   <trkpt lat="54.04628" lon="21.45428">
    <ele>119.67000000000002</ele>
   </trkpt>
   <trkpt lat="54.04614" lon="21.45411">
    <ele>119.29</ele>
   </trkpt>
   <trkpt lat="54.04605" lon="21.45409">
    <ele>119.29</ele>
   </trkpt>
   <trkpt lat="54.045860000000005" lon="21.4541">
    <ele>118.72</ele>
   </trkpt>
   <trkpt lat="54.04525" lon="21.454060000000002">
    <ele>117.85000000000001</ele>
   </trkpt>
   <trkpt lat="54.044990000000006" lon="21.45409">
    <ele>117.39</ele>
   </trkpt>
   <trkpt lat="54.04486000000001" lon="21.454040000000003">
    <ele>116.91000000000001</ele>
   </trkpt>
   <trkpt lat="54.04473" lon="21.4539">
    <ele>116.60000000000001</ele>
   </trkpt>
   <trkpt lat="54.04431" lon="21.452990000000003">
    <ele>113.97000000000001</ele>
   </trkpt>
   <trkpt lat="54.04403000000001" lon="21.45214">
    <ele>112.14</ele>
   </trkpt>
   <trkpt lat="54.04390000000001" lon="21.45184">
    <ele>110.56</ele>
   </trkpt>
   <trkpt lat="54.043330000000005" lon="21.451050000000002">
    <ele>109.32000000000001</ele>
   </trkpt>
   <trkpt lat="54.04325000000001" lon="21.450960000000002">
    <ele>109.59</ele>
   </trkpt>
   <trkpt lat="54.042785000294884" lon="21.450659996593018">
    <ele>109.54</ele>
   </trkpt>
   <trkpt lat="54.042320000000004" lon="21.450360000000003">
    <ele>110.07000000000001</ele>
   </trkpt>
   <trkpt lat="54.042190000000005" lon="21.450300000000002">
    <ele>110.52000000000001</ele>
   </trkpt>
   <trkpt lat="54.04202000000001" lon="21.45026">
    <ele>111.31</ele>
   </trkpt>
   <trkpt lat="54.04137000000001" lon="21.450370000000003">
    <ele>114.31</ele>
   </trkpt>
   <trkpt lat="54.040890000000005" lon="21.45035">
    <ele>118.34000000000002</ele>
   </trkpt>
   <trkpt lat="54.04045000000001" lon="21.450300000000002">
    <ele>122.24000000000001</ele>
   </trkpt>
   <trkpt lat="54.040220000000005" lon="21.45015">
    <ele>122.8</ele>
   </trkpt>
   <trkpt lat="54.04007000000001" lon="21.449900000000003">
    <ele>123.73</ele>
   </trkpt>
   <trkpt lat="54.039970000000004" lon="21.449650000000002">
    <ele>123.89000000000001</ele>
   </trkpt>
   <trkpt lat="54.03976" lon="21.448800000000002">
    <ele>125.30000000000003</ele>
   </trkpt>
   <trkpt lat="54.039570000000005" lon="21.448130000000003">
    <ele>126.2</ele>
   </trkpt>
   <trkpt lat="54.03915000000001" lon="21.446900000000003">
    <ele>127.04</ele>
   </trkpt>
   <trkpt lat="54.03905" lon="21.446550000000002">
    <ele>126.93</ele>
   </trkpt>
   <trkpt lat="54.038940000000004" lon="21.445970000000003">
    <ele>126.92</ele>
   </trkpt>
   <trkpt lat="54.03889" lon="21.445490000000003">
    <ele>126.77000000000002</ele>
   </trkpt>
   <trkpt lat="54.03873" lon="21.444560000000003">
    <ele>125.60000000000001</ele>
   </trkpt>
   <trkpt lat="54.03875000000001" lon="21.44421">
    <ele>124.19000000000001</ele>
   </trkpt>
   <trkpt lat="54.038790000000006" lon="21.443910000000002">
    <ele>122.86000000000001</ele>
   </trkpt>
   <trkpt lat="54.038610000000006" lon="21.44281">
    <ele>119.67000000000002</ele>
   </trkpt>
   <trkpt lat="54.03858" lon="21.442010000000003">
    <ele>118.09000000000002</ele>
   </trkpt>
   <trkpt lat="54.03851" lon="21.44141">
    <ele>117.45000000000002</ele>
   </trkpt>
   <trkpt lat="54.03855000000001" lon="21.44096">
    <ele>116.36</ele>
   </trkpt>
   <trkpt lat="54.0386" lon="21.440710000000003">
    <ele>115.96000000000001</ele>
   </trkpt>
   <trkpt lat="54.038630000000005" lon="21.440410000000004">
    <ele>115.7</ele>
   </trkpt>
   <trkpt lat="54.038610000000006" lon="21.44002">
    <ele>115.91000000000001</ele>
   </trkpt>
   <trkpt lat="54.03855000000001" lon="21.439580000000003">
    <ele>116.54</ele>
   </trkpt>
   <trkpt lat="54.03844" lon="21.43905">
    <ele>116.45</ele>
   </trkpt>
   <trkpt lat="54.03833" lon="21.43871">
    <ele>116.47</ele>
   </trkpt>
   <trkpt lat="54.037980000000005" lon="21.43812">
    <ele>118.01</ele>
   </trkpt>
   <trkpt lat="54.03763000000001" lon="21.43702">
    <ele>119.64000000000001</ele>
   </trkpt>
   <trkpt lat="54.03739" lon="21.435550000000003">
    <ele>119.0</ele>
   </trkpt>
   <trkpt lat="54.03721" lon="21.434240000000003">
    <ele>117.55000000000001</ele>
   </trkpt>
   <trkpt lat="54.03721" lon="21.433760000000003">
    <ele>117.09000000000002</ele>
   </trkpt>
   <trkpt lat="54.03739402357481" lon="21.432568021104313">
    <ele>117.49000000000001</ele>
   </trkpt>
   <trkpt lat="54.03757803536245" lon="21.4313760316557">
    <ele>119.72</ele>
   </trkpt>
   <trkpt lat="54.037762035362704" lon="21.430184031654683">
    <ele>120.91</ele>
   </trkpt>
   <trkpt lat="54.03794602357541" lon="21.428992021101774">
    <ele>120.92000000000002</ele>
   </trkpt>
   <trkpt lat="54.03813" lon="21.4278">
    <ele>123.56000000000002</ele>
   </trkpt>
   <trkpt lat="54.038360000000004" lon="21.426720000000003">
    <ele>124.29</ele>
   </trkpt>
   <trkpt lat="54.038653341084085" lon="21.42575334698029">
    <ele>122.72000000000001</ele>
   </trkpt>
   <trkpt lat="54.038946674416216" lon="21.424786680317776">
    <ele>120.92000000000002</ele>
   </trkpt>
   <trkpt lat="54.03924000000001" lon="21.423820000000003">
    <ele>120.61</ele>
   </trkpt>
   <trkpt lat="54.03889" lon="21.423920000000003">
    <ele>120.32000000000001</ele>
   </trkpt>
   <trkpt lat="54.038560000000004" lon="21.424090000000003">
    <ele>120.29</ele>
   </trkpt>
   <trkpt lat="54.03828000000001" lon="21.424310000000002">
    <ele>120.54</ele>
   </trkpt>
   <trkpt lat="54.03806" lon="21.42454">
    <ele>121.09</ele>
   </trkpt>
   <trkpt lat="54.03792000000001" lon="21.424680000000002">
    <ele>121.67000000000002</ele>
   </trkpt>
   <trkpt lat="54.03777" lon="21.42473">
    <ele>122.35000000000001</ele>
   </trkpt>
   <trkpt lat="54.03759" lon="21.42473">
    <ele>123.7</ele>
   </trkpt>
   <trkpt lat="54.03707000000001" lon="21.424570000000003">
    <ele>126.89</ele>
   </trkpt>
   <trkpt lat="54.0367" lon="21.42452">
    <ele>130.37</ele>
   </trkpt>
   <trkpt lat="54.036370000000005" lon="21.42435">
    <ele>133.67000000000002</ele>
   </trkpt>
   <trkpt lat="54.03594000194285" lon="21.423669993005753">
    <ele>135.36</ele>
   </trkpt>
   <trkpt lat="54.03551" lon="21.422990000000002">
    <ele>139.01000000000002</ele>
   </trkpt>
   <trkpt lat="54.03526" lon="21.422870000000003">
    <ele>140.46</ele>
   </trkpt>
   <trkpt lat="54.034760000000006" lon="21.42282">
    <ele>140.72</ele>
   </trkpt>
   <trkpt lat="54.03439" lon="21.422970000000003">
    <ele>140.15000000000003</ele>
   </trkpt>
   <trkpt lat="54.034060000000004" lon="21.42331">
    <ele>139.92000000000002</ele>
   </trkpt>
   <trkpt lat="54.03363" lon="21.4236">
    <ele>139.06</ele>
   </trkpt>
   <trkpt lat="54.03287" lon="21.423820000000003">
    <ele>138.53</ele>
   </trkpt>
   <trkpt lat="54.03240500006724" lon="21.42400000203907">
    <ele>137.46</ele>
   </trkpt>
   <trkpt lat="54.031940000000006" lon="21.424180000000003">
    <ele>136.17000000000002</ele>
   </trkpt>
   <trkpt lat="54.031530000000004" lon="21.424190000000003">
    <ele>135.31</ele>
   </trkpt>
   <trkpt lat="54.03095333489035" lon="21.42374998775806">
    <ele>134.54000000000002</ele>
   </trkpt>
   <trkpt lat="54.03037666817444" lon="21.42330998772069">
    <ele>135.49</ele>
   </trkpt>
   <trkpt lat="54.0298" lon="21.422870000000003">
    <ele>135.78</ele>
   </trkpt>
   <trkpt lat="54.02939000000001" lon="21.422250000000002">
    <ele>138.97</ele>
   </trkpt>
   <trkpt lat="54.02900333904187" lon="21.421416651054546">
    <ele>140.89000000000001</ele>
   </trkpt>
   <trkpt lat="54.028616672321974" lon="21.420583317606717">
    <ele>139.88</ele>
   </trkpt>
   <trkpt lat="54.02823000000001" lon="21.41975">
    <ele>139.79</ele>
   </trkpt>
   <trkpt lat="54.02779500208174" lon="21.4190299923546">
    <ele>136.44</ele>
   </trkpt>
   <trkpt lat="54.02736" lon="21.41831">
    <ele>134.96</ele>
   </trkpt>
   <trkpt lat="54.026860000000006" lon="21.41768">
    <ele>137.48000000000002</ele>
   </trkpt>
   <trkpt lat="54.026740000000004" lon="21.41757">
    <ele>138.83</ele>
   </trkpt>
   <trkpt lat="54.026590000000006" lon="21.417520000000003">
    <ele>139.98000000000002</ele>
   </trkpt>
   <trkpt lat="54.02609" lon="21.417450000000002">
    <ele>141.73000000000002</ele>
   </trkpt>
   <trkpt lat="54.025890000000004" lon="21.417370000000002">
    <ele>142.03</ele>
   </trkpt>
   <trkpt lat="54.02512500127079" lon="21.41681498978614">
    <ele>141.08</ele>
   </trkpt>
   <trkpt lat="54.02436" lon="21.41626">
    <ele>136.09</ele>
   </trkpt>
   <trkpt lat="54.02373333490329" lon="21.415816653264105">
    <ele>135.27</ele>
   </trkpt>
   <trkpt lat="54.02310666817573" lon="21.415373319887944">
    <ele>133.87</ele>
   </trkpt>
   <trkpt lat="54.02248" lon="21.414930000000002">
    <ele>131.89000000000001</ele>
   </trkpt>
   <trkpt lat="54.02196000000001" lon="21.41484">
    <ele>132.34</ele>
   </trkpt>
   <trkpt lat="54.02172" lon="21.41485">
    <ele>133.10000000000002</ele>
   </trkpt>
   <trkpt lat="54.021480000000004" lon="21.414830000000002">
    <ele>134.10000000000002</ele>
   </trkpt>
   <trkpt lat="54.02127" lon="21.41468">
    <ele>135.16</ele>
   </trkpt>
   <trkpt lat="54.02114" lon="21.414610000000003">
    <ele>135.51000000000002</ele>
   </trkpt>
   <trkpt lat="54.02066000099432" lon="21.41411999434381">
    <ele>136.97</ele>
   </trkpt>
   <trkpt lat="54.02018" lon="21.41363">
    <ele>137.19</ele>
   </trkpt>
   <trkpt lat="54.019750000182576" lon="21.413399997602713">
    <ele>137.52</ele>
   </trkpt>
   <trkpt lat="54.01932000000001" lon="21.41317">
    <ele>137.94</ele>
   </trkpt>
   <trkpt lat="54.019090000000006" lon="21.412930000000003">
    <ele>137.92000000000002</ele>
   </trkpt>
   <trkpt lat="54.0191" lon="21.412930000000003">
    <ele>138.02</ele>
   </trkpt>
   <trkpt lat="54.01903000000001" lon="21.412860000000002">
    <ele>138.02</ele>
   </trkpt>
   <trkpt lat="54.018860000000004" lon="21.41261">
    <ele>138.49</ele>
   </trkpt>
   <trkpt lat="54.01876000000001" lon="21.412380000000002">
    <ele>138.63</ele>
   </trkpt>
   <trkpt lat="54.018470004481365" lon="21.411339992728074">
    <ele>137.9</ele>
   </trkpt>
   <trkpt lat="54.01818" lon="21.410300000000003">
    <ele>137.64000000000001</ele>
   </trkpt>
   <trkpt lat="54.01803" lon="21.410010000000003">
    <ele>137.67000000000002</ele>
   </trkpt>
   <trkpt lat="54.01765" lon="21.40961">
    <ele>137.94</ele>
   </trkpt>
   <trkpt lat="54.01702333626541" lon="21.40901664880166">
    <ele>139.36</ele>
   </trkpt>
   <trkpt lat="54.01639666960947" lon="21.408423315478835">
    <ele>140.09</ele>
   </trkpt>
   <trkpt lat="54.01577" lon="21.40783">
    <ele>140.13</ele>
   </trkpt>
   <trkpt lat="54.015190000000004" lon="21.40717">
    <ele>139.20000000000002</ele>
   </trkpt>
   <trkpt lat="54.01502000000001" lon="21.40686">
    <ele>138.44</ele>
   </trkpt>
   <trkpt lat="54.0148" lon="21.406190000000002">
    <ele>138.20000000000002</ele>
   </trkpt>
   <trkpt lat="54.01456" lon="21.405710000000003">
    <ele>138.20000000000002</ele>
   </trkpt>
   <trkpt lat="54.01427" lon="21.40519">
    <ele>137.83</ele>
   </trkpt>
   <trkpt lat="54.01413" lon="21.405">
    <ele>137.39000000000001</ele>
   </trkpt>
   <trkpt lat="54.01371" lon="21.40462">
    <ele>137.08</ele>
   </trkpt>
   <trkpt lat="54.012910002479465" lon="21.40407331231153">
    <ele>138.3</ele>
   </trkpt>
   <trkpt lat="54.0121100024789" lon="21.40352664564498">
    <ele>139.1</ele>
   </trkpt>
   <trkpt lat="54.01131" lon="21.402980000000003">
    <ele>141.53</ele>
   </trkpt>
   <trkpt lat="54.01118" lon="21.40287">
    <ele>141.53</ele>
   </trkpt>
   <trkpt lat="54.01079000000001" lon="21.402410000000003">
    <ele>142.37000000000003</ele>
   </trkpt>
   <trkpt lat="54.01059000000001" lon="21.402140000000003">
    <ele>142.91</ele>
   </trkpt>
   <trkpt lat="54.010400000000004" lon="21.401950000000003">
    <ele>142.73000000000002</ele>
   </trkpt>
   <trkpt lat="54.010110000000005" lon="21.401760000000003">
    <ele>142.22</ele>
   </trkpt>
   <trkpt lat="54.010000000000005" lon="21.40165">
    <ele>142.5</ele>
   </trkpt>
   <trkpt lat="54.00983" lon="21.40127">
    <ele>143.13</ele>
   </trkpt>
   <trkpt lat="54.0097" lon="21.401090000000003">
    <ele>143.9</ele>
   </trkpt>
   <trkpt lat="54.009040000000006" lon="21.400360000000003">
    <ele>146.4</ele>
   </trkpt>
   <trkpt lat="54.00835000000001" lon="21.39976">
    <ele>148.53000000000003</ele>
   </trkpt>
   <trkpt lat="54.00782" lon="21.399250000000002">
    <ele>148.96</ele>
   </trkpt>
   <trkpt lat="54.00741500073969" lon="21.3988099956489">
    <ele>149.92000000000002</ele>
   </trkpt>
   <trkpt lat="54.00701" lon="21.398370000000003">
    <ele>150.8</ele>
   </trkpt>
   <trkpt lat="54.006600000000006" lon="21.397810000000003">
    <ele>149.39000000000001</ele>
   </trkpt>
   <trkpt lat="54.00603" lon="21.39685">
    <ele>144.23000000000002</ele>
   </trkpt>
   <trkpt lat="54.00589000000001" lon="21.397180000000002">
    <ele>143.68</ele>
   </trkpt>
   <trkpt lat="54.00549" lon="21.39777">
    <ele>144.66</ele>
   </trkpt>
   <trkpt lat="54.00511" lon="21.39814">
    <ele>144.37</ele>
   </trkpt>
   <trkpt lat="54.004940000000005" lon="21.39826">
    <ele>144.35</ele>
   </trkpt>
   <trkpt lat="54.00459000000001" lon="21.39824">
    <ele>144.61</ele>
   </trkpt>
   <trkpt lat="54.004270000000005" lon="21.39827">
    <ele>145.00000000000003</ele>
   </trkpt>
   <trkpt lat="54.003480000373266" lon="21.39805665856731">
    <ele>148.62</ele>
   </trkpt>
   <trkpt lat="54.0026900003688" lon="21.397843325232955">
    <ele>152.58</ele>
   </trkpt>
   <trkpt lat="54.001900000000006" lon="21.397630000000003">
    <ele>155.12</ele>
   </trkpt>
   <trkpt lat="54.00137" lon="21.39758">
    <ele>153.46</ele>
   </trkpt>
   <trkpt lat="54.000980000000006" lon="21.3976">
    <ele>152.74</ele>
   </trkpt>
   <trkpt lat="54.00037999993541" lon="21.397586666280834">
    <ele>151.89000000000001</ele>
   </trkpt>
   <trkpt lat="53.99977999986933" lon="21.397573332946042">
    <ele>150.91000000000003</ele>
   </trkpt>
   <trkpt lat="53.99918" lon="21.397560000000002">
    <ele>150.72000000000003</ele>
   </trkpt>
   <trkpt lat="53.998920000000005" lon="21.397640000000003">
    <ele>150.48</ele>
   </trkpt>
   <trkpt lat="53.99871" lon="21.39778">
    <ele>150.31</ele>
   </trkpt>
   <trkpt lat="53.998520000000006" lon="21.39799">
    <ele>150.34</ele>
   </trkpt>
   <trkpt lat="53.998380000000004" lon="21.39823">
    <ele>150.58</ele>
   </trkpt>
   <trkpt lat="53.9977750010176" lon="21.397724992627165">
    <ele>150.84</ele>
   </trkpt>
   <trkpt lat="53.997170000000004" lon="21.39722">
    <ele>151.33</ele>
   </trkpt>
   <trkpt lat="53.99703" lon="21.39714">
    <ele>151.19000000000003</ele>
   </trkpt>
   <trkpt lat="53.996950000000005" lon="21.39683">
    <ele>151.04</ele>
   </trkpt>
   <trkpt lat="53.99673000000001" lon="21.396310000000003">
    <ele>151.46</ele>
   </trkpt>
   <trkpt lat="53.996460000000006" lon="21.396060000000002">
    <ele>152.17</ele>
   </trkpt>
   <trkpt lat="53.99624000000001" lon="21.39592">
    <ele>152.50000000000003</ele>
   </trkpt>
   <trkpt lat="53.995960000000004" lon="21.39583">
    <ele>154.8</ele>
   </trkpt>
   <trkpt lat="53.99575" lon="21.395860000000003">
    <ele>154.8</ele>
   </trkpt>
   <trkpt lat="53.995430000000006" lon="21.395840000000003">
    <ele>156.43</ele>
   </trkpt>
   <trkpt lat="53.995200000000004" lon="21.395780000000002">
    <ele>158.0</ele>
   </trkpt>
   <trkpt lat="53.99506" lon="21.395670000000003">
    <ele>158.74</ele>
   </trkpt>
   <trkpt lat="53.994930000000004" lon="21.39561">
    <ele>159.60999999999999</ele>
   </trkpt>
   <trkpt lat="53.99456000000001" lon="21.39553">
    <ele>161.07000000000002</ele>
   </trkpt>
   <trkpt lat="53.99418000000001" lon="21.395380000000003">
    <ele>162.74</ele>
   </trkpt>
   <trkpt lat="53.993730000000006" lon="21.39497">
    <ele>163.44</ele>
   </trkpt>
   <trkpt lat="53.993520000000004" lon="21.394630000000003">
    <ele>163.84</ele>
   </trkpt>
   <trkpt lat="53.993320000000004" lon="21.39441">
    <ele>163.65</ele>
   </trkpt>
   <trkpt lat="53.993050000000004" lon="21.39433">
    <ele>163.08</ele>
   </trkpt>
   <trkpt lat="53.992720000000006" lon="21.3942">
    <ele>161.57000000000002</ele>
   </trkpt>
   <trkpt lat="53.992160000000005" lon="21.39395">
    <ele>161.99</ele>
   </trkpt>
   <trkpt lat="53.99157" lon="21.393590000000003">
    <ele>162.74</ele>
   </trkpt>
   <trkpt lat="53.99083" lon="21.39289">
    <ele>164.22</ele>
   </trkpt>
   <trkpt lat="53.9904" lon="21.39261">
    <ele>165.68</ele>
   </trkpt>
   <trkpt lat="53.98995000000001" lon="21.392370000000003">
    <ele>166.41</ele>
   </trkpt>
   <trkpt lat="53.98912000000001" lon="21.39198">
    <ele>167.84</ele>
   </trkpt>
   <trkpt lat="53.98875" lon="21.39185">
    <ele>167.87</ele>
   </trkpt>
   <trkpt lat="53.988053333449855" lon="21.39173666287655">
    <ele>167.51000000000002</ele>
   </trkpt>
   <trkpt lat="53.987356666793076" lon="21.3916233295449">
    <ele>167.67000000000002</ele>
   </trkpt>
   <trkpt lat="53.98666000000001" lon="21.39151">
    <ele>169.37</ele>
   </trkpt>
   <trkpt lat="53.98635" lon="21.391550000000002">
    <ele>170.32000000000002</ele>
   </trkpt>
   <trkpt lat="53.9857" lon="21.391900000000003">
    <ele>172.53</ele>
   </trkpt>
   <trkpt lat="53.985380000000006" lon="21.392090000000003">
    <ele>173.03</ele>
   </trkpt>
   <trkpt lat="53.985170000000004" lon="21.39214">
    <ele>173.78</ele>
   </trkpt>
   <trkpt lat="53.98467" lon="21.39213">
    <ele>175.1</ele>
   </trkpt>
   <trkpt lat="53.984210000000004" lon="21.392210000000002">
    <ele>176.6</ele>
   </trkpt>
   <trkpt lat="53.983740000000004" lon="21.392370000000003">
    <ele>176.79</ele>
   </trkpt>
   <trkpt lat="53.983160000000005" lon="21.39242">
    <ele>176.45000000000002</ele>
   </trkpt>
   <trkpt lat="53.982820000000004" lon="21.39223">
    <ele>176.79</ele>
   </trkpt>
   <trkpt lat="53.982150000000004" lon="21.391520000000003">
    <ele>179.37</ele>
   </trkpt>
   <trkpt lat="53.98180000000001" lon="21.39121">
    <ele>180.4</ele>
   </trkpt>
   <trkpt lat="53.981550000000006" lon="21.39104">
    <ele>180.68</ele>
   </trkpt>
   <trkpt lat="53.98142000000001" lon="21.390980000000003">
    <ele>180.68</ele>
   </trkpt>
   <trkpt lat="53.98129" lon="21.39094">
    <ele>180.85</ele>
   </trkpt>
   <trkpt lat="53.980470000000004" lon="21.39101">
    <ele>181.98</ele>
   </trkpt>
   <trkpt lat="53.979999999831094" lon="21.3911150012326">
    <ele>182.56000000000003</ele>
   </trkpt>
   <trkpt lat="53.979530000000004" lon="21.39122">
    <ele>181.84</ele>
   </trkpt>
   <trkpt lat="53.97934000000001" lon="21.391240000000003">
    <ele>181.65</ele>
   </trkpt>
   <trkpt lat="53.97914" lon="21.3912">
    <ele>181.50000000000003</ele>
   </trkpt>
   <trkpt lat="53.97899" lon="21.39114">
    <ele>181.49</ele>
   </trkpt>
   <trkpt lat="53.978840000000005" lon="21.39104">
    <ele>181.6</ele>
   </trkpt>
   <trkpt lat="53.978570000000005" lon="21.390780000000003">
    <ele>182.22000000000003</ele>
   </trkpt>
   <trkpt lat="53.978300000000004" lon="21.39046">
    <ele>182.34</ele>
   </trkpt>
   <trkpt lat="53.97816" lon="21.39036">
    <ele>182.61</ele>
   </trkpt>
   <trkpt lat="53.977970000000006" lon="21.390320000000003">
    <ele>182.74</ele>
   </trkpt>
   <trkpt lat="53.97764" lon="21.39037">
    <ele>183.66000000000003</ele>
   </trkpt>
   <trkpt lat="53.977320000000006" lon="21.390330000000002">
    <ele>184.45</ele>
   </trkpt>
   <trkpt lat="53.977180000000004" lon="21.390240000000002">
    <ele>184.45</ele>
   </trkpt>
   <trkpt lat="53.976670000000006" lon="21.38981">
    <ele>186.06</ele>
   </trkpt>
   <trkpt lat="53.976350000000004" lon="21.38962">
    <ele>186.43</ele>
   </trkpt>
   <trkpt lat="53.97601" lon="21.389370000000003">
    <ele>186.07000000000002</ele>
   </trkpt>
   <trkpt lat="53.97578000000001" lon="21.38933">
    <ele>185.56</ele>
   </trkpt>
   <trkpt lat="53.97565" lon="21.389390000000002">
    <ele>184.26</ele>
   </trkpt>
   <trkpt lat="53.97523" lon="21.38969">
    <ele>183.44000000000003</ele>
   </trkpt>
   <trkpt lat="53.97467" lon="21.38992">
    <ele>183.58</ele>
   </trkpt>
   <trkpt lat="53.974520000000005" lon="21.390110000000004">
    <ele>183.58</ele>
   </trkpt>
   <trkpt lat="53.97428000000001" lon="21.390690000000003">
    <ele>183.89000000000001</ele>
   </trkpt>
   <trkpt lat="53.97417" lon="21.390870000000003">
    <ele>183.99</ele>
   </trkpt>
   <trkpt lat="53.973650000000006" lon="21.3914">
    <ele>184.96</ele>
   </trkpt>
   <trkpt lat="53.973240000000004" lon="21.39178">
    <ele>185.59</ele>
   </trkpt>
   <trkpt lat="53.97260000000001" lon="21.392460000000003">
    <ele>186.41000000000003</ele>
   </trkpt>
   <trkpt lat="53.97231000000001" lon="21.392780000000002">
    <ele>188.21</ele>
   </trkpt>
   <trkpt lat="53.97177000000001" lon="21.393490000000003">
    <ele>188.56</ele>
   </trkpt>
   <trkpt lat="53.971590000000006" lon="21.39363">
    <ele>188.88000000000002</ele>
   </trkpt>
   <trkpt lat="53.97129" lon="21.393770000000004">
    <ele>190.78</ele>
   </trkpt>
   <trkpt lat="53.970670000000005" lon="21.393980000000003">
    <ele>195.63000000000002</ele>
   </trkpt>
   <trkpt lat="53.97048500299544" lon="21.39312999620926">
    <ele>193.75</ele>
   </trkpt>
   <trkpt lat="53.9703" lon="21.392280000000003">
    <ele>192.88000000000002</ele>
   </trkpt>
   <trkpt lat="53.970220000000005" lon="21.391990000000003">
    <ele>192.28</ele>
   </trkpt>
   <trkpt lat="53.97014000000001" lon="21.39179">
    <ele>192.28</ele>
   </trkpt>
   <trkpt lat="53.970060000000004" lon="21.391720000000003">
    <ele>192.17000000000002</ele>
   </trkpt>
   <trkpt lat="53.969186667109625" lon="21.39149999078982">
    <ele>190.73000000000002</ele>
   </trkpt>
   <trkpt lat="53.968313333817406" lon="21.391279990800403">
    <ele>189.9</ele>
   </trkpt>
   <trkpt lat="53.96744" lon="21.391060000000003">
    <ele>191.45000000000002</ele>
   </trkpt>
   <trkpt lat="53.966860000000004" lon="21.390900000000002">
    <ele>194.10000000000002</ele>
   </trkpt>
   <trkpt lat="53.966750000000005" lon="21.39084">
    <ele>194.61</ele>
   </trkpt>
   <trkpt lat="53.966660000000005" lon="21.39075">
    <ele>194.94</ele>
   </trkpt>
   <trkpt lat="53.966550000000005" lon="21.390580000000003">
    <ele>195.06</ele>
   </trkpt>
   <trkpt lat="53.96601751391162" lon="21.3895224594365">
    <ele>193.89000000000001</ele>
   </trkpt>
   <trkpt lat="53.96548501853775" lon="21.38846494589442">
    <ele>191.54000000000002</ele>
   </trkpt>
   <trkpt lat="53.96495251387885" lon="21.387407459373023">
    <ele>189.46</ele>
   </trkpt>
   <trkpt lat="53.964420000000004" lon="21.38635">
    <ele>188.27</ele>
   </trkpt>
   <trkpt lat="53.963890000000006" lon="21.38532">
    <ele>186.95</ele>
   </trkpt>
   <trkpt lat="53.96350500145747" lon="21.384704994139643">
    <ele>187.35000000000002</ele>
   </trkpt>
   <trkpt lat="53.96312" lon="21.38409">
    <ele>188.17</ele>
   </trkpt>
   <trkpt lat="53.96275000000001" lon="21.383640000000003">
    <ele>186.46</ele>
   </trkpt>
   <trkpt lat="53.96201200879847" lon="21.382911948444153">
    <ele>183.15</ele>
   </trkpt>
   <trkpt lat="53.96127401319592" lon="21.38218392266623">
    <ele>181.31000000000003</ele>
   </trkpt>
   <trkpt lat="53.96053601319267" lon="21.381455922664763">
    <ele>181.07</ele>
   </trkpt>
   <trkpt lat="53.959798008789015" lon="21.380727948438306">
    <ele>180.79</ele>
   </trkpt>
   <trkpt lat="53.95906" lon="21.380000000000003">
    <ele>180.63</ele>
   </trkpt>
   <trkpt lat="53.95840000538754" lon="21.379342468777313">
    <ele>180.1</ele>
   </trkpt>
   <trkpt lat="53.95774000718521" lon="21.378684958372407">
    <ele>179.89000000000001</ele>
   </trkpt>
   <trkpt lat="53.957080005393216" lon="21.378027468784236">
    <ele>181.73</ele>
   </trkpt>
   <trkpt lat="53.95642" lon="21.377370000000003">
    <ele>183.42000000000002</ele>
   </trkpt>
   <trkpt lat="53.95619000000001" lon="21.377200000000002">
    <ele>183.58</ele>
   </trkpt>
   <trkpt lat="53.95597000000001" lon="21.377090000000003">
    <ele>184.37</ele>
   </trkpt>
   <trkpt lat="53.95535" lon="21.37686">
    <ele>184.10000000000002</ele>
   </trkpt>
   <trkpt lat="53.955070000000006" lon="21.37674">
    <ele>183.15</ele>
   </trkpt>
   <trkpt lat="53.954840000000004" lon="21.37658">
    <ele>181.69000000000003</ele>
   </trkpt>
   <trkpt lat="53.95423500130744" lon="21.37600999169067">
    <ele>179.20000000000002</ele>
   </trkpt>
   <trkpt lat="53.953630000000004" lon="21.37544">
    <ele>176.54</ele>
   </trkpt>
   <trkpt lat="53.953480000000006" lon="21.375210000000003">
    <ele>176.21</ele>
   </trkpt>
   <trkpt lat="53.953450000000004" lon="21.375100000000003">
    <ele>176.21</ele>
   </trkpt>
   <trkpt lat="53.95344000000001" lon="21.37497">
    <ele>175.75</ele>
   </trkpt>
   <trkpt lat="53.953445004533464" lon="21.373925000243588">
    <ele>174.6</ele>
   </trkpt>
   <trkpt lat="53.953450000000004" lon="21.372880000000002">
    <ele>172.90000000000003</ele>
   </trkpt>
   <trkpt lat="53.953540000000004" lon="21.371570000000002">
    <ele>171.17000000000002</ele>
   </trkpt>
   <trkpt lat="53.95351" lon="21.3713">
    <ele>170.81</ele>
   </trkpt>
   <trkpt lat="53.953390000000006" lon="21.371160000000003">
    <ele>170.73000000000002</ele>
   </trkpt>
   <trkpt lat="53.95328000000001" lon="21.371100000000002">
    <ele>170.74</ele>
   </trkpt>
   <trkpt lat="53.95279000000001" lon="21.370910000000002">
    <ele>172.06</ele>
   </trkpt>
   <trkpt lat="53.95219" lon="21.37064">
    <ele>173.6</ele>
   </trkpt>
   <trkpt lat="53.95174" lon="21.37048">
    <ele>174.33</ele>
   </trkpt>
   <trkpt lat="53.95136" lon="21.3703">
    <ele>174.51000000000002</ele>
   </trkpt>
   <trkpt lat="53.950805000338065" lon="21.37005499677866">
    <ele>174.70000000000002</ele>
   </trkpt>
   <trkpt lat="53.950250000000004" lon="21.36981">
    <ele>174.28</ele>
   </trkpt>
   <trkpt lat="53.949585000244134" lon="21.369569996174903">
    <ele>174.07</ele>
   </trkpt>
   <trkpt lat="53.94892" lon="21.36933">
    <ele>174.21</ele>
   </trkpt>
   <trkpt lat="53.94803500006937" lon="21.369204997348216">
    <ele>175.17000000000002</ele>
   </trkpt>
   <trkpt lat="53.94715000000001" lon="21.36908">
    <ele>176.8</ele>
   </trkpt>
   <trkpt lat="53.94645000010126" lon="21.36898999546875">
    <ele>178.14000000000001</ele>
   </trkpt>
   <trkpt lat="53.94575000013523" lon="21.36889999395848">
    <ele>179.86</ele>
   </trkpt>
   <trkpt lat="53.94505000010194" lon="21.368809995469018">
    <ele>180.47000000000003</ele>
   </trkpt>
   <trkpt lat="53.94435000000001" lon="21.368720000000003">
    <ele>180.69000000000003</ele>
   </trkpt>
   <trkpt lat="53.943670000000004" lon="21.368720000000003">
    <ele>180.33</ele>
   </trkpt>
   <trkpt lat="53.94285000000001" lon="21.36876">
    <ele>178.1</ele>
   </trkpt>
   <trkpt lat="53.94209000000001" lon="21.368840000000002">
    <ele>177.15</ele>
   </trkpt>
   <trkpt lat="53.94187" lon="21.368810000000003">
    <ele>177.13</ele>
   </trkpt>
   <trkpt lat="53.941680000000005" lon="21.368740000000003">
    <ele>177.20000000000002</ele>
   </trkpt>
   <trkpt lat="53.941370000000006" lon="21.36849">
    <ele>177.41</ele>
   </trkpt>
   <trkpt lat="53.940760006795706" lon="21.36774996750788">
    <ele>178.57</ele>
   </trkpt>
   <trkpt lat="53.940150009043265" lon="21.367009956656567">
    <ele>178.92000000000002</ele>
   </trkpt>
   <trkpt lat="53.93954000674292" lon="21.366269967445103">
    <ele>177.77</ele>
   </trkpt>
   <trkpt lat="53.938930000000006" lon="21.365530000000003">
    <ele>176.76000000000002</ele>
   </trkpt>
   <trkpt lat="53.938840000000006" lon="21.365460000000002">
    <ele>176.76000000000002</ele>
   </trkpt>
   <trkpt lat="53.93871000000001" lon="21.36542">
    <ele>176.34000000000003</ele>
   </trkpt>
   <trkpt lat="53.937830000000005" lon="21.365250000000003">
    <ele>173.27</ele>
   </trkpt>
   <trkpt lat="53.93753" lon="21.36521">
    <ele>172.34</ele>
   </trkpt>
   <trkpt lat="53.93699" lon="21.365180000000002">
    <ele>171.78</ele>
   </trkpt>
   <trkpt lat="53.936580000000006" lon="21.365190000000002">
    <ele>171.29000000000002</ele>
   </trkpt>
   <trkpt lat="53.93616" lon="21.36529">
    <ele>169.72</ele>
   </trkpt>
   <trkpt lat="53.93556000027902" lon="21.3655250033597">
    <ele>168.53</ele>
   </trkpt>
   <trkpt lat="53.934960000000004" lon="21.36576">
    <ele>168.27</ele>
   </trkpt>
   <trkpt lat="53.93464" lon="21.365830000000003">
    <ele>168.29000000000002</ele>
   </trkpt>
   <trkpt lat="53.93441000000001" lon="21.365840000000002">
    <ele>168.08</ele>
   </trkpt>
   <trkpt lat="53.93378000000747" lon="21.36575999878978">
    <ele>166.91</ele>
   </trkpt>
   <trkpt lat="53.933150000000005" lon="21.36568">
    <ele>164.46</ele>
   </trkpt>
   <trkpt lat="53.933020000000006" lon="21.365650000000002">
    <ele>164.46</ele>
   </trkpt>
   <trkpt lat="53.932860000000005" lon="21.36558">
    <ele>162.89000000000001</ele>
   </trkpt>
   <trkpt lat="53.932430000000004" lon="21.36531">
    <ele>161.63000000000002</ele>
   </trkpt>
   <trkpt lat="53.93187" lon="21.364790000000003">
    <ele>159.35999999999999</ele>
   </trkpt>
   <trkpt lat="53.93148000000001" lon="21.364330000000002">
    <ele>158.47</ele>
   </trkpt>
   <trkpt lat="53.931060001224076" lon="21.36378499450288">
    <ele>158.17000000000002</ele>
   </trkpt>
   <trkpt lat="53.930640000000004" lon="21.36324">
    <ele>158.44000000000003</ele>
   </trkpt>
   <trkpt lat="53.930130000000005" lon="21.362540000000003">
    <ele>159.4</ele>
   </trkpt>
   <trkpt lat="53.92978" lon="21.361960000000003">
    <ele>159.81</ele>
   </trkpt>
   <trkpt lat="53.92951000000001" lon="21.36139">
    <ele>159.51000000000002</ele>
   </trkpt>
   <trkpt lat="53.92898" lon="21.36016">
    <ele>159.45000000000002</ele>
   </trkpt>
   <trkpt lat="53.92891" lon="21.35998">
    <ele>159.56</ele>
   </trkpt>
   <trkpt lat="53.92887" lon="21.359810000000003">
    <ele>159.94000000000003</ele>
   </trkpt>
   <trkpt lat="53.92875000000001" lon="21.35987">
    <ele>160.07000000000002</ele>
   </trkpt>
   <trkpt lat="53.92869" lon="21.35995">
    <ele>160.07000000000002</ele>
   </trkpt>
   <trkpt lat="53.92821000280362" lon="21.36078000964474">
    <ele>160.09</ele>
   </trkpt>
   <trkpt lat="53.927730000000004" lon="21.361610000000002">
    <ele>160.20000000000002</ele>
   </trkpt>
   <trkpt lat="53.92747000000001" lon="21.36174">
    <ele>160.03</ele>
   </trkpt>
   <trkpt lat="53.92737" lon="21.36176">
    <ele>160.03</ele>
   </trkpt>
   <trkpt lat="53.92718000000001" lon="21.361720000000002">
    <ele>159.96</ele>
   </trkpt>
   <trkpt lat="53.92701" lon="21.36163">
    <ele>159.96</ele>
   </trkpt>
   <trkpt lat="53.92649500050088" lon="21.361264995459383">
    <ele>159.15</ele>
   </trkpt>
   <trkpt lat="53.92598" lon="21.3609">
    <ele>157.93</ele>
   </trkpt>
   <trkpt lat="53.92555" lon="21.36063">
    <ele>157.54000000000002</ele>
   </trkpt>
   <trkpt lat="53.925110000000004" lon="21.360310000000002">
    <ele>156.13000000000002</ele>
   </trkpt>
   <trkpt lat="53.924800000000005" lon="21.36013">
    <ele>155.49</ele>
   </trkpt>
   <trkpt lat="53.924440000000004" lon="21.35989">
    <ele>155.2</ele>
   </trkpt>
   <trkpt lat="53.92421" lon="21.359800000000003">
    <ele>155.05</ele>
   </trkpt>
   <trkpt lat="53.92403" lon="21.35976">
    <ele>155.03</ele>
   </trkpt>
   <trkpt lat="53.923346666683166" lon="21.35971666524807">
    <ele>155.29000000000002</ele>
   </trkpt>
   <trkpt lat="53.92266333335073" lon="21.359673331914816">
    <ele>156.0</ele>
   </trkpt>
   <trkpt lat="53.921980000000005" lon="21.359630000000003">
    <ele>156.42</ele>
   </trkpt>
   <trkpt lat="53.921620000000004" lon="21.35959">
    <ele>156.57000000000002</ele>
   </trkpt>
   <trkpt lat="53.921290000000006" lon="21.35958">
    <ele>156.8</ele>
   </trkpt>
   <trkpt lat="53.92098000000001" lon="21.3596">
    <ele>156.81</ele>
   </trkpt>
   <trkpt lat="53.92062000000001" lon="21.35966">
    <ele>156.8</ele>
   </trkpt>
   <trkpt lat="53.920280000000005" lon="21.35978">
    <ele>156.84</ele>
   </trkpt>
   <trkpt lat="53.91951" lon="21.360110000000002">
    <ele>155.14</ele>
   </trkpt>
   <trkpt lat="53.91910000000001" lon="21.36041">
    <ele>153.99</ele>
   </trkpt>
   <trkpt lat="53.918635000538835" lon="21.360800004421417">
    <ele>152.83</ele>
   </trkpt>
   <trkpt lat="53.91817" lon="21.36119">
    <ele>152.24</ele>
   </trkpt>
   <trkpt lat="53.91794" lon="21.36126">
    <ele>151.93</ele>
   </trkpt>
   <trkpt lat="53.917660000000005" lon="21.361210000000003">
    <ele>151.03000000000003</ele>
   </trkpt>
   <trkpt lat="53.917155000336194" lon="21.360899996212055">
    <ele>149.61</ele>
   </trkpt>
   <trkpt lat="53.916650000000004" lon="21.360590000000002">
    <ele>148.29</ele>
   </trkpt>
   <trkpt lat="53.91635" lon="21.36044">
    <ele>147.78000000000003</ele>
   </trkpt>
   <trkpt lat="53.915560000000006" lon="21.360300000000002">
    <ele>146.21</ele>
   </trkpt>
   <trkpt lat="53.915380000000006" lon="21.36035">
    <ele>145.89000000000001</ele>
   </trkpt>
   <trkpt lat="53.9146400008003" lon="21.360800007999288">
    <ele>143.72</ele>
   </trkpt>
   <trkpt lat="53.913900000000005" lon="21.361250000000002">
    <ele>142.79</ele>
   </trkpt>
   <trkpt lat="53.913650000000004" lon="21.36138">
    <ele>142.20000000000002</ele>
   </trkpt>
   <trkpt lat="53.91349" lon="21.36139">
    <ele>142.20000000000002</ele>
   </trkpt>
   <trkpt lat="53.91331" lon="21.361300000000004">
    <ele>141.49</ele>
   </trkpt>
   <trkpt lat="53.91313" lon="21.36118">
    <ele>141.37000000000003</ele>
   </trkpt>
   <trkpt lat="53.9123833358754" lon="21.360629980354304">
    <ele>140.58</ele>
   </trkpt>
   <trkpt lat="53.9116366692376" lon="21.360079980376007">
    <ele>139.20000000000002</ele>
   </trkpt>
   <trkpt lat="53.91089" lon="21.359530000000003">
    <ele>138.18000000000004</ele>
   </trkpt>
   <trkpt lat="53.910650000000004" lon="21.359440000000003">
    <ele>137.66</ele>
   </trkpt>
   <trkpt lat="53.910360000000004" lon="21.359440000000003">
    <ele>136.92000000000002</ele>
   </trkpt>
   <trkpt lat="53.90959" lon="21.3596">
    <ele>135.6</ele>
   </trkpt>
   <trkpt lat="53.90903" lon="21.35979">
    <ele>135.96</ele>
   </trkpt>
   <trkpt lat="53.908565000059056" lon="21.359985002212408">
    <ele>136.66</ele>
   </trkpt>
   <trkpt lat="53.908100000000005" lon="21.360180000000003">
    <ele>137.22</ele>
   </trkpt>
   <trkpt lat="53.907770000000006" lon="21.36034">
    <ele>137.43000000000004</ele>
   </trkpt>
   <trkpt lat="53.9074" lon="21.360470000000003">
    <ele>137.22</ele>
   </trkpt>
   <trkpt lat="53.906620000000004" lon="21.360780000000002">
    <ele>135.43</ele>
   </trkpt>
   <trkpt lat="53.906470000000006" lon="21.3608">
    <ele>135.3</ele>
   </trkpt>
   <trkpt lat="53.90636000000001" lon="21.36079">
    <ele>135.18</ele>
   </trkpt>
   <trkpt lat="53.90612" lon="21.360680000000002">
    <ele>135.02</ele>
   </trkpt>
   <trkpt lat="53.90588" lon="21.36026">
    <ele>135.04000000000002</ele>
   </trkpt>
   <trkpt lat="53.905373344139086" lon="21.35911997236374">
    <ele>133.98000000000002</ele>
   </trkpt>
   <trkpt lat="53.90486667748031" lon="21.35797997238203">
    <ele>133.88</ele>
   </trkpt>
   <trkpt lat="53.904360000000004" lon="21.356840000000002">
    <ele>134.02</ele>
   </trkpt>
   <trkpt lat="53.904095001705976" lon="21.356199995950725">
    <ele>133.96</ele>
   </trkpt>
   <trkpt lat="53.903830000000006" lon="21.35556">
    <ele>134.0</ele>
   </trkpt>
   <trkpt lat="53.90364" lon="21.35517">
    <ele>133.89000000000001</ele>
   </trkpt>
   <trkpt lat="53.9035" lon="21.35501">
    <ele>133.89000000000001</ele>
   </trkpt>
   <trkpt lat="53.90332000000001" lon="21.354860000000002">
    <ele>133.9</ele>
   </trkpt>
   <trkpt lat="53.9031" lon="21.3548">
    <ele>133.9</ele>
   </trkpt>
   <trkpt lat="53.9024933333968" lon="21.35473333140005">
    <ele>132.81</ele>
   </trkpt>
   <trkpt lat="53.90188666675668" lon="21.35466666473633">
    <ele>132.19</ele>
   </trkpt>
   <trkpt lat="53.90128000000001" lon="21.3546">
    <ele>132.67000000000002</ele>
   </trkpt>
   <trkpt lat="53.90081000000001" lon="21.35452">
    <ele>134.42000000000002</ele>
   </trkpt>
   <trkpt lat="53.900690000000004" lon="21.354480000000002">
    <ele>134.42000000000002</ele>
   </trkpt>
   <trkpt lat="53.900450000000006" lon="21.35433">
    <ele>135.29000000000002</ele>
   </trkpt>
   <trkpt lat="53.90028" lon="21.354100000000003">
    <ele>135.91</ele>
   </trkpt>
   <trkpt lat="53.900130000000004" lon="21.353740000000002">
    <ele>136.53</ele>
   </trkpt>
   <trkpt lat="53.900020000000005" lon="21.35328">
    <ele>136.95000000000002</ele>
   </trkpt>
   <trkpt lat="53.89984000814387" lon="21.35228999147138">
    <ele>138.23000000000002</ele>
   </trkpt>
   <trkpt lat="53.8996600081441" lon="21.351299991472793">
    <ele>139.51000000000002</ele>
   </trkpt>
   <trkpt lat="53.899480000000004" lon="21.35031">
    <ele>140.71</ele>
   </trkpt>
   <trkpt lat="53.89910000132557" lon="21.350870005059587">
    <ele>140.64000000000001</ele>
   </trkpt>
   <trkpt lat="53.898720000000004" lon="21.35143">
    <ele>139.98000000000002</ele>
   </trkpt>
   <trkpt lat="53.89810500319648" lon="21.352300012731824">
    <ele>136.63</ele>
   </trkpt>
   <trkpt lat="53.897490000000005" lon="21.353170000000002">
    <ele>136.24</ele>
   </trkpt>
   <trkpt lat="53.897400000000005" lon="21.353250000000003">
    <ele>136.58</ele>
   </trkpt>
   <trkpt lat="53.897330000000004" lon="21.353270000000002">
    <ele>136.58</ele>
   </trkpt>
   <trkpt lat="53.897270000000006" lon="21.353260000000002">
    <ele>136.58</ele>
   </trkpt>
   <trkpt lat="53.8971" lon="21.35311">
    <ele>136.58</ele>
   </trkpt>
   <trkpt lat="53.89692" lon="21.35303">
    <ele>136.78</ele>
   </trkpt>
   <trkpt lat="53.8963500001541" lon="21.35298499939767">
    <ele>137.94</ele>
   </trkpt>
   <trkpt lat="53.89578" lon="21.35294">
    <ele>139.83</ele>
   </trkpt>
   <trkpt lat="53.895279999964586" lon="21.35296500030103">
    <ele>140.36</ele>
   </trkpt>
   <trkpt lat="53.894780000000004" lon="21.352990000000002">
    <ele>140.92000000000002</ele>
   </trkpt>
   <trkpt lat="53.89390499999065" lon="21.352959999371414">
    <ele>141.39000000000001</ele>
   </trkpt>
   <trkpt lat="53.89303" lon="21.35293">
    <ele>143.24</ele>
   </trkpt>
   <trkpt lat="53.89264000000001" lon="21.35284">
    <ele>144.26</ele>
   </trkpt>
   <trkpt lat="53.89249" lon="21.352860000000003">
    <ele>143.87000000000003</ele>
   </trkpt>
   <trkpt lat="53.892100000000006" lon="21.353050000000003">
    <ele>140.94</ele>
   </trkpt>
   <trkpt lat="53.89188000000001" lon="21.353230000000003">
    <ele>139.54000000000002</ele>
   </trkpt>
   <trkpt lat="53.891560000000005" lon="21.353810000000003">
    <ele>137.65</ele>
   </trkpt>
   <trkpt lat="53.89143000000001" lon="21.354010000000002">
    <ele>137.31</ele>
   </trkpt>
   <trkpt lat="53.891160000000006" lon="21.35433">
    <ele>136.88</ele>
   </trkpt>
   <trkpt lat="53.89103000000001" lon="21.35453">
    <ele>136.37</ele>
   </trkpt>
   <trkpt lat="53.89086" lon="21.35491">
    <ele>135.92000000000002</ele>
   </trkpt>
   <trkpt lat="53.890620000000006" lon="21.35528">
    <ele>135.81</ele>
   </trkpt>
   <trkpt lat="53.89052" lon="21.35534">
    <ele>135.8</ele>
   </trkpt>
   <trkpt lat="53.89014" lon="21.355510000000002">
    <ele>135.91</ele>
   </trkpt>
   <trkpt lat="53.89005" lon="21.35557">
    <ele>135.91</ele>
   </trkpt>
   <trkpt lat="53.88993000000001" lon="21.35573">
    <ele>136.17000000000002</ele>
   </trkpt>
   <trkpt lat="53.88984000000001" lon="21.35591">
    <ele>136.52</ele>
   </trkpt>
   <trkpt lat="53.88975000000001" lon="21.356240000000003">
    <ele>137.25</ele>
   </trkpt>
   <trkpt lat="53.88965" lon="21.356710000000003">
    <ele>139.36</ele>
   </trkpt>
   <trkpt lat="53.88956" lon="21.357370000000003">
    <ele>142.87000000000003</ele>
   </trkpt>
   <trkpt lat="53.889500000000005" lon="21.35761">
    <ele>146.48</ele>
   </trkpt>
   <trkpt lat="53.889390000000006" lon="21.35789">
    <ele>146.48</ele>
   </trkpt>
   <trkpt lat="53.889320000000005" lon="21.35799">
    <ele>148.67000000000002</ele>
   </trkpt>
   <trkpt lat="53.88917000000001" lon="21.35807">
    <ele>150.05</ele>
   </trkpt>
   <trkpt lat="53.88902" lon="21.358240000000002">
    <ele>150.93</ele>
   </trkpt>
   <trkpt lat="53.88899000000001" lon="21.358310000000003">
    <ele>151.59</ele>
   </trkpt>
   <trkpt lat="53.88895" lon="21.35876">
    <ele>152.06</ele>
   </trkpt>
   <trkpt lat="53.88877" lon="21.360200000000003">
    <ele>155.3</ele>
   </trkpt>
   <trkpt lat="53.88870000000001" lon="21.3606">
    <ele>154.42</ele>
   </trkpt>
   <trkpt lat="53.888560000000005" lon="21.361040000000003">
    <ele>153.26</ele>
   </trkpt>
   <trkpt lat="53.888125004359935" lon="21.362050010229115">
    <ele>149.37</ele>
   </trkpt>
   <trkpt lat="53.887690000000006" lon="21.36306">
    <ele>145.57</ele>
   </trkpt>
   <trkpt lat="53.88721" lon="21.36411">
    <ele>143.79</ele>
   </trkpt>
   <trkpt lat="53.88690000217288" lon="21.36483000529571">
    <ele>143.28000000000003</ele>
   </trkpt>
   <trkpt lat="53.886590000000005" lon="21.365550000000002">
    <ele>143.04</ele>
   </trkpt>
   <trkpt lat="53.88611" lon="21.366580000000003">
    <ele>140.67000000000002</ele>
   </trkpt>
   <trkpt lat="53.886050000000004" lon="21.366750000000003">
    <ele>140.39000000000001</ele>
   </trkpt>
   <trkpt lat="53.88598" lon="21.366860000000003">
    <ele>139.92000000000002</ele>
   </trkpt>
   <trkpt lat="53.8858" lon="21.36699">
    <ele>139.78</ele>
   </trkpt>
   <trkpt lat="53.88591" lon="21.36765">
    <ele>139.98000000000002</ele>
   </trkpt>
   <trkpt lat="53.88593" lon="21.368100000000002">
    <ele>140.12000000000003</ele>
   </trkpt>
   <trkpt lat="53.88591" lon="21.368530000000003">
    <ele>140.65000000000003</ele>
   </trkpt>
   <trkpt lat="53.88552000000001" lon="21.369680000000002">
    <ele>142.12000000000003</ele>
   </trkpt>
   <trkpt lat="53.885290000000005" lon="21.370150000000002">
    <ele>142.3</ele>
   </trkpt>
   <trkpt lat="53.884800000000006" lon="21.370800000000003">
    <ele>142.58</ele>
   </trkpt>
   <trkpt lat="53.884660000000004" lon="21.37094">
    <ele>142.71</ele>
   </trkpt>
   <trkpt lat="53.884185000421134" lon="21.371280003905543">
    <ele>143.31000000000003</ele>
   </trkpt>
   <trkpt lat="53.88371000000001" lon="21.37162">
    <ele>144.64000000000001</ele>
   </trkpt>
   <trkpt lat="53.88353000000001" lon="21.3718">
    <ele>144.94</ele>
   </trkpt>
   <trkpt lat="53.88338" lon="21.37206">
    <ele>145.3</ele>
   </trkpt>
   <trkpt lat="53.88324000000001" lon="21.37243">
    <ele>144.69</ele>
   </trkpt>
   <trkpt lat="53.883160000000004" lon="21.372400000000003">
    <ele>143.86</ele>
   </trkpt>
   <trkpt lat="53.88308000000001" lon="21.37245">
    <ele>143.38</ele>
   </trkpt>
   <trkpt lat="53.88288000000001" lon="21.372770000000003">
    <ele>142.59000000000003</ele>
   </trkpt>
   <trkpt lat="53.882740000000005" lon="21.37289">
    <ele>142.03</ele>
   </trkpt>
   <trkpt lat="53.882540000000006" lon="21.37303">
    <ele>141.91</ele>
   </trkpt>
   <trkpt lat="53.8817" lon="21.3732">
    <ele>142.33</ele>
   </trkpt>
   <trkpt lat="53.88156000000001" lon="21.37328">
    <ele>142.42000000000002</ele>
   </trkpt>
   <trkpt lat="53.880900000000004" lon="21.373820000000002">
    <ele>142.14000000000001</ele>
   </trkpt>
   <trkpt lat="53.880430000000004" lon="21.37412">
    <ele>141.5</ele>
   </trkpt>
   <trkpt lat="53.879900000000006" lon="21.37432">
    <ele>141.15</ele>
   </trkpt>
   <trkpt lat="53.87973" lon="21.374460000000003">
    <ele>141.13</ele>
   </trkpt>
   <trkpt lat="53.87955" lon="21.374660000000002">
    <ele>141.32</ele>
   </trkpt>
   <trkpt lat="53.879400000000004" lon="21.37489">
    <ele>141.34000000000003</ele>
   </trkpt>
   <trkpt lat="53.878980000000006" lon="21.375770000000003">
    <ele>141.08</ele>
   </trkpt>
   <trkpt lat="53.87854" lon="21.376630000000002">
    <ele>142.29</ele>
   </trkpt>
   <trkpt lat="53.87812500254793" lon="21.377405007594515">
    <ele>144.68</ele>
   </trkpt>
   <trkpt lat="53.87771000000001" lon="21.37818">
    <ele>145.66</ele>
   </trkpt>
   <trkpt lat="53.87751" lon="21.378480000000003">
    <ele>145.52</ele>
   </trkpt>
   <trkpt lat="53.87751" lon="21.37847">
    <ele>145.52</ele>
   </trkpt>
   <trkpt lat="53.877390000000005" lon="21.37866">
    <ele>144.94</ele>
   </trkpt>
   <trkpt lat="53.877390000000005" lon="21.38016">
    <ele>144.44</ele>
   </trkpt>
   <trkpt lat="53.877426677722255" lon="21.38131333132593">
    <ele>146.91</ele>
   </trkpt>
   <trkpt lat="53.87746334438943" lon="21.38246666467482">
    <ele>147.54</ele>
   </trkpt>
   <trkpt lat="53.877500000000005" lon="21.38362">
    <ele>150.34</ele>
   </trkpt>
   <trkpt lat="53.87751" lon="21.384410000000003">
    <ele>152.95</ele>
   </trkpt>
   <trkpt lat="53.877570000000006" lon="21.38481">
    <ele>151.7</ele>
   </trkpt>
   <trkpt lat="53.87764000000001" lon="21.38509">
    <ele>150.06</ele>
   </trkpt>
   <trkpt lat="53.87796" lon="21.385910000000003">
    <ele>147.22000000000003</ele>
   </trkpt>
   <trkpt lat="53.87801" lon="21.38613">
    <ele>146.91</ele>
   </trkpt>
   <trkpt lat="53.87798" lon="21.38631">
    <ele>146.88</ele>
   </trkpt>
   <trkpt lat="53.877930000000006" lon="21.386480000000002">
    <ele>146.88</ele>
   </trkpt>
   <trkpt lat="53.87747500541739" lon="21.38762001236219">
    <ele>146.21</ele>
   </trkpt>
   <trkpt lat="53.87702" lon="21.38876">
    <ele>146.68</ele>
   </trkpt>
   <trkpt lat="53.87684" lon="21.38945">
    <ele>147.59</ele>
   </trkpt>
   <trkpt lat="53.87673" lon="21.39066">
    <ele>150.78000000000003</ele>
   </trkpt>
   <trkpt lat="53.87668000000001" lon="21.39095">
    <ele>151.4</ele>
   </trkpt>
   <trkpt lat="53.87662" lon="21.391160000000003">
    <ele>151.62</ele>
   </trkpt>
   <trkpt lat="53.87630000000001" lon="21.39177">
    <ele>152.14000000000001</ele>
   </trkpt>
   <trkpt lat="53.875880002146026" lon="21.392505007555148">
    <ele>152.11</ele>
   </trkpt>
   <trkpt lat="53.875460000000004" lon="21.393240000000002">
    <ele>151.45</ele>
   </trkpt>
   <trkpt lat="53.87519" lon="21.393590000000003">
    <ele>151.56</ele>
   </trkpt>
   <trkpt lat="53.87489000000001" lon="21.39391">
    <ele>151.65</ele>
   </trkpt>
   <trkpt lat="53.8744" lon="21.39451">
    <ele>152.57000000000002</ele>
   </trkpt>
   <trkpt lat="53.87429" lon="21.39478">
    <ele>152.78</ele>
   </trkpt>
   <trkpt lat="53.87422" lon="21.395030000000002">
    <ele>153.18</ele>
   </trkpt>
   <trkpt lat="53.87424000000001" lon="21.395370000000003">
    <ele>153.96</ele>
   </trkpt>
   <trkpt lat="53.87422" lon="21.395660000000003">
    <ele>155.29000000000002</ele>
   </trkpt>
   <trkpt lat="53.87417000000001" lon="21.3959">
    <ele>157.23000000000002</ele>
   </trkpt>
   <trkpt lat="53.874080000000006" lon="21.39618">
    <ele>157.85000000000002</ele>
   </trkpt>
   <trkpt lat="53.87377000000001" lon="21.396810000000002">
    <ele>160.32999999999998</ele>
   </trkpt>
   <trkpt lat="53.87369" lon="21.397070000000003">
    <ele>160.87</ele>
   </trkpt>
   <trkpt lat="53.873583345035804" lon="21.39825667273562">
    <ele>164.21</ele>
   </trkpt>
   <trkpt lat="53.87347667836768" lon="21.399443339418283">
    <ele>165.13000000000002</ele>
   </trkpt>
   <trkpt lat="53.87337" lon="21.400630000000003">
    <ele>165.47</ele>
   </trkpt>
   <trkpt lat="53.873250000000006" lon="21.401000000000003">
    <ele>165.65</ele>
   </trkpt>
   <trkpt lat="53.87283000684445" lon="21.401906684850967">
    <ele>164.67000000000002</ele>
   </trkpt>
   <trkpt lat="53.87241000685637" lon="21.402813351491574">
    <ele>165.86</ele>
   </trkpt>
   <trkpt lat="53.871990000000004" lon="21.403720000000003">
    <ele>166.34</ele>
   </trkpt>
   <trkpt lat="53.87185" lon="21.40415">
    <ele>167.23000000000002</ele>
   </trkpt>
   <trkpt lat="53.87172" lon="21.40462">
    <ele>167.20000000000002</ele>
   </trkpt>
   <trkpt lat="53.87151000000001" lon="21.40565">
    <ele>166.22</ele>
   </trkpt>
   <trkpt lat="53.871230000000004" lon="21.40689">
    <ele>167.75</ele>
   </trkpt>
   <trkpt lat="53.870990000000006" lon="21.40765">
    <ele>168.53</ele>
   </trkpt>
   <trkpt lat="53.870520000000006" lon="21.40876">
    <ele>172.05</ele>
   </trkpt>
   <trkpt lat="53.87012000000001" lon="21.410040000000002">
    <ele>175.03</ele>
   </trkpt>
   <trkpt lat="53.87004" lon="21.41052">
    <ele>176.41</ele>
   </trkpt>
   <trkpt lat="53.87001000000001" lon="21.41093">
    <ele>177.74</ele>
   </trkpt>
   <trkpt lat="53.87003000000001" lon="21.41194">
    <ele>180.72000000000003</ele>
   </trkpt>
   <trkpt lat="53.86999" lon="21.412370000000003">
    <ele>182.31000000000003</ele>
   </trkpt>
   <trkpt lat="53.86992000000001" lon="21.412820000000004">
    <ele>182.88000000000002</ele>
   </trkpt>
   <trkpt lat="53.86970000232569" lon="21.413550003471197">
    <ele>183.72000000000003</ele>
   </trkpt>
   <trkpt lat="53.86948" lon="21.41428">
    <ele>184.83</ele>
   </trkpt>
   <trkpt lat="53.86938000000001" lon="21.41477">
    <ele>185.67</ele>
   </trkpt>
   <trkpt lat="53.869330000000005" lon="21.415180000000003">
    <ele>186.58</ele>
   </trkpt>
   <trkpt lat="53.869330000000005" lon="21.415380000000003">
    <ele>186.55</ele>
   </trkpt>
   <trkpt lat="53.86947000690564" lon="21.416669995588805">
    <ele>183.24</ele>
   </trkpt>
   <trkpt lat="53.86961" lon="21.41796">
    <ele>178.89000000000001</ele>
   </trkpt>
   <trkpt lat="53.86961" lon="21.41842">
    <ele>177.59000000000003</ele>
   </trkpt>
   <trkpt lat="53.869580000000006" lon="21.418650000000003">
    <ele>177.46</ele>
   </trkpt>
   <trkpt lat="53.8693" lon="21.419400000000003">
    <ele>177.93</ele>
   </trkpt>
   <trkpt lat="53.869060000000005" lon="21.419490000000003">
    <ele>178.43</ele>
   </trkpt>
   <trkpt lat="53.86892" lon="21.419510000000002">
    <ele>179.22000000000003</ele>
   </trkpt>
   <trkpt lat="53.86883" lon="21.419490000000003">
    <ele>179.22000000000003</ele>
   </trkpt>
   <trkpt lat="53.86818" lon="21.41916">
    <ele>179.42000000000002</ele>
   </trkpt>
   <trkpt lat="53.86750000000001" lon="21.418680000000002">
    <ele>180.28000000000003</ele>
   </trkpt>
   <trkpt lat="53.867290000000004" lon="21.41863">
    <ele>180.54</ele>
   </trkpt>
   <trkpt lat="53.866910000000004" lon="21.418640000000003">
    <ele>182.78000000000003</ele>
   </trkpt>
   <trkpt lat="53.86659" lon="21.41872">
    <ele>184.05</ele>
   </trkpt>
   <trkpt lat="53.86648" lon="21.41873">
    <ele>185.28000000000003</ele>
   </trkpt>
   <trkpt lat="53.86614" lon="21.418670000000002">
    <ele>185.66000000000003</ele>
   </trkpt>
   <trkpt lat="53.865750000000006" lon="21.418590000000002">
    <ele>189.01000000000002</ele>
   </trkpt>
   <trkpt lat="53.865640000000006" lon="21.418580000000002">
    <ele>189.56</ele>
   </trkpt>
   <trkpt lat="53.86543" lon="21.4186">
    <ele>190.28</ele>
   </trkpt>
   <trkpt lat="53.86529" lon="21.418470000000003">
    <ele>190.33</ele>
   </trkpt>
   <trkpt lat="53.86481333744639" lon="21.417766650640843">
    <ele>189.84</ele>
   </trkpt>
   <trkpt lat="53.864336670780844" lon="21.41706331730942">
    <ele>191.16000000000003</ele>
   </trkpt>
   <trkpt lat="53.86386" lon="21.41636">
    <ele>193.28</ele>
   </trkpt>
   <trkpt lat="53.86386" lon="21.41635">
    <ele>194.0</ele>
   </trkpt>
   <trkpt lat="53.86341" lon="21.41569">
    <ele>195.66000000000003</ele>
   </trkpt>
   <trkpt lat="53.86291000000001" lon="21.414990000000003">
    <ele>196.34</ele>
   </trkpt>
   <trkpt lat="53.86274" lon="21.414810000000003">
    <ele>196.26000000000002</ele>
   </trkpt>
   <trkpt lat="53.86249" lon="21.414700000000003">
    <ele>196.21</ele>
   </trkpt>
   <trkpt lat="53.86179333364678" lon="21.41448332609405">
    <ele>197.58</ele>
   </trkpt>
   <trkpt lat="53.861096666903336" lon="21.41426665940365">
    <ele>198.59</ele>
   </trkpt>
   <trkpt lat="53.860400000000006" lon="21.414050000000003">
    <ele>196.70000000000002</ele>
   </trkpt>
   <trkpt lat="53.860150000000004" lon="21.414">
    <ele>196.39000000000001</ele>
   </trkpt>
   <trkpt lat="53.859930000000006" lon="21.413990000000002">
    <ele>196.28</ele>
   </trkpt>
   <trkpt lat="53.85929" lon="21.41401">
    <ele>196.55</ele>
   </trkpt>
   <trkpt lat="53.858610000000006" lon="21.41394">
    <ele>198.89000000000001</ele>
   </trkpt>
   <trkpt lat="53.85803000000001" lon="21.413790000000002">
    <ele>200.53</ele>
   </trkpt>
   <trkpt lat="53.85755500004323" lon="21.413634998222086">
    <ele>199.94</ele>
   </trkpt>
   <trkpt lat="53.85708" lon="21.413480000000003">
    <ele>199.08</ele>
   </trkpt>
   <trkpt lat="53.856390000000005" lon="21.41318">
    <ele>197.21</ele>
   </trkpt>
   <trkpt lat="53.85582" lon="21.41287">
    <ele>197.87</ele>
   </trkpt>
   <trkpt lat="53.85566000000001" lon="21.412840000000003">
    <ele>197.77000000000004</ele>
   </trkpt>
   <trkpt lat="53.855500000000006" lon="21.412860000000002">
    <ele>197.19</ele>
   </trkpt>
   <trkpt lat="53.85530000000001" lon="21.412920000000003">
    <ele>197.0</ele>
   </trkpt>
   <trkpt lat="53.85521000000001" lon="21.41297">
    <ele>196.74</ele>
   </trkpt>
   <trkpt lat="53.85508" lon="21.41298">
    <ele>195.92000000000002</ele>
   </trkpt>
   <trkpt lat="53.854960000000005" lon="21.412940000000003">
    <ele>195.65</ele>
   </trkpt>
   <trkpt lat="53.85474000000001" lon="21.412770000000002">
    <ele>195.44</ele>
   </trkpt>
   <trkpt lat="53.854350000000004" lon="21.41243">
    <ele>194.23000000000002</ele>
   </trkpt>
   <trkpt lat="53.85376000077604" lon="21.412009994109564">
    <ele>189.66000000000003</ele>
   </trkpt>
   <trkpt lat="53.853170000000006" lon="21.41159">
    <ele>184.48</ele>
   </trkpt>
   <trkpt lat="53.85298" lon="21.411420000000003">
    <ele>183.62</ele>
   </trkpt>
   <trkpt lat="53.852830000000004" lon="21.411240000000003">
    <ele>182.95</ele>
   </trkpt>
   <trkpt lat="53.852700000000006" lon="21.41102">
    <ele>182.55</ele>
   </trkpt>
   <trkpt lat="53.85255000000001" lon="21.410510000000002">
    <ele>182.23</ele>
   </trkpt>
   <trkpt lat="53.85239000000001" lon="21.409730000000003">
    <ele>181.02</ele>
   </trkpt>
   <trkpt lat="53.85231" lon="21.40866">
    <ele>179.65</ele>
   </trkpt>
   <trkpt lat="53.85224" lon="21.40846">
    <ele>179.42000000000002</ele>
   </trkpt>
   <trkpt lat="53.85213" lon="21.40827">
    <ele>179.29</ele>
   </trkpt>
   <trkpt lat="53.85145000201227" lon="21.407584988933454">
    <ele>177.27</ele>
   </trkpt>
   <trkpt lat="53.850770000000004" lon="21.4069">
    <ele>174.36</ele>
   </trkpt>
   <trkpt lat="53.85056" lon="21.406640000000003">
    <ele>173.25</ele>
   </trkpt>
   <trkpt lat="53.85045" lon="21.406470000000002">
    <ele>172.66</ele>
   </trkpt>
   <trkpt lat="53.85023" lon="21.40557">
    <ele>170.0</ele>
   </trkpt>
   <trkpt lat="53.85007" lon="21.405150000000003">
    <ele>169.39000000000001</ele>
   </trkpt>
   <trkpt lat="53.84968500231925" lon="21.40439999306475">
    <ele>169.35</ele>
   </trkpt>
   <trkpt lat="53.84930000000001" lon="21.403650000000003">
    <ele>166.76000000000002</ele>
   </trkpt>
   <trkpt lat="53.84915" lon="21.40342">
    <ele>165.25</ele>
   </trkpt>
   <trkpt lat="53.848670000000006" lon="21.402810000000002">
    <ele>161.85000000000002</ele>
   </trkpt>
   <trkpt lat="53.84843000000001" lon="21.402610000000003">
    <ele>160.95000000000002</ele>
   </trkpt>
   <trkpt lat="53.84803" lon="21.402330000000003">
    <ele>160.20000000000002</ele>
   </trkpt>
   <trkpt lat="53.84755000016918" lon="21.402094997275814">
    <ele>159.60999999999999</ele>
   </trkpt>
   <trkpt lat="53.84707" lon="21.401860000000003">
    <ele>156.72000000000003</ele>
   </trkpt>
   <trkpt lat="53.84678" lon="21.40162">
    <ele>154.36</ele>
   </trkpt>
   <trkpt lat="53.8463900007732" lon="21.401149995446612">
    <ele>150.50000000000003</ele>
   </trkpt>
   <trkpt lat="53.846000000000004" lon="21.40068">
    <ele>147.92000000000002</ele>
   </trkpt>
   <trkpt lat="53.84541" lon="21.39994">
    <ele>146.51</ele>
   </trkpt>
   <trkpt lat="53.84476500219632" lon="21.399214988842992">
    <ele>148.56000000000003</ele>
   </trkpt>
   <trkpt lat="53.844120000000004" lon="21.398490000000002">
    <ele>145.45000000000002</ele>
   </trkpt>
   <trkpt lat="53.84394" lon="21.39827">
    <ele>144.42000000000002</ele>
   </trkpt>
   <trkpt lat="53.84385" lon="21.398110000000003">
    <ele>144.01</ele>
   </trkpt>
   <trkpt lat="53.84376" lon="21.39788">
    <ele>143.09000000000003</ele>
   </trkpt>
   <trkpt lat="53.843610000000005" lon="21.397280000000002">
    <ele>142.06000000000003</ele>
   </trkpt>
   <trkpt lat="53.84328000000001" lon="21.39654">
    <ele>140.86</ele>
   </trkpt>
   <trkpt lat="53.843050000000005" lon="21.39619">
    <ele>140.65000000000003</ele>
   </trkpt>
   <trkpt lat="53.84291" lon="21.39607">
    <ele>140.51000000000002</ele>
   </trkpt>
   <trkpt lat="53.842490000000005" lon="21.395840000000003">
    <ele>139.74</ele>
   </trkpt>
   <trkpt lat="53.84237" lon="21.395750000000003">
    <ele>139.74</ele>
   </trkpt>
   <trkpt lat="53.84225000000001" lon="21.39562">
    <ele>139.59</ele>
   </trkpt>
   <trkpt lat="53.84217" lon="21.395490000000002">
    <ele>139.59</ele>
   </trkpt>
   <trkpt lat="53.842110000000005" lon="21.39535">
    <ele>139.59</ele>
   </trkpt>
   <trkpt lat="53.841910000000006" lon="21.394710000000003">
    <ele>139.85</ele>
   </trkpt>
   <trkpt lat="53.841710000000006" lon="21.394270000000002">
    <ele>140.39000000000001</ele>
   </trkpt>
   <trkpt lat="53.841390001152476" lon="21.39371999561597">
    <ele>139.95000000000002</ele>
   </trkpt>
   <trkpt lat="53.84107" lon="21.39317">
    <ele>140.5</ele>
   </trkpt>
   <trkpt lat="53.84082000000001" lon="21.39288">
    <ele>141.15</ele>
   </trkpt>
   <trkpt lat="53.840520000000005" lon="21.39273">
    <ele>140.28</ele>
   </trkpt>
   <trkpt lat="53.840210000000006" lon="21.392670000000003">
    <ele>140.15000000000003</ele>
   </trkpt>
   <trkpt lat="53.83999000000001" lon="21.3926">
    <ele>140.84000000000003</ele>
   </trkpt>
   <trkpt lat="53.839800000000004" lon="21.392470000000003">
    <ele>141.49</ele>
   </trkpt>
   <trkpt lat="53.8393900005756" lon="21.392134996809">
    <ele>143.5</ele>
   </trkpt>
   <trkpt lat="53.83898000000001" lon="21.391800000000003">
    <ele>144.50000000000003</ele>
   </trkpt>
   <trkpt lat="53.838820000000005" lon="21.391710000000003">
    <ele>144.79</ele>
   </trkpt>
   <trkpt lat="53.83856" lon="21.391630000000003">
    <ele>143.94</ele>
   </trkpt>
   <trkpt lat="53.83776499994134" lon="21.391549998472662">
    <ele>143.75</ele>
   </trkpt>
   <trkpt lat="53.83697" lon="21.39147">
    <ele>146.36</ele>
   </trkpt>
   <trkpt lat="53.836890000000004" lon="21.391450000000003">
    <ele>146.35</ele>
   </trkpt>
   <trkpt lat="53.836760000000005" lon="21.391350000000003">
    <ele>146.25000000000003</ele>
   </trkpt>
   <trkpt lat="53.83641000000001" lon="21.390970000000003">
    <ele>145.4</ele>
   </trkpt>
   <trkpt lat="53.83572000493902" lon="21.39034246900967">
    <ele>144.19</ele>
   </trkpt>
   <trkpt lat="53.83503000660381" lon="21.38971495869718">
    <ele>142.02</ele>
   </trkpt>
   <trkpt lat="53.834340004994544" lon="21.389087469061426">
    <ele>143.42000000000002</ele>
   </trkpt>
   <trkpt lat="53.833650000000006" lon="21.388460000000002">
    <ele>142.74</ele>
   </trkpt>
   <trkpt lat="53.83301" lon="21.38784">
    <ele>143.82</ele>
   </trkpt>
   <trkpt lat="53.832820000000005" lon="21.387590000000003">
    <ele>143.74</ele>
   </trkpt>
   <trkpt lat="53.832660000000004" lon="21.387330000000002">
    <ele>143.45000000000002</ele>
   </trkpt>
   <trkpt lat="53.832550000000005" lon="21.38709">
    <ele>143.27</ele>
   </trkpt>
   <trkpt lat="53.832370000000004" lon="21.38653">
    <ele>141.99</ele>
   </trkpt>
   <trkpt lat="53.83232" lon="21.386460000000003">
    <ele>141.61</ele>
   </trkpt>
   <trkpt lat="53.832240000000006" lon="21.386390000000002">
    <ele>141.61</ele>
   </trkpt>
   <trkpt lat="53.832060000000006" lon="21.386400000000002">
    <ele>141.22</ele>
   </trkpt>
   <trkpt lat="53.831900000000005" lon="21.38643">
    <ele>140.94</ele>
   </trkpt>
   <trkpt lat="53.831790000000005" lon="21.386580000000002">
    <ele>141.42000000000002</ele>
   </trkpt>
   <trkpt lat="53.831720000000004" lon="21.38679">
    <ele>141.87000000000003</ele>
   </trkpt>
   <trkpt lat="53.83171" lon="21.387110000000003">
    <ele>143.08</ele>
   </trkpt>
   <trkpt lat="53.83174" lon="21.387420000000002">
    <ele>143.62000000000003</ele>
   </trkpt>
   <trkpt lat="53.831720000000004" lon="21.387690000000003">
    <ele>143.89000000000001</ele>
   </trkpt>
   <trkpt lat="53.831680000000006" lon="21.387800000000002">
    <ele>143.89000000000001</ele>
   </trkpt>
   <trkpt lat="53.83156" lon="21.388">
    <ele>144.31000000000003</ele>
   </trkpt>
   <trkpt lat="53.831030000000005" lon="21.38869">
    <ele>146.71</ele>
   </trkpt>
   <trkpt lat="53.83077" lon="21.388930000000002">
    <ele>147.41</ele>
   </trkpt>
   <trkpt lat="53.83037" lon="21.38941">
    <ele>145.73</ele>
   </trkpt>
   <trkpt lat="53.83035" lon="21.38961">
    <ele>145.73</ele>
   </trkpt>
   <trkpt lat="53.830220000000004" lon="21.39001">
    <ele>143.83</ele>
   </trkpt>
   <trkpt lat="53.830110000000005" lon="21.39045">
    <ele>142.55</ele>
   </trkpt>
   <trkpt lat="53.83008" lon="21.390610000000002">
    <ele>142.23000000000002</ele>
   </trkpt>
   <trkpt lat="53.829980000000006" lon="21.39092">
    <ele>142.15</ele>
   </trkpt>
   <trkpt lat="53.829820000000005" lon="21.39113">
    <ele>142.3</ele>
   </trkpt>
   <trkpt lat="53.82974" lon="21.39119">
    <ele>142.66</ele>
   </trkpt>
   <trkpt lat="53.82920000000001" lon="21.3915">
    <ele>143.36</ele>
   </trkpt>
   <trkpt lat="53.82911000000001" lon="21.390970000000003">
    <ele>142.34000000000003</ele>
   </trkpt>
   <trkpt lat="53.82891000000001" lon="21.389830000000003">
    <ele>140.68</ele>
   </trkpt>
   <trkpt lat="53.82883" lon="21.38926">
    <ele>140.68</ele>
   </trkpt>
   <trkpt lat="53.828700000000005" lon="21.38804">
    <ele>141.04</ele>
   </trkpt>
   <trkpt lat="53.82873000000001" lon="21.387770000000003">
    <ele>141.24</ele>
   </trkpt>
   <trkpt lat="53.828680000000006" lon="21.38776">
    <ele>141.24</ele>
   </trkpt>
   <trkpt lat="53.828086670856266" lon="21.388473353590406">
    <ele>146.61</ele>
   </trkpt>
   <trkpt lat="53.82749333748109" lon="21.38918668697368">
    <ele>149.9</ele>
   </trkpt>
   <trkpt lat="53.8269" lon="21.3899">
    <ele>153.15</ele>
   </trkpt>
   <trkpt lat="53.82676000000001" lon="21.39007">
    <ele>153.15</ele>
   </trkpt>
   <trkpt lat="53.82654" lon="21.39026">
    <ele>153.91000000000003</ele>
   </trkpt>
   <trkpt lat="53.826330000000006" lon="21.390320000000003">
    <ele>154.42</ele>
   </trkpt>
   <trkpt lat="53.82554500082621" lon="21.389889991974393">
    <ele>153.34</ele>
   </trkpt>
   <trkpt lat="53.824760000000005" lon="21.389460000000003">
    <ele>151.78000000000003</ele>
   </trkpt>
   <trkpt lat="53.82428" lon="21.38922">
    <ele>151.42</ele>
   </trkpt>
   <trkpt lat="53.82369666745768" lon="21.38890665792809">
    <ele>152.54</ele>
   </trkpt>
   <trkpt lat="53.82311333409888" lon="21.388593324581223">
    <ele>153.93</ele>
   </trkpt>
   <trkpt lat="53.82253000000001" lon="21.38828">
    <ele>154.32000000000002</ele>
   </trkpt>
   <trkpt lat="53.822190000000006" lon="21.388170000000002">
    <ele>154.36</ele>
   </trkpt>
   <trkpt lat="53.82168000000001" lon="21.388080000000002">
    <ele>154.47000000000003</ele>
   </trkpt>
   <trkpt lat="53.821130000000004" lon="21.388070000000003">
    <ele>154.84</ele>
   </trkpt>
   <trkpt lat="53.820750000000004" lon="21.38813">
    <ele>155.05</ele>
   </trkpt>
   <trkpt lat="53.82002500022416" lon="21.388420005067704">
    <ele>154.58</ele>
   </trkpt>
   <trkpt lat="53.819300000000005" lon="21.388710000000003">
    <ele>149.4</ele>
   </trkpt>
   <trkpt lat="53.8187166676545" lon="21.389043342577025">
    <ele>148.13</ele>
   </trkpt>
   <trkpt lat="53.8181333343849" lon="21.38937667587378">
    <ele>144.73000000000002</ele>
   </trkpt>
   <trkpt lat="53.817550000000004" lon="21.38971">
    <ele>142.35</ele>
   </trkpt>
   <trkpt lat="53.816810000000004" lon="21.390110000000004">
    <ele>140.61</ele>
   </trkpt>
   <trkpt lat="53.816570000000006" lon="21.39017">
    <ele>140.5</ele>
   </trkpt>
   <trkpt lat="53.816320000000005" lon="21.3902">
    <ele>140.48000000000002</ele>
   </trkpt>
   <trkpt lat="53.816100000000006" lon="21.39016">
    <ele>140.61</ele>
   </trkpt>
   <trkpt lat="53.815830000000005" lon="21.39001">
    <ele>140.61</ele>
   </trkpt>
   <trkpt lat="53.81529500088652" lon="21.38951999364254">
    <ele>140.82</ele>
   </trkpt>
   <trkpt lat="53.81476000000001" lon="21.38903">
    <ele>141.46</ele>
   </trkpt>
   <trkpt lat="53.814350000000005" lon="21.388810000000003">
    <ele>144.01</ele>
   </trkpt>
   <trkpt lat="53.81405" lon="21.38876">
    <ele>145.05</ele>
   </trkpt>
   <trkpt lat="53.813520000000004" lon="21.388810000000003">
    <ele>147.67000000000002</ele>
   </trkpt>
   <trkpt lat="53.81277000000001" lon="21.38905">
    <ele>149.68</ele>
   </trkpt>
   <trkpt lat="53.81207000089697" lon="21.389500007479825">
    <ele>151.65</ele>
   </trkpt>
   <trkpt lat="53.811370000000004" lon="21.389950000000002">
    <ele>150.11</ele>
   </trkpt>
   <trkpt lat="53.81067" lon="21.390420000000002">
    <ele>151.02</ele>
   </trkpt>
   <trkpt lat="53.81000500150993" lon="21.39102500960885">
    <ele>153.44000000000003</ele>
   </trkpt>
   <trkpt lat="53.809340000000006" lon="21.391630000000003">
    <ele>153.69000000000003</ele>
   </trkpt>
   <trkpt lat="53.80894000074406" lon="21.39202500367504">
    <ele>153.3</ele>
   </trkpt>
   <trkpt lat="53.80854000000001" lon="21.39242">
    <ele>153.42</ele>
   </trkpt>
   <trkpt lat="53.807750000000006" lon="21.39308">
    <ele>154.55</ele>
   </trkpt>
   <trkpt lat="53.80736" lon="21.39335">
    <ele>155.45</ele>
   </trkpt>
   <trkpt lat="53.80702" lon="21.39354">
    <ele>154.7</ele>
   </trkpt>
   <trkpt lat="53.80677000000001" lon="21.393610000000002">
    <ele>154.07000000000002</ele>
   </trkpt>
   <trkpt lat="53.80655" lon="21.393600000000003">
    <ele>153.68</ele>
   </trkpt>
   <trkpt lat="53.80628" lon="21.39356">
    <ele>153.64</ele>
   </trkpt>
   <trkpt lat="53.805620000000005" lon="21.39358">
    <ele>155.06</ele>
   </trkpt>
   <trkpt lat="53.80537" lon="21.39367">
    <ele>156.01000000000002</ele>
   </trkpt>
   <trkpt lat="53.80541" lon="21.39366">
    <ele>155.44000000000003</ele>
   </trkpt>
   <trkpt lat="53.80528" lon="21.393720000000002">
    <ele>155.9</ele>
   </trkpt>
   <trkpt lat="53.805150000000005" lon="21.393800000000002">
    <ele>156.87</ele>
   </trkpt>
   <trkpt lat="53.804570000000005" lon="21.39439">
    <ele>158.84</ele>
   </trkpt>
   <trkpt lat="53.803920000000005" lon="21.394990000000004">
    <ele>159.4</ele>
   </trkpt>
   <trkpt lat="53.803380000000004" lon="21.395410000000002">
    <ele>159.28</ele>
   </trkpt>
   <trkpt lat="53.80293" lon="21.395650000000003">
    <ele>158.89</ele>
   </trkpt>
   <trkpt lat="53.80245000015946" lon="21.39580500175515">
    <ele>158.23000000000002</ele>
   </trkpt>
   <trkpt lat="53.801970000000004" lon="21.395960000000002">
    <ele>157.28</ele>
   </trkpt>
   <trkpt lat="53.801590000000004" lon="21.39602">
    <ele>157.02</ele>
   </trkpt>
   <trkpt lat="53.80145" lon="21.39601">
    <ele>156.85999999999999</ele>
   </trkpt>
   <trkpt lat="53.801190000000005" lon="21.395950000000003">
    <ele>156.27</ele>
   </trkpt>
   <trkpt lat="53.80066000000001" lon="21.39573">
    <ele>154.64</ele>
   </trkpt>
   <trkpt lat="53.80053" lon="21.3957">
    <ele>154.04000000000002</ele>
   </trkpt>
   <trkpt lat="53.80019000000001" lon="21.39573">
    <ele>153.46</ele>
   </trkpt>
   <trkpt lat="53.79994000000001" lon="21.395860000000003">
    <ele>153.23</ele>
   </trkpt>
   <trkpt lat="53.79974000000001" lon="21.39599">
    <ele>153.22000000000003</ele>
   </trkpt>
   <trkpt lat="53.799150000000004" lon="21.39647">
    <ele>153.09</ele>
   </trkpt>
   <trkpt lat="53.799020000000006" lon="21.396600000000003">
    <ele>152.91000000000003</ele>
   </trkpt>
   <trkpt lat="53.79844000000001" lon="21.39733">
    <ele>152.87</ele>
   </trkpt>
   <trkpt lat="53.797920002094884" lon="21.3980500090124">
    <ele>152.46</ele>
   </trkpt>
   <trkpt lat="53.7974" lon="21.398770000000003">
    <ele>152.16000000000003</ele>
   </trkpt>
   <trkpt lat="53.79669334056133" lon="21.39970336481041">
    <ele>152.3</ele>
   </trkpt>
   <trkpt lat="53.79598667387611" lon="21.400636698167542">
    <ele>152.04</ele>
   </trkpt>
   <trkpt lat="53.795280000000005" lon="21.401570000000003">
    <ele>151.76</ele>
   </trkpt>
   <trkpt lat="53.794620003475266" lon="21.40248001427698">
    <ele>151.41000000000003</ele>
   </trkpt>
   <trkpt lat="53.793960000000006" lon="21.40339">
    <ele>151.28000000000003</ele>
   </trkpt>
   <trkpt lat="53.79364" lon="21.40387">
    <ele>151.01</ele>
   </trkpt>
   <trkpt lat="53.79341" lon="21.404310000000002">
    <ele>151.02</ele>
   </trkpt>
   <trkpt lat="53.793200000000006" lon="21.404770000000003">
    <ele>151.18</ele>
   </trkpt>
   <trkpt lat="53.792770000000004" lon="21.40585">
    <ele>151.33</ele>
   </trkpt>
   <trkpt lat="53.79243" lon="21.406820000000003">
    <ele>150.73</ele>
   </trkpt>
   <trkpt lat="53.79213500348231" lon="21.40773500643526">
    <ele>150.34</ele>
   </trkpt>
   <trkpt lat="53.79184000000001" lon="21.40865">
    <ele>150.2</ele>
   </trkpt>
   <trkpt lat="53.79155" lon="21.409380000000002">
    <ele>149.79</ele>
   </trkpt>
   <trkpt lat="53.79122" lon="21.409950000000002">
    <ele>149.68</ele>
   </trkpt>
   <trkpt lat="53.79090000000001" lon="21.41036">
    <ele>149.51</ele>
   </trkpt>
   <trkpt lat="53.790470000000006" lon="21.41099">
    <ele>148.78000000000003</ele>
   </trkpt>
   <trkpt lat="53.7899833371972" lon="21.411673349217395">
    <ele>148.62</ele>
   </trkpt>
   <trkpt lat="53.78949667050976" lon="21.41235668257965">
    <ele>148.36</ele>
   </trkpt>
   <trkpt lat="53.789010000000005" lon="21.413040000000002">
    <ele>147.71</ele>
   </trkpt>
   <trkpt lat="53.788650000921244" lon="21.413505003962122">
    <ele>147.09</ele>
   </trkpt>
   <trkpt lat="53.78829" lon="21.413970000000003">
    <ele>146.58</ele>
   </trkpt>
   <trkpt lat="53.78802" lon="21.414240000000003">
    <ele>146.33</ele>
   </trkpt>
   <trkpt lat="53.78757" lon="21.414550000000002">
    <ele>147.06000000000003</ele>
   </trkpt>
   <trkpt lat="53.78694500029762" lon="21.414860004668782">
    <ele>149.1</ele>
   </trkpt>
   <trkpt lat="53.78632" lon="21.415170000000003">
    <ele>150.51</ele>
   </trkpt>
   <trkpt lat="53.78564000000001" lon="21.41563">
    <ele>150.93</ele>
   </trkpt>
   <trkpt lat="53.784944004821355" lon="21.416168035693715">
    <ele>151.39000000000001</ele>
   </trkpt>
   <trkpt lat="53.78424800723441" lon="21.416706053537634">
    <ele>151.60000000000002</ele>
   </trkpt>
   <trkpt lat="53.78355200723933" lon="21.417244053532738">
    <ele>151.58</ele>
   </trkpt>
   <trkpt lat="53.78285600483625" lon="21.41778203568001">
    <ele>151.76</ele>
   </trkpt>
   <trkpt lat="53.782160000000005" lon="21.41832">
    <ele>150.99</ele>
   </trkpt>
   <trkpt lat="53.78159500088039" lon="21.418775006110867">
    <ele>149.85</ele>
   </trkpt>
   <trkpt lat="53.78103" lon="21.419230000000002">
    <ele>148.83</ele>
   </trkpt>
   <trkpt lat="53.78037333551779" lon="21.419733349027105">
    <ele>148.28000000000003</ele>
   </trkpt>
   <trkpt lat="53.77971666892768" lon="21.420236682301447">
    <ele>147.76</ele>
   </trkpt>
   <trkpt lat="53.77906" lon="21.420740000000002">
    <ele>145.97000000000003</ele>
   </trkpt>
   <trkpt lat="53.7785" lon="21.421090000000003">
    <ele>145.56000000000003</ele>
   </trkpt>
   <trkpt lat="53.778110000000005" lon="21.421280000000003">
    <ele>145.57</ele>
   </trkpt>
   <trkpt lat="53.77788" lon="21.42135">
    <ele>145.99</ele>
   </trkpt>
   <trkpt lat="53.777770000000004" lon="21.421360000000004">
    <ele>145.99</ele>
   </trkpt>
   <trkpt lat="53.777640000000005" lon="21.42134">
    <ele>146.33</ele>
   </trkpt>
   <trkpt lat="53.77761" lon="21.422530000000002">
    <ele>145.83</ele>
   </trkpt>
   <trkpt lat="53.77761" lon="21.422620000000002">
    <ele>145.8</ele>
   </trkpt>
   <trkpt lat="53.777800000000006" lon="21.423460000000002">
    <ele>144.68</ele>
   </trkpt>
   <trkpt lat="53.77781" lon="21.42366">
    <ele>144.54</ele>
   </trkpt>
   <trkpt lat="53.77778000000001" lon="21.423840000000002">
    <ele>144.67000000000002</ele>
   </trkpt>
   <trkpt lat="53.7775200029556" lon="21.4246850052831">
    <ele>146.3</ele>
   </trkpt>
   <trkpt lat="53.777260000000005" lon="21.425530000000002">
    <ele>146.64000000000001</ele>
   </trkpt>
   <trkpt lat="53.77718" lon="21.42623">
    <ele>145.42000000000002</ele>
   </trkpt>
   <trkpt lat="53.777120000000004" lon="21.42734">
    <ele>144.6</ele>
   </trkpt>
   <trkpt lat="53.77703" lon="21.42783">
    <ele>145.22</ele>
   </trkpt>
   <trkpt lat="53.777170000000005" lon="21.42791">
    <ele>145.68</ele>
   </trkpt>
   <trkpt lat="53.77732" lon="21.428030000000003">
    <ele>146.19</ele>
   </trkpt>
   <trkpt lat="53.77781" lon="21.428870000000003">
    <ele>146.38</ele>
   </trkpt>
   <trkpt lat="53.777910000000006" lon="21.429100000000002">
    <ele>146.67000000000002</ele>
   </trkpt>
   <trkpt lat="53.77799" lon="21.429180000000002">
    <ele>146.74</ele>
   </trkpt>
   <trkpt lat="53.77814000000001" lon="21.42924">
    <ele>146.75000000000003</ele>
   </trkpt>
   <trkpt lat="53.778490000000005" lon="21.42943">
    <ele>146.3</ele>
   </trkpt>
   <trkpt lat="53.778940000000006" lon="21.42978">
    <ele>141.98000000000002</ele>
   </trkpt>
   <trkpt lat="53.77929" lon="21.430100000000003">
    <ele>140.35</ele>
   </trkpt>
   <trkpt lat="53.77957000000001" lon="21.430390000000003">
    <ele>140.77</ele>
   </trkpt>
   <trkpt lat="53.779970000000006" lon="21.430870000000002">
    <ele>141.25</ele>
   </trkpt>
   <trkpt lat="53.78014" lon="21.431120000000004">
    <ele>140.82</ele>
   </trkpt>
   <trkpt lat="53.780390000000004" lon="21.431630000000002">
    <ele>139.68</ele>
   </trkpt>
   <trkpt lat="53.780730000000005" lon="21.43213">
    <ele>139.6</ele>
   </trkpt>
   <trkpt lat="53.7809" lon="21.432530000000003">
    <ele>140.6</ele>
   </trkpt>
   <trkpt lat="53.78103" lon="21.432930000000002">
    <ele>142.95000000000002</ele>
   </trkpt>
   <trkpt lat="53.78108" lon="21.43318">
    <ele>144.07</ele>
   </trkpt>
   <trkpt lat="53.78114000000001" lon="21.434040000000003">
    <ele>142.72</ele>
   </trkpt>
   <trkpt lat="53.781200000000005" lon="21.434330000000003">
    <ele>142.84000000000003</ele>
   </trkpt>
   <trkpt lat="53.781290000000006" lon="21.43464">
    <ele>143.93</ele>
   </trkpt>
   <trkpt lat="53.781580000000005" lon="21.435380000000002">
    <ele>144.12</ele>
   </trkpt>
   <trkpt lat="53.78172000000001" lon="21.43615">
    <ele>143.83</ele>
   </trkpt>
   <trkpt lat="53.781800000000004" lon="21.43644">
    <ele>144.19</ele>
   </trkpt>
   <trkpt lat="53.782050000000005" lon="21.436870000000003">
    <ele>145.75000000000003</ele>
   </trkpt>
   <trkpt lat="53.782140000000005" lon="21.436940000000003">
    <ele>145.93</ele>
   </trkpt>
   <trkpt lat="53.78231" lon="21.436980000000002">
    <ele>146.43</ele>
   </trkpt>
   <trkpt lat="53.783030000000004" lon="21.436680000000003">
    <ele>147.8</ele>
   </trkpt>
   <trkpt lat="53.78336" lon="21.43661">
    <ele>148.02</ele>
   </trkpt>
   <trkpt lat="53.783570000000005" lon="21.43661">
    <ele>148.36</ele>
   </trkpt>
   <trkpt lat="53.783680000000004" lon="21.436670000000003">
    <ele>149.04</ele>
   </trkpt>
   <trkpt lat="53.784000000000006" lon="21.437070000000002">
    <ele>152.95</ele>
   </trkpt>
   <trkpt lat="53.78414000000001" lon="21.437150000000003">
    <ele>153.58</ele>
   </trkpt>
   <trkpt lat="53.784290000000006" lon="21.437130000000003">
    <ele>153.61</ele>
   </trkpt>
   <trkpt lat="53.784440000000004" lon="21.437070000000002">
    <ele>153.2</ele>
   </trkpt>
   <trkpt lat="53.784850000000006" lon="21.43682">
    <ele>151.56</ele>
   </trkpt>
   <trkpt lat="53.78502" lon="21.4368">
    <ele>147.92000000000002</ele>
   </trkpt>
   <trkpt lat="53.785140000000006" lon="21.43684">
    <ele>147.92000000000002</ele>
   </trkpt>
   <trkpt lat="53.78551" lon="21.437620000000003">
    <ele>146.50000000000003</ele>
   </trkpt>
   <trkpt lat="53.78584000000001" lon="21.438080000000003">
    <ele>147.54</ele>
   </trkpt>
   <trkpt lat="53.78598" lon="21.43824">
    <ele>147.15</ele>
   </trkpt>
   <trkpt lat="53.786170000000006" lon="21.438370000000003">
    <ele>145.86</ele>
   </trkpt>
   <trkpt lat="53.78632" lon="21.438390000000002">
    <ele>145.15</ele>
   </trkpt>
   <trkpt lat="53.78651000000001" lon="21.438370000000003">
    <ele>142.49</ele>
   </trkpt>
   <trkpt lat="53.786730000000006" lon="21.43849">
    <ele>141.17000000000002</ele>
   </trkpt>
   <trkpt lat="53.787060000000004" lon="21.43872">
    <ele>137.12</ele>
   </trkpt>
   <trkpt lat="53.78716000000001" lon="21.438830000000003">
    <ele>136.27</ele>
   </trkpt>
   <trkpt lat="53.78745000000001" lon="21.439300000000003">
    <ele>136.07000000000002</ele>
   </trkpt>
   <trkpt lat="53.787780000000005" lon="21.439390000000003">
    <ele>135.72</ele>
   </trkpt>
   <trkpt lat="53.78810000000001" lon="21.43982">
    <ele>136.34</ele>
   </trkpt>
   <trkpt lat="53.788380000000004" lon="21.440040000000003">
    <ele>138.29000000000002</ele>
   </trkpt>
   <trkpt lat="53.788810000000005" lon="21.440040000000003">
    <ele>138.76000000000002</ele>
   </trkpt>
   <trkpt lat="53.789010000000005" lon="21.440070000000002">
    <ele>137.42000000000002</ele>
   </trkpt>
   <trkpt lat="53.789350000000006" lon="21.44031">
    <ele>133.82000000000002</ele>
   </trkpt>
   <trkpt lat="53.789620000000006" lon="21.44057">
    <ele>133.06</ele>
   </trkpt>
   <trkpt lat="53.78980000000001" lon="21.440790000000003">
    <ele>133.71</ele>
   </trkpt>
   <trkpt lat="53.79032500011102" lon="21.440899998636045">
    <ele>134.8</ele>
   </trkpt>
   <trkpt lat="53.790850000000006" lon="21.441010000000002">
    <ele>137.27</ele>
   </trkpt>
   <trkpt lat="53.791140000000006" lon="21.44142">
    <ele>135.31</ele>
   </trkpt>
   <trkpt lat="53.7914" lon="21.442110000000003">
    <ele>131.0</ele>
   </trkpt>
   <trkpt lat="53.791470000000004" lon="21.44236">
    <ele>130.03</ele>
   </trkpt>
   <trkpt lat="53.79164" lon="21.443060000000003">
    <ele>129.42000000000002</ele>
   </trkpt>
   <trkpt lat="53.79175000000001" lon="21.4433">
    <ele>130.06</ele>
   </trkpt>
   <trkpt lat="53.791880000000006" lon="21.443440000000002">
    <ele>130.76000000000002</ele>
   </trkpt>
   <trkpt lat="53.79218" lon="21.4435">
    <ele>132.12</ele>
   </trkpt>
   <trkpt lat="53.792640000000006" lon="21.44366">
    <ele>133.89000000000001</ele>
   </trkpt>
   <trkpt lat="53.793000000000006" lon="21.443910000000002">
    <ele>134.47</ele>
   </trkpt>
   <trkpt lat="53.79317" lon="21.44424">
    <ele>132.97</ele>
   </trkpt>
   <trkpt lat="53.79355000532113" lon="21.445369989792365">
    <ele>132.75</ele>
   </trkpt>
   <trkpt lat="53.79393" lon="21.4465">
    <ele>133.53</ele>
   </trkpt>
   <trkpt lat="53.79442" lon="21.44707">
    <ele>132.82000000000002</ele>
   </trkpt>
   <trkpt lat="53.79490500165142" lon="21.44767999307668">
    <ele>132.43</ele>
   </trkpt>
   <trkpt lat="53.795390000000005" lon="21.44829">
    <ele>132.60000000000002</ele>
   </trkpt>
   <trkpt lat="53.795550000000006" lon="21.448690000000003">
    <ele>133.78</ele>
   </trkpt>
   <trkpt lat="53.79598000000001" lon="21.450020000000002">
    <ele>131.96</ele>
   </trkpt>
   <trkpt lat="53.79605" lon="21.450400000000002">
    <ele>131.53</ele>
   </trkpt>
   <trkpt lat="53.79646" lon="21.451490000000003">
    <ele>129.88000000000002</ele>
   </trkpt>
   <trkpt lat="53.79661" lon="21.451980000000002">
    <ele>127.95</ele>
   </trkpt>
   <trkpt lat="53.796690000000005" lon="21.452530000000003">
    <ele>128.10999999999999</ele>
   </trkpt>
   <trkpt lat="53.79668" lon="21.45323">
    <ele>127.26</ele>
   </trkpt>
   <trkpt lat="53.79657" lon="21.4542">
    <ele>128.46</ele>
   </trkpt>
   <trkpt lat="53.79657" lon="21.45466">
    <ele>127.67</ele>
   </trkpt>
   <trkpt lat="53.79663000000001" lon="21.45495">
    <ele>126.08</ele>
   </trkpt>
   <trkpt lat="53.796760000000006" lon="21.4552">
    <ele>125.32000000000001</ele>
   </trkpt>
   <trkpt lat="53.79697" lon="21.45541">
    <ele>125.17</ele>
   </trkpt>
   <trkpt lat="53.79767250088215" lon="21.455672486816855">
    <ele>125.83</ele>
   </trkpt>
   <trkpt lat="53.79837500119115" lon="21.455934982427713">
    <ele>127.14</ele>
   </trkpt>
   <trkpt lat="53.799077500926956" lon="21.456197486833076">
    <ele>127.78</ele>
   </trkpt>
   <trkpt lat="53.799780000000005" lon="21.456460000000003">
    <ele>127.22</ele>
   </trkpt>
   <trkpt lat="53.80054000009468" lon="21.45659332849092">
    <ele>126.60000000000001</ele>
   </trkpt>
   <trkpt lat="53.80130000004148" lon="21.456726661814816">
    <ele>126.19</ele>
   </trkpt>
   <trkpt lat="53.802060000000004" lon="21.456860000000002">
    <ele>127.06</ele>
   </trkpt>
   <trkpt lat="53.80257" lon="21.457330000000002">
    <ele>127.02000000000002</ele>
   </trkpt>
   <trkpt lat="53.802950000806476" lon="21.45775499621013">
    <ele>127.8</ele>
   </trkpt>
   <trkpt lat="53.80333" lon="21.458180000000002">
    <ele>129.61</ele>
   </trkpt>
   <trkpt lat="53.803960000000004" lon="21.45878">
    <ele>129.28</ele>
   </trkpt>
   <trkpt lat="53.804660000000005" lon="21.45954">
    <ele>128.04000000000002</ele>
   </trkpt>
   <trkpt lat="53.80433000000001" lon="21.46017">
    <ele>126.88000000000002</ele>
   </trkpt>
   <trkpt lat="53.803930002104075" lon="21.460875006660586">
    <ele>125.27000000000002</ele>
   </trkpt>
   <trkpt lat="53.80353" lon="21.46158">
    <ele>123.98</ele>
   </trkpt>
   <trkpt lat="53.80297" lon="21.46226">
    <ele>124.23</ele>
   </trkpt>
   <trkpt lat="53.80279" lon="21.462370000000004">
    <ele>124.53000000000002</ele>
   </trkpt>
   <trkpt lat="53.802620000000005" lon="21.462390000000003">
    <ele>125.02000000000002</ele>
   </trkpt>
   <trkpt lat="53.801930000000006" lon="21.46226">
    <ele>128.9</ele>
   </trkpt>
   <trkpt lat="53.80171000000001" lon="21.462200000000003">
    <ele>129.57000000000002</ele>
   </trkpt>
   <trkpt lat="53.80109" lon="21.46196">
    <ele>128.63000000000002</ele>
   </trkpt>
   <trkpt lat="53.80030000058144" lon="21.46158999303512">
    <ele>128.03</ele>
   </trkpt>
   <trkpt lat="53.799510000000005" lon="21.46122">
    <ele>125.71000000000001</ele>
   </trkpt>
   <trkpt lat="53.79903" lon="21.460910000000002">
    <ele>124.7</ele>
   </trkpt>
   <trkpt lat="53.79854000019043" lon="21.46099000090801">
    <ele>125.17</ele>
   </trkpt>
   <trkpt lat="53.79805" lon="21.461070000000003">
    <ele>125.42</ele>
   </trkpt>
   <trkpt lat="53.797720000000005" lon="21.461190000000002">
    <ele>125.06</ele>
   </trkpt>
   <trkpt lat="53.79727500053763" lon="21.461515003376714">
    <ele>123.97000000000001</ele>
   </trkpt>
   <trkpt lat="53.79683000000001" lon="21.461840000000002">
    <ele>125.0</ele>
   </trkpt>
   <trkpt lat="53.79618000160792" lon="21.46243500909753">
    <ele>126.97</ele>
   </trkpt>
   <trkpt lat="53.79553000000001" lon="21.463030000000003">
    <ele>129.57000000000002</ele>
   </trkpt>
   <trkpt lat="53.795230000000004" lon="21.463230000000003">
    <ele>129.91</ele>
   </trkpt>
   <trkpt lat="53.79489" lon="21.46329">
    <ele>130.37</ele>
   </trkpt>
   <trkpt lat="53.794384999958" lon="21.463244999453696">
    <ele>131.23000000000002</ele>
   </trkpt>
   <trkpt lat="53.79388" lon="21.4632">
    <ele>134.39000000000001</ele>
   </trkpt>
   <trkpt lat="53.7933" lon="21.463050000000003">
    <ele>136.15</ele>
   </trkpt>
   <trkpt lat="53.79272" lon="21.462760000000003">
    <ele>135.64000000000001</ele>
   </trkpt>
   <trkpt lat="53.792530000000006" lon="21.462770000000003">
    <ele>135.67000000000002</ele>
   </trkpt>
   <trkpt lat="53.792140000835516" lon="21.463205003990424">
    <ele>137.17000000000002</ele>
   </trkpt>
   <trkpt lat="53.79175000000001" lon="21.46364">
    <ele>137.69</ele>
   </trkpt>
   <trkpt lat="53.791120002310755" lon="21.464395011411312">
    <ele>138.69</ele>
   </trkpt>
   <trkpt lat="53.790490000000005" lon="21.46515">
    <ele>142.21</ele>
   </trkpt>
   <trkpt lat="53.789840000000005" lon="21.466060000000002">
    <ele>144.57</ele>
   </trkpt>
   <trkpt lat="53.78952" lon="21.46629">
    <ele>146.71</ele>
   </trkpt>
   <trkpt lat="53.78902500190823" lon="21.46698000824223">
    <ele>148.12</ele>
   </trkpt>
   <trkpt lat="53.78853" lon="21.467670000000002">
    <ele>147.42000000000002</ele>
   </trkpt>
   <trkpt lat="53.78842" lon="21.467750000000002">
    <ele>147.42000000000002</ele>
   </trkpt>
   <trkpt lat="53.788230000000006" lon="21.467750000000002">
    <ele>147.06000000000003</ele>
   </trkpt>
   <trkpt lat="53.787980000000005" lon="21.467670000000002">
    <ele>146.18</ele>
   </trkpt>
   <trkpt lat="53.787890000000004" lon="21.4677">
    <ele>146.05</ele>
   </trkpt>
   <trkpt lat="53.78720000339722" lon="21.46860001476563">
    <ele>144.50000000000003</ele>
   </trkpt>
   <trkpt lat="53.78651000000001" lon="21.4695">
    <ele>144.50000000000003</ele>
   </trkpt>
   <trkpt lat="53.78600333584214" lon="21.470043346399542">
    <ele>142.94</ele>
   </trkpt>
   <trkpt lat="53.785496669228216" lon="21.470586679676117">
    <ele>140.34</ele>
   </trkpt>
   <trkpt lat="53.78499000000001" lon="21.471130000000002">
    <ele>139.51000000000002</ele>
   </trkpt>
   <trkpt lat="53.7844550050931" lon="21.472240014220212">
    <ele>137.18000000000004</ele>
   </trkpt>
   <trkpt lat="53.78392" lon="21.473350000000003">
    <ele>137.76000000000002</ele>
   </trkpt>
   <trkpt lat="53.783240000000006" lon="21.47425">
    <ele>136.26000000000002</ele>
   </trkpt>
   <trkpt lat="53.782720000000005" lon="21.47503">
    <ele>136.46</ele>
   </trkpt>
   <trkpt lat="53.78234751448487" lon="21.47610752870784">
    <ele>134.37</ele>
   </trkpt>
   <trkpt lat="53.78197501931006" lon="21.4771850382854">
    <ele>132.37</ele>
   </trkpt>
   <trkpt lat="53.781602514475885" lon="21.478262528732795">
    <ele>132.10000000000002</ele>
   </trkpt>
   <trkpt lat="53.78123000000001" lon="21.47934">
    <ele>132.09</ele>
   </trkpt>
   <trkpt lat="53.780930010018025" lon="21.48043668230378">
    <ele>130.35000000000002</ele>
   </trkpt>
   <trkpt lat="53.780630010029725" lon="21.4815333489274">
    <ele>129.15</ele>
   </trkpt>
   <trkpt lat="53.780330000000006" lon="21.48263">
    <ele>130.33</ele>
   </trkpt>
   <trkpt lat="53.78027" lon="21.48289">
    <ele>130.03</ele>
   </trkpt>
   <trkpt lat="53.78" lon="21.483530000000002">
    <ele>129.15</ele>
   </trkpt>
   <trkpt lat="53.77937000000001" lon="21.48429">
    <ele>129.01000000000002</ele>
   </trkpt>
   <trkpt lat="53.779050000000005" lon="21.484530000000003">
    <ele>129.10000000000002</ele>
   </trkpt>
   <trkpt lat="53.77842000050362" lon="21.484880005257423">
    <ele>129.78</ele>
   </trkpt>
   <trkpt lat="53.77779" lon="21.48523">
    <ele>131.28</ele>
   </trkpt>
   <trkpt lat="53.77740000000001" lon="21.48599">
    <ele>131.51000000000002</ele>
   </trkpt>
   <trkpt lat="53.77693000000001" lon="21.48704">
    <ele>130.17000000000002</ele>
   </trkpt>
   <trkpt lat="53.776780052876724" lon="21.48838753371631">
    <ele>127.28</ele>
   </trkpt>
   <trkpt lat="53.77663009064517" lon="21.4897350578034">
    <ele>126.9</ele>
   </trkpt>
   <trkpt lat="53.776480113305524" lon="21.491082572260435">
    <ele>126.76</ele>
   </trkpt>
   <trkpt lat="53.776330120857985" lon="21.49243007708656">
    <ele>128.22</ele>
   </trkpt>
   <trkpt lat="53.77618011330275" lon="21.493777572280923">
    <ele>129.39000000000001</ele>
   </trkpt>
   <trkpt lat="53.776030090640006" lon="21.495125057842685">
    <ele>129.76000000000002</ele>
   </trkpt>
   <trkpt lat="53.77588005286995" lon="21.496472533770987">
    <ele>131.36</ele>
   </trkpt>
   <trkpt lat="53.77573" lon="21.49782">
    <ele>131.89000000000001</ele>
   </trkpt>
   <trkpt lat="53.77563000000001" lon="21.499080000000003">
    <ele>129.14000000000001</ele>
   </trkpt>
   <trkpt lat="53.776140000000005" lon="21.50007">
    <ele>130.20000000000002</ele>
   </trkpt>
   <trkpt lat="53.77667" lon="21.5008">
    <ele>132.16</ele>
   </trkpt>
   <trkpt lat="53.77724000056634" lon="21.501139995433277">
    <ele>134.79000000000002</ele>
   </trkpt>
   <trkpt lat="53.77781" lon="21.50148">
    <ele>135.47</ele>
   </trkpt>
   <trkpt lat="53.778183341272886" lon="21.50245664929859">
    <ele>133.22</ele>
   </trkpt>
   <trkpt lat="53.778556674609504" lon="21.50343331597355">
    <ele>132.37</ele>
   </trkpt>
   <trkpt lat="53.77893" lon="21.50441">
    <ele>132.29000000000002</ele>
   </trkpt>
   <trkpt lat="53.779160000000005" lon="21.505290000000002">
    <ele>128.79999999999998</ele>
   </trkpt>
   <trkpt lat="53.7792" lon="21.50597">
    <ele>127.11</ele>
   </trkpt>
   <trkpt lat="53.77922" lon="21.50694">
    <ele>125.99000000000001</ele>
   </trkpt>
   <trkpt lat="53.77944" lon="21.507710000000003">
    <ele>126.57000000000001</ele>
   </trkpt>
   <trkpt lat="53.77953" lon="21.508090000000003">
    <ele>128.57000000000002</ele>
   </trkpt>
   <trkpt lat="53.77947" lon="21.508660000000003">
    <ele>130.24</ele>
   </trkpt>
   <trkpt lat="53.77903500139083" lon="21.509245006107978">
    <ele>131.35000000000002</ele>
   </trkpt>
   <trkpt lat="53.778600000000004" lon="21.50983">
    <ele>131.29000000000002</ele>
   </trkpt>
   <trkpt lat="53.77844" lon="21.510430000000003">
    <ele>131.06</ele>
   </trkpt>
   <trkpt lat="53.77825000000001" lon="21.51088">
    <ele>131.07000000000002</ele>
   </trkpt>
   <trkpt lat="53.777710000000006" lon="21.511640000000003">
    <ele>131.39000000000001</ele>
   </trkpt>
   <trkpt lat="53.777570000000004" lon="21.51197">
    <ele>131.5</ele>
   </trkpt>
   <trkpt lat="53.77734500195841" lon="21.512650003540497">
    <ele>132.01000000000002</ele>
   </trkpt>
   <trkpt lat="53.777120000000004" lon="21.513330000000003">
    <ele>132.37</ele>
   </trkpt>
   <trkpt lat="53.777120000000004" lon="21.51347">
    <ele>132.4</ele>
   </trkpt>
   <trkpt lat="53.777170000000005" lon="21.51424">
    <ele>132.17000000000002</ele>
   </trkpt>
   <trkpt lat="53.77718" lon="21.51452">
    <ele>131.54000000000002</ele>
   </trkpt>
   <trkpt lat="53.77713000000001" lon="21.514830000000003">
    <ele>130.56</ele>
   </trkpt>
   <trkpt lat="53.77704000000001" lon="21.515140000000002">
    <ele>128.92000000000002</ele>
   </trkpt>
   <trkpt lat="53.77684000000001" lon="21.515420000000002">
    <ele>127.77000000000002</ele>
   </trkpt>
   <trkpt lat="53.77657000000001" lon="21.515610000000002">
    <ele>126.53</ele>
   </trkpt>
   <trkpt lat="53.77569500011071" lon="21.51578500365165">
    <ele>126.07000000000001</ele>
   </trkpt>
   <trkpt lat="53.774820000000005" lon="21.515960000000003">
    <ele>126.67</ele>
   </trkpt>
   <trkpt lat="53.77458000000001" lon="21.516180000000002">
    <ele>126.09</ele>
   </trkpt>
   <trkpt lat="53.77434" lon="21.516540000000003">
    <ele>126.08</ele>
   </trkpt>
   <trkpt lat="53.77401000341612" lon="21.51745000723436">
    <ele>126.64</ele>
   </trkpt>
   <trkpt lat="53.773680000000006" lon="21.51836">
    <ele>126.09</ele>
   </trkpt>
   <trkpt lat="53.77338500165552" lon="21.519010004793394">
    <ele>125.18</ele>
   </trkpt>
   <trkpt lat="53.77309" lon="21.519660000000002">
    <ele>124.46000000000001</ele>
   </trkpt>
   <trkpt lat="53.772755001743995" lon="21.520330005594268">
    <ele>124.25000000000001</ele>
   </trkpt>
   <trkpt lat="53.772420000000004" lon="21.521">
    <ele>124.09</ele>
   </trkpt>
   <trkpt lat="53.77219" lon="21.521230000000003">
    <ele>123.95</ele>
   </trkpt>
   <trkpt lat="53.7716850003663" lon="21.521515003412592">
    <ele>123.21000000000001</ele>
   </trkpt>
   <trkpt lat="53.77118" lon="21.521800000000002">
    <ele>123.60000000000001</ele>
   </trkpt>
   <trkpt lat="53.770450000000004" lon="21.522560000000002">
    <ele>126.53</ele>
   </trkpt>
   <trkpt lat="53.76976500305693" lon="21.523420014057972">
    <ele>126.10000000000001</ele>
   </trkpt>
   <trkpt lat="53.76908" lon="21.52428">
    <ele>126.41000000000003</ele>
   </trkpt>
   <trkpt lat="53.76860000179987" lon="21.52492000718973">
    <ele>126.61</ele>
   </trkpt>
   <trkpt lat="53.76812" lon="21.525560000000002">
    <ele>126.98</ele>
   </trkpt>
   <trkpt lat="53.767520000000005" lon="21.526470000000003">
    <ele>128.5</ele>
   </trkpt>
   <trkpt lat="53.76717000000001" lon="21.527500000000003">
    <ele>129.15</ele>
   </trkpt>
   <trkpt lat="53.76691" lon="21.52792">
    <ele>128.75</ele>
   </trkpt>
   <trkpt lat="53.766630000000006" lon="21.528100000000002">
    <ele>127.85000000000002</ele>
   </trkpt>
   <trkpt lat="53.766420000000004" lon="21.52841">
    <ele>126.88000000000002</ele>
   </trkpt>
   <trkpt lat="53.7662150045662" lon="21.52945500498661">
    <ele>125.97</ele>
   </trkpt>
   <trkpt lat="53.76601" lon="21.530500000000004">
    <ele>126.76</ele>
   </trkpt>
   <trkpt lat="53.76578000000001" lon="21.53115">
    <ele>128.43</ele>
   </trkpt>
   <trkpt lat="53.7655" lon="21.531740000000003">
    <ele>127.82000000000001</ele>
   </trkpt>
   <trkpt lat="53.765510000000006" lon="21.531730000000003">
    <ele>127.83</ele>
   </trkpt>
   <trkpt lat="53.765390000000004" lon="21.532010000000003">
    <ele>127.24000000000002</ele>
   </trkpt>
   <trkpt lat="53.76531000000001" lon="21.53262">
    <ele>126.81</ele>
   </trkpt>
   <trkpt lat="53.765440000000005" lon="21.533790000000003">
    <ele>127.4</ele>
   </trkpt>
   <trkpt lat="53.765420000000006" lon="21.535010000000003">
    <ele>128.5</ele>
   </trkpt>
   <trkpt lat="53.765600000000006" lon="21.535690000000002">
    <ele>126.74000000000002</ele>
   </trkpt>
   <trkpt lat="53.76605000000001" lon="21.53675">
    <ele>125.22</ele>
   </trkpt>
   <trkpt lat="53.76616501942315" lon="21.53799748972934">
    <ele>125.49000000000001</ele>
   </trkpt>
   <trkpt lat="53.7662800258964" lon="21.539244986293202">
    <ele>124.85000000000001</ele>
   </trkpt>
   <trkpt lat="53.76639501941966" lon="21.5404924896909">
    <ele>124.56</ele>
   </trkpt>
   <trkpt lat="53.766510000000004" lon="21.54174">
    <ele>125.04</ele>
   </trkpt>
   <trkpt lat="53.76680000699895" lon="21.543039990875066">
    <ele>127.26</ele>
   </trkpt>
   <trkpt lat="53.76709" lon="21.544340000000002">
    <ele>127.26</ele>
   </trkpt>
   <trkpt lat="53.76744000000001" lon="21.545180000000002">
    <ele>127.56</ele>
   </trkpt>
   <trkpt lat="53.76773000000001" lon="21.54613">
    <ele>128.47</ele>
   </trkpt>
   <trkpt lat="53.76795001623031" lon="21.547526652019958">
    <ele>127.60000000000002</ele>
   </trkpt>
   <trkpt lat="53.76817001622899" lon="21.54892331867791">
    <ele>126.89</ele>
   </trkpt>
   <trkpt lat="53.768390000000004" lon="21.550320000000003">
    <ele>125.86</ele>
   </trkpt>
   <trkpt lat="53.768480000000004" lon="21.551240000000004">
    <ele>125.94000000000003</ele>
   </trkpt>
   <trkpt lat="53.76843" lon="21.55159">
    <ele>126.5</ele>
   </trkpt>
   <trkpt lat="53.768190000000004" lon="21.55208">
    <ele>127.60000000000002</ele>
   </trkpt>
   <trkpt lat="53.76791000000001" lon="21.552390000000003">
    <ele>128.35000000000002</ele>
   </trkpt>
   <trkpt lat="53.76769" lon="21.5528">
    <ele>130.26000000000002</ele>
   </trkpt>
   <trkpt lat="53.767720000000004" lon="21.55412">
    <ele>132.34</ele>
   </trkpt>
   <trkpt lat="53.76790667883152" lon="21.555329989123145">
    <ele>131.88</ele>
   </trkpt>
   <trkpt lat="53.768093345480196" lon="21.556539989006374">
    <ele>132.51000000000002</ele>
   </trkpt>
   <trkpt lat="53.768280000000004" lon="21.557750000000002">
    <ele>133.39000000000001</ele>
   </trkpt>
   <trkpt lat="53.768280000000004" lon="21.557740000000003">
    <ele>133.39000000000001</ele>
   </trkpt>
   <trkpt lat="53.76836" lon="21.558200000000003">
    <ele>133.63</ele>
   </trkpt>
   <trkpt lat="53.76847000597631" lon="21.559399996693838">
    <ele>133.26000000000002</ele>
   </trkpt>
   <trkpt lat="53.76858000000001" lon="21.5606">
    <ele>131.26000000000002</ele>
   </trkpt>
   <trkpt lat="53.768620003189326" lon="21.561474999252376">
    <ele>130.56</ele>
   </trkpt>
   <trkpt lat="53.768660000000004" lon="21.562350000000002">
    <ele>131.45000000000002</ele>
   </trkpt>
   <trkpt lat="53.76878000000001" lon="21.56324">
    <ele>134.0</ele>
   </trkpt>
   <trkpt lat="53.76865751708909" lon="21.564410010212885">
    <ele>135.25</ele>
   </trkpt>
   <trkpt lat="53.76853502278736" lon="21.565580013598495">
    <ele>135.22</ele>
   </trkpt>
   <trkpt lat="53.76841251709496" lon="21.566750010156262">
    <ele>136.25</ele>
   </trkpt>
   <trkpt lat="53.76829000000001" lon="21.56792">
    <ele>136.22</ele>
   </trkpt>
   <trkpt lat="53.768260000000005" lon="21.568240000000003">
    <ele>136.13</ele>
   </trkpt>
   <trkpt lat="53.768325003415654" lon="21.56914499871123">
    <ele>134.99</ele>
   </trkpt>
   <trkpt lat="53.768390000000004" lon="21.570050000000002">
    <ele>134.85</ele>
   </trkpt>
   <trkpt lat="53.76857000217378" lon="21.570769996980836">
    <ele>135.38</ele>
   </trkpt>
   <trkpt lat="53.768750000000004" lon="21.57149">
    <ele>135.68</ele>
   </trkpt>
   <trkpt lat="53.768860000000004" lon="21.572360000000003">
    <ele>135.69</ele>
   </trkpt>
   <trkpt lat="53.76895500389852" lon="21.57332999764054">
    <ele>136.57000000000002</ele>
   </trkpt>
   <trkpt lat="53.76905000000001" lon="21.5743">
    <ele>137.16</ele>
   </trkpt>
   <trkpt lat="53.76921" lon="21.575580000000002">
    <ele>137.93000000000004</ele>
   </trkpt>
   <trkpt lat="53.769200000000005" lon="21.576390000000004">
    <ele>137.23000000000002</ele>
   </trkpt>
   <trkpt lat="53.76899" lon="21.577550000000002">
    <ele>135.99</ele>
   </trkpt>
   <trkpt lat="53.76870000481815" lon="21.578625007388183">
    <ele>133.99</ele>
   </trkpt>
   <trkpt lat="53.76841" lon="21.579700000000003">
    <ele>133.17000000000002</ele>
   </trkpt>
   <trkpt lat="53.768370000000004" lon="21.58042">
    <ele>132.63</ele>
   </trkpt>
   <trkpt lat="53.76869000000001" lon="21.581200000000003">
    <ele>132.10000000000002</ele>
   </trkpt>
   <trkpt lat="53.76922667212046" lon="21.582009979282393">
    <ele>132.77</ele>
   </trkpt>
   <trkpt lat="53.76976333878166" lon="21.582819979273772">
    <ele>133.14000000000001</ele>
   </trkpt>
   <trkpt lat="53.770300000000006" lon="21.583630000000003">
    <ele>132.87</ele>
   </trkpt>
   <trkpt lat="53.770390000000006" lon="21.5838">
    <ele>132.3</ele>
   </trkpt>
   <trkpt lat="53.770480000000006" lon="21.584100000000003">
    <ele>132.3</ele>
   </trkpt>
   <trkpt lat="53.77073000000001" lon="21.58521">
    <ele>131.37</ele>
   </trkpt>
   <trkpt lat="53.77082000000001" lon="21.58546">
    <ele>131.62</ele>
   </trkpt>
   <trkpt lat="53.770900000000005" lon="21.585520000000002">
    <ele>131.56</ele>
   </trkpt>
   <trkpt lat="53.77107" lon="21.58558">
    <ele>131.26999999999998</ele>
   </trkpt>
   <trkpt lat="53.771150000000006" lon="21.585630000000002">
    <ele>131.26999999999998</ele>
   </trkpt>
   <trkpt lat="53.77165" lon="21.586340000000003">
    <ele>131.47</ele>
   </trkpt>
   <trkpt lat="53.77178000000001" lon="21.58643">
    <ele>131.44</ele>
   </trkpt>
   <trkpt lat="53.772310000000004" lon="21.586660000000002">
    <ele>129.4</ele>
   </trkpt>
   <trkpt lat="53.77248" lon="21.586630000000003">
    <ele>128.49</ele>
   </trkpt>
   <trkpt lat="53.77266" lon="21.58651">
    <ele>127.93</ele>
   </trkpt>
   <trkpt lat="53.77282" lon="21.58633">
    <ele>127.61</ele>
   </trkpt>
   <trkpt lat="53.772960000000005" lon="21.58613">
    <ele>127.60000000000002</ele>
   </trkpt>
   <trkpt lat="53.77346000160122" lon="21.585520007201378">
    <ele>127.53</ele>
   </trkpt>
   <trkpt lat="53.77396" lon="21.58491">
    <ele>126.85000000000002</ele>
   </trkpt>
   <trkpt lat="53.773970000000006" lon="21.5849">
    <ele>127.01</ele>
   </trkpt>
   <trkpt lat="53.774330000000006" lon="21.584460000000004">
    <ele>128.02</ele>
   </trkpt>
   <trkpt lat="53.774730000000005" lon="21.58416">
    <ele>128.20000000000002</ele>
   </trkpt>
   <trkpt lat="53.774950000000004" lon="21.584030000000002">
    <ele>126.91000000000003</ele>
   </trkpt>
   <trkpt lat="53.77521" lon="21.583920000000003">
    <ele>125.07000000000001</ele>
   </trkpt>
   <trkpt lat="53.77594499992171" lon="21.583934999735703">
    <ele>123.21000000000001</ele>
   </trkpt>
   <trkpt lat="53.776680000000006" lon="21.58395">
    <ele>125.04</ele>
   </trkpt>
   <trkpt lat="53.776900000000005" lon="21.58389">
    <ele>127.52000000000002</ele>
   </trkpt>
   <trkpt lat="53.77725" lon="21.583710000000004">
    <ele>128.82999999999998</ele>
   </trkpt>
   <trkpt lat="53.777420000000006" lon="21.58357">
    <ele>129.16</ele>
   </trkpt>
   <trkpt lat="53.777660000000004" lon="21.5832">
    <ele>129.35000000000002</ele>
   </trkpt>
   <trkpt lat="53.777820000000006" lon="21.583000000000002">
    <ele>129.12</ele>
   </trkpt>
   <trkpt lat="53.77828500060341" lon="21.582610004345806">
    <ele>128.43</ele>
   </trkpt>
   <trkpt lat="53.77875" lon="21.582220000000003">
    <ele>127.87</ele>
   </trkpt>
   <trkpt lat="53.779410000000006" lon="21.581950000000003">
    <ele>129.47</ele>
   </trkpt>
   <trkpt lat="53.77994" lon="21.581690000000002">
    <ele>129.68</ele>
   </trkpt>
   <trkpt lat="53.78058000000001" lon="21.58144">
    <ele>128.77</ele>
   </trkpt>
   <trkpt lat="53.780950000000004" lon="21.581270000000004">
    <ele>128.38000000000002</ele>
   </trkpt>
   <trkpt lat="53.78132" lon="21.581020000000002">
    <ele>127.43</ele>
   </trkpt>
   <trkpt lat="53.78161000000001" lon="21.580720000000003">
    <ele>126.9</ele>
   </trkpt>
   <trkpt lat="53.782270000000004" lon="21.579780000000003">
    <ele>123.65</ele>
   </trkpt>
   <trkpt lat="53.782500000000006" lon="21.579510000000003">
    <ele>123.69000000000001</ele>
   </trkpt>
   <trkpt lat="53.78269" lon="21.57938">
    <ele>124.00000000000001</ele>
   </trkpt>
   <trkpt lat="53.78293000000001" lon="21.57926">
    <ele>124.7</ele>
   </trkpt>
   <trkpt lat="53.783060000000006" lon="21.57916">
    <ele>124.76</ele>
   </trkpt>
   <trkpt lat="53.783240000000006" lon="21.578960000000002">
    <ele>124.47000000000001</ele>
   </trkpt>
   <trkpt lat="53.783390000000004" lon="21.57888">
    <ele>124.47000000000001</ele>
   </trkpt>
   <trkpt lat="53.783550000000005" lon="21.57882">
    <ele>124.53000000000002</ele>
   </trkpt>
   <trkpt lat="53.783820000000006" lon="21.578840000000003">
    <ele>124.64000000000001</ele>
   </trkpt>
   <trkpt lat="53.783950000000004" lon="21.57881">
    <ele>124.46000000000001</ele>
   </trkpt>
   <trkpt lat="53.784150000000004" lon="21.578580000000002">
    <ele>124.41000000000001</ele>
   </trkpt>
   <trkpt lat="53.78445000000001" lon="21.57794">
    <ele>125.78</ele>
   </trkpt>
   <trkpt lat="53.78481000386699" lon="21.57697000844921">
    <ele>126.72</ele>
   </trkpt>
   <trkpt lat="53.78517000000001" lon="21.576">
    <ele>126.28</ele>
   </trkpt>
   <trkpt lat="53.785210000000006" lon="21.57563">
    <ele>126.17</ele>
   </trkpt>
   <trkpt lat="53.785210000000006" lon="21.575300000000002">
    <ele>126.26</ele>
   </trkpt>
   <trkpt lat="53.78504" lon="21.5743">
    <ele>126.83</ele>
   </trkpt>
   <trkpt lat="53.78504" lon="21.57401">
    <ele>127.05000000000003</ele>
   </trkpt>
   <trkpt lat="53.785070000000005" lon="21.573690000000003">
    <ele>127.05000000000003</ele>
   </trkpt>
   <trkpt lat="53.785180000000004" lon="21.57327">
    <ele>127.32000000000001</ele>
   </trkpt>
   <trkpt lat="53.785270000000004" lon="21.573030000000003">
    <ele>127.4</ele>
   </trkpt>
   <trkpt lat="53.78564000000001" lon="21.572280000000003">
    <ele>127.64</ele>
   </trkpt>
   <trkpt lat="53.78575000000001" lon="21.57213">
    <ele>127.92</ele>
   </trkpt>
   <trkpt lat="53.78587" lon="21.57203">
    <ele>127.92</ele>
   </trkpt>
   <trkpt lat="53.78602000000001" lon="21.571980000000003">
    <ele>128.04000000000002</ele>
   </trkpt>
   <trkpt lat="53.7862" lon="21.571980000000003">
    <ele>128.03</ele>
   </trkpt>
   <trkpt lat="53.786770000000004" lon="21.572180000000003">
    <ele>127.55</ele>
   </trkpt>
   <trkpt lat="53.787470000000006" lon="21.57235">
    <ele>127.74000000000002</ele>
   </trkpt>
   <trkpt lat="53.787934999935935" lon="21.572290000675235">
    <ele>128.35000000000002</ele>
   </trkpt>
   <trkpt lat="53.7884" lon="21.57223">
    <ele>129.49</ele>
   </trkpt>
   <trkpt lat="53.788914999703245" lon="21.57225999961421">
    <ele>131.32000000000002</ele>
   </trkpt>
   <trkpt lat="53.78943" lon="21.572290000000002">
    <ele>134.61</ele>
   </trkpt>
   <trkpt lat="53.789770000000004" lon="21.57205">
    <ele>134.95000000000002</ele>
   </trkpt>
   <trkpt lat="53.79008" lon="21.57194">
    <ele>134.39000000000001</ele>
   </trkpt>
   <trkpt lat="53.790420000000005" lon="21.57186">
    <ele>133.32000000000002</ele>
   </trkpt>
   <trkpt lat="53.79073" lon="21.57186">
    <ele>133.31</ele>
   </trkpt>
   <trkpt lat="53.790910000000004" lon="21.571830000000002">
    <ele>133.33</ele>
   </trkpt>
   <trkpt lat="53.79112000000001" lon="21.571730000000002">
    <ele>133.44</ele>
   </trkpt>
   <trkpt lat="53.791270000000004" lon="21.57157">
    <ele>133.46</ele>
   </trkpt>
   <trkpt lat="53.791520000000006" lon="21.571230000000003">
    <ele>133.39000000000001</ele>
   </trkpt>
   <trkpt lat="53.79214666896979" lon="21.571756650926428">
    <ele>142.66</ele>
   </trkpt>
   <trkpt lat="53.792773335632155" lon="21.5722833175892">
    <ele>137.87</ele>
   </trkpt>
   <trkpt lat="53.793400000000005" lon="21.57281">
    <ele>130.89000000000001</ele>
   </trkpt>
   <trkpt lat="53.79397" lon="21.572770000000002">
    <ele>121.27000000000001</ele>
   </trkpt>
   <trkpt lat="53.793940000000006" lon="21.5727">
    <ele>118.42000000000002</ele>
   </trkpt>
   <trkpt lat="53.794160000000005" lon="21.57243">
    <ele>118.18</ele>
   </trkpt>
   <trkpt lat="53.7946" lon="21.57148">
    <ele>118.20000000000002</ele>
   </trkpt>
   <trkpt lat="53.795030000000004" lon="21.57075">
    <ele>118.17</ele>
   </trkpt>
   <trkpt lat="53.79542000000001" lon="21.570010000000003">
    <ele>118.26</ele>
   </trkpt>
   <trkpt lat="53.79552" lon="21.56969">
    <ele>118.31000000000002</ele>
   </trkpt>
   <trkpt lat="53.79560000279535" lon="21.568870001578084">
    <ele>118.34000000000002</ele>
   </trkpt>
   <trkpt lat="53.795680000000004" lon="21.568050000000003">
    <ele>118.17</ele>
   </trkpt>
   <trkpt lat="53.795750000000005" lon="21.56775">
    <ele>118.17</ele>
   </trkpt>
   <trkpt lat="53.79601" lon="21.56709">
    <ele>118.22</ele>
   </trkpt>
   <trkpt lat="53.79634000346268" lon="21.56617000739985">
    <ele>118.37</ele>
   </trkpt>
   <trkpt lat="53.796670000000006" lon="21.565250000000002">
    <ele>117.96000000000001</ele>
   </trkpt>
   <trkpt lat="53.796800000000005" lon="21.56499">
    <ele>117.89</ele>
   </trkpt>
   <trkpt lat="53.79697" lon="21.56472">
    <ele>117.89</ele>
   </trkpt>
   <trkpt lat="53.797250000000005" lon="21.564390000000003">
    <ele>117.62000000000002</ele>
   </trkpt>
   <trkpt lat="53.797380000000004" lon="21.564310000000003">
    <ele>117.62000000000002</ele>
   </trkpt>
   <trkpt lat="53.79750000000001" lon="21.56427">
    <ele>117.63000000000001</ele>
   </trkpt>
   <trkpt lat="53.79766000000001" lon="21.56426">
    <ele>117.63000000000001</ele>
   </trkpt>
   <trkpt lat="53.79791" lon="21.56433">
    <ele>117.71000000000001</ele>
   </trkpt>
   <trkpt lat="53.79843" lon="21.564670000000003">
    <ele>117.77000000000001</ele>
   </trkpt>
   <trkpt lat="53.798460000000006" lon="21.564320000000002">
    <ele>118.83</ele>
   </trkpt>
   <trkpt lat="53.798480000000005" lon="21.56349">
    <ele>123.52</ele>
   </trkpt>
   <trkpt lat="53.798840000000006" lon="21.56333">
    <ele>123.05</ele>
   </trkpt>
   <trkpt lat="53.799580000000006" lon="21.56315">
    <ele>122.09</ele>
   </trkpt>
   <trkpt lat="53.799980000000005" lon="21.563080000000003">
    <ele>121.12</ele>
   </trkpt>
   <trkpt lat="53.80048000000001" lon="21.563000000000002">
    <ele>119.83</ele>
   </trkpt>
   <trkpt lat="53.801030000000004" lon="21.562970000000004">
    <ele>118.26</ele>
   </trkpt>
   <trkpt lat="53.801230000000004" lon="21.56303">
    <ele>118.19</ele>
   </trkpt>
   <trkpt lat="53.80133000000001" lon="21.563090000000003">
    <ele>118.22</ele>
   </trkpt>
   <trkpt lat="53.801230000000004" lon="21.56331">
    <ele>117.88000000000001</ele>
   </trkpt>
   <trkpt lat="53.801210000000005" lon="21.563560000000003">
    <ele>117.74000000000001</ele>
   </trkpt>
   <trkpt lat="53.80107" lon="21.564110000000003">
    <ele>117.98000000000002</ele>
   </trkpt>
   <trkpt lat="53.80104000000001" lon="21.564390000000003">
    <ele>118.15</ele>
   </trkpt>
   <trkpt lat="53.80107" lon="21.564500000000002">
    <ele>118.23000000000002</ele>
   </trkpt>
   <trkpt lat="53.801100000000005" lon="21.564510000000002">
    <ele>118.23000000000002</ele>
   </trkpt>
   <trkpt lat="53.801100000000005" lon="21.56483">
    <ele>118.4</ele>
   </trkpt>
   <trkpt lat="53.80120000566931" lon="21.56599999692922">
    <ele>119.48</ele>
   </trkpt>
   <trkpt lat="53.801300000000005" lon="21.56717">
    <ele>120.28000000000002</ele>
   </trkpt>
   <trkpt lat="53.80134" lon="21.567420000000002">
    <ele>120.28000000000002</ele>
   </trkpt>
   <trkpt lat="53.80143" lon="21.56771">
    <ele>120.4</ele>
   </trkpt>
   <trkpt lat="53.801856675417916" lon="21.56873664573415">
    <ele>121.82000000000001</ele>
   </trkpt>
   <trkpt lat="53.802283342068485" lon="21.569763312361715">
    <ele>121.75000000000001</ele>
   </trkpt>
   <trkpt lat="53.802710000000005" lon="21.570790000000002">
    <ele>120.27000000000001</ele>
   </trkpt>
   <trkpt lat="53.80200000000001" lon="21.57166">
    <ele>118.88000000000001</ele>
   </trkpt>
   <trkpt lat="53.80180000000001" lon="21.57187">
    <ele>118.68</ele>
   </trkpt>
   <trkpt lat="53.80162000000001" lon="21.571980000000003">
    <ele>118.58</ele>
   </trkpt>
   <trkpt lat="53.801120000000004" lon="21.572200000000002">
    <ele>118.95000000000002</ele>
   </trkpt>
   <trkpt lat="53.800920000000005" lon="21.57185">
    <ele>118.60000000000001</ele>
   </trkpt>
   <trkpt lat="53.80089" lon="21.571820000000002">
    <ele>118.60000000000001</ele>
   </trkpt>
   <trkpt lat="53.800830000000005" lon="21.571910000000003">
    <ele>118.76</ele>
   </trkpt>
  </trkseg>
 </trk>
</gpx>
