<?xml version="1.0" encoding="UTF-8"?>
<gpx creator="StravaGPX" version="1.1" xmlns="http://www.topografix.com/GPX/1/1" xmlns:xsi="http://www.w3.org/2001/XMLSchema-instance" xsi:schemaLocation="http://www.topografix.com/GPX/1/1 http://www.topografix.com/GPX/1/1/gpx.xsd">
 <metadata>
  <name>Sudovia 2025 ultra ver 1.1</name>
  <author>
   <name>Filip Raczkowski</name>
   <link href="https://www.strava.com/athletes/20645033"/>
  </author>
  <copyright author="OpenStreetMap contributors">
   <year>2020</year>
   <license>https://www.openstreetmap.org/copyright</license>
  </copyright>
  <link href="https://www.strava.com/routes/3289600490109791262"/>
 </metadata>
 <trk>
  <name>Sudovia 2025 ultra ver 1.1</name>
  <link href="https://www.strava.com/routes/3289600490109791262"/>
  <type>cycling</type>
  <trkseg>
   <trkpt lat="54.208600000000004" lon="22.96864">
    <ele>193.36</ele>
   </trkpt>
   <trkpt lat="54.208490000000005" lon="22.969130000000003">
    <ele>193.98000000000002</ele>
   </trkpt>
   <trkpt lat="54.20866" lon="22.96931">
    <ele>193.51000000000002</ele>
   </trkpt>
   <trkpt lat="54.20886" lon="22.969710000000003">
    <ele>192.91000000000003</ele>
   </trkpt>
   <trkpt lat="54.20925500365868" lon="22.970644991153105">
    <ele>191.59</ele>
   </trkpt>
   <trkpt lat="54.20965" lon="22.971580000000003">
    <ele>191.45000000000002</ele>
   </trkpt>
   <trkpt lat="54.20969" lon="22.97172">
    <ele>191.41000000000003</ele>
   </trkpt>
   <trkpt lat="54.20973000000001" lon="22.97212">
    <ele>191.60000000000002</ele>
   </trkpt>
   <trkpt lat="54.209700000000005" lon="22.97257">
    <ele>192.49</ele>
   </trkpt>
   <trkpt lat="54.20935000000001" lon="22.97378">
    <ele>199.29000000000002</ele>
   </trkpt>
   <trkpt lat="54.20882" lon="22.975">
    <ele>207.5</ele>
   </trkpt>
   <trkpt lat="54.208400000000005" lon="22.976080000000003">
    <ele>206.31000000000003</ele>
   </trkpt>
   <trkpt lat="54.20779" lon="22.97719">
    <ele>205.5</ele>
   </trkpt>
   <trkpt lat="54.20754" lon="22.977670000000003">
    <ele>205.28</ele>
   </trkpt>
   <trkpt lat="54.20738000000001" lon="22.97802">
    <ele>204.97</ele>
   </trkpt>
   <trkpt lat="54.20722000000001" lon="22.978520000000003">
    <ele>203.72</ele>
   </trkpt>
   <trkpt lat="54.206880000000005" lon="22.979450000000003">
    <ele>202.27</ele>
   </trkpt>
   <trkpt lat="54.20669" lon="22.979860000000002">
    <ele>202.11</ele>
   </trkpt>
   <trkpt lat="54.20617500381614" lon="22.98082001196557">
    <ele>201.62</ele>
   </trkpt>
   <trkpt lat="54.20566" lon="22.98178">
    <ele>199.04000000000002</ele>
   </trkpt>
   <trkpt lat="54.205490000000005" lon="22.98194">
    <ele>196.20000000000002</ele>
   </trkpt>
   <trkpt lat="54.20521" lon="22.982110000000002">
    <ele>193.86</ele>
   </trkpt>
   <trkpt lat="54.205040000000004" lon="22.982300000000002">
    <ele>193.86</ele>
   </trkpt>
   <trkpt lat="54.204890000000006" lon="22.98251">
    <ele>192.73000000000002</ele>
   </trkpt>
   <trkpt lat="54.204800000000006" lon="22.982590000000002">
    <ele>192.46</ele>
   </trkpt>
   <trkpt lat="54.2045" lon="22.982770000000002">
    <ele>192.08</ele>
   </trkpt>
   <trkpt lat="54.20418" lon="22.982850000000003">
    <ele>192.32000000000002</ele>
   </trkpt>
   <trkpt lat="54.20411000000001" lon="22.98289">
    <ele>192.77</ele>
   </trkpt>
   <trkpt lat="54.20400000000001" lon="22.983030000000003">
    <ele>192.89000000000001</ele>
   </trkpt>
   <trkpt lat="54.203950000000006" lon="22.98316">
    <ele>192.89000000000001</ele>
   </trkpt>
   <trkpt lat="54.203860000000006" lon="22.98384">
    <ele>193.53</ele>
   </trkpt>
   <trkpt lat="54.203790000000005" lon="22.98412">
    <ele>194.43</ele>
   </trkpt>
   <trkpt lat="54.20373000000001" lon="22.984260000000003">
    <ele>194.43</ele>
   </trkpt>
   <trkpt lat="54.20344000000001" lon="22.984750000000002">
    <ele>195.59</ele>
   </trkpt>
   <trkpt lat="54.20317000000001" lon="22.985490000000002">
    <ele>197.32000000000002</ele>
   </trkpt>
   <trkpt lat="54.20277" lon="22.986230000000003">
    <ele>196.49</ele>
   </trkpt>
   <trkpt lat="54.202650000000006" lon="22.98655">
    <ele>196.67000000000002</ele>
   </trkpt>
   <trkpt lat="54.20228" lon="22.98779">
    <ele>198.81</ele>
   </trkpt>
   <trkpt lat="54.202180000000006" lon="22.988020000000002">
    <ele>198.65</ele>
   </trkpt>
   <trkpt lat="54.20208" lon="22.988200000000003">
    <ele>198.32000000000002</ele>
   </trkpt>
   <trkpt lat="54.201950000000004" lon="22.98833">
    <ele>197.67000000000002</ele>
   </trkpt>
   <trkpt lat="54.20177" lon="22.98844">
    <ele>196.5</ele>
   </trkpt>
   <trkpt lat="54.201640000000005" lon="22.988460000000003">
    <ele>196.5</ele>
   </trkpt>
   <trkpt lat="54.201420000000006" lon="22.988410000000002">
    <ele>196.06</ele>
   </trkpt>
   <trkpt lat="54.20109000000001" lon="22.988280000000003">
    <ele>196.28</ele>
   </trkpt>
   <trkpt lat="54.20090500333723" lon="22.989170003706672">
    <ele>196.15</ele>
   </trkpt>
   <trkpt lat="54.200720000000004" lon="22.990060000000003">
    <ele>197.38000000000002</ele>
   </trkpt>
   <trkpt lat="54.20055000297824" lon="22.9909000031747">
    <ele>197.29000000000002</ele>
   </trkpt>
   <trkpt lat="54.20038" lon="22.991740000000004">
    <ele>197.38000000000002</ele>
   </trkpt>
   <trkpt lat="54.20028000000001" lon="22.992050000000003">
    <ele>197.65</ele>
   </trkpt>
   <trkpt lat="54.200100000000006" lon="22.992420000000003">
    <ele>198.08</ele>
   </trkpt>
   <trkpt lat="54.19959000000001" lon="22.99301">
    <ele>201.12</ele>
   </trkpt>
   <trkpt lat="54.199360000000006" lon="22.993360000000003">
    <ele>202.68000000000004</ele>
   </trkpt>
   <trkpt lat="54.199160000000006" lon="22.993820000000003">
    <ele>205.16</ele>
   </trkpt>
   <trkpt lat="54.198910000000005" lon="22.99472">
    <ele>206.14000000000001</ele>
   </trkpt>
   <trkpt lat="54.19872" lon="22.995330000000003">
    <ele>205.16</ele>
   </trkpt>
   <trkpt lat="54.19863" lon="22.995540000000002">
    <ele>204.71</ele>
   </trkpt>
   <trkpt lat="54.198420000000006" lon="22.99594">
    <ele>203.55</ele>
   </trkpt>
   <trkpt lat="54.19818000000001" lon="22.99624">
    <ele>201.98000000000002</ele>
   </trkpt>
   <trkpt lat="54.198040000000006" lon="22.996360000000003">
    <ele>201.98000000000002</ele>
   </trkpt>
   <trkpt lat="54.197880000000005" lon="22.996470000000002">
    <ele>199.59</ele>
   </trkpt>
   <trkpt lat="54.19765" lon="22.99658">
    <ele>199.59</ele>
   </trkpt>
   <trkpt lat="54.19706500027296" lon="22.996775002721765">
    <ele>199.45000000000002</ele>
   </trkpt>
   <trkpt lat="54.19648" lon="22.99697">
    <ele>202.0</ele>
   </trkpt>
   <trkpt lat="54.19630000000001" lon="22.99706">
    <ele>203.63</ele>
   </trkpt>
   <trkpt lat="54.196110000000004" lon="22.997210000000003">
    <ele>204.12000000000003</ele>
   </trkpt>
   <trkpt lat="54.19592" lon="22.997390000000003">
    <ele>205.59000000000003</ele>
   </trkpt>
   <trkpt lat="54.195710000000005" lon="22.99764">
    <ele>206.0</ele>
   </trkpt>
   <trkpt lat="54.19509000000001" lon="22.998510000000003">
    <ele>205.65000000000003</ele>
   </trkpt>
   <trkpt lat="54.19474" lon="22.998920000000002">
    <ele>203.81</ele>
   </trkpt>
   <trkpt lat="54.19444000000001" lon="22.99922">
    <ele>202.3</ele>
   </trkpt>
   <trkpt lat="54.193945000726956" lon="22.999660005335866">
    <ele>200.85000000000002</ele>
   </trkpt>
   <trkpt lat="54.193450000000006" lon="23.000100000000003">
    <ele>201.14000000000001</ele>
   </trkpt>
   <trkpt lat="54.19319" lon="23.000310000000002">
    <ele>201.34</ele>
   </trkpt>
   <trkpt lat="54.19268500024822" lon="23.000630004020984">
    <ele>201.84</ele>
   </trkpt>
   <trkpt lat="54.19218000000001" lon="23.000950000000003">
    <ele>200.24000000000004</ele>
   </trkpt>
   <trkpt lat="54.19205" lon="23.00101">
    <ele>199.70000000000002</ele>
   </trkpt>
   <trkpt lat="54.19187" lon="23.001050000000003">
    <ele>199.51000000000002</ele>
   </trkpt>
   <trkpt lat="54.19118" lon="23.001030000000004">
    <ele>201.60000000000002</ele>
   </trkpt>
   <trkpt lat="54.19102" lon="23.001060000000003">
    <ele>202.15000000000003</ele>
   </trkpt>
   <trkpt lat="54.19089" lon="23.001160000000002">
    <ele>202.25</ele>
   </trkpt>
   <trkpt lat="54.1908" lon="23.00128">
    <ele>202.14000000000001</ele>
   </trkpt>
   <trkpt lat="54.19071" lon="23.001440000000002">
    <ele>201.95000000000002</ele>
   </trkpt>
   <trkpt lat="54.19032500351224" lon="23.00236500868868">
    <ele>200.77</ele>
   </trkpt>
   <trkpt lat="54.18994000000001" lon="23.003290000000003">
    <ele>200.78</ele>
   </trkpt>
   <trkpt lat="54.18981" lon="23.00353">
    <ele>201.12</ele>
   </trkpt>
   <trkpt lat="54.18920000000001" lon="23.00421">
    <ele>200.89000000000001</ele>
   </trkpt>
   <trkpt lat="54.189080000000004" lon="23.004410000000004">
    <ele>200.77</ele>
   </trkpt>
   <trkpt lat="54.188970000000005" lon="23.00468">
    <ele>200.5</ele>
   </trkpt>
   <trkpt lat="54.18865500354341" lon="23.00560500704691">
    <ele>201.69</ele>
   </trkpt>
   <trkpt lat="54.188340000000004" lon="23.00653">
    <ele>205.36</ele>
   </trkpt>
   <trkpt lat="54.18796500482562" lon="23.00760500963538">
    <ele>204.78</ele>
   </trkpt>
   <trkpt lat="54.18759000000001" lon="23.008680000000002">
    <ele>204.8</ele>
   </trkpt>
   <trkpt lat="54.18742" lon="23.009130000000003">
    <ele>204.52</ele>
   </trkpt>
   <trkpt lat="54.18728" lon="23.009610000000002">
    <ele>204.15000000000003</ele>
   </trkpt>
   <trkpt lat="54.186820000000004" lon="23.01085">
    <ele>202.65000000000003</ele>
   </trkpt>
   <trkpt lat="54.186640000000004" lon="23.01142">
    <ele>201.68000000000004</ele>
   </trkpt>
   <trkpt lat="54.1865" lon="23.01208">
    <ele>200.42000000000002</ele>
   </trkpt>
   <trkpt lat="54.18634668506263" lon="23.01357001096003">
    <ele>196.94</ele>
   </trkpt>
   <trkpt lat="54.18619335173867" lon="23.01506001086863">
    <ele>194.01000000000002</ele>
   </trkpt>
   <trkpt lat="54.186040000000006" lon="23.016550000000002">
    <ele>192.13000000000002</ele>
   </trkpt>
   <trkpt lat="54.18594500298485" lon="23.017395001691597">
    <ele>191.23000000000002</ele>
   </trkpt>
   <trkpt lat="54.18585" lon="23.018240000000002">
    <ele>192.55</ele>
   </trkpt>
   <trkpt lat="54.185735005497214" lon="23.019390002990647">
    <ele>195.18</ele>
   </trkpt>
   <trkpt lat="54.18562000000001" lon="23.02054">
    <ele>196.61</ele>
   </trkpt>
   <trkpt lat="54.185610000000004" lon="23.020880000000002">
    <ele>197.08</ele>
   </trkpt>
   <trkpt lat="54.18563" lon="23.02156">
    <ele>197.38000000000002</ele>
   </trkpt>
   <trkpt lat="54.18571000000001" lon="23.022190000000002">
    <ele>197.73000000000002</ele>
   </trkpt>
   <trkpt lat="54.185886676273746" lon="23.023266657506035">
    <ele>198.06</ele>
   </trkpt>
   <trkpt lat="54.18606334294715" lon="23.024343324213554">
    <ele>198.0</ele>
   </trkpt>
   <trkpt lat="54.186240000000005" lon="23.02542">
    <ele>198.58</ele>
   </trkpt>
   <trkpt lat="54.186530000000005" lon="23.026750000000003">
    <ele>200.69</ele>
   </trkpt>
   <trkpt lat="54.18652" lon="23.026750000000003">
    <ele>200.68</ele>
   </trkpt>
   <trkpt lat="54.186807521230236" lon="23.028057472691692">
    <ele>203.23000000000002</ele>
   </trkpt>
   <trkpt lat="54.187095028302714" lon="23.02936496356875">
    <ele>204.17000000000002</ele>
   </trkpt>
   <trkpt lat="54.187382521217074" lon="23.030672472630727">
    <ele>203.77</ele>
   </trkpt>
   <trkpt lat="54.187670000000004" lon="23.03198">
    <ele>204.34</ele>
   </trkpt>
   <trkpt lat="54.18714000000001" lon="23.03236">
    <ele>200.75</ele>
   </trkpt>
   <trkpt lat="54.186780000000006" lon="23.03253">
    <ele>198.08</ele>
   </trkpt>
   <trkpt lat="54.18645000000001" lon="23.032770000000003">
    <ele>194.89000000000001</ele>
   </trkpt>
   <trkpt lat="54.1863" lon="23.0329">
    <ele>193.73000000000002</ele>
   </trkpt>
   <trkpt lat="54.186020000000006" lon="23.033220000000004">
    <ele>190.96</ele>
   </trkpt>
   <trkpt lat="54.185590000000005" lon="23.03394">
    <ele>188.57000000000002</ele>
   </trkpt>
   <trkpt lat="54.185320000000004" lon="23.034260000000003">
    <ele>188.36</ele>
   </trkpt>
   <trkpt lat="54.18506000000001" lon="23.034480000000002">
    <ele>188.18</ele>
   </trkpt>
   <trkpt lat="54.18469" lon="23.034860000000002">
    <ele>188.37</ele>
   </trkpt>
   <trkpt lat="54.18430000000001" lon="23.03535">
    <ele>187.69000000000003</ele>
   </trkpt>
   <trkpt lat="54.18415" lon="23.03545">
    <ele>187.06</ele>
   </trkpt>
   <trkpt lat="54.184020000000004" lon="23.035480000000003">
    <ele>186.61</ele>
   </trkpt>
   <trkpt lat="54.183840000000004" lon="23.035480000000003">
    <ele>186.49</ele>
   </trkpt>
   <trkpt lat="54.18329000000001" lon="23.035330000000002">
    <ele>188.27</ele>
   </trkpt>
   <trkpt lat="54.18316000000001" lon="23.035310000000003">
    <ele>189.09</ele>
   </trkpt>
   <trkpt lat="54.182660000000006" lon="23.03536">
    <ele>190.71</ele>
   </trkpt>
   <trkpt lat="54.18245" lon="23.03534">
    <ele>191.85000000000002</ele>
   </trkpt>
   <trkpt lat="54.1817900004904" lon="23.03502499501021">
    <ele>193.08</ele>
   </trkpt>
   <trkpt lat="54.18113" lon="23.03471">
    <ele>192.0</ele>
   </trkpt>
   <trkpt lat="54.18029000000001" lon="23.034570000000002">
    <ele>190.92000000000002</ele>
   </trkpt>
   <trkpt lat="54.179880000000004" lon="23.03452">
    <ele>191.32000000000002</ele>
   </trkpt>
   <trkpt lat="54.17953000000001" lon="23.034660000000002">
    <ele>190.89</ele>
   </trkpt>
   <trkpt lat="54.179140000000004" lon="23.034840000000003">
    <ele>188.97000000000003</ele>
   </trkpt>
   <trkpt lat="54.17858000040501" lon="23.035185004725832">
    <ele>183.9</ele>
   </trkpt>
   <trkpt lat="54.178020000000004" lon="23.03553">
    <ele>181.91000000000003</ele>
   </trkpt>
   <trkpt lat="54.1775" lon="23.035890000000002">
    <ele>180.48</ele>
   </trkpt>
   <trkpt lat="54.17719" lon="23.036050000000003">
    <ele>179.74</ele>
   </trkpt>
   <trkpt lat="54.17691000000001" lon="23.036250000000003">
    <ele>179.43</ele>
   </trkpt>
   <trkpt lat="54.17672" lon="23.036430000000003">
    <ele>179.37</ele>
   </trkpt>
   <trkpt lat="54.1762" lon="23.037200000000002">
    <ele>182.7</ele>
   </trkpt>
   <trkpt lat="54.176120000000004" lon="23.037390000000002">
    <ele>182.6</ele>
   </trkpt>
   <trkpt lat="54.1759150020991" lon="23.03810000347958">
    <ele>179.44000000000003</ele>
   </trkpt>
   <trkpt lat="54.17571" lon="23.03881">
    <ele>178.6</ele>
   </trkpt>
   <trkpt lat="54.1753950018728" lon="23.039480005073532">
    <ele>179.96</ele>
   </trkpt>
   <trkpt lat="54.17508" lon="23.04015">
    <ele>184.62</ele>
   </trkpt>
   <trkpt lat="54.174690000000005" lon="23.040480000000002">
    <ele>184.86</ele>
   </trkpt>
   <trkpt lat="54.174440000000004" lon="23.04071">
    <ele>184.31</ele>
   </trkpt>
   <trkpt lat="54.17423" lon="23.040830000000003">
    <ele>184.05</ele>
   </trkpt>
   <trkpt lat="54.174080000000004" lon="23.040840000000003">
    <ele>183.55</ele>
   </trkpt>
   <trkpt lat="54.173880000000004" lon="23.04078">
    <ele>183.12</ele>
   </trkpt>
   <trkpt lat="54.17360000000001" lon="23.040660000000003">
    <ele>181.31000000000003</ele>
   </trkpt>
   <trkpt lat="54.173100000000005" lon="23.0404">
    <ele>179.39000000000001</ele>
   </trkpt>
   <trkpt lat="54.17295000000001" lon="23.04043">
    <ele>179.25000000000003</ele>
   </trkpt>
   <trkpt lat="54.172850000000004" lon="23.040550000000003">
    <ele>179.07</ele>
   </trkpt>
   <trkpt lat="54.17277000000001" lon="23.040730000000003">
    <ele>179.04</ele>
   </trkpt>
   <trkpt lat="54.17275000000001" lon="23.04099">
    <ele>179.65</ele>
   </trkpt>
   <trkpt lat="54.17262" lon="23.041430000000002">
    <ele>182.00000000000003</ele>
   </trkpt>
   <trkpt lat="54.172250003020054" lon="23.04227500741474">
    <ele>182.77</ele>
   </trkpt>
   <trkpt lat="54.17188" lon="23.043120000000002">
    <ele>180.49</ele>
   </trkpt>
   <trkpt lat="54.17148000406972" lon="23.04410500939803">
    <ele>181.21</ele>
   </trkpt>
   <trkpt lat="54.17108" lon="23.045090000000002">
    <ele>181.32</ele>
   </trkpt>
   <trkpt lat="54.17099" lon="23.045250000000003">
    <ele>181.42000000000002</ele>
   </trkpt>
   <trkpt lat="54.17085" lon="23.045460000000002">
    <ele>180.56000000000003</ele>
   </trkpt>
   <trkpt lat="54.170640000000006" lon="23.045710000000003">
    <ele>180.35</ele>
   </trkpt>
   <trkpt lat="54.17056" lon="23.04585">
    <ele>180.1</ele>
   </trkpt>
   <trkpt lat="54.170460000000006" lon="23.04632">
    <ele>179.71</ele>
   </trkpt>
   <trkpt lat="54.17022000000001" lon="23.04719">
    <ele>178.99</ele>
   </trkpt>
   <trkpt lat="54.16989500266867" lon="23.048000006484877">
    <ele>174.21</ele>
   </trkpt>
   <trkpt lat="54.16957000000001" lon="23.048810000000003">
    <ele>171.94</ele>
   </trkpt>
   <trkpt lat="54.169380000000004" lon="23.04924">
    <ele>171.53</ele>
   </trkpt>
   <trkpt lat="54.169270000000004" lon="23.049550000000004">
    <ele>171.51000000000002</ele>
   </trkpt>
   <trkpt lat="54.16903000000001" lon="23.050680000000003">
    <ele>177.14000000000001</ele>
   </trkpt>
   <trkpt lat="54.168710003697036" lon="23.051625007314424">
    <ele>176.0</ele>
   </trkpt>
   <trkpt lat="54.16839" lon="23.052570000000003">
    <ele>173.52</ele>
   </trkpt>
   <trkpt lat="54.168290000000006" lon="23.052750000000003">
    <ele>173.5</ele>
   </trkpt>
   <trkpt lat="54.16823" lon="23.05281">
    <ele>173.5</ele>
   </trkpt>
   <trkpt lat="54.16808500404841" lon="23.05181999645536">
    <ele>174.58</ele>
   </trkpt>
   <trkpt lat="54.16794" lon="23.05083">
    <ele>177.17000000000002</ele>
   </trkpt>
   <trkpt lat="54.167880000000004" lon="23.050600000000003">
    <ele>177.55</ele>
   </trkpt>
   <trkpt lat="54.16769000000001" lon="23.050050000000002">
    <ele>176.50000000000003</ele>
   </trkpt>
   <trkpt lat="54.167435002208464" lon="23.04933999595967">
    <ele>175.12000000000003</ele>
   </trkpt>
   <trkpt lat="54.16718" lon="23.048630000000003">
    <ele>172.98000000000002</ele>
   </trkpt>
   <trkpt lat="54.16702000000001" lon="23.04832">
    <ele>170.94</ele>
   </trkpt>
   <trkpt lat="54.16656000258233" lon="23.04752499109985">
    <ele>168.59</ele>
   </trkpt>
   <trkpt lat="54.16610000000001" lon="23.04673">
    <ele>173.14000000000001</ele>
   </trkpt>
   <trkpt lat="54.16573" lon="23.04585">
    <ele>178.1</ele>
   </trkpt>
   <trkpt lat="54.16528" lon="23.045240000000003">
    <ele>174.23000000000002</ele>
   </trkpt>
   <trkpt lat="54.16514" lon="23.04494">
    <ele>173.15000000000003</ele>
   </trkpt>
   <trkpt lat="54.165130000000005" lon="23.04494">
    <ele>173.14000000000001</ele>
   </trkpt>
   <trkpt lat="54.164930000000005" lon="23.04438">
    <ele>171.98000000000002</ele>
   </trkpt>
   <trkpt lat="54.164820000000006" lon="23.043960000000002">
    <ele>171.75</ele>
   </trkpt>
   <trkpt lat="54.164630003293475" lon="23.043074996166187">
    <ele>172.66</ele>
   </trkpt>
   <trkpt lat="54.164440000000006" lon="23.04219">
    <ele>174.08</ele>
   </trkpt>
   <trkpt lat="54.16423" lon="23.04146">
    <ele>175.37000000000003</ele>
   </trkpt>
   <trkpt lat="54.16382" lon="23.04022">
    <ele>176.49</ele>
   </trkpt>
   <trkpt lat="54.163360000000004" lon="23.038960000000003">
    <ele>171.25</ele>
   </trkpt>
   <trkpt lat="54.163070000000005" lon="23.03956">
    <ele>168.81</ele>
   </trkpt>
   <trkpt lat="54.162710000000004" lon="23.04004">
    <ele>170.23000000000002</ele>
   </trkpt>
   <trkpt lat="54.16237" lon="23.04061">
    <ele>169.94</ele>
   </trkpt>
   <trkpt lat="54.16185" lon="23.04099">
    <ele>172.39000000000001</ele>
   </trkpt>
   <trkpt lat="54.16132" lon="23.041480000000004">
    <ele>170.54000000000002</ele>
   </trkpt>
   <trkpt lat="54.16123" lon="23.041610000000002">
    <ele>169.84</ele>
   </trkpt>
   <trkpt lat="54.161170000000006" lon="23.041760000000004">
    <ele>169.84</ele>
   </trkpt>
   <trkpt lat="54.16109" lon="23.04213">
    <ele>168.65</ele>
   </trkpt>
   <trkpt lat="54.161100000000005" lon="23.04213">
    <ele>168.65</ele>
   </trkpt>
   <trkpt lat="54.161" lon="23.04257">
    <ele>167.5</ele>
   </trkpt>
   <trkpt lat="54.16087" lon="23.04296">
    <ele>165.09</ele>
   </trkpt>
   <trkpt lat="54.1608" lon="23.04313">
    <ele>163.70000000000002</ele>
   </trkpt>
   <trkpt lat="54.16058" lon="23.043560000000003">
    <ele>161.67000000000002</ele>
   </trkpt>
   <trkpt lat="54.16024" lon="23.044590000000003">
    <ele>163.29000000000002</ele>
   </trkpt>
   <trkpt lat="54.159760000000006" lon="23.044020000000003">
    <ele>162.95000000000002</ele>
   </trkpt>
   <trkpt lat="54.159600000000005" lon="23.04389">
    <ele>163.56</ele>
   </trkpt>
   <trkpt lat="54.159400000000005" lon="23.04378">
    <ele>164.38000000000002</ele>
   </trkpt>
   <trkpt lat="54.15921" lon="23.04371">
    <ele>164.63000000000002</ele>
   </trkpt>
   <trkpt lat="54.15901" lon="23.043670000000002">
    <ele>164.37</ele>
   </trkpt>
   <trkpt lat="54.15880000000001" lon="23.043670000000002">
    <ele>164.34</ele>
   </trkpt>
   <trkpt lat="54.158570000000005" lon="23.04372">
    <ele>164.5</ele>
   </trkpt>
   <trkpt lat="54.15833000000001" lon="23.0438">
    <ele>164.51000000000002</ele>
   </trkpt>
   <trkpt lat="54.15771" lon="23.044130000000003">
    <ele>164.75</ele>
   </trkpt>
   <trkpt lat="54.15728000000001" lon="23.04429">
    <ele>164.8</ele>
   </trkpt>
   <trkpt lat="54.157120000000006" lon="23.044330000000002">
    <ele>163.79000000000002</ele>
   </trkpt>
   <trkpt lat="54.15701000000001" lon="23.044320000000003">
    <ele>162.86</ele>
   </trkpt>
   <trkpt lat="54.15681000000001" lon="23.04427">
    <ele>161.78</ele>
   </trkpt>
   <trkpt lat="54.15664" lon="23.044150000000002">
    <ele>159.8</ele>
   </trkpt>
   <trkpt lat="54.156510000000004" lon="23.044020000000003">
    <ele>158.74</ele>
   </trkpt>
   <trkpt lat="54.15628" lon="23.043640000000003">
    <ele>159.04000000000002</ele>
   </trkpt>
   <trkpt lat="54.15621" lon="23.043480000000002">
    <ele>159.57999999999998</ele>
   </trkpt>
   <trkpt lat="54.156000000000006" lon="23.042170000000002">
    <ele>163.56</ele>
   </trkpt>
   <trkpt lat="54.15588" lon="23.04193">
    <ele>164.49</ele>
   </trkpt>
   <trkpt lat="54.155680000000004" lon="23.042170000000002">
    <ele>165.84</ele>
   </trkpt>
   <trkpt lat="54.15556" lon="23.042360000000002">
    <ele>166.06</ele>
   </trkpt>
   <trkpt lat="54.15541" lon="23.04268">
    <ele>165.62</ele>
   </trkpt>
   <trkpt lat="54.155170000000005" lon="23.04341">
    <ele>163.69</ele>
   </trkpt>
   <trkpt lat="54.15509" lon="23.043550000000003">
    <ele>163.64000000000001</ele>
   </trkpt>
   <trkpt lat="54.15475000000001" lon="23.043920000000004">
    <ele>164.88000000000002</ele>
   </trkpt>
   <trkpt lat="54.154540000000004" lon="23.044200000000004">
    <ele>165.4</ele>
   </trkpt>
   <trkpt lat="54.15426000000001" lon="23.04444">
    <ele>164.96</ele>
   </trkpt>
   <trkpt lat="54.154070000000004" lon="23.044510000000002">
    <ele>163.96</ele>
   </trkpt>
   <trkpt lat="54.15363000000001" lon="23.044680000000003">
    <ele>161.67000000000002</ele>
   </trkpt>
   <trkpt lat="54.1535" lon="23.044700000000002">
    <ele>161.67000000000002</ele>
   </trkpt>
   <trkpt lat="54.153380000000006" lon="23.044690000000003">
    <ele>160.92000000000002</ele>
   </trkpt>
   <trkpt lat="54.153240000000004" lon="23.044600000000003">
    <ele>160.4</ele>
   </trkpt>
   <trkpt lat="54.15306" lon="23.04444">
    <ele>159.85000000000002</ele>
   </trkpt>
   <trkpt lat="54.15292" lon="23.04426">
    <ele>159.49</ele>
   </trkpt>
   <trkpt lat="54.152750000000005" lon="23.04408">
    <ele>159.42000000000002</ele>
   </trkpt>
   <trkpt lat="54.152260000000005" lon="23.043740000000003">
    <ele>162.03</ele>
   </trkpt>
   <trkpt lat="54.15209" lon="23.043670000000002">
    <ele>162.78</ele>
   </trkpt>
   <trkpt lat="54.15194" lon="23.043640000000003">
    <ele>162.4</ele>
   </trkpt>
   <trkpt lat="54.151390000000006" lon="23.043640000000003">
    <ele>159.75</ele>
   </trkpt>
   <trkpt lat="54.15101000000001" lon="23.043660000000003">
    <ele>159.09</ele>
   </trkpt>
   <trkpt lat="54.15088000000001" lon="23.04371">
    <ele>159.13000000000002</ele>
   </trkpt>
   <trkpt lat="54.15041000000001" lon="23.0441">
    <ele>159.77</ele>
   </trkpt>
   <trkpt lat="54.149640000000005" lon="23.04482">
    <ele>160.54000000000002</ele>
   </trkpt>
   <trkpt lat="54.14894500187617" lon="23.04550501156592">
    <ele>161.07000000000002</ele>
   </trkpt>
   <trkpt lat="54.148250000000004" lon="23.046190000000003">
    <ele>160.21</ele>
   </trkpt>
   <trkpt lat="54.147980000000004" lon="23.046400000000002">
    <ele>162.99</ele>
   </trkpt>
   <trkpt lat="54.147780000000004" lon="23.046590000000002">
    <ele>167.89000000000001</ele>
   </trkpt>
   <trkpt lat="54.14752000000001" lon="23.04691">
    <ele>170.64000000000001</ele>
   </trkpt>
   <trkpt lat="54.146980000000006" lon="23.047780000000003">
    <ele>169.79000000000002</ele>
   </trkpt>
   <trkpt lat="54.14668" lon="23.048080000000002">
    <ele>167.17000000000002</ele>
   </trkpt>
   <trkpt lat="54.14652" lon="23.0482">
    <ele>166.27</ele>
   </trkpt>
   <trkpt lat="54.146170000000005" lon="23.048370000000002">
    <ele>164.67000000000002</ele>
   </trkpt>
   <trkpt lat="54.14596" lon="23.04839">
    <ele>164.62</ele>
   </trkpt>
   <trkpt lat="54.14547" lon="23.048450000000003">
    <ele>165.9</ele>
   </trkpt>
   <trkpt lat="54.14522" lon="23.048520000000003">
    <ele>165.51000000000002</ele>
   </trkpt>
   <trkpt lat="54.14509" lon="23.0486">
    <ele>165.13000000000002</ele>
   </trkpt>
   <trkpt lat="54.144870000000004" lon="23.04888">
    <ele>164.14000000000001</ele>
   </trkpt>
   <trkpt lat="54.144560000000006" lon="23.04944">
    <ele>162.84</ele>
   </trkpt>
   <trkpt lat="54.14413500202021" lon="23.05012500690778">
    <ele>162.63000000000002</ele>
   </trkpt>
   <trkpt lat="54.143710000000006" lon="23.050810000000002">
    <ele>162.79000000000002</ele>
   </trkpt>
   <trkpt lat="54.14363" lon="23.050910000000002">
    <ele>162.78</ele>
   </trkpt>
   <trkpt lat="54.14343" lon="23.051090000000002">
    <ele>163.07000000000002</ele>
   </trkpt>
   <trkpt lat="54.14265" lon="23.051640000000003">
    <ele>162.57000000000002</ele>
   </trkpt>
   <trkpt lat="54.141980000000004" lon="23.05217">
    <ele>163.74</ele>
   </trkpt>
   <trkpt lat="54.14154000031283" lon="23.05249000348102">
    <ele>164.10000000000002</ele>
   </trkpt>
   <trkpt lat="54.1411" lon="23.05281">
    <ele>164.55</ele>
   </trkpt>
   <trkpt lat="54.14097" lon="23.052930000000003">
    <ele>164.67000000000002</ele>
   </trkpt>
   <trkpt lat="54.14054" lon="23.05347">
    <ele>163.66</ele>
   </trkpt>
   <trkpt lat="54.14022000000001" lon="23.05373">
    <ele>161.39000000000001</ele>
   </trkpt>
   <trkpt lat="54.139950000000006" lon="23.05393">
    <ele>160.57000000000002</ele>
   </trkpt>
   <trkpt lat="54.13964000000001" lon="23.054160000000003">
    <ele>160.29000000000002</ele>
   </trkpt>
   <trkpt lat="54.13935000000001" lon="23.054450000000003">
    <ele>161.07999999999998</ele>
   </trkpt>
   <trkpt lat="54.139050000000005" lon="23.054910000000003">
    <ele>160.31</ele>
   </trkpt>
   <trkpt lat="54.1388" lon="23.055220000000002">
    <ele>158.89</ele>
   </trkpt>
   <trkpt lat="54.13868000000001" lon="23.05533">
    <ele>158.89</ele>
   </trkpt>
   <trkpt lat="54.13821500058314" lon="23.055670003741096">
    <ele>158.24</ele>
   </trkpt>
   <trkpt lat="54.137750000000004" lon="23.05601">
    <ele>159.07000000000002</ele>
   </trkpt>
   <trkpt lat="54.137020000740115" lon="23.056410007007635">
    <ele>154.32000000000002</ele>
   </trkpt>
   <trkpt lat="54.13629" lon="23.056810000000002">
    <ele>151.73</ele>
   </trkpt>
   <trkpt lat="54.13582" lon="23.057150000000004">
    <ele>152.31</ele>
   </trkpt>
   <trkpt lat="54.13544" lon="23.057340000000003">
    <ele>152.44000000000003</ele>
   </trkpt>
   <trkpt lat="54.13508" lon="23.05748">
    <ele>152.04</ele>
   </trkpt>
   <trkpt lat="54.13488" lon="23.0576">
    <ele>151.29</ele>
   </trkpt>
   <trkpt lat="54.13434500027016" lon="23.057840003085605">
    <ele>149.07</ele>
   </trkpt>
   <trkpt lat="54.133810000000004" lon="23.05808">
    <ele>147.65</ele>
   </trkpt>
   <trkpt lat="54.13330500047516" lon="23.05835000319898">
    <ele>146.52</ele>
   </trkpt>
   <trkpt lat="54.1328" lon="23.05862">
    <ele>146.32</ele>
   </trkpt>
   <trkpt lat="54.13228" lon="23.05883">
    <ele>146.20000000000002</ele>
   </trkpt>
   <trkpt lat="54.13197" lon="23.058970000000002">
    <ele>146.73</ele>
   </trkpt>
   <trkpt lat="54.131780000000006" lon="23.05901">
    <ele>147.33</ele>
   </trkpt>
   <trkpt lat="54.131510000000006" lon="23.059030000000003">
    <ele>148.68</ele>
   </trkpt>
   <trkpt lat="54.131310000000006" lon="23.0591">
    <ele>150.13000000000002</ele>
   </trkpt>
   <trkpt lat="54.131080000000004" lon="23.05929">
    <ele>151.29</ele>
   </trkpt>
   <trkpt lat="54.13049000345416" lon="23.06019501279564">
    <ele>149.54</ele>
   </trkpt>
   <trkpt lat="54.129900000000006" lon="23.061100000000003">
    <ele>151.61</ele>
   </trkpt>
   <trkpt lat="54.12970000000001" lon="23.061320000000002">
    <ele>151.27</ele>
   </trkpt>
   <trkpt lat="54.1296" lon="23.06136">
    <ele>151.07</ele>
   </trkpt>
   <trkpt lat="54.129380000000005" lon="23.061390000000003">
    <ele>150.43</ele>
   </trkpt>
   <trkpt lat="54.1291" lon="23.061510000000002">
    <ele>149.9</ele>
   </trkpt>
   <trkpt lat="54.12899" lon="23.06154">
    <ele>149.86</ele>
   </trkpt>
   <trkpt lat="54.12877" lon="23.06165">
    <ele>149.85</ele>
   </trkpt>
   <trkpt lat="54.12866" lon="23.06165">
    <ele>149.81</ele>
   </trkpt>
   <trkpt lat="54.1285" lon="23.061690000000002">
    <ele>149.57</ele>
   </trkpt>
   <trkpt lat="54.12816" lon="23.061690000000002">
    <ele>147.82</ele>
   </trkpt>
   <trkpt lat="54.127990000000004" lon="23.061760000000003">
    <ele>146.09000000000003</ele>
   </trkpt>
   <trkpt lat="54.12774" lon="23.062">
    <ele>144.49</ele>
   </trkpt>
   <trkpt lat="54.12735000000001" lon="23.062260000000002">
    <ele>145.15</ele>
   </trkpt>
   <trkpt lat="54.12709" lon="23.06239">
    <ele>146.1</ele>
   </trkpt>
   <trkpt lat="54.12688000000001" lon="23.062540000000002">
    <ele>148.28000000000003</ele>
   </trkpt>
   <trkpt lat="54.126650000000005" lon="23.062780000000004">
    <ele>149.44000000000003</ele>
   </trkpt>
   <trkpt lat="54.12619" lon="23.063570000000002">
    <ele>148.2</ele>
   </trkpt>
   <trkpt lat="54.126070000000006" lon="23.063660000000002">
    <ele>147.72000000000003</ele>
   </trkpt>
   <trkpt lat="54.125890000000005" lon="23.06369">
    <ele>146.97000000000003</ele>
   </trkpt>
   <trkpt lat="54.12572" lon="23.06377">
    <ele>146.74</ele>
   </trkpt>
   <trkpt lat="54.12557" lon="23.063910000000003">
    <ele>146.44</ele>
   </trkpt>
   <trkpt lat="54.12545000000001" lon="23.064120000000003">
    <ele>146.3</ele>
   </trkpt>
   <trkpt lat="54.12532" lon="23.06443">
    <ele>145.58</ele>
   </trkpt>
   <trkpt lat="54.12504500252443" lon="23.065225005549483">
    <ele>144.6</ele>
   </trkpt>
   <trkpt lat="54.124770000000005" lon="23.06602">
    <ele>145.02</ele>
   </trkpt>
   <trkpt lat="54.124480000000005" lon="23.065990000000003">
    <ele>144.87</ele>
   </trkpt>
   <trkpt lat="54.12393" lon="23.065690000000004">
    <ele>145.93</ele>
   </trkpt>
   <trkpt lat="54.12377000000001" lon="23.065710000000003">
    <ele>145.23000000000002</ele>
   </trkpt>
   <trkpt lat="54.12342" lon="23.066000000000003">
    <ele>144.37</ele>
   </trkpt>
   <trkpt lat="54.123270000000005" lon="23.066180000000003">
    <ele>144.46</ele>
   </trkpt>
   <trkpt lat="54.12274000000001" lon="23.06641">
    <ele>146.36</ele>
   </trkpt>
   <trkpt lat="54.12259" lon="23.066440000000004">
    <ele>146.47000000000003</ele>
   </trkpt>
   <trkpt lat="54.12259" lon="23.066450000000003">
    <ele>146.48</ele>
   </trkpt>
   <trkpt lat="54.12252" lon="23.066470000000002">
    <ele>146.48</ele>
   </trkpt>
   <trkpt lat="54.122220000000006" lon="23.066440000000004">
    <ele>147.00000000000003</ele>
   </trkpt>
   <trkpt lat="54.12200000000001" lon="23.066440000000004">
    <ele>147.48</ele>
   </trkpt>
   <trkpt lat="54.121500000000005" lon="23.0666">
    <ele>149.45</ele>
   </trkpt>
   <trkpt lat="54.12136" lon="23.06671">
    <ele>149.87</ele>
   </trkpt>
   <trkpt lat="54.1212" lon="23.0667">
    <ele>149.98</ele>
   </trkpt>
   <trkpt lat="54.121120000000005" lon="23.0666">
    <ele>150.16000000000003</ele>
   </trkpt>
   <trkpt lat="54.121010000000005" lon="23.066580000000002">
    <ele>150.50000000000003</ele>
   </trkpt>
   <trkpt lat="54.120920000000005" lon="23.06661">
    <ele>150.8</ele>
   </trkpt>
   <trkpt lat="54.12066" lon="23.0669">
    <ele>153.42</ele>
   </trkpt>
   <trkpt lat="54.120520000000006" lon="23.06698">
    <ele>153.97000000000003</ele>
   </trkpt>
   <trkpt lat="54.12028" lon="23.06697">
    <ele>154.99</ele>
   </trkpt>
   <trkpt lat="54.120050000000006" lon="23.066920000000003">
    <ele>155.24</ele>
   </trkpt>
   <trkpt lat="54.11949000092957" lon="23.066449993661355">
    <ele>154.84</ele>
   </trkpt>
   <trkpt lat="54.118930000000006" lon="23.065980000000003">
    <ele>155.37</ele>
   </trkpt>
   <trkpt lat="54.118640000000006" lon="23.06585">
    <ele>155.84</ele>
   </trkpt>
   <trkpt lat="54.11858" lon="23.065790000000003">
    <ele>155.84</ele>
   </trkpt>
   <trkpt lat="54.11831" lon="23.065350000000002">
    <ele>156.69000000000003</ele>
   </trkpt>
   <trkpt lat="54.11802" lon="23.06512">
    <ele>157.58</ele>
   </trkpt>
   <trkpt lat="54.117740000000005" lon="23.06501">
    <ele>159.62</ele>
   </trkpt>
   <trkpt lat="54.117520000000006" lon="23.06503">
    <ele>160.07999999999998</ele>
   </trkpt>
   <trkpt lat="54.117290000000004" lon="23.06511">
    <ele>159.9</ele>
   </trkpt>
   <trkpt lat="54.1169" lon="23.065330000000003">
    <ele>158.37</ele>
   </trkpt>
   <trkpt lat="54.116440000000004" lon="23.06555">
    <ele>157.16000000000003</ele>
   </trkpt>
   <trkpt lat="54.116440000000004" lon="23.06556">
    <ele>157.13000000000002</ele>
   </trkpt>
   <trkpt lat="54.116130000000005" lon="23.06568">
    <ele>156.28</ele>
   </trkpt>
   <trkpt lat="54.115590000000005" lon="23.065630000000002">
    <ele>153.92</ele>
   </trkpt>
   <trkpt lat="54.115190000000005" lon="23.065630000000002">
    <ele>151.91000000000003</ele>
   </trkpt>
   <trkpt lat="54.114360000000005" lon="23.065990000000003">
    <ele>150.09</ele>
   </trkpt>
   <trkpt lat="54.11392000000001" lon="23.065910000000002">
    <ele>149.57</ele>
   </trkpt>
   <trkpt lat="54.113220000000005" lon="23.065710000000003">
    <ele>149.18</ele>
   </trkpt>
   <trkpt lat="54.113060000000004" lon="23.065600000000003">
    <ele>148.94000000000003</ele>
   </trkpt>
   <trkpt lat="54.11253000000001" lon="23.064690000000002">
    <ele>148.91000000000003</ele>
   </trkpt>
   <trkpt lat="54.11215000000001" lon="23.06418">
    <ele>149.74</ele>
   </trkpt>
   <trkpt lat="54.111830000000005" lon="23.063640000000003">
    <ele>149.9</ele>
   </trkpt>
   <trkpt lat="54.11162" lon="23.06295">
    <ele>149.71</ele>
   </trkpt>
   <trkpt lat="54.11151" lon="23.062720000000002">
    <ele>150.41000000000003</ele>
   </trkpt>
   <trkpt lat="54.111270000000005" lon="23.062310000000004">
    <ele>151.81</ele>
   </trkpt>
   <trkpt lat="54.1110000014373" lon="23.06169499569808">
    <ele>152.36</ele>
   </trkpt>
   <trkpt lat="54.110730000000004" lon="23.06108">
    <ele>149.44000000000003</ele>
   </trkpt>
   <trkpt lat="54.110730000000004" lon="23.06107">
    <ele>149.36</ele>
   </trkpt>
   <trkpt lat="54.11036000000001" lon="23.06042">
    <ele>143.56000000000003</ele>
   </trkpt>
   <trkpt lat="54.110170000000004" lon="23.059910000000002">
    <ele>141.68</ele>
   </trkpt>
   <trkpt lat="54.11009000000001" lon="23.059590000000004">
    <ele>141.76000000000002</ele>
   </trkpt>
   <trkpt lat="54.109770000000005" lon="23.05938">
    <ele>141.36</ele>
   </trkpt>
   <trkpt lat="54.10960000000001" lon="23.05918">
    <ele>141.8</ele>
   </trkpt>
   <trkpt lat="54.109370000000006" lon="23.05909">
    <ele>141.98000000000002</ele>
   </trkpt>
   <trkpt lat="54.10929" lon="23.05902">
    <ele>141.84000000000003</ele>
   </trkpt>
   <trkpt lat="54.10924000000001" lon="23.05892">
    <ele>141.78</ele>
   </trkpt>
   <trkpt lat="54.10922000000001" lon="23.0588">
    <ele>141.78</ele>
   </trkpt>
   <trkpt lat="54.10929" lon="23.05842">
    <ele>141.96</ele>
   </trkpt>
   <trkpt lat="54.109300000000005" lon="23.058200000000003">
    <ele>141.94</ele>
   </trkpt>
   <trkpt lat="54.109280000000005" lon="23.057940000000002">
    <ele>141.82</ele>
   </trkpt>
   <trkpt lat="54.10924000000001" lon="23.05769">
    <ele>141.82</ele>
   </trkpt>
   <trkpt lat="54.10916" lon="23.05748">
    <ele>141.86</ele>
   </trkpt>
   <trkpt lat="54.10905" lon="23.057270000000003">
    <ele>141.95000000000002</ele>
   </trkpt>
   <trkpt lat="54.108790000000006" lon="23.056890000000003">
    <ele>142.63</ele>
   </trkpt>
   <trkpt lat="54.108740000000004" lon="23.05675">
    <ele>142.63</ele>
   </trkpt>
   <trkpt lat="54.10866000000001" lon="23.056250000000002">
    <ele>143.68</ele>
   </trkpt>
   <trkpt lat="54.108610000000006" lon="23.056140000000003">
    <ele>144.18</ele>
   </trkpt>
   <trkpt lat="54.108560000000004" lon="23.05608">
    <ele>144.46</ele>
   </trkpt>
   <trkpt lat="54.108270000000005" lon="23.055950000000003">
    <ele>146.38</ele>
   </trkpt>
   <trkpt lat="54.10806" lon="23.05581">
    <ele>148.01</ele>
   </trkpt>
   <trkpt lat="54.10779" lon="23.05555">
    <ele>148.79</ele>
   </trkpt>
   <trkpt lat="54.10756000000001" lon="23.055490000000002">
    <ele>149.11</ele>
   </trkpt>
   <trkpt lat="54.107440000000004" lon="23.055180000000004">
    <ele>149.7</ele>
   </trkpt>
   <trkpt lat="54.10732" lon="23.055020000000003">
    <ele>150.15</ele>
   </trkpt>
   <trkpt lat="54.10714" lon="23.05487">
    <ele>150.75000000000003</ele>
   </trkpt>
   <trkpt lat="54.10667" lon="23.054570000000002">
    <ele>154.50000000000003</ele>
   </trkpt>
   <trkpt lat="54.10631000000001" lon="23.05414">
    <ele>156.12</ele>
   </trkpt>
   <trkpt lat="54.10631000000001" lon="23.05413">
    <ele>156.13000000000002</ele>
   </trkpt>
   <trkpt lat="54.106170000000006" lon="23.053970000000003">
    <ele>156.85000000000002</ele>
   </trkpt>
   <trkpt lat="54.106100000000005" lon="23.05383">
    <ele>158.05</ele>
   </trkpt>
   <trkpt lat="54.10602" lon="23.053490000000004">
    <ele>158.68</ele>
   </trkpt>
   <trkpt lat="54.10602" lon="23.053040000000003">
    <ele>158.97</ele>
   </trkpt>
   <trkpt lat="54.10591" lon="23.052460000000004">
    <ele>160.77</ele>
   </trkpt>
   <trkpt lat="54.105520000000006" lon="23.051920000000003">
    <ele>163.64000000000001</ele>
   </trkpt>
   <trkpt lat="54.105230000000006" lon="23.05168">
    <ele>163.66</ele>
   </trkpt>
   <trkpt lat="54.105070000000005" lon="23.051450000000003">
    <ele>163.02</ele>
   </trkpt>
   <trkpt lat="54.10497" lon="23.05122">
    <ele>162.45000000000002</ele>
   </trkpt>
   <trkpt lat="54.10490000000001" lon="23.050980000000003">
    <ele>161.56</ele>
   </trkpt>
   <trkpt lat="54.10488" lon="23.050700000000003">
    <ele>160.81</ele>
   </trkpt>
   <trkpt lat="54.10434000000001" lon="23.0516">
    <ele>161.09</ele>
   </trkpt>
   <trkpt lat="54.10418000000001" lon="23.051910000000003">
    <ele>159.16000000000003</ele>
   </trkpt>
   <trkpt lat="54.10403" lon="23.05224">
    <ele>156.96</ele>
   </trkpt>
   <trkpt lat="54.1039" lon="23.05264">
    <ele>154.22000000000003</ele>
   </trkpt>
   <trkpt lat="54.103820000000006" lon="23.05279">
    <ele>153.57000000000002</ele>
   </trkpt>
   <trkpt lat="54.10365" lon="23.052970000000002">
    <ele>152.67</ele>
   </trkpt>
   <trkpt lat="54.10354" lon="23.05317">
    <ele>152.34</ele>
   </trkpt>
   <trkpt lat="54.10345" lon="23.053420000000003">
    <ele>151.49</ele>
   </trkpt>
   <trkpt lat="54.103370000000005" lon="23.05356">
    <ele>151.55</ele>
   </trkpt>
   <trkpt lat="54.10305" lon="23.053910000000002">
    <ele>151.05</ele>
   </trkpt>
   <trkpt lat="54.10291" lon="23.054240000000004">
    <ele>149.59</ele>
   </trkpt>
   <trkpt lat="54.10282" lon="23.054560000000002">
    <ele>147.23</ele>
   </trkpt>
   <trkpt lat="54.102720000000005" lon="23.054820000000003">
    <ele>145.93</ele>
   </trkpt>
   <trkpt lat="54.10222" lon="23.05573">
    <ele>146.94000000000003</ele>
   </trkpt>
   <trkpt lat="54.102000000000004" lon="23.056060000000002">
    <ele>148.24</ele>
   </trkpt>
   <trkpt lat="54.101690000000005" lon="23.05648">
    <ele>147.9</ele>
   </trkpt>
   <trkpt lat="54.10132" lon="23.05686">
    <ele>147.43</ele>
   </trkpt>
   <trkpt lat="54.100550000000005" lon="23.057340000000003">
    <ele>149.52</ele>
   </trkpt>
   <trkpt lat="54.100300000000004" lon="23.057350000000003">
    <ele>150.76</ele>
   </trkpt>
   <trkpt lat="54.09951" lon="23.05751">
    <ele>150.99</ele>
   </trkpt>
   <trkpt lat="54.099380000000004" lon="23.057570000000002">
    <ele>150.61</ele>
   </trkpt>
   <trkpt lat="54.09924" lon="23.05768">
    <ele>149.3</ele>
   </trkpt>
   <trkpt lat="54.098980000000005" lon="23.058010000000003">
    <ele>148.4</ele>
   </trkpt>
   <trkpt lat="54.09853500085705" lon="23.05842500431892">
    <ele>148.19000000000003</ele>
   </trkpt>
   <trkpt lat="54.098090000000006" lon="23.058840000000004">
    <ele>146.39000000000001</ele>
   </trkpt>
   <trkpt lat="54.098000000000006" lon="23.058980000000002">
    <ele>146.3</ele>
   </trkpt>
   <trkpt lat="54.097930000000005" lon="23.05919">
    <ele>146.41</ele>
   </trkpt>
   <trkpt lat="54.09787000000001" lon="23.05975">
    <ele>147.72000000000003</ele>
   </trkpt>
   <trkpt lat="54.097820000000006" lon="23.060000000000002">
    <ele>147.70000000000002</ele>
   </trkpt>
   <trkpt lat="54.097730000000006" lon="23.060250000000003">
    <ele>146.24</ele>
   </trkpt>
   <trkpt lat="54.097550000000005" lon="23.060650000000003">
    <ele>143.70000000000002</ele>
   </trkpt>
   <trkpt lat="54.09732" lon="23.06105">
    <ele>141.91</ele>
   </trkpt>
   <trkpt lat="54.097060000000006" lon="23.061510000000002">
    <ele>139.95000000000002</ele>
   </trkpt>
   <trkpt lat="54.09684000000001" lon="23.0624">
    <ele>138.66</ele>
   </trkpt>
   <trkpt lat="54.0966" lon="23.063840000000003">
    <ele>138.74</ele>
   </trkpt>
   <trkpt lat="54.09649" lon="23.064980000000002">
    <ele>138.83</ele>
   </trkpt>
   <trkpt lat="54.096430000000005" lon="23.0653">
    <ele>138.82</ele>
   </trkpt>
   <trkpt lat="54.096180000000004" lon="23.06643">
    <ele>137.37</ele>
   </trkpt>
   <trkpt lat="54.096070000000005" lon="23.066760000000002">
    <ele>137.13</ele>
   </trkpt>
   <trkpt lat="54.095940000000006" lon="23.06706">
    <ele>136.86</ele>
   </trkpt>
   <trkpt lat="54.095620000000004" lon="23.067500000000003">
    <ele>136.58</ele>
   </trkpt>
   <trkpt lat="54.095380000000006" lon="23.067760000000003">
    <ele>137.01000000000002</ele>
   </trkpt>
   <trkpt lat="54.095040000000004" lon="23.068170000000002">
    <ele>138.54000000000002</ele>
   </trkpt>
   <trkpt lat="54.0949" lon="23.068450000000002">
    <ele>138.87</ele>
   </trkpt>
   <trkpt lat="54.09483" lon="23.068740000000002">
    <ele>138.81</ele>
   </trkpt>
   <trkpt lat="54.094770000000004" lon="23.069190000000003">
    <ele>138.61</ele>
   </trkpt>
   <trkpt lat="54.09472" lon="23.07028">
    <ele>138.58</ele>
   </trkpt>
   <trkpt lat="54.09467000000001" lon="23.070790000000002">
    <ele>138.44</ele>
   </trkpt>
   <trkpt lat="54.09454" lon="23.071340000000003">
    <ele>138.71</ele>
   </trkpt>
   <trkpt lat="54.09443" lon="23.07169">
    <ele>138.93</ele>
   </trkpt>
   <trkpt lat="54.09418" lon="23.07235">
    <ele>138.23000000000002</ele>
   </trkpt>
   <trkpt lat="54.09395000000001" lon="23.0727">
    <ele>138.1</ele>
   </trkpt>
   <trkpt lat="54.093740000000004" lon="23.072920000000003">
    <ele>138.52</ele>
   </trkpt>
   <trkpt lat="54.09364000000001" lon="23.07299">
    <ele>138.79000000000002</ele>
   </trkpt>
   <trkpt lat="54.093540000000004" lon="23.073020000000003">
    <ele>139.84</ele>
   </trkpt>
   <trkpt lat="54.09335" lon="23.072950000000002">
    <ele>140.26000000000002</ele>
   </trkpt>
   <trkpt lat="54.092600000000004" lon="23.07251">
    <ele>145.09000000000003</ele>
   </trkpt>
   <trkpt lat="54.09245000000001" lon="23.07244">
    <ele>149.65</ele>
   </trkpt>
   <trkpt lat="54.092240000000004" lon="23.07241">
    <ele>151.61</ele>
   </trkpt>
   <trkpt lat="54.09208" lon="23.07243">
    <ele>152.58</ele>
   </trkpt>
   <trkpt lat="54.09208" lon="23.07244">
    <ele>152.63000000000002</ele>
   </trkpt>
   <trkpt lat="54.09188" lon="23.072480000000002">
    <ele>153.64</ele>
   </trkpt>
   <trkpt lat="54.0917" lon="23.072490000000002">
    <ele>154.7</ele>
   </trkpt>
   <trkpt lat="54.09113000000001" lon="23.07242">
    <ele>158.16000000000003</ele>
   </trkpt>
   <trkpt lat="54.09091" lon="23.07241">
    <ele>158.85999999999999</ele>
   </trkpt>
   <trkpt lat="54.09042000008344" lon="23.07243500029113">
    <ele>159.18</ele>
   </trkpt>
   <trkpt lat="54.08993" lon="23.072460000000003">
    <ele>160.10999999999999</ele>
   </trkpt>
   <trkpt lat="54.08943000000001" lon="23.072460000000003">
    <ele>163.81</ele>
   </trkpt>
   <trkpt lat="54.08859" lon="23.07235">
    <ele>164.68</ele>
   </trkpt>
   <trkpt lat="54.0877150000077" lon="23.072344999894607">
    <ele>165.15</ele>
   </trkpt>
   <trkpt lat="54.08684" lon="23.07234">
    <ele>161.97</ele>
   </trkpt>
   <trkpt lat="54.08644" lon="23.072270000000003">
    <ele>160.59</ele>
   </trkpt>
   <trkpt lat="54.0861" lon="23.072270000000003">
    <ele>161.14000000000001</ele>
   </trkpt>
   <trkpt lat="54.085530000000006" lon="23.072270000000003">
    <ele>164.31</ele>
   </trkpt>
   <trkpt lat="54.08531000000001" lon="23.072290000000002">
    <ele>165.10000000000002</ele>
   </trkpt>
   <trkpt lat="54.08452999995031" lon="23.072300000188605">
    <ele>166.9</ele>
   </trkpt>
   <trkpt lat="54.08375" lon="23.07231">
    <ele>161.81</ele>
   </trkpt>
   <trkpt lat="54.08315" lon="23.072270000000003">
    <ele>155.5</ele>
   </trkpt>
   <trkpt lat="54.08245" lon="23.072300000000002">
    <ele>146.27</ele>
   </trkpt>
   <trkpt lat="54.081920000000004" lon="23.072300000000002">
    <ele>142.63</ele>
   </trkpt>
   <trkpt lat="54.08191000000001" lon="23.072300000000002">
    <ele>142.62000000000003</ele>
   </trkpt>
   <trkpt lat="54.081390000000006" lon="23.072190000000003">
    <ele>140.79</ele>
   </trkpt>
   <trkpt lat="54.08099000000001" lon="23.07203">
    <ele>141.34000000000003</ele>
   </trkpt>
   <trkpt lat="54.08062" lon="23.07196">
    <ele>142.03</ele>
   </trkpt>
   <trkpt lat="54.080420000000004" lon="23.07195">
    <ele>143.18</ele>
   </trkpt>
   <trkpt lat="54.08028" lon="23.072010000000002">
    <ele>143.76</ele>
   </trkpt>
   <trkpt lat="54.08048500255455" lon="23.072794996121676">
    <ele>143.25</ele>
   </trkpt>
   <trkpt lat="54.080690000000004" lon="23.073580000000003">
    <ele>143.02</ele>
   </trkpt>
   <trkpt lat="54.08066" lon="23.07347">
    <ele>143.08</ele>
   </trkpt>
   <trkpt lat="54.080940000000005" lon="23.074510000000004">
    <ele>142.43</ele>
   </trkpt>
   <trkpt lat="54.081140000000005" lon="23.075200000000002">
    <ele>141.53</ele>
   </trkpt>
   <trkpt lat="54.08109" lon="23.07525">
    <ele>141.65</ele>
   </trkpt>
   <trkpt lat="54.08111" lon="23.07533">
    <ele>141.65</ele>
   </trkpt>
   <trkpt lat="54.081100000000006" lon="23.07542">
    <ele>141.54</ele>
   </trkpt>
   <trkpt lat="54.08106000000001" lon="23.07553">
    <ele>141.54</ele>
   </trkpt>
   <trkpt lat="54.08109" lon="23.07563">
    <ele>141.37000000000003</ele>
   </trkpt>
   <trkpt lat="54.080850000000005" lon="23.07569">
    <ele>141.23000000000002</ele>
   </trkpt>
   <trkpt lat="54.08039500016378" lon="23.07568499994699">
    <ele>141.05</ele>
   </trkpt>
   <trkpt lat="54.07994000000001" lon="23.075680000000002">
    <ele>140.73000000000002</ele>
   </trkpt>
   <trkpt lat="54.07918" lon="23.07572">
    <ele>140.58</ele>
   </trkpt>
   <trkpt lat="54.07876" lon="23.07572">
    <ele>139.97</ele>
   </trkpt>
   <trkpt lat="54.078050000000005" lon="23.075740000000003">
    <ele>139.17000000000002</ele>
   </trkpt>
   <trkpt lat="54.07804" lon="23.075740000000003">
    <ele>139.16</ele>
   </trkpt>
   <trkpt lat="54.07791" lon="23.075730000000004">
    <ele>138.99</ele>
   </trkpt>
   <trkpt lat="54.07743499993528" lon="23.07562999883333">
    <ele>138.67000000000002</ele>
   </trkpt>
   <trkpt lat="54.07696000000001" lon="23.07553">
    <ele>138.46</ele>
   </trkpt>
   <trkpt lat="54.07614" lon="23.075400000000002">
    <ele>138.44</ele>
   </trkpt>
   <trkpt lat="54.07612" lon="23.075000000000003">
    <ele>138.90000000000003</ele>
   </trkpt>
   <trkpt lat="54.07600500270112" lon="23.074194997870023">
    <ele>139.29000000000002</ele>
   </trkpt>
   <trkpt lat="54.07589" lon="23.073390000000003">
    <ele>138.99</ele>
   </trkpt>
   <trkpt lat="54.075880000000005" lon="23.07297">
    <ele>138.92000000000002</ele>
   </trkpt>
   <trkpt lat="54.075890009913294" lon="23.071876667107464">
    <ele>138.87</ele>
   </trkpt>
   <trkpt lat="54.07590000991408" lon="23.07078333368791">
    <ele>138.84</ele>
   </trkpt>
   <trkpt lat="54.07591000000001" lon="23.06969">
    <ele>139.69</ele>
   </trkpt>
   <trkpt lat="54.07594" lon="23.068320000000003">
    <ele>142.13</ele>
   </trkpt>
   <trkpt lat="54.075940003781426" lon="23.06736500003631">
    <ele>141.05</ele>
   </trkpt>
   <trkpt lat="54.07594" lon="23.06641">
    <ele>139.87000000000003</ele>
   </trkpt>
   <trkpt lat="54.07600000000001" lon="23.065970000000004">
    <ele>138.93</ele>
   </trkpt>
   <trkpt lat="54.076240005375965" lon="23.0648300066498">
    <ele>137.13</ele>
   </trkpt>
   <trkpt lat="54.076480000000004" lon="23.06369">
    <ele>137.56</ele>
   </trkpt>
   <trkpt lat="54.076510000000006" lon="23.06332">
    <ele>137.11</ele>
   </trkpt>
   <trkpt lat="54.0765" lon="23.06255">
    <ele>135.19</ele>
   </trkpt>
   <trkpt lat="54.076520002584076" lon="23.06176000051989">
    <ele>134.78</ele>
   </trkpt>
   <trkpt lat="54.07654" lon="23.06097">
    <ele>134.87</ele>
   </trkpt>
   <trkpt lat="54.076530000000005" lon="23.0607">
    <ele>134.36</ele>
   </trkpt>
   <trkpt lat="54.07645" lon="23.06002">
    <ele>133.12</ele>
   </trkpt>
   <trkpt lat="54.07623" lon="23.058750000000003">
    <ele>132.91</ele>
   </trkpt>
   <trkpt lat="54.07602000221968" lon="23.058019996342452">
    <ele>134.48000000000002</ele>
   </trkpt>
   <trkpt lat="54.075810000000004" lon="23.057290000000002">
    <ele>138.98000000000002</ele>
   </trkpt>
   <trkpt lat="54.07573000000001" lon="23.05696">
    <ele>140.67000000000002</ele>
   </trkpt>
   <trkpt lat="54.07553000478023" lon="23.055889995022753">
    <ele>139.83</ele>
   </trkpt>
   <trkpt lat="54.07533" lon="23.054820000000003">
    <ele>138.05</ele>
   </trkpt>
   <trkpt lat="54.075" lon="23.053590000000003">
    <ele>138.19</ele>
   </trkpt>
   <trkpt lat="54.075" lon="23.05358">
    <ele>138.18000000000004</ele>
   </trkpt>
   <trkpt lat="54.074830000000006" lon="23.05281">
    <ele>137.88</ele>
   </trkpt>
   <trkpt lat="54.074685003653514" lon="23.05186999665122">
    <ele>138.77</ele>
   </trkpt>
   <trkpt lat="54.074540000000006" lon="23.05093">
    <ele>140.56</ele>
   </trkpt>
   <trkpt lat="54.07446500328141" lon="23.050039998358454">
    <ele>142.62000000000003</ele>
   </trkpt>
   <trkpt lat="54.07439" lon="23.04915">
    <ele>142.61</ele>
   </trkpt>
   <trkpt lat="54.07426" lon="23.04858">
    <ele>142.33</ele>
   </trkpt>
   <trkpt lat="54.07426" lon="23.048430000000003">
    <ele>142.39000000000001</ele>
   </trkpt>
   <trkpt lat="54.07405000000001" lon="23.048440000000003">
    <ele>142.18</ele>
   </trkpt>
   <trkpt lat="54.07321666726454" lon="23.048159988741844">
    <ele>140.94</ele>
   </trkpt>
   <trkpt lat="54.072383333878875" lon="23.04787998872454">
    <ele>140.02</ele>
   </trkpt>
   <trkpt lat="54.07155" lon="23.047600000000003">
    <ele>138.84</ele>
   </trkpt>
   <trkpt lat="54.07155" lon="23.047590000000003">
    <ele>138.83</ele>
   </trkpt>
   <trkpt lat="54.07078500019738" lon="23.04734499546939">
    <ele>138.29000000000002</ele>
   </trkpt>
   <trkpt lat="54.07002000000001" lon="23.0471">
    <ele>139.11</ele>
   </trkpt>
   <trkpt lat="54.06985" lon="23.04708">
    <ele>139.11</ele>
   </trkpt>
   <trkpt lat="54.06965" lon="23.047150000000002">
    <ele>138.99</ele>
   </trkpt>
   <trkpt lat="54.06946000000001" lon="23.04726">
    <ele>138.47</ele>
   </trkpt>
   <trkpt lat="54.068910001106126" lon="23.047770006729753">
    <ele>138.21</ele>
   </trkpt>
   <trkpt lat="54.068360000000006" lon="23.048280000000002">
    <ele>138.84</ele>
   </trkpt>
   <trkpt lat="54.068180000000005" lon="23.04851">
    <ele>139.20000000000002</ele>
   </trkpt>
   <trkpt lat="54.06812000000001" lon="23.04866">
    <ele>139.38</ele>
   </trkpt>
   <trkpt lat="54.06803000000001" lon="23.049100000000003">
    <ele>140.16</ele>
   </trkpt>
   <trkpt lat="54.06797" lon="23.049570000000003">
    <ele>140.56</ele>
   </trkpt>
   <trkpt lat="54.067930000000004" lon="23.049560000000003">
    <ele>140.56</ele>
   </trkpt>
   <trkpt lat="54.06749000000001" lon="23.04989">
    <ele>140.83</ele>
   </trkpt>
   <trkpt lat="54.067150000000005" lon="23.05027">
    <ele>138.47</ele>
   </trkpt>
   <trkpt lat="54.06701" lon="23.05037">
    <ele>138.11</ele>
   </trkpt>
   <trkpt lat="54.06689000000001" lon="23.05039">
    <ele>137.95000000000002</ele>
   </trkpt>
   <trkpt lat="54.06674" lon="23.05038">
    <ele>137.71</ele>
   </trkpt>
   <trkpt lat="54.066500000000005" lon="23.050330000000002">
    <ele>137.66</ele>
   </trkpt>
   <trkpt lat="54.06606000000001" lon="23.05019">
    <ele>138.54000000000002</ele>
   </trkpt>
   <trkpt lat="54.066050000000004" lon="23.05019">
    <ele>138.55</ele>
   </trkpt>
   <trkpt lat="54.065810000000006" lon="23.05009">
    <ele>139.70000000000002</ele>
   </trkpt>
   <trkpt lat="54.06526" lon="23.049740000000003">
    <ele>139.38</ele>
   </trkpt>
   <trkpt lat="54.06515" lon="23.04973">
    <ele>139.19</ele>
   </trkpt>
   <trkpt lat="54.06497" lon="23.04979">
    <ele>139.35</ele>
   </trkpt>
   <trkpt lat="54.06466" lon="23.049950000000003">
    <ele>140.79</ele>
   </trkpt>
   <trkpt lat="54.0645" lon="23.05017">
    <ele>142.56000000000003</ele>
   </trkpt>
   <trkpt lat="54.064330000000005" lon="23.050340000000002">
    <ele>143.11</ele>
   </trkpt>
   <trkpt lat="54.064170000000004" lon="23.050430000000002">
    <ele>143.6</ele>
   </trkpt>
   <trkpt lat="54.064040000000006" lon="23.050600000000003">
    <ele>144.12</ele>
   </trkpt>
   <trkpt lat="54.063970000000005" lon="23.05086">
    <ele>144.71</ele>
   </trkpt>
   <trkpt lat="54.06373000000001" lon="23.0514">
    <ele>147.09</ele>
   </trkpt>
   <trkpt lat="54.06335000000001" lon="23.05214">
    <ele>149.27</ele>
   </trkpt>
   <trkpt lat="54.063100000000006" lon="23.05243">
    <ele>152.73</ele>
   </trkpt>
   <trkpt lat="54.06302" lon="23.05264">
    <ele>153.24</ele>
   </trkpt>
   <trkpt lat="54.06295000000001" lon="23.05289">
    <ele>155.92</ele>
   </trkpt>
   <trkpt lat="54.062870000000004" lon="23.053050000000002">
    <ele>156.83</ele>
   </trkpt>
   <trkpt lat="54.06275" lon="23.053140000000003">
    <ele>158.4</ele>
   </trkpt>
   <trkpt lat="54.06264" lon="23.053350000000002">
    <ele>159.28</ele>
   </trkpt>
   <trkpt lat="54.062450000000005" lon="23.054080000000003">
    <ele>157.82000000000002</ele>
   </trkpt>
   <trkpt lat="54.06235" lon="23.054380000000002">
    <ele>157.58</ele>
   </trkpt>
   <trkpt lat="54.062180000000005" lon="23.054640000000003">
    <ele>158.42000000000002</ele>
   </trkpt>
   <trkpt lat="54.06204" lon="23.05477">
    <ele>160.54000000000002</ele>
   </trkpt>
   <trkpt lat="54.06185000000001" lon="23.054840000000002">
    <ele>161.52</ele>
   </trkpt>
   <trkpt lat="54.06168" lon="23.05486">
    <ele>162.0</ele>
   </trkpt>
   <trkpt lat="54.061530000000005" lon="23.055090000000003">
    <ele>162.29000000000002</ele>
   </trkpt>
   <trkpt lat="54.061370000000004" lon="23.055290000000003">
    <ele>162.87</ele>
   </trkpt>
   <trkpt lat="54.06123" lon="23.055650000000004">
    <ele>162.70000000000002</ele>
   </trkpt>
   <trkpt lat="54.06103" lon="23.055870000000002">
    <ele>162.28</ele>
   </trkpt>
   <trkpt lat="54.06092" lon="23.05608">
    <ele>162.49</ele>
   </trkpt>
   <trkpt lat="54.06078" lon="23.056880000000003">
    <ele>161.38000000000002</ele>
   </trkpt>
   <trkpt lat="54.060590000000005" lon="23.057360000000003">
    <ele>158.57000000000002</ele>
   </trkpt>
   <trkpt lat="54.06033000000001" lon="23.05874">
    <ele>155.9</ele>
   </trkpt>
   <trkpt lat="54.06029" lon="23.058980000000002">
    <ele>154.36</ele>
   </trkpt>
   <trkpt lat="54.060340000000004" lon="23.05956">
    <ele>153.33</ele>
   </trkpt>
   <trkpt lat="54.06029" lon="23.060080000000003">
    <ele>154.63000000000002</ele>
   </trkpt>
   <trkpt lat="54.060320000000004" lon="23.06079">
    <ele>156.19000000000003</ele>
   </trkpt>
   <trkpt lat="54.06031" lon="23.06108">
    <ele>157.12</ele>
   </trkpt>
   <trkpt lat="54.060390000000005" lon="23.062030000000004">
    <ele>156.60999999999999</ele>
   </trkpt>
   <trkpt lat="54.06049" lon="23.06249">
    <ele>155.49</ele>
   </trkpt>
   <trkpt lat="54.06044000000001" lon="23.062800000000003">
    <ele>154.34</ele>
   </trkpt>
   <trkpt lat="54.06015000000001" lon="23.06349">
    <ele>148.6</ele>
   </trkpt>
   <trkpt lat="54.059560000000005" lon="23.064610000000002">
    <ele>142.73000000000002</ele>
   </trkpt>
   <trkpt lat="54.059200000000004" lon="23.065410000000004">
    <ele>139.23000000000002</ele>
   </trkpt>
   <trkpt lat="54.058840000000004" lon="23.06613">
    <ele>140.32</ele>
   </trkpt>
   <trkpt lat="54.05843" lon="23.066760000000002">
    <ele>143.57</ele>
   </trkpt>
   <trkpt lat="54.05839" lon="23.06689">
    <ele>143.81000000000003</ele>
   </trkpt>
   <trkpt lat="54.05832" lon="23.066930000000003">
    <ele>143.81000000000003</ele>
   </trkpt>
   <trkpt lat="54.05778" lon="23.06763">
    <ele>136.89000000000001</ele>
   </trkpt>
   <trkpt lat="54.05765" lon="23.066840000000003">
    <ele>135.76000000000002</ele>
   </trkpt>
   <trkpt lat="54.05762000000001" lon="23.065810000000003">
    <ele>138.40000000000003</ele>
   </trkpt>
   <trkpt lat="54.05763" lon="23.06547">
    <ele>138.70000000000002</ele>
   </trkpt>
   <trkpt lat="54.057610000000004" lon="23.06519">
    <ele>139.24</ele>
   </trkpt>
   <trkpt lat="54.05751000000001" lon="23.06462">
    <ele>140.52</ele>
   </trkpt>
   <trkpt lat="54.057430000000004" lon="23.064400000000003">
    <ele>141.63</ele>
   </trkpt>
   <trkpt lat="54.05711" lon="23.06399">
    <ele>145.43</ele>
   </trkpt>
   <trkpt lat="54.057010000000005" lon="23.06389">
    <ele>146.07</ele>
   </trkpt>
   <trkpt lat="54.05688000000001" lon="23.06368">
    <ele>149.82</ele>
   </trkpt>
   <trkpt lat="54.05687" lon="23.06368">
    <ele>149.9</ele>
   </trkpt>
   <trkpt lat="54.05659000000001" lon="23.06277">
    <ele>152.34</ele>
   </trkpt>
   <trkpt lat="54.056470000000004" lon="23.06165">
    <ele>154.2</ele>
   </trkpt>
   <trkpt lat="54.05624" lon="23.06068">
    <ele>156.49</ele>
   </trkpt>
   <trkpt lat="54.05599" lon="23.060170000000003">
    <ele>159.24</ele>
   </trkpt>
   <trkpt lat="54.055930000000004" lon="23.05958">
    <ele>161.61</ele>
   </trkpt>
   <trkpt lat="54.05527000000001" lon="23.05883">
    <ele>164.16</ele>
   </trkpt>
   <trkpt lat="54.054610000000004" lon="23.058690000000002">
    <ele>162.17000000000002</ele>
   </trkpt>
   <trkpt lat="54.054210000000005" lon="23.05883">
    <ele>159.94000000000003</ele>
   </trkpt>
   <trkpt lat="54.05397000000001" lon="23.05882">
    <ele>156.95000000000002</ele>
   </trkpt>
   <trkpt lat="54.053450000000005" lon="23.058560000000003">
    <ele>154.60000000000002</ele>
   </trkpt>
   <trkpt lat="54.05292000000001" lon="23.058480000000003">
    <ele>152.38000000000002</ele>
   </trkpt>
   <trkpt lat="54.05281" lon="23.058390000000003">
    <ele>151.94000000000003</ele>
   </trkpt>
   <trkpt lat="54.052580000000006" lon="23.057940000000002">
    <ele>150.17000000000002</ele>
   </trkpt>
   <trkpt lat="54.052350000000004" lon="23.057150000000004">
    <ele>148.81000000000003</ele>
   </trkpt>
   <trkpt lat="54.05189000704018" lon="23.055844985487177">
    <ele>146.12</ele>
   </trkpt>
   <trkpt lat="54.05143" lon="23.054540000000003">
    <ele>148.55</ele>
   </trkpt>
   <trkpt lat="54.05143" lon="23.053530000000002">
    <ele>148.03000000000003</ele>
   </trkpt>
   <trkpt lat="54.051390000000005" lon="23.0526">
    <ele>148.24</ele>
   </trkpt>
   <trkpt lat="54.051370000000006" lon="23.051540000000003">
    <ele>148.59</ele>
   </trkpt>
   <trkpt lat="54.05149" lon="23.0511">
    <ele>149.45</ele>
   </trkpt>
   <trkpt lat="54.05171000000001" lon="23.05054">
    <ele>151.06</ele>
   </trkpt>
   <trkpt lat="54.05172" lon="23.050230000000003">
    <ele>150.43</ele>
   </trkpt>
   <trkpt lat="54.05160000000001" lon="23.049480000000003">
    <ele>148.46</ele>
   </trkpt>
   <trkpt lat="54.051660000000005" lon="23.048520000000003">
    <ele>148.29</ele>
   </trkpt>
   <trkpt lat="54.051660000000005" lon="23.04757">
    <ele>148.59</ele>
   </trkpt>
   <trkpt lat="54.05154" lon="23.04634">
    <ele>147.54</ele>
   </trkpt>
   <trkpt lat="54.051370000000006" lon="23.04547">
    <ele>146.9</ele>
   </trkpt>
   <trkpt lat="54.05124000000001" lon="23.045080000000002">
    <ele>143.95000000000002</ele>
   </trkpt>
   <trkpt lat="54.051260000000006" lon="23.044780000000003">
    <ele>143.16</ele>
   </trkpt>
   <trkpt lat="54.05136" lon="23.04456">
    <ele>141.59000000000003</ele>
   </trkpt>
   <trkpt lat="54.051410000000004" lon="23.04391">
    <ele>140.54</ele>
   </trkpt>
   <trkpt lat="54.05151000000001" lon="23.043670000000002">
    <ele>140.81</ele>
   </trkpt>
   <trkpt lat="54.05172" lon="23.043390000000002">
    <ele>142.25</ele>
   </trkpt>
   <trkpt lat="54.05205" lon="23.043090000000003">
    <ele>143.0</ele>
   </trkpt>
   <trkpt lat="54.05239" lon="23.04288">
    <ele>144.1</ele>
   </trkpt>
   <trkpt lat="54.05279" lon="23.042450000000002">
    <ele>147.27</ele>
   </trkpt>
   <trkpt lat="54.053020000000004" lon="23.04238">
    <ele>147.34</ele>
   </trkpt>
   <trkpt lat="54.05317" lon="23.042420000000003">
    <ele>146.65</ele>
   </trkpt>
   <trkpt lat="54.053430000000006" lon="23.042540000000002">
    <ele>145.25000000000003</ele>
   </trkpt>
   <trkpt lat="54.054050000000004" lon="23.04228">
    <ele>146.57</ele>
   </trkpt>
   <trkpt lat="54.05431" lon="23.041970000000003">
    <ele>146.55</ele>
   </trkpt>
   <trkpt lat="54.05443" lon="23.041300000000003">
    <ele>145.03000000000003</ele>
   </trkpt>
   <trkpt lat="54.05443" lon="23.0406">
    <ele>144.44</ele>
   </trkpt>
   <trkpt lat="54.05454" lon="23.03996">
    <ele>145.29</ele>
   </trkpt>
   <trkpt lat="54.05442000000001" lon="23.039040000000004">
    <ele>145.12</ele>
   </trkpt>
   <trkpt lat="54.05442000000001" lon="23.03903">
    <ele>145.11</ele>
   </trkpt>
   <trkpt lat="54.05433000000001" lon="23.038330000000002">
    <ele>144.04</ele>
   </trkpt>
   <trkpt lat="54.054370000000006" lon="23.037460000000003">
    <ele>145.21</ele>
   </trkpt>
   <trkpt lat="54.054550000000006" lon="23.036730000000002">
    <ele>147.1</ele>
   </trkpt>
   <trkpt lat="54.05487" lon="23.035760000000003">
    <ele>147.82</ele>
   </trkpt>
   <trkpt lat="54.05487" lon="23.035490000000003">
    <ele>146.77</ele>
   </trkpt>
   <trkpt lat="54.05491000000001" lon="23.035110000000003">
    <ele>146.21</ele>
   </trkpt>
   <trkpt lat="54.05527000000001" lon="23.03403">
    <ele>144.38</ele>
   </trkpt>
   <trkpt lat="54.055440000000004" lon="23.03358">
    <ele>144.42000000000002</ele>
   </trkpt>
   <trkpt lat="54.055550000000004" lon="23.033140000000003">
    <ele>144.42000000000002</ele>
   </trkpt>
   <trkpt lat="54.05577" lon="23.03245">
    <ele>144.85</ele>
   </trkpt>
   <trkpt lat="54.05585000000001" lon="23.03196">
    <ele>145.1</ele>
   </trkpt>
   <trkpt lat="54.05577" lon="23.03104">
    <ele>144.34000000000003</ele>
   </trkpt>
   <trkpt lat="54.05577" lon="23.030730000000002">
    <ele>144.28000000000003</ele>
   </trkpt>
   <trkpt lat="54.055800000000005" lon="23.03027">
    <ele>143.99</ele>
   </trkpt>
   <trkpt lat="54.056000000000004" lon="23.0298">
    <ele>143.82</ele>
   </trkpt>
   <trkpt lat="54.05646" lon="23.029470000000003">
    <ele>143.70000000000002</ele>
   </trkpt>
   <trkpt lat="54.05675" lon="23.028620000000004">
    <ele>144.33</ele>
   </trkpt>
   <trkpt lat="54.05704000000001" lon="23.02821">
    <ele>145.9</ele>
   </trkpt>
   <trkpt lat="54.057300000000005" lon="23.027980000000003">
    <ele>147.35</ele>
   </trkpt>
   <trkpt lat="54.057460000000006" lon="23.027600000000003">
    <ele>148.94000000000003</ele>
   </trkpt>
   <trkpt lat="54.057660000000006" lon="23.027340000000002">
    <ele>149.63000000000002</ele>
   </trkpt>
   <trkpt lat="54.05781" lon="23.027220000000003">
    <ele>150.97000000000003</ele>
   </trkpt>
   <trkpt lat="54.057970000000005" lon="23.027130000000003">
    <ele>152.17</ele>
   </trkpt>
   <trkpt lat="54.058130000000006" lon="23.02689">
    <ele>152.17</ele>
   </trkpt>
   <trkpt lat="54.05861" lon="23.02568">
    <ele>155.88000000000002</ele>
   </trkpt>
   <trkpt lat="54.05885000000001" lon="23.025190000000002">
    <ele>157.14</ele>
   </trkpt>
   <trkpt lat="54.05892000000001" lon="23.024880000000003">
    <ele>158.55</ele>
   </trkpt>
   <trkpt lat="54.05910000000001" lon="23.024250000000002">
    <ele>158.74</ele>
   </trkpt>
   <trkpt lat="54.05926" lon="23.02381">
    <ele>159.15</ele>
   </trkpt>
   <trkpt lat="54.05932000000001" lon="23.02314">
    <ele>159.39000000000001</ele>
   </trkpt>
   <trkpt lat="54.059470000000005" lon="23.022750000000002">
    <ele>160.98000000000002</ele>
   </trkpt>
   <trkpt lat="54.059520000000006" lon="23.022250000000003">
    <ele>161.23000000000002</ele>
   </trkpt>
   <trkpt lat="54.05951" lon="23.02194">
    <ele>161.61</ele>
   </trkpt>
   <trkpt lat="54.059470000000005" lon="23.02156">
    <ele>161.11</ele>
   </trkpt>
   <trkpt lat="54.05951" lon="23.021240000000002">
    <ele>159.65</ele>
   </trkpt>
   <trkpt lat="54.059650000000005" lon="23.020850000000003">
    <ele>158.59</ele>
   </trkpt>
   <trkpt lat="54.059980001264385" lon="23.020270004837652">
    <ele>157.81</ele>
   </trkpt>
   <trkpt lat="54.06031" lon="23.01969">
    <ele>158.97</ele>
   </trkpt>
   <trkpt lat="54.060460000000006" lon="23.01922">
    <ele>158.82000000000002</ele>
   </trkpt>
   <trkpt lat="54.06056" lon="23.01848">
    <ele>158.35999999999999</ele>
   </trkpt>
   <trkpt lat="54.060840000000006" lon="23.01769">
    <ele>156.42</ele>
   </trkpt>
   <trkpt lat="54.06118000000001" lon="23.016920000000002">
    <ele>153.35000000000002</ele>
   </trkpt>
   <trkpt lat="54.06125" lon="23.0167">
    <ele>153.03</ele>
   </trkpt>
   <trkpt lat="54.06138000000001" lon="23.016270000000002">
    <ele>152.83</ele>
   </trkpt>
   <trkpt lat="54.06147000000001" lon="23.015800000000002">
    <ele>152.64000000000001</ele>
   </trkpt>
   <trkpt lat="54.06147000000001" lon="23.015500000000003">
    <ele>152.41000000000003</ele>
   </trkpt>
   <trkpt lat="54.06139" lon="23.01498">
    <ele>152.11</ele>
   </trkpt>
   <trkpt lat="54.061260009916744" lon="23.01388665984399">
    <ele>150.95</ele>
   </trkpt>
   <trkpt lat="54.06113000991924" lon="23.012793326531884">
    <ele>148.95</ele>
   </trkpt>
   <trkpt lat="54.06100000000001" lon="23.0117">
    <ele>146.18</ele>
   </trkpt>
   <trkpt lat="54.060770018445936" lon="23.010482479800388">
    <ele>142.34000000000003</ele>
   </trkpt>
   <trkpt lat="54.06054002459767" lon="23.009264973084">
    <ele>139.89000000000001</ele>
   </trkpt>
   <trkpt lat="54.060310018455404" lon="23.008047479851292">
    <ele>139.87000000000003</ele>
   </trkpt>
   <trkpt lat="54.060080000000006" lon="23.00683">
    <ele>140.53</ele>
   </trkpt>
   <trkpt lat="54.05991" lon="23.00596">
    <ele>141.47</ele>
   </trkpt>
   <trkpt lat="54.05969" lon="23.004700000000003">
    <ele>144.11</ele>
   </trkpt>
   <trkpt lat="54.05939000000001" lon="23.00486">
    <ele>145.11</ele>
   </trkpt>
   <trkpt lat="54.05854000000001" lon="23.005020000000002">
    <ele>150.95</ele>
   </trkpt>
   <trkpt lat="54.057880000000004" lon="23.005200000000002">
    <ele>154.24</ele>
   </trkpt>
   <trkpt lat="54.05736" lon="23.0054">
    <ele>155.25</ele>
   </trkpt>
   <trkpt lat="54.05653" lon="23.005940000000002">
    <ele>152.04</ele>
   </trkpt>
   <trkpt lat="54.055780000000006" lon="23.006490000000003">
    <ele>154.13000000000002</ele>
   </trkpt>
   <trkpt lat="54.05532000020798" lon="23.006795003495085">
    <ele>155.05</ele>
   </trkpt>
   <trkpt lat="54.054860000000005" lon="23.0071">
    <ele>154.89</ele>
   </trkpt>
   <trkpt lat="54.054100000000005" lon="23.00767">
    <ele>153.45</ele>
   </trkpt>
   <trkpt lat="54.05364500041794" lon="23.007985003445356">
    <ele>148.34</ele>
   </trkpt>
   <trkpt lat="54.05319000000001" lon="23.008300000000002">
    <ele>145.87</ele>
   </trkpt>
   <trkpt lat="54.052445001238105" lon="23.008845009767928">
    <ele>148.09</ele>
   </trkpt>
   <trkpt lat="54.051700000000004" lon="23.009390000000003">
    <ele>156.67</ele>
   </trkpt>
   <trkpt lat="54.05099000160609" lon="23.00983001503715">
    <ele>156.74</ele>
   </trkpt>
   <trkpt lat="54.05028000160624" lon="23.010270015036742">
    <ele>156.95000000000002</ele>
   </trkpt>
   <trkpt lat="54.04957" lon="23.010710000000003">
    <ele>157.41000000000003</ele>
   </trkpt>
   <trkpt lat="54.049350000000004" lon="23.01088">
    <ele>157.16000000000003</ele>
   </trkpt>
   <trkpt lat="54.049150000000004" lon="23.01125">
    <ele>156.87</ele>
   </trkpt>
   <trkpt lat="54.048820000000006" lon="23.01198">
    <ele>156.49</ele>
   </trkpt>
   <trkpt lat="54.04824000000001" lon="23.01235">
    <ele>155.71</ele>
   </trkpt>
   <trkpt lat="54.04784000000001" lon="23.012400000000003">
    <ele>155.93</ele>
   </trkpt>
   <trkpt lat="54.047230000000006" lon="23.012690000000003">
    <ele>153.85000000000002</ele>
   </trkpt>
   <trkpt lat="54.04675" lon="23.012890000000002">
    <ele>153.95</ele>
   </trkpt>
   <trkpt lat="54.04655" lon="23.012980000000002">
    <ele>154.72000000000003</ele>
   </trkpt>
   <trkpt lat="54.045820000000006" lon="23.01311">
    <ele>157.10999999999999</ele>
   </trkpt>
   <trkpt lat="54.045750000000005" lon="23.013340000000003">
    <ele>157.25</ele>
   </trkpt>
   <trkpt lat="54.04560000000001" lon="23.013550000000002">
    <ele>157.42</ele>
   </trkpt>
   <trkpt lat="54.045100000000005" lon="23.012900000000002">
    <ele>159.21</ele>
   </trkpt>
   <trkpt lat="54.04445750680304" lon="23.012162465836116">
    <ele>159.78</ele>
   </trkpt>
   <trkpt lat="54.043815009093905" lon="23.011424954475675">
    <ele>159.17000000000002</ele>
   </trkpt>
   <trkpt lat="54.04317250687284" lon="23.01068746591761">
    <ele>160.42000000000002</ele>
   </trkpt>
   <trkpt lat="54.042530000000006" lon="23.009950000000003">
    <ele>160.54000000000002</ele>
   </trkpt>
   <trkpt lat="54.04186250698977" lon="23.009202464027787">
    <ele>156.9</ele>
   </trkpt>
   <trkpt lat="54.04119500934404" lon="23.00845495206529">
    <ele>154.96</ele>
   </trkpt>
   <trkpt lat="54.040527507063054" lon="23.007707464111324">
    <ele>156.01000000000002</ele>
   </trkpt>
   <trkpt lat="54.039860000000004" lon="23.006960000000003">
    <ele>156.63000000000002</ele>
   </trkpt>
   <trkpt lat="54.039860000000004" lon="23.006950000000003">
    <ele>156.62</ele>
   </trkpt>
   <trkpt lat="54.039320000000004" lon="23.00635">
    <ele>157.03</ele>
   </trkpt>
   <trkpt lat="54.03875000155999" lon="23.00573999165323">
    <ele>160.76000000000002</ele>
   </trkpt>
   <trkpt lat="54.038180000000004" lon="23.00513">
    <ele>161.07000000000002</ele>
   </trkpt>
   <trkpt lat="54.03799503577599" lon="23.003816637461323">
    <ele>161.35000000000002</ele>
   </trkpt>
   <trkpt lat="54.03781005724223" lon="23.002503286610622">
    <ele>159.82999999999998</ele>
   </trkpt>
   <trkpt lat="54.03762506439897" lon="23.00118994744862">
    <ele>160.47</ele>
   </trkpt>
   <trkpt lat="54.03744005724643" lon="22.999876619976035">
    <ele>158.53</ele>
   </trkpt>
   <trkpt lat="54.037255035784824" lon="22.998563304193592">
    <ele>160.17000000000002</ele>
   </trkpt>
   <trkpt lat="54.03707000000001" lon="22.99725">
    <ele>160.20000000000002</ele>
   </trkpt>
   <trkpt lat="54.0373" lon="22.996370000000002">
    <ele>159.8</ele>
   </trkpt>
   <trkpt lat="54.037420000000004" lon="22.99614">
    <ele>160.35000000000002</ele>
   </trkpt>
   <trkpt lat="54.03757" lon="22.995520000000003">
    <ele>161.51000000000002</ele>
   </trkpt>
   <trkpt lat="54.03763000000001" lon="22.995070000000002">
    <ele>161.05</ele>
   </trkpt>
   <trkpt lat="54.037650000000006" lon="22.994940000000003">
    <ele>160.81</ele>
   </trkpt>
   <trkpt lat="54.03763000000001" lon="22.99442">
    <ele>160.93</ele>
   </trkpt>
   <trkpt lat="54.0377" lon="22.99415">
    <ele>160.92000000000002</ele>
   </trkpt>
   <trkpt lat="54.03779" lon="22.993930000000002">
    <ele>160.17000000000002</ele>
   </trkpt>
   <trkpt lat="54.03784" lon="22.99275">
    <ele>160.67000000000002</ele>
   </trkpt>
   <trkpt lat="54.037980000000005" lon="22.991560000000003">
    <ele>162.33</ele>
   </trkpt>
   <trkpt lat="54.038030000000006" lon="22.99032">
    <ele>163.56</ele>
   </trkpt>
   <trkpt lat="54.03808000000001" lon="22.990070000000003">
    <ele>163.73000000000002</ele>
   </trkpt>
   <trkpt lat="54.03824" lon="22.98948">
    <ele>164.44</ele>
   </trkpt>
   <trkpt lat="54.03830000000001" lon="22.989050000000002">
    <ele>164.14000000000001</ele>
   </trkpt>
   <trkpt lat="54.03831" lon="22.98864">
    <ele>164.01000000000002</ele>
   </trkpt>
   <trkpt lat="54.0382" lon="22.98797">
    <ele>161.54000000000002</ele>
   </trkpt>
   <trkpt lat="54.037405000121375" lon="22.988205004525987">
    <ele>160.79000000000002</ele>
   </trkpt>
   <trkpt lat="54.03661" lon="22.98844">
    <ele>158.12</ele>
   </trkpt>
   <trkpt lat="54.036350000000006" lon="22.98852">
    <ele>158.03</ele>
   </trkpt>
   <trkpt lat="54.03586000000001" lon="22.98871">
    <ele>160.12</ele>
   </trkpt>
   <trkpt lat="54.03502" lon="22.98892">
    <ele>158.09</ele>
   </trkpt>
   <trkpt lat="54.03461000000001" lon="22.9891">
    <ele>156.73000000000002</ele>
   </trkpt>
   <trkpt lat="54.033840000320964" lon="22.98930667433064">
    <ele>156.67</ele>
   </trkpt>
   <trkpt lat="54.033070000287566" lon="22.989513341006102">
    <ele>156.27</ele>
   </trkpt>
   <trkpt lat="54.032300000000006" lon="22.989720000000002">
    <ele>158.60000000000002</ele>
   </trkpt>
   <trkpt lat="54.032230000000006" lon="22.989720000000002">
    <ele>158.60000000000002</ele>
   </trkpt>
   <trkpt lat="54.032120000000006" lon="22.989690000000003">
    <ele>158.60000000000002</ele>
   </trkpt>
   <trkpt lat="54.03208500451762" lon="22.99073500124914">
    <ele>159.84</ele>
   </trkpt>
   <trkpt lat="54.032050000000005" lon="22.991780000000002">
    <ele>159.53</ele>
   </trkpt>
   <trkpt lat="54.03204" lon="22.992600000000003">
    <ele>159.10000000000002</ele>
   </trkpt>
   <trkpt lat="54.032185006808234" lon="22.99387999563983">
    <ele>158.05</ele>
   </trkpt>
   <trkpt lat="54.03233" lon="22.995160000000002">
    <ele>158.20000000000002</ele>
   </trkpt>
   <trkpt lat="54.032360000000004" lon="22.99539">
    <ele>158.20000000000002</ele>
   </trkpt>
   <trkpt lat="54.032360000000004" lon="22.99538">
    <ele>158.21</ele>
   </trkpt>
   <trkpt lat="54.03258" lon="22.99661">
    <ele>157.69000000000003</ele>
   </trkpt>
   <trkpt lat="54.03285" lon="22.997770000000003">
    <ele>157.91000000000003</ele>
   </trkpt>
   <trkpt lat="54.03295000000001" lon="22.998410000000003">
    <ele>157.93</ele>
   </trkpt>
   <trkpt lat="54.03304500328514" lon="22.99929999796029">
    <ele>158.04000000000002</ele>
   </trkpt>
   <trkpt lat="54.03314" lon="23.000190000000003">
    <ele>158.47</ele>
   </trkpt>
   <trkpt lat="54.03319500750988" lon="23.001534998359613">
    <ele>154.49</ele>
   </trkpt>
   <trkpt lat="54.03325" lon="23.00288">
    <ele>152.77</ele>
   </trkpt>
   <trkpt lat="54.03326000457358" lon="23.003929999766534">
    <ele>152.04</ele>
   </trkpt>
   <trkpt lat="54.03327" lon="23.004980000000003">
    <ele>150.87</ele>
   </trkpt>
   <trkpt lat="54.033240005777465" lon="23.00616000079222">
    <ele>150.66000000000003</ele>
   </trkpt>
   <trkpt lat="54.033210000000004" lon="23.007340000000003">
    <ele>151.66000000000003</ele>
   </trkpt>
   <trkpt lat="54.03325" lon="23.007900000000003">
    <ele>152.22000000000003</ele>
   </trkpt>
   <trkpt lat="54.033370000000005" lon="23.00908">
    <ele>153.21</ele>
   </trkpt>
   <trkpt lat="54.03331000000001" lon="23.00981">
    <ele>153.00000000000003</ele>
   </trkpt>
   <trkpt lat="54.03319500279743" lon="23.01063000220985">
    <ele>153.38000000000002</ele>
   </trkpt>
   <trkpt lat="54.033080000000005" lon="23.011450000000004">
    <ele>154.73</ele>
   </trkpt>
   <trkpt lat="54.03286000000001" lon="23.012670000000004">
    <ele>155.05</ele>
   </trkpt>
   <trkpt lat="54.032665001904924" lon="23.013365003611607">
    <ele>154.4</ele>
   </trkpt>
   <trkpt lat="54.03247" lon="23.01406">
    <ele>153.96</ele>
   </trkpt>
   <trkpt lat="54.03231" lon="23.015020000000003">
    <ele>152.47000000000003</ele>
   </trkpt>
   <trkpt lat="54.03220500226062" lon="23.01576500217769">
    <ele>151.52</ele>
   </trkpt>
   <trkpt lat="54.03210000000001" lon="23.01651">
    <ele>151.59</ele>
   </trkpt>
   <trkpt lat="54.031755004264404" lon="23.017525008449045">
    <ele>153.01</ele>
   </trkpt>
   <trkpt lat="54.03141" lon="23.01854">
    <ele>154.14</ele>
   </trkpt>
   <trkpt lat="54.03101" lon="23.01989">
    <ele>154.96</ele>
   </trkpt>
   <trkpt lat="54.03072" lon="23.021250000000002">
    <ele>153.96</ele>
   </trkpt>
   <trkpt lat="54.03063500285742" lon="23.022080001700193">
    <ele>152.88000000000002</ele>
   </trkpt>
   <trkpt lat="54.030550000000005" lon="23.022910000000003">
    <ele>151.45</ele>
   </trkpt>
   <trkpt lat="54.03061" lon="23.02362">
    <ele>150.65</ele>
   </trkpt>
   <trkpt lat="54.030760002873336" lon="23.024449997091903">
    <ele>150.39000000000001</ele>
   </trkpt>
   <trkpt lat="54.030910000000006" lon="23.025280000000002">
    <ele>150.16000000000003</ele>
   </trkpt>
   <trkpt lat="54.031270004765" lon="23.026354990606396">
    <ele>150.50000000000003</ele>
   </trkpt>
   <trkpt lat="54.03163000000001" lon="23.027430000000003">
    <ele>150.46</ele>
   </trkpt>
   <trkpt lat="54.03163000000001" lon="23.027420000000003">
    <ele>150.46</ele>
   </trkpt>
   <trkpt lat="54.03175" lon="23.028080000000003">
    <ele>150.81</ele>
   </trkpt>
   <trkpt lat="54.03197" lon="23.02906">
    <ele>151.3</ele>
   </trkpt>
   <trkpt lat="54.032300000000006" lon="23.03">
    <ele>150.52</ele>
   </trkpt>
   <trkpt lat="54.0324" lon="23.030410000000003">
    <ele>150.76</ele>
   </trkpt>
   <trkpt lat="54.03244" lon="23.030820000000002">
    <ele>151.44000000000003</ele>
   </trkpt>
   <trkpt lat="54.03244" lon="23.03141">
    <ele>151.62</ele>
   </trkpt>
   <trkpt lat="54.03237000000001" lon="23.032100000000003">
    <ele>151.42</ele>
   </trkpt>
   <trkpt lat="54.03224500315247" lon="23.03297500279537">
    <ele>151.2</ele>
   </trkpt>
   <trkpt lat="54.032120000000006" lon="23.03385">
    <ele>148.88</ele>
   </trkpt>
   <trkpt lat="54.032090000000004" lon="23.0348">
    <ele>148.58</ele>
   </trkpt>
   <trkpt lat="54.03214000293558" lon="23.0356399991338">
    <ele>149.66000000000003</ele>
   </trkpt>
   <trkpt lat="54.03219000000001" lon="23.03648">
    <ele>151.19000000000003</ele>
   </trkpt>
   <trkpt lat="54.03228000000001" lon="23.037110000000002">
    <ele>151.71</ele>
   </trkpt>
   <trkpt lat="54.032520000000005" lon="23.037860000000002">
    <ele>152.00000000000003</ele>
   </trkpt>
   <trkpt lat="54.03251" lon="23.037850000000002">
    <ele>152.00000000000003</ele>
   </trkpt>
   <trkpt lat="54.03279500427794" lon="23.038859993241037">
    <ele>153.01</ele>
   </trkpt>
   <trkpt lat="54.033080000000005" lon="23.03987">
    <ele>153.44000000000003</ele>
   </trkpt>
   <trkpt lat="54.032680000000006" lon="23.04012">
    <ele>152.00000000000003</ele>
   </trkpt>
   <trkpt lat="54.032500000000006" lon="23.04024">
    <ele>151.2</ele>
   </trkpt>
   <trkpt lat="54.031780000000005" lon="23.04081">
    <ele>147.8</ele>
   </trkpt>
   <trkpt lat="54.031400000000005" lon="23.04185">
    <ele>142.65</ele>
   </trkpt>
   <trkpt lat="54.031110000000005" lon="23.042820000000003">
    <ele>140.71</ele>
   </trkpt>
   <trkpt lat="54.031090000000006" lon="23.042920000000002">
    <ele>140.71</ele>
   </trkpt>
   <trkpt lat="54.03058000000001" lon="23.0436">
    <ele>139.43</ele>
   </trkpt>
   <trkpt lat="54.030010000000004" lon="23.044610000000002">
    <ele>137.9</ele>
   </trkpt>
   <trkpt lat="54.029590000000006" lon="23.045460000000002">
    <ele>137.48000000000002</ele>
   </trkpt>
   <trkpt lat="54.02929" lon="23.04558">
    <ele>138.04000000000002</ele>
   </trkpt>
   <trkpt lat="54.028760000000005" lon="23.04549">
    <ele>141.76000000000002</ele>
   </trkpt>
   <trkpt lat="54.02802500060422" lon="23.045885007004618">
    <ele>147.67000000000002</ele>
   </trkpt>
   <trkpt lat="54.02729000000001" lon="23.046280000000003">
    <ele>152.31</ele>
   </trkpt>
   <trkpt lat="54.026920000000004" lon="23.04625">
    <ele>154.46</ele>
   </trkpt>
   <trkpt lat="54.02617000000001" lon="23.04634">
    <ele>156.01000000000002</ele>
   </trkpt>
   <trkpt lat="54.02568000224516" lon="23.04706500844646">
    <ele>155.28</ele>
   </trkpt>
   <trkpt lat="54.02519" lon="23.047790000000003">
    <ele>153.25000000000003</ele>
   </trkpt>
   <trkpt lat="54.02479" lon="23.04841">
    <ele>152.46</ele>
   </trkpt>
   <trkpt lat="54.024680000000004" lon="23.048630000000003">
    <ele>151.83</ele>
   </trkpt>
   <trkpt lat="54.02452" lon="23.04897">
    <ele>151.24</ele>
   </trkpt>
   <trkpt lat="54.02438000000001" lon="23.049300000000002">
    <ele>151.08</ele>
   </trkpt>
   <trkpt lat="54.024170000000005" lon="23.049930000000003">
    <ele>150.64000000000001</ele>
   </trkpt>
   <trkpt lat="54.02367" lon="23.0498">
    <ele>146.24</ele>
   </trkpt>
   <trkpt lat="54.023050000361714" lon="23.04952499592198">
    <ele>144.57</ele>
   </trkpt>
   <trkpt lat="54.02243000000001" lon="23.04925">
    <ele>143.77</ele>
   </trkpt>
   <trkpt lat="54.02176000000001" lon="23.049030000000002">
    <ele>143.22</ele>
   </trkpt>
   <trkpt lat="54.02127" lon="23.048820000000003">
    <ele>141.51000000000002</ele>
   </trkpt>
   <trkpt lat="54.02100000000001" lon="23.048630000000003">
    <ele>140.01000000000002</ele>
   </trkpt>
   <trkpt lat="54.02078" lon="23.04851">
    <ele>138.89000000000001</ele>
   </trkpt>
   <trkpt lat="54.02056" lon="23.048440000000003">
    <ele>138.69</ele>
   </trkpt>
   <trkpt lat="54.02038" lon="23.04842">
    <ele>138.13</ele>
   </trkpt>
   <trkpt lat="54.02008000000001" lon="23.048440000000003">
    <ele>136.79000000000002</ele>
   </trkpt>
   <trkpt lat="54.019890000000004" lon="23.04842">
    <ele>136.43</ele>
   </trkpt>
   <trkpt lat="54.019690000000004" lon="23.0483">
    <ele>135.76000000000002</ele>
   </trkpt>
   <trkpt lat="54.01919" lon="23.047770000000003">
    <ele>135.07000000000002</ele>
   </trkpt>
   <trkpt lat="54.01903000000001" lon="23.04764">
    <ele>135.07000000000002</ele>
   </trkpt>
   <trkpt lat="54.01903000000001" lon="23.04763">
    <ele>135.06</ele>
   </trkpt>
   <trkpt lat="54.018610000124056" lon="23.047299996410707">
    <ele>134.95000000000002</ele>
   </trkpt>
   <trkpt lat="54.018190000000004" lon="23.04697">
    <ele>135.03</ele>
   </trkpt>
   <trkpt lat="54.01769" lon="23.046640000000004">
    <ele>134.91</ele>
   </trkpt>
   <trkpt lat="54.01758" lon="23.046580000000002">
    <ele>134.93</ele>
   </trkpt>
   <trkpt lat="54.01733" lon="23.0465">
    <ele>134.87</ele>
   </trkpt>
   <trkpt lat="54.016920000000006" lon="23.04643">
    <ele>135.24</ele>
   </trkpt>
   <trkpt lat="54.01684" lon="23.046380000000003">
    <ele>135.24</ele>
   </trkpt>
   <trkpt lat="54.01671" lon="23.04625">
    <ele>135.42000000000002</ele>
   </trkpt>
   <trkpt lat="54.016560000000005" lon="23.045910000000003">
    <ele>135.26000000000002</ele>
   </trkpt>
   <trkpt lat="54.01648" lon="23.045550000000002">
    <ele>135.24</ele>
   </trkpt>
   <trkpt lat="54.016420000000004" lon="23.045170000000002">
    <ele>135.27</ele>
   </trkpt>
   <trkpt lat="54.016360000000006" lon="23.04444">
    <ele>135.31</ele>
   </trkpt>
   <trkpt lat="54.01637" lon="23.044020000000003">
    <ele>135.28</ele>
   </trkpt>
   <trkpt lat="54.016420000000004" lon="23.04369">
    <ele>135.3</ele>
   </trkpt>
   <trkpt lat="54.016580000000005" lon="23.04315">
    <ele>135.19</ele>
   </trkpt>
   <trkpt lat="54.016670000000005" lon="23.04295">
    <ele>135.19</ele>
   </trkpt>
   <trkpt lat="54.016960000000005" lon="23.042460000000002">
    <ele>134.9</ele>
   </trkpt>
   <trkpt lat="54.01706000000001" lon="23.042180000000002">
    <ele>134.76000000000002</ele>
   </trkpt>
   <trkpt lat="54.01724" lon="23.041290000000004">
    <ele>134.37</ele>
   </trkpt>
   <trkpt lat="54.01726000000001" lon="23.0411">
    <ele>134.37</ele>
   </trkpt>
   <trkpt lat="54.01726000000001" lon="23.039700000000003">
    <ele>135.47</ele>
   </trkpt>
   <trkpt lat="54.01733" lon="23.03893">
    <ele>137.03</ele>
   </trkpt>
   <trkpt lat="54.0174" lon="23.0376">
    <ele>142.52</ele>
   </trkpt>
   <trkpt lat="54.01740501867818" lon="23.03637500040592">
    <ele>148.77</ele>
   </trkpt>
   <trkpt lat="54.017410024904336" lon="23.03515000051664">
    <ele>149.36</ele>
   </trkpt>
   <trkpt lat="54.01741501867848" lon="23.033925000332903">
    <ele>149.22000000000003</ele>
   </trkpt>
   <trkpt lat="54.01742" lon="23.032700000000002">
    <ele>150.34</ele>
   </trkpt>
   <trkpt lat="54.017430000000004" lon="23.03235">
    <ele>151.17</ele>
   </trkpt>
   <trkpt lat="54.01747" lon="23.031910000000003">
    <ele>151.38000000000002</ele>
   </trkpt>
   <trkpt lat="54.01765500462719" lon="23.03085500463846">
    <ele>151.15</ele>
   </trkpt>
   <trkpt lat="54.01784000000001" lon="23.0298">
    <ele>148.63</ele>
   </trkpt>
   <trkpt lat="54.01789" lon="23.029380000000003">
    <ele>148.01</ele>
   </trkpt>
   <trkpt lat="54.01789" lon="23.02871">
    <ele>146.48</ele>
   </trkpt>
   <trkpt lat="54.01771" lon="23.02728">
    <ele>143.65</ele>
   </trkpt>
   <trkpt lat="54.017630000000004" lon="23.02644">
    <ele>142.41</ele>
   </trkpt>
   <trkpt lat="54.01766000000001" lon="23.026030000000002">
    <ele>141.62000000000003</ele>
   </trkpt>
   <trkpt lat="54.01773000000001" lon="23.02567">
    <ele>140.93</ele>
   </trkpt>
   <trkpt lat="54.017970000000005" lon="23.02476">
    <ele>138.51000000000002</ele>
   </trkpt>
   <trkpt lat="54.01802000000001" lon="23.02449">
    <ele>137.37</ele>
   </trkpt>
   <trkpt lat="54.01812" lon="23.023490000000002">
    <ele>135.67000000000002</ele>
   </trkpt>
   <trkpt lat="54.01817500383517" lon="23.022530001067782">
    <ele>135.1</ele>
   </trkpt>
   <trkpt lat="54.01823" lon="23.02157">
    <ele>135.17000000000002</ele>
   </trkpt>
   <trkpt lat="54.01831000000001" lon="23.02079">
    <ele>135.43</ele>
   </trkpt>
   <trkpt lat="54.01841" lon="23.02032">
    <ele>135.65</ele>
   </trkpt>
   <trkpt lat="54.01861000267823" lon="23.019515003911938">
    <ele>135.91</ele>
   </trkpt>
   <trkpt lat="54.01881" lon="23.018710000000002">
    <ele>136.22</ele>
   </trkpt>
   <trkpt lat="54.019000000000005" lon="23.017480000000003">
    <ele>137.03</ele>
   </trkpt>
   <trkpt lat="54.01894000000001" lon="23.01716">
    <ele>136.14000000000001</ele>
   </trkpt>
   <trkpt lat="54.01894000000001" lon="23.01648">
    <ele>134.23000000000002</ele>
   </trkpt>
   <trkpt lat="54.018840000000004" lon="23.016170000000002">
    <ele>134.17000000000002</ele>
   </trkpt>
   <trkpt lat="54.018820000000005" lon="23.015900000000002">
    <ele>134.10000000000002</ele>
   </trkpt>
   <trkpt lat="54.018750000000004" lon="23.01566">
    <ele>134.09</ele>
   </trkpt>
   <trkpt lat="54.01859" lon="23.015310000000003">
    <ele>134.15</ele>
   </trkpt>
   <trkpt lat="54.01859" lon="23.015300000000003">
    <ele>134.15</ele>
   </trkpt>
   <trkpt lat="54.01843" lon="23.014940000000003">
    <ele>134.42000000000002</ele>
   </trkpt>
   <trkpt lat="54.01800000000001" lon="23.014360000000003">
    <ele>135.3</ele>
   </trkpt>
   <trkpt lat="54.01789" lon="23.013910000000003">
    <ele>136.0</ele>
   </trkpt>
   <trkpt lat="54.017880000000005" lon="23.01293">
    <ele>137.08</ele>
   </trkpt>
   <trkpt lat="54.01766000000001" lon="23.01225">
    <ele>137.39000000000001</ele>
   </trkpt>
   <trkpt lat="54.01729" lon="23.01134">
    <ele>137.77</ele>
   </trkpt>
   <trkpt lat="54.017096676704945" lon="23.010239989763313">
    <ele>138.31</ele>
   </trkpt>
   <trkpt lat="54.016903343369286" lon="23.00913998975035">
    <ele>138.19</ele>
   </trkpt>
   <trkpt lat="54.01671" lon="23.00804">
    <ele>138.48000000000002</ele>
   </trkpt>
   <trkpt lat="54.01656500218017" lon="23.007309997300464">
    <ele>139.25</ele>
   </trkpt>
   <trkpt lat="54.016420000000004" lon="23.006580000000003">
    <ele>140.97</ele>
   </trkpt>
   <trkpt lat="54.01628" lon="23.00589">
    <ele>145.00000000000003</ele>
   </trkpt>
   <trkpt lat="54.016220000000004" lon="23.005270000000003">
    <ele>145.35</ele>
   </trkpt>
   <trkpt lat="54.016220000000004" lon="23.004790000000003">
    <ele>145.31000000000003</ele>
   </trkpt>
   <trkpt lat="54.016380000000005" lon="23.003470000000004">
    <ele>144.37</ele>
   </trkpt>
   <trkpt lat="54.016400000000004" lon="23.002390000000002">
    <ele>145.04</ele>
   </trkpt>
   <trkpt lat="54.01648" lon="23.00165">
    <ele>145.22</ele>
   </trkpt>
   <trkpt lat="54.016580000000005" lon="23.001150000000003">
    <ele>144.83</ele>
   </trkpt>
   <trkpt lat="54.016630000000006" lon="23.001070000000002">
    <ele>144.83</ele>
   </trkpt>
   <trkpt lat="54.01666" lon="23.000790000000002">
    <ele>144.83</ele>
   </trkpt>
   <trkpt lat="54.016835003432014" lon="22.999875004066617">
    <ele>144.65</ele>
   </trkpt>
   <trkpt lat="54.017010000000006" lon="22.99896">
    <ele>143.84000000000003</ele>
   </trkpt>
   <trkpt lat="54.01704" lon="22.998540000000002">
    <ele>143.63</ele>
   </trkpt>
   <trkpt lat="54.017030000000005" lon="22.997390000000003">
    <ele>144.76</ele>
   </trkpt>
   <trkpt lat="54.017070000000004" lon="22.997020000000003">
    <ele>146.11</ele>
   </trkpt>
   <trkpt lat="54.01729" lon="22.99621">
    <ele>146.94000000000003</ele>
   </trkpt>
   <trkpt lat="54.01735000000001" lon="22.99592">
    <ele>146.79</ele>
   </trkpt>
   <trkpt lat="54.017520000000005" lon="22.995160000000002">
    <ele>145.15</ele>
   </trkpt>
   <trkpt lat="54.017570000000006" lon="22.995160000000002">
    <ele>145.42000000000002</ele>
   </trkpt>
   <trkpt lat="54.017810000000004" lon="22.99474">
    <ele>147.31000000000003</ele>
   </trkpt>
   <trkpt lat="54.017900000000004" lon="22.99461">
    <ele>148.2</ele>
   </trkpt>
   <trkpt lat="54.017990000000005" lon="22.99453">
    <ele>149.67000000000002</ele>
   </trkpt>
   <trkpt lat="54.01854" lon="22.99427">
    <ele>155.7</ele>
   </trkpt>
   <trkpt lat="54.01867000000001" lon="22.994190000000003">
    <ele>156.27</ele>
   </trkpt>
   <trkpt lat="54.01896000000001" lon="22.993910000000003">
    <ele>155.89</ele>
   </trkpt>
   <trkpt lat="54.01903000000001" lon="22.99387">
    <ele>155.89</ele>
   </trkpt>
   <trkpt lat="54.01912" lon="22.99386">
    <ele>155.51000000000002</ele>
   </trkpt>
   <trkpt lat="54.01925000000001" lon="22.99389">
    <ele>155.08</ele>
   </trkpt>
   <trkpt lat="54.01970000000001" lon="22.994280000000003">
    <ele>153.79000000000002</ele>
   </trkpt>
   <trkpt lat="54.02030666845126" lon="22.994736653386955">
    <ele>153.93</ele>
   </trkpt>
   <trkpt lat="54.02091333517215" lon="22.995193320094206">
    <ele>154.24</ele>
   </trkpt>
   <trkpt lat="54.02152" lon="22.99565">
    <ele>153.82000000000002</ele>
   </trkpt>
   <trkpt lat="54.021150000000006" lon="22.997020000000003">
    <ele>154.53</ele>
   </trkpt>
   <trkpt lat="54.021750000000004" lon="22.997480000000003">
    <ele>153.49</ele>
   </trkpt>
   <trkpt lat="54.02174" lon="22.997480000000003">
    <ele>153.50000000000003</ele>
   </trkpt>
   <trkpt lat="54.022313334976225" lon="22.99791998789796">
    <ele>152.34</ele>
   </trkpt>
   <trkpt lat="54.0228866683461" lon="22.9983599879258">
    <ele>150.59</ele>
   </trkpt>
   <trkpt lat="54.02346000000001" lon="22.998800000000003">
    <ele>150.02</ele>
   </trkpt>
   <trkpt lat="54.024033334859055" lon="22.9992266549148">
    <ele>149.52</ele>
   </trkpt>
   <trkpt lat="54.02460666820772" lon="22.999653321592653">
    <ele>150.49</ele>
   </trkpt>
   <trkpt lat="54.025180000000006" lon="23.00008">
    <ele>153.47000000000003</ele>
   </trkpt>
   <trkpt lat="54.02508" lon="23.000000000000004">
    <ele>152.55</ele>
   </trkpt>
   <trkpt lat="54.02507000000001" lon="23.000000000000004">
    <ele>152.54</ele>
   </trkpt>
   <trkpt lat="54.025180000000006" lon="23.00008">
    <ele>153.47000000000003</ele>
   </trkpt>
   <trkpt lat="54.025500004055324" lon="22.999090007650498">
    <ele>153.26</ele>
   </trkpt>
   <trkpt lat="54.02582" lon="22.9981">
    <ele>153.79000000000002</ele>
   </trkpt>
   <trkpt lat="54.02622252268492" lon="22.996750039187194">
    <ele>152.51</ele>
   </trkpt>
   <trkpt lat="54.026625030249" lon="22.995400052242427">
    <ele>154.54000000000002</ele>
   </trkpt>
   <trkpt lat="54.02702752269177" lon="22.9940500391658">
    <ele>156.62</ele>
   </trkpt>
   <trkpt lat="54.02743" lon="22.992700000000003">
    <ele>156.55</ele>
   </trkpt>
   <trkpt lat="54.027810006139205" lon="22.99148001126165">
    <ele>156.07000000000002</ele>
   </trkpt>
   <trkpt lat="54.02819" lon="22.990260000000003">
    <ele>155.8</ele>
   </trkpt>
   <trkpt lat="54.02849500461462" lon="22.98920500774715">
    <ele>156.8</ele>
   </trkpt>
   <trkpt lat="54.028800000000004" lon="22.98815">
    <ele>157.59</ele>
   </trkpt>
   <trkpt lat="54.02902" lon="22.9874">
    <ele>158.63000000000002</ele>
   </trkpt>
   <trkpt lat="54.029310002800294" lon="22.98657500581953">
    <ele>160.35000000000002</ele>
   </trkpt>
   <trkpt lat="54.0296" lon="22.985750000000003">
    <ele>158.48000000000002</ele>
   </trkpt>
   <trkpt lat="54.02995000000001" lon="22.984820000000003">
    <ele>158.60000000000002</ele>
   </trkpt>
   <trkpt lat="54.029970000000006" lon="22.98469">
    <ele>158.59</ele>
   </trkpt>
   <trkpt lat="54.02996" lon="22.98457">
    <ele>158.53</ele>
   </trkpt>
   <trkpt lat="54.029860000000006" lon="22.984330000000003">
    <ele>158.35000000000002</ele>
   </trkpt>
   <trkpt lat="54.029860000000006" lon="22.98432">
    <ele>158.34</ele>
   </trkpt>
   <trkpt lat="54.0294" lon="22.983520000000002">
    <ele>158.95000000000002</ele>
   </trkpt>
   <trkpt lat="54.02980500123716" lon="22.982975005301437">
    <ele>159.32999999999998</ele>
   </trkpt>
   <trkpt lat="54.030210000000004" lon="22.98243">
    <ele>159.48000000000002</ele>
   </trkpt>
   <trkpt lat="54.03031000000001" lon="22.98235">
    <ele>159.41000000000003</ele>
   </trkpt>
   <trkpt lat="54.03067000000001" lon="22.982010000000002">
    <ele>157.08</ele>
   </trkpt>
   <trkpt lat="54.03072" lon="22.981920000000002">
    <ele>157.08</ele>
   </trkpt>
   <trkpt lat="54.03078000000001" lon="22.981640000000002">
    <ele>156.04000000000002</ele>
   </trkpt>
   <trkpt lat="54.03103" lon="22.981810000000003">
    <ele>156.28</ele>
   </trkpt>
   <trkpt lat="54.03135" lon="22.98194">
    <ele>156.68</ele>
   </trkpt>
   <trkpt lat="54.03134000000001" lon="22.98194">
    <ele>156.67</ele>
   </trkpt>
   <trkpt lat="54.031580000000005" lon="22.98204">
    <ele>157.05</ele>
   </trkpt>
   <trkpt lat="54.03244000072419" lon="22.98233998758178">
    <ele>157.15</ele>
   </trkpt>
   <trkpt lat="54.03330000070173" lon="22.982639987573645">
    <ele>156.78</ele>
   </trkpt>
   <trkpt lat="54.03416000000001" lon="22.982940000000003">
    <ele>155.67</ele>
   </trkpt>
   <trkpt lat="54.03482500063092" lon="22.98316748907863">
    <ele>155.54000000000002</ele>
   </trkpt>
   <trkpt lat="54.035490000832475" lon="22.9833949854349">
    <ele>154.97000000000003</ele>
   </trkpt>
   <trkpt lat="54.036155000604644" lon="22.983622489069226">
    <ele>154.82000000000002</ele>
   </trkpt>
   <trkpt lat="54.036820000000006" lon="22.98385">
    <ele>155.53</ele>
   </trkpt>
   <trkpt lat="54.037440000299824" lon="22.98404332756323">
    <ele>156.56</ele>
   </trkpt>
   <trkpt lat="54.03806000028958" lon="22.984236660893266">
    <ele>158.25</ele>
   </trkpt>
   <trkpt lat="54.03868000000001" lon="22.984430000000003">
    <ele>159.25</ele>
   </trkpt>
   <trkpt lat="54.03867" lon="22.984430000000003">
    <ele>159.25</ele>
   </trkpt>
   <trkpt lat="54.03927000020886" lon="22.984589995380098">
    <ele>159.66000000000003</ele>
   </trkpt>
   <trkpt lat="54.03987000020535" lon="22.984749995379087">
    <ele>159.85000000000002</ele>
   </trkpt>
   <trkpt lat="54.040470000000006" lon="22.984910000000003">
    <ele>159.27</ele>
   </trkpt>
   <trkpt lat="54.04113" lon="22.985120000000002">
    <ele>159.24</ele>
   </trkpt>
   <trkpt lat="54.04173" lon="22.98534">
    <ele>159.82999999999998</ele>
   </trkpt>
   <trkpt lat="54.042210000283504" lon="22.98555499755815">
    <ele>161.34</ele>
   </trkpt>
   <trkpt lat="54.04269000000001" lon="22.985770000000002">
    <ele>162.20000000000002</ele>
   </trkpt>
   <trkpt lat="54.04327000000001" lon="22.986060000000002">
    <ele>163.13000000000002</ele>
   </trkpt>
   <trkpt lat="54.0437" lon="22.98647">
    <ele>163.43</ele>
   </trkpt>
   <trkpt lat="54.043800000000005" lon="22.98626">
    <ele>163.38000000000002</ele>
   </trkpt>
   <trkpt lat="54.043940000000006" lon="22.98637">
    <ele>163.39000000000001</ele>
   </trkpt>
   <trkpt lat="54.04459600958427" lon="22.98712995201668">
    <ele>163.15</ele>
   </trkpt>
   <trkpt lat="54.04525201437762" lon="22.987889928024945">
    <ele>162.78</ele>
   </trkpt>
   <trkpt lat="54.045908014379755" lon="22.988649928025964">
    <ele>162.54000000000002</ele>
   </trkpt>
   <trkpt lat="54.04656400959043" lon="22.989409952020885">
    <ele>162.70000000000002</ele>
   </trkpt>
   <trkpt lat="54.04722" lon="22.990170000000003">
    <ele>161.04000000000002</ele>
   </trkpt>
   <trkpt lat="54.04793772489587" lon="22.99097906304735">
    <ele>159.99</ele>
   </trkpt>
   <trkpt lat="54.04865544436179" lon="22.991788154043093">
    <ele>159.35000000000002</ele>
   </trkpt>
   <trkpt lat="54.049373158397415" lon="22.992597272988725">
    <ele>159.31</ele>
   </trkpt>
   <trkpt lat="54.05009086700242" lon="22.993406419885737">
    <ele>158.5</ele>
   </trkpt>
   <trkpt lat="54.05080857017647" lon="22.994215594735607">
    <ele>156.89</ele>
   </trkpt>
   <trkpt lat="54.05152626791923" lon="22.995024797539845">
    <ele>158.58</ele>
   </trkpt>
   <trkpt lat="54.052243960230385" lon="22.995834028299928">
    <ele>159.89000000000001</ele>
   </trkpt>
   <trkpt lat="54.0529616471096" lon="22.996643287017356">
    <ele>160.35000000000002</ele>
   </trkpt>
   <trkpt lat="54.05367932855651" lon="22.99745257369361">
    <ele>158.62</ele>
   </trkpt>
   <trkpt lat="54.05439700457085" lon="22.998261888330195">
    <ele>157.9</ele>
   </trkpt>
   <trkpt lat="54.05511467515223" lon="22.99907123092859">
    <ele>159.10000000000002</ele>
   </trkpt>
   <trkpt lat="54.05583234030036" lon="22.999880601490297">
    <ele>159.32999999999998</ele>
   </trkpt>
   <trkpt lat="54.05655" lon="23.000690000000002">
    <ele>156.06</ele>
   </trkpt>
   <trkpt lat="54.05679000000001" lon="23.00093">
    <ele>154.07000000000002</ele>
   </trkpt>
   <trkpt lat="54.056920000000005" lon="23.000860000000003">
    <ele>153.14000000000001</ele>
   </trkpt>
   <trkpt lat="54.057030000000005" lon="23.000750000000004">
    <ele>152.60000000000002</ele>
   </trkpt>
   <trkpt lat="54.05749" lon="23.00016">
    <ele>151.64000000000001</ele>
   </trkpt>
   <trkpt lat="54.05749" lon="23.00017">
    <ele>151.64000000000001</ele>
   </trkpt>
   <trkpt lat="54.058066671498665" lon="22.9994066878616">
    <ele>151.35000000000002</ele>
   </trkpt>
   <trkpt lat="54.058643338164714" lon="22.998643354529488">
    <ele>150.24</ele>
   </trkpt>
   <trkpt lat="54.05922" lon="22.997880000000002">
    <ele>148.12</ele>
   </trkpt>
   <trkpt lat="54.05975500195562" lon="22.997215008414017">
    <ele>146.18</ele>
   </trkpt>
   <trkpt lat="54.06029" lon="22.996550000000003">
    <ele>144.88</ele>
   </trkpt>
   <trkpt lat="54.06100251024427" lon="22.99564254670441">
    <ele>145.24</ele>
   </trkpt>
   <trkpt lat="54.06171501365863" lon="22.99473506227447">
    <ele>145.64000000000001</ele>
   </trkpt>
   <trkpt lat="54.06242751024264" lon="22.99382754670859">
    <ele>145.8</ele>
   </trkpt>
   <trkpt lat="54.063140000000004" lon="22.99292">
    <ele>147.17000000000002</ele>
   </trkpt>
   <trkpt lat="54.063550000000006" lon="22.992410000000003">
    <ele>147.95000000000002</ele>
   </trkpt>
   <trkpt lat="54.06387" lon="22.99211">
    <ele>148.16000000000003</ele>
   </trkpt>
   <trkpt lat="54.064040000000006" lon="22.99201">
    <ele>148.16000000000003</ele>
   </trkpt>
   <trkpt lat="54.06421" lon="22.991940000000003">
    <ele>148.35</ele>
   </trkpt>
   <trkpt lat="54.064330000000005" lon="22.99191">
    <ele>148.35</ele>
   </trkpt>
   <trkpt lat="54.06463" lon="22.991870000000002">
    <ele>148.61</ele>
   </trkpt>
   <trkpt lat="54.06486" lon="22.99191">
    <ele>148.77</ele>
   </trkpt>
   <trkpt lat="54.065200000000004" lon="22.992030000000003">
    <ele>149.33</ele>
   </trkpt>
   <trkpt lat="54.06584000066619" lon="22.992424993924296">
    <ele>148.50000000000003</ele>
   </trkpt>
   <trkpt lat="54.066480000000006" lon="22.992820000000002">
    <ele>147.53000000000003</ele>
   </trkpt>
   <trkpt lat="54.06683" lon="22.992990000000002">
    <ele>147.35</ele>
   </trkpt>
   <trkpt lat="54.06729000000001" lon="22.993100000000002">
    <ele>147.9</ele>
   </trkpt>
   <trkpt lat="54.067640000000004" lon="22.993160000000003">
    <ele>148.06000000000003</ele>
   </trkpt>
   <trkpt lat="54.06774000000001" lon="22.99322">
    <ele>148.25000000000003</ele>
   </trkpt>
   <trkpt lat="54.06779" lon="22.993280000000002">
    <ele>148.25000000000003</ele>
   </trkpt>
   <trkpt lat="54.067870000000006" lon="22.993450000000003">
    <ele>148.3</ele>
   </trkpt>
   <trkpt lat="54.068090000000005" lon="22.994110000000003">
    <ele>148.48</ele>
   </trkpt>
   <trkpt lat="54.068090000000005" lon="22.994100000000003">
    <ele>148.48</ele>
   </trkpt>
   <trkpt lat="54.068426675330684" lon="22.99512331667672">
    <ele>148.14000000000001</ele>
   </trkpt>
   <trkpt lat="54.06876334197691" lon="22.996146649947654">
    <ele>147.77</ele>
   </trkpt>
   <trkpt lat="54.069100000000006" lon="22.99717">
    <ele>148.17000000000002</ele>
   </trkpt>
   <trkpt lat="54.069300000000005" lon="22.997670000000003">
    <ele>148.24</ele>
   </trkpt>
   <trkpt lat="54.06942" lon="22.99789">
    <ele>148.24</ele>
   </trkpt>
   <trkpt lat="54.06956" lon="22.99808">
    <ele>148.13</ele>
   </trkpt>
   <trkpt lat="54.069995000919164" lon="22.998554995005705">
    <ele>148.7</ele>
   </trkpt>
   <trkpt lat="54.07043" lon="22.99903">
    <ele>148.95</ele>
   </trkpt>
   <trkpt lat="54.070840000000004" lon="22.99952">
    <ele>148.69000000000003</ele>
   </trkpt>
   <trkpt lat="54.071090000000005" lon="22.999940000000002">
    <ele>148.25000000000003</ele>
   </trkpt>
   <trkpt lat="54.07123000000001" lon="23.000210000000003">
    <ele>147.34</ele>
   </trkpt>
   <trkpt lat="54.071560000000005" lon="23.000980000000002">
    <ele>147.12</ele>
   </trkpt>
   <trkpt lat="54.071960000000004" lon="23.002070000000003">
    <ele>147.38</ele>
   </trkpt>
   <trkpt lat="54.07218500322707" lon="23.00294499546222">
    <ele>147.73</ele>
   </trkpt>
   <trkpt lat="54.072410000000005" lon="23.00382">
    <ele>147.65</ele>
   </trkpt>
   <trkpt lat="54.07262000000001" lon="23.004360000000002">
    <ele>147.86</ele>
   </trkpt>
   <trkpt lat="54.07282000000001" lon="23.004550000000002">
    <ele>148.00000000000003</ele>
   </trkpt>
   <trkpt lat="54.07344500010632" lon="23.00474999697004">
    <ele>148.06000000000003</ele>
   </trkpt>
   <trkpt lat="54.074070000000006" lon="23.00495">
    <ele>148.16000000000003</ele>
   </trkpt>
   <trkpt lat="54.07453" lon="23.005180000000003">
    <ele>148.16000000000003</ele>
   </trkpt>
   <trkpt lat="54.075340000000004" lon="23.005750000000003">
    <ele>148.17000000000002</ele>
   </trkpt>
   <trkpt lat="54.07564000000001" lon="23.005910000000004">
    <ele>148.04</ele>
   </trkpt>
   <trkpt lat="54.075790000000005" lon="23.00597">
    <ele>148.08</ele>
   </trkpt>
   <trkpt lat="54.076460000000004" lon="23.00607">
    <ele>148.02</ele>
   </trkpt>
   <trkpt lat="54.07645" lon="23.00607">
    <ele>148.02</ele>
   </trkpt>
   <trkpt lat="54.07726500006161" lon="23.006119999021447">
    <ele>147.76</ele>
   </trkpt>
   <trkpt lat="54.07808000000001" lon="23.00617">
    <ele>146.96</ele>
   </trkpt>
   <trkpt lat="54.07859000012742" lon="23.006030001707483">
    <ele>146.91</ele>
   </trkpt>
   <trkpt lat="54.079100000000004" lon="23.00589">
    <ele>146.73</ele>
   </trkpt>
   <trkpt lat="54.07921" lon="23.0059">
    <ele>146.82</ele>
   </trkpt>
   <trkpt lat="54.07985500011897" lon="23.006079997198526">
    <ele>147.55</ele>
   </trkpt>
   <trkpt lat="54.08050000000001" lon="23.00626">
    <ele>147.72000000000003</ele>
   </trkpt>
   <trkpt lat="54.08095" lon="23.006330000000002">
    <ele>147.72000000000003</ele>
   </trkpt>
   <trkpt lat="54.08167" lon="23.006210000000003">
    <ele>146.84</ele>
   </trkpt>
   <trkpt lat="54.082010000000004" lon="23.00618">
    <ele>146.86</ele>
   </trkpt>
   <trkpt lat="54.082370000000004" lon="23.006220000000003">
    <ele>146.83</ele>
   </trkpt>
   <trkpt lat="54.08299500023143" lon="23.006389997470194">
    <ele>146.76</ele>
   </trkpt>
   <trkpt lat="54.08362" lon="23.00656">
    <ele>147.17000000000002</ele>
   </trkpt>
   <trkpt lat="54.08361000000001" lon="23.00656">
    <ele>147.17000000000002</ele>
   </trkpt>
   <trkpt lat="54.083920000000006" lon="23.006690000000003">
    <ele>147.55</ele>
   </trkpt>
   <trkpt lat="54.08404" lon="23.00683">
    <ele>147.55</ele>
   </trkpt>
   <trkpt lat="54.08417000000001" lon="23.0071">
    <ele>147.72000000000003</ele>
   </trkpt>
   <trkpt lat="54.08422" lon="23.007170000000002">
    <ele>147.94000000000003</ele>
   </trkpt>
   <trkpt lat="54.084360000000004" lon="23.00729">
    <ele>148.00000000000003</ele>
   </trkpt>
   <trkpt lat="54.084480000000006" lon="23.007360000000002">
    <ele>147.89000000000001</ele>
   </trkpt>
   <trkpt lat="54.08447" lon="23.007440000000003">
    <ele>147.59</ele>
   </trkpt>
   <trkpt lat="54.0844" lon="23.007460000000002">
    <ele>147.59</ele>
   </trkpt>
   <trkpt lat="54.08438" lon="23.007510000000003">
    <ele>147.59</ele>
   </trkpt>
   <trkpt lat="54.084270000000004" lon="23.00797">
    <ele>146.39000000000001</ele>
   </trkpt>
   <trkpt lat="54.08407500344429" lon="23.008885004424656">
    <ele>146.08</ele>
   </trkpt>
   <trkpt lat="54.08388000000001" lon="23.009800000000002">
    <ele>147.76</ele>
   </trkpt>
   <trkpt lat="54.08388000000001" lon="23.009870000000003">
    <ele>147.76</ele>
   </trkpt>
   <trkpt lat="54.083920000000006" lon="23.009980000000002">
    <ele>148.44000000000003</ele>
   </trkpt>
   <trkpt lat="54.08390000000001" lon="23.010060000000003">
    <ele>148.44000000000003</ele>
   </trkpt>
   <trkpt lat="54.083940000000005" lon="23.01013">
    <ele>148.97000000000003</ele>
   </trkpt>
   <trkpt lat="54.08437000000001" lon="23.011390000000002">
    <ele>150.05</ele>
   </trkpt>
   <trkpt lat="54.084500000000006" lon="23.011760000000002">
    <ele>150.16000000000003</ele>
   </trkpt>
   <trkpt lat="54.08469" lon="23.012150000000002">
    <ele>149.77</ele>
   </trkpt>
   <trkpt lat="54.084880000000005" lon="23.012490000000003">
    <ele>148.55</ele>
   </trkpt>
   <trkpt lat="54.084740000000004" lon="23.01303">
    <ele>150.26</ele>
   </trkpt>
   <trkpt lat="54.08446000000001" lon="23.013140000000003">
    <ele>151.4</ele>
   </trkpt>
   <trkpt lat="54.08438" lon="23.013240000000003">
    <ele>151.59</ele>
   </trkpt>
   <trkpt lat="54.084300000000006" lon="23.01338">
    <ele>151.63000000000002</ele>
   </trkpt>
   <trkpt lat="54.084210000000006" lon="23.013430000000003">
    <ele>151.60000000000002</ele>
   </trkpt>
   <trkpt lat="54.084" lon="23.013420000000004">
    <ele>151.29</ele>
   </trkpt>
   <trkpt lat="54.08388000000001" lon="23.013450000000002">
    <ele>151.31</ele>
   </trkpt>
   <trkpt lat="54.08364" lon="23.013800000000003">
    <ele>152.35000000000002</ele>
   </trkpt>
   <trkpt lat="54.08337" lon="23.014100000000003">
    <ele>155.0</ele>
   </trkpt>
   <trkpt lat="54.083180000000006" lon="23.014450000000004">
    <ele>156.16000000000003</ele>
   </trkpt>
   <trkpt lat="54.082910000000005" lon="23.014660000000003">
    <ele>155.75</ele>
   </trkpt>
   <trkpt lat="54.082620000000006" lon="23.015430000000002">
    <ele>155.57000000000002</ele>
   </trkpt>
   <trkpt lat="54.082370000000004" lon="23.01595">
    <ele>157.35999999999999</ele>
   </trkpt>
   <trkpt lat="54.082390000000004" lon="23.016060000000003">
    <ele>157.64</ele>
   </trkpt>
   <trkpt lat="54.08238000000001" lon="23.016240000000003">
    <ele>157.96</ele>
   </trkpt>
   <trkpt lat="54.082330000000006" lon="23.016530000000003">
    <ele>158.78</ele>
   </trkpt>
   <trkpt lat="54.08227" lon="23.01668">
    <ele>159.29000000000002</ele>
   </trkpt>
   <trkpt lat="54.08194" lon="23.01724">
    <ele>162.39000000000001</ele>
   </trkpt>
   <trkpt lat="54.08162" lon="23.017850000000003">
    <ele>163.42000000000002</ele>
   </trkpt>
   <trkpt lat="54.081590000000006" lon="23.017950000000003">
    <ele>163.42000000000002</ele>
   </trkpt>
   <trkpt lat="54.08158" lon="23.018150000000002">
    <ele>163.49</ele>
   </trkpt>
   <trkpt lat="54.08165" lon="23.019160000000003">
    <ele>164.92000000000002</ele>
   </trkpt>
   <trkpt lat="54.08165" lon="23.01996">
    <ele>164.69</ele>
   </trkpt>
   <trkpt lat="54.08173000000001" lon="23.0208">
    <ele>164.63000000000002</ele>
   </trkpt>
   <trkpt lat="54.08185" lon="23.021330000000003">
    <ele>163.67000000000002</ele>
   </trkpt>
   <trkpt lat="54.08194" lon="23.021610000000003">
    <ele>162.59</ele>
   </trkpt>
   <trkpt lat="54.082100000000004" lon="23.022000000000002">
    <ele>160.87</ele>
   </trkpt>
   <trkpt lat="54.082100000000004" lon="23.02214">
    <ele>160.87</ele>
   </trkpt>
   <trkpt lat="54.08203" lon="23.02259">
    <ele>159.21</ele>
   </trkpt>
   <trkpt lat="54.08202000000001" lon="23.02288">
    <ele>158.13000000000002</ele>
   </trkpt>
   <trkpt lat="54.08202000000001" lon="23.02287">
    <ele>158.15</ele>
   </trkpt>
   <trkpt lat="54.08203" lon="23.023190000000003">
    <ele>157.46</ele>
   </trkpt>
   <trkpt lat="54.08205" lon="23.02334">
    <ele>157.37</ele>
   </trkpt>
   <trkpt lat="54.082100000000004" lon="23.023480000000003">
    <ele>157.44000000000003</ele>
   </trkpt>
   <trkpt lat="54.082420000000006" lon="23.02408">
    <ele>157.85000000000002</ele>
   </trkpt>
   <trkpt lat="54.08259" lon="23.024520000000003">
    <ele>157.34</ele>
   </trkpt>
   <trkpt lat="54.08279" lon="23.024800000000003">
    <ele>156.60999999999999</ele>
   </trkpt>
   <trkpt lat="54.08283" lon="23.02504">
    <ele>155.77</ele>
   </trkpt>
   <trkpt lat="54.08281" lon="23.025190000000002">
    <ele>154.33</ele>
   </trkpt>
   <trkpt lat="54.082770000000004" lon="23.02531">
    <ele>154.33</ele>
   </trkpt>
   <trkpt lat="54.082440000000005" lon="23.02599">
    <ele>152.62</ele>
   </trkpt>
   <trkpt lat="54.08238000000001" lon="23.026190000000003">
    <ele>153.16000000000003</ele>
   </trkpt>
   <trkpt lat="54.082370000000004" lon="23.026390000000003">
    <ele>153.96</ele>
   </trkpt>
   <trkpt lat="54.08238000000001" lon="23.02663">
    <ele>154.60000000000002</ele>
   </trkpt>
   <trkpt lat="54.082440000000005" lon="23.02701">
    <ele>156.5</ele>
   </trkpt>
   <trkpt lat="54.082460000000005" lon="23.027320000000003">
    <ele>157.09</ele>
   </trkpt>
   <trkpt lat="54.08247000000001" lon="23.02765">
    <ele>156.78</ele>
   </trkpt>
   <trkpt lat="54.08243" lon="23.028010000000002">
    <ele>156.59</ele>
   </trkpt>
   <trkpt lat="54.08220000000001" lon="23.02907">
    <ele>158.67000000000002</ele>
   </trkpt>
   <trkpt lat="54.08200000000001" lon="23.02955">
    <ele>159.05</ele>
   </trkpt>
   <trkpt lat="54.08196" lon="23.029860000000003">
    <ele>158.17000000000002</ele>
   </trkpt>
   <trkpt lat="54.08203" lon="23.03029">
    <ele>157.5</ele>
   </trkpt>
   <trkpt lat="54.08203" lon="23.030410000000003">
    <ele>157.10999999999999</ele>
   </trkpt>
   <trkpt lat="54.082080000000005" lon="23.03059">
    <ele>156.78</ele>
   </trkpt>
   <trkpt lat="54.08221" lon="23.03084">
    <ele>155.42</ele>
   </trkpt>
   <trkpt lat="54.082300000000004" lon="23.031060000000004">
    <ele>154.92</ele>
   </trkpt>
   <trkpt lat="54.08229000000001" lon="23.031060000000004">
    <ele>154.93</ele>
   </trkpt>
   <trkpt lat="54.082550003970354" lon="23.032034994001275">
    <ele>153.03</ele>
   </trkpt>
   <trkpt lat="54.08281" lon="23.03301">
    <ele>155.54000000000002</ele>
   </trkpt>
   <trkpt lat="54.08292" lon="23.033330000000003">
    <ele>157.09</ele>
   </trkpt>
   <trkpt lat="54.08321" lon="23.033830000000002">
    <ele>161.96</ele>
   </trkpt>
   <trkpt lat="54.083270000000006" lon="23.03396">
    <ele>162.75</ele>
   </trkpt>
   <trkpt lat="54.083290000000005" lon="23.034100000000002">
    <ele>163.35000000000002</ele>
   </trkpt>
   <trkpt lat="54.083290000000005" lon="23.034270000000003">
    <ele>163.85000000000002</ele>
   </trkpt>
   <trkpt lat="54.08343000000001" lon="23.035480000000003">
    <ele>166.22</ele>
   </trkpt>
   <trkpt lat="54.083490000000005" lon="23.03572">
    <ele>166.4</ele>
   </trkpt>
   <trkpt lat="54.08361000000001" lon="23.035970000000002">
    <ele>167.06</ele>
   </trkpt>
   <trkpt lat="54.08382" lon="23.036320000000003">
    <ele>167.61</ele>
   </trkpt>
   <trkpt lat="54.083890000000004" lon="23.03638">
    <ele>167.97</ele>
   </trkpt>
   <trkpt lat="54.083960000000005" lon="23.036410000000004">
    <ele>167.97</ele>
   </trkpt>
   <trkpt lat="54.08413" lon="23.03675">
    <ele>168.66</ele>
   </trkpt>
   <trkpt lat="54.08451" lon="23.037350000000004">
    <ele>170.75</ele>
   </trkpt>
   <trkpt lat="54.084700000000005" lon="23.037760000000002">
    <ele>169.88</ele>
   </trkpt>
   <trkpt lat="54.08502000000001" lon="23.03799">
    <ele>169.38</ele>
   </trkpt>
   <trkpt lat="54.08540000000001" lon="23.03818">
    <ele>169.22</ele>
   </trkpt>
   <trkpt lat="54.08569000000001" lon="23.03826">
    <ele>168.86</ele>
   </trkpt>
   <trkpt lat="54.0859" lon="23.03828">
    <ele>169.13</ele>
   </trkpt>
   <trkpt lat="54.08634000000001" lon="23.038290000000003">
    <ele>170.16</ele>
   </trkpt>
   <trkpt lat="54.086490000000005" lon="23.038380000000004">
    <ele>170.56</ele>
   </trkpt>
   <trkpt lat="54.08672000000001" lon="23.038380000000004">
    <ele>171.77</ele>
   </trkpt>
   <trkpt lat="54.086830000000006" lon="23.038320000000002">
    <ele>171.77</ele>
   </trkpt>
   <trkpt lat="54.08693" lon="23.03828">
    <ele>172.16</ele>
   </trkpt>
   <trkpt lat="54.087360000000004" lon="23.038310000000003">
    <ele>172.68000000000004</ele>
   </trkpt>
   <trkpt lat="54.08744000000001" lon="23.03835">
    <ele>172.68000000000004</ele>
   </trkpt>
   <trkpt lat="54.087500000000006" lon="23.03847">
    <ele>172.72</ele>
   </trkpt>
   <trkpt lat="54.087590000000006" lon="23.03875">
    <ele>172.63</ele>
   </trkpt>
   <trkpt lat="54.087610000000005" lon="23.038890000000002">
    <ele>172.63</ele>
   </trkpt>
   <trkpt lat="54.087590000000006" lon="23.0392">
    <ele>172.14000000000001</ele>
   </trkpt>
   <trkpt lat="54.0876" lon="23.03938">
    <ele>171.66</ele>
   </trkpt>
   <trkpt lat="54.087540000000004" lon="23.039820000000002">
    <ele>169.44</ele>
   </trkpt>
   <trkpt lat="54.087500000000006" lon="23.039990000000003">
    <ele>167.17000000000002</ele>
   </trkpt>
   <trkpt lat="54.08749" lon="23.04016">
    <ele>167.17000000000002</ele>
   </trkpt>
   <trkpt lat="54.08753" lon="23.040460000000003">
    <ele>163.5</ele>
   </trkpt>
   <trkpt lat="54.087680000000006" lon="23.04119">
    <ele>159.82000000000002</ele>
   </trkpt>
   <trkpt lat="54.087830000000004" lon="23.041760000000004">
    <ele>157.29000000000002</ele>
   </trkpt>
   <trkpt lat="54.087880000000006" lon="23.041880000000003">
    <ele>155.49</ele>
   </trkpt>
   <trkpt lat="54.087880000000006" lon="23.041870000000003">
    <ele>155.68</ele>
   </trkpt>
   <trkpt lat="54.088210000000004" lon="23.04248">
    <ele>151.55</ele>
   </trkpt>
   <trkpt lat="54.08829000000001" lon="23.042720000000003">
    <ele>150.97000000000003</ele>
   </trkpt>
   <trkpt lat="54.08845" lon="23.04342">
    <ele>151.05</ele>
   </trkpt>
   <trkpt lat="54.08847" lon="23.043680000000002">
    <ele>151.83</ele>
   </trkpt>
   <trkpt lat="54.08845" lon="23.04417">
    <ele>152.24</ele>
   </trkpt>
   <trkpt lat="54.08847" lon="23.044420000000002">
    <ele>152.43</ele>
   </trkpt>
   <trkpt lat="54.08845" lon="23.04465">
    <ele>152.67</ele>
   </trkpt>
   <trkpt lat="54.08856" lon="23.04456">
    <ele>152.53</ele>
   </trkpt>
   <trkpt lat="54.089000000000006" lon="23.04445">
    <ele>152.49</ele>
   </trkpt>
   <trkpt lat="54.08939" lon="23.04408">
    <ele>153.09</ele>
   </trkpt>
   <trkpt lat="54.08963000000001" lon="23.043920000000004">
    <ele>152.82000000000002</ele>
   </trkpt>
   <trkpt lat="54.09001000000001" lon="23.043740000000003">
    <ele>154.17</ele>
   </trkpt>
   <trkpt lat="54.090230000000005" lon="23.043680000000002">
    <ele>154.59</ele>
   </trkpt>
   <trkpt lat="54.0906" lon="23.043570000000003">
    <ele>155.46</ele>
   </trkpt>
   <trkpt lat="54.090720000000005" lon="23.043560000000003">
    <ele>155.45</ele>
   </trkpt>
   <trkpt lat="54.090830000000004" lon="23.04361">
    <ele>154.82000000000002</ele>
   </trkpt>
   <trkpt lat="54.090920000000004" lon="23.0437">
    <ele>154.09</ele>
   </trkpt>
   <trkpt lat="54.090990000000005" lon="23.043830000000003">
    <ele>153.21</ele>
   </trkpt>
   <trkpt lat="54.09114" lon="23.04425">
    <ele>150.38000000000002</ele>
   </trkpt>
   <trkpt lat="54.09131000000001" lon="23.044600000000003">
    <ele>147.61</ele>
   </trkpt>
   <trkpt lat="54.091590000000004" lon="23.04493">
    <ele>145.83</ele>
   </trkpt>
   <trkpt lat="54.0917" lon="23.04502">
    <ele>145.61</ele>
   </trkpt>
   <trkpt lat="54.09192" lon="23.04511">
    <ele>145.50000000000003</ele>
   </trkpt>
   <trkpt lat="54.092580000000005" lon="23.0453">
    <ele>148.85</ele>
   </trkpt>
   <trkpt lat="54.09259" lon="23.044770000000003">
    <ele>149.45</ele>
   </trkpt>
   <trkpt lat="54.09273" lon="23.04453">
    <ele>149.95</ele>
   </trkpt>
   <trkpt lat="54.092870000000005" lon="23.044420000000002">
    <ele>150.12</ele>
   </trkpt>
   <trkpt lat="54.09313" lon="23.044310000000003">
    <ele>149.89000000000001</ele>
   </trkpt>
   <trkpt lat="54.09367" lon="23.044310000000003">
    <ele>149.45</ele>
   </trkpt>
   <trkpt lat="54.09384000000001" lon="23.044230000000002">
    <ele>149.45</ele>
   </trkpt>
   <trkpt lat="54.09396" lon="23.0441">
    <ele>149.59</ele>
   </trkpt>
   <trkpt lat="54.094240000000006" lon="23.043580000000002">
    <ele>149.81</ele>
   </trkpt>
   <trkpt lat="54.09452" lon="23.04323">
    <ele>149.57</ele>
   </trkpt>
   <trkpt lat="54.09472" lon="23.04304">
    <ele>149.85</ele>
   </trkpt>
   <trkpt lat="54.094800000000006" lon="23.04294">
    <ele>150.61</ele>
   </trkpt>
   <trkpt lat="54.09483" lon="23.042800000000003">
    <ele>150.79</ele>
   </trkpt>
   <trkpt lat="54.09481" lon="23.04268">
    <ele>150.94000000000003</ele>
   </trkpt>
   <trkpt lat="54.09476000000001" lon="23.0426">
    <ele>151.15</ele>
   </trkpt>
   <trkpt lat="54.094590000000004" lon="23.042460000000002">
    <ele>151.18</ele>
   </trkpt>
   <trkpt lat="54.094530000000006" lon="23.042360000000002">
    <ele>151.18</ele>
   </trkpt>
   <trkpt lat="54.094440000000006" lon="23.041990000000002">
    <ele>150.86</ele>
   </trkpt>
   <trkpt lat="54.09441" lon="23.04164">
    <ele>151.37</ele>
   </trkpt>
   <trkpt lat="54.09441" lon="23.04163">
    <ele>151.37</ele>
   </trkpt>
   <trkpt lat="54.094370000000005" lon="23.040830000000003">
    <ele>155.34</ele>
   </trkpt>
   <trkpt lat="54.09438" lon="23.040580000000002">
    <ele>156.02</ele>
   </trkpt>
   <trkpt lat="54.094480000000004" lon="23.039890000000003">
    <ele>157.5</ele>
   </trkpt>
   <trkpt lat="54.094660000000005" lon="23.039050000000003">
    <ele>157.72</ele>
   </trkpt>
   <trkpt lat="54.09469000000001" lon="23.03854">
    <ele>158.10999999999999</ele>
   </trkpt>
   <trkpt lat="54.09467000000001" lon="23.03809">
    <ele>159.56</ele>
   </trkpt>
   <trkpt lat="54.09461" lon="23.037940000000003">
    <ele>160.01000000000002</ele>
   </trkpt>
   <trkpt lat="54.09460000000001" lon="23.037770000000002">
    <ele>160.37</ele>
   </trkpt>
   <trkpt lat="54.09465" lon="23.03696">
    <ele>159.34</ele>
   </trkpt>
   <trkpt lat="54.0947" lon="23.03658">
    <ele>158.94000000000003</ele>
   </trkpt>
   <trkpt lat="54.09442000000001" lon="23.03584">
    <ele>159.73000000000002</ele>
   </trkpt>
   <trkpt lat="54.09395000000001" lon="23.034830000000003">
    <ele>161.03</ele>
   </trkpt>
   <trkpt lat="54.093970000000006" lon="23.034640000000003">
    <ele>161.4</ele>
   </trkpt>
   <trkpt lat="54.094150000000006" lon="23.034280000000003">
    <ele>162.72</ele>
   </trkpt>
   <trkpt lat="54.09422000000001" lon="23.03404">
    <ele>162.84</ele>
   </trkpt>
   <trkpt lat="54.09434" lon="23.033250000000002">
    <ele>162.45000000000002</ele>
   </trkpt>
   <trkpt lat="54.09440000000001" lon="23.032940000000004">
    <ele>162.73000000000002</ele>
   </trkpt>
   <trkpt lat="54.09451000000001" lon="23.032660000000003">
    <ele>163.42000000000002</ele>
   </trkpt>
   <trkpt lat="54.09458000000001" lon="23.03217">
    <ele>165.37</ele>
   </trkpt>
   <trkpt lat="54.09458000000001" lon="23.031750000000002">
    <ele>166.49000000000004</ele>
   </trkpt>
   <trkpt lat="54.09465" lon="23.031440000000003">
    <ele>166.58</ele>
   </trkpt>
   <trkpt lat="54.09467000000001" lon="23.03124">
    <ele>166.0</ele>
   </trkpt>
   <trkpt lat="54.094660000000005" lon="23.03104">
    <ele>165.23000000000002</ele>
   </trkpt>
   <trkpt lat="54.09460000000001" lon="23.03084">
    <ele>165.23000000000002</ele>
   </trkpt>
   <trkpt lat="54.094460000000005" lon="23.03056">
    <ele>163.26000000000002</ele>
   </trkpt>
   <trkpt lat="54.094370000000005" lon="23.030410000000003">
    <ele>162.78</ele>
   </trkpt>
   <trkpt lat="54.094300000000004" lon="23.030170000000002">
    <ele>161.93</ele>
   </trkpt>
   <trkpt lat="54.09422000000001" lon="23.02953">
    <ele>160.84</ele>
   </trkpt>
   <trkpt lat="54.09423" lon="23.029210000000003">
    <ele>160.15</ele>
   </trkpt>
   <trkpt lat="54.09443" lon="23.02833">
    <ele>156.05</ele>
   </trkpt>
   <trkpt lat="54.09469000000001" lon="23.027700000000003">
    <ele>153.06</ele>
   </trkpt>
   <trkpt lat="54.094750000000005" lon="23.027520000000003">
    <ele>152.22000000000003</ele>
   </trkpt>
   <trkpt lat="54.094770000000004" lon="23.027310000000003">
    <ele>151.56</ele>
   </trkpt>
   <trkpt lat="54.094750000000005" lon="23.026760000000003">
    <ele>149.00000000000003</ele>
   </trkpt>
   <trkpt lat="54.094680000000004" lon="23.02662">
    <ele>148.18</ele>
   </trkpt>
   <trkpt lat="54.09456" lon="23.026480000000003">
    <ele>147.57</ele>
   </trkpt>
   <trkpt lat="54.094840000000005" lon="23.026560000000003">
    <ele>147.01</ele>
   </trkpt>
   <trkpt lat="54.09507000000001" lon="23.026560000000003">
    <ele>146.83</ele>
   </trkpt>
   <trkpt lat="54.095220000000005" lon="23.026500000000002">
    <ele>146.89000000000001</ele>
   </trkpt>
   <trkpt lat="54.09534000000001" lon="23.026480000000003">
    <ele>147.14000000000001</ele>
   </trkpt>
   <trkpt lat="54.095580000000005" lon="23.026490000000003">
    <ele>147.77</ele>
   </trkpt>
   <trkpt lat="54.09570000000001" lon="23.02645">
    <ele>148.3</ele>
   </trkpt>
   <trkpt lat="54.09628000000001" lon="23.026100000000003">
    <ele>152.15</ele>
   </trkpt>
   <trkpt lat="54.096500000000006" lon="23.02598">
    <ele>153.27</ele>
   </trkpt>
   <trkpt lat="54.09666000000001" lon="23.02578">
    <ele>153.44000000000003</ele>
   </trkpt>
   <trkpt lat="54.09676" lon="23.025720000000003">
    <ele>153.16000000000003</ele>
   </trkpt>
   <trkpt lat="54.09687" lon="23.02569">
    <ele>153.14000000000001</ele>
   </trkpt>
   <trkpt lat="54.096990000000005" lon="23.02577">
    <ele>153.15</ele>
   </trkpt>
   <trkpt lat="54.09720000000001" lon="23.02596">
    <ele>153.57000000000002</ele>
   </trkpt>
   <trkpt lat="54.097300000000004" lon="23.026180000000004">
    <ele>153.7</ele>
   </trkpt>
   <trkpt lat="54.09749000000001" lon="23.026380000000003">
    <ele>153.79000000000002</ele>
   </trkpt>
   <trkpt lat="54.09774" lon="23.02643">
    <ele>154.24</ele>
   </trkpt>
   <trkpt lat="54.09805000000001" lon="23.026590000000002">
    <ele>155.06</ele>
   </trkpt>
   <trkpt lat="54.09814000000001" lon="23.026600000000002">
    <ele>155.29000000000002</ele>
   </trkpt>
   <trkpt lat="54.09861000000001" lon="23.02642">
    <ele>152.54</ele>
   </trkpt>
   <trkpt lat="54.09913" lon="23.02635">
    <ele>149.43</ele>
   </trkpt>
   <trkpt lat="54.099250000000005" lon="23.026400000000002">
    <ele>149.43</ele>
   </trkpt>
   <trkpt lat="54.099380000000004" lon="23.026480000000003">
    <ele>148.6</ele>
   </trkpt>
   <trkpt lat="54.099470000000004" lon="23.026580000000003">
    <ele>148.18</ele>
   </trkpt>
   <trkpt lat="54.09987" lon="23.027150000000002">
    <ele>147.97000000000003</ele>
   </trkpt>
   <trkpt lat="54.100030000000004" lon="23.02719">
    <ele>148.04</ele>
   </trkpt>
   <trkpt lat="54.100390000000004" lon="23.027120000000004">
    <ele>149.22000000000003</ele>
   </trkpt>
   <trkpt lat="54.10078000000001" lon="23.02711">
    <ele>152.84</ele>
   </trkpt>
   <trkpt lat="54.101040000000005" lon="23.02702">
    <ele>154.09</ele>
   </trkpt>
   <trkpt lat="54.10139" lon="23.02699">
    <ele>154.31</ele>
   </trkpt>
   <trkpt lat="54.101490000000005" lon="23.027050000000003">
    <ele>154.11</ele>
   </trkpt>
   <trkpt lat="54.10161000000001" lon="23.02719">
    <ele>153.52</ele>
   </trkpt>
   <trkpt lat="54.10161000000001" lon="23.02718">
    <ele>153.56</ele>
   </trkpt>
   <trkpt lat="54.10186" lon="23.02757">
    <ele>151.31</ele>
   </trkpt>
   <trkpt lat="54.10192000000001" lon="23.027620000000002">
    <ele>151.31</ele>
   </trkpt>
   <trkpt lat="54.101980000000005" lon="23.027630000000002">
    <ele>149.71</ele>
   </trkpt>
   <trkpt lat="54.102160000000005" lon="23.02758">
    <ele>148.73</ele>
   </trkpt>
   <trkpt lat="54.10239000000001" lon="23.02748">
    <ele>147.84</ele>
   </trkpt>
   <trkpt lat="54.10251" lon="23.027420000000003">
    <ele>147.6</ele>
   </trkpt>
   <trkpt lat="54.10269" lon="23.027240000000003">
    <ele>147.48</ele>
   </trkpt>
   <trkpt lat="54.10286000000001" lon="23.02662">
    <ele>147.85</ele>
   </trkpt>
   <trkpt lat="54.102940000000004" lon="23.026480000000003">
    <ele>148.58</ele>
   </trkpt>
   <trkpt lat="54.10305" lon="23.02636">
    <ele>149.19000000000003</ele>
   </trkpt>
   <trkpt lat="54.103640000000006" lon="23.025940000000002">
    <ele>151.94000000000003</ele>
   </trkpt>
   <trkpt lat="54.10374" lon="23.02614">
    <ele>152.86</ele>
   </trkpt>
   <trkpt lat="54.10343" lon="23.027040000000003">
    <ele>155.66000000000003</ele>
   </trkpt>
   <trkpt lat="54.103370000000005" lon="23.027310000000003">
    <ele>155.54000000000002</ele>
   </trkpt>
   <trkpt lat="54.103350000000006" lon="23.027690000000003">
    <ele>154.81</ele>
   </trkpt>
   <trkpt lat="54.103390000000005" lon="23.027990000000003">
    <ele>154.59</ele>
   </trkpt>
   <trkpt lat="54.103410000000004" lon="23.028950000000002">
    <ele>152.88000000000002</ele>
   </trkpt>
   <trkpt lat="54.10345500289243" lon="23.029784999140606">
    <ele>151.06</ele>
   </trkpt>
   <trkpt lat="54.103500000000004" lon="23.030620000000003">
    <ele>149.3</ele>
   </trkpt>
   <trkpt lat="54.10349000000001" lon="23.030790000000003">
    <ele>149.14000000000001</ele>
   </trkpt>
   <trkpt lat="54.10345" lon="23.030980000000003">
    <ele>149.07</ele>
   </trkpt>
   <trkpt lat="54.10336" lon="23.031170000000003">
    <ele>149.12</ele>
   </trkpt>
   <trkpt lat="54.10329" lon="23.031390000000002">
    <ele>149.34</ele>
   </trkpt>
   <trkpt lat="54.10322000000001" lon="23.031850000000002">
    <ele>149.4</ele>
   </trkpt>
   <trkpt lat="54.10314" lon="23.03217">
    <ele>149.52</ele>
   </trkpt>
   <trkpt lat="54.10313000000001" lon="23.032380000000003">
    <ele>149.67000000000002</ele>
   </trkpt>
   <trkpt lat="54.103190000000005" lon="23.032780000000002">
    <ele>150.4</ele>
   </trkpt>
   <trkpt lat="54.103190000000005" lon="23.03299">
    <ele>150.73</ele>
   </trkpt>
   <trkpt lat="54.10311" lon="23.03355">
    <ele>152.82000000000002</ele>
   </trkpt>
   <trkpt lat="54.103100000000005" lon="23.03396">
    <ele>155.36</ele>
   </trkpt>
   <trkpt lat="54.103120000000004" lon="23.0344">
    <ele>157.45000000000002</ele>
   </trkpt>
   <trkpt lat="54.10315000000001" lon="23.034650000000003">
    <ele>158.06</ele>
   </trkpt>
   <trkpt lat="54.103190000000005" lon="23.034760000000002">
    <ele>158.64</ele>
   </trkpt>
   <trkpt lat="54.10336" lon="23.035020000000003">
    <ele>160.41000000000003</ele>
   </trkpt>
   <trkpt lat="54.103530000000006" lon="23.035400000000003">
    <ele>160.8</ele>
   </trkpt>
   <trkpt lat="54.103680000000004" lon="23.035590000000003">
    <ele>159.96</ele>
   </trkpt>
   <trkpt lat="54.103770000000004" lon="23.035790000000002">
    <ele>158.48000000000002</ele>
   </trkpt>
   <trkpt lat="54.10398000000001" lon="23.03658">
    <ele>156.33</ele>
   </trkpt>
   <trkpt lat="54.104310000000005" lon="23.03762">
    <ele>156.62</ele>
   </trkpt>
   <trkpt lat="54.104310000000005" lon="23.03761">
    <ele>156.64</ele>
   </trkpt>
   <trkpt lat="54.10443000000001" lon="23.03825">
    <ele>156.3</ele>
   </trkpt>
   <trkpt lat="54.1045" lon="23.03947">
    <ele>157.47000000000003</ele>
   </trkpt>
   <trkpt lat="54.104530000000004" lon="23.040650000000003">
    <ele>159.99</ele>
   </trkpt>
   <trkpt lat="54.10446" lon="23.041200000000003">
    <ele>161.63000000000002</ele>
   </trkpt>
   <trkpt lat="54.104470000000006" lon="23.041400000000003">
    <ele>161.66000000000003</ele>
   </trkpt>
   <trkpt lat="54.104530000000004" lon="23.04162">
    <ele>161.35000000000002</ele>
   </trkpt>
   <trkpt lat="54.10461" lon="23.04181">
    <ele>160.60000000000002</ele>
   </trkpt>
   <trkpt lat="54.104710000000004" lon="23.04194">
    <ele>160.60000000000002</ele>
   </trkpt>
   <trkpt lat="54.10479" lon="23.0421">
    <ele>160.27</ele>
   </trkpt>
   <trkpt lat="54.10486" lon="23.042340000000003">
    <ele>159.99</ele>
   </trkpt>
   <trkpt lat="54.10513" lon="23.04378">
    <ele>157.06</ele>
   </trkpt>
   <trkpt lat="54.10524" lon="23.04418">
    <ele>156.53</ele>
   </trkpt>
   <trkpt lat="54.10542" lon="23.045080000000002">
    <ele>156.52</ele>
   </trkpt>
   <trkpt lat="54.105650000000004" lon="23.046100000000003">
    <ele>153.97000000000003</ele>
   </trkpt>
   <trkpt lat="54.10567" lon="23.04661">
    <ele>154.54000000000002</ele>
   </trkpt>
   <trkpt lat="54.106370000000005" lon="23.04568">
    <ele>159.82999999999998</ele>
   </trkpt>
   <trkpt lat="54.106550000000006" lon="23.045340000000003">
    <ele>161.03</ele>
   </trkpt>
   <trkpt lat="54.106750000000005" lon="23.044780000000003">
    <ele>162.51000000000002</ele>
   </trkpt>
   <trkpt lat="54.106860000000005" lon="23.044510000000002">
    <ele>163.19</ele>
   </trkpt>
   <trkpt lat="54.106930000000006" lon="23.04418">
    <ele>163.58</ele>
   </trkpt>
   <trkpt lat="54.10703" lon="23.043460000000003">
    <ele>164.26000000000002</ele>
   </trkpt>
   <trkpt lat="54.10712" lon="23.04304">
    <ele>164.83</ele>
   </trkpt>
   <trkpt lat="54.1073" lon="23.042620000000003">
    <ele>166.28</ele>
   </trkpt>
   <trkpt lat="54.10736000000001" lon="23.042330000000003">
    <ele>173.26000000000002</ele>
   </trkpt>
   <trkpt lat="54.108050003081665" lon="23.041465014419195">
    <ele>172.92000000000002</ele>
   </trkpt>
   <trkpt lat="54.108740000000004" lon="23.0406">
    <ele>175.34000000000003</ele>
   </trkpt>
   <trkpt lat="54.10938333667069" lon="23.039966686308787">
    <ele>174.3</ele>
   </trkpt>
   <trkpt lat="54.110026670016616" lon="23.039333352963453">
    <ele>172.90000000000003</ele>
   </trkpt>
   <trkpt lat="54.110670000000006" lon="23.038700000000002">
    <ele>172.32</ele>
   </trkpt>
   <trkpt lat="54.110800000000005" lon="23.038590000000003">
    <ele>172.38</ele>
   </trkpt>
   <trkpt lat="54.1114" lon="23.038140000000002">
    <ele>172.16</ele>
   </trkpt>
   <trkpt lat="54.111610000000006" lon="23.038210000000003">
    <ele>172.27</ele>
   </trkpt>
   <trkpt lat="54.11189" lon="23.03834">
    <ele>172.26000000000002</ele>
   </trkpt>
   <trkpt lat="54.1122" lon="23.03855">
    <ele>172.68000000000004</ele>
   </trkpt>
   <trkpt lat="54.11215000000001" lon="23.038380000000004">
    <ele>172.68000000000004</ele>
   </trkpt>
   <trkpt lat="54.11198" lon="23.0376">
    <ele>170.93000000000004</ele>
   </trkpt>
   <trkpt lat="54.11198" lon="23.03732">
    <ele>170.63</ele>
   </trkpt>
   <trkpt lat="54.11249" lon="23.036250000000003">
    <ele>170.04000000000002</ele>
   </trkpt>
   <trkpt lat="54.112750000000005" lon="23.035760000000003">
    <ele>169.44</ele>
   </trkpt>
   <trkpt lat="54.112880000000004" lon="23.035510000000002">
    <ele>169.68000000000004</ele>
   </trkpt>
   <trkpt lat="54.11318000000001" lon="23.034550000000003">
    <ele>170.13</ele>
   </trkpt>
   <trkpt lat="54.11344000383001" lon="23.03359500580526">
    <ele>169.81</ele>
   </trkpt>
   <trkpt lat="54.1137" lon="23.03264">
    <ele>169.01000000000002</ele>
   </trkpt>
   <trkpt lat="54.11391500406636" lon="23.031650005114116">
    <ele>165.63000000000002</ele>
   </trkpt>
   <trkpt lat="54.11413" lon="23.03066">
    <ele>165.61</ele>
   </trkpt>
   <trkpt lat="54.11441000000001" lon="23.029410000000002">
    <ele>164.9</ele>
   </trkpt>
   <trkpt lat="54.114430000000006" lon="23.029190000000003">
    <ele>164.13000000000002</ele>
   </trkpt>
   <trkpt lat="54.11444" lon="23.028740000000003">
    <ele>162.17000000000002</ele>
   </trkpt>
   <trkpt lat="54.11439000000001" lon="23.02776">
    <ele>158.67000000000002</ele>
   </trkpt>
   <trkpt lat="54.11433" lon="23.027310000000003">
    <ele>157.60999999999999</ele>
   </trkpt>
   <trkpt lat="54.114250000000006" lon="23.02708">
    <ele>157.37</ele>
   </trkpt>
   <trkpt lat="54.114110000000004" lon="23.0268">
    <ele>157.15</ele>
   </trkpt>
   <trkpt lat="54.113800000000005" lon="23.026290000000003">
    <ele>157.09</ele>
   </trkpt>
   <trkpt lat="54.113710000000005" lon="23.02607">
    <ele>156.75</ele>
   </trkpt>
   <trkpt lat="54.113600000000005" lon="23.025360000000003">
    <ele>156.45</ele>
   </trkpt>
   <trkpt lat="54.113600000000005" lon="23.025060000000003">
    <ele>156.21</ele>
   </trkpt>
   <trkpt lat="54.113780000000006" lon="23.023940000000003">
    <ele>156.44000000000003</ele>
   </trkpt>
   <trkpt lat="54.113890000000005" lon="23.023650000000004">
    <ele>157.21</ele>
   </trkpt>
   <trkpt lat="54.11403000000001" lon="23.023490000000002">
    <ele>157.48000000000002</ele>
   </trkpt>
   <trkpt lat="54.114250000000006" lon="23.023130000000002">
    <ele>158.24</ele>
   </trkpt>
   <trkpt lat="54.11426" lon="23.02308">
    <ele>158.24</ele>
   </trkpt>
   <trkpt lat="54.11450000000001" lon="23.02239">
    <ele>158.72</ele>
   </trkpt>
   <trkpt lat="54.114920000000005" lon="23.021600000000003">
    <ele>159.19000000000003</ele>
   </trkpt>
   <trkpt lat="54.11515000000001" lon="23.021120000000003">
    <ele>160.35000000000002</ele>
   </trkpt>
   <trkpt lat="54.1154" lon="23.020660000000003">
    <ele>161.29000000000002</ele>
   </trkpt>
   <trkpt lat="54.115770000000005" lon="23.01989">
    <ele>161.93</ele>
   </trkpt>
   <trkpt lat="54.11630000252534" lon="23.019110009967527">
    <ele>162.36</ele>
   </trkpt>
   <trkpt lat="54.11683000000001" lon="23.018330000000002">
    <ele>163.93</ele>
   </trkpt>
   <trkpt lat="54.11712000000001" lon="23.018030000000003">
    <ele>163.9</ele>
   </trkpt>
   <trkpt lat="54.11786000000001" lon="23.01735">
    <ele>162.56</ele>
   </trkpt>
   <trkpt lat="54.11858" lon="23.016750000000002">
    <ele>161.62</ele>
   </trkpt>
   <trkpt lat="54.118750000000006" lon="23.016630000000003">
    <ele>161.67000000000002</ele>
   </trkpt>
   <trkpt lat="54.11891000000001" lon="23.016560000000002">
    <ele>161.9</ele>
   </trkpt>
   <trkpt lat="54.11912" lon="23.01651">
    <ele>162.08</ele>
   </trkpt>
   <trkpt lat="54.11941" lon="23.016430000000003">
    <ele>162.46</ele>
   </trkpt>
   <trkpt lat="54.11957" lon="23.016350000000003">
    <ele>162.66000000000003</ele>
   </trkpt>
   <trkpt lat="54.119800000000005" lon="23.016250000000003">
    <ele>163.19</ele>
   </trkpt>
   <trkpt lat="54.12015" lon="23.016150000000003">
    <ele>163.60000000000002</ele>
   </trkpt>
   <trkpt lat="54.12032000000001" lon="23.01612">
    <ele>163.60000000000002</ele>
   </trkpt>
   <trkpt lat="54.12041000000001" lon="23.016090000000002">
    <ele>164.55</ele>
   </trkpt>
   <trkpt lat="54.120540000000005" lon="23.015970000000003">
    <ele>164.55</ele>
   </trkpt>
   <trkpt lat="54.12078" lon="23.015680000000003">
    <ele>164.96</ele>
   </trkpt>
   <trkpt lat="54.121280000000006" lon="23.015040000000003">
    <ele>165.31</ele>
   </trkpt>
   <trkpt lat="54.121390000000005" lon="23.01488">
    <ele>165.56</ele>
   </trkpt>
   <trkpt lat="54.121520000000004" lon="23.014660000000003">
    <ele>165.4</ele>
   </trkpt>
   <trkpt lat="54.12160000000001" lon="23.01444">
    <ele>165.4</ele>
   </trkpt>
   <trkpt lat="54.12194" lon="23.01322">
    <ele>165.57000000000002</ele>
   </trkpt>
   <trkpt lat="54.12201" lon="23.01301">
    <ele>165.70000000000002</ele>
   </trkpt>
   <trkpt lat="54.122240000000005" lon="23.01238">
    <ele>165.93</ele>
   </trkpt>
   <trkpt lat="54.122310000000006" lon="23.01226">
    <ele>166.15</ele>
   </trkpt>
   <trkpt lat="54.12202000179295" lon="23.011599995353716">
    <ele>165.87</ele>
   </trkpt>
   <trkpt lat="54.12173000000001" lon="23.01094">
    <ele>166.63</ele>
   </trkpt>
   <trkpt lat="54.12187" lon="23.010820000000002">
    <ele>167.35000000000002</ele>
   </trkpt>
   <trkpt lat="54.122690000000006" lon="23.010260000000002">
    <ele>167.96000000000004</ele>
   </trkpt>
   <trkpt lat="54.12316500059591" lon="23.009915003879957">
    <ele>168.81</ele>
   </trkpt>
   <trkpt lat="54.12364" lon="23.009570000000004">
    <ele>169.44</ele>
   </trkpt>
   <trkpt lat="54.12418" lon="23.01029">
    <ele>169.82000000000002</ele>
   </trkpt>
   <trkpt lat="54.12464000000001" lon="23.01086">
    <ele>169.93000000000004</ele>
   </trkpt>
   <trkpt lat="54.124750000000006" lon="23.011090000000003">
    <ele>170.22</ele>
   </trkpt>
   <trkpt lat="54.124750000000006" lon="23.011080000000003">
    <ele>170.21</ele>
   </trkpt>
   <trkpt lat="54.124810000000004" lon="23.011210000000002">
    <ele>170.42000000000002</ele>
   </trkpt>
   <trkpt lat="54.12480000000001" lon="23.01124">
    <ele>170.42000000000002</ele>
   </trkpt>
   <trkpt lat="54.125020000000006" lon="23.011480000000002">
    <ele>171.51000000000002</ele>
   </trkpt>
   <trkpt lat="54.12527000000001" lon="23.01197">
    <ele>172.57</ele>
   </trkpt>
   <trkpt lat="54.12573000781785" lon="23.012939978505486">
    <ele>173.72</ele>
   </trkpt>
   <trkpt lat="54.12619000783807" lon="23.013909978547723">
    <ele>172.62000000000003</ele>
   </trkpt>
   <trkpt lat="54.126650000000005" lon="23.01488">
    <ele>172.55</ele>
   </trkpt>
   <trkpt lat="54.12683000221676" lon="23.015609996863365">
    <ele>173.64000000000001</ele>
   </trkpt>
   <trkpt lat="54.127010000000006" lon="23.016340000000003">
    <ele>174.04000000000002</ele>
   </trkpt>
   <trkpt lat="54.127010000000006" lon="23.016330000000004">
    <ele>174.04000000000002</ele>
   </trkpt>
   <trkpt lat="54.12731" lon="23.01754">
    <ele>175.75</ele>
   </trkpt>
   <trkpt lat="54.127480000000006" lon="23.01742">
    <ele>176.52</ele>
   </trkpt>
   <trkpt lat="54.128080000343516" lon="23.017210006089897">
    <ele>178.8</ele>
   </trkpt>
   <trkpt lat="54.12868000032156" lon="23.01700000609768">
    <ele>181.49</ele>
   </trkpt>
   <trkpt lat="54.12928" lon="23.01679">
    <ele>181.83</ele>
   </trkpt>
   <trkpt lat="54.129560000000005" lon="23.016900000000003">
    <ele>183.26</ele>
   </trkpt>
   <trkpt lat="54.13002" lon="23.01678">
    <ele>187.93</ele>
   </trkpt>
   <trkpt lat="54.13056000013084" lon="23.016570002757422">
    <ele>190.79000000000002</ele>
   </trkpt>
   <trkpt lat="54.1311" lon="23.016360000000002">
    <ele>191.56</ele>
   </trkpt>
   <trkpt lat="54.13168" lon="23.016140000000004">
    <ele>187.39000000000001</ele>
   </trkpt>
   <trkpt lat="54.13201" lon="23.016080000000002">
    <ele>186.7</ele>
   </trkpt>
   <trkpt lat="54.132340000000006" lon="23.016270000000002">
    <ele>186.9</ele>
   </trkpt>
   <trkpt lat="54.13226" lon="23.017360000000004">
    <ele>187.13000000000002</ele>
   </trkpt>
   <trkpt lat="54.132310000000004" lon="23.018520000000002">
    <ele>187.67</ele>
   </trkpt>
   <trkpt lat="54.13262" lon="23.019340000000003">
    <ele>185.2</ele>
   </trkpt>
   <trkpt lat="54.13297500214529" lon="23.020074993508487">
    <ele>183.77</ele>
   </trkpt>
   <trkpt lat="54.13333000000001" lon="23.02081">
    <ele>184.23</ele>
   </trkpt>
   <trkpt lat="54.133320000000005" lon="23.02081">
    <ele>184.23</ele>
   </trkpt>
   <trkpt lat="54.13389" lon="23.02167">
    <ele>188.37</ele>
   </trkpt>
   <trkpt lat="54.13448" lon="23.022380000000002">
    <ele>188.69000000000003</ele>
   </trkpt>
   <trkpt lat="54.1347" lon="23.023130000000002">
    <ele>188.72000000000003</ele>
   </trkpt>
   <trkpt lat="54.134980000000006" lon="23.0238">
    <ele>188.04000000000002</ele>
   </trkpt>
   <trkpt lat="54.135620000820275" lon="23.024099990764217">
    <ele>184.98</ele>
   </trkpt>
   <trkpt lat="54.13626000089477" lon="23.024399990798962">
    <ele>185.3</ele>
   </trkpt>
   <trkpt lat="54.136900000000004" lon="23.024700000000003">
    <ele>186.78</ele>
   </trkpt>
   <trkpt lat="54.13721333991634" lon="23.025589986588955">
    <ele>184.29</ele>
   </trkpt>
   <trkpt lat="54.137526673269036" lon="23.02647998664374">
    <ele>182.54</ele>
   </trkpt>
   <trkpt lat="54.137840000000004" lon="23.02737">
    <ele>182.94000000000003</ele>
   </trkpt>
   <trkpt lat="54.138160000000006" lon="23.027790000000003">
    <ele>184.27</ele>
   </trkpt>
   <trkpt lat="54.13860500046451" lon="23.028124996400237">
    <ele>183.12</ele>
   </trkpt>
   <trkpt lat="54.139050000000005" lon="23.028460000000003">
    <ele>182.87</ele>
   </trkpt>
   <trkpt lat="54.139050000000005" lon="23.028450000000003">
    <ele>182.87</ele>
   </trkpt>
   <trkpt lat="54.139120000000005" lon="23.02851">
    <ele>182.87</ele>
   </trkpt>
   <trkpt lat="54.13958" lon="23.02851">
    <ele>182.81000000000003</ele>
   </trkpt>
   <trkpt lat="54.14012" lon="23.02842">
    <ele>183.35000000000002</ele>
   </trkpt>
   <trkpt lat="54.14056000000001" lon="23.028470000000002">
    <ele>183.49</ele>
   </trkpt>
   <trkpt lat="54.141110000000005" lon="23.02842">
    <ele>182.56000000000003</ele>
   </trkpt>
   <trkpt lat="54.14144" lon="23.028350000000003">
    <ele>181.27</ele>
   </trkpt>
   <trkpt lat="54.141890000000004" lon="23.02812">
    <ele>180.53000000000003</ele>
   </trkpt>
   <trkpt lat="54.14197000000001" lon="23.02804">
    <ele>180.58</ele>
   </trkpt>
   <trkpt lat="54.14237000000001" lon="23.026770000000003">
    <ele>176.13</ele>
   </trkpt>
   <trkpt lat="54.14268500523042" lon="23.025645008604332">
    <ele>174.40000000000003</ele>
   </trkpt>
   <trkpt lat="54.14300000000001" lon="23.024520000000003">
    <ele>172.16</ele>
   </trkpt>
   <trkpt lat="54.143170000000005" lon="23.023950000000003">
    <ele>171.05</ele>
   </trkpt>
   <trkpt lat="54.14346500351334" lon="23.023020006845773">
    <ele>166.65</ele>
   </trkpt>
   <trkpt lat="54.14376000000001" lon="23.022090000000002">
    <ele>164.06</ele>
   </trkpt>
   <trkpt lat="54.143890000000006" lon="23.02173">
    <ele>164.57000000000002</ele>
   </trkpt>
   <trkpt lat="54.14399" lon="23.021530000000002">
    <ele>165.27</ele>
   </trkpt>
   <trkpt lat="54.14412" lon="23.02137">
    <ele>166.48000000000002</ele>
   </trkpt>
   <trkpt lat="54.14444" lon="23.02111">
    <ele>169.47</ele>
   </trkpt>
   <trkpt lat="54.14517000000001" lon="23.02061">
    <ele>174.21</ele>
   </trkpt>
   <trkpt lat="54.145410000000005" lon="23.020380000000003">
    <ele>175.1</ele>
   </trkpt>
   <trkpt lat="54.14566000000001" lon="23.02007">
    <ele>176.47</ele>
   </trkpt>
   <trkpt lat="54.145950000000006" lon="23.01958">
    <ele>177.74</ele>
   </trkpt>
   <trkpt lat="54.14611000000001" lon="23.019250000000003">
    <ele>177.6</ele>
   </trkpt>
   <trkpt lat="54.14634" lon="23.018610000000002">
    <ele>178.31000000000003</ele>
   </trkpt>
   <trkpt lat="54.14658000211344" lon="23.01790500392685">
    <ele>179.58</ele>
   </trkpt>
   <trkpt lat="54.146820000000005" lon="23.017200000000003">
    <ele>181.81000000000003</ele>
   </trkpt>
   <trkpt lat="54.14723000000001" lon="23.016360000000002">
    <ele>181.19000000000003</ele>
   </trkpt>
   <trkpt lat="54.147470000000006" lon="23.015970000000003">
    <ele>180.28000000000003</ele>
   </trkpt>
   <trkpt lat="54.14775" lon="23.01556">
    <ele>179.95000000000002</ele>
   </trkpt>
   <trkpt lat="54.14793" lon="23.015340000000002">
    <ele>179.16</ele>
   </trkpt>
   <trkpt lat="54.148160000000004" lon="23.014950000000002">
    <ele>178.34000000000003</ele>
   </trkpt>
   <trkpt lat="54.14826000000001" lon="23.01462">
    <ele>177.61</ele>
   </trkpt>
   <trkpt lat="54.14843000261804" lon="23.013830003092465">
    <ele>174.61</ele>
   </trkpt>
   <trkpt lat="54.1486" lon="23.01304">
    <ele>172.1</ele>
   </trkpt>
   <trkpt lat="54.148680000000006" lon="23.012770000000003">
    <ele>171.53</ele>
   </trkpt>
   <trkpt lat="54.148770000000006" lon="23.012600000000003">
    <ele>171.49</ele>
   </trkpt>
   <trkpt lat="54.148880000000005" lon="23.01247">
    <ele>171.55</ele>
   </trkpt>
   <trkpt lat="54.14905" lon="23.012390000000003">
    <ele>171.69</ele>
   </trkpt>
   <trkpt lat="54.14959" lon="23.01227">
    <ele>173.20000000000002</ele>
   </trkpt>
   <trkpt lat="54.14996000000001" lon="23.01206">
    <ele>174.32</ele>
   </trkpt>
   <trkpt lat="54.150220000000004" lon="23.011830000000003">
    <ele>176.01000000000002</ele>
   </trkpt>
   <trkpt lat="54.150870002202296" lon="23.011105011355774">
    <ele>179.86</ele>
   </trkpt>
   <trkpt lat="54.151520000000005" lon="23.01038">
    <ele>179.71</ele>
   </trkpt>
   <trkpt lat="54.15185" lon="23.01009">
    <ele>180.72000000000003</ele>
   </trkpt>
   <trkpt lat="54.152330000000006" lon="23.00985">
    <ele>180.98</ele>
   </trkpt>
   <trkpt lat="54.15279" lon="23.009590000000003">
    <ele>179.69000000000003</ele>
   </trkpt>
   <trkpt lat="54.1531" lon="23.009510000000002">
    <ele>176.8</ele>
   </trkpt>
   <trkpt lat="54.153580000000005" lon="23.009520000000002">
    <ele>173.39000000000001</ele>
   </trkpt>
   <trkpt lat="54.15368" lon="23.009500000000003">
    <ele>173.18</ele>
   </trkpt>
   <trkpt lat="54.153830000000006" lon="23.00938">
    <ele>173.14000000000001</ele>
   </trkpt>
   <trkpt lat="54.153960000000005" lon="23.009230000000002">
    <ele>173.21</ele>
   </trkpt>
   <trkpt lat="54.154590000000006" lon="23.00859">
    <ele>174.08</ele>
   </trkpt>
   <trkpt lat="54.155330000000006" lon="23.008090000000003">
    <ele>176.02</ele>
   </trkpt>
   <trkpt lat="54.155660000000005" lon="23.00769">
    <ele>176.32</ele>
   </trkpt>
   <trkpt lat="54.155840000000005" lon="23.00737">
    <ele>176.70000000000002</ele>
   </trkpt>
   <trkpt lat="54.15594" lon="23.007050000000003">
    <ele>177.37000000000003</ele>
   </trkpt>
   <trkpt lat="54.156130000000005" lon="23.00664">
    <ele>178.9</ele>
   </trkpt>
   <trkpt lat="54.15637" lon="23.006220000000003">
    <ele>179.99</ele>
   </trkpt>
   <trkpt lat="54.15661000000001" lon="23.00589">
    <ele>180.31000000000003</ele>
   </trkpt>
   <trkpt lat="54.15713" lon="23.0054">
    <ele>181.07</ele>
   </trkpt>
   <trkpt lat="54.15757000000001" lon="23.00493">
    <ele>182.23</ele>
   </trkpt>
   <trkpt lat="54.157650000000004" lon="23.004790000000003">
    <ele>182.95</ele>
   </trkpt>
   <trkpt lat="54.15776" lon="23.004440000000002">
    <ele>183.45</ele>
   </trkpt>
   <trkpt lat="54.157810000000005" lon="23.0042">
    <ele>183.21</ele>
   </trkpt>
   <trkpt lat="54.15787" lon="23.003940000000004">
    <ele>182.99</ele>
   </trkpt>
   <trkpt lat="54.15814" lon="23.00305">
    <ele>184.7</ele>
   </trkpt>
   <trkpt lat="54.158300000000004" lon="23.0024">
    <ele>186.33</ele>
   </trkpt>
   <trkpt lat="54.158370000000005" lon="23.00224">
    <ele>186.59</ele>
   </trkpt>
   <trkpt lat="54.15858000000001" lon="23.00187">
    <ele>188.36</ele>
   </trkpt>
   <trkpt lat="54.15876" lon="23.001440000000002">
    <ele>190.01000000000002</ele>
   </trkpt>
   <trkpt lat="54.15880000000001" lon="23.00146">
    <ele>189.86</ele>
   </trkpt>
   <trkpt lat="54.158750000000005" lon="23.000300000000003">
    <ele>192.81</ele>
   </trkpt>
   <trkpt lat="54.15872667724331" lon="22.999169998638557">
    <ele>193.86</ele>
   </trkpt>
   <trkpt lat="54.158703343908165" lon="22.99803999855101">
    <ele>194.67000000000002</ele>
   </trkpt>
   <trkpt lat="54.158680000000004" lon="22.996910000000003">
    <ele>194.08</ele>
   </trkpt>
   <trkpt lat="54.1587" lon="22.996440000000003">
    <ele>193.87</ele>
   </trkpt>
   <trkpt lat="54.158750000000005" lon="22.99605">
    <ele>193.84</ele>
   </trkpt>
   <trkpt lat="54.15898000000001" lon="22.995060000000002">
    <ele>194.66000000000003</ele>
   </trkpt>
   <trkpt lat="54.15917" lon="22.99435">
    <ele>196.72</ele>
   </trkpt>
   <trkpt lat="54.15925000000001" lon="22.993940000000002">
    <ele>197.57000000000002</ele>
   </trkpt>
   <trkpt lat="54.159290000000006" lon="22.993430000000004">
    <ele>200.51000000000002</ele>
   </trkpt>
   <trkpt lat="54.1593" lon="22.99323">
    <ele>201.42000000000002</ele>
   </trkpt>
   <trkpt lat="54.15923000000001" lon="22.992530000000002">
    <ele>203.36</ele>
   </trkpt>
   <trkpt lat="54.15902500901494" lon="22.991054992715377">
    <ele>206.25</ele>
   </trkpt>
   <trkpt lat="54.158820000000006" lon="22.98958">
    <ele>208.14000000000001</ele>
   </trkpt>
   <trkpt lat="54.15879" lon="22.989020000000004">
    <ele>207.64000000000001</ele>
   </trkpt>
   <trkpt lat="54.15885" lon="22.988500000000002">
    <ele>206.34000000000003</ele>
   </trkpt>
   <trkpt lat="54.15905500328646" lon="22.987615004201714">
    <ele>203.11</ele>
   </trkpt>
   <trkpt lat="54.15926" lon="22.98673">
    <ele>199.54000000000002</ele>
   </trkpt>
   <trkpt lat="54.159510000000004" lon="22.986">
    <ele>198.12</ele>
   </trkpt>
   <trkpt lat="54.160030000000006" lon="22.984810000000003">
    <ele>201.72</ele>
   </trkpt>
   <trkpt lat="54.160120000000006" lon="22.984550000000002">
    <ele>202.91</ele>
   </trkpt>
   <trkpt lat="54.1602" lon="22.984080000000002">
    <ele>204.40000000000003</ele>
   </trkpt>
   <trkpt lat="54.160210000000006" lon="22.983530000000002">
    <ele>204.81</ele>
   </trkpt>
   <trkpt lat="54.160235003467" lon="22.982615000586755">
    <ele>203.81</ele>
   </trkpt>
   <trkpt lat="54.16026" lon="22.981700000000004">
    <ele>202.5</ele>
   </trkpt>
   <trkpt lat="54.160230000000006" lon="22.98147">
    <ele>202.29000000000002</ele>
   </trkpt>
   <trkpt lat="54.16004" lon="22.980520000000002">
    <ele>202.61</ele>
   </trkpt>
   <trkpt lat="54.160030000000006" lon="22.980310000000003">
    <ele>202.77</ele>
   </trkpt>
   <trkpt lat="54.160070000000005" lon="22.979200000000002">
    <ele>202.82000000000002</ele>
   </trkpt>
   <trkpt lat="54.16011" lon="22.979080000000003">
    <ele>202.87</ele>
   </trkpt>
   <trkpt lat="54.159780000000005" lon="22.978800000000003">
    <ele>203.04000000000002</ele>
   </trkpt>
   <trkpt lat="54.159985002201644" lon="22.97807500350507">
    <ele>204.97</ele>
   </trkpt>
   <trkpt lat="54.16019000000001" lon="22.97735">
    <ele>205.82000000000002</ele>
   </trkpt>
   <trkpt lat="54.160420002313856" lon="22.97659500435135">
    <ele>208.43</ele>
   </trkpt>
   <trkpt lat="54.160650000000004" lon="22.97584">
    <ele>211.95000000000002</ele>
   </trkpt>
   <trkpt lat="54.16098000465334" lon="22.9747800084553">
    <ele>217.22000000000003</ele>
   </trkpt>
   <trkpt lat="54.16131000000001" lon="22.97372">
    <ele>219.32000000000002</ele>
   </trkpt>
   <trkpt lat="54.16153500202166" lon="22.973030003599558">
    <ele>218.9</ele>
   </trkpt>
   <trkpt lat="54.16176" lon="22.972340000000003">
    <ele>219.53000000000003</ele>
   </trkpt>
   <trkpt lat="54.16212" lon="22.97117">
    <ele>221.31</ele>
   </trkpt>
   <trkpt lat="54.16237" lon="22.970550000000003">
    <ele>221.36</ele>
   </trkpt>
   <trkpt lat="54.16297001352218" lon="22.96974172528419">
    <ele>219.84</ele>
   </trkpt>
   <trkpt lat="54.16357002163217" lon="22.968933427127656">
    <ele>224.77</ele>
   </trkpt>
   <trkpt lat="54.16417002432968" lon="22.968125105529424">
    <ele>225.70000000000002</ele>
   </trkpt>
   <trkpt lat="54.16477002161442" lon="22.967316760488508">
    <ele>227.51000000000002</ele>
   </trkpt>
   <trkpt lat="54.165370013486154" lon="22.966508392003924">
    <ele>227.63000000000002</ele>
   </trkpt>
   <trkpt lat="54.16597" lon="22.965700000000002">
    <ele>226.64000000000001</ele>
   </trkpt>
   <trkpt lat="54.16644502036708" lon="22.9647083902545">
    <ele>224.55</ele>
   </trkpt>
   <trkpt lat="54.16692003258867" lon="22.963716757739356">
    <ele>219.60000000000002</ele>
   </trkpt>
   <trkpt lat="54.167395036664445" lon="22.962725102454037">
    <ele>215.59</ele>
   </trkpt>
   <trkpt lat="54.16787003259407" lon="22.961733424398012">
    <ele>214.26</ele>
   </trkpt>
   <trkpt lat="54.1683450203772" lon="22.960741723570756">
    <ele>214.29</ele>
   </trkpt>
   <trkpt lat="54.168820000000004" lon="22.959750000000003">
    <ele>215.49</ele>
   </trkpt>
   <trkpt lat="54.16917" lon="22.95907">
    <ele>216.07000000000002</ele>
   </trkpt>
   <trkpt lat="54.16966000000001" lon="22.958350000000003">
    <ele>215.20000000000002</ele>
   </trkpt>
   <trkpt lat="54.17013000000001" lon="22.95755">
    <ele>215.56000000000003</ele>
   </trkpt>
   <trkpt lat="54.17033000000001" lon="22.957040000000003">
    <ele>214.3</ele>
   </trkpt>
   <trkpt lat="54.17045" lon="22.95662">
    <ele>210.87000000000003</ele>
   </trkpt>
   <trkpt lat="54.170640000000006" lon="22.95578">
    <ele>208.37000000000003</ele>
   </trkpt>
   <trkpt lat="54.17076" lon="22.955530000000003">
    <ele>206.67000000000002</ele>
   </trkpt>
   <trkpt lat="54.17094" lon="22.95521">
    <ele>204.37000000000003</ele>
   </trkpt>
   <trkpt lat="54.171530000000004" lon="22.95455">
    <ele>199.42000000000002</ele>
   </trkpt>
   <trkpt lat="54.17201000000001" lon="22.953390000000002">
    <ele>197.09</ele>
   </trkpt>
   <trkpt lat="54.17242" lon="22.95266">
    <ele>193.45000000000002</ele>
   </trkpt>
   <trkpt lat="54.17287" lon="22.952070000000003">
    <ele>190.83</ele>
   </trkpt>
   <trkpt lat="54.17354500883962" lon="22.951227541220227">
    <ele>189.64</ele>
   </trkpt>
   <trkpt lat="54.174220011800266" lon="22.95038505494387">
    <ele>191.08</ele>
   </trkpt>
   <trkpt lat="54.1748950088816" lon="22.94954254116959">
    <ele>191.54000000000002</ele>
   </trkpt>
   <trkpt lat="54.17557000000001" lon="22.948700000000002">
    <ele>191.94000000000003</ele>
   </trkpt>
   <trkpt lat="54.17557000000001" lon="22.948710000000002">
    <ele>191.94000000000003</ele>
   </trkpt>
   <trkpt lat="54.176120000000004" lon="22.948020000000003">
    <ele>193.24</ele>
   </trkpt>
   <trkpt lat="54.17669000000001" lon="22.947390000000002">
    <ele>194.31</ele>
   </trkpt>
   <trkpt lat="54.1773200017774" lon="22.946735009976948">
    <ele>194.4</ele>
   </trkpt>
   <trkpt lat="54.17795" lon="22.946080000000002">
    <ele>195.68</ele>
   </trkpt>
   <trkpt lat="54.17842500113447" lon="22.94558000563847">
    <ele>195.67000000000002</ele>
   </trkpt>
   <trkpt lat="54.178900000000006" lon="22.94508">
    <ele>195.79000000000002</ele>
   </trkpt>
   <trkpt lat="54.17911" lon="22.94497">
    <ele>196.26000000000002</ele>
   </trkpt>
   <trkpt lat="54.179840000000006" lon="22.94489">
    <ele>197.77000000000004</ele>
   </trkpt>
   <trkpt lat="54.18041" lon="22.9448">
    <ele>198.81</ele>
   </trkpt>
   <trkpt lat="54.18068" lon="22.94478">
    <ele>198.36</ele>
   </trkpt>
   <trkpt lat="54.18119000000001" lon="22.944940000000003">
    <ele>199.71000000000004</ele>
   </trkpt>
   <trkpt lat="54.18139000000001" lon="22.94497">
    <ele>199.93</ele>
   </trkpt>
   <trkpt lat="54.1816" lon="22.9449">
    <ele>200.06</ele>
   </trkpt>
   <trkpt lat="54.182" lon="22.9447">
    <ele>200.35000000000002</ele>
   </trkpt>
   <trkpt lat="54.18260000000001" lon="22.944550000000003">
    <ele>200.55</ele>
   </trkpt>
   <trkpt lat="54.18273000000001" lon="22.94443">
    <ele>200.65</ele>
   </trkpt>
   <trkpt lat="54.182930000000006" lon="22.94415">
    <ele>201.52</ele>
   </trkpt>
   <trkpt lat="54.183460000000004" lon="22.943520000000003">
    <ele>203.1</ele>
   </trkpt>
   <trkpt lat="54.18359" lon="22.94328">
    <ele>202.96000000000004</ele>
   </trkpt>
   <trkpt lat="54.18377" lon="22.942780000000003">
    <ele>203.20000000000002</ele>
   </trkpt>
   <trkpt lat="54.1839" lon="22.94255">
    <ele>203.86</ele>
   </trkpt>
   <trkpt lat="54.18410000000001" lon="22.942310000000003">
    <ele>205.54000000000002</ele>
   </trkpt>
   <trkpt lat="54.18430000000001" lon="22.94215">
    <ele>206.57</ele>
   </trkpt>
   <trkpt lat="54.18469" lon="22.94198">
    <ele>207.63</ele>
   </trkpt>
   <trkpt lat="54.18478" lon="22.94188">
    <ele>207.73000000000002</ele>
   </trkpt>
   <trkpt lat="54.185410000000005" lon="22.94093">
    <ele>207.52</ele>
   </trkpt>
   <trkpt lat="54.18562000000001" lon="22.940520000000003">
    <ele>208.63</ele>
   </trkpt>
   <trkpt lat="54.18607000000001" lon="22.939600000000002">
    <ele>210.77</ele>
   </trkpt>
   <trkpt lat="54.18620000000001" lon="22.93926">
    <ele>210.78000000000003</ele>
   </trkpt>
   <trkpt lat="54.18650000486962" lon="22.938165008293918">
    <ele>210.28000000000003</ele>
   </trkpt>
   <trkpt lat="54.186800000000005" lon="22.937070000000002">
    <ele>210.65</ele>
   </trkpt>
   <trkpt lat="54.18721000000001" lon="22.935920000000003">
    <ele>212.43</ele>
   </trkpt>
   <trkpt lat="54.18744" lon="22.935160000000003">
    <ele>214.17000000000002</ele>
   </trkpt>
   <trkpt lat="54.18750000000001" lon="22.93503">
    <ele>214.83</ele>
   </trkpt>
   <trkpt lat="54.187810000000006" lon="22.934500000000003">
    <ele>217.42000000000002</ele>
   </trkpt>
   <trkpt lat="54.18793" lon="22.9342">
    <ele>218.13000000000002</ele>
   </trkpt>
   <trkpt lat="54.1882" lon="22.932810000000003">
    <ele>218.28000000000003</ele>
   </trkpt>
   <trkpt lat="54.18829" lon="22.93252">
    <ele>217.74</ele>
   </trkpt>
   <trkpt lat="54.18844000000001" lon="22.9322">
    <ele>217.24</ele>
   </trkpt>
   <trkpt lat="54.18865" lon="22.931980000000003">
    <ele>216.71</ele>
   </trkpt>
   <trkpt lat="54.18903" lon="22.931720000000002">
    <ele>215.35000000000002</ele>
   </trkpt>
   <trkpt lat="54.18938000000001" lon="22.93158">
    <ele>214.1</ele>
   </trkpt>
   <trkpt lat="54.189750000000004" lon="22.93136">
    <ele>212.42000000000002</ele>
   </trkpt>
   <trkpt lat="54.18992000000001" lon="22.93128">
    <ele>212.1</ele>
   </trkpt>
   <trkpt lat="54.19037" lon="22.930940000000003">
    <ele>212.57</ele>
   </trkpt>
   <trkpt lat="54.19102" lon="22.930410000000002">
    <ele>215.25000000000003</ele>
   </trkpt>
   <trkpt lat="54.1912" lon="22.930310000000002">
    <ele>216.18</ele>
   </trkpt>
   <trkpt lat="54.19207" lon="22.930190000000003">
    <ele>221.39000000000001</ele>
   </trkpt>
   <trkpt lat="54.192220000000006" lon="22.930190000000003">
    <ele>221.93</ele>
   </trkpt>
   <trkpt lat="54.19254" lon="22.93024">
    <ele>221.72000000000003</ele>
   </trkpt>
   <trkpt lat="54.192710000000005" lon="22.93024">
    <ele>221.21</ele>
   </trkpt>
   <trkpt lat="54.193164999987474" lon="22.930210000331318">
    <ele>220.68</ele>
   </trkpt>
   <trkpt lat="54.19362" lon="22.930180000000004">
    <ele>220.27</ele>
   </trkpt>
   <trkpt lat="54.19426000000001" lon="22.93005">
    <ele>219.56</ele>
   </trkpt>
   <trkpt lat="54.194700000000005" lon="22.930090000000003">
    <ele>219.67</ele>
   </trkpt>
   <trkpt lat="54.19489" lon="22.93007">
    <ele>218.68</ele>
   </trkpt>
   <trkpt lat="54.195240000000005" lon="22.929940000000002">
    <ele>218.36</ele>
   </trkpt>
   <trkpt lat="54.195330000000006" lon="22.929920000000003">
    <ele>218.25000000000003</ele>
   </trkpt>
   <trkpt lat="54.19618500006612" lon="22.92987000103113">
    <ele>218.14000000000001</ele>
   </trkpt>
   <trkpt lat="54.19704" lon="22.929820000000003">
    <ele>218.12</ele>
   </trkpt>
   <trkpt lat="54.197660000000006" lon="22.9298">
    <ele>218.84</ele>
   </trkpt>
   <trkpt lat="54.19839999984317" lon="22.92984999909337">
    <ele>220.41000000000003</ele>
   </trkpt>
   <trkpt lat="54.19914000000001" lon="22.929900000000004">
    <ele>220.38000000000002</ele>
   </trkpt>
   <trkpt lat="54.199270000000006" lon="22.92989">
    <ele>219.96</ele>
   </trkpt>
   <trkpt lat="54.19955" lon="22.929810000000003">
    <ele>218.22000000000003</ele>
   </trkpt>
   <trkpt lat="54.19999000000001" lon="22.929750000000002">
    <ele>217.03000000000003</ele>
   </trkpt>
   <trkpt lat="54.200514999858164" lon="22.92967000104206">
    <ele>216.69000000000003</ele>
   </trkpt>
   <trkpt lat="54.201040000000006" lon="22.92959">
    <ele>217.7</ele>
   </trkpt>
   <trkpt lat="54.201750000000004" lon="22.9293">
    <ele>218.06000000000003</ele>
   </trkpt>
   <trkpt lat="54.202380000000005" lon="22.928980000000003">
    <ele>217.50000000000003</ele>
   </trkpt>
   <trkpt lat="54.20291" lon="22.92866">
    <ele>217.09</ele>
   </trkpt>
   <trkpt lat="54.203455000855" lon="22.928190006250876">
    <ele>217.45</ele>
   </trkpt>
   <trkpt lat="54.20400000000001" lon="22.92772">
    <ele>217.68</ele>
   </trkpt>
   <trkpt lat="54.204060000000005" lon="22.92772">
    <ele>217.68</ele>
   </trkpt>
   <trkpt lat="54.204418021367424" lon="22.926584039383275">
    <ele>218.31</ele>
   </trkpt>
   <trkpt lat="54.20477603204997" lon="22.925448059079617">
    <ele>222.31</ele>
   </trkpt>
   <trkpt lat="54.20513403204734" lon="22.924312059089015">
    <ele>225.08</ele>
   </trkpt>
   <trkpt lat="54.205492021359206" lon="22.92317603941146">
    <ele>226.23000000000002</ele>
   </trkpt>
   <trkpt lat="54.205850000000005" lon="22.922040000000003">
    <ele>227.58000000000004</ele>
   </trkpt>
   <trkpt lat="54.20617000000001" lon="22.92122">
    <ele>228.15</ele>
   </trkpt>
   <trkpt lat="54.206520000000005" lon="22.920430000000003">
    <ele>227.9</ele>
   </trkpt>
   <trkpt lat="54.2067750028634" lon="22.919590005375007">
    <ele>226.77</ele>
   </trkpt>
   <trkpt lat="54.20703" lon="22.918750000000003">
    <ele>223.76000000000002</ele>
   </trkpt>
   <trkpt lat="54.20711000000001" lon="22.918450000000004">
    <ele>221.95000000000002</ele>
   </trkpt>
   <trkpt lat="54.20716" lon="22.918010000000002">
    <ele>219.92</ele>
   </trkpt>
   <trkpt lat="54.207150000000006" lon="22.91758">
    <ele>217.56000000000003</ele>
   </trkpt>
   <trkpt lat="54.207080000000005" lon="22.917060000000003">
    <ele>216.18</ele>
   </trkpt>
   <trkpt lat="54.206950000000006" lon="22.91666">
    <ele>215.47000000000003</ele>
   </trkpt>
   <trkpt lat="54.206950000000006" lon="22.91665">
    <ele>215.46</ele>
   </trkpt>
   <trkpt lat="54.20691000000001" lon="22.91656">
    <ele>215.18</ele>
   </trkpt>
   <trkpt lat="54.206510001327295" lon="22.91596999411965">
    <ele>214.54</ele>
   </trkpt>
   <trkpt lat="54.20611" lon="22.915380000000003">
    <ele>214.37</ele>
   </trkpt>
   <trkpt lat="54.205940000000005" lon="22.91505">
    <ele>214.57</ele>
   </trkpt>
   <trkpt lat="54.20590000000001" lon="22.914890000000003">
    <ele>214.57</ele>
   </trkpt>
   <trkpt lat="54.205890000000004" lon="22.91478">
    <ele>214.59000000000003</ele>
   </trkpt>
   <trkpt lat="54.20590000000001" lon="22.91366">
    <ele>215.04</ele>
   </trkpt>
   <trkpt lat="54.205780000000004" lon="22.912540000000003">
    <ele>215.54</ele>
   </trkpt>
   <trkpt lat="54.20657500000402" lon="22.912495000866198">
    <ele>215.48</ele>
   </trkpt>
   <trkpt lat="54.207370000000004" lon="22.912450000000003">
    <ele>215.71</ele>
   </trkpt>
   <trkpt lat="54.207820000000005" lon="22.912460000000003">
    <ele>215.79</ele>
   </trkpt>
   <trkpt lat="54.20829999987272" lon="22.912440000237766">
    <ele>215.52</ele>
   </trkpt>
   <trkpt lat="54.208780000000004" lon="22.91242">
    <ele>215.69000000000003</ele>
   </trkpt>
   <trkpt lat="54.20881000000001" lon="22.91279">
    <ele>215.73</ele>
   </trkpt>
   <trkpt lat="54.208850000000005" lon="22.913020000000003">
    <ele>215.67000000000002</ele>
   </trkpt>
   <trkpt lat="54.20902" lon="22.91353">
    <ele>213.8</ele>
   </trkpt>
   <trkpt lat="54.20913" lon="22.91372">
    <ele>212.00000000000003</ele>
   </trkpt>
   <trkpt lat="54.209520000000005" lon="22.9141">
    <ele>210.07</ele>
   </trkpt>
   <trkpt lat="54.209630000000004" lon="22.914250000000003">
    <ele>210.11</ele>
   </trkpt>
   <trkpt lat="54.209790000000005" lon="22.914630000000002">
    <ele>210.47000000000003</ele>
   </trkpt>
   <trkpt lat="54.209900000000005" lon="22.915020000000002">
    <ele>211.36</ele>
   </trkpt>
   <trkpt lat="54.20998" lon="22.915170000000003">
    <ele>211.64000000000001</ele>
   </trkpt>
   <trkpt lat="54.21012" lon="22.915370000000003">
    <ele>212.26</ele>
   </trkpt>
   <trkpt lat="54.21031000000001" lon="22.915540000000004">
    <ele>212.68</ele>
   </trkpt>
   <trkpt lat="54.21054" lon="22.91578">
    <ele>213.02</ele>
   </trkpt>
   <trkpt lat="54.21068" lon="22.916010000000004">
    <ele>213.22000000000003</ele>
   </trkpt>
   <trkpt lat="54.211090000000006" lon="22.916790000000002">
    <ele>214.15</ele>
   </trkpt>
   <trkpt lat="54.211360000000006" lon="22.917150000000003">
    <ele>214.88000000000002</ele>
   </trkpt>
   <trkpt lat="54.21135" lon="22.917150000000003">
    <ele>214.87</ele>
   </trkpt>
   <trkpt lat="54.2115" lon="22.917330000000003">
    <ele>215.29</ele>
   </trkpt>
   <trkpt lat="54.211600000000004" lon="22.917420000000003">
    <ele>215.94000000000003</ele>
   </trkpt>
   <trkpt lat="54.21170000000001" lon="22.91748">
    <ele>215.94000000000003</ele>
   </trkpt>
   <trkpt lat="54.211960000000005" lon="22.917520000000003">
    <ele>217.17000000000002</ele>
   </trkpt>
   <trkpt lat="54.21226000000001" lon="22.91748">
    <ele>217.59</ele>
   </trkpt>
   <trkpt lat="54.212500000000006" lon="22.91748">
    <ele>217.10000000000002</ele>
   </trkpt>
   <trkpt lat="54.212830000000004" lon="22.917530000000003">
    <ele>215.91000000000003</ele>
   </trkpt>
   <trkpt lat="54.21302000000001" lon="22.91759">
    <ele>213.87</ele>
   </trkpt>
   <trkpt lat="54.21312" lon="22.917650000000002">
    <ele>213.37</ele>
   </trkpt>
   <trkpt lat="54.213240000000006" lon="22.917800000000003">
    <ele>212.73000000000002</ele>
   </trkpt>
   <trkpt lat="54.213330000000006" lon="22.91803">
    <ele>212.08</ele>
   </trkpt>
   <trkpt lat="54.213330000000006" lon="22.918480000000002">
    <ele>211.66</ele>
   </trkpt>
   <trkpt lat="54.21329000000001" lon="22.918760000000002">
    <ele>211.67000000000002</ele>
   </trkpt>
   <trkpt lat="54.213190000000004" lon="22.91925">
    <ele>211.84000000000003</ele>
   </trkpt>
   <trkpt lat="54.21291500224059" lon="22.919985004882292">
    <ele>211.86</ele>
   </trkpt>
   <trkpt lat="54.21264000000001" lon="22.920720000000003">
    <ele>211.09000000000003</ele>
   </trkpt>
   <trkpt lat="54.212590000000006" lon="22.92095">
    <ele>210.85</ele>
   </trkpt>
   <trkpt lat="54.212540000000004" lon="22.921370000000003">
    <ele>210.82</ele>
   </trkpt>
   <trkpt lat="54.21255000000001" lon="22.921550000000003">
    <ele>210.89000000000001</ele>
   </trkpt>
   <trkpt lat="54.2126" lon="22.92188">
    <ele>211.1</ele>
   </trkpt>
   <trkpt lat="54.21271" lon="22.92272">
    <ele>211.06000000000003</ele>
   </trkpt>
   <trkpt lat="54.212810000000005" lon="22.923140000000004">
    <ele>209.68</ele>
   </trkpt>
   <trkpt lat="54.21307" lon="22.923920000000003">
    <ele>208.04000000000002</ele>
   </trkpt>
   <trkpt lat="54.213150000000006" lon="22.924110000000002">
    <ele>208.02</ele>
   </trkpt>
   <trkpt lat="54.21359" lon="22.924740000000003">
    <ele>207.40000000000003</ele>
   </trkpt>
   <trkpt lat="54.21381" lon="22.925210000000003">
    <ele>207.1</ele>
   </trkpt>
   <trkpt lat="54.21397" lon="22.92574">
    <ele>207.37000000000003</ele>
   </trkpt>
   <trkpt lat="54.21443000000001" lon="22.92677">
    <ele>209.75000000000003</ele>
   </trkpt>
   <trkpt lat="54.214830000000006" lon="22.928040000000003">
    <ele>212.43</ele>
   </trkpt>
   <trkpt lat="54.214960002368926" lon="22.928794997677418">
    <ele>211.07</ele>
   </trkpt>
   <trkpt lat="54.215090000000004" lon="22.929550000000003">
    <ele>210.3</ele>
   </trkpt>
   <trkpt lat="54.215090000000004" lon="22.929810000000003">
    <ele>211.51</ele>
   </trkpt>
   <trkpt lat="54.215090000000004" lon="22.93015">
    <ele>213.3</ele>
   </trkpt>
   <trkpt lat="54.215210000000006" lon="22.930790000000002">
    <ele>214.69000000000003</ele>
   </trkpt>
   <trkpt lat="54.2152" lon="22.931250000000002">
    <ele>216.64000000000001</ele>
   </trkpt>
   <trkpt lat="54.21511" lon="22.93176">
    <ele>219.13000000000002</ele>
   </trkpt>
   <trkpt lat="54.215120000000006" lon="22.931900000000002">
    <ele>219.2</ele>
   </trkpt>
   <trkpt lat="54.21517000000001" lon="22.932160000000003">
    <ele>218.75000000000003</ele>
   </trkpt>
   <trkpt lat="54.215300000000006" lon="22.93251">
    <ele>217.26</ele>
   </trkpt>
   <trkpt lat="54.215390000000006" lon="22.93305">
    <ele>214.4</ele>
   </trkpt>
   <trkpt lat="54.2154" lon="22.93371">
    <ele>213.61</ele>
   </trkpt>
   <trkpt lat="54.21548000000001" lon="22.93429">
    <ele>214.26</ele>
   </trkpt>
   <trkpt lat="54.215540000000004" lon="22.93449">
    <ele>213.93</ele>
   </trkpt>
   <trkpt lat="54.215610000000005" lon="22.93465">
    <ele>213.32</ele>
   </trkpt>
   <trkpt lat="54.215970000000006" lon="22.935370000000002">
    <ele>212.52</ele>
   </trkpt>
   <trkpt lat="54.216" lon="22.93552">
    <ele>212.52</ele>
   </trkpt>
   <trkpt lat="54.216100000000004" lon="22.936500000000002">
    <ele>213.11</ele>
   </trkpt>
   <trkpt lat="54.216150000000006" lon="22.936690000000002">
    <ele>212.83</ele>
   </trkpt>
   <trkpt lat="54.21622000000001" lon="22.936860000000003">
    <ele>212.31000000000003</ele>
   </trkpt>
   <trkpt lat="54.216330000000006" lon="22.937250000000002">
    <ele>210.1</ele>
   </trkpt>
   <trkpt lat="54.21638" lon="22.93737">
    <ele>207.31000000000003</ele>
   </trkpt>
   <trkpt lat="54.21645" lon="22.93749">
    <ele>207.31000000000003</ele>
   </trkpt>
   <trkpt lat="54.216640000000005" lon="22.937700000000003">
    <ele>205.13</ele>
   </trkpt>
   <trkpt lat="54.2167" lon="22.937820000000002">
    <ele>204.62000000000003</ele>
   </trkpt>
   <trkpt lat="54.21674" lon="22.938000000000002">
    <ele>204.29000000000002</ele>
   </trkpt>
   <trkpt lat="54.21679" lon="22.9385">
    <ele>203.85</ele>
   </trkpt>
   <trkpt lat="54.216860000000004" lon="22.938940000000002">
    <ele>203.89000000000001</ele>
   </trkpt>
   <trkpt lat="54.217000000000006" lon="22.939290000000003">
    <ele>203.84</ele>
   </trkpt>
   <trkpt lat="54.217200000000005" lon="22.939670000000003">
    <ele>204.41</ele>
   </trkpt>
   <trkpt lat="54.21728" lon="22.93993">
    <ele>205.25</ele>
   </trkpt>
   <trkpt lat="54.21739" lon="22.94039">
    <ele>206.12000000000003</ele>
   </trkpt>
   <trkpt lat="54.217560000000006" lon="22.94075">
    <ele>207.04000000000002</ele>
   </trkpt>
   <trkpt lat="54.217710000000004" lon="22.94113">
    <ele>206.11</ele>
   </trkpt>
   <trkpt lat="54.21788" lon="22.941480000000002">
    <ele>202.93000000000004</ele>
   </trkpt>
   <trkpt lat="54.218340000000005" lon="22.942290000000003">
    <ele>202.26000000000002</ele>
   </trkpt>
   <trkpt lat="54.218630000000005" lon="22.942690000000002">
    <ele>206.1</ele>
   </trkpt>
   <trkpt lat="54.218680000000006" lon="22.942790000000002">
    <ele>209.05</ele>
   </trkpt>
   <trkpt lat="54.21876" lon="22.943">
    <ele>210.38</ele>
   </trkpt>
   <trkpt lat="54.21887" lon="22.943730000000002">
    <ele>215.15</ele>
   </trkpt>
   <trkpt lat="54.21896" lon="22.94396">
    <ele>217.03000000000003</ele>
   </trkpt>
   <trkpt lat="54.219060000000006" lon="22.94406">
    <ele>217.77</ele>
   </trkpt>
   <trkpt lat="54.21905" lon="22.94406">
    <ele>217.66000000000003</ele>
   </trkpt>
   <trkpt lat="54.219680000000004" lon="22.9446">
    <ele>220.18</ele>
   </trkpt>
   <trkpt lat="54.219950000000004" lon="22.94481">
    <ele>218.77</ele>
   </trkpt>
   <trkpt lat="54.22019" lon="22.945120000000003">
    <ele>217.76</ele>
   </trkpt>
   <trkpt lat="54.22073" lon="22.94592">
    <ele>219.41000000000003</ele>
   </trkpt>
   <trkpt lat="54.22133" lon="22.946610000000003">
    <ele>220.09</ele>
   </trkpt>
   <trkpt lat="54.22137000000001" lon="22.94667">
    <ele>219.59</ele>
   </trkpt>
   <trkpt lat="54.22142" lon="22.94687">
    <ele>219.3</ele>
   </trkpt>
   <trkpt lat="54.22149" lon="22.947480000000002">
    <ele>216.53000000000003</ele>
   </trkpt>
   <trkpt lat="54.22157000000001" lon="22.94763">
    <ele>214.88000000000002</ele>
   </trkpt>
   <trkpt lat="54.22166000000001" lon="22.94771">
    <ele>214.49</ele>
   </trkpt>
   <trkpt lat="54.221810000000005" lon="22.9478">
    <ele>213.43</ele>
   </trkpt>
   <trkpt lat="54.221880000000006" lon="22.94782">
    <ele>213.32</ele>
   </trkpt>
   <trkpt lat="54.22223" lon="22.94781">
    <ele>214.20000000000002</ele>
   </trkpt>
   <trkpt lat="54.22241" lon="22.94787">
    <ele>213.65</ele>
   </trkpt>
   <trkpt lat="54.22254" lon="22.947950000000002">
    <ele>212.73000000000002</ele>
   </trkpt>
   <trkpt lat="54.22280000000001" lon="22.948240000000002">
    <ele>209.04</ele>
   </trkpt>
   <trkpt lat="54.22327000000001" lon="22.948620000000002">
    <ele>206.49</ele>
   </trkpt>
   <trkpt lat="54.22336000000001" lon="22.94872">
    <ele>206.77</ele>
   </trkpt>
   <trkpt lat="54.22352000000001" lon="22.949080000000002">
    <ele>208.8</ele>
   </trkpt>
   <trkpt lat="54.22364" lon="22.949250000000003">
    <ele>209.70000000000002</ele>
   </trkpt>
   <trkpt lat="54.223870000000005" lon="22.949360000000002">
    <ele>212.75000000000003</ele>
   </trkpt>
   <trkpt lat="54.22401000000001" lon="22.949450000000002">
    <ele>213.76</ele>
   </trkpt>
   <trkpt lat="54.22408000000001" lon="22.949460000000002">
    <ele>213.92000000000002</ele>
   </trkpt>
   <trkpt lat="54.22430000000001" lon="22.949350000000003">
    <ele>213.76</ele>
   </trkpt>
   <trkpt lat="54.224720000000005" lon="22.94932">
    <ele>210.99</ele>
   </trkpt>
   <trkpt lat="54.22495000000001" lon="22.949350000000003">
    <ele>206.89000000000001</ele>
   </trkpt>
   <trkpt lat="54.225120000000004" lon="22.949340000000003">
    <ele>205.81</ele>
   </trkpt>
   <trkpt lat="54.225500000000004" lon="22.949230000000004">
    <ele>202.53</ele>
   </trkpt>
   <trkpt lat="54.22567" lon="22.949240000000003">
    <ele>202.05</ele>
   </trkpt>
   <trkpt lat="54.225820000000006" lon="22.94921">
    <ele>201.47</ele>
   </trkpt>
   <trkpt lat="54.22655" lon="22.9492">
    <ele>197.52000000000004</ele>
   </trkpt>
   <trkpt lat="54.2267" lon="22.949160000000003">
    <ele>197.71</ele>
   </trkpt>
   <trkpt lat="54.22679" lon="22.949140000000003">
    <ele>197.8</ele>
   </trkpt>
   <trkpt lat="54.22721000000001" lon="22.94919">
    <ele>198.79000000000002</ele>
   </trkpt>
   <trkpt lat="54.227410000000006" lon="22.949180000000002">
    <ele>198.5</ele>
   </trkpt>
   <trkpt lat="54.22748000000001" lon="22.949160000000003">
    <ele>198.24</ele>
   </trkpt>
   <trkpt lat="54.227540000000005" lon="22.94901">
    <ele>197.74</ele>
   </trkpt>
   <trkpt lat="54.22755000000001" lon="22.948890000000002">
    <ele>197.74</ele>
   </trkpt>
   <trkpt lat="54.22751" lon="22.94844">
    <ele>197.09</ele>
   </trkpt>
   <trkpt lat="54.2274" lon="22.947730000000004">
    <ele>196.29000000000002</ele>
   </trkpt>
   <trkpt lat="54.22739000000001" lon="22.947370000000003">
    <ele>196.29000000000002</ele>
   </trkpt>
   <trkpt lat="54.227540000000005" lon="22.9466">
    <ele>196.83</ele>
   </trkpt>
   <trkpt lat="54.227560000000004" lon="22.946060000000003">
    <ele>196.99</ele>
   </trkpt>
   <trkpt lat="54.227630000000005" lon="22.945770000000003">
    <ele>196.96</ele>
   </trkpt>
   <trkpt lat="54.22769" lon="22.94566">
    <ele>196.71</ele>
   </trkpt>
   <trkpt lat="54.227880000000006" lon="22.94518">
    <ele>196.81</ele>
   </trkpt>
   <trkpt lat="54.228010000000005" lon="22.945050000000002">
    <ele>196.81</ele>
   </trkpt>
   <trkpt lat="54.228280000000005" lon="22.944930000000003">
    <ele>197.14000000000001</ele>
   </trkpt>
   <trkpt lat="54.22842000000001" lon="22.94491">
    <ele>197.42000000000002</ele>
   </trkpt>
   <trkpt lat="54.228590000000004" lon="22.94497">
    <ele>197.83</ele>
   </trkpt>
   <trkpt lat="54.228680000000004" lon="22.94508">
    <ele>198.58</ele>
   </trkpt>
   <trkpt lat="54.228770000000004" lon="22.945140000000002">
    <ele>199.21</ele>
   </trkpt>
   <trkpt lat="54.228770000000004" lon="22.9446">
    <ele>203.08</ele>
   </trkpt>
   <trkpt lat="54.228790000000004" lon="22.94432">
    <ele>203.84</ele>
   </trkpt>
   <trkpt lat="54.22901" lon="22.94318">
    <ele>207.75</ele>
   </trkpt>
   <trkpt lat="54.229110000000006" lon="22.94292">
    <ele>210.81000000000003</ele>
   </trkpt>
   <trkpt lat="54.229150000000004" lon="22.94284">
    <ele>210.81000000000003</ele>
   </trkpt>
   <trkpt lat="54.229220000000005" lon="22.942780000000003">
    <ele>211.42000000000002</ele>
   </trkpt>
   <trkpt lat="54.22934000000001" lon="22.94271">
    <ele>212.14000000000001</ele>
   </trkpt>
   <trkpt lat="54.229510000000005" lon="22.94265">
    <ele>212.98000000000002</ele>
   </trkpt>
   <trkpt lat="54.22955" lon="22.942610000000002">
    <ele>212.98000000000002</ele>
   </trkpt>
   <trkpt lat="54.22966" lon="22.94245">
    <ele>213.51</ele>
   </trkpt>
   <trkpt lat="54.22981000000001" lon="22.942290000000003">
    <ele>213.58</ele>
   </trkpt>
   <trkpt lat="54.230000000000004" lon="22.941910000000004">
    <ele>213.69000000000003</ele>
   </trkpt>
   <trkpt lat="54.23008" lon="22.94179">
    <ele>213.78000000000003</ele>
   </trkpt>
   <trkpt lat="54.23013" lon="22.941750000000003">
    <ele>213.78000000000003</ele>
   </trkpt>
   <trkpt lat="54.23024" lon="22.9417">
    <ele>213.96</ele>
   </trkpt>
   <trkpt lat="54.23039000000001" lon="22.94169">
    <ele>214.02</ele>
   </trkpt>
   <trkpt lat="54.23068000000001" lon="22.94171">
    <ele>213.48000000000002</ele>
   </trkpt>
   <trkpt lat="54.23096" lon="22.941830000000003">
    <ele>212.19000000000003</ele>
   </trkpt>
   <trkpt lat="54.231190000000005" lon="22.942010000000003">
    <ele>211.53000000000003</ele>
   </trkpt>
   <trkpt lat="54.231260000000006" lon="22.942030000000003">
    <ele>211.53000000000003</ele>
   </trkpt>
   <trkpt lat="54.23140000000001" lon="22.942010000000003">
    <ele>210.59000000000003</ele>
   </trkpt>
   <trkpt lat="54.231550000000006" lon="22.94196">
    <ele>210.32</ele>
   </trkpt>
   <trkpt lat="54.2321" lon="22.941910000000004">
    <ele>209.61</ele>
   </trkpt>
   <trkpt lat="54.23225000000001" lon="22.94188">
    <ele>209.04</ele>
   </trkpt>
   <trkpt lat="54.23237" lon="22.941830000000003">
    <ele>208.89000000000001</ele>
   </trkpt>
   <trkpt lat="54.232820000000004" lon="22.94151">
    <ele>209.24</ele>
   </trkpt>
   <trkpt lat="54.23337000000001" lon="22.941180000000003">
    <ele>210.75000000000003</ele>
   </trkpt>
   <trkpt lat="54.23349" lon="22.94106">
    <ele>210.85</ele>
   </trkpt>
   <trkpt lat="54.23353" lon="22.940980000000003">
    <ele>210.96</ele>
   </trkpt>
   <trkpt lat="54.23357000000001" lon="22.940710000000003">
    <ele>211.26000000000002</ele>
   </trkpt>
   <trkpt lat="54.233630000000005" lon="22.9405">
    <ele>212.00000000000003</ele>
   </trkpt>
   <trkpt lat="54.23412000241252" lon="22.9412549911184">
    <ele>210.65</ele>
   </trkpt>
   <trkpt lat="54.23461" lon="22.942010000000003">
    <ele>209.66</ele>
   </trkpt>
   <trkpt lat="54.23471000000001" lon="22.942200000000003">
    <ele>209.66</ele>
   </trkpt>
   <trkpt lat="54.234970000000004" lon="22.94282">
    <ele>208.82</ele>
   </trkpt>
   <trkpt lat="54.235510000000005" lon="22.94224">
    <ele>207.53000000000003</ele>
   </trkpt>
   <trkpt lat="54.235850000000006" lon="22.941450000000003">
    <ele>207.84000000000003</ele>
   </trkpt>
   <trkpt lat="54.23597" lon="22.94124">
    <ele>208.14000000000001</ele>
   </trkpt>
   <trkpt lat="54.23610000000001" lon="22.941080000000003">
    <ele>208.24</ele>
   </trkpt>
   <trkpt lat="54.23624" lon="22.94096">
    <ele>208.53000000000003</ele>
   </trkpt>
   <trkpt lat="54.236320000000006" lon="22.940920000000002">
    <ele>208.53000000000003</ele>
   </trkpt>
   <trkpt lat="54.2364" lon="22.940900000000003">
    <ele>208.61</ele>
   </trkpt>
   <trkpt lat="54.23651" lon="22.940920000000002">
    <ele>208.68</ele>
   </trkpt>
   <trkpt lat="54.23662" lon="22.940990000000003">
    <ele>208.63</ele>
   </trkpt>
   <trkpt lat="54.236990000000006" lon="22.941390000000002">
    <ele>207.65000000000003</ele>
   </trkpt>
   <trkpt lat="54.237080000000006" lon="22.94143">
    <ele>207.6</ele>
   </trkpt>
   <trkpt lat="54.23725" lon="22.94142">
    <ele>207.77</ele>
   </trkpt>
   <trkpt lat="54.237700000000004" lon="22.941110000000002">
    <ele>208.92000000000002</ele>
   </trkpt>
   <trkpt lat="54.23843" lon="22.940690000000004">
    <ele>213.1</ele>
   </trkpt>
   <trkpt lat="54.2387" lon="22.94065">
    <ele>212.8</ele>
   </trkpt>
   <trkpt lat="54.23913" lon="22.940710000000003">
    <ele>210.41</ele>
   </trkpt>
   <trkpt lat="54.239290000000004" lon="22.94076">
    <ele>210.05</ele>
   </trkpt>
   <trkpt lat="54.23942" lon="22.94086">
    <ele>209.75000000000003</ele>
   </trkpt>
   <trkpt lat="54.239900000000006" lon="22.941350000000003">
    <ele>208.45000000000002</ele>
   </trkpt>
   <trkpt lat="54.23998" lon="22.94149">
    <ele>207.97</ele>
   </trkpt>
   <trkpt lat="54.240030000000004" lon="22.94162">
    <ele>207.73000000000002</ele>
   </trkpt>
   <trkpt lat="54.24006000000001" lon="22.9418">
    <ele>207.73000000000002</ele>
   </trkpt>
   <trkpt lat="54.24007" lon="22.942310000000003">
    <ele>206.77</ele>
   </trkpt>
   <trkpt lat="54.240100000000005" lon="22.942500000000003">
    <ele>206.1</ele>
   </trkpt>
   <trkpt lat="54.24015000000001" lon="22.942670000000003">
    <ele>205.54000000000002</ele>
   </trkpt>
   <trkpt lat="54.240320000000004" lon="22.94309">
    <ele>205.02</ele>
   </trkpt>
   <trkpt lat="54.24042000000001" lon="22.943250000000003">
    <ele>204.81</ele>
   </trkpt>
   <trkpt lat="54.240520000000004" lon="22.94337">
    <ele>204.81</ele>
   </trkpt>
   <trkpt lat="54.240640000000006" lon="22.943430000000003">
    <ele>204.34</ele>
   </trkpt>
   <trkpt lat="54.24083" lon="22.94348">
    <ele>204.14000000000001</ele>
   </trkpt>
   <trkpt lat="54.24114" lon="22.94347">
    <ele>204.07000000000002</ele>
   </trkpt>
   <trkpt lat="54.24159" lon="22.94347">
    <ele>204.05</ele>
   </trkpt>
   <trkpt lat="54.24219000000001" lon="22.943530000000003">
    <ele>207.13</ele>
   </trkpt>
   <trkpt lat="54.24231" lon="22.943510000000003">
    <ele>207.70000000000002</ele>
   </trkpt>
   <trkpt lat="54.24255" lon="22.94337">
    <ele>208.71</ele>
   </trkpt>
   <trkpt lat="54.24338" lon="22.94331">
    <ele>208.51000000000002</ele>
   </trkpt>
   <trkpt lat="54.243939999944644" lon="22.943290000273514">
    <ele>206.35</ele>
   </trkpt>
   <trkpt lat="54.2445" lon="22.943270000000002">
    <ele>207.87000000000003</ele>
   </trkpt>
   <trkpt lat="54.24466" lon="22.943240000000003">
    <ele>208.08</ele>
   </trkpt>
   <trkpt lat="54.24522" lon="22.943">
    <ele>206.27</ele>
   </trkpt>
   <trkpt lat="54.24544" lon="22.942860000000003">
    <ele>205.73000000000002</ele>
   </trkpt>
   <trkpt lat="54.245940000000004" lon="22.94265">
    <ele>205.98000000000002</ele>
   </trkpt>
   <trkpt lat="54.24616" lon="22.942510000000002">
    <ele>206.28</ele>
   </trkpt>
   <trkpt lat="54.24645" lon="22.942400000000003">
    <ele>206.98000000000002</ele>
   </trkpt>
   <trkpt lat="54.24667" lon="22.94216">
    <ele>208.13</ele>
   </trkpt>
   <trkpt lat="54.246790000000004" lon="22.94208">
    <ele>207.85</ele>
   </trkpt>
   <trkpt lat="54.24692" lon="22.942020000000003">
    <ele>207.78000000000003</ele>
   </trkpt>
   <trkpt lat="54.247130000000006" lon="22.942010000000003">
    <ele>207.89000000000001</ele>
   </trkpt>
   <trkpt lat="54.24729000000001" lon="22.94198">
    <ele>208.25</ele>
   </trkpt>
   <trkpt lat="54.247440000000005" lon="22.941930000000003">
    <ele>209.19</ele>
   </trkpt>
   <trkpt lat="54.24788" lon="22.941570000000002">
    <ele>213.59000000000003</ele>
   </trkpt>
   <trkpt lat="54.24804" lon="22.941480000000002">
    <ele>213.77</ele>
   </trkpt>
   <trkpt lat="54.248540000000006" lon="22.941260000000003">
    <ele>211.01000000000002</ele>
   </trkpt>
   <trkpt lat="54.24868000000001" lon="22.94121">
    <ele>210.56000000000003</ele>
   </trkpt>
   <trkpt lat="54.24917000000001" lon="22.941290000000002">
    <ele>210.06000000000003</ele>
   </trkpt>
   <trkpt lat="54.249410000000005" lon="22.941290000000002">
    <ele>208.40000000000003</ele>
   </trkpt>
   <trkpt lat="54.24964000000001" lon="22.94124">
    <ele>207.16</ele>
   </trkpt>
   <trkpt lat="54.24974" lon="22.941200000000002">
    <ele>207.16</ele>
   </trkpt>
   <trkpt lat="54.24989000000001" lon="22.941090000000003">
    <ele>205.84000000000003</ele>
   </trkpt>
   <trkpt lat="54.25048" lon="22.94084">
    <ele>201.68000000000004</ele>
   </trkpt>
   <trkpt lat="54.25063" lon="22.940810000000003">
    <ele>199.76000000000002</ele>
   </trkpt>
   <trkpt lat="54.250820000000004" lon="22.940830000000002">
    <ele>196.31</ele>
   </trkpt>
   <trkpt lat="54.251070000000006" lon="22.941000000000003">
    <ele>193.13000000000002</ele>
   </trkpt>
   <trkpt lat="54.25122" lon="22.94106">
    <ele>191.81</ele>
   </trkpt>
   <trkpt lat="54.251470000000005" lon="22.94103">
    <ele>190.68</ele>
   </trkpt>
   <trkpt lat="54.25189" lon="22.941110000000002">
    <ele>190.02</ele>
   </trkpt>
   <trkpt lat="54.25242000000001" lon="22.941280000000003">
    <ele>191.57000000000002</ele>
   </trkpt>
   <trkpt lat="54.252570000000006" lon="22.941280000000003">
    <ele>191.57000000000002</ele>
   </trkpt>
   <trkpt lat="54.252660000000006" lon="22.94122">
    <ele>192.0</ele>
   </trkpt>
   <trkpt lat="54.252750000000006" lon="22.9414">
    <ele>191.85999999999999</ele>
   </trkpt>
   <trkpt lat="54.25280000000001" lon="22.941550000000003">
    <ele>191.84</ele>
   </trkpt>
   <trkpt lat="54.252860000000005" lon="22.941860000000002">
    <ele>191.9</ele>
   </trkpt>
   <trkpt lat="54.252860000000005" lon="22.941850000000002">
    <ele>191.9</ele>
   </trkpt>
   <trkpt lat="54.252990000000004" lon="22.942300000000003">
    <ele>192.02</ele>
   </trkpt>
   <trkpt lat="54.25307" lon="22.942500000000003">
    <ele>192.28</ele>
   </trkpt>
   <trkpt lat="54.253240000000005" lon="22.94272">
    <ele>192.53</ele>
   </trkpt>
   <trkpt lat="54.25341" lon="22.942850000000004">
    <ele>193.08</ele>
   </trkpt>
   <trkpt lat="54.253640000000004" lon="22.94291">
    <ele>193.34</ele>
   </trkpt>
   <trkpt lat="54.25383000000001" lon="22.94299">
    <ele>193.43</ele>
   </trkpt>
   <trkpt lat="54.253930000000004" lon="22.943080000000002">
    <ele>193.43</ele>
   </trkpt>
   <trkpt lat="54.254110000000004" lon="22.94331">
    <ele>193.73000000000002</ele>
   </trkpt>
   <trkpt lat="54.25437" lon="22.943540000000002">
    <ele>193.92000000000002</ele>
   </trkpt>
   <trkpt lat="54.25448" lon="22.943700000000003">
    <ele>193.76000000000002</ele>
   </trkpt>
   <trkpt lat="54.25462" lon="22.944000000000003">
    <ele>193.70000000000002</ele>
   </trkpt>
   <trkpt lat="54.254850000000005" lon="22.94459">
    <ele>193.87</ele>
   </trkpt>
   <trkpt lat="54.25497000000001" lon="22.944850000000002">
    <ele>194.31</ele>
   </trkpt>
   <trkpt lat="54.25504" lon="22.944920000000003">
    <ele>194.54000000000002</ele>
   </trkpt>
   <trkpt lat="54.25533000000001" lon="22.94507">
    <ele>195.28</ele>
   </trkpt>
   <trkpt lat="54.255970000000005" lon="22.945670000000003">
    <ele>195.39000000000001</ele>
   </trkpt>
   <trkpt lat="54.25618000000001" lon="22.94581">
    <ele>195.60000000000002</ele>
   </trkpt>
   <trkpt lat="54.2563" lon="22.94592">
    <ele>195.60000000000002</ele>
   </trkpt>
   <trkpt lat="54.25688" lon="22.946620000000003">
    <ele>195.57000000000002</ele>
   </trkpt>
   <trkpt lat="54.25704" lon="22.946740000000002">
    <ele>196.02</ele>
   </trkpt>
   <trkpt lat="54.25728" lon="22.947010000000002">
    <ele>195.93</ele>
   </trkpt>
   <trkpt lat="54.257380000000005" lon="22.947080000000003">
    <ele>195.61</ele>
   </trkpt>
   <trkpt lat="54.25751" lon="22.94713">
    <ele>195.44</ele>
   </trkpt>
   <trkpt lat="54.257670000000005" lon="22.94714">
    <ele>195.27</ele>
   </trkpt>
   <trkpt lat="54.25784" lon="22.947080000000003">
    <ele>194.68</ele>
   </trkpt>
   <trkpt lat="54.258070000000004" lon="22.94704">
    <ele>194.26000000000002</ele>
   </trkpt>
   <trkpt lat="54.25835000000001" lon="22.946920000000002">
    <ele>193.56</ele>
   </trkpt>
   <trkpt lat="54.25847" lon="22.946900000000003">
    <ele>193.56</ele>
   </trkpt>
   <trkpt lat="54.259040000000006" lon="22.947090000000003">
    <ele>191.09</ele>
   </trkpt>
   <trkpt lat="54.259130000000006" lon="22.947070000000004">
    <ele>191.01000000000002</ele>
   </trkpt>
   <trkpt lat="54.259460000000004" lon="22.946890000000003">
    <ele>191.35999999999999</ele>
   </trkpt>
   <trkpt lat="54.25967000000001" lon="22.94686">
    <ele>192.04000000000002</ele>
   </trkpt>
   <trkpt lat="54.259800000000006" lon="22.946900000000003">
    <ele>192.84</ele>
   </trkpt>
   <trkpt lat="54.26017" lon="22.947190000000003">
    <ele>195.27</ele>
   </trkpt>
   <trkpt lat="54.26034000000001" lon="22.94724">
    <ele>195.57000000000002</ele>
   </trkpt>
   <trkpt lat="54.26055" lon="22.947210000000002">
    <ele>194.8</ele>
   </trkpt>
   <trkpt lat="54.260830000000006" lon="22.94704">
    <ele>192.76000000000002</ele>
   </trkpt>
   <trkpt lat="54.26133" lon="22.94648">
    <ele>196.75</ele>
   </trkpt>
   <trkpt lat="54.26187" lon="22.946460000000002">
    <ele>198.07000000000002</ele>
   </trkpt>
   <trkpt lat="54.262480000000004" lon="22.9465">
    <ele>193.78</ele>
   </trkpt>
   <trkpt lat="54.26259" lon="22.946540000000002">
    <ele>192.0</ele>
   </trkpt>
   <trkpt lat="54.26265000000001" lon="22.946620000000003">
    <ele>192.0</ele>
   </trkpt>
   <trkpt lat="54.2627" lon="22.94694">
    <ele>191.31</ele>
   </trkpt>
   <trkpt lat="54.2627" lon="22.94715">
    <ele>191.06</ele>
   </trkpt>
   <trkpt lat="54.26281" lon="22.947400000000002">
    <ele>191.22000000000003</ele>
   </trkpt>
   <trkpt lat="54.26326" lon="22.9479">
    <ele>194.74</ele>
   </trkpt>
   <trkpt lat="54.26339" lon="22.94808">
    <ele>197.68</ele>
   </trkpt>
   <trkpt lat="54.263740000000006" lon="22.94875">
    <ele>200.26000000000002</ele>
   </trkpt>
   <trkpt lat="54.26390000000001" lon="22.94911">
    <ele>199.26000000000002</ele>
   </trkpt>
   <trkpt lat="54.264050000000005" lon="22.94931">
    <ele>199.06</ele>
   </trkpt>
   <trkpt lat="54.264320000000005" lon="22.9496">
    <ele>199.86</ele>
   </trkpt>
   <trkpt lat="54.26474500069599" lon="22.950019995636662">
    <ele>199.14000000000001</ele>
   </trkpt>
   <trkpt lat="54.265170000000005" lon="22.95044">
    <ele>200.07000000000002</ele>
   </trkpt>
   <trkpt lat="54.26583" lon="22.951050000000002">
    <ele>205.95000000000002</ele>
   </trkpt>
   <trkpt lat="54.266365001164345" lon="22.951589992949227">
    <ele>208.57</ele>
   </trkpt>
   <trkpt lat="54.26690000000001" lon="22.95213">
    <ele>201.86</ele>
   </trkpt>
   <trkpt lat="54.26722" lon="22.952530000000003">
    <ele>197.59</ele>
   </trkpt>
   <trkpt lat="54.26749" lon="22.9527">
    <ele>196.45000000000002</ele>
   </trkpt>
   <trkpt lat="54.268170000000005" lon="22.953020000000002">
    <ele>203.1</ele>
   </trkpt>
   <trkpt lat="54.268510000000006" lon="22.95332">
    <ele>206.1</ele>
   </trkpt>
   <trkpt lat="54.26899500129158" lon="22.953869993573882">
    <ele>204.39000000000001</ele>
   </trkpt>
   <trkpt lat="54.26948" lon="22.954420000000002">
    <ele>203.6</ele>
   </trkpt>
   <trkpt lat="54.26995" lon="22.95491">
    <ele>204.75</ele>
   </trkpt>
   <trkpt lat="54.27038500098988" lon="22.955329995818445">
    <ele>203.84</ele>
   </trkpt>
   <trkpt lat="54.27082000000001" lon="22.955750000000002">
    <ele>203.47</ele>
   </trkpt>
   <trkpt lat="54.27120000000001" lon="22.95617">
    <ele>200.61</ele>
   </trkpt>
   <trkpt lat="54.27156" lon="22.956650000000003">
    <ele>199.9</ele>
   </trkpt>
   <trkpt lat="54.271910000000005" lon="22.95701">
    <ele>204.17000000000002</ele>
   </trkpt>
   <trkpt lat="54.27249333581076" lon="22.957553317985077">
    <ele>203.14000000000001</ele>
   </trkpt>
   <trkpt lat="54.27307666917916" lon="22.958096651350797">
    <ele>195.84</ele>
   </trkpt>
   <trkpt lat="54.27366000000001" lon="22.958640000000003">
    <ele>193.38000000000002</ele>
   </trkpt>
   <trkpt lat="54.27411000000001" lon="22.958990000000004">
    <ele>194.53</ele>
   </trkpt>
   <trkpt lat="54.27474" lon="22.95942">
    <ele>196.67000000000002</ele>
   </trkpt>
   <trkpt lat="54.2749" lon="22.959570000000003">
    <ele>196.86</ele>
   </trkpt>
   <trkpt lat="54.27546" lon="22.96028">
    <ele>202.51000000000002</ele>
   </trkpt>
   <trkpt lat="54.275870000000005" lon="22.960690000000003">
    <ele>203.89000000000001</ele>
   </trkpt>
   <trkpt lat="54.276430000000005" lon="22.96113">
    <ele>205.28</ele>
   </trkpt>
   <trkpt lat="54.2766" lon="22.961280000000002">
    <ele>206.07</ele>
   </trkpt>
   <trkpt lat="54.27664000000001" lon="22.96133">
    <ele>206.35</ele>
   </trkpt>
   <trkpt lat="54.27716" lon="22.96186">
    <ele>206.41</ele>
   </trkpt>
   <trkpt lat="54.27784000130636" lon="22.962434990458995">
    <ele>207.47</ele>
   </trkpt>
   <trkpt lat="54.27852000000001" lon="22.96301">
    <ele>199.4</ele>
   </trkpt>
   <trkpt lat="54.27926000000001" lon="22.963590000000003">
    <ele>203.14000000000001</ele>
   </trkpt>
   <trkpt lat="54.279520000000005" lon="22.963810000000002">
    <ele>205.26000000000002</ele>
   </trkpt>
   <trkpt lat="54.279770000000006" lon="22.964100000000002">
    <ele>205.46</ele>
   </trkpt>
   <trkpt lat="54.28046000123689" lon="22.964644990879304">
    <ele>207.03</ele>
   </trkpt>
   <trkpt lat="54.281150000000004" lon="22.965190000000003">
    <ele>206.52</ele>
   </trkpt>
   <trkpt lat="54.281825004211136" lon="22.965772471369505">
    <ele>204.58</ele>
   </trkpt>
   <trkpt lat="54.28250000561552" lon="22.9663549618258">
    <ele>205.17000000000002</ele>
   </trkpt>
   <trkpt lat="54.283175004212964" lon="22.96693747136992">
    <ele>206.03</ele>
   </trkpt>
   <trkpt lat="54.28385" lon="22.96752">
    <ele>206.14000000000001</ele>
   </trkpt>
   <trkpt lat="54.284530000000004" lon="22.968220000000002">
    <ele>204.09</ele>
   </trkpt>
   <trkpt lat="54.28502" lon="22.9676">
    <ele>203.41</ele>
   </trkpt>
   <trkpt lat="54.285160000000005" lon="22.96732">
    <ele>203.67000000000002</ele>
   </trkpt>
   <trkpt lat="54.28529" lon="22.96696">
    <ele>204.04000000000002</ele>
   </trkpt>
   <trkpt lat="54.285360000000004" lon="22.966800000000003">
    <ele>204.15000000000003</ele>
   </trkpt>
   <trkpt lat="54.2856" lon="22.9663">
    <ele>204.07000000000002</ele>
   </trkpt>
   <trkpt lat="54.285680000000006" lon="22.966030000000003">
    <ele>203.87000000000003</ele>
   </trkpt>
   <trkpt lat="54.28578" lon="22.965480000000003">
    <ele>202.62</ele>
   </trkpt>
   <trkpt lat="54.28591" lon="22.96498">
    <ele>200.03</ele>
   </trkpt>
   <trkpt lat="54.28605" lon="22.964630000000003">
    <ele>199.53</ele>
   </trkpt>
   <trkpt lat="54.28627" lon="22.96432">
    <ele>196.82000000000002</ele>
   </trkpt>
   <trkpt lat="54.286480000000005" lon="22.963720000000002">
    <ele>192.07000000000002</ele>
   </trkpt>
   <trkpt lat="54.28671000000001" lon="22.96321">
    <ele>190.09</ele>
   </trkpt>
   <trkpt lat="54.28685" lon="22.962750000000003">
    <ele>187.52</ele>
   </trkpt>
   <trkpt lat="54.28698000000001" lon="22.961900000000004">
    <ele>183.72000000000003</ele>
   </trkpt>
   <trkpt lat="54.28708" lon="22.96152">
    <ele>181.47000000000003</ele>
   </trkpt>
   <trkpt lat="54.287150000000004" lon="22.961340000000003">
    <ele>180.74</ele>
   </trkpt>
   <trkpt lat="54.287445001448496" lon="22.960745004293088">
    <ele>178.15</ele>
   </trkpt>
   <trkpt lat="54.28774000000001" lon="22.960150000000002">
    <ele>178.07</ele>
   </trkpt>
   <trkpt lat="54.287870000000005" lon="22.960030000000003">
    <ele>178.32</ele>
   </trkpt>
   <trkpt lat="54.287960000000005" lon="22.96">
    <ele>178.42000000000002</ele>
   </trkpt>
   <trkpt lat="54.28826" lon="22.960020000000004">
    <ele>178.25000000000003</ele>
   </trkpt>
   <trkpt lat="54.28837000000001" lon="22.959960000000002">
    <ele>177.84000000000003</ele>
   </trkpt>
   <trkpt lat="54.288450000000005" lon="22.95989">
    <ele>177.48000000000002</ele>
   </trkpt>
   <trkpt lat="54.2888" lon="22.959370000000003">
    <ele>174.77</ele>
   </trkpt>
   <trkpt lat="54.288900000000005" lon="22.959300000000002">
    <ele>173.68</ele>
   </trkpt>
   <trkpt lat="54.289190000000005" lon="22.959180000000003">
    <ele>171.76000000000002</ele>
   </trkpt>
   <trkpt lat="54.289530000000006" lon="22.958830000000003">
    <ele>167.98000000000002</ele>
   </trkpt>
   <trkpt lat="54.289680000000004" lon="22.9587">
    <ele>165.81</ele>
   </trkpt>
   <trkpt lat="54.290000000000006" lon="22.958630000000003">
    <ele>164.39000000000001</ele>
   </trkpt>
   <trkpt lat="54.290240000000004" lon="22.95861">
    <ele>164.07000000000002</ele>
   </trkpt>
   <trkpt lat="54.29003" lon="22.958800000000004">
    <ele>164.74</ele>
   </trkpt>
   <trkpt lat="54.28961500197153" lon="22.95948500685115">
    <ele>168.16</ele>
   </trkpt>
   <trkpt lat="54.2892" lon="22.96017">
    <ele>172.03</ele>
   </trkpt>
   <trkpt lat="54.288830000000004" lon="22.960680000000004">
    <ele>174.61</ele>
   </trkpt>
   <trkpt lat="54.288630000000005" lon="22.96105">
    <ele>175.8</ele>
   </trkpt>
   <trkpt lat="54.288520000000005" lon="22.96139">
    <ele>176.35</ele>
   </trkpt>
   <trkpt lat="54.28839000000001" lon="22.96197">
    <ele>176.94</ele>
   </trkpt>
   <trkpt lat="54.288250000000005" lon="22.962410000000002">
    <ele>177.61</ele>
   </trkpt>
   <trkpt lat="54.288140000000006" lon="22.962780000000002">
    <ele>178.61</ele>
   </trkpt>
   <trkpt lat="54.28810000000001" lon="22.963250000000002">
    <ele>179.62</ele>
   </trkpt>
   <trkpt lat="54.288140000000006" lon="22.96384">
    <ele>181.04</ele>
   </trkpt>
   <trkpt lat="54.288320000000006" lon="22.96451">
    <ele>182.54</ele>
   </trkpt>
   <trkpt lat="54.28842" lon="22.9647">
    <ele>182.73</ele>
   </trkpt>
   <trkpt lat="54.28913000000001" lon="22.96563">
    <ele>182.83</ele>
   </trkpt>
   <trkpt lat="54.289350000000006" lon="22.965750000000003">
    <ele>183.02</ele>
   </trkpt>
   <trkpt lat="54.289590000000004" lon="22.96583">
    <ele>183.29</ele>
   </trkpt>
   <trkpt lat="54.290420000000005" lon="22.965940000000003">
    <ele>185.79000000000002</ele>
   </trkpt>
   <trkpt lat="54.290850000000006" lon="22.9661">
    <ele>186.88000000000002</ele>
   </trkpt>
   <trkpt lat="54.29130000000001" lon="22.96648">
    <ele>190.34</ele>
   </trkpt>
   <trkpt lat="54.291290000000004" lon="22.96648">
    <ele>190.3</ele>
   </trkpt>
   <trkpt lat="54.291875001123366" lon="22.96698999279713">
    <ele>195.60000000000002</ele>
   </trkpt>
   <trkpt lat="54.292460000000005" lon="22.9675">
    <ele>198.25</ele>
   </trkpt>
   <trkpt lat="54.29265" lon="22.967720000000003">
    <ele>198.25</ele>
   </trkpt>
   <trkpt lat="54.292860000000005" lon="22.96806">
    <ele>199.06</ele>
   </trkpt>
   <trkpt lat="54.293150000000004" lon="22.968770000000003">
    <ele>199.33</ele>
   </trkpt>
   <trkpt lat="54.29347000382156" lon="22.96972999257045">
    <ele>199.34</ele>
   </trkpt>
   <trkpt lat="54.29379" lon="22.97069">
    <ele>200.8</ele>
   </trkpt>
   <trkpt lat="54.293850000000006" lon="22.97109">
    <ele>200.93000000000004</ele>
   </trkpt>
   <trkpt lat="54.29381000000001" lon="22.97143">
    <ele>200.62</ele>
   </trkpt>
   <trkpt lat="54.293550003010516" lon="22.972280005293186">
    <ele>199.0</ele>
   </trkpt>
   <trkpt lat="54.293290000000006" lon="22.97313">
    <ele>200.22</ele>
   </trkpt>
   <trkpt lat="54.29314" lon="22.97369">
    <ele>201.18000000000004</ele>
   </trkpt>
   <trkpt lat="54.29312" lon="22.973830000000003">
    <ele>201.75</ele>
   </trkpt>
   <trkpt lat="54.293420000000005" lon="22.97378">
    <ele>201.97</ele>
   </trkpt>
   <trkpt lat="54.29392000000001" lon="22.97351">
    <ele>201.88</ele>
   </trkpt>
   <trkpt lat="54.294475000946534" lon="22.973060005976482">
    <ele>202.81</ele>
   </trkpt>
   <trkpt lat="54.295030000000004" lon="22.972610000000003">
    <ele>205.05</ele>
   </trkpt>
   <trkpt lat="54.295280000000005" lon="22.972420000000003">
    <ele>206.32</ele>
   </trkpt>
   <trkpt lat="54.29585" lon="22.972410000000004">
    <ele>207.17000000000002</ele>
   </trkpt>
   <trkpt lat="54.296440000000004" lon="22.972070000000002">
    <ele>206.61</ele>
   </trkpt>
   <trkpt lat="54.29702" lon="22.97143">
    <ele>207.15000000000003</ele>
   </trkpt>
   <trkpt lat="54.29780333354154" lon="22.97127333929339">
    <ele>205.27</ele>
   </trkpt>
   <trkpt lat="54.298586666880084" lon="22.971116672625815">
    <ele>198.09</ele>
   </trkpt>
   <trkpt lat="54.29937" lon="22.97096">
    <ele>197.15</ele>
   </trkpt>
   <trkpt lat="54.29956000000001" lon="22.97098">
    <ele>197.99</ele>
   </trkpt>
   <trkpt lat="54.299640000000004" lon="22.971030000000003">
    <ele>198.51000000000002</ele>
   </trkpt>
   <trkpt lat="54.299760000000006" lon="22.97115">
    <ele>199.06</ele>
   </trkpt>
   <trkpt lat="54.300090000000004" lon="22.971570000000003">
    <ele>201.94</ele>
   </trkpt>
   <trkpt lat="54.300250000000005" lon="22.971700000000002">
    <ele>202.34</ele>
   </trkpt>
   <trkpt lat="54.30107" lon="22.97212">
    <ele>202.93000000000004</ele>
   </trkpt>
   <trkpt lat="54.301730000000006" lon="22.972440000000002">
    <ele>202.46000000000004</ele>
   </trkpt>
   <trkpt lat="54.30189000000001" lon="22.97247">
    <ele>202.73000000000002</ele>
   </trkpt>
   <trkpt lat="54.302040000000005" lon="22.972430000000003">
    <ele>202.73000000000002</ele>
   </trkpt>
   <trkpt lat="54.30225000000001" lon="22.9723">
    <ele>203.0</ele>
   </trkpt>
   <trkpt lat="54.30281" lon="22.97184">
    <ele>204.68000000000004</ele>
   </trkpt>
   <trkpt lat="54.303110000000004" lon="22.971760000000003">
    <ele>206.65000000000003</ele>
   </trkpt>
   <trkpt lat="54.303230000000006" lon="22.971760000000003">
    <ele>206.65000000000003</ele>
   </trkpt>
   <trkpt lat="54.303430000000006" lon="22.971860000000003">
    <ele>207.37000000000003</ele>
   </trkpt>
   <trkpt lat="54.303760000000004" lon="22.972070000000002">
    <ele>207.25</ele>
   </trkpt>
   <trkpt lat="54.30433000000001" lon="22.9725">
    <ele>205.19</ele>
   </trkpt>
   <trkpt lat="54.304500000000004" lon="22.972600000000003">
    <ele>204.13</ele>
   </trkpt>
   <trkpt lat="54.30469000000001" lon="22.97266">
    <ele>201.95000000000002</ele>
   </trkpt>
   <trkpt lat="54.304880000000004" lon="22.97265">
    <ele>200.64000000000001</ele>
   </trkpt>
   <trkpt lat="54.30525" lon="22.97258">
    <ele>198.54000000000002</ele>
   </trkpt>
   <trkpt lat="54.305400000000006" lon="22.97257">
    <ele>198.15</ele>
   </trkpt>
   <trkpt lat="54.305490000000006" lon="22.97258">
    <ele>197.66</ele>
   </trkpt>
   <trkpt lat="54.30548" lon="22.97258">
    <ele>197.67000000000002</ele>
   </trkpt>
   <trkpt lat="54.30557" lon="22.972600000000003">
    <ele>197.49</ele>
   </trkpt>
   <trkpt lat="54.30583000000001" lon="22.97276">
    <ele>196.59</ele>
   </trkpt>
   <trkpt lat="54.30624" lon="22.97302">
    <ele>195.75</ele>
   </trkpt>
   <trkpt lat="54.30635" lon="22.97312">
    <ele>195.72</ele>
   </trkpt>
   <trkpt lat="54.30642" lon="22.973260000000003">
    <ele>195.88000000000002</ele>
   </trkpt>
   <trkpt lat="54.306540000000005" lon="22.9738">
    <ele>196.82000000000002</ele>
   </trkpt>
   <trkpt lat="54.306630000000006" lon="22.97398">
    <ele>197.22</ele>
   </trkpt>
   <trkpt lat="54.307010000000005" lon="22.974140000000002">
    <ele>199.33</ele>
   </trkpt>
   <trkpt lat="54.307390000000005" lon="22.974390000000003">
    <ele>200.96000000000004</ele>
   </trkpt>
   <trkpt lat="54.30794" lon="22.974890000000002">
    <ele>205.77</ele>
   </trkpt>
   <trkpt lat="54.308130000000006" lon="22.975">
    <ele>206.55</ele>
   </trkpt>
   <trkpt lat="54.30829000000001" lon="22.975">
    <ele>205.85</ele>
   </trkpt>
   <trkpt lat="54.30883000000001" lon="22.9749">
    <ele>200.24000000000004</ele>
   </trkpt>
   <trkpt lat="54.309160000000006" lon="22.97472">
    <ele>196.41000000000003</ele>
   </trkpt>
   <trkpt lat="54.30926" lon="22.974590000000003">
    <ele>195.93</ele>
   </trkpt>
   <trkpt lat="54.30959000000001" lon="22.97407">
    <ele>193.04000000000002</ele>
   </trkpt>
   <trkpt lat="54.309740000000005" lon="22.97388">
    <ele>191.77</ele>
   </trkpt>
   <trkpt lat="54.310100000000006" lon="22.97353">
    <ele>189.27</ele>
   </trkpt>
   <trkpt lat="54.31026000000001" lon="22.97334">
    <ele>186.97000000000003</ele>
   </trkpt>
   <trkpt lat="54.31054" lon="22.972810000000003">
    <ele>184.73</ele>
   </trkpt>
   <trkpt lat="54.31096" lon="22.972350000000002">
    <ele>184.86</ele>
   </trkpt>
   <trkpt lat="54.31136000000001" lon="22.97203">
    <ele>186.7</ele>
   </trkpt>
   <trkpt lat="54.31167000000001" lon="22.971700000000002">
    <ele>186.38000000000002</ele>
   </trkpt>
   <trkpt lat="54.31179" lon="22.971680000000003">
    <ele>186.14000000000001</ele>
   </trkpt>
   <trkpt lat="54.312400000000004" lon="22.971680000000003">
    <ele>187.05</ele>
   </trkpt>
   <trkpt lat="54.31309000029963" lon="22.97149333959007">
    <ele>186.42</ele>
   </trkpt>
   <trkpt lat="54.313780000311134" lon="22.97130667292041">
    <ele>184.87</ele>
   </trkpt>
   <trkpt lat="54.31447000000001" lon="22.971120000000003">
    <ele>183.71</ele>
   </trkpt>
   <trkpt lat="54.31514000012686" lon="22.97096500251744">
    <ele>183.51</ele>
   </trkpt>
   <trkpt lat="54.315810000000006" lon="22.97081">
    <ele>181.55</ele>
   </trkpt>
   <trkpt lat="54.315960000000004" lon="22.970830000000003">
    <ele>181.02</ele>
   </trkpt>
   <trkpt lat="54.316320000000005" lon="22.97098">
    <ele>178.42000000000002</ele>
   </trkpt>
   <trkpt lat="54.31631" lon="22.97098">
    <ele>178.44</ele>
   </trkpt>
   <trkpt lat="54.31669" lon="22.97115">
    <ele>177.66</ele>
   </trkpt>
   <trkpt lat="54.31716" lon="22.971400000000003">
    <ele>178.44</ele>
   </trkpt>
   <trkpt lat="54.317600000000006" lon="22.97174">
    <ele>177.94</ele>
   </trkpt>
   <trkpt lat="54.31767000000001" lon="22.97175">
    <ele>177.76</ele>
   </trkpt>
   <trkpt lat="54.31774000000001" lon="22.97173">
    <ele>177.50000000000003</ele>
   </trkpt>
   <trkpt lat="54.31779" lon="22.971690000000002">
    <ele>177.33</ele>
   </trkpt>
   <trkpt lat="54.31792000000001" lon="22.97145">
    <ele>176.38</ele>
   </trkpt>
   <trkpt lat="54.31826" lon="22.97049">
    <ele>170.17000000000002</ele>
   </trkpt>
   <trkpt lat="54.31839000000001" lon="22.97021">
    <ele>167.03</ele>
   </trkpt>
   <trkpt lat="54.3186" lon="22.96996">
    <ele>163.63000000000002</ele>
   </trkpt>
   <trkpt lat="54.318940000000005" lon="22.969620000000003">
    <ele>160.51000000000002</ele>
   </trkpt>
   <trkpt lat="54.31949" lon="22.9693">
    <ele>158.63000000000002</ele>
   </trkpt>
   <trkpt lat="54.31949" lon="22.96931">
    <ele>158.64</ele>
   </trkpt>
   <trkpt lat="54.32023" lon="22.9689">
    <ele>154.86</ele>
   </trkpt>
   <trkpt lat="54.320310000000006" lon="22.968880000000002">
    <ele>153.68</ele>
   </trkpt>
   <trkpt lat="54.32039" lon="22.96891">
    <ele>153.68</ele>
   </trkpt>
   <trkpt lat="54.320570000000004" lon="22.969040000000003">
    <ele>151.72000000000003</ele>
   </trkpt>
   <trkpt lat="54.32119" lon="22.97003">
    <ele>149.36</ele>
   </trkpt>
   <trkpt lat="54.32154500158767" lon="22.970654994558526">
    <ele>148.36</ele>
   </trkpt>
   <trkpt lat="54.32190000000001" lon="22.97128">
    <ele>147.3</ele>
   </trkpt>
   <trkpt lat="54.32197000000001" lon="22.97137">
    <ele>147.3</ele>
   </trkpt>
   <trkpt lat="54.32202" lon="22.971470000000004">
    <ele>147.3</ele>
   </trkpt>
   <trkpt lat="54.322210000000005" lon="22.971780000000003">
    <ele>147.08</ele>
   </trkpt>
   <trkpt lat="54.32242" lon="22.972230000000003">
    <ele>146.68</ele>
   </trkpt>
   <trkpt lat="54.322410000000005" lon="22.972330000000003">
    <ele>146.89000000000001</ele>
   </trkpt>
   <trkpt lat="54.322430000000004" lon="22.972420000000003">
    <ele>146.89000000000001</ele>
   </trkpt>
   <trkpt lat="54.322500000000005" lon="22.972510000000003">
    <ele>147.1</ele>
   </trkpt>
   <trkpt lat="54.32258" lon="22.972510000000003">
    <ele>147.15</ele>
   </trkpt>
   <trkpt lat="54.32262000000001" lon="22.972550000000002">
    <ele>147.15</ele>
   </trkpt>
   <trkpt lat="54.32287" lon="22.972890000000003">
    <ele>146.19</ele>
   </trkpt>
   <trkpt lat="54.32349000431273" lon="22.97390498478939">
    <ele>145.58</ele>
   </trkpt>
   <trkpt lat="54.324110000000005" lon="22.97492">
    <ele>144.76</ele>
   </trkpt>
   <trkpt lat="54.32462000245197" lon="22.975704990119947">
    <ele>144.46</ele>
   </trkpt>
   <trkpt lat="54.32513" lon="22.976490000000002">
    <ele>144.11</ele>
   </trkpt>
   <trkpt lat="54.32544000000001" lon="22.97709">
    <ele>143.55</ele>
   </trkpt>
   <trkpt lat="54.32558" lon="22.97746">
    <ele>143.55</ele>
   </trkpt>
   <trkpt lat="54.325570000000006" lon="22.97746">
    <ele>143.56000000000003</ele>
   </trkpt>
   <trkpt lat="54.32582500202543" lon="22.978144995983193">
    <ele>143.25</ele>
   </trkpt>
   <trkpt lat="54.326080000000005" lon="22.978830000000002">
    <ele>142.65</ele>
   </trkpt>
   <trkpt lat="54.326240000000006" lon="22.979370000000003">
    <ele>142.11</ele>
   </trkpt>
   <trkpt lat="54.32638000000001" lon="22.980240000000002">
    <ele>141.47</ele>
   </trkpt>
   <trkpt lat="54.32652" lon="22.981640000000002">
    <ele>139.54000000000002</ele>
   </trkpt>
   <trkpt lat="54.326640000000005" lon="22.982290000000003">
    <ele>138.95000000000002</ele>
   </trkpt>
   <trkpt lat="54.32693334532169" lon="22.983493316234753">
    <ele>140.34</ele>
   </trkpt>
   <trkpt lat="54.32722667867107" lon="22.984696649633587">
    <ele>144.38</ele>
   </trkpt>
   <trkpt lat="54.32752000000001" lon="22.9859">
    <ele>148.97000000000003</ele>
   </trkpt>
   <trkpt lat="54.32761000000001" lon="22.986330000000002">
    <ele>149.85</ele>
   </trkpt>
   <trkpt lat="54.32768000000001" lon="22.986710000000002">
    <ele>150.22000000000003</ele>
   </trkpt>
   <trkpt lat="54.32772000000001" lon="22.98721">
    <ele>150.08</ele>
   </trkpt>
   <trkpt lat="54.327750005004255" lon="22.988309999271834">
    <ele>149.15</ele>
   </trkpt>
   <trkpt lat="54.327780000000004" lon="22.989410000000003">
    <ele>148.95</ele>
   </trkpt>
   <trkpt lat="54.32782" lon="22.989620000000002">
    <ele>148.76</ele>
   </trkpt>
   <trkpt lat="54.32799000000001" lon="22.990250000000003">
    <ele>148.55</ele>
   </trkpt>
   <trkpt lat="54.328520000000005" lon="22.99144">
    <ele>144.85</ele>
   </trkpt>
   <trkpt lat="54.328520000000005" lon="22.99143">
    <ele>144.87</ele>
   </trkpt>
   <trkpt lat="54.328140000000005" lon="22.99061">
    <ele>147.93</ele>
   </trkpt>
   <trkpt lat="54.328230000000005" lon="22.99069">
    <ele>147.51</ele>
   </trkpt>
   <trkpt lat="54.328340000000004" lon="22.990830000000003">
    <ele>146.34000000000003</ele>
   </trkpt>
   <trkpt lat="54.328920000000004" lon="22.991940000000003">
    <ele>141.24</ele>
   </trkpt>
   <trkpt lat="54.328970000000005" lon="22.992">
    <ele>141.11</ele>
   </trkpt>
   <trkpt lat="54.32902000000001" lon="22.99201">
    <ele>141.0</ele>
   </trkpt>
   <trkpt lat="54.32909000000001" lon="22.99198">
    <ele>140.74</ele>
   </trkpt>
   <trkpt lat="54.329685001531395" lon="22.991365008930863">
    <ele>134.64000000000001</ele>
   </trkpt>
   <trkpt lat="54.33028" lon="22.990750000000002">
    <ele>130.76999999999998</ele>
   </trkpt>
   <trkpt lat="54.33095" lon="22.99014">
    <ele>133.65</ele>
   </trkpt>
   <trkpt lat="54.3312" lon="22.990080000000003">
    <ele>134.92000000000002</ele>
   </trkpt>
   <trkpt lat="54.33135000000001" lon="22.990090000000002">
    <ele>135.16</ele>
   </trkpt>
   <trkpt lat="54.33158" lon="22.99004">
    <ele>135.87</ele>
   </trkpt>
   <trkpt lat="54.33171" lon="22.989970000000003">
    <ele>136.72</ele>
   </trkpt>
   <trkpt lat="54.331880000000005" lon="22.989870000000003">
    <ele>139.21</ele>
   </trkpt>
   <trkpt lat="54.332525001106234" lon="22.98937000778613">
    <ele>147.64000000000001</ele>
   </trkpt>
   <trkpt lat="54.33317" lon="22.988870000000002">
    <ele>149.35</ele>
   </trkpt>
   <trkpt lat="54.33361000000001" lon="22.98844">
    <ele>149.8</ele>
   </trkpt>
   <trkpt lat="54.33424000313781" lon="22.98757001331712">
    <ele>149.81</ele>
   </trkpt>
   <trkpt lat="54.33487" lon="22.986700000000003">
    <ele>151.33</ele>
   </trkpt>
   <trkpt lat="54.33502000000001" lon="22.98644">
    <ele>151.39000000000001</ele>
   </trkpt>
   <trkpt lat="54.33511000000001" lon="22.986230000000003">
    <ele>151.65</ele>
   </trkpt>
   <trkpt lat="54.335420000000006" lon="22.985550000000003">
    <ele>152.10000000000002</ele>
   </trkpt>
   <trkpt lat="54.3357" lon="22.984750000000002">
    <ele>148.74</ele>
   </trkpt>
   <trkpt lat="54.33585000000001" lon="22.98438">
    <ele>145.58</ele>
   </trkpt>
   <trkpt lat="54.336000000000006" lon="22.984180000000002">
    <ele>144.82</ele>
   </trkpt>
   <trkpt lat="54.33617" lon="22.984">
    <ele>143.26</ele>
   </trkpt>
   <trkpt lat="54.336765001050146" lon="22.983475007676205">
    <ele>142.02</ele>
   </trkpt>
   <trkpt lat="54.337360000000004" lon="22.982950000000002">
    <ele>142.81000000000003</ele>
   </trkpt>
   <trkpt lat="54.33781500073731" lon="22.982520004784252">
    <ele>140.82</ele>
   </trkpt>
   <trkpt lat="54.33827" lon="22.982090000000003">
    <ele>138.13</ele>
   </trkpt>
   <trkpt lat="54.33876000085361" lon="22.981650005196236">
    <ele>138.98000000000002</ele>
   </trkpt>
   <trkpt lat="54.33925000000001" lon="22.98121">
    <ele>135.47</ele>
   </trkpt>
   <trkpt lat="54.33946" lon="22.980970000000003">
    <ele>134.68</ele>
   </trkpt>
   <trkpt lat="54.33955" lon="22.98082">
    <ele>134.58</ele>
   </trkpt>
   <trkpt lat="54.339830000000006" lon="22.979950000000002">
    <ele>135.23000000000002</ele>
   </trkpt>
   <trkpt lat="54.340090000000004" lon="22.979260000000004">
    <ele>137.62</ele>
   </trkpt>
   <trkpt lat="54.3402" lon="22.97907">
    <ele>138.17000000000002</ele>
   </trkpt>
   <trkpt lat="54.34047" lon="22.978830000000002">
    <ele>140.62000000000003</ele>
   </trkpt>
   <trkpt lat="54.34069" lon="22.97859">
    <ele>142.55</ele>
   </trkpt>
   <trkpt lat="54.340810000000005" lon="22.978340000000003">
    <ele>144.78000000000003</ele>
   </trkpt>
   <trkpt lat="54.34104000000001" lon="22.977700000000002">
    <ele>148.06000000000003</ele>
   </trkpt>
   <trkpt lat="54.34111000000001" lon="22.97756">
    <ele>148.06000000000003</ele>
   </trkpt>
   <trkpt lat="54.341210000000004" lon="22.97744">
    <ele>150.86</ele>
   </trkpt>
   <trkpt lat="54.34131000000001" lon="22.977420000000002">
    <ele>151.74</ele>
   </trkpt>
   <trkpt lat="54.34145" lon="22.977420000000002">
    <ele>152.86</ele>
   </trkpt>
   <trkpt lat="54.341570000000004" lon="22.97737">
    <ele>153.46</ele>
   </trkpt>
   <trkpt lat="54.341620000000006" lon="22.977320000000002">
    <ele>154.15</ele>
   </trkpt>
   <trkpt lat="54.34165" lon="22.977300000000003">
    <ele>154.08</ele>
   </trkpt>
   <trkpt lat="54.34172" lon="22.97717">
    <ele>155.07000000000002</ele>
   </trkpt>
   <trkpt lat="54.341770000000004" lon="22.97698">
    <ele>155.73000000000002</ele>
   </trkpt>
   <trkpt lat="54.341910000000006" lon="22.97597">
    <ele>156.99</ele>
   </trkpt>
   <trkpt lat="54.34192" lon="22.975730000000002">
    <ele>155.7</ele>
   </trkpt>
   <trkpt lat="54.342240000000004" lon="22.976470000000003">
    <ele>160.97</ele>
   </trkpt>
   <trkpt lat="54.342670000000005" lon="22.977690000000003">
    <ele>157.63000000000002</ele>
   </trkpt>
   <trkpt lat="54.342740000000006" lon="22.97784">
    <ele>156.82000000000002</ele>
   </trkpt>
   <trkpt lat="54.342890000000004" lon="22.978080000000002">
    <ele>155.65</ele>
   </trkpt>
   <trkpt lat="54.34322" lon="22.97841">
    <ele>155.88000000000002</ele>
   </trkpt>
   <trkpt lat="54.34339000000001" lon="22.978610000000003">
    <ele>157.46</ele>
   </trkpt>
   <trkpt lat="54.343560000000004" lon="22.97895">
    <ele>159.81</ele>
   </trkpt>
   <trkpt lat="54.34389000689233" lon="22.98024498944914">
    <ele>169.82000000000002</ele>
   </trkpt>
   <trkpt lat="54.34422000000001" lon="22.981540000000003">
    <ele>168.71000000000004</ele>
   </trkpt>
   <trkpt lat="54.344480007664984" lon="22.982503321122522">
    <ele>168.51000000000002</ele>
   </trkpt>
   <trkpt lat="54.34474000765864" lon="22.983466654432174">
    <ele>168.73000000000002</ele>
   </trkpt>
   <trkpt lat="54.345000000000006" lon="22.984430000000003">
    <ele>168.15</ele>
   </trkpt>
   <trkpt lat="54.345130000000005" lon="22.98486">
    <ele>166.72</ele>
   </trkpt>
   <trkpt lat="54.34543000235296" lon="22.985604994708723">
    <ele>164.77</ele>
   </trkpt>
   <trkpt lat="54.34573" lon="22.98635">
    <ele>164.04000000000002</ele>
   </trkpt>
   <trkpt lat="54.34573" lon="22.986340000000002">
    <ele>164.03</ele>
   </trkpt>
   <trkpt lat="54.346210000000006" lon="22.987530000000003">
    <ele>165.01000000000002</ele>
   </trkpt>
   <trkpt lat="54.346610000000005" lon="22.988670000000003">
    <ele>165.45000000000002</ele>
   </trkpt>
   <trkpt lat="54.346790000000006" lon="22.989060000000002">
    <ele>165.16</ele>
   </trkpt>
   <trkpt lat="54.34714" lon="22.989720000000002">
    <ele>163.58</ele>
   </trkpt>
   <trkpt lat="54.347280000000005" lon="22.98986">
    <ele>163.15</ele>
   </trkpt>
   <trkpt lat="54.34754" lon="22.990070000000003">
    <ele>163.01000000000002</ele>
   </trkpt>
   <trkpt lat="54.34769000000001" lon="22.99032">
    <ele>163.13000000000002</ele>
   </trkpt>
   <trkpt lat="54.34779" lon="22.99057">
    <ele>163.34</ele>
   </trkpt>
   <trkpt lat="54.348160002635915" lon="22.991364992893708">
    <ele>163.56</ele>
   </trkpt>
   <trkpt lat="54.348530000000004" lon="22.992160000000002">
    <ele>163.38000000000002</ele>
   </trkpt>
   <trkpt lat="54.3489050038615" lon="22.993124991227315">
    <ele>161.03</ele>
   </trkpt>
   <trkpt lat="54.34928000000001" lon="22.994090000000003">
    <ele>161.13000000000002</ele>
   </trkpt>
   <trkpt lat="54.349410000000006" lon="22.99455">
    <ele>161.72</ele>
   </trkpt>
   <trkpt lat="54.34969" lon="22.99576">
    <ele>162.96</ele>
   </trkpt>
   <trkpt lat="54.349830000000004" lon="22.996190000000002">
    <ele>162.93</ele>
   </trkpt>
   <trkpt lat="54.349970000000006" lon="22.99651">
    <ele>162.68</ele>
   </trkpt>
   <trkpt lat="54.350280001536674" lon="22.99712499530812">
    <ele>160.95000000000002</ele>
   </trkpt>
   <trkpt lat="54.350590000000004" lon="22.99774">
    <ele>159.57999999999998</ele>
   </trkpt>
   <trkpt lat="54.350910000000006" lon="22.998600000000003">
    <ele>159.10000000000002</ele>
   </trkpt>
   <trkpt lat="54.35116000000001" lon="22.99941">
    <ele>156.62</ele>
   </trkpt>
   <trkpt lat="54.351330000000004" lon="22.99969">
    <ele>156.27</ele>
   </trkpt>
   <trkpt lat="54.351800000000004" lon="23.00015">
    <ele>154.35000000000002</ele>
   </trkpt>
   <trkpt lat="54.35217" lon="23.000680000000003">
    <ele>149.05</ele>
   </trkpt>
   <trkpt lat="54.3524" lon="23.0011">
    <ele>147.84</ele>
   </trkpt>
   <trkpt lat="54.352540000000005" lon="23.0013">
    <ele>148.11</ele>
   </trkpt>
   <trkpt lat="54.35267" lon="23.001430000000003">
    <ele>148.62</ele>
   </trkpt>
   <trkpt lat="54.35278" lon="23.001500000000004">
    <ele>149.22000000000003</ele>
   </trkpt>
   <trkpt lat="54.35291" lon="23.001530000000002">
    <ele>149.58</ele>
   </trkpt>
   <trkpt lat="54.35311" lon="23.001510000000003">
    <ele>149.12</ele>
   </trkpt>
   <trkpt lat="54.35342000000001" lon="23.001530000000002">
    <ele>146.3</ele>
   </trkpt>
   <trkpt lat="54.35367" lon="23.001500000000004">
    <ele>143.0</ele>
   </trkpt>
   <trkpt lat="54.35387000000001" lon="23.00138">
    <ele>140.90000000000003</ele>
   </trkpt>
   <trkpt lat="54.35417" lon="23.00099">
    <ele>140.16</ele>
   </trkpt>
   <trkpt lat="54.354350000000004" lon="23.00083">
    <ele>140.64000000000001</ele>
   </trkpt>
   <trkpt lat="54.35445000000001" lon="23.00082">
    <ele>140.94</ele>
   </trkpt>
   <trkpt lat="54.354530000000004" lon="23.00083">
    <ele>140.89000000000001</ele>
   </trkpt>
   <trkpt lat="54.35463000000001" lon="23.00092">
    <ele>141.16</ele>
   </trkpt>
   <trkpt lat="54.354710000000004" lon="23.001030000000004">
    <ele>141.16</ele>
   </trkpt>
   <trkpt lat="54.354760000000006" lon="23.001160000000002">
    <ele>141.9</ele>
   </trkpt>
   <trkpt lat="54.354980000000005" lon="23.002010000000002">
    <ele>142.8</ele>
   </trkpt>
   <trkpt lat="54.355090000000004" lon="23.002280000000003">
    <ele>143.36</ele>
   </trkpt>
   <trkpt lat="54.35522" lon="23.00249">
    <ele>144.1</ele>
   </trkpt>
   <trkpt lat="54.355650000000004" lon="23.002940000000002">
    <ele>148.4</ele>
   </trkpt>
   <trkpt lat="54.35600500423409" lon="23.001925008837123">
    <ele>155.83</ele>
   </trkpt>
   <trkpt lat="54.35636" lon="23.00091">
    <ele>158.96</ele>
   </trkpt>
   <trkpt lat="54.35665000331905" lon="23.000005006592936">
    <ele>159.63000000000002</ele>
   </trkpt>
   <trkpt lat="54.35694" lon="22.999100000000002">
    <ele>162.01000000000002</ele>
   </trkpt>
   <trkpt lat="54.35729500461102" lon="22.998045009082418">
    <ele>164.43</ele>
   </trkpt>
   <trkpt lat="54.35765000000001" lon="22.99699">
    <ele>165.69</ele>
   </trkpt>
   <trkpt lat="54.358020009869925" lon="22.995896686389738">
    <ele>164.42000000000002</ele>
   </trkpt>
   <trkpt lat="54.35839000986002" lon="22.99480335308606">
    <ele>166.08</ele>
   </trkpt>
   <trkpt lat="54.358760000000004" lon="22.993710000000004">
    <ele>161.57000000000002</ele>
   </trkpt>
   <trkpt lat="54.358880000000006" lon="22.99342">
    <ele>161.44</ele>
   </trkpt>
   <trkpt lat="54.35895000000001" lon="22.9933">
    <ele>161.53</ele>
   </trkpt>
   <trkpt lat="54.35902" lon="22.993250000000003">
    <ele>161.61</ele>
   </trkpt>
   <trkpt lat="54.3592" lon="22.993180000000002">
    <ele>162.22</ele>
   </trkpt>
   <trkpt lat="54.360040000000005" lon="22.99311">
    <ele>161.4</ele>
   </trkpt>
   <trkpt lat="54.36023" lon="22.99311">
    <ele>157.15</ele>
   </trkpt>
   <trkpt lat="54.360420000000005" lon="22.99314">
    <ele>155.16000000000003</ele>
   </trkpt>
   <trkpt lat="54.36121000000001" lon="22.99339">
    <ele>155.71</ele>
   </trkpt>
   <trkpt lat="54.361470000000004" lon="22.99351">
    <ele>156.72000000000003</ele>
   </trkpt>
   <trkpt lat="54.36216" lon="22.99395">
    <ele>157.55</ele>
   </trkpt>
   <trkpt lat="54.36229" lon="22.994000000000003">
    <ele>157.48000000000002</ele>
   </trkpt>
   <trkpt lat="54.362410000000004" lon="22.994030000000002">
    <ele>157.55</ele>
   </trkpt>
   <trkpt lat="54.36285" lon="22.994040000000002">
    <ele>159.10000000000002</ele>
   </trkpt>
   <trkpt lat="54.36300000000001" lon="22.99407">
    <ele>161.67000000000002</ele>
   </trkpt>
   <trkpt lat="54.36321" lon="22.99414">
    <ele>161.67000000000002</ele>
   </trkpt>
   <trkpt lat="54.363730000000004" lon="22.99443">
    <ele>163.77</ele>
   </trkpt>
   <trkpt lat="54.36426" lon="22.994580000000003">
    <ele>165.53</ele>
   </trkpt>
   <trkpt lat="54.364580000000004" lon="22.99464">
    <ele>167.24000000000004</ele>
   </trkpt>
   <trkpt lat="54.364920000000005" lon="22.99455">
    <ele>167.33</ele>
   </trkpt>
   <trkpt lat="54.36513000000001" lon="22.994560000000003">
    <ele>167.34</ele>
   </trkpt>
   <trkpt lat="54.36572" lon="22.994860000000003">
    <ele>169.39000000000001</ele>
   </trkpt>
   <trkpt lat="54.36587" lon="22.994970000000002">
    <ele>170.01000000000002</ele>
   </trkpt>
   <trkpt lat="54.365860000000005" lon="22.994970000000002">
    <ele>170.0</ele>
   </trkpt>
   <trkpt lat="54.366020000000006" lon="22.99509">
    <ele>170.26000000000002</ele>
   </trkpt>
   <trkpt lat="54.366200000000006" lon="22.9953">
    <ele>170.16</ele>
   </trkpt>
   <trkpt lat="54.36648" lon="22.99567">
    <ele>169.34</ele>
   </trkpt>
   <trkpt lat="54.366580000000006" lon="22.99577">
    <ele>169.21000000000004</ele>
   </trkpt>
   <trkpt lat="54.36706" lon="22.99614">
    <ele>170.12</ele>
   </trkpt>
   <trkpt lat="54.367580000000004" lon="22.996660000000002">
    <ele>174.39000000000001</ele>
   </trkpt>
   <trkpt lat="54.36764" lon="22.996660000000002">
    <ele>174.51000000000002</ele>
   </trkpt>
   <trkpt lat="54.367700000000006" lon="22.996630000000003">
    <ele>174.51000000000002</ele>
   </trkpt>
   <trkpt lat="54.367760000000004" lon="22.99649">
    <ele>174.47</ele>
   </trkpt>
   <trkpt lat="54.36761500332363" lon="22.995589996677193">
    <ele>173.74</ele>
   </trkpt>
   <trkpt lat="54.367470000000004" lon="22.994690000000002">
    <ele>175.92000000000002</ele>
   </trkpt>
   <trkpt lat="54.36742" lon="22.994280000000003">
    <ele>175.89000000000001</ele>
   </trkpt>
   <trkpt lat="54.367365004420044" lon="22.993244998493125">
    <ele>171.76000000000002</ele>
   </trkpt>
   <trkpt lat="54.36731" lon="22.992210000000004">
    <ele>169.71000000000004</ele>
   </trkpt>
   <trkpt lat="54.36721000000001" lon="22.99107">
    <ele>173.81</ele>
   </trkpt>
   <trkpt lat="54.36721000000001" lon="22.99106">
    <ele>173.86</ele>
   </trkpt>
   <trkpt lat="54.367200000000004" lon="22.99059">
    <ele>175.43</ele>
   </trkpt>
   <trkpt lat="54.36722" lon="22.990360000000003">
    <ele>175.57</ele>
   </trkpt>
   <trkpt lat="54.367270000000005" lon="22.99013">
    <ele>175.24</ele>
   </trkpt>
   <trkpt lat="54.367630000000005" lon="22.988870000000002">
    <ele>168.74</ele>
   </trkpt>
   <trkpt lat="54.368" lon="22.98769">
    <ele>165.5</ele>
   </trkpt>
   <trkpt lat="54.36815000000001" lon="22.987330000000004">
    <ele>166.46</ele>
   </trkpt>
   <trkpt lat="54.36867500376288" lon="22.9863800120838">
    <ele>171.58</ele>
   </trkpt>
   <trkpt lat="54.369200000000006" lon="22.98543">
    <ele>176.17000000000002</ele>
   </trkpt>
   <trkpt lat="54.36941" lon="22.98496">
    <ele>176.19</ele>
   </trkpt>
   <trkpt lat="54.36973000243998" lon="22.984205005683616">
    <ele>172.41</ele>
   </trkpt>
   <trkpt lat="54.370050000000006" lon="22.98345">
    <ele>171.58</ele>
   </trkpt>
   <trkpt lat="54.370400000000004" lon="22.982550000000003">
    <ele>173.45000000000002</ele>
   </trkpt>
   <trkpt lat="54.3708050031496" lon="22.98168500840742">
    <ele>180.3</ele>
   </trkpt>
   <trkpt lat="54.371210000000005" lon="22.98082">
    <ele>180.75000000000003</ele>
   </trkpt>
   <trkpt lat="54.371860000000005" lon="22.979770000000002">
    <ele>181.34</ele>
   </trkpt>
   <trkpt lat="54.37239" lon="22.97878">
    <ele>181.36</ele>
   </trkpt>
   <trkpt lat="54.372550000000004" lon="22.978430000000003">
    <ele>180.78000000000003</ele>
   </trkpt>
   <trkpt lat="54.37275" lon="22.977790000000002">
    <ele>180.79</ele>
   </trkpt>
   <trkpt lat="54.37281" lon="22.977690000000003">
    <ele>180.92000000000002</ele>
   </trkpt>
   <trkpt lat="54.372890000000005" lon="22.97763">
    <ele>180.91000000000003</ele>
   </trkpt>
   <trkpt lat="54.373070000000006" lon="22.97754">
    <ele>181.20000000000002</ele>
   </trkpt>
   <trkpt lat="54.373180000000005" lon="22.97754">
    <ele>181.43</ele>
   </trkpt>
   <trkpt lat="54.37326" lon="22.977590000000003">
    <ele>181.43</ele>
   </trkpt>
   <trkpt lat="54.37357000000001" lon="22.97785">
    <ele>182.57</ele>
   </trkpt>
   <trkpt lat="54.37396000057726" lon="22.97826999584738">
    <ele>182.93</ele>
   </trkpt>
   <trkpt lat="54.37435000000001" lon="22.97869">
    <ele>183.53000000000003</ele>
   </trkpt>
   <trkpt lat="54.374340000000004" lon="22.97869">
    <ele>183.54</ele>
   </trkpt>
   <trkpt lat="54.37507000140477" lon="22.979259989914134">
    <ele>184.74</ele>
   </trkpt>
   <trkpt lat="54.375800000000005" lon="22.979830000000003">
    <ele>187.65</ele>
   </trkpt>
   <trkpt lat="54.375930000000004" lon="22.9799">
    <ele>187.86</ele>
   </trkpt>
   <trkpt lat="54.376050000000006" lon="22.979940000000003">
    <ele>188.05</ele>
   </trkpt>
   <trkpt lat="54.37628" lon="22.979870000000002">
    <ele>188.59</ele>
   </trkpt>
   <trkpt lat="54.376250000000006" lon="22.97856">
    <ele>186.74</ele>
   </trkpt>
   <trkpt lat="54.37623668121129" lon="22.977233332537295">
    <ele>186.45</ele>
   </trkpt>
   <trkpt lat="54.376223347878614" lon="22.975906665935824">
    <ele>185.03000000000003</ele>
   </trkpt>
   <trkpt lat="54.37621000000001" lon="22.974580000000003">
    <ele>185.78000000000003</ele>
   </trkpt>
   <trkpt lat="54.37622" lon="22.97359">
    <ele>185.43</ele>
   </trkpt>
   <trkpt lat="54.37622001216521" lon="22.97237666675647">
    <ele>185.35000000000002</ele>
   </trkpt>
   <trkpt lat="54.37622001216521" lon="22.97116333351258">
    <ele>185.49</ele>
   </trkpt>
   <trkpt lat="54.37622" lon="22.96995">
    <ele>187.75000000000003</ele>
   </trkpt>
   <trkpt lat="54.376200002485696" lon="22.969174999780336">
    <ele>188.66000000000003</ele>
   </trkpt>
   <trkpt lat="54.376180000000005" lon="22.968400000000003">
    <ele>186.31</ele>
   </trkpt>
   <trkpt lat="54.37622" lon="22.96799">
    <ele>183.26</ele>
   </trkpt>
   <trkpt lat="54.376360000000005" lon="22.96702">
    <ele>180.13</ele>
   </trkpt>
   <trkpt lat="54.37639000000001" lon="22.966530000000002">
    <ele>179.95000000000002</ele>
   </trkpt>
   <trkpt lat="54.37651" lon="22.965680000000003">
    <ele>181.3</ele>
   </trkpt>
   <trkpt lat="54.37663500310051" lon="22.96481500257082">
    <ele>187.8</ele>
   </trkpt>
   <trkpt lat="54.376760000000004" lon="22.96395">
    <ele>189.61</ele>
   </trkpt>
   <trkpt lat="54.3768" lon="22.963500000000003">
    <ele>188.39</ele>
   </trkpt>
   <trkpt lat="54.37680000295012" lon="22.96265500045115">
    <ele>187.09</ele>
   </trkpt>
   <trkpt lat="54.3768" lon="22.961810000000003">
    <ele>187.02</ele>
   </trkpt>
   <trkpt lat="54.376780000000004" lon="22.9615">
    <ele>187.29000000000002</ele>
   </trkpt>
   <trkpt lat="54.37684" lon="22.961430000000004">
    <ele>187.29000000000002</ele>
   </trkpt>
   <trkpt lat="54.37695000000001" lon="22.961190000000002">
    <ele>186.65</ele>
   </trkpt>
   <trkpt lat="54.377215002534534" lon="22.96039000549515">
    <ele>186.16000000000003</ele>
   </trkpt>
   <trkpt lat="54.377480000000006" lon="22.959590000000002">
    <ele>186.68</ele>
   </trkpt>
   <trkpt lat="54.37754" lon="22.95932">
    <ele>186.81</ele>
   </trkpt>
   <trkpt lat="54.37763" lon="22.95898">
    <ele>186.86</ele>
   </trkpt>
   <trkpt lat="54.377700000000004" lon="22.9586">
    <ele>186.81</ele>
   </trkpt>
   <trkpt lat="54.37792500887403" lon="22.957135007985993">
    <ele>187.56</ele>
   </trkpt>
   <trkpt lat="54.378150000000005" lon="22.95567">
    <ele>193.81</ele>
   </trkpt>
   <trkpt lat="54.37875000253874" lon="22.956444988746767">
    <ele>188.52</ele>
   </trkpt>
   <trkpt lat="54.37935" lon="22.957220000000003">
    <ele>185.66000000000003</ele>
   </trkpt>
   <trkpt lat="54.37994500130736" lon="22.9577499924487">
    <ele>194.41000000000003</ele>
   </trkpt>
   <trkpt lat="54.38054" lon="22.958280000000002">
    <ele>194.8</ele>
   </trkpt>
   <trkpt lat="54.38054" lon="22.958270000000002">
    <ele>194.83</ele>
   </trkpt>
   <trkpt lat="54.38118000000001" lon="22.95886">
    <ele>193.99</ele>
   </trkpt>
   <trkpt lat="54.38136000000001" lon="22.95915">
    <ele>193.92000000000002</ele>
   </trkpt>
   <trkpt lat="54.381690000000006" lon="22.95979">
    <ele>191.93</ele>
   </trkpt>
   <trkpt lat="54.381820000000005" lon="22.959650000000003">
    <ele>191.42000000000002</ele>
   </trkpt>
   <trkpt lat="54.38197" lon="22.959390000000003">
    <ele>191.09</ele>
   </trkpt>
   <trkpt lat="54.3821" lon="22.95908">
    <ele>191.23000000000002</ele>
   </trkpt>
   <trkpt lat="54.38223000000001" lon="22.958820000000003">
    <ele>191.43</ele>
   </trkpt>
   <trkpt lat="54.38244" lon="22.9583">
    <ele>192.84</ele>
   </trkpt>
   <trkpt lat="54.38279000000001" lon="22.95765">
    <ele>193.81</ele>
   </trkpt>
   <trkpt lat="54.38322" lon="22.95699">
    <ele>196.70000000000002</ele>
   </trkpt>
   <trkpt lat="54.383320000000005" lon="22.956740000000003">
    <ele>198.24</ele>
   </trkpt>
   <trkpt lat="54.383370000000006" lon="22.95654">
    <ele>200.23000000000002</ele>
   </trkpt>
   <trkpt lat="54.38362000694837" lon="22.95524500778413">
    <ele>204.25</ele>
   </trkpt>
   <trkpt lat="54.38387" lon="22.953950000000003">
    <ele>204.58</ele>
   </trkpt>
   <trkpt lat="54.38400000000001" lon="22.95342">
    <ele>206.06000000000003</ele>
   </trkpt>
   <trkpt lat="54.384370000000004" lon="22.95275">
    <ele>209.50000000000003</ele>
   </trkpt>
   <trkpt lat="54.38467000000001" lon="22.9523">
    <ele>210.99</ele>
   </trkpt>
   <trkpt lat="54.38488" lon="22.951860000000003">
    <ele>212.57</ele>
   </trkpt>
   <trkpt lat="54.384930000000004" lon="22.95172">
    <ele>212.95000000000002</ele>
   </trkpt>
   <trkpt lat="54.385200000000005" lon="22.95026">
    <ele>215.18</ele>
   </trkpt>
   <trkpt lat="54.385250000000006" lon="22.949550000000002">
    <ele>217.95</ele>
   </trkpt>
   <trkpt lat="54.38524" lon="22.94865">
    <ele>219.13000000000002</ele>
   </trkpt>
   <trkpt lat="54.385200000000005" lon="22.94837">
    <ele>219.12</ele>
   </trkpt>
   <trkpt lat="54.3851" lon="22.948120000000003">
    <ele>219.16000000000003</ele>
   </trkpt>
   <trkpt lat="54.38495" lon="22.947840000000003">
    <ele>219.11</ele>
   </trkpt>
   <trkpt lat="54.3847" lon="22.94725">
    <ele>218.47000000000003</ele>
   </trkpt>
   <trkpt lat="54.38440000000001" lon="22.94675">
    <ele>218.64000000000001</ele>
   </trkpt>
   <trkpt lat="54.38418000000001" lon="22.94619">
    <ele>214.84000000000003</ele>
   </trkpt>
   <trkpt lat="54.38382000000001" lon="22.944840000000003">
    <ele>201.20000000000002</ele>
   </trkpt>
   <trkpt lat="54.38358" lon="22.94375">
    <ele>197.92000000000002</ele>
   </trkpt>
   <trkpt lat="54.383220002487505" lon="22.94296999310234">
    <ele>197.93</ele>
   </trkpt>
   <trkpt lat="54.38286000000001" lon="22.942190000000004">
    <ele>199.06</ele>
   </trkpt>
   <trkpt lat="54.382740000000005" lon="22.941740000000003">
    <ele>200.17000000000002</ele>
   </trkpt>
   <trkpt lat="54.382600002555876" lon="22.940954997378604">
    <ele>202.55</ele>
   </trkpt>
   <trkpt lat="54.38246" lon="22.940170000000002">
    <ele>207.36</ele>
   </trkpt>
   <trkpt lat="54.382400000000004" lon="22.93954">
    <ele>209.56000000000003</ele>
   </trkpt>
   <trkpt lat="54.382400000000004" lon="22.939130000000002">
    <ele>210.03000000000003</ele>
   </trkpt>
   <trkpt lat="54.38244" lon="22.93887">
    <ele>209.57</ele>
   </trkpt>
   <trkpt lat="54.382540000000006" lon="22.938630000000003">
    <ele>209.29</ele>
   </trkpt>
   <trkpt lat="54.382960000000004" lon="22.93787">
    <ele>211.00000000000003</ele>
   </trkpt>
   <trkpt lat="54.38306000000001" lon="22.937530000000002">
    <ele>210.9</ele>
   </trkpt>
   <trkpt lat="54.383100000000006" lon="22.937070000000002">
    <ele>207.62000000000003</ele>
   </trkpt>
   <trkpt lat="54.383160000000004" lon="22.936700000000002">
    <ele>205.3</ele>
   </trkpt>
   <trkpt lat="54.38326000000001" lon="22.936420000000002">
    <ele>204.64000000000001</ele>
   </trkpt>
   <trkpt lat="54.38356" lon="22.93588">
    <ele>206.11</ele>
   </trkpt>
   <trkpt lat="54.383770000000005" lon="22.935550000000003">
    <ele>206.85</ele>
   </trkpt>
   <trkpt lat="54.38416" lon="22.93502">
    <ele>210.08</ele>
   </trkpt>
   <trkpt lat="54.38416" lon="22.93503">
    <ele>210.13</ele>
   </trkpt>
   <trkpt lat="54.384820000000005" lon="22.93448">
    <ele>214.52</ele>
   </trkpt>
   <trkpt lat="54.38499" lon="22.934320000000003">
    <ele>214.86</ele>
   </trkpt>
   <trkpt lat="54.385070000000006" lon="22.934160000000002">
    <ele>214.94000000000003</ele>
   </trkpt>
   <trkpt lat="54.385250000000006" lon="22.93361">
    <ele>215.67000000000002</ele>
   </trkpt>
   <trkpt lat="54.38544" lon="22.933300000000003">
    <ele>214.68</ele>
   </trkpt>
   <trkpt lat="54.385720000000006" lon="22.932940000000002">
    <ele>211.85</ele>
   </trkpt>
   <trkpt lat="54.385810000000006" lon="22.93267">
    <ele>211.58</ele>
   </trkpt>
   <trkpt lat="54.38590000000001" lon="22.931910000000002">
    <ele>210.05</ele>
   </trkpt>
   <trkpt lat="54.386120000000005" lon="22.930940000000003">
    <ele>205.94</ele>
   </trkpt>
   <trkpt lat="54.38626000000001" lon="22.93061">
    <ele>206.54000000000002</ele>
   </trkpt>
   <trkpt lat="54.38649" lon="22.930290000000003">
    <ele>209.37000000000003</ele>
   </trkpt>
   <trkpt lat="54.38655000000001" lon="22.930130000000002">
    <ele>210.77</ele>
   </trkpt>
   <trkpt lat="54.386570000000006" lon="22.930000000000003">
    <ele>213.19000000000003</ele>
   </trkpt>
   <trkpt lat="54.386570000000006" lon="22.929830000000003">
    <ele>213.97000000000003</ele>
   </trkpt>
   <trkpt lat="54.38647" lon="22.929150000000003">
    <ele>219.73000000000002</ele>
   </trkpt>
   <trkpt lat="54.386140000000005" lon="22.92811">
    <ele>223.31</ele>
   </trkpt>
   <trkpt lat="54.38584" lon="22.92695">
    <ele>225.63000000000002</ele>
   </trkpt>
   <trkpt lat="54.385600000000004" lon="22.926160000000003">
    <ele>226.49</ele>
   </trkpt>
   <trkpt lat="54.385600000000004" lon="22.926150000000003">
    <ele>226.49</ele>
   </trkpt>
   <trkpt lat="54.385400000000004" lon="22.925500000000003">
    <ele>227.28</ele>
   </trkpt>
   <trkpt lat="54.38537" lon="22.925240000000002">
    <ele>227.58000000000004</ele>
   </trkpt>
   <trkpt lat="54.38536334590149" lon="22.924006666255437">
    <ele>232.11</ele>
   </trkpt>
   <trkpt lat="54.38535667923475" lon="22.922773332911174">
    <ele>235.39000000000001</ele>
   </trkpt>
   <trkpt lat="54.38535" lon="22.92154">
    <ele>235.51000000000002</ele>
   </trkpt>
   <trkpt lat="54.385270000000006" lon="22.92106">
    <ele>233.51000000000002</ele>
   </trkpt>
   <trkpt lat="54.385160000000006" lon="22.92069">
    <ele>232.47</ele>
   </trkpt>
   <trkpt lat="54.38508" lon="22.9205">
    <ele>232.28</ele>
   </trkpt>
   <trkpt lat="54.38506" lon="22.920360000000002">
    <ele>232.14000000000001</ele>
   </trkpt>
   <trkpt lat="54.38485000000001" lon="22.920240000000003">
    <ele>232.73000000000002</ele>
   </trkpt>
   <trkpt lat="54.384640000000005" lon="22.920080000000002">
    <ele>234.08</ele>
   </trkpt>
   <trkpt lat="54.384190000000004" lon="22.919610000000002">
    <ele>237.96000000000004</ele>
   </trkpt>
   <trkpt lat="54.38401" lon="22.91938">
    <ele>237.14000000000001</ele>
   </trkpt>
   <trkpt lat="54.38383" lon="22.9191">
    <ele>235.20000000000002</ele>
   </trkpt>
   <trkpt lat="54.383680000000005" lon="22.91881">
    <ele>233.3</ele>
   </trkpt>
   <trkpt lat="54.383520000000004" lon="22.91841">
    <ele>232.36</ele>
   </trkpt>
   <trkpt lat="54.383225002628514" lon="22.917604994081337">
    <ele>234.5</ele>
   </trkpt>
   <trkpt lat="54.38293" lon="22.916800000000002">
    <ele>239.28000000000003</ele>
   </trkpt>
   <trkpt lat="54.382780000000004" lon="22.916990000000002">
    <ele>237.84000000000003</ele>
   </trkpt>
   <trkpt lat="54.382135001531566" lon="22.917605009693578">
    <ele>238.40000000000003</ele>
   </trkpt>
   <trkpt lat="54.38149000000001" lon="22.91822">
    <ele>242.68</ele>
   </trkpt>
   <trkpt lat="54.380895001745145" lon="22.91886000921991">
    <ele>245.19000000000003</ele>
   </trkpt>
   <trkpt lat="54.380300000000005" lon="22.919500000000003">
    <ele>247.56000000000003</ele>
   </trkpt>
   <trkpt lat="54.38015000000001" lon="22.91975">
    <ele>248.13000000000002</ele>
   </trkpt>
   <trkpt lat="54.380120000000005" lon="22.919810000000002">
    <ele>248.11</ele>
   </trkpt>
   <trkpt lat="54.379780000000004" lon="22.920910000000003">
    <ele>245.52</ele>
   </trkpt>
   <trkpt lat="54.37962" lon="22.92133">
    <ele>243.6</ele>
   </trkpt>
   <trkpt lat="54.37941500214262" lon="22.922045003464333">
    <ele>239.47</ele>
   </trkpt>
   <trkpt lat="54.37921000000001" lon="22.92276">
    <ele>237.66</ele>
   </trkpt>
   <trkpt lat="54.378960003533" lon="22.92368000547012">
    <ele>235.60000000000002</ele>
   </trkpt>
   <trkpt lat="54.378710000000005" lon="22.9246">
    <ele>237.5</ele>
   </trkpt>
   <trkpt lat="54.378595005195585" lon="22.925720003011726">
    <ele>230.71</ele>
   </trkpt>
   <trkpt lat="54.37848" lon="22.926840000000002">
    <ele>221.91000000000003</ele>
   </trkpt>
   <trkpt lat="54.378370000000004" lon="22.927130000000002">
    <ele>220.46</ele>
   </trkpt>
   <trkpt lat="54.377860000000005" lon="22.928310000000003">
    <ele>217.81000000000003</ele>
   </trkpt>
   <trkpt lat="54.377520000000004" lon="22.92866">
    <ele>215.01</ele>
   </trkpt>
   <trkpt lat="54.377340000000004" lon="22.928800000000003">
    <ele>215.01</ele>
   </trkpt>
   <trkpt lat="54.376720000000006" lon="22.929190000000002">
    <ele>211.38</ele>
   </trkpt>
   <trkpt lat="54.376540000000006" lon="22.92949">
    <ele>210.9</ele>
   </trkpt>
   <trkpt lat="54.376290000000004" lon="22.93008">
    <ele>211.24</ele>
   </trkpt>
   <trkpt lat="54.375960000000006" lon="22.930460000000004">
    <ele>212.39000000000001</ele>
   </trkpt>
   <trkpt lat="54.375780000000006" lon="22.93072">
    <ele>213.82</ele>
   </trkpt>
   <trkpt lat="54.37557" lon="22.93128">
    <ele>215.32</ele>
   </trkpt>
   <trkpt lat="54.375510000000006" lon="22.93139">
    <ele>215.32</ele>
   </trkpt>
   <trkpt lat="54.375530000000005" lon="22.931330000000003">
    <ele>215.23</ele>
   </trkpt>
   <trkpt lat="54.375510000000006" lon="22.93139">
    <ele>215.32</ele>
   </trkpt>
   <trkpt lat="54.375150000000005" lon="22.93177">
    <ele>217.13000000000002</ele>
   </trkpt>
   <trkpt lat="54.375060000000005" lon="22.93192">
    <ele>218.62</ele>
   </trkpt>
   <trkpt lat="54.37494" lon="22.93289">
    <ele>220.58</ele>
   </trkpt>
   <trkpt lat="54.37489000000001" lon="22.93307">
    <ele>220.58</ele>
   </trkpt>
   <trkpt lat="54.37480000000001" lon="22.933290000000003">
    <ele>220.84</ele>
   </trkpt>
   <trkpt lat="54.374520000000004" lon="22.93373">
    <ele>221.69000000000003</ele>
   </trkpt>
   <trkpt lat="54.37444000000001" lon="22.93392">
    <ele>221.62</ele>
   </trkpt>
   <trkpt lat="54.37410000670754" lon="22.935195010592654">
    <ele>219.96</ele>
   </trkpt>
   <trkpt lat="54.373760000000004" lon="22.936470000000003">
    <ele>219.79000000000002</ele>
   </trkpt>
   <trkpt lat="54.373580000000004" lon="22.93605">
    <ele>219.42000000000002</ele>
   </trkpt>
   <trkpt lat="54.37342" lon="22.935570000000002">
    <ele>219.59</ele>
   </trkpt>
   <trkpt lat="54.373360000000005" lon="22.9356">
    <ele>219.32000000000002</ele>
   </trkpt>
   <trkpt lat="54.37279" lon="22.935570000000002">
    <ele>219.83</ele>
   </trkpt>
   <trkpt lat="54.37261" lon="22.935630000000003">
    <ele>221.08</ele>
   </trkpt>
   <trkpt lat="54.372530000000005" lon="22.9357">
    <ele>222.75000000000003</ele>
   </trkpt>
   <trkpt lat="54.37247000000001" lon="22.93579">
    <ele>222.75000000000003</ele>
   </trkpt>
   <trkpt lat="54.37239" lon="22.936010000000003">
    <ele>223.84</ele>
   </trkpt>
   <trkpt lat="54.372170000000004" lon="22.93684">
    <ele>227.3</ele>
   </trkpt>
   <trkpt lat="54.372080000000004" lon="22.93708">
    <ele>228.44000000000003</ele>
   </trkpt>
   <trkpt lat="54.37198000000001" lon="22.937240000000003">
    <ele>229.70000000000002</ele>
   </trkpt>
   <trkpt lat="54.37198000000001" lon="22.937250000000002">
    <ele>229.74</ele>
   </trkpt>
   <trkpt lat="54.37191000000001" lon="22.937350000000002">
    <ele>230.52000000000004</ele>
   </trkpt>
   <trkpt lat="54.371480000000005" lon="22.93775">
    <ele>232.77000000000004</ele>
   </trkpt>
   <trkpt lat="54.37136" lon="22.937910000000002">
    <ele>232.8</ele>
   </trkpt>
   <trkpt lat="54.37125" lon="22.93814">
    <ele>232.99000000000004</ele>
   </trkpt>
   <trkpt lat="54.371120000000005" lon="22.938660000000002">
    <ele>233.32000000000002</ele>
   </trkpt>
   <trkpt lat="54.37097000000001" lon="22.939130000000002">
    <ele>232.86</ele>
   </trkpt>
   <trkpt lat="54.370760000000004" lon="22.93945">
    <ele>232.88000000000002</ele>
   </trkpt>
   <trkpt lat="54.370380000000004" lon="22.939200000000003">
    <ele>232.4</ele>
   </trkpt>
   <trkpt lat="54.37003000000001" lon="22.938910000000003">
    <ele>232.36</ele>
   </trkpt>
   <trkpt lat="54.370020000000004" lon="22.938910000000003">
    <ele>232.36</ele>
   </trkpt>
   <trkpt lat="54.36927000000001" lon="22.9383">
    <ele>232.59</ele>
   </trkpt>
   <trkpt lat="54.36863" lon="22.93768">
    <ele>233.64000000000001</ele>
   </trkpt>
   <trkpt lat="54.368230000000004" lon="22.93718">
    <ele>232.96000000000004</ele>
   </trkpt>
   <trkpt lat="54.36815000000001" lon="22.937040000000003">
    <ele>233.02000000000004</ele>
   </trkpt>
   <trkpt lat="54.367960000000004" lon="22.93646">
    <ele>233.41</ele>
   </trkpt>
   <trkpt lat="54.36777000000001" lon="22.936090000000004">
    <ele>233.62</ele>
   </trkpt>
   <trkpt lat="54.36768000000001" lon="22.936000000000003">
    <ele>233.87</ele>
   </trkpt>
   <trkpt lat="54.367380000000004" lon="22.93562">
    <ele>233.91</ele>
   </trkpt>
   <trkpt lat="54.36697" lon="22.93492">
    <ele>233.85000000000002</ele>
   </trkpt>
   <trkpt lat="54.366690000000006" lon="22.934510000000003">
    <ele>234.26000000000002</ele>
   </trkpt>
   <trkpt lat="54.36632" lon="22.93402">
    <ele>234.86</ele>
   </trkpt>
   <trkpt lat="54.36603" lon="22.93346">
    <ele>235.79000000000002</ele>
   </trkpt>
   <trkpt lat="54.365730000000006" lon="22.93306">
    <ele>235.23000000000002</ele>
   </trkpt>
   <trkpt lat="54.36542000000001" lon="22.932550000000003">
    <ele>235.57000000000002</ele>
   </trkpt>
   <trkpt lat="54.36527" lon="22.932350000000003">
    <ele>234.73000000000002</ele>
   </trkpt>
   <trkpt lat="54.365030000000004" lon="22.93214">
    <ele>232.52000000000004</ele>
   </trkpt>
   <trkpt lat="54.364760000000004" lon="22.931970000000003">
    <ele>231.13000000000002</ele>
   </trkpt>
   <trkpt lat="54.36448000000001" lon="22.93192">
    <ele>230.53</ele>
   </trkpt>
   <trkpt lat="54.36412000000001" lon="22.93192">
    <ele>230.18</ele>
   </trkpt>
   <trkpt lat="54.363890000000005" lon="22.93174">
    <ele>229.96</ele>
   </trkpt>
   <trkpt lat="54.36341" lon="22.931720000000002">
    <ele>227.96</ele>
   </trkpt>
   <trkpt lat="54.3633" lon="22.93167">
    <ele>227.83000000000004</ele>
   </trkpt>
   <trkpt lat="54.362970000000004" lon="22.931230000000003">
    <ele>229.38000000000002</ele>
   </trkpt>
   <trkpt lat="54.36269000000001" lon="22.930950000000003">
    <ele>232.61</ele>
   </trkpt>
   <trkpt lat="54.36233000000001" lon="22.930680000000002">
    <ele>234.45000000000002</ele>
   </trkpt>
   <trkpt lat="54.36187" lon="22.930410000000002">
    <ele>235.17000000000002</ele>
   </trkpt>
   <trkpt lat="54.36186000000001" lon="22.930410000000002">
    <ele>235.19</ele>
   </trkpt>
   <trkpt lat="54.361650000000004" lon="22.930290000000003">
    <ele>236.32000000000002</ele>
   </trkpt>
   <trkpt lat="54.36131" lon="22.930010000000003">
    <ele>237.05</ele>
   </trkpt>
   <trkpt lat="54.36122" lon="22.92996">
    <ele>237.09000000000003</ele>
   </trkpt>
   <trkpt lat="54.361090000000004" lon="22.929930000000002">
    <ele>236.79000000000002</ele>
   </trkpt>
   <trkpt lat="54.36065000000001" lon="22.92989">
    <ele>231.93</ele>
   </trkpt>
   <trkpt lat="54.36019499998027" lon="22.929814999162218">
    <ele>229.0</ele>
   </trkpt>
   <trkpt lat="54.35974" lon="22.929740000000002">
    <ele>227.58000000000004</ele>
   </trkpt>
   <trkpt lat="54.35925" lon="22.92959">
    <ele>227.98000000000002</ele>
   </trkpt>
   <trkpt lat="54.35859000000001" lon="22.929430000000004">
    <ele>226.28</ele>
   </trkpt>
   <trkpt lat="54.3584" lon="22.92942">
    <ele>224.81</ele>
   </trkpt>
   <trkpt lat="54.35821000000001" lon="22.929360000000003">
    <ele>224.32000000000002</ele>
   </trkpt>
   <trkpt lat="54.35779" lon="22.929100000000002">
    <ele>224.54000000000002</ele>
   </trkpt>
   <trkpt lat="54.357600000000005" lon="22.92997">
    <ele>218.19000000000003</ele>
   </trkpt>
   <trkpt lat="54.357530000000004" lon="22.930110000000003">
    <ele>218.19000000000003</ele>
   </trkpt>
   <trkpt lat="54.357420000000005" lon="22.93026">
    <ele>216.15</ele>
   </trkpt>
   <trkpt lat="54.357240000000004" lon="22.930410000000002">
    <ele>214.32</ele>
   </trkpt>
   <trkpt lat="54.356930000000006" lon="22.930570000000003">
    <ele>212.96</ele>
   </trkpt>
   <trkpt lat="54.35645" lon="22.931040000000003">
    <ele>209.31000000000003</ele>
   </trkpt>
   <trkpt lat="54.35633000000001" lon="22.93109">
    <ele>207.63</ele>
   </trkpt>
   <trkpt lat="54.35606000000001" lon="22.931140000000003">
    <ele>206.11</ele>
   </trkpt>
   <trkpt lat="54.35571" lon="22.9311">
    <ele>204.77</ele>
   </trkpt>
   <trkpt lat="54.3556" lon="22.93111">
    <ele>204.47</ele>
   </trkpt>
   <trkpt lat="54.35524" lon="22.93129">
    <ele>202.48000000000002</ele>
   </trkpt>
   <trkpt lat="54.355070000000005" lon="22.931420000000003">
    <ele>201.58</ele>
   </trkpt>
   <trkpt lat="54.35474000000001" lon="22.93193">
    <ele>199.73000000000002</ele>
   </trkpt>
   <trkpt lat="54.35455" lon="22.932190000000002">
    <ele>199.45000000000002</ele>
   </trkpt>
   <trkpt lat="54.354330000000004" lon="22.932380000000002">
    <ele>199.5</ele>
   </trkpt>
   <trkpt lat="54.35414" lon="22.932640000000003">
    <ele>200.03</ele>
   </trkpt>
   <trkpt lat="54.354000000000006" lon="22.93286">
    <ele>200.02</ele>
   </trkpt>
   <trkpt lat="54.35369000000001" lon="22.933390000000003">
    <ele>198.37</ele>
   </trkpt>
   <trkpt lat="54.35360000000001" lon="22.933780000000002">
    <ele>198.56</ele>
   </trkpt>
   <trkpt lat="54.353500000000004" lon="22.934070000000002">
    <ele>198.27000000000004</ele>
   </trkpt>
   <trkpt lat="54.353370000000005" lon="22.934140000000003">
    <ele>197.17000000000002</ele>
   </trkpt>
   <trkpt lat="54.35315000000001" lon="22.93419">
    <ele>194.98000000000002</ele>
   </trkpt>
   <trkpt lat="54.352940000000004" lon="22.934260000000002">
    <ele>193.76000000000002</ele>
   </trkpt>
   <trkpt lat="54.352740000000004" lon="22.93436">
    <ele>192.93</ele>
   </trkpt>
   <trkpt lat="54.352300001373976" lon="22.934925005979654">
    <ele>190.81</ele>
   </trkpt>
   <trkpt lat="54.35186" lon="22.93549">
    <ele>189.68</ele>
   </trkpt>
   <trkpt lat="54.351760000000006" lon="22.93568">
    <ele>189.06</ele>
   </trkpt>
   <trkpt lat="54.35172000000001" lon="22.935850000000002">
    <ele>188.34</ele>
   </trkpt>
   <trkpt lat="54.3517" lon="22.93665">
    <ele>182.61</ele>
   </trkpt>
   <trkpt lat="54.35164" lon="22.9369">
    <ele>178.51</ele>
   </trkpt>
   <trkpt lat="54.35154000000001" lon="22.937170000000002">
    <ele>173.79000000000002</ele>
   </trkpt>
   <trkpt lat="54.351380000000006" lon="22.937500000000004">
    <ele>170.26000000000002</ele>
   </trkpt>
   <trkpt lat="54.35134000000001" lon="22.937630000000002">
    <ele>169.12</ele>
   </trkpt>
   <trkpt lat="54.35125000000001" lon="22.938100000000002">
    <ele>167.83</ele>
   </trkpt>
   <trkpt lat="54.351040000000005" lon="22.939500000000002">
    <ele>171.20000000000002</ele>
   </trkpt>
   <trkpt lat="54.351090000000006" lon="22.940510000000003">
    <ele>170.22</ele>
   </trkpt>
   <trkpt lat="54.35099" lon="22.940630000000002">
    <ele>170.16</ele>
   </trkpt>
   <trkpt lat="54.35089000000001" lon="22.940900000000003">
    <ele>170.47</ele>
   </trkpt>
   <trkpt lat="54.350860000000004" lon="22.9415">
    <ele>172.36</ele>
   </trkpt>
   <trkpt lat="54.350820000000006" lon="22.941840000000003">
    <ele>173.88</ele>
   </trkpt>
   <trkpt lat="54.35052" lon="22.94322">
    <ele>180.61</ele>
   </trkpt>
   <trkpt lat="54.350390000000004" lon="22.94339">
    <ele>183.33</ele>
   </trkpt>
   <trkpt lat="54.349990000000005" lon="22.94367">
    <ele>187.11</ele>
   </trkpt>
   <trkpt lat="54.34989" lon="22.943900000000003">
    <ele>188.36</ele>
   </trkpt>
   <trkpt lat="54.34984000000001" lon="22.94412">
    <ele>189.91000000000003</ele>
   </trkpt>
   <trkpt lat="54.3498" lon="22.944550000000003">
    <ele>193.9</ele>
   </trkpt>
   <trkpt lat="54.349380000000004" lon="22.944290000000002">
    <ele>193.56</ele>
   </trkpt>
   <trkpt lat="54.34919000000001" lon="22.94422">
    <ele>191.8</ele>
   </trkpt>
   <trkpt lat="54.348800000000004" lon="22.944170000000003">
    <ele>186.97000000000003</ele>
   </trkpt>
   <trkpt lat="54.34852000000001" lon="22.94404">
    <ele>185.24</ele>
   </trkpt>
   <trkpt lat="54.34837" lon="22.943910000000002">
    <ele>181.05</ele>
   </trkpt>
   <trkpt lat="54.348090000000006" lon="22.943530000000003">
    <ele>177.09000000000003</ele>
   </trkpt>
   <trkpt lat="54.348090000000006" lon="22.943520000000003">
    <ele>176.97</ele>
   </trkpt>
   <trkpt lat="54.348040000000005" lon="22.943440000000002">
    <ele>176.21</ele>
   </trkpt>
   <trkpt lat="54.34796000000001" lon="22.94319">
    <ele>175.21</ele>
   </trkpt>
   <trkpt lat="54.347820000000006" lon="22.94263">
    <ele>173.86</ele>
   </trkpt>
   <trkpt lat="54.347710000000006" lon="22.942310000000003">
    <ele>173.91</ele>
   </trkpt>
   <trkpt lat="54.34729" lon="22.94151">
    <ele>173.89000000000001</ele>
   </trkpt>
   <trkpt lat="54.347210000000004" lon="22.9414">
    <ele>172.86</ele>
   </trkpt>
   <trkpt lat="54.34709" lon="22.941300000000002">
    <ele>171.34</ele>
   </trkpt>
   <trkpt lat="54.346650000000004" lon="22.94104">
    <ele>165.36</ele>
   </trkpt>
   <trkpt lat="54.34622" lon="22.940700000000003">
    <ele>159.77</ele>
   </trkpt>
   <trkpt lat="54.346030000000006" lon="22.940520000000003">
    <ele>157.79000000000002</ele>
   </trkpt>
   <trkpt lat="54.34581000000001" lon="22.940410000000004">
    <ele>156.46</ele>
   </trkpt>
   <trkpt lat="54.345580000000005" lon="22.940320000000003">
    <ele>156.14</ele>
   </trkpt>
   <trkpt lat="54.3453" lon="22.940160000000002">
    <ele>156.68</ele>
   </trkpt>
   <trkpt lat="54.34507000000001" lon="22.939960000000003">
    <ele>157.85000000000002</ele>
   </trkpt>
   <trkpt lat="54.34499" lon="22.93984">
    <ele>158.22</ele>
   </trkpt>
   <trkpt lat="54.344930000000005" lon="22.93971">
    <ele>158.5</ele>
   </trkpt>
   <trkpt lat="54.344750000000005" lon="22.93907">
    <ele>159.38000000000002</ele>
   </trkpt>
   <trkpt lat="54.34427" lon="22.938090000000003">
    <ele>165.89000000000001</ele>
   </trkpt>
   <trkpt lat="54.34395000000001" lon="22.93721">
    <ele>170.32000000000002</ele>
   </trkpt>
   <trkpt lat="54.34369" lon="22.93671">
    <ele>172.04000000000002</ele>
   </trkpt>
   <trkpt lat="54.343450000000004" lon="22.936410000000002">
    <ele>173.44</ele>
   </trkpt>
   <trkpt lat="54.34331" lon="22.936300000000003">
    <ele>175.09000000000003</ele>
   </trkpt>
   <trkpt lat="54.34322" lon="22.936280000000004">
    <ele>175.09000000000003</ele>
   </trkpt>
   <trkpt lat="54.342890000000004" lon="22.93626">
    <ele>175.9</ele>
   </trkpt>
   <trkpt lat="54.342600000000004" lon="22.936200000000003">
    <ele>175.40000000000003</ele>
   </trkpt>
   <trkpt lat="54.34246" lon="22.93615">
    <ele>174.95000000000002</ele>
   </trkpt>
   <trkpt lat="54.34223000000001" lon="22.936030000000002">
    <ele>174.58</ele>
   </trkpt>
   <trkpt lat="54.34208" lon="22.93588">
    <ele>174.35</ele>
   </trkpt>
   <trkpt lat="54.34208" lon="22.93587">
    <ele>174.34000000000003</ele>
   </trkpt>
   <trkpt lat="54.34198000000001" lon="22.93568">
    <ele>173.84000000000003</ele>
   </trkpt>
   <trkpt lat="54.341930000000005" lon="22.9354">
    <ele>173.84000000000003</ele>
   </trkpt>
   <trkpt lat="54.34192" lon="22.935200000000002">
    <ele>173.18</ele>
   </trkpt>
   <trkpt lat="54.3419" lon="22.934980000000003">
    <ele>172.91</ele>
   </trkpt>
   <trkpt lat="54.341820000000006" lon="22.934600000000003">
    <ele>172.79000000000002</ele>
   </trkpt>
   <trkpt lat="54.34151000000001" lon="22.933670000000003">
    <ele>172.55</ele>
   </trkpt>
   <trkpt lat="54.341370000000005" lon="22.93316">
    <ele>172.37000000000003</ele>
   </trkpt>
   <trkpt lat="54.34125" lon="22.93287">
    <ele>172.37000000000003</ele>
   </trkpt>
   <trkpt lat="54.34113000000001" lon="22.932730000000003">
    <ele>172.37000000000003</ele>
   </trkpt>
   <trkpt lat="54.34098" lon="22.9326">
    <ele>172.22</ele>
   </trkpt>
   <trkpt lat="54.34047" lon="22.931910000000002">
    <ele>172.34</ele>
   </trkpt>
   <trkpt lat="54.34024" lon="22.931680000000004">
    <ele>172.3</ele>
   </trkpt>
   <trkpt lat="54.33997" lon="22.93155">
    <ele>172.32</ele>
   </trkpt>
   <trkpt lat="54.339330000000004" lon="22.931340000000002">
    <ele>172.39000000000001</ele>
   </trkpt>
   <trkpt lat="54.33925000000001" lon="22.93128">
    <ele>172.39000000000001</ele>
   </trkpt>
   <trkpt lat="54.338845000580676" lon="22.930904996305294">
    <ele>172.64000000000001</ele>
   </trkpt>
   <trkpt lat="54.338440000000006" lon="22.93053">
    <ele>172.59</ele>
   </trkpt>
   <trkpt lat="54.33809" lon="22.93017">
    <ele>173.0</ele>
   </trkpt>
   <trkpt lat="54.337480000000006" lon="22.92961">
    <ele>173.71</ele>
   </trkpt>
   <trkpt lat="54.33726000000001" lon="22.929360000000003">
    <ele>173.58</ele>
   </trkpt>
   <trkpt lat="54.3372" lon="22.929240000000004">
    <ele>173.56</ele>
   </trkpt>
   <trkpt lat="54.337180000000004" lon="22.929150000000003">
    <ele>173.56</ele>
   </trkpt>
   <trkpt lat="54.337180000000004" lon="22.92884">
    <ele>172.83</ele>
   </trkpt>
   <trkpt lat="54.337320000000005" lon="22.927750000000003">
    <ele>170.58</ele>
   </trkpt>
   <trkpt lat="54.33731" lon="22.927680000000002">
    <ele>170.18000000000004</ele>
   </trkpt>
   <trkpt lat="54.337270000000004" lon="22.92761">
    <ele>170.18000000000004</ele>
   </trkpt>
   <trkpt lat="54.33673" lon="22.927400000000002">
    <ele>165.49</ele>
   </trkpt>
   <trkpt lat="54.33652000000001" lon="22.92735">
    <ele>164.83</ele>
   </trkpt>
   <trkpt lat="54.336200000000005" lon="22.927480000000003">
    <ele>165.22</ele>
   </trkpt>
   <trkpt lat="54.33612" lon="22.927480000000003">
    <ele>165.43</ele>
   </trkpt>
   <trkpt lat="54.33579" lon="22.92734">
    <ele>167.38</ele>
   </trkpt>
   <trkpt lat="54.3357" lon="22.92733">
    <ele>168.97</ele>
   </trkpt>
   <trkpt lat="54.335800000000006" lon="22.92661">
    <ele>170.43000000000004</ele>
   </trkpt>
   <trkpt lat="54.33596000000001" lon="22.925710000000002">
    <ele>171.41</ele>
   </trkpt>
   <trkpt lat="54.336130000000004" lon="22.92509">
    <ele>171.11</ele>
   </trkpt>
   <trkpt lat="54.33639" lon="22.924480000000003">
    <ele>170.82000000000002</ele>
   </trkpt>
   <trkpt lat="54.33670000000001" lon="22.923900000000003">
    <ele>170.1</ele>
   </trkpt>
   <trkpt lat="54.33726000399349" lon="22.922910013586538">
    <ele>168.73000000000002</ele>
   </trkpt>
   <trkpt lat="54.33782000000001" lon="22.921920000000004">
    <ele>169.09</ele>
   </trkpt>
   <trkpt lat="54.33835000799319" lon="22.92093669202068">
    <ele>170.11</ele>
   </trkpt>
   <trkpt lat="54.33888000799274" lon="22.91995335868865">
    <ele>171.53</ele>
   </trkpt>
   <trkpt lat="54.33941000000001" lon="22.91897">
    <ele>171.42000000000002</ele>
   </trkpt>
   <trkpt lat="54.339946675063935" lon="22.91796335957881">
    <ele>170.83</ele>
   </trkpt>
   <trkpt lat="54.34048334175049" lon="22.9169566928753">
    <ele>171.45000000000002</ele>
   </trkpt>
   <trkpt lat="54.34102000000001" lon="22.915950000000002">
    <ele>173.86</ele>
   </trkpt>
   <trkpt lat="54.3414550140558" lon="22.914885033830203">
    <ele>175.0</ele>
   </trkpt>
   <trkpt lat="54.34189001873557" lon="22.913820045121184">
    <ele>179.1</ele>
   </trkpt>
   <trkpt lat="54.34232501403897" lon="22.912755033872603">
    <ele>184.9</ele>
   </trkpt>
   <trkpt lat="54.342760000000006" lon="22.91169">
    <ele>188.03</ele>
   </trkpt>
   <trkpt lat="54.34288" lon="22.911350000000002">
    <ele>191.65</ele>
   </trkpt>
   <trkpt lat="54.34310000000001" lon="22.91047">
    <ele>194.07000000000002</ele>
   </trkpt>
   <trkpt lat="54.34326000000001" lon="22.910040000000002">
    <ele>196.03</ele>
   </trkpt>
   <trkpt lat="54.3434" lon="22.909820000000003">
    <ele>197.35000000000002</ele>
   </trkpt>
   <trkpt lat="54.34348000000001" lon="22.909740000000003">
    <ele>197.99</ele>
   </trkpt>
   <trkpt lat="54.34364000000001" lon="22.909660000000002">
    <ele>199.36</ele>
   </trkpt>
   <trkpt lat="54.34384000000001" lon="22.909650000000003">
    <ele>199.8</ele>
   </trkpt>
   <trkpt lat="54.34393000000001" lon="22.90968">
    <ele>199.8</ele>
   </trkpt>
   <trkpt lat="54.34411000000001" lon="22.90981">
    <ele>201.63</ele>
   </trkpt>
   <trkpt lat="54.344280000000005" lon="22.90996">
    <ele>202.51000000000002</ele>
   </trkpt>
   <trkpt lat="54.344800001250505" lon="22.910469993720035">
    <ele>205.63</ele>
   </trkpt>
   <trkpt lat="54.34532" lon="22.910980000000002">
    <ele>210.85</ele>
   </trkpt>
   <trkpt lat="54.34581000000001" lon="22.91119">
    <ele>214.04</ele>
   </trkpt>
   <trkpt lat="54.346230000000006" lon="22.911340000000003">
    <ele>215.38000000000002</ele>
   </trkpt>
   <trkpt lat="54.346520000000005" lon="22.91139">
    <ele>219.4</ele>
   </trkpt>
   <trkpt lat="54.346720000000005" lon="22.911340000000003">
    <ele>220.87</ele>
   </trkpt>
   <trkpt lat="54.346920000000004" lon="22.911240000000003">
    <ele>221.65</ele>
   </trkpt>
   <trkpt lat="54.347100000000005" lon="22.911070000000002">
    <ele>222.74</ele>
   </trkpt>
   <trkpt lat="54.34727" lon="22.910850000000003">
    <ele>223.78</ele>
   </trkpt>
   <trkpt lat="54.34740000000001" lon="22.91062">
    <ele>224.63000000000002</ele>
   </trkpt>
   <trkpt lat="54.34751000000001" lon="22.91034">
    <ele>225.94000000000003</ele>
   </trkpt>
   <trkpt lat="54.34760000000001" lon="22.910040000000002">
    <ele>227.22</ele>
   </trkpt>
   <trkpt lat="54.347640000000006" lon="22.90978">
    <ele>227.96</ele>
   </trkpt>
   <trkpt lat="54.347660000000005" lon="22.90949">
    <ele>230.70000000000002</ele>
   </trkpt>
   <trkpt lat="54.34765" lon="22.909170000000003">
    <ele>231.84</ele>
   </trkpt>
   <trkpt lat="54.34761" lon="22.90884">
    <ele>232.57000000000002</ele>
   </trkpt>
   <trkpt lat="54.34751000000001" lon="22.908410000000003">
    <ele>235.06</ele>
   </trkpt>
   <trkpt lat="54.34720000000001" lon="22.90737">
    <ele>240.69</ele>
   </trkpt>
   <trkpt lat="54.34691" lon="22.906290000000002">
    <ele>247.02</ele>
   </trkpt>
   <trkpt lat="54.3468" lon="22.90565">
    <ele>248.97000000000003</ele>
   </trkpt>
   <trkpt lat="54.346740000000004" lon="22.904870000000003">
    <ele>250.72</ele>
   </trkpt>
   <trkpt lat="54.34679000487709" lon="22.903785001071142">
    <ele>256.67</ele>
   </trkpt>
   <trkpt lat="54.34684000000001" lon="22.902700000000003">
    <ele>259.21</ele>
   </trkpt>
   <trkpt lat="54.346880000000006" lon="22.902250000000002">
    <ele>260.40000000000003</ele>
   </trkpt>
   <trkpt lat="54.346970000000006" lon="22.901770000000003">
    <ele>261.27</ele>
   </trkpt>
   <trkpt lat="54.34722500406932" lon="22.900790005696546">
    <ele>262.34000000000003</ele>
   </trkpt>
   <trkpt lat="54.347480000000004" lon="22.899810000000002">
    <ele>262.70000000000005</ele>
   </trkpt>
   <trkpt lat="54.34776" lon="22.8988">
    <ele>263.97</ele>
   </trkpt>
   <trkpt lat="54.3480700072955" lon="22.897860014206284">
    <ele>266.14000000000004</ele>
   </trkpt>
   <trkpt lat="54.34838000728711" lon="22.896920014231895">
    <ele>267.56</ele>
   </trkpt>
   <trkpt lat="54.348690000000005" lon="22.89598">
    <ele>268.41</ele>
   </trkpt>
   <trkpt lat="54.34915000114603" lon="22.896474994602887">
    <ele>267.43</ele>
   </trkpt>
   <trkpt lat="54.349610000000006" lon="22.896970000000003">
    <ele>268.65</ele>
   </trkpt>
   <trkpt lat="54.35016" lon="22.897530000000003">
    <ele>270.02000000000004</ele>
   </trkpt>
   <trkpt lat="54.350410000000004" lon="22.897850000000002">
    <ele>270.54</ele>
   </trkpt>
   <trkpt lat="54.351090000000006" lon="22.898840000000003">
    <ele>271.98</ele>
   </trkpt>
   <trkpt lat="54.35123" lon="22.89899">
    <ele>271.69000000000005</ele>
   </trkpt>
   <trkpt lat="54.351380000000006" lon="22.8991">
    <ele>271.13000000000005</ele>
   </trkpt>
   <trkpt lat="54.351670000000006" lon="22.899240000000002">
    <ele>269.72</ele>
   </trkpt>
   <trkpt lat="54.351890000000004" lon="22.89927">
    <ele>269.35</ele>
   </trkpt>
   <trkpt lat="54.35206" lon="22.89926">
    <ele>269.06</ele>
   </trkpt>
   <trkpt lat="54.352630000000005" lon="22.89911">
    <ele>269.40000000000003</ele>
   </trkpt>
   <trkpt lat="54.35291" lon="22.89911">
    <ele>269.35</ele>
   </trkpt>
   <trkpt lat="54.35360000000001" lon="22.89949">
    <ele>269.39</ele>
   </trkpt>
   <trkpt lat="54.353950000000005" lon="22.899630000000002">
    <ele>270.01000000000005</ele>
   </trkpt>
   <trkpt lat="54.354515000246614" lon="22.899759998253078">
    <ele>269.5</ele>
   </trkpt>
   <trkpt lat="54.35508" lon="22.899890000000003">
    <ele>269.09</ele>
   </trkpt>
   <trkpt lat="54.35544" lon="22.900060000000003">
    <ele>268.67</ele>
   </trkpt>
   <trkpt lat="54.355760000000004" lon="22.900170000000003">
    <ele>268.48</ele>
   </trkpt>
   <trkpt lat="54.355880000000006" lon="22.900180000000002">
    <ele>268.48</ele>
   </trkpt>
   <trkpt lat="54.35587" lon="22.900180000000002">
    <ele>268.49</ele>
   </trkpt>
   <trkpt lat="54.356680000000004" lon="22.900190000000002">
    <ele>269.49</ele>
   </trkpt>
   <trkpt lat="54.357020000000006" lon="22.90023">
    <ele>268.99</ele>
   </trkpt>
   <trkpt lat="54.35721" lon="22.900190000000002">
    <ele>268.78000000000003</ele>
   </trkpt>
   <trkpt lat="54.35736000000001" lon="22.90013">
    <ele>268.74</ele>
   </trkpt>
   <trkpt lat="54.35757" lon="22.90001">
    <ele>269.06</ele>
   </trkpt>
   <trkpt lat="54.357960000000006" lon="22.89966">
    <ele>269.63000000000005</ele>
   </trkpt>
   <trkpt lat="54.35819000000001" lon="22.89949">
    <ele>269.88</ele>
   </trkpt>
   <trkpt lat="54.358610000000006" lon="22.899400000000004">
    <ele>270.34000000000003</ele>
   </trkpt>
   <trkpt lat="54.358850000000004" lon="22.89926">
    <ele>270.12</ele>
   </trkpt>
   <trkpt lat="54.35904000000001" lon="22.899070000000002">
    <ele>269.67</ele>
   </trkpt>
   <trkpt lat="54.359300000000005" lon="22.898660000000003">
    <ele>268.52000000000004</ele>
   </trkpt>
   <trkpt lat="54.35952" lon="22.89814">
    <ele>268.42</ele>
   </trkpt>
   <trkpt lat="54.35974" lon="22.897520000000004">
    <ele>268.25000000000006</ele>
   </trkpt>
   <trkpt lat="54.36023" lon="22.896440000000002">
    <ele>269.52000000000004</ele>
   </trkpt>
   <trkpt lat="54.36046" lon="22.895860000000003">
    <ele>269.95000000000005</ele>
   </trkpt>
   <trkpt lat="54.360800000000005" lon="22.89532">
    <ele>272.11</ele>
   </trkpt>
   <trkpt lat="54.361090000000004" lon="22.89478">
    <ele>274.05</ele>
   </trkpt>
   <trkpt lat="54.36135" lon="22.89421">
    <ele>275.19000000000005</ele>
   </trkpt>
   <trkpt lat="54.36142" lon="22.89402">
    <ele>276.12</ele>
   </trkpt>
   <trkpt lat="54.361470000000004" lon="22.89385">
    <ele>276.52000000000004</ele>
   </trkpt>
   <trkpt lat="54.36148000000001" lon="22.89366">
    <ele>277.80000000000007</ele>
   </trkpt>
   <trkpt lat="54.36144" lon="22.89234">
    <ele>280.92</ele>
   </trkpt>
   <trkpt lat="54.36149" lon="22.89217">
    <ele>281.01000000000005</ele>
   </trkpt>
   <trkpt lat="54.361650000000004" lon="22.89178">
    <ele>281.12</ele>
   </trkpt>
   <trkpt lat="54.361760000000004" lon="22.891450000000003">
    <ele>280.91</ele>
   </trkpt>
   <trkpt lat="54.36182" lon="22.891070000000003">
    <ele>279.81</ele>
   </trkpt>
   <trkpt lat="54.361900000000006" lon="22.890140000000002">
    <ele>275.56</ele>
   </trkpt>
   <trkpt lat="54.36211" lon="22.888910000000003">
    <ele>273.38</ele>
   </trkpt>
   <trkpt lat="54.36227" lon="22.88821">
    <ele>274.04</ele>
   </trkpt>
   <trkpt lat="54.36271000221263" lon="22.887475007906215">
    <ele>272.64000000000004</ele>
   </trkpt>
   <trkpt lat="54.363150000000005" lon="22.886740000000003">
    <ele>270.49</ele>
   </trkpt>
   <trkpt lat="54.36368" lon="22.88597">
    <ele>269.66</ele>
   </trkpt>
   <trkpt lat="54.36379" lon="22.88576">
    <ele>270.12</ele>
   </trkpt>
   <trkpt lat="54.36386" lon="22.88548">
    <ele>270.91</ele>
   </trkpt>
   <trkpt lat="54.3639" lon="22.8852">
    <ele>272.36</ele>
   </trkpt>
   <trkpt lat="54.364000000000004" lon="22.883760000000002">
    <ele>272.94</ele>
   </trkpt>
   <trkpt lat="54.36404" lon="22.88341">
    <ele>273.75000000000006</ele>
   </trkpt>
   <trkpt lat="54.364340000000006" lon="22.88239">
    <ele>273.29</ele>
   </trkpt>
   <trkpt lat="54.36446" lon="22.88191">
    <ele>272.72</ele>
   </trkpt>
   <trkpt lat="54.36451" lon="22.88166">
    <ele>271.96000000000004</ele>
   </trkpt>
   <trkpt lat="54.364580000000004" lon="22.880860000000002">
    <ele>267.47</ele>
   </trkpt>
   <trkpt lat="54.36462" lon="22.8806">
    <ele>266.8</ele>
   </trkpt>
   <trkpt lat="54.36469" lon="22.880370000000003">
    <ele>266.15</ele>
   </trkpt>
   <trkpt lat="54.364990000000006" lon="22.87967">
    <ele>263.18</ele>
   </trkpt>
   <trkpt lat="54.36504000000001" lon="22.87949">
    <ele>262.31000000000006</ele>
   </trkpt>
   <trkpt lat="54.365050000000004" lon="22.879360000000002">
    <ele>261.53999999999996</ele>
   </trkpt>
   <trkpt lat="54.36511000266227" lon="22.87856000093359">
    <ele>256.93000000000006</ele>
   </trkpt>
   <trkpt lat="54.365170000000006" lon="22.877760000000002">
    <ele>255.72</ele>
   </trkpt>
   <trkpt lat="54.365190000000005" lon="22.876990000000003">
    <ele>254.38</ele>
   </trkpt>
   <trkpt lat="54.365280000000006" lon="22.876150000000003">
    <ele>250.35000000000002</ele>
   </trkpt>
   <trkpt lat="54.365410000000004" lon="22.87608">
    <ele>247.96</ele>
   </trkpt>
   <trkpt lat="54.36609000031611" lon="22.875870006968757">
    <ele>241.98000000000002</ele>
   </trkpt>
   <trkpt lat="54.36677000026777" lon="22.87566000698382">
    <ele>239.47</ele>
   </trkpt>
   <trkpt lat="54.367450000000005" lon="22.87545">
    <ele>241.34000000000003</ele>
   </trkpt>
   <trkpt lat="54.36798" lon="22.87533">
    <ele>247.11</ele>
   </trkpt>
   <trkpt lat="54.36795000000001" lon="22.87498">
    <ele>248.03000000000003</ele>
   </trkpt>
   <trkpt lat="54.367940000000004" lon="22.87461">
    <ele>249.24</ele>
   </trkpt>
   <trkpt lat="54.36799000344649" lon="22.873695001352186">
    <ele>251.10000000000005</ele>
   </trkpt>
   <trkpt lat="54.36804000000001" lon="22.872780000000002">
    <ele>249.53000000000003</ele>
   </trkpt>
   <trkpt lat="54.368120000000005" lon="22.8714">
    <ele>248.9</ele>
   </trkpt>
   <trkpt lat="54.36815000000001" lon="22.8701">
    <ele>251.57000000000002</ele>
   </trkpt>
   <trkpt lat="54.368140000000004" lon="22.869590000000002">
    <ele>252.06</ele>
   </trkpt>
   <trkpt lat="54.36809" lon="22.86936">
    <ele>252.56</ele>
   </trkpt>
   <trkpt lat="54.36746" lon="22.869290000000003">
    <ele>252.86</ele>
   </trkpt>
   <trkpt lat="54.36746" lon="22.868070000000003">
    <ele>254.19000000000003</ele>
   </trkpt>
   <trkpt lat="54.36746" lon="22.866740000000004">
    <ele>252.66</ele>
   </trkpt>
   <trkpt lat="54.367430000000006" lon="22.86532">
    <ele>245.9</ele>
   </trkpt>
   <trkpt lat="54.36753" lon="22.86532">
    <ele>245.9</ele>
   </trkpt>
   <trkpt lat="54.36768000000001" lon="22.865270000000002">
    <ele>245.75000000000003</ele>
   </trkpt>
   <trkpt lat="54.36784" lon="22.865170000000003">
    <ele>245.73000000000002</ele>
   </trkpt>
   <trkpt lat="54.368050000000004" lon="22.864910000000002">
    <ele>245.69000000000003</ele>
   </trkpt>
   <trkpt lat="54.36838" lon="22.864410000000003">
    <ele>245.20000000000002</ele>
   </trkpt>
   <trkpt lat="54.36896500135813" lon="22.863825008389362">
    <ele>243.46</ele>
   </trkpt>
   <trkpt lat="54.369550000000004" lon="22.86324">
    <ele>243.03000000000003</ele>
   </trkpt>
   <trkpt lat="54.369780000000006" lon="22.863030000000002">
    <ele>242.97000000000003</ele>
   </trkpt>
   <trkpt lat="54.370340000000006" lon="22.862630000000003">
    <ele>243.69000000000003</ele>
   </trkpt>
   <trkpt lat="54.3706" lon="22.862470000000002">
    <ele>244.99</ele>
   </trkpt>
   <trkpt lat="54.370720000000006" lon="22.86242">
    <ele>245.13</ele>
   </trkpt>
   <trkpt lat="54.37124000024146" lon="22.86222000250338">
    <ele>247.29</ele>
   </trkpt>
   <trkpt lat="54.37176" lon="22.86202">
    <ele>249.13000000000002</ele>
   </trkpt>
   <trkpt lat="54.37221000001308" lon="22.861820002259467">
    <ele>250.07000000000002</ele>
   </trkpt>
   <trkpt lat="54.37266" lon="22.861620000000002">
    <ele>250.71000000000004</ele>
   </trkpt>
   <trkpt lat="54.373135000155685" lon="22.861395002628218">
    <ele>252.32999999999998</ele>
   </trkpt>
   <trkpt lat="54.373610000000006" lon="22.86117">
    <ele>253.07000000000002</ele>
   </trkpt>
   <trkpt lat="54.37411" lon="22.860970000000002">
    <ele>252.89</ele>
   </trkpt>
   <trkpt lat="54.37428500513501" lon="22.86207999554944">
    <ele>248.49</ele>
   </trkpt>
   <trkpt lat="54.374460000000006" lon="22.863190000000003">
    <ele>246.05</ele>
   </trkpt>
   <trkpt lat="54.374610000000004" lon="22.86372">
    <ele>245.62000000000003</ele>
   </trkpt>
   <trkpt lat="54.37482000000001" lon="22.86408">
    <ele>245.66000000000003</ele>
   </trkpt>
   <trkpt lat="54.37520000000001" lon="22.86439">
    <ele>245.79</ele>
   </trkpt>
   <trkpt lat="54.37567000043357" lon="22.864719996210773">
    <ele>246.25000000000003</ele>
   </trkpt>
   <trkpt lat="54.37614000000001" lon="22.86505">
    <ele>246.53000000000003</ele>
   </trkpt>
   <trkpt lat="54.37659500031147" lon="22.865304997197907">
    <ele>247.10000000000002</ele>
   </trkpt>
   <trkpt lat="54.377050000000004" lon="22.865560000000002">
    <ele>247.46</ele>
   </trkpt>
   <trkpt lat="54.377700000000004" lon="22.86588">
    <ele>247.85000000000002</ele>
   </trkpt>
   <trkpt lat="54.37830333478277" lon="22.86629998764913">
    <ele>248.20000000000002</ele>
   </trkpt>
   <trkpt lat="54.37890666810794" lon="22.86671998764323">
    <ele>248.43</ele>
   </trkpt>
   <trkpt lat="54.37951" lon="22.867140000000003">
    <ele>250.43000000000004</ele>
   </trkpt>
   <trkpt lat="54.37950000000001" lon="22.867140000000003">
    <ele>250.4</ele>
   </trkpt>
   <trkpt lat="54.380290001302505" lon="22.867684989563436">
    <ele>255.20000000000005</ele>
   </trkpt>
   <trkpt lat="54.381080000000004" lon="22.86823">
    <ele>257.27</ele>
   </trkpt>
   <trkpt lat="54.38138000000001" lon="22.86841">
    <ele>257.85</ele>
   </trkpt>
   <trkpt lat="54.38208" lon="22.868710000000004">
    <ele>257.41</ele>
   </trkpt>
   <trkpt lat="54.382400000000004" lon="22.868900000000004">
    <ele>256.92</ele>
   </trkpt>
   <trkpt lat="54.38288500081046" lon="22.869294995467722">
    <ele>255.6</ele>
   </trkpt>
   <trkpt lat="54.383370000000006" lon="22.869690000000002">
    <ele>255.0</ele>
   </trkpt>
   <trkpt lat="54.38358" lon="22.86991">
    <ele>254.72</ele>
   </trkpt>
   <trkpt lat="54.384200004909815" lon="22.87067664357012">
    <ele>253.59000000000003</ele>
   </trkpt>
   <trkpt lat="54.384820004963174" lon="22.87144331030232">
    <ele>251.74</ele>
   </trkpt>
   <trkpt lat="54.38544" lon="22.872210000000003">
    <ele>250.14000000000001</ele>
   </trkpt>
   <trkpt lat="54.385760000000005" lon="22.872510000000002">
    <ele>250.17</ele>
   </trkpt>
   <trkpt lat="54.38609" lon="22.87273">
    <ele>250.81000000000003</ele>
   </trkpt>
   <trkpt lat="54.386720000000004" lon="22.87311">
    <ele>251.96</ele>
   </trkpt>
   <trkpt lat="54.38691000000001" lon="22.87327">
    <ele>252.32999999999998</ele>
   </trkpt>
   <trkpt lat="54.38766500218213" lon="22.874009986307435">
    <ele>253.98999999999998</ele>
   </trkpt>
   <trkpt lat="54.38842" lon="22.874750000000002">
    <ele>255.63000000000002</ele>
   </trkpt>
   <trkpt lat="54.38857" lon="22.874920000000003">
    <ele>255.73000000000002</ele>
   </trkpt>
   <trkpt lat="54.388720000000006" lon="22.87518">
    <ele>255.89000000000001</ele>
   </trkpt>
   <trkpt lat="54.3889950026064" lon="22.87596999478691">
    <ele>256.33</ele>
   </trkpt>
   <trkpt lat="54.38927" lon="22.87676">
    <ele>256.06</ele>
   </trkpt>
   <trkpt lat="54.3896250055143" lon="22.877909990216487">
    <ele>254.69000000000003</ele>
   </trkpt>
   <trkpt lat="54.38998" lon="22.879060000000003">
    <ele>252.84</ele>
   </trkpt>
   <trkpt lat="54.39009000000001" lon="22.879360000000002">
    <ele>252.60999999999999</ele>
   </trkpt>
   <trkpt lat="54.39021" lon="22.879620000000003">
    <ele>252.60999999999999</ele>
   </trkpt>
   <trkpt lat="54.39038000000001" lon="22.879880000000004">
    <ele>252.31000000000003</ele>
   </trkpt>
   <trkpt lat="54.390570000000004" lon="22.880070000000003">
    <ele>252.06</ele>
   </trkpt>
   <trkpt lat="54.39083" lon="22.88023">
    <ele>250.93000000000004</ele>
   </trkpt>
   <trkpt lat="54.39131000044391" lon="22.880454997478015">
    <ele>249.65</ele>
   </trkpt>
   <trkpt lat="54.39179000000001" lon="22.88068">
    <ele>248.06000000000003</ele>
   </trkpt>
   <trkpt lat="54.392030000000005" lon="22.880760000000002">
    <ele>247.48000000000002</ele>
   </trkpt>
   <trkpt lat="54.39255500006676" lon="22.880834999046584">
    <ele>247.04</ele>
   </trkpt>
   <trkpt lat="54.393080000000005" lon="22.880910000000004">
    <ele>246.62000000000003</ele>
   </trkpt>
   <trkpt lat="54.393130000000006" lon="22.880940000000002">
    <ele>246.70000000000002</ele>
   </trkpt>
   <trkpt lat="54.39312" lon="22.880940000000002">
    <ele>246.70000000000002</ele>
   </trkpt>
   <trkpt lat="54.393370000000004" lon="22.88109">
    <ele>247.21</ele>
   </trkpt>
   <trkpt lat="54.39363" lon="22.881320000000002">
    <ele>247.83</ele>
   </trkpt>
   <trkpt lat="54.39387000000001" lon="22.88155">
    <ele>248.28000000000003</ele>
   </trkpt>
   <trkpt lat="54.39421" lon="22.88193">
    <ele>250.25000000000003</ele>
   </trkpt>
   <trkpt lat="54.39448" lon="22.88228">
    <ele>251.43000000000004</ele>
   </trkpt>
   <trkpt lat="54.39484000111214" lon="22.88282499504405">
    <ele>251.44</ele>
   </trkpt>
   <trkpt lat="54.3952" lon="22.883370000000003">
    <ele>251.0</ele>
   </trkpt>
   <trkpt lat="54.39533" lon="22.88352">
    <ele>251.0</ele>
   </trkpt>
   <trkpt lat="54.395810000000004" lon="22.8839">
    <ele>250.73</ele>
   </trkpt>
   <trkpt lat="54.396040000000006" lon="22.884030000000003">
    <ele>251.60000000000005</ele>
   </trkpt>
   <trkpt lat="54.39647000000001" lon="22.88416">
    <ele>253.73000000000002</ele>
   </trkpt>
   <trkpt lat="54.396910000000005" lon="22.88426">
    <ele>255.52</ele>
   </trkpt>
   <trkpt lat="54.397040000000004" lon="22.884220000000003">
    <ele>255.75000000000003</ele>
   </trkpt>
   <trkpt lat="54.397290000000005" lon="22.88398">
    <ele>255.87000000000003</ele>
   </trkpt>
   <trkpt lat="54.397650000000006" lon="22.883350000000004">
    <ele>254.71000000000004</ele>
   </trkpt>
   <trkpt lat="54.39788000000001" lon="22.883070000000004">
    <ele>253.68</ele>
   </trkpt>
   <trkpt lat="54.39810000000001" lon="22.88286">
    <ele>252.84</ele>
   </trkpt>
   <trkpt lat="54.39889" lon="22.8822">
    <ele>248.28000000000003</ele>
   </trkpt>
   <trkpt lat="54.399550000000005" lon="22.881780000000003">
    <ele>245.69000000000003</ele>
   </trkpt>
   <trkpt lat="54.399620000000006" lon="22.88175">
    <ele>245.13</ele>
   </trkpt>
   <trkpt lat="54.39976000000001" lon="22.88175">
    <ele>245.13</ele>
   </trkpt>
   <trkpt lat="54.399950000000004" lon="22.881850000000004">
    <ele>243.96</ele>
   </trkpt>
   <trkpt lat="54.400380000000006" lon="22.882140000000003">
    <ele>243.19000000000003</ele>
   </trkpt>
   <trkpt lat="54.400580000000005" lon="22.882240000000003">
    <ele>243.22000000000003</ele>
   </trkpt>
   <trkpt lat="54.400690000000004" lon="22.88228">
    <ele>243.40000000000003</ele>
   </trkpt>
   <trkpt lat="54.40093" lon="22.88231">
    <ele>243.40000000000003</ele>
   </trkpt>
   <trkpt lat="54.40106" lon="22.882260000000002">
    <ele>243.35</ele>
   </trkpt>
   <trkpt lat="54.4012" lon="22.882160000000002">
    <ele>243.27</ele>
   </trkpt>
   <trkpt lat="54.401320000000005" lon="22.88203">
    <ele>243.09000000000003</ele>
   </trkpt>
   <trkpt lat="54.401430000000005" lon="22.881850000000004">
    <ele>242.83</ele>
   </trkpt>
   <trkpt lat="54.401540000000004" lon="22.881500000000003">
    <ele>242.75000000000003</ele>
   </trkpt>
   <trkpt lat="54.40157000000001" lon="22.881240000000002">
    <ele>242.68</ele>
   </trkpt>
   <trkpt lat="54.40158" lon="22.880460000000003">
    <ele>244.58</ele>
   </trkpt>
   <trkpt lat="54.401680000000006" lon="22.879640000000002">
    <ele>247.52</ele>
   </trkpt>
   <trkpt lat="54.40203" lon="22.87827">
    <ele>249.25000000000003</ele>
   </trkpt>
   <trkpt lat="54.40221500321119" lon="22.877395003715606">
    <ele>250.02</ele>
   </trkpt>
   <trkpt lat="54.40240000000001" lon="22.876520000000003">
    <ele>251.45</ele>
   </trkpt>
   <trkpt lat="54.40240000000001" lon="22.876140000000003">
    <ele>250.92000000000002</ele>
   </trkpt>
   <trkpt lat="54.40233334846619" lon="22.87478666232879">
    <ele>247.61</ele>
   </trkpt>
   <trkpt lat="54.402266681802516" lon="22.87343332905643">
    <ele>246.26</ele>
   </trkpt>
   <trkpt lat="54.40220000000001" lon="22.87208">
    <ele>243.19000000000003</ele>
   </trkpt>
   <trkpt lat="54.40218" lon="22.8714">
    <ele>241.28000000000003</ele>
   </trkpt>
   <trkpt lat="54.40220000000001" lon="22.87074">
    <ele>240.33</ele>
   </trkpt>
   <trkpt lat="54.40232" lon="22.869580000000003">
    <ele>243.33</ele>
   </trkpt>
   <trkpt lat="54.40232" lon="22.869220000000002">
    <ele>244.19000000000003</ele>
   </trkpt>
   <trkpt lat="54.40227" lon="22.868640000000003">
    <ele>246.05</ele>
   </trkpt>
   <trkpt lat="54.40215001010542" lon="22.86753332674953">
    <ele>249.06000000000003</ele>
   </trkpt>
   <trkpt lat="54.40203001009364" lon="22.866426659974245">
    <ele>251.04000000000005</ele>
   </trkpt>
   <trkpt lat="54.40191000000001" lon="22.86532">
    <ele>253.43000000000004</ele>
   </trkpt>
   <trkpt lat="54.40174001338119" lon="22.864046656015194">
    <ele>256.09999999999997</ele>
   </trkpt>
   <trkpt lat="54.4015700133682" lon="22.862773322584967">
    <ele>252.57000000000002</ele>
   </trkpt>
   <trkpt lat="54.4014" lon="22.861500000000003">
    <ele>248.29</ele>
   </trkpt>
   <trkpt lat="54.4014" lon="22.861490000000003">
    <ele>248.24</ele>
   </trkpt>
   <trkpt lat="54.401320000000005" lon="22.860860000000002">
    <ele>244.50000000000003</ele>
   </trkpt>
   <trkpt lat="54.40113500347584" lon="22.859949996168126">
    <ele>240.28000000000003</ele>
   </trkpt>
   <trkpt lat="54.40095" lon="22.85904">
    <ele>242.16</ele>
   </trkpt>
   <trkpt lat="54.40091" lon="22.85855">
    <ele>245.22000000000003</ele>
   </trkpt>
   <trkpt lat="54.400920000000006" lon="22.85779">
    <ele>252.36</ele>
   </trkpt>
   <trkpt lat="54.400960000000005" lon="22.85676">
    <ele>258.86</ele>
   </trkpt>
   <trkpt lat="54.40103000396883" lon="22.85578000164564">
    <ele>265.11</ele>
   </trkpt>
   <trkpt lat="54.40110000000001" lon="22.8548">
    <ele>266.73</ele>
   </trkpt>
   <trkpt lat="54.401163345230486" lon="22.853600003679677">
    <ele>266.07000000000005</ele>
   </trkpt>
   <trkpt lat="54.40122667856522" lon="22.852400003653315">
    <ele>267.8</ele>
   </trkpt>
   <trkpt lat="54.40129" lon="22.851200000000002">
    <ele>269.74</ele>
   </trkpt>
   <trkpt lat="54.40129" lon="22.85069">
    <ele>269.95000000000005</ele>
   </trkpt>
   <trkpt lat="54.40125001249623" lon="22.84945999754659">
    <ele>268.85</ele>
   </trkpt>
   <trkpt lat="54.40121001249443" lon="22.848229997491764">
    <ele>270.86</ele>
   </trkpt>
   <trkpt lat="54.40117000000001" lon="22.847">
    <ele>270.43</ele>
   </trkpt>
   <trkpt lat="54.40109" lon="22.84626">
    <ele>267.81000000000006</ele>
   </trkpt>
   <trkpt lat="54.401050000000005" lon="22.84609">
    <ele>267.35</ele>
   </trkpt>
   <trkpt lat="54.400960000000005" lon="22.845920000000003">
    <ele>266.59000000000003</ele>
   </trkpt>
   <trkpt lat="54.40086" lon="22.84581">
    <ele>266.34000000000003</ele>
   </trkpt>
   <trkpt lat="54.40030500000991" lon="22.8457299989152">
    <ele>265.63000000000005</ele>
   </trkpt>
   <trkpt lat="54.399750000000004" lon="22.845650000000003">
    <ele>264.37</ele>
   </trkpt>
   <trkpt lat="54.39904333337313" lon="22.845626665863914">
    <ele>260.35</ele>
   </trkpt>
   <trkpt lat="54.39833666674172" lon="22.845603332531763">
    <ele>252.46</ele>
   </trkpt>
   <trkpt lat="54.39763000000001" lon="22.84558">
    <ele>247.83</ele>
   </trkpt>
   <trkpt lat="54.397069999908084" lon="22.845529999308347">
    <ele>246.99</ele>
   </trkpt>
   <trkpt lat="54.396510000000006" lon="22.845480000000002">
    <ele>245.06000000000003</ele>
   </trkpt>
   <trkpt lat="54.39625" lon="22.845480000000002">
    <ele>244.76000000000002</ele>
   </trkpt>
   <trkpt lat="54.39612" lon="22.84551">
    <ele>245.23000000000002</ele>
   </trkpt>
   <trkpt lat="54.39600000000001" lon="22.845570000000002">
    <ele>246.22000000000003</ele>
   </trkpt>
   <trkpt lat="54.39574" lon="22.84577">
    <ele>250.36</ele>
   </trkpt>
   <trkpt lat="54.39536000083849" lon="22.846200003898243">
    <ele>252.88</ele>
   </trkpt>
   <trkpt lat="54.394980000000004" lon="22.84663">
    <ele>250.89</ele>
   </trkpt>
   <trkpt lat="54.39448" lon="22.847070000000002">
    <ele>245.73000000000002</ele>
   </trkpt>
   <trkpt lat="54.39425000000001" lon="22.847250000000003">
    <ele>244.71</ele>
   </trkpt>
   <trkpt lat="54.39414000000001" lon="22.84731">
    <ele>244.61</ele>
   </trkpt>
   <trkpt lat="54.393950000000004" lon="22.847340000000003">
    <ele>244.81000000000003</ele>
   </trkpt>
   <trkpt lat="54.39385000000001" lon="22.84731">
    <ele>245.08</ele>
   </trkpt>
   <trkpt lat="54.393420000000006" lon="22.8471">
    <ele>247.51</ele>
   </trkpt>
   <trkpt lat="54.39270000064117" lon="22.84665999218206">
    <ele>253.92000000000002</ele>
   </trkpt>
   <trkpt lat="54.391980000000004" lon="22.846220000000002">
    <ele>255.88</ele>
   </trkpt>
   <trkpt lat="54.391435000499335" lon="22.845839994885058">
    <ele>254.8</ele>
   </trkpt>
   <trkpt lat="54.390890000000006" lon="22.845460000000003">
    <ele>253.75000000000003</ele>
   </trkpt>
   <trkpt lat="54.3903550007136" lon="22.84504999466918">
    <ele>253.45000000000002</ele>
   </trkpt>
   <trkpt lat="54.38982000000001" lon="22.844640000000002">
    <ele>253.67</ele>
   </trkpt>
   <trkpt lat="54.389395000412506" lon="22.844334996861413">
    <ele>253.5</ele>
   </trkpt>
   <trkpt lat="54.38897000000001" lon="22.844030000000004">
    <ele>253.81000000000003</ele>
   </trkpt>
   <trkpt lat="54.388760000000005" lon="22.84391">
    <ele>253.76000000000005</ele>
   </trkpt>
   <trkpt lat="54.38826" lon="22.843750000000004">
    <ele>249.58</ele>
   </trkpt>
   <trkpt lat="54.38792" lon="22.843680000000003">
    <ele>245.26000000000002</ele>
   </trkpt>
   <trkpt lat="54.38758000000001" lon="22.84364">
    <ele>242.40000000000003</ele>
   </trkpt>
   <trkpt lat="54.38736" lon="22.84364">
    <ele>240.91</ele>
   </trkpt>
   <trkpt lat="54.38723" lon="22.843680000000003">
    <ele>240.36</ele>
   </trkpt>
   <trkpt lat="54.387040000000006" lon="22.843790000000002">
    <ele>240.35</ele>
   </trkpt>
   <trkpt lat="54.386860000000006" lon="22.84392">
    <ele>240.91</ele>
   </trkpt>
   <trkpt lat="54.386570000000006" lon="22.84419">
    <ele>243.17000000000002</ele>
   </trkpt>
   <trkpt lat="54.386410000000005" lon="22.84437">
    <ele>245.93</ele>
   </trkpt>
   <trkpt lat="54.38629" lon="22.844540000000002">
    <ele>246.84000000000003</ele>
   </trkpt>
   <trkpt lat="54.386160000000004" lon="22.844780000000004">
    <ele>248.36</ele>
   </trkpt>
   <trkpt lat="54.386120000000005" lon="22.844900000000003">
    <ele>248.86</ele>
   </trkpt>
   <trkpt lat="54.386070000000004" lon="22.84521">
    <ele>249.4</ele>
   </trkpt>
   <trkpt lat="54.38601500249438" lon="22.845985000854444">
    <ele>248.45000000000002</ele>
   </trkpt>
   <trkpt lat="54.385960000000004" lon="22.846760000000003">
    <ele>246.32</ele>
   </trkpt>
   <trkpt lat="54.38589" lon="22.847160000000002">
    <ele>245.51000000000002</ele>
   </trkpt>
   <trkpt lat="54.385720000000006" lon="22.847530000000003">
    <ele>245.3</ele>
   </trkpt>
   <trkpt lat="54.38548" lon="22.847910000000002">
    <ele>246.00000000000003</ele>
   </trkpt>
   <trkpt lat="54.385380000000005" lon="22.84802">
    <ele>246.44000000000003</ele>
   </trkpt>
   <trkpt lat="54.385270000000006" lon="22.848100000000002">
    <ele>247.00000000000003</ele>
   </trkpt>
   <trkpt lat="54.385180000000005" lon="22.84814">
    <ele>247.00000000000003</ele>
   </trkpt>
   <trkpt lat="54.3849" lon="22.848190000000002">
    <ele>249.81000000000003</ele>
   </trkpt>
   <trkpt lat="54.38465000000001" lon="22.848180000000003">
    <ele>252.60999999999999</ele>
   </trkpt>
   <trkpt lat="54.38441" lon="22.84812">
    <ele>255.73000000000002</ele>
   </trkpt>
   <trkpt lat="54.383860000000006" lon="22.84784">
    <ele>259.24</ele>
   </trkpt>
   <trkpt lat="54.38369" lon="22.84777">
    <ele>258.3</ele>
   </trkpt>
   <trkpt lat="54.38333000000001" lon="22.847730000000002">
    <ele>255.56</ele>
   </trkpt>
   <trkpt lat="54.38259000000001" lon="22.847790000000003">
    <ele>251.95</ele>
   </trkpt>
   <trkpt lat="54.38205000000001" lon="22.84778">
    <ele>251.42000000000002</ele>
   </trkpt>
   <trkpt lat="54.381220000000006" lon="22.847610000000003">
    <ele>250.36</ele>
   </trkpt>
   <trkpt lat="54.38047" lon="22.8474">
    <ele>248.59000000000003</ele>
   </trkpt>
   <trkpt lat="54.379940000000005" lon="22.847220000000004">
    <ele>244.57</ele>
   </trkpt>
   <trkpt lat="54.37975" lon="22.84718">
    <ele>242.04000000000002</ele>
   </trkpt>
   <trkpt lat="54.379450000000006" lon="22.847150000000003">
    <ele>240.26000000000002</ele>
   </trkpt>
   <trkpt lat="54.3787566666058" lon="22.847129999322586">
    <ele>243.98000000000002</ele>
   </trkpt>
   <trkpt lat="54.37806333320831" lon="22.847109999320747">
    <ele>250.70000000000002</ele>
   </trkpt>
   <trkpt lat="54.377370000000006" lon="22.84709">
    <ele>251.76000000000005</ele>
   </trkpt>
   <trkpt lat="54.376520000000006" lon="22.84702">
    <ele>249.59000000000003</ele>
   </trkpt>
   <trkpt lat="54.37574000000001" lon="22.846890000000002">
    <ele>247.07</ele>
   </trkpt>
   <trkpt lat="54.375730000000004" lon="22.846890000000002">
    <ele>247.05</ele>
   </trkpt>
   <trkpt lat="54.3750350000738" lon="22.846764997885728">
    <ele>246.20000000000002</ele>
   </trkpt>
   <trkpt lat="54.374340000000004" lon="22.84664">
    <ele>246.39000000000001</ele>
   </trkpt>
   <trkpt lat="54.373850000000004" lon="22.846600000000002">
    <ele>246.35</ele>
   </trkpt>
   <trkpt lat="54.373470000000005" lon="22.846660000000004">
    <ele>245.26000000000002</ele>
   </trkpt>
   <trkpt lat="54.37317" lon="22.846860000000003">
    <ele>244.1</ele>
   </trkpt>
   <trkpt lat="54.37252" lon="22.847540000000002">
    <ele>243.29</ele>
   </trkpt>
   <trkpt lat="54.371750000000006" lon="22.848270000000003">
    <ele>243.25000000000003</ele>
   </trkpt>
   <trkpt lat="54.371480000000005" lon="22.848450000000003">
    <ele>243.31000000000003</ele>
   </trkpt>
   <trkpt lat="54.371230000000004" lon="22.848540000000003">
    <ele>243.70000000000002</ele>
   </trkpt>
   <trkpt lat="54.370430000000006" lon="22.84868">
    <ele>244.79</ele>
   </trkpt>
   <trkpt lat="54.37023000000001" lon="22.848740000000003">
    <ele>244.79</ele>
   </trkpt>
   <trkpt lat="54.369620000000005" lon="22.849020000000003">
    <ele>245.49</ele>
   </trkpt>
   <trkpt lat="54.368815000542426" lon="22.849365006741067">
    <ele>245.82</ele>
   </trkpt>
   <trkpt lat="54.368010000000005" lon="22.84971">
    <ele>246.64000000000001</ele>
   </trkpt>
   <trkpt lat="54.367740000000005" lon="22.849950000000003">
    <ele>246.63000000000002</ele>
   </trkpt>
   <trkpt lat="54.36764" lon="22.85009">
    <ele>246.54</ele>
   </trkpt>
   <trkpt lat="54.36751" lon="22.850350000000002">
    <ele>246.54</ele>
   </trkpt>
   <trkpt lat="54.36709334281558" lon="22.85142002165874">
    <ele>246.35</ele>
   </trkpt>
   <trkpt lat="54.36667667616917" lon="22.852490021606364">
    <ele>245.71</ele>
   </trkpt>
   <trkpt lat="54.366260000000004" lon="22.85356">
    <ele>245.92000000000002</ele>
   </trkpt>
   <trkpt lat="54.366040000000005" lon="22.854080000000003">
    <ele>246.62000000000003</ele>
   </trkpt>
   <trkpt lat="54.365970000000004" lon="22.854260000000004">
    <ele>246.83</ele>
   </trkpt>
   <trkpt lat="54.365860000000005" lon="22.85443">
    <ele>246.96</ele>
   </trkpt>
   <trkpt lat="54.365770000000005" lon="22.85453">
    <ele>247.14000000000001</ele>
   </trkpt>
   <trkpt lat="54.365590000000005" lon="22.854670000000002">
    <ele>247.25000000000003</ele>
   </trkpt>
   <trkpt lat="54.36477500079195" lon="22.85508000808655">
    <ele>248.82000000000002</ele>
   </trkpt>
   <trkpt lat="54.363960000000006" lon="22.855490000000003">
    <ele>250.81000000000003</ele>
   </trkpt>
   <trkpt lat="54.363965002914426" lon="22.856329999673527">
    <ele>250.01</ele>
   </trkpt>
   <trkpt lat="54.36397" lon="22.857170000000004">
    <ele>249.09000000000003</ele>
   </trkpt>
   <trkpt lat="54.363960000000006" lon="22.85762">
    <ele>248.67000000000002</ele>
   </trkpt>
   <trkpt lat="54.363870000000006" lon="22.858610000000002">
    <ele>246.98000000000002</ele>
   </trkpt>
   <trkpt lat="54.36373500761625" lon="22.859965004160255">
    <ele>245.05</ele>
   </trkpt>
   <trkpt lat="54.363600000000005" lon="22.861320000000003">
    <ele>245.37000000000003</ele>
   </trkpt>
   <trkpt lat="54.36353003591453" lon="22.862794010013637">
    <ele>248.82000000000002</ele>
   </trkpt>
   <trkpt lat="54.363460053872465" lon="22.86426801500519">
    <ele>250.5</ele>
   </trkpt>
   <trkpt lat="54.36339005387393" lon="22.8657420149734">
    <ele>249.54000000000002</ele>
   </trkpt>
   <trkpt lat="54.363320035919024" lon="22.867216009917016">
    <ele>248.38000000000002</ele>
   </trkpt>
   <trkpt lat="54.36325000000001" lon="22.86869">
    <ele>250.3</ele>
   </trkpt>
   <trkpt lat="54.362630000110315" lon="22.868599997289405">
    <ele>250.45</ele>
   </trkpt>
   <trkpt lat="54.36201000015365" lon="22.868509997295742">
    <ele>249.71</ele>
   </trkpt>
   <trkpt lat="54.36139000000001" lon="22.86842">
    <ele>248.06000000000003</ele>
   </trkpt>
   <trkpt lat="54.360700000054436" lon="22.868309998153062">
    <ele>247.8</ele>
   </trkpt>
   <trkpt lat="54.36001" lon="22.8682">
    <ele>248.53000000000003</ele>
   </trkpt>
   <trkpt lat="54.35981" lon="22.86821">
    <ele>248.66000000000003</ele>
   </trkpt>
   <trkpt lat="54.359680000000004" lon="22.868250000000003">
    <ele>248.81000000000003</ele>
   </trkpt>
   <trkpt lat="54.359480000000005" lon="22.8684">
    <ele>249.01</ele>
   </trkpt>
   <trkpt lat="54.35938" lon="22.86852">
    <ele>249.01</ele>
   </trkpt>
   <trkpt lat="54.35902000098037" lon="22.869055004989086">
    <ele>249.31000000000003</ele>
   </trkpt>
   <trkpt lat="54.35866000000001" lon="22.869590000000002">
    <ele>249.68</ele>
   </trkpt>
   <trkpt lat="54.358610000000006" lon="22.869670000000003">
    <ele>249.75000000000003</ele>
   </trkpt>
   <trkpt lat="54.35799667398042" lon="22.87061002805027">
    <ele>251.76000000000005</ele>
   </trkpt>
   <trkpt lat="54.35738334065749" lon="22.87155002803374">
    <ele>253.06</ele>
   </trkpt>
   <trkpt lat="54.356770000000004" lon="22.872490000000003">
    <ele>257.77</ele>
   </trkpt>
   <trkpt lat="54.35671000000001" lon="22.872470000000003">
    <ele>258.11</ele>
   </trkpt>
   <trkpt lat="54.356480000000005" lon="22.87261">
    <ele>258.33</ele>
   </trkpt>
   <trkpt lat="54.356350000000006" lon="22.872600000000002">
    <ele>258.28000000000003</ele>
   </trkpt>
   <trkpt lat="54.3562" lon="22.87254">
    <ele>258.29</ele>
   </trkpt>
   <trkpt lat="54.356080000000006" lon="22.872470000000003">
    <ele>258.48</ele>
   </trkpt>
   <trkpt lat="54.355970000000006" lon="22.87245">
    <ele>258.47</ele>
   </trkpt>
   <trkpt lat="54.35539000000001" lon="22.872580000000003">
    <ele>258.59000000000003</ele>
   </trkpt>
   <trkpt lat="54.35510000000001" lon="22.872680000000003">
    <ele>259.44</ele>
   </trkpt>
   <trkpt lat="54.35495" lon="22.872790000000002">
    <ele>259.58000000000004</ele>
   </trkpt>
   <trkpt lat="54.354800000000004" lon="22.872980000000002">
    <ele>259.57</ele>
   </trkpt>
   <trkpt lat="54.354620000000004" lon="22.87328">
    <ele>259.84000000000003</ele>
   </trkpt>
   <trkpt lat="54.35443000000001" lon="22.873700000000003">
    <ele>261.41</ele>
   </trkpt>
   <trkpt lat="54.35432" lon="22.873900000000003">
    <ele>262.21</ele>
   </trkpt>
   <trkpt lat="54.35421" lon="22.874060000000004">
    <ele>264.01</ele>
   </trkpt>
   <trkpt lat="54.354040000000005" lon="22.874190000000002">
    <ele>265.85</ele>
   </trkpt>
   <trkpt lat="54.35385" lon="22.874280000000002">
    <ele>266.85</ele>
   </trkpt>
   <trkpt lat="54.35367" lon="22.87441">
    <ele>267.47</ele>
   </trkpt>
   <trkpt lat="54.35324000000001" lon="22.874920000000003">
    <ele>268.61</ele>
   </trkpt>
   <trkpt lat="54.353120000000004" lon="22.87499">
    <ele>269.06</ele>
   </trkpt>
   <trkpt lat="54.352500000000006" lon="22.875190000000003">
    <ele>272.0</ele>
   </trkpt>
   <trkpt lat="54.35233" lon="22.875190000000003">
    <ele>272.0</ele>
   </trkpt>
   <trkpt lat="54.35186" lon="22.87506">
    <ele>273.01000000000005</ele>
   </trkpt>
   <trkpt lat="54.351580000000006" lon="22.87508">
    <ele>273.43</ele>
   </trkpt>
   <trkpt lat="54.35137" lon="22.87515">
    <ele>273.84000000000003</ele>
   </trkpt>
   <trkpt lat="54.35121" lon="22.875280000000004">
    <ele>274.36000000000007</ele>
   </trkpt>
   <trkpt lat="54.350750000000005" lon="22.875790000000002">
    <ele>277.46000000000004</ele>
   </trkpt>
   <trkpt lat="54.35023" lon="22.876520000000003">
    <ele>280.2</ele>
   </trkpt>
   <trkpt lat="54.349765000721355" lon="22.876940004759277">
    <ele>279.67</ele>
   </trkpt>
   <trkpt lat="54.34930000000001" lon="22.877360000000003">
    <ele>277.78000000000003</ele>
   </trkpt>
   <trkpt lat="54.34895" lon="22.87759">
    <ele>277.46000000000004</ele>
   </trkpt>
   <trkpt lat="54.348800000000004" lon="22.877660000000002">
    <ele>277.44</ele>
   </trkpt>
   <trkpt lat="54.348600000000005" lon="22.8777">
    <ele>277.32</ele>
   </trkpt>
   <trkpt lat="54.348420000000004" lon="22.877720000000004">
    <ele>277.02000000000004</ele>
   </trkpt>
   <trkpt lat="54.3479" lon="22.8776">
    <ele>275.83000000000004</ele>
   </trkpt>
   <trkpt lat="54.34738" lon="22.877570000000002">
    <ele>273.90000000000003</ele>
   </trkpt>
   <trkpt lat="54.34722000000001" lon="22.8776">
    <ele>272.78000000000003</ele>
   </trkpt>
   <trkpt lat="54.34702000000001" lon="22.877660000000002">
    <ele>271.0</ele>
   </trkpt>
   <trkpt lat="54.34664000000001" lon="22.877850000000002">
    <ele>266.96000000000004</ele>
   </trkpt>
   <trkpt lat="54.346470000000004" lon="22.877910000000004">
    <ele>265.76</ele>
   </trkpt>
   <trkpt lat="54.3464" lon="22.877920000000003">
    <ele>265.76</ele>
   </trkpt>
   <trkpt lat="54.34630000000001" lon="22.87788">
    <ele>265.07000000000005</ele>
   </trkpt>
   <trkpt lat="54.34563000127039" lon="22.87730499054448">
    <ele>264.53000000000003</ele>
   </trkpt>
   <trkpt lat="54.34496000000001" lon="22.876730000000002">
    <ele>265.53000000000003</ele>
   </trkpt>
   <trkpt lat="54.34479" lon="22.876640000000002">
    <ele>264.98</ele>
   </trkpt>
   <trkpt lat="54.34478000000001" lon="22.876640000000002">
    <ele>264.97</ele>
   </trkpt>
   <trkpt lat="54.34431500036328" lon="22.876349996729083">
    <ele>263.65</ele>
   </trkpt>
   <trkpt lat="54.34385" lon="22.876060000000003">
    <ele>262.67</ele>
   </trkpt>
   <trkpt lat="54.34355000000001" lon="22.875890000000002">
    <ele>259.95</ele>
   </trkpt>
   <trkpt lat="54.34331" lon="22.8758">
    <ele>258.61</ele>
   </trkpt>
   <trkpt lat="54.34308000000001" lon="22.875750000000004">
    <ele>257.36</ele>
   </trkpt>
   <trkpt lat="54.34264" lon="22.87574">
    <ele>253.3</ele>
   </trkpt>
   <trkpt lat="54.34244" lon="22.875760000000003">
    <ele>251.59000000000003</ele>
   </trkpt>
   <trkpt lat="54.34223000000001" lon="22.87581">
    <ele>250.88000000000005</ele>
   </trkpt>
   <trkpt lat="54.341640000000005" lon="22.87629">
    <ele>244.4</ele>
   </trkpt>
   <trkpt lat="54.34125" lon="22.876500000000004">
    <ele>241.37000000000003</ele>
   </trkpt>
   <trkpt lat="54.341010000000004" lon="22.876790000000003">
    <ele>240.01000000000002</ele>
   </trkpt>
   <trkpt lat="54.34096" lon="22.876810000000003">
    <ele>239.65000000000003</ele>
   </trkpt>
   <trkpt lat="54.340920000000004" lon="22.877630000000003">
    <ele>236.76000000000002</ele>
   </trkpt>
   <trkpt lat="54.340920000000004" lon="22.87836">
    <ele>231.88000000000002</ele>
   </trkpt>
   <trkpt lat="54.340920000000004" lon="22.87835">
    <ele>231.87</ele>
   </trkpt>
   <trkpt lat="54.34093000000001" lon="22.878500000000003">
    <ele>230.57000000000002</ele>
   </trkpt>
   <trkpt lat="54.34098" lon="22.87882">
    <ele>228.69000000000003</ele>
   </trkpt>
   <trkpt lat="54.34116" lon="22.879510000000003">
    <ele>225.54000000000002</ele>
   </trkpt>
   <trkpt lat="54.341060000000006" lon="22.87958">
    <ele>225.62</ele>
   </trkpt>
   <trkpt lat="54.340430000000005" lon="22.87975">
    <ele>220.21</ele>
   </trkpt>
   <trkpt lat="54.340360000000004" lon="22.879800000000003">
    <ele>219.54000000000002</ele>
   </trkpt>
   <trkpt lat="54.34017000000001" lon="22.880090000000003">
    <ele>216.87</ele>
   </trkpt>
   <trkpt lat="54.339780000000005" lon="22.880570000000002">
    <ele>214.35</ele>
   </trkpt>
   <trkpt lat="54.339740000000006" lon="22.880650000000003">
    <ele>214.06000000000003</ele>
   </trkpt>
   <trkpt lat="54.33957" lon="22.881290000000003">
    <ele>213.95000000000002</ele>
   </trkpt>
   <trkpt lat="54.33939" lon="22.88174">
    <ele>214.61</ele>
   </trkpt>
   <trkpt lat="54.339240000000004" lon="22.882360000000002">
    <ele>217.10000000000002</ele>
   </trkpt>
   <trkpt lat="54.339040000000004" lon="22.88296">
    <ele>221.43</ele>
   </trkpt>
   <trkpt lat="54.338860000000004" lon="22.88325">
    <ele>224.44000000000003</ele>
   </trkpt>
   <trkpt lat="54.338800000000006" lon="22.883300000000002">
    <ele>225.07000000000002</ele>
   </trkpt>
   <trkpt lat="54.338710000000006" lon="22.88331">
    <ele>226.42000000000002</ele>
   </trkpt>
   <trkpt lat="54.338620000000006" lon="22.88322">
    <ele>229.34</ele>
   </trkpt>
   <trkpt lat="54.338570000000004" lon="22.88297">
    <ele>230.70000000000002</ele>
   </trkpt>
   <trkpt lat="54.33856" lon="22.88257">
    <ele>234.70000000000002</ele>
   </trkpt>
   <trkpt lat="54.33854" lon="22.88241">
    <ele>234.70000000000002</ele>
   </trkpt>
   <trkpt lat="54.33843" lon="22.88211">
    <ele>238.65000000000003</ele>
   </trkpt>
   <trkpt lat="54.33787" lon="22.88145">
    <ele>247.25000000000003</ele>
   </trkpt>
   <trkpt lat="54.33762" lon="22.881290000000003">
    <ele>249.16000000000003</ele>
   </trkpt>
   <trkpt lat="54.3374" lon="22.881230000000002">
    <ele>250.21000000000004</ele>
   </trkpt>
   <trkpt lat="54.33719000000001" lon="22.881230000000002">
    <ele>250.60999999999999</ele>
   </trkpt>
   <trkpt lat="54.33709" lon="22.88125">
    <ele>250.76000000000002</ele>
   </trkpt>
   <trkpt lat="54.336850000000005" lon="22.88143">
    <ele>251.10999999999999</ele>
   </trkpt>
   <trkpt lat="54.33666" lon="22.88172">
    <ele>251.73000000000002</ele>
   </trkpt>
   <trkpt lat="54.33616000000001" lon="22.882720000000003">
    <ele>255.36</ele>
   </trkpt>
   <trkpt lat="54.33581" lon="22.883490000000002">
    <ele>260.40000000000003</ele>
   </trkpt>
   <trkpt lat="54.33545" lon="22.884050000000002">
    <ele>262.90000000000003</ele>
   </trkpt>
   <trkpt lat="54.334990000000005" lon="22.884520000000002">
    <ele>262.71</ele>
   </trkpt>
   <trkpt lat="54.334700000000005" lon="22.884700000000002">
    <ele>262.71</ele>
   </trkpt>
   <trkpt lat="54.334140000000005" lon="22.88532">
    <ele>263.37000000000006</ele>
   </trkpt>
   <trkpt lat="54.33409" lon="22.885520000000003">
    <ele>263.46000000000004</ele>
   </trkpt>
   <trkpt lat="54.33408000000001" lon="22.88567">
    <ele>263.42</ele>
   </trkpt>
   <trkpt lat="54.33411" lon="22.88606">
    <ele>263.03999999999996</ele>
   </trkpt>
   <trkpt lat="54.33418" lon="22.886380000000003">
    <ele>263.47</ele>
   </trkpt>
   <trkpt lat="54.33419000000001" lon="22.88662">
    <ele>263.79</ele>
   </trkpt>
   <trkpt lat="54.33417000000001" lon="22.886760000000002">
    <ele>264.34000000000003</ele>
   </trkpt>
   <trkpt lat="54.33404" lon="22.887200000000004">
    <ele>265.36</ele>
   </trkpt>
   <trkpt lat="54.333920000000006" lon="22.887510000000002">
    <ele>265.42</ele>
   </trkpt>
   <trkpt lat="54.33384" lon="22.887980000000002">
    <ele>265.11</ele>
   </trkpt>
   <trkpt lat="54.33377000398595" lon="22.888960001446222">
    <ele>263.36</ele>
   </trkpt>
   <trkpt lat="54.33370000000001" lon="22.889940000000003">
    <ele>258.86</ele>
   </trkpt>
   <trkpt lat="54.33372000000001" lon="22.89017">
    <ele>258.47</ele>
   </trkpt>
   <trkpt lat="54.33381000000001" lon="22.890400000000003">
    <ele>258.38</ele>
   </trkpt>
   <trkpt lat="54.33382" lon="22.890510000000003">
    <ele>258.43000000000006</ele>
   </trkpt>
   <trkpt lat="54.33382" lon="22.89064">
    <ele>258.43000000000006</ele>
   </trkpt>
   <trkpt lat="54.333740000000006" lon="22.89103">
    <ele>258.78000000000003</ele>
   </trkpt>
   <trkpt lat="54.33359" lon="22.89129">
    <ele>258.74</ele>
   </trkpt>
   <trkpt lat="54.333490000000005" lon="22.8914">
    <ele>258.45</ele>
   </trkpt>
   <trkpt lat="54.333420000000004" lon="22.891450000000003">
    <ele>258.45</ele>
   </trkpt>
   <trkpt lat="54.333360000000006" lon="22.891460000000002">
    <ele>258.45</ele>
   </trkpt>
   <trkpt lat="54.33314000000001" lon="22.89123">
    <ele>257.87000000000006</ele>
   </trkpt>
   <trkpt lat="54.333090000000006" lon="22.8912">
    <ele>257.46000000000004</ele>
   </trkpt>
   <trkpt lat="54.33303000000001" lon="22.8912">
    <ele>257.18</ele>
   </trkpt>
   <trkpt lat="54.33241" lon="22.891550000000002">
    <ele>253.64000000000001</ele>
   </trkpt>
   <trkpt lat="54.33232" lon="22.891620000000003">
    <ele>253.39</ele>
   </trkpt>
   <trkpt lat="54.332240000000006" lon="22.891720000000003">
    <ele>252.92000000000002</ele>
   </trkpt>
   <trkpt lat="54.33220000000001" lon="22.891800000000003">
    <ele>252.48000000000005</ele>
   </trkpt>
   <trkpt lat="54.332150000000006" lon="22.89197">
    <ele>252.23000000000002</ele>
   </trkpt>
   <trkpt lat="54.33214" lon="22.89264">
    <ele>250.25000000000003</ele>
   </trkpt>
   <trkpt lat="54.332150000000006" lon="22.892780000000002">
    <ele>249.66000000000003</ele>
   </trkpt>
   <trkpt lat="54.33220000000001" lon="22.89299">
    <ele>249.19000000000003</ele>
   </trkpt>
   <trkpt lat="54.332420000000006" lon="22.893500000000003">
    <ele>249.01</ele>
   </trkpt>
   <trkpt lat="54.3327" lon="22.893810000000002">
    <ele>247.20000000000002</ele>
   </trkpt>
   <trkpt lat="54.332800000000006" lon="22.89401">
    <ele>246.03000000000003</ele>
   </trkpt>
   <trkpt lat="54.33285000000001" lon="22.894280000000002">
    <ele>243.02</ele>
   </trkpt>
   <trkpt lat="54.33281" lon="22.89496">
    <ele>238.84000000000003</ele>
   </trkpt>
   <trkpt lat="54.33278000000001" lon="22.89513">
    <ele>238.13</ele>
   </trkpt>
   <trkpt lat="54.3327" lon="22.895300000000002">
    <ele>237.42000000000002</ele>
   </trkpt>
   <trkpt lat="54.33221" lon="22.895930000000003">
    <ele>235.33</ele>
   </trkpt>
   <trkpt lat="54.33221" lon="22.895940000000003">
    <ele>235.33</ele>
   </trkpt>
   <trkpt lat="54.33205" lon="22.896160000000002">
    <ele>233.33</ele>
   </trkpt>
   <trkpt lat="54.332010000000004" lon="22.89627">
    <ele>232.98000000000002</ele>
   </trkpt>
   <trkpt lat="54.33200000000001" lon="22.89637">
    <ele>232.98000000000002</ele>
   </trkpt>
   <trkpt lat="54.33199500551436" lon="22.897525000214326">
    <ele>225.83</ele>
   </trkpt>
   <trkpt lat="54.331990000000005" lon="22.898680000000002">
    <ele>223.18</ele>
   </trkpt>
   <trkpt lat="54.331920000000004" lon="22.899230000000003">
    <ele>221.4</ele>
   </trkpt>
   <trkpt lat="54.331720000000004" lon="22.900380000000002">
    <ele>218.11</ele>
   </trkpt>
   <trkpt lat="54.331720000000004" lon="22.900550000000003">
    <ele>217.71</ele>
   </trkpt>
   <trkpt lat="54.3318" lon="22.90114">
    <ele>217.26</ele>
   </trkpt>
   <trkpt lat="54.331810000000004" lon="22.901660000000003">
    <ele>217.95</ele>
   </trkpt>
   <trkpt lat="54.33178" lon="22.901880000000002">
    <ele>218.88000000000002</ele>
   </trkpt>
   <trkpt lat="54.33166000000001" lon="22.90239">
    <ele>220.3</ele>
   </trkpt>
   <trkpt lat="54.331590000000006" lon="22.903010000000002">
    <ele>219.73000000000002</ele>
   </trkpt>
   <trkpt lat="54.3314" lon="22.90367">
    <ele>219.69000000000003</ele>
   </trkpt>
   <trkpt lat="54.33099000000001" lon="22.904780000000002">
    <ele>219.54000000000002</ele>
   </trkpt>
   <trkpt lat="54.330940000000005" lon="22.905050000000003">
    <ele>219.00000000000003</ele>
   </trkpt>
   <trkpt lat="54.330890000000004" lon="22.90547">
    <ele>218.02</ele>
   </trkpt>
   <trkpt lat="54.33086" lon="22.905730000000002">
    <ele>216.81000000000003</ele>
   </trkpt>
   <trkpt lat="54.330870000000004" lon="22.906390000000002">
    <ele>213.74</ele>
   </trkpt>
   <trkpt lat="54.33082" lon="22.90688">
    <ele>213.75000000000003</ele>
   </trkpt>
   <trkpt lat="54.330830000000006" lon="22.907120000000003">
    <ele>213.94000000000003</ele>
   </trkpt>
   <trkpt lat="54.330980000000004" lon="22.9081">
    <ele>212.99</ele>
   </trkpt>
   <trkpt lat="54.331" lon="22.90846">
    <ele>212.15</ele>
   </trkpt>
   <trkpt lat="54.330940000000005" lon="22.90924">
    <ele>208.96</ele>
   </trkpt>
   <trkpt lat="54.330830000000006" lon="22.909560000000003">
    <ele>207.89000000000001</ele>
   </trkpt>
   <trkpt lat="54.330490000000005" lon="22.910290000000003">
    <ele>206.51000000000002</ele>
   </trkpt>
   <trkpt lat="54.33028" lon="22.910110000000003">
    <ele>205.53</ele>
   </trkpt>
   <trkpt lat="54.330180000000006" lon="22.91006">
    <ele>201.32000000000002</ele>
   </trkpt>
   <trkpt lat="54.32992" lon="22.91008">
    <ele>199.68</ele>
   </trkpt>
   <trkpt lat="54.329570000000004" lon="22.910300000000003">
    <ele>194.28</ele>
   </trkpt>
   <trkpt lat="54.329420000000006" lon="22.91035">
    <ele>192.93</ele>
   </trkpt>
   <trkpt lat="54.32931000000001" lon="22.910310000000003">
    <ele>191.97000000000003</ele>
   </trkpt>
   <trkpt lat="54.328860000000006" lon="22.90996">
    <ele>190.70000000000002</ele>
   </trkpt>
   <trkpt lat="54.32885" lon="22.90996">
    <ele>190.70000000000002</ele>
   </trkpt>
   <trkpt lat="54.32869" lon="22.909830000000003">
    <ele>190.28</ele>
   </trkpt>
   <trkpt lat="54.32864000000001" lon="22.90981">
    <ele>190.28</ele>
   </trkpt>
   <trkpt lat="54.32817000000001" lon="22.909740000000003">
    <ele>190.17000000000002</ele>
   </trkpt>
   <trkpt lat="54.32775" lon="22.909830000000003">
    <ele>191.94000000000003</ele>
   </trkpt>
   <trkpt lat="54.32759000000001" lon="22.90989">
    <ele>193.21</ele>
   </trkpt>
   <trkpt lat="54.32746" lon="22.910010000000003">
    <ele>195.05</ele>
   </trkpt>
   <trkpt lat="54.32737" lon="22.91015">
    <ele>196.19</ele>
   </trkpt>
   <trkpt lat="54.327310000000004" lon="22.91028">
    <ele>196.19</ele>
   </trkpt>
   <trkpt lat="54.32703000000001" lon="22.911050000000003">
    <ele>200.24000000000004</ele>
   </trkpt>
   <trkpt lat="54.326910000000005" lon="22.911250000000003">
    <ele>201.5</ele>
   </trkpt>
   <trkpt lat="54.326190000000004" lon="22.91196">
    <ele>204.25</ele>
   </trkpt>
   <trkpt lat="54.32574" lon="22.91225">
    <ele>206.89000000000001</ele>
   </trkpt>
   <trkpt lat="54.32567" lon="22.912260000000003">
    <ele>207.06000000000003</ele>
   </trkpt>
   <trkpt lat="54.3256" lon="22.91224">
    <ele>207.3</ele>
   </trkpt>
   <trkpt lat="54.325230000000005" lon="22.91196">
    <ele>207.95000000000002</ele>
   </trkpt>
   <trkpt lat="54.32502" lon="22.911900000000003">
    <ele>209.11</ele>
   </trkpt>
   <trkpt lat="54.324470000000005" lon="22.91185">
    <ele>212.59000000000003</ele>
   </trkpt>
   <trkpt lat="54.32446" lon="22.91185">
    <ele>212.69000000000003</ele>
   </trkpt>
   <trkpt lat="54.32441000000001" lon="22.91184">
    <ele>213.67000000000002</ele>
   </trkpt>
   <trkpt lat="54.32423000000001" lon="22.91175">
    <ele>214.82</ele>
   </trkpt>
   <trkpt lat="54.324020000000004" lon="22.911620000000003">
    <ele>219.63000000000002</ele>
   </trkpt>
   <trkpt lat="54.323220000000006" lon="22.910950000000003">
    <ele>229.60000000000002</ele>
   </trkpt>
   <trkpt lat="54.32291000000001" lon="22.910940000000004">
    <ele>231.34</ele>
   </trkpt>
   <trkpt lat="54.322170001259266" lon="22.910553319434346">
    <ele>236.23000000000002</ele>
   </trkpt>
   <trkpt lat="54.32143000128221" lon="22.91016665277997">
    <ele>238.35</ele>
   </trkpt>
   <trkpt lat="54.320690000000006" lon="22.90978">
    <ele>237.8</ele>
   </trkpt>
   <trkpt lat="54.32068" lon="22.909930000000003">
    <ele>237.74</ele>
   </trkpt>
   <trkpt lat="54.32067000000001" lon="22.91111">
    <ele>234.84</ele>
   </trkpt>
   <trkpt lat="54.32072" lon="22.91184">
    <ele>233.26000000000002</ele>
   </trkpt>
   <trkpt lat="54.32076000000001" lon="22.91215">
    <ele>232.69</ele>
   </trkpt>
   <trkpt lat="54.32076000000001" lon="22.91214">
    <ele>232.70000000000002</ele>
   </trkpt>
   <trkpt lat="54.321020000000004" lon="22.913420000000002">
    <ele>232.86</ele>
   </trkpt>
   <trkpt lat="54.321200000000005" lon="22.914050000000003">
    <ele>232.28</ele>
   </trkpt>
   <trkpt lat="54.321560000000005" lon="22.915000000000003">
    <ele>228.77</ele>
   </trkpt>
   <trkpt lat="54.32189" lon="22.915550000000003">
    <ele>226.33</ele>
   </trkpt>
   <trkpt lat="54.32233" lon="22.916220000000003">
    <ele>226.14000000000001</ele>
   </trkpt>
   <trkpt lat="54.322480000000006" lon="22.91656">
    <ele>226.73000000000002</ele>
   </trkpt>
   <trkpt lat="54.32261500243334" lon="22.917334997170556">
    <ele>227.61</ele>
   </trkpt>
   <trkpt lat="54.322750000000006" lon="22.918110000000002">
    <ele>229.11</ele>
   </trkpt>
   <trkpt lat="54.322970000000005" lon="22.918930000000003">
    <ele>233.85000000000002</ele>
   </trkpt>
   <trkpt lat="54.323060000000005" lon="22.91964">
    <ele>236.88</ele>
   </trkpt>
   <trkpt lat="54.323100000000004" lon="22.920360000000002">
    <ele>238.5</ele>
   </trkpt>
   <trkpt lat="54.32300000000001" lon="22.921390000000002">
    <ele>239.73000000000002</ele>
   </trkpt>
   <trkpt lat="54.32302000000001" lon="22.921570000000003">
    <ele>239.73000000000002</ele>
   </trkpt>
   <trkpt lat="54.323060000000005" lon="22.921760000000003">
    <ele>239.76000000000002</ele>
   </trkpt>
   <trkpt lat="54.32347000000001" lon="22.92273">
    <ele>241.1</ele>
   </trkpt>
   <trkpt lat="54.32372" lon="22.923720000000003">
    <ele>239.21</ele>
   </trkpt>
   <trkpt lat="54.32379" lon="22.92432">
    <ele>237.93000000000004</ele>
   </trkpt>
   <trkpt lat="54.323850003238746" lon="22.925204998719213">
    <ele>236.3</ele>
   </trkpt>
   <trkpt lat="54.323910000000005" lon="22.926090000000002">
    <ele>232.81</ele>
   </trkpt>
   <trkpt lat="54.324000000000005" lon="22.92689">
    <ele>229.82000000000002</ele>
   </trkpt>
   <trkpt lat="54.32410500255533" lon="22.927669998306435">
    <ele>227.86</ele>
   </trkpt>
   <trkpt lat="54.32421000000001" lon="22.92845">
    <ele>226.16000000000003</ele>
   </trkpt>
   <trkpt lat="54.32424" lon="22.92884">
    <ele>224.98000000000002</ele>
   </trkpt>
   <trkpt lat="54.32424" lon="22.92941">
    <ele>222.63000000000002</ele>
   </trkpt>
   <trkpt lat="54.324220000000004" lon="22.929650000000002">
    <ele>221.65</ele>
   </trkpt>
   <trkpt lat="54.32417000335109" lon="22.93055000105174">
    <ele>217.93</ele>
   </trkpt>
   <trkpt lat="54.32412000000001" lon="22.93145">
    <ele>212.64000000000001</ele>
   </trkpt>
   <trkpt lat="54.32412000000001" lon="22.931820000000002">
    <ele>211.73000000000002</ele>
   </trkpt>
   <trkpt lat="54.32414000000001" lon="22.932150000000004">
    <ele>210.76000000000002</ele>
   </trkpt>
   <trkpt lat="54.324220000000004" lon="22.93268">
    <ele>210.37000000000003</ele>
   </trkpt>
   <trkpt lat="54.323840000000004" lon="22.93288">
    <ele>204.84000000000003</ele>
   </trkpt>
   <trkpt lat="54.323730000000005" lon="22.93298">
    <ele>203.46000000000004</ele>
   </trkpt>
   <trkpt lat="54.3235" lon="22.93336">
    <ele>201.49000000000004</ele>
   </trkpt>
   <trkpt lat="54.32339" lon="22.93346">
    <ele>201.3</ele>
   </trkpt>
   <trkpt lat="54.32325" lon="22.93355">
    <ele>201.24000000000004</ele>
   </trkpt>
   <trkpt lat="54.32318000000001" lon="22.93364">
    <ele>201.3</ele>
   </trkpt>
   <trkpt lat="54.32309000000001" lon="22.93391">
    <ele>201.41</ele>
   </trkpt>
   <trkpt lat="54.323010000000004" lon="22.93399">
    <ele>201.9</ele>
   </trkpt>
   <trkpt lat="54.32276" lon="22.93399">
    <ele>202.32000000000002</ele>
   </trkpt>
   <trkpt lat="54.322610000000005" lon="22.934070000000002">
    <ele>202.95000000000002</ele>
   </trkpt>
   <trkpt lat="54.32242" lon="22.93427">
    <ele>204.38</ele>
   </trkpt>
   <trkpt lat="54.322320000000005" lon="22.93447">
    <ele>204.72</ele>
   </trkpt>
   <trkpt lat="54.32233" lon="22.934990000000003">
    <ele>203.56</ele>
   </trkpt>
   <trkpt lat="54.322280000000006" lon="22.93543">
    <ele>201.49000000000004</ele>
   </trkpt>
   <trkpt lat="54.32217000000001" lon="22.936100000000003">
    <ele>199.85000000000002</ele>
   </trkpt>
   <trkpt lat="54.322070000000004" lon="22.93635">
    <ele>198.19</ele>
   </trkpt>
   <trkpt lat="54.32170000000001" lon="22.936970000000002">
    <ele>194.61</ele>
   </trkpt>
   <trkpt lat="54.32153" lon="22.937340000000003">
    <ele>192.84</ele>
   </trkpt>
   <trkpt lat="54.32133" lon="22.93768">
    <ele>191.42000000000002</ele>
   </trkpt>
   <trkpt lat="54.32126" lon="22.937890000000003">
    <ele>191.07000000000002</ele>
   </trkpt>
   <trkpt lat="54.32119" lon="22.93862">
    <ele>190.22000000000003</ele>
   </trkpt>
   <trkpt lat="54.321110000000004" lon="22.93877">
    <ele>190.09</ele>
   </trkpt>
   <trkpt lat="54.32074000000001" lon="22.939110000000003">
    <ele>188.71</ele>
   </trkpt>
   <trkpt lat="54.32061" lon="22.93946">
    <ele>186.16000000000003</ele>
   </trkpt>
   <trkpt lat="54.32058000000001" lon="22.939660000000003">
    <ele>185.25000000000003</ele>
   </trkpt>
   <trkpt lat="54.32058000000001" lon="22.939890000000002">
    <ele>183.57</ele>
   </trkpt>
   <trkpt lat="54.32063" lon="22.940080000000002">
    <ele>182.91000000000003</ele>
   </trkpt>
   <trkpt lat="54.32072" lon="22.940230000000003">
    <ele>179.35</ele>
   </trkpt>
   <trkpt lat="54.320750000000004" lon="22.940410000000004">
    <ele>177.48000000000002</ele>
   </trkpt>
   <trkpt lat="54.320820000000005" lon="22.94143">
    <ele>171.57</ele>
   </trkpt>
   <trkpt lat="54.32083000000001" lon="22.94227">
    <ele>170.08</ele>
   </trkpt>
   <trkpt lat="54.320820000000005" lon="22.942500000000003">
    <ele>170.45000000000002</ele>
   </trkpt>
   <trkpt lat="54.32076000000001" lon="22.942670000000003">
    <ele>170.93000000000004</ele>
   </trkpt>
   <trkpt lat="54.3207" lon="22.942790000000002">
    <ele>171.58</ele>
   </trkpt>
   <trkpt lat="54.320570000000004" lon="22.942970000000003">
    <ele>173.08</ele>
   </trkpt>
   <trkpt lat="54.320510000000006" lon="22.9431">
    <ele>173.63</ele>
   </trkpt>
   <trkpt lat="54.32049000000001" lon="22.943410000000004">
    <ele>173.55</ele>
   </trkpt>
   <trkpt lat="54.32052" lon="22.94358">
    <ele>172.75</ele>
   </trkpt>
   <trkpt lat="54.3207" lon="22.944190000000003">
    <ele>169.85</ele>
   </trkpt>
   <trkpt lat="54.320730000000005" lon="22.944370000000003">
    <ele>168.19</ele>
   </trkpt>
   <trkpt lat="54.32074000000001" lon="22.944580000000002">
    <ele>167.04000000000002</ele>
   </trkpt>
   <trkpt lat="54.320720003205764" lon="22.94546000024787">
    <ele>164.73000000000002</ele>
   </trkpt>
   <trkpt lat="54.3207" lon="22.946340000000003">
    <ele>164.02</ele>
   </trkpt>
   <trkpt lat="54.32066500273425" lon="22.947150000187786">
    <ele>162.71</ele>
   </trkpt>
   <trkpt lat="54.32063" lon="22.947960000000002">
    <ele>161.13000000000002</ele>
   </trkpt>
   <trkpt lat="54.32063" lon="22.948950000000004">
    <ele>155.0</ele>
   </trkpt>
   <trkpt lat="54.320550000000004" lon="22.949630000000003">
    <ele>152.76</ele>
   </trkpt>
   <trkpt lat="54.32039" lon="22.95022">
    <ele>153.41000000000003</ele>
   </trkpt>
   <trkpt lat="54.32085500080581" lon="22.950649995177965">
    <ele>153.09</ele>
   </trkpt>
   <trkpt lat="54.32132000000001" lon="22.95108">
    <ele>154.77</ele>
   </trkpt>
   <trkpt lat="54.32166" lon="22.95127">
    <ele>156.81</ele>
   </trkpt>
   <trkpt lat="54.32193" lon="22.951340000000002">
    <ele>157.62</ele>
   </trkpt>
   <trkpt lat="54.32239499988764" lon="22.95135499982679">
    <ele>159.88000000000002</ele>
   </trkpt>
   <trkpt lat="54.322860000000006" lon="22.95137">
    <ele>162.76000000000002</ele>
   </trkpt>
   <trkpt lat="54.32337999994699" lon="22.95140499955366">
    <ele>167.47</ele>
   </trkpt>
   <trkpt lat="54.3239" lon="22.95144">
    <ele>169.62</ele>
   </trkpt>
   <trkpt lat="54.324160000000006" lon="22.951410000000003">
    <ele>168.95000000000002</ele>
   </trkpt>
   <trkpt lat="54.32448" lon="22.95126">
    <ele>167.07000000000002</ele>
   </trkpt>
   <trkpt lat="54.32461000000001" lon="22.95117">
    <ele>165.14000000000001</ele>
   </trkpt>
   <trkpt lat="54.32479000000001" lon="22.95101">
    <ele>163.47</ele>
   </trkpt>
   <trkpt lat="54.32544000000001" lon="22.95023">
    <ele>159.95000000000002</ele>
   </trkpt>
   <trkpt lat="54.325770000000006" lon="22.949890000000003">
    <ele>159.81</ele>
   </trkpt>
   <trkpt lat="54.325770000000006" lon="22.94988">
    <ele>159.82000000000002</ele>
   </trkpt>
   <trkpt lat="54.32584000000001" lon="22.94988">
    <ele>159.82000000000002</ele>
   </trkpt>
   <trkpt lat="54.32631000000001" lon="22.94969">
    <ele>159.97</ele>
   </trkpt>
   <trkpt lat="54.32652" lon="22.949630000000003">
    <ele>160.24</ele>
   </trkpt>
   <trkpt lat="54.32698000005036" lon="22.94954500094685">
    <ele>161.06</ele>
   </trkpt>
   <trkpt lat="54.32744" lon="22.949460000000002">
    <ele>159.21</ele>
   </trkpt>
   <trkpt lat="54.327870000000004" lon="22.94947">
    <ele>157.16000000000003</ele>
   </trkpt>
   <trkpt lat="54.32806000000001" lon="22.949550000000002">
    <ele>156.23000000000002</ele>
   </trkpt>
   <trkpt lat="54.32826000000001" lon="22.94969">
    <ele>154.85000000000002</ele>
   </trkpt>
   <trkpt lat="54.32869" lon="22.95023">
    <ele>150.17000000000002</ele>
   </trkpt>
   <trkpt lat="54.32900000000001" lon="22.950490000000002">
    <ele>149.02</ele>
   </trkpt>
   <trkpt lat="54.32911000000001" lon="22.95054">
    <ele>148.34</ele>
   </trkpt>
   <trkpt lat="54.329550000000005" lon="22.950590000000002">
    <ele>147.84</ele>
   </trkpt>
   <trkpt lat="54.329750000000004" lon="22.950670000000002">
    <ele>148.04</ele>
   </trkpt>
   <trkpt lat="54.330000000000005" lon="22.950840000000003">
    <ele>149.36</ele>
   </trkpt>
   <trkpt lat="54.33015" lon="22.951030000000003">
    <ele>149.68</ele>
   </trkpt>
   <trkpt lat="54.33052000000001" lon="22.95172">
    <ele>150.67000000000002</ele>
   </trkpt>
   <trkpt lat="54.330580000000005" lon="22.951790000000003">
    <ele>150.81</ele>
   </trkpt>
   <trkpt lat="54.33035402494056" lon="22.953018026968014">
    <ele>149.6</ele>
   </trkpt>
   <trkpt lat="54.33012803741288" lon="22.954246040440175">
    <ele>151.05</ele>
   </trkpt>
   <trkpt lat="54.32990203741717" lon="22.95547404041601">
    <ele>152.45</ele>
   </trkpt>
   <trkpt lat="54.329676024953685" lon="22.956702026895027">
    <ele>152.71</ele>
   </trkpt>
   <trkpt lat="54.32945" lon="22.95793">
    <ele>152.84</ele>
   </trkpt>
   <trkpt lat="54.329265003742115" lon="22.958875003993715">
    <ele>153.29000000000002</ele>
   </trkpt>
   <trkpt lat="54.329080000000005" lon="22.95982">
    <ele>153.4</ele>
   </trkpt>
   <trkpt lat="54.32889" lon="22.96046">
    <ele>152.22000000000003</ele>
   </trkpt>
   <trkpt lat="54.32862000000001" lon="22.961190000000002">
    <ele>150.59</ele>
   </trkpt>
   <trkpt lat="54.32817501704999" lon="22.96236253805864">
    <ele>145.91</ele>
   </trkpt>
   <trkpt lat="54.327730022732894" lon="22.963535050745065">
    <ele>145.51</ele>
   </trkpt>
   <trkpt lat="54.32728501704909" lon="22.964707538059585">
    <ele>146.56000000000003</ele>
   </trkpt>
   <trkpt lat="54.326840000000004" lon="22.965880000000002">
    <ele>145.63</ele>
   </trkpt>
   <trkpt lat="54.32674" lon="22.96611">
    <ele>144.98000000000002</ele>
   </trkpt>
   <trkpt lat="54.32640000000001" lon="22.96668">
    <ele>142.23000000000002</ele>
   </trkpt>
   <trkpt lat="54.325960001290774" lon="22.967265006422842">
    <ele>141.06</ele>
   </trkpt>
   <trkpt lat="54.325520000000004" lon="22.967850000000002">
    <ele>140.84000000000003</ele>
   </trkpt>
   <trkpt lat="54.32537000000001" lon="22.968010000000003">
    <ele>140.86</ele>
   </trkpt>
   <trkpt lat="54.32517000000001" lon="22.968210000000003">
    <ele>140.8</ele>
   </trkpt>
   <trkpt lat="54.324980000000004" lon="22.96836">
    <ele>140.8</ele>
   </trkpt>
   <trkpt lat="54.32446" lon="22.968590000000003">
    <ele>140.46</ele>
   </trkpt>
   <trkpt lat="54.32421000000001" lon="22.96872">
    <ele>140.39000000000001</ele>
   </trkpt>
   <trkpt lat="54.32397" lon="22.968870000000003">
    <ele>140.11</ele>
   </trkpt>
   <trkpt lat="54.323820000000005" lon="22.969">
    <ele>140.11</ele>
   </trkpt>
   <trkpt lat="54.323660000000004" lon="22.96918">
    <ele>139.89000000000001</ele>
   </trkpt>
   <trkpt lat="54.323510000000006" lon="22.969410000000003">
    <ele>139.87000000000003</ele>
   </trkpt>
   <trkpt lat="54.32334" lon="22.96975">
    <ele>139.81</ele>
   </trkpt>
   <trkpt lat="54.323150000000005" lon="22.9703">
    <ele>140.28</ele>
   </trkpt>
   <trkpt lat="54.32283" lon="22.97145">
    <ele>143.62000000000003</ele>
   </trkpt>
   <trkpt lat="54.322570000000006" lon="22.97211">
    <ele>145.88</ele>
   </trkpt>
   <trkpt lat="54.32249" lon="22.97212">
    <ele>146.16</ele>
   </trkpt>
   <trkpt lat="54.322210000000005" lon="22.971780000000003">
    <ele>147.08</ele>
   </trkpt>
   <trkpt lat="54.32202" lon="22.971470000000004">
    <ele>147.3</ele>
   </trkpt>
   <trkpt lat="54.32197000000001" lon="22.97137">
    <ele>147.3</ele>
   </trkpt>
   <trkpt lat="54.321850000000005" lon="22.9709">
    <ele>146.99</ele>
   </trkpt>
   <trkpt lat="54.32164500481914" lon="22.9698199946014">
    <ele>145.19</ele>
   </trkpt>
   <trkpt lat="54.32144" lon="22.96874">
    <ele>143.43</ele>
   </trkpt>
   <trkpt lat="54.32137" lon="22.968510000000002">
    <ele>143.27</ele>
   </trkpt>
   <trkpt lat="54.321200000000005" lon="22.968140000000002">
    <ele>143.38</ele>
   </trkpt>
   <trkpt lat="54.32105000000001" lon="22.96787">
    <ele>143.62000000000003</ele>
   </trkpt>
   <trkpt lat="54.32050250972447" lon="22.966984964682773">
    <ele>145.04</ele>
   </trkpt>
   <trkpt lat="54.31995501297224" lon="22.966099952921375">
    <ele>146.98</ele>
   </trkpt>
   <trkpt lat="54.31940750974358" lon="22.965214964714978">
    <ele>147.78000000000003</ele>
   </trkpt>
   <trkpt lat="54.31886000000001" lon="22.96433">
    <ele>149.17000000000002</ele>
   </trkpt>
   <trkpt lat="54.318720000000006" lon="22.964160000000003">
    <ele>149.62</ele>
   </trkpt>
   <trkpt lat="54.318580000000004" lon="22.96403">
    <ele>149.76</ele>
   </trkpt>
   <trkpt lat="54.31844" lon="22.96394">
    <ele>149.93</ele>
   </trkpt>
   <trkpt lat="54.318000000070036" lon="22.9637499979339">
    <ele>150.32</ele>
   </trkpt>
   <trkpt lat="54.31756000000001" lon="22.96356">
    <ele>150.77</ele>
   </trkpt>
   <trkpt lat="54.31738000000001" lon="22.96346">
    <ele>150.9</ele>
   </trkpt>
   <trkpt lat="54.31701" lon="22.963140000000003">
    <ele>151.07</ele>
   </trkpt>
   <trkpt lat="54.31636" lon="22.96244">
    <ele>151.51</ele>
   </trkpt>
   <trkpt lat="54.31597000000001" lon="22.962090000000003">
    <ele>151.94000000000003</ele>
   </trkpt>
   <trkpt lat="54.315430000000006" lon="22.96169">
    <ele>152.17</ele>
   </trkpt>
   <trkpt lat="54.31577000000001" lon="22.960330000000003">
    <ele>146.09000000000003</ele>
   </trkpt>
   <trkpt lat="54.31582" lon="22.959970000000002">
    <ele>145.44</ele>
   </trkpt>
   <trkpt lat="54.315910004262" lon="22.958955002193147">
    <ele>146.50000000000003</ele>
   </trkpt>
   <trkpt lat="54.316" lon="22.95794">
    <ele>151.19000000000003</ele>
   </trkpt>
   <trkpt lat="54.31627334985064" lon="22.95652668544698">
    <ele>146.8</ele>
   </trkpt>
   <trkpt lat="54.31654668318357" lon="22.955113352116182">
    <ele>147.07</ele>
   </trkpt>
   <trkpt lat="54.31682000000001" lon="22.9537">
    <ele>150.88000000000002</ele>
   </trkpt>
   <trkpt lat="54.317025005481774" lon="22.95254500594555">
    <ele>148.71</ele>
   </trkpt>
   <trkpt lat="54.31723" lon="22.951390000000004">
    <ele>148.26</ele>
   </trkpt>
   <trkpt lat="54.3173700029917" lon="22.950535003097148">
    <ele>150.03000000000003</ele>
   </trkpt>
   <trkpt lat="54.317510000000006" lon="22.94968">
    <ele>154.4</ele>
   </trkpt>
   <trkpt lat="54.31754" lon="22.94922">
    <ele>155.03</ele>
   </trkpt>
   <trkpt lat="54.317530000000005" lon="22.948330000000002">
    <ele>153.9</ele>
   </trkpt>
   <trkpt lat="54.31729000000001" lon="22.948240000000002">
    <ele>152.02</ele>
   </trkpt>
   <trkpt lat="54.317040000000006" lon="22.9481">
    <ele>150.38000000000002</ele>
   </trkpt>
   <trkpt lat="54.31661000031015" lon="22.94778499663473">
    <ele>149.08</ele>
   </trkpt>
   <trkpt lat="54.31618" lon="22.947470000000003">
    <ele>148.26</ele>
   </trkpt>
   <trkpt lat="54.3157550002599" lon="22.94711999618187">
    <ele>147.97000000000003</ele>
   </trkpt>
   <trkpt lat="54.31533" lon="22.94677">
    <ele>148.6</ele>
   </trkpt>
   <trkpt lat="54.31513" lon="22.94658">
    <ele>148.32</ele>
   </trkpt>
   <trkpt lat="54.31486" lon="22.946150000000003">
    <ele>146.34000000000003</ele>
   </trkpt>
   <trkpt lat="54.314730000000004" lon="22.946">
    <ele>145.07</ele>
   </trkpt>
   <trkpt lat="54.314620000000005" lon="22.94591">
    <ele>145.07</ele>
   </trkpt>
   <trkpt lat="54.31419" lon="22.945670000000003">
    <ele>142.73000000000002</ele>
   </trkpt>
   <trkpt lat="54.3136066688997" lon="22.94514665180105">
    <ele>142.11</ele>
   </trkpt>
   <trkpt lat="54.313023335534496" lon="22.944623318439387">
    <ele>142.62000000000003</ele>
   </trkpt>
   <trkpt lat="54.31244" lon="22.944100000000002">
    <ele>144.51</ele>
   </trkpt>
   <trkpt lat="54.31179" lon="22.943330000000003">
    <ele>144.65</ele>
   </trkpt>
   <trkpt lat="54.31125500181601" lon="22.942654991139335">
    <ele>144.55</ele>
   </trkpt>
   <trkpt lat="54.31072" lon="22.94198">
    <ele>145.96</ele>
   </trkpt>
   <trkpt lat="54.31036" lon="22.941630000000004">
    <ele>146.51</ele>
   </trkpt>
   <trkpt lat="54.310030000000005" lon="22.941440000000004">
    <ele>147.13</ele>
   </trkpt>
   <trkpt lat="54.309740000000005" lon="22.94133">
    <ele>147.3</ele>
   </trkpt>
   <trkpt lat="54.30975" lon="22.94134">
    <ele>147.29</ele>
   </trkpt>
   <trkpt lat="54.309610000000006" lon="22.941290000000002">
    <ele>147.33</ele>
   </trkpt>
   <trkpt lat="54.309380000000004" lon="22.941160000000004">
    <ele>147.3</ele>
   </trkpt>
   <trkpt lat="54.309290000000004" lon="22.94106">
    <ele>147.15</ele>
   </trkpt>
   <trkpt lat="54.30913" lon="22.94075">
    <ele>146.55</ele>
   </trkpt>
   <trkpt lat="54.30874000000001" lon="22.939760000000003">
    <ele>146.49</ele>
   </trkpt>
   <trkpt lat="54.308240000000005" lon="22.93879">
    <ele>146.70000000000002</ele>
   </trkpt>
   <trkpt lat="54.307855003312326" lon="22.937884991359898">
    <ele>146.05</ele>
   </trkpt>
   <trkpt lat="54.30747" lon="22.936980000000002">
    <ele>147.01</ele>
   </trkpt>
   <trkpt lat="54.307410000000004" lon="22.936860000000003">
    <ele>147.36</ele>
   </trkpt>
   <trkpt lat="54.307280000000006" lon="22.936750000000004">
    <ele>147.61</ele>
   </trkpt>
   <trkpt lat="54.30715000000001" lon="22.93674">
    <ele>147.81000000000003</ele>
   </trkpt>
   <trkpt lat="54.30704000000001" lon="22.936780000000002">
    <ele>147.8</ele>
   </trkpt>
   <trkpt lat="54.306760000000004" lon="22.936960000000003">
    <ele>147.55</ele>
   </trkpt>
   <trkpt lat="54.306430000000006" lon="22.93728">
    <ele>147.47000000000003</ele>
   </trkpt>
   <trkpt lat="54.306090000000005" lon="22.937690000000003">
    <ele>147.63</ele>
   </trkpt>
   <trkpt lat="54.30588" lon="22.93783">
    <ele>148.55</ele>
   </trkpt>
   <trkpt lat="54.30565000000001" lon="22.937920000000002">
    <ele>150.38000000000002</ele>
   </trkpt>
   <trkpt lat="54.30525" lon="22.937990000000003">
    <ele>155.89</ele>
   </trkpt>
   <trkpt lat="54.304700000000004" lon="22.93803">
    <ele>161.13000000000002</ele>
   </trkpt>
   <trkpt lat="54.304410000000004" lon="22.938100000000002">
    <ele>162.43</ele>
   </trkpt>
   <trkpt lat="54.30433000000001" lon="22.93814">
    <ele>162.91000000000003</ele>
   </trkpt>
   <trkpt lat="54.30427" lon="22.938010000000002">
    <ele>163.64000000000001</ele>
   </trkpt>
   <trkpt lat="54.304010000000005" lon="22.937810000000002">
    <ele>166.77</ele>
   </trkpt>
   <trkpt lat="54.30371" lon="22.93766">
    <ele>171.74</ele>
   </trkpt>
   <trkpt lat="54.30328000000001" lon="22.937510000000003">
    <ele>177.20000000000002</ele>
   </trkpt>
   <trkpt lat="54.303070000000005" lon="22.93737">
    <ele>179.02</ele>
   </trkpt>
   <trkpt lat="54.30267500055591" lon="22.936999996440278">
    <ele>182.08</ele>
   </trkpt>
   <trkpt lat="54.30228" lon="22.93663">
    <ele>186.24</ele>
   </trkpt>
   <trkpt lat="54.30228" lon="22.93662">
    <ele>186.25000000000003</ele>
   </trkpt>
   <trkpt lat="54.302040000000005" lon="22.936400000000003">
    <ele>188.12</ele>
   </trkpt>
   <trkpt lat="54.301790000000004" lon="22.936040000000002">
    <ele>189.52</ele>
   </trkpt>
   <trkpt lat="54.301260000000006" lon="22.93513">
    <ele>195.45000000000002</ele>
   </trkpt>
   <trkpt lat="54.301170000000006" lon="22.93492">
    <ele>196.34</ele>
   </trkpt>
   <trkpt lat="54.30115000000001" lon="22.93465">
    <ele>197.71</ele>
   </trkpt>
   <trkpt lat="54.30118" lon="22.934340000000002">
    <ele>199.56</ele>
   </trkpt>
   <trkpt lat="54.30138" lon="22.93336">
    <ele>206.36</ele>
   </trkpt>
   <trkpt lat="54.30160000000001" lon="22.932570000000002">
    <ele>209.69</ele>
   </trkpt>
   <trkpt lat="54.30165" lon="22.9323">
    <ele>210.62000000000003</ele>
   </trkpt>
   <trkpt lat="54.301680000000005" lon="22.93195">
    <ele>211.36</ele>
   </trkpt>
   <trkpt lat="54.30165" lon="22.93145">
    <ele>211.70000000000002</ele>
   </trkpt>
   <trkpt lat="54.301590000000004" lon="22.93091">
    <ele>212.19000000000003</ele>
   </trkpt>
   <trkpt lat="54.301550000000006" lon="22.930750000000003">
    <ele>212.63</ele>
   </trkpt>
   <trkpt lat="54.301230000000004" lon="22.9298">
    <ele>216.02</ele>
   </trkpt>
   <trkpt lat="54.30122000000001" lon="22.9296">
    <ele>216.05</ele>
   </trkpt>
   <trkpt lat="54.30124000000001" lon="22.929370000000002">
    <ele>215.83</ele>
   </trkpt>
   <trkpt lat="54.301410000000004" lon="22.9283">
    <ele>215.25000000000003</ele>
   </trkpt>
   <trkpt lat="54.30153000000001" lon="22.92782">
    <ele>212.03000000000003</ele>
   </trkpt>
   <trkpt lat="54.30160000000001" lon="22.92745">
    <ele>210.68</ele>
   </trkpt>
   <trkpt lat="54.30160000000001" lon="22.927280000000003">
    <ele>210.15</ele>
   </trkpt>
   <trkpt lat="54.30156" lon="22.927090000000003">
    <ele>209.72000000000003</ele>
   </trkpt>
   <trkpt lat="54.301500000000004" lon="22.926930000000002">
    <ele>208.81000000000003</ele>
   </trkpt>
   <trkpt lat="54.3014" lon="22.92679">
    <ele>208.42000000000002</ele>
   </trkpt>
   <trkpt lat="54.30096" lon="22.92629">
    <ele>206.54000000000002</ele>
   </trkpt>
   <trkpt lat="54.30078" lon="22.926180000000002">
    <ele>206.33</ele>
   </trkpt>
   <trkpt lat="54.30059000000001" lon="22.92611">
    <ele>206.22</ele>
   </trkpt>
   <trkpt lat="54.30042" lon="22.92601">
    <ele>206.22</ele>
   </trkpt>
   <trkpt lat="54.300230000000006" lon="22.92582">
    <ele>206.14000000000001</ele>
   </trkpt>
   <trkpt lat="54.30006" lon="22.925600000000003">
    <ele>206.15000000000003</ele>
   </trkpt>
   <trkpt lat="54.29988" lon="22.925150000000002">
    <ele>206.12000000000003</ele>
   </trkpt>
   <trkpt lat="54.29968" lon="22.92407">
    <ele>205.83</ele>
   </trkpt>
   <trkpt lat="54.29952500213744" lon="22.92334499710106">
    <ele>206.18000000000004</ele>
   </trkpt>
   <trkpt lat="54.29937" lon="22.922620000000002">
    <ele>206.51000000000002</ele>
   </trkpt>
   <trkpt lat="54.29894" lon="22.92154">
    <ele>205.94</ele>
   </trkpt>
   <trkpt lat="54.298860000000005" lon="22.921280000000003">
    <ele>205.82000000000002</ele>
   </trkpt>
   <trkpt lat="54.298770000000005" lon="22.92077">
    <ele>205.58</ele>
   </trkpt>
   <trkpt lat="54.298790000000004" lon="22.920370000000002">
    <ele>205.47</ele>
   </trkpt>
   <trkpt lat="54.29889000000001" lon="22.91965">
    <ele>205.02</ele>
   </trkpt>
   <trkpt lat="54.2989" lon="22.919340000000002">
    <ele>204.81</ele>
   </trkpt>
   <trkpt lat="54.29891000000001" lon="22.9188">
    <ele>204.48000000000002</ele>
   </trkpt>
   <trkpt lat="54.29878000000001" lon="22.91804">
    <ele>204.31</ele>
   </trkpt>
   <trkpt lat="54.29873500949838" lon="22.916524998562913">
    <ele>204.95000000000002</ele>
   </trkpt>
   <trkpt lat="54.29869000000001" lon="22.915010000000002">
    <ele>204.98000000000002</ele>
   </trkpt>
   <trkpt lat="54.29865" lon="22.91457">
    <ele>204.73000000000002</ele>
   </trkpt>
   <trkpt lat="54.298590000000004" lon="22.914260000000002">
    <ele>204.51000000000002</ele>
   </trkpt>
   <trkpt lat="54.298370000000006" lon="22.91346">
    <ele>204.32000000000002</ele>
   </trkpt>
   <trkpt lat="54.29825" lon="22.912770000000002">
    <ele>204.51000000000002</ele>
   </trkpt>
   <trkpt lat="54.29816500323897" lon="22.91188499817231">
    <ele>203.89000000000001</ele>
   </trkpt>
   <trkpt lat="54.298080000000006" lon="22.911">
    <ele>204.22</ele>
   </trkpt>
   <trkpt lat="54.29806000000001" lon="22.910700000000002">
    <ele>204.3</ele>
   </trkpt>
   <trkpt lat="54.298080000000006" lon="22.910140000000002">
    <ele>204.74</ele>
   </trkpt>
   <trkpt lat="54.298120000000004" lon="22.909850000000002">
    <ele>204.81</ele>
   </trkpt>
   <trkpt lat="54.298190000000005" lon="22.909560000000003">
    <ele>204.79000000000002</ele>
   </trkpt>
   <trkpt lat="54.29827" lon="22.90933">
    <ele>204.81</ele>
   </trkpt>
   <trkpt lat="54.298410000000004" lon="22.90903">
    <ele>205.07000000000002</ele>
   </trkpt>
   <trkpt lat="54.29872" lon="22.908220000000004">
    <ele>204.07000000000002</ele>
   </trkpt>
   <trkpt lat="54.29881" lon="22.907850000000003">
    <ele>203.89000000000001</ele>
   </trkpt>
   <trkpt lat="54.2989" lon="22.907290000000003">
    <ele>203.34</ele>
   </trkpt>
   <trkpt lat="54.2989" lon="22.906530000000004">
    <ele>203.88</ele>
   </trkpt>
   <trkpt lat="54.298840000000006" lon="22.905890000000003">
    <ele>204.06</ele>
   </trkpt>
   <trkpt lat="54.29880000000001" lon="22.905690000000003">
    <ele>204.29000000000002</ele>
   </trkpt>
   <trkpt lat="54.29849" lon="22.90472">
    <ele>206.21</ele>
   </trkpt>
   <trkpt lat="54.29849" lon="22.90471">
    <ele>206.21</ele>
   </trkpt>
   <trkpt lat="54.298350000000006" lon="22.90433">
    <ele>206.93000000000004</ele>
   </trkpt>
   <trkpt lat="54.298280000000005" lon="22.904190000000003">
    <ele>207.29000000000002</ele>
   </trkpt>
   <trkpt lat="54.298080000000006" lon="22.90388">
    <ele>208.07</ele>
   </trkpt>
   <trkpt lat="54.297700000000006" lon="22.90339">
    <ele>208.99</ele>
   </trkpt>
   <trkpt lat="54.29757000000001" lon="22.903160000000003">
    <ele>209.26000000000002</ele>
   </trkpt>
   <trkpt lat="54.297320000000006" lon="22.90246">
    <ele>209.13</ele>
   </trkpt>
   <trkpt lat="54.297140000000006" lon="22.90174">
    <ele>210.43</ele>
   </trkpt>
   <trkpt lat="54.29712000000001" lon="22.901570000000003">
    <ele>211.15</ele>
   </trkpt>
   <trkpt lat="54.29728000000001" lon="22.90145">
    <ele>211.77</ele>
   </trkpt>
   <trkpt lat="54.297520000000006" lon="22.901130000000002">
    <ele>213.1</ele>
   </trkpt>
   <trkpt lat="54.29787" lon="22.90048">
    <ele>213.41000000000003</ele>
   </trkpt>
   <trkpt lat="54.29813000000001" lon="22.90004">
    <ele>214.48</ele>
   </trkpt>
   <trkpt lat="54.29822000000001" lon="22.89995">
    <ele>214.85000000000002</ele>
   </trkpt>
   <trkpt lat="54.29843" lon="22.899790000000003">
    <ele>216.42000000000002</ele>
   </trkpt>
   <trkpt lat="54.29883" lon="22.899590000000003">
    <ele>220.13000000000002</ele>
   </trkpt>
   <trkpt lat="54.299310000000006" lon="22.89926">
    <ele>223.08</ele>
   </trkpt>
   <trkpt lat="54.29948" lon="22.89917">
    <ele>223.52</ele>
   </trkpt>
   <trkpt lat="54.30017000004679" lon="22.89901000269521">
    <ele>227.23000000000002</ele>
   </trkpt>
   <trkpt lat="54.30086000000001" lon="22.898850000000003">
    <ele>229.25</ele>
   </trkpt>
   <trkpt lat="54.30134" lon="22.89882">
    <ele>228.12</ele>
   </trkpt>
   <trkpt lat="54.301610000000004" lon="22.898740000000004">
    <ele>226.75</ele>
   </trkpt>
   <trkpt lat="54.30200000000001" lon="22.898760000000003">
    <ele>224.05</ele>
   </trkpt>
   <trkpt lat="54.30218000000001" lon="22.89873">
    <ele>223.33</ele>
   </trkpt>
   <trkpt lat="54.30256000000001" lon="22.898560000000003">
    <ele>223.25000000000003</ele>
   </trkpt>
   <trkpt lat="54.302710000000005" lon="22.89853">
    <ele>223.83</ele>
   </trkpt>
   <trkpt lat="54.30279" lon="22.89854">
    <ele>223.83</ele>
   </trkpt>
   <trkpt lat="54.30295" lon="22.898650000000004">
    <ele>224.91000000000003</ele>
   </trkpt>
   <trkpt lat="54.30317" lon="22.899030000000003">
    <ele>225.37</ele>
   </trkpt>
   <trkpt lat="54.303360000000005" lon="22.899240000000002">
    <ele>225.78</ele>
   </trkpt>
   <trkpt lat="54.303810000000006" lon="22.899540000000002">
    <ele>228.81</ele>
   </trkpt>
   <trkpt lat="54.303990000000006" lon="22.89977">
    <ele>232.04000000000002</ele>
   </trkpt>
   <trkpt lat="54.3042" lon="22.90014">
    <ele>233.15</ele>
   </trkpt>
   <trkpt lat="54.304390000000005" lon="22.90039">
    <ele>232.98000000000002</ele>
   </trkpt>
   <trkpt lat="54.304460000000006" lon="22.900450000000003">
    <ele>232.47</ele>
   </trkpt>
   <trkpt lat="54.30465" lon="22.90052">
    <ele>232.20000000000002</ele>
   </trkpt>
   <trkpt lat="54.30478" lon="22.900530000000003">
    <ele>232.20000000000002</ele>
   </trkpt>
   <trkpt lat="54.30521" lon="22.90048">
    <ele>232.31</ele>
   </trkpt>
   <trkpt lat="54.30543" lon="22.90048">
    <ele>232.51000000000002</ele>
   </trkpt>
   <trkpt lat="54.3059" lon="22.90067">
    <ele>231.15</ele>
   </trkpt>
   <trkpt lat="54.306200000000004" lon="22.900830000000003">
    <ele>228.41000000000003</ele>
   </trkpt>
   <trkpt lat="54.306810000000006" lon="22.901030000000002">
    <ele>226.9</ele>
   </trkpt>
   <trkpt lat="54.307010000000005" lon="22.901120000000002">
    <ele>227.15</ele>
   </trkpt>
   <trkpt lat="54.30713000000001" lon="22.901220000000002">
    <ele>227.62</ele>
   </trkpt>
   <trkpt lat="54.307190000000006" lon="22.901320000000002">
    <ele>227.98000000000002</ele>
   </trkpt>
   <trkpt lat="54.30744000000001" lon="22.901780000000002">
    <ele>229.68</ele>
   </trkpt>
   <trkpt lat="54.30763" lon="22.90221">
    <ele>232.14000000000001</ele>
   </trkpt>
   <trkpt lat="54.30785" lon="22.90258">
    <ele>234.31</ele>
   </trkpt>
   <trkpt lat="54.307970000000005" lon="22.902720000000002">
    <ele>235.61</ele>
   </trkpt>
   <trkpt lat="54.308130000000006" lon="22.90286">
    <ele>236.78</ele>
   </trkpt>
   <trkpt lat="54.308510000000005" lon="22.903080000000003">
    <ele>239.57000000000002</ele>
   </trkpt>
   <trkpt lat="54.308510000000005" lon="22.903070000000003">
    <ele>239.51000000000002</ele>
   </trkpt>
   <trkpt lat="54.30917000042978" lon="22.903414994434954">
    <ele>244.27</ele>
   </trkpt>
   <trkpt lat="54.309830000000005" lon="22.903760000000002">
    <ele>246.12000000000003</ele>
   </trkpt>
   <trkpt lat="54.31050500188712" lon="22.90414498108403">
    <ele>246.6</ele>
   </trkpt>
   <trkpt lat="54.31118000254853" lon="22.904529974796674">
    <ele>246.47000000000003</ele>
   </trkpt>
   <trkpt lat="54.311855001984156" lon="22.904914981138635">
    <ele>247.79</ele>
   </trkpt>
   <trkpt lat="54.31253" lon="22.9053">
    <ele>247.45000000000002</ele>
   </trkpt>
   <trkpt lat="54.312580000000004" lon="22.90509">
    <ele>247.73000000000002</ele>
   </trkpt>
   <trkpt lat="54.313010000000006" lon="22.90389">
    <ele>250.71000000000004</ele>
   </trkpt>
   <trkpt lat="54.313370000000006" lon="22.90302">
    <ele>249.57000000000002</ele>
   </trkpt>
   <trkpt lat="54.31365" lon="22.90209">
    <ele>249.12</ele>
   </trkpt>
   <trkpt lat="54.313750000000006" lon="22.90172">
    <ele>249.38000000000002</ele>
   </trkpt>
   <trkpt lat="54.313790000000004" lon="22.90143">
    <ele>249.81000000000003</ele>
   </trkpt>
   <trkpt lat="54.31385" lon="22.900430000000004">
    <ele>250.69000000000003</ele>
   </trkpt>
   <trkpt lat="54.31395000353644" lon="22.899510001897326">
    <ele>249.77</ele>
   </trkpt>
   <trkpt lat="54.31405" lon="22.898590000000002">
    <ele>249.04</ele>
   </trkpt>
   <trkpt lat="54.31405" lon="22.89825">
    <ele>247.27</ele>
   </trkpt>
   <trkpt lat="54.31405" lon="22.89824">
    <ele>247.27</ele>
   </trkpt>
   <trkpt lat="54.31394" lon="22.89712">
    <ele>245.6</ele>
   </trkpt>
   <trkpt lat="54.314020000000006" lon="22.89628">
    <ele>246.20000000000002</ele>
   </trkpt>
   <trkpt lat="54.314130000000006" lon="22.895780000000002">
    <ele>247.48000000000002</ele>
   </trkpt>
   <trkpt lat="54.314150000000005" lon="22.895090000000003">
    <ele>247.9</ele>
   </trkpt>
   <trkpt lat="54.31421" lon="22.894810000000003">
    <ele>248.28000000000003</ele>
   </trkpt>
   <trkpt lat="54.314280000000004" lon="22.894630000000003">
    <ele>248.42000000000002</ele>
   </trkpt>
   <trkpt lat="54.314690000000006" lon="22.89395">
    <ele>251.54000000000005</ele>
   </trkpt>
   <trkpt lat="54.31477" lon="22.89357">
    <ele>252.3</ele>
   </trkpt>
   <trkpt lat="54.31488" lon="22.89205">
    <ele>251.15000000000003</ele>
   </trkpt>
   <trkpt lat="54.315090000000005" lon="22.89074">
    <ele>251.78</ele>
   </trkpt>
   <trkpt lat="54.31499" lon="22.88979">
    <ele>253.34</ele>
   </trkpt>
   <trkpt lat="54.314960000000006" lon="22.88915">
    <ele>253.5</ele>
   </trkpt>
   <trkpt lat="54.314960000000006" lon="22.88914">
    <ele>253.5</ele>
   </trkpt>
   <trkpt lat="54.314960000000006" lon="22.88894">
    <ele>253.13000000000002</ele>
   </trkpt>
   <trkpt lat="54.31501" lon="22.888090000000002">
    <ele>249.87</ele>
   </trkpt>
   <trkpt lat="54.31501" lon="22.887800000000002">
    <ele>249.71</ele>
   </trkpt>
   <trkpt lat="54.31497" lon="22.88756">
    <ele>249.81000000000003</ele>
   </trkpt>
   <trkpt lat="54.31475000247354" lon="22.886789995960495">
    <ele>249.72000000000003</ele>
   </trkpt>
   <trkpt lat="54.314530000000005" lon="22.886020000000002">
    <ele>250.10999999999999</ele>
   </trkpt>
   <trkpt lat="54.314440000000005" lon="22.88587">
    <ele>250.14000000000001</ele>
   </trkpt>
   <trkpt lat="54.31416" lon="22.885710000000003">
    <ele>251.74</ele>
   </trkpt>
   <trkpt lat="54.31407" lon="22.88558">
    <ele>251.99000000000004</ele>
   </trkpt>
   <trkpt lat="54.31400000000001" lon="22.88541">
    <ele>252.43000000000004</ele>
   </trkpt>
   <trkpt lat="54.31389000000001" lon="22.884950000000003">
    <ele>251.64000000000001</ele>
   </trkpt>
   <trkpt lat="54.313810000000004" lon="22.884690000000003">
    <ele>251.32000000000005</ele>
   </trkpt>
   <trkpt lat="54.31346500145391" lon="22.884084994823443">
    <ele>251.26999999999998</ele>
   </trkpt>
   <trkpt lat="54.313120000000005" lon="22.883480000000002">
    <ele>251.94</ele>
   </trkpt>
   <trkpt lat="54.31291" lon="22.88296">
    <ele>253.9</ele>
   </trkpt>
   <trkpt lat="54.31279000000001" lon="22.882540000000002">
    <ele>253.66</ele>
   </trkpt>
   <trkpt lat="54.312630000000006" lon="22.881690000000003">
    <ele>251.73000000000002</ele>
   </trkpt>
   <trkpt lat="54.312630000000006" lon="22.881680000000003">
    <ele>251.72</ele>
   </trkpt>
   <trkpt lat="54.312430000000006" lon="22.88072">
    <ele>251.9</ele>
   </trkpt>
   <trkpt lat="54.31235" lon="22.880100000000002">
    <ele>252.16</ele>
   </trkpt>
   <trkpt lat="54.31221000000001" lon="22.87956">
    <ele>252.72</ele>
   </trkpt>
   <trkpt lat="54.31280000131148" lon="22.879020007645273">
    <ele>255.31000000000003</ele>
   </trkpt>
   <trkpt lat="54.313390000000005" lon="22.878480000000003">
    <ele>257.11</ele>
   </trkpt>
   <trkpt lat="54.3140100022853" lon="22.877960015628265">
    <ele>259.45</ele>
   </trkpt>
   <trkpt lat="54.31463000233458" lon="22.87744001558721">
    <ele>260.38</ele>
   </trkpt>
   <trkpt lat="54.315250000000006" lon="22.876920000000002">
    <ele>260.82</ele>
   </trkpt>
   <trkpt lat="54.31553" lon="22.876630000000002">
    <ele>261.0</ele>
   </trkpt>
   <trkpt lat="54.315670000000004" lon="22.876440000000002">
    <ele>261.09999999999997</ele>
   </trkpt>
   <trkpt lat="54.315830000000005" lon="22.876130000000003">
    <ele>261.37000000000006</ele>
   </trkpt>
   <trkpt lat="54.31606000000001" lon="22.875300000000003">
    <ele>262.37000000000006</ele>
   </trkpt>
   <trkpt lat="54.31616" lon="22.874930000000003">
    <ele>263.08000000000004</ele>
   </trkpt>
   <trkpt lat="54.31633000000001" lon="22.874200000000002">
    <ele>264.46000000000004</ele>
   </trkpt>
   <trkpt lat="54.316390000000006" lon="22.873710000000003">
    <ele>265.27</ele>
   </trkpt>
   <trkpt lat="54.31646334497396" lon="22.872523337626923">
    <ele>264.5</ele>
   </trkpt>
   <trkpt lat="54.31653667830337" lon="22.871336671023613">
    <ele>263.07</ele>
   </trkpt>
   <trkpt lat="54.316610000000004" lon="22.870150000000002">
    <ele>261.99</ele>
   </trkpt>
   <trkpt lat="54.316710012919614" lon="22.868900006088854">
    <ele>260.75000000000006</ele>
   </trkpt>
   <trkpt lat="54.31681001291862" lon="22.867650006101382">
    <ele>261.01</ele>
   </trkpt>
   <trkpt lat="54.31691000000001" lon="22.866400000000002">
    <ele>262.53000000000003</ele>
   </trkpt>
   <trkpt lat="54.31695000446737" lon="22.86536000113103">
    <ele>260.96000000000004</ele>
   </trkpt>
   <trkpt lat="54.316990000000004" lon="22.864320000000003">
    <ele>259.51</ele>
   </trkpt>
   <trkpt lat="54.317040000000006" lon="22.864030000000003">
    <ele>259.47</ele>
   </trkpt>
   <trkpt lat="54.31709000000001" lon="22.86392">
    <ele>259.47</ele>
   </trkpt>
   <trkpt lat="54.31721" lon="22.863770000000002">
    <ele>259.49</ele>
   </trkpt>
   <trkpt lat="54.317350000000005" lon="22.863660000000003">
    <ele>259.54</ele>
   </trkpt>
   <trkpt lat="54.31820875075259" lon="22.86349877355979">
    <ele>259.98</ele>
   </trkpt>
   <trkpt lat="54.31906750129021" lon="22.863337540389182">
    <ele>258.90000000000003</ele>
   </trkpt>
   <trkpt lat="54.31992625161288" lon="22.863176300487698">
    <ele>255.46</ele>
   </trkpt>
   <trkpt lat="54.32078500172055" lon="22.863015053854838">
    <ele>251.91000000000003</ele>
   </trkpt>
   <trkpt lat="54.32164375161322" lon="22.862853800490107">
    <ele>248.34000000000003</ele>
   </trkpt>
   <trkpt lat="54.32250250129086" lon="22.862692540393024">
    <ele>249.36</ele>
   </trkpt>
   <trkpt lat="54.32336125075349" lon="22.862531273563082">
    <ele>250.65000000000003</ele>
   </trkpt>
   <trkpt lat="54.324220000000004" lon="22.862370000000002">
    <ele>249.61</ele>
   </trkpt>
   <trkpt lat="54.324470000000005" lon="22.862330000000004">
    <ele>248.84000000000003</ele>
   </trkpt>
   <trkpt lat="54.32489" lon="22.862280000000002">
    <ele>246.81000000000003</ele>
   </trkpt>
   <trkpt lat="54.32511" lon="22.86229">
    <ele>245.51000000000002</ele>
   </trkpt>
   <trkpt lat="54.32568999994808" lon="22.86238999857384">
    <ele>241.72000000000003</ele>
   </trkpt>
   <trkpt lat="54.32627" lon="22.86249">
    <ele>242.67000000000002</ele>
   </trkpt>
   <trkpt lat="54.32643" lon="22.86249">
    <ele>243.06000000000003</ele>
   </trkpt>
   <trkpt lat="54.326750000000004" lon="22.8624">
    <ele>244.83</ele>
   </trkpt>
   <trkpt lat="54.32703000000001" lon="22.86223">
    <ele>245.8</ele>
   </trkpt>
   <trkpt lat="54.32734000000001" lon="22.861990000000002">
    <ele>244.58</ele>
   </trkpt>
   <trkpt lat="54.327913335461126" lon="22.861480014238975">
    <ele>243.34000000000003</ele>
   </trkpt>
   <trkpt lat="54.328486668771795" lon="22.8609700142594">
    <ele>244.85</ele>
   </trkpt>
   <trkpt lat="54.329060000000005" lon="22.860460000000003">
    <ele>248.09000000000003</ele>
   </trkpt>
   <trkpt lat="54.32938000000001" lon="22.86025">
    <ele>249.34000000000003</ele>
   </trkpt>
   <trkpt lat="54.32998000020718" lon="22.859985003902914">
    <ele>248.43</ele>
   </trkpt>
   <trkpt lat="54.330580000000005" lon="22.859720000000003">
    <ele>247.20000000000002</ele>
   </trkpt>
   <trkpt lat="54.33107500010458" lon="22.859505002625482">
    <ele>246.27</ele>
   </trkpt>
   <trkpt lat="54.331570000000006" lon="22.85929">
    <ele>246.18</ele>
   </trkpt>
   <trkpt lat="54.331540000000004" lon="22.8591">
    <ele>245.26000000000002</ele>
   </trkpt>
   <trkpt lat="54.33129" lon="22.85845">
    <ele>244.69000000000003</ele>
   </trkpt>
   <trkpt lat="54.330795002043025" lon="22.857739991395373">
    <ele>243.43</ele>
   </trkpt>
   <trkpt lat="54.3303" lon="22.85703">
    <ele>244.20000000000002</ele>
   </trkpt>
   <trkpt lat="54.33017" lon="22.856910000000003">
    <ele>244.89000000000001</ele>
   </trkpt>
   <trkpt lat="54.32972" lon="22.856630000000003">
    <ele>248.67000000000002</ele>
   </trkpt>
   <trkpt lat="54.329620000000006" lon="22.856540000000003">
    <ele>249.29000000000002</ele>
   </trkpt>
   <trkpt lat="54.329530000000005" lon="22.85641">
    <ele>250.02</ele>
   </trkpt>
   <trkpt lat="54.32927" lon="22.855870000000003">
    <ele>251.57000000000002</ele>
   </trkpt>
   <trkpt lat="54.32912" lon="22.855600000000003">
    <ele>251.78</ele>
   </trkpt>
   <trkpt lat="54.329010000000004" lon="22.85547">
    <ele>251.60999999999999</ele>
   </trkpt>
   <trkpt lat="54.32828000000001" lon="22.854930000000003">
    <ele>249.32000000000002</ele>
   </trkpt>
   <trkpt lat="54.32813" lon="22.85489">
    <ele>249.38000000000002</ele>
   </trkpt>
   <trkpt lat="54.32799000000001" lon="22.85489">
    <ele>249.38000000000002</ele>
   </trkpt>
   <trkpt lat="54.327360000000006" lon="22.85499">
    <ele>250.89</ele>
   </trkpt>
   <trkpt lat="54.327160000000006" lon="22.854950000000002">
    <ele>251.86</ele>
   </trkpt>
   <trkpt lat="54.32703000000001" lon="22.85488">
    <ele>251.86</ele>
   </trkpt>
   <trkpt lat="54.326640000000005" lon="22.854540000000004">
    <ele>254.32000000000005</ele>
   </trkpt>
   <trkpt lat="54.32649000000001" lon="22.854450000000003">
    <ele>254.75000000000003</ele>
   </trkpt>
   <trkpt lat="54.32592" lon="22.85433">
    <ele>255.88</ele>
   </trkpt>
   <trkpt lat="54.32556" lon="22.854210000000002">
    <ele>256.58000000000004</ele>
   </trkpt>
   <trkpt lat="54.325050000000005" lon="22.854090000000003">
    <ele>257.90000000000003</ele>
   </trkpt>
   <trkpt lat="54.32455999994211" lon="22.85402999927635">
    <ele>257.91</ele>
   </trkpt>
   <trkpt lat="54.324070000000006" lon="22.85397">
    <ele>257.73</ele>
   </trkpt>
   <trkpt lat="54.32406" lon="22.85397">
    <ele>257.73</ele>
   </trkpt>
   <trkpt lat="54.323930000000004" lon="22.85395">
    <ele>257.74</ele>
   </trkpt>
   <trkpt lat="54.3235" lon="22.85376">
    <ele>257.87000000000006</ele>
   </trkpt>
   <trkpt lat="54.323280000000004" lon="22.853510000000004">
    <ele>256.92</ele>
   </trkpt>
   <trkpt lat="54.323150000000005" lon="22.853270000000002">
    <ele>255.66</ele>
   </trkpt>
   <trkpt lat="54.32270000385249" lon="22.85230498944911">
    <ele>254.17000000000002</ele>
   </trkpt>
   <trkpt lat="54.322250000000004" lon="22.85134">
    <ele>253.21000000000004</ele>
   </trkpt>
   <trkpt lat="54.32209" lon="22.85104">
    <ele>252.52</ele>
   </trkpt>
   <trkpt lat="54.321640002111955" lon="22.850344992575145">
    <ele>252.58</ele>
   </trkpt>
   <trkpt lat="54.32119" lon="22.84965">
    <ele>254.21000000000004</ele>
   </trkpt>
   <trkpt lat="54.320840000000004" lon="22.849380000000004">
    <ele>253.91000000000003</ele>
   </trkpt>
   <trkpt lat="54.32021" lon="22.849100000000004">
    <ele>247.48000000000002</ele>
   </trkpt>
   <trkpt lat="54.319660000000006" lon="22.84897">
    <ele>243.50000000000003</ele>
   </trkpt>
   <trkpt lat="54.31922" lon="22.848830000000003">
    <ele>241.64000000000001</ele>
   </trkpt>
   <trkpt lat="54.31898" lon="22.84879">
    <ele>240.81000000000003</ele>
   </trkpt>
   <trkpt lat="54.31879000000001" lon="22.848730000000003">
    <ele>240.55</ele>
   </trkpt>
   <trkpt lat="54.318650000000005" lon="22.848660000000002">
    <ele>239.87000000000003</ele>
   </trkpt>
   <trkpt lat="54.318540000000006" lon="22.848550000000003">
    <ele>238.85</ele>
   </trkpt>
   <trkpt lat="54.318430000000006" lon="22.84831">
    <ele>236.18000000000004</ele>
   </trkpt>
   <trkpt lat="54.318340000000006" lon="22.84797">
    <ele>234.43000000000004</ele>
   </trkpt>
   <trkpt lat="54.318290000000005" lon="22.847710000000003">
    <ele>233.73000000000002</ele>
   </trkpt>
   <trkpt lat="54.318270000000005" lon="22.846860000000003">
    <ele>235.60000000000002</ele>
   </trkpt>
   <trkpt lat="54.31824" lon="22.846670000000003">
    <ele>236.04000000000002</ele>
   </trkpt>
   <trkpt lat="54.318110000000004" lon="22.84636">
    <ele>236.34</ele>
   </trkpt>
   <trkpt lat="54.317690000000006" lon="22.84589">
    <ele>238.27</ele>
   </trkpt>
   <trkpt lat="54.317510000000006" lon="22.84561">
    <ele>240.05</ele>
   </trkpt>
   <trkpt lat="54.317400000000006" lon="22.845370000000003">
    <ele>243.28000000000003</ele>
   </trkpt>
   <trkpt lat="54.31734" lon="22.84514">
    <ele>243.28000000000003</ele>
   </trkpt>
   <trkpt lat="54.317190000000004" lon="22.8442">
    <ele>247.18</ele>
   </trkpt>
   <trkpt lat="54.31712" lon="22.844040000000003">
    <ele>247.15</ele>
   </trkpt>
   <trkpt lat="54.316770000000005" lon="22.84352">
    <ele>246.63000000000002</ele>
   </trkpt>
   <trkpt lat="54.31662000000001" lon="22.843230000000002">
    <ele>245.1</ele>
   </trkpt>
   <trkpt lat="54.316460000000006" lon="22.843020000000003">
    <ele>243.28000000000003</ele>
   </trkpt>
   <trkpt lat="54.316050000000004" lon="22.84262">
    <ele>240.04000000000002</ele>
   </trkpt>
   <trkpt lat="54.31561000000001" lon="22.84223">
    <ele>238.23000000000002</ele>
   </trkpt>
   <trkpt lat="54.31509000105892" lon="22.841719993538835">
    <ele>236.97</ele>
   </trkpt>
   <trkpt lat="54.31457" lon="22.84121">
    <ele>235.45000000000002</ele>
   </trkpt>
   <trkpt lat="54.314460000000004" lon="22.841130000000003">
    <ele>235.48000000000002</ele>
   </trkpt>
   <trkpt lat="54.3143" lon="22.841070000000002">
    <ele>235.74000000000004</ele>
   </trkpt>
   <trkpt lat="54.31391000000001" lon="22.841450000000002">
    <ele>238.09000000000003</ele>
   </trkpt>
   <trkpt lat="54.31349" lon="22.84165">
    <ele>242.28000000000003</ele>
   </trkpt>
   <trkpt lat="54.313320000000004" lon="22.84176">
    <ele>243.00000000000003</ele>
   </trkpt>
   <trkpt lat="54.31275000098185" lon="22.842245006709938">
    <ele>240.07000000000002</ele>
   </trkpt>
   <trkpt lat="54.312180000000005" lon="22.842730000000003">
    <ele>238.5</ele>
   </trkpt>
   <trkpt lat="54.31203000000001" lon="22.842930000000003">
    <ele>238.68000000000004</ele>
   </trkpt>
   <trkpt lat="54.311890000000005" lon="22.843200000000003">
    <ele>238.43000000000004</ele>
   </trkpt>
   <trkpt lat="54.31177" lon="22.84353">
    <ele>237.6</ele>
   </trkpt>
   <trkpt lat="54.311510000000006" lon="22.84428">
    <ele>237.45000000000002</ele>
   </trkpt>
   <trkpt lat="54.3113" lon="22.84476">
    <ele>239.12000000000003</ele>
   </trkpt>
   <trkpt lat="54.31096" lon="22.84541">
    <ele>238.68000000000004</ele>
   </trkpt>
   <trkpt lat="54.310500000000005" lon="22.846000000000004">
    <ele>235.86</ele>
   </trkpt>
   <trkpt lat="54.31027" lon="22.84618">
    <ele>235.3</ele>
   </trkpt>
   <trkpt lat="54.31006000000001" lon="22.846380000000003">
    <ele>234.40000000000003</ele>
   </trkpt>
   <trkpt lat="54.309630000000006" lon="22.847260000000002">
    <ele>233.54000000000002</ele>
   </trkpt>
   <trkpt lat="54.30932000000001" lon="22.84806">
    <ele>234.70000000000002</ele>
   </trkpt>
   <trkpt lat="54.30908" lon="22.848350000000003">
    <ele>234.61</ele>
   </trkpt>
   <trkpt lat="54.30841" lon="22.84879">
    <ele>233.46000000000004</ele>
   </trkpt>
   <trkpt lat="54.30819" lon="22.848850000000002">
    <ele>234.12</ele>
   </trkpt>
   <trkpt lat="54.308040000000005" lon="22.848830000000003">
    <ele>234.95000000000002</ele>
   </trkpt>
   <trkpt lat="54.30774" lon="22.848730000000003">
    <ele>237.71000000000004</ele>
   </trkpt>
   <trkpt lat="54.30760000000001" lon="22.84871">
    <ele>238.74</ele>
   </trkpt>
   <trkpt lat="54.30744000000001" lon="22.848740000000003">
    <ele>239.31000000000003</ele>
   </trkpt>
   <trkpt lat="54.30727" lon="22.848820000000003">
    <ele>239.15000000000003</ele>
   </trkpt>
   <trkpt lat="54.306570001053245" lon="22.849340008891474">
    <ele>239.96</ele>
   </trkpt>
   <trkpt lat="54.305870000000006" lon="22.849860000000003">
    <ele>243.56000000000003</ele>
   </trkpt>
   <trkpt lat="54.30565000000001" lon="22.85003">
    <ele>245.09000000000003</ele>
   </trkpt>
   <trkpt lat="54.305490000000006" lon="22.850230000000003">
    <ele>245.64000000000001</ele>
   </trkpt>
   <trkpt lat="54.305310000000006" lon="22.850530000000003">
    <ele>245.00000000000003</ele>
   </trkpt>
   <trkpt lat="54.305020000000006" lon="22.850230000000003">
    <ele>242.06000000000003</ele>
   </trkpt>
   <trkpt lat="54.304750000000006" lon="22.84991">
    <ele>240.96</ele>
   </trkpt>
   <trkpt lat="54.30467" lon="22.849850000000004">
    <ele>240.87000000000003</ele>
   </trkpt>
   <trkpt lat="54.30456" lon="22.849800000000002">
    <ele>240.87000000000003</ele>
   </trkpt>
   <trkpt lat="54.304390000000005" lon="22.849780000000003">
    <ele>240.79000000000002</ele>
   </trkpt>
   <trkpt lat="54.30434" lon="22.849680000000003">
    <ele>240.79000000000002</ele>
   </trkpt>
   <trkpt lat="54.30434" lon="22.84962">
    <ele>240.54000000000002</ele>
   </trkpt>
   <trkpt lat="54.30444000000001" lon="22.849320000000002">
    <ele>240.29000000000002</ele>
   </trkpt>
   <trkpt lat="54.30454" lon="22.848770000000002">
    <ele>240.24</ele>
   </trkpt>
   <trkpt lat="54.304550000000006" lon="22.848630000000004">
    <ele>240.05</ele>
   </trkpt>
   <trkpt lat="54.304520000000004" lon="22.848270000000003">
    <ele>239.99</ele>
   </trkpt>
   <trkpt lat="54.304460000000006" lon="22.847990000000003">
    <ele>240.04000000000002</ele>
   </trkpt>
   <trkpt lat="54.304370000000006" lon="22.847790000000003">
    <ele>239.82000000000002</ele>
   </trkpt>
   <trkpt lat="54.30429" lon="22.84768">
    <ele>239.53000000000003</ele>
   </trkpt>
   <trkpt lat="54.304190000000006" lon="22.84758">
    <ele>238.66</ele>
   </trkpt>
   <trkpt lat="54.30398" lon="22.84747">
    <ele>238.20000000000002</ele>
   </trkpt>
   <trkpt lat="54.303810000000006" lon="22.847350000000002">
    <ele>237.8</ele>
   </trkpt>
   <trkpt lat="54.30373" lon="22.847250000000003">
    <ele>237.24</ele>
   </trkpt>
   <trkpt lat="54.30366000000001" lon="22.8471">
    <ele>237.24</ele>
   </trkpt>
   <trkpt lat="54.30369" lon="22.84653">
    <ele>233.94</ele>
   </trkpt>
   <trkpt lat="54.303670000000004" lon="22.846420000000002">
    <ele>233.94</ele>
   </trkpt>
   <trkpt lat="54.303630000000005" lon="22.84636">
    <ele>233.45000000000002</ele>
   </trkpt>
   <trkpt lat="54.30357000000001" lon="22.84634">
    <ele>232.61</ele>
   </trkpt>
   <trkpt lat="54.303290000000004" lon="22.846320000000002">
    <ele>231.4</ele>
   </trkpt>
   <trkpt lat="54.303180000000005" lon="22.84635">
    <ele>231.24000000000004</ele>
   </trkpt>
   <trkpt lat="54.302890000000005" lon="22.846570000000003">
    <ele>231.15</ele>
   </trkpt>
   <trkpt lat="54.302800000000005" lon="22.84656">
    <ele>231.15</ele>
   </trkpt>
   <trkpt lat="54.30243" lon="22.84646">
    <ele>231.69</ele>
   </trkpt>
   <trkpt lat="54.30227000000001" lon="22.84635">
    <ele>232.21000000000004</ele>
   </trkpt>
   <trkpt lat="54.30221" lon="22.84626">
    <ele>232.23000000000002</ele>
   </trkpt>
   <trkpt lat="54.301930000000006" lon="22.84568">
    <ele>231.77000000000004</ele>
   </trkpt>
   <trkpt lat="54.30185" lon="22.845450000000003">
    <ele>231.67000000000002</ele>
   </trkpt>
   <trkpt lat="54.30180000000001" lon="22.84513">
    <ele>231.42000000000002</ele>
   </trkpt>
   <trkpt lat="54.30180000245185" lon="22.844360000411264">
    <ele>232.11</ele>
   </trkpt>
   <trkpt lat="54.30180000000001" lon="22.843590000000003">
    <ele>232.32000000000002</ele>
   </trkpt>
   <trkpt lat="54.301770000000005" lon="22.843230000000002">
    <ele>232.54000000000002</ele>
   </trkpt>
   <trkpt lat="54.30174" lon="22.843010000000003">
    <ele>232.54000000000002</ele>
   </trkpt>
   <trkpt lat="54.301480000000005" lon="22.84175">
    <ele>232.35000000000002</ele>
   </trkpt>
   <trkpt lat="54.301280000000006" lon="22.840690000000002">
    <ele>232.31</ele>
   </trkpt>
   <trkpt lat="54.301170000000006" lon="22.84018">
    <ele>231.88000000000002</ele>
   </trkpt>
   <trkpt lat="54.30102" lon="22.839820000000003">
    <ele>232.19</ele>
   </trkpt>
   <trkpt lat="54.30086000000001" lon="22.839640000000003">
    <ele>233.03</ele>
   </trkpt>
   <trkpt lat="54.3006" lon="22.83942">
    <ele>234.87</ele>
   </trkpt>
   <trkpt lat="54.30042" lon="22.83921">
    <ele>237.11</ele>
   </trkpt>
   <trkpt lat="54.30031" lon="22.83886">
    <ele>238.37000000000003</ele>
   </trkpt>
   <trkpt lat="54.30031" lon="22.83885">
    <ele>238.40000000000003</ele>
   </trkpt>
   <trkpt lat="54.300270000000005" lon="22.838700000000003">
    <ele>238.89000000000001</ele>
   </trkpt>
   <trkpt lat="54.30026" lon="22.838600000000003">
    <ele>238.89000000000001</ele>
   </trkpt>
   <trkpt lat="54.300290000000004" lon="22.838400000000004">
    <ele>239.42000000000002</ele>
   </trkpt>
   <trkpt lat="54.300290000000004" lon="22.83829">
    <ele>239.58</ele>
   </trkpt>
   <trkpt lat="54.300250000000005" lon="22.837940000000003">
    <ele>239.78000000000003</ele>
   </trkpt>
   <trkpt lat="54.300250000000005" lon="22.837680000000002">
    <ele>239.47</ele>
   </trkpt>
   <trkpt lat="54.300430000000006" lon="22.83705">
    <ele>238.76000000000002</ele>
   </trkpt>
   <trkpt lat="54.30059000000001" lon="22.83624">
    <ele>234.51000000000002</ele>
   </trkpt>
   <trkpt lat="54.30064" lon="22.83585">
    <ele>233.23000000000002</ele>
   </trkpt>
   <trkpt lat="54.30062" lon="22.835510000000003">
    <ele>232.23000000000002</ele>
   </trkpt>
   <trkpt lat="54.30059000000001" lon="22.83538">
    <ele>232.09</ele>
   </trkpt>
   <trkpt lat="54.30053" lon="22.835250000000002">
    <ele>231.87</ele>
   </trkpt>
   <trkpt lat="54.300320000000006" lon="22.834960000000002">
    <ele>231.55</ele>
   </trkpt>
   <trkpt lat="54.300270000000005" lon="22.83492">
    <ele>231.55</ele>
   </trkpt>
   <trkpt lat="54.300200000000004" lon="22.834930000000004">
    <ele>231.54000000000002</ele>
   </trkpt>
   <trkpt lat="54.30013" lon="22.834970000000002">
    <ele>231.51000000000002</ele>
   </trkpt>
   <trkpt lat="54.29979" lon="22.83527">
    <ele>231.32000000000002</ele>
   </trkpt>
   <trkpt lat="54.299620000000004" lon="22.835400000000003">
    <ele>231.61</ele>
   </trkpt>
   <trkpt lat="54.29947000000001" lon="22.83538">
    <ele>232.02000000000004</ele>
   </trkpt>
   <trkpt lat="54.299130000000005" lon="22.835">
    <ele>232.91</ele>
   </trkpt>
   <trkpt lat="54.29872" lon="22.834480000000003">
    <ele>232.12</ele>
   </trkpt>
   <trkpt lat="54.29860000000001" lon="22.834290000000003">
    <ele>232.11</ele>
   </trkpt>
   <trkpt lat="54.298390000000005" lon="22.83386">
    <ele>231.86</ele>
   </trkpt>
   <trkpt lat="54.298100000000005" lon="22.833360000000003">
    <ele>231.87</ele>
   </trkpt>
   <trkpt lat="54.29791" lon="22.83294">
    <ele>232.20000000000002</ele>
   </trkpt>
   <trkpt lat="54.29782" lon="22.83282">
    <ele>232.9</ele>
   </trkpt>
   <trkpt lat="54.2976" lon="22.83264">
    <ele>235.15000000000003</ele>
   </trkpt>
   <trkpt lat="54.297760000000004" lon="22.83209">
    <ele>238.13</ele>
   </trkpt>
   <trkpt lat="54.29798" lon="22.830930000000002">
    <ele>245.91000000000003</ele>
   </trkpt>
   <trkpt lat="54.29827" lon="22.829700000000003">
    <ele>246.86</ele>
   </trkpt>
   <trkpt lat="54.29815000000001" lon="22.829500000000003">
    <ele>246.26</ele>
   </trkpt>
   <trkpt lat="54.298" lon="22.82935">
    <ele>245.48000000000002</ele>
   </trkpt>
   <trkpt lat="54.29782" lon="22.829330000000002">
    <ele>244.29</ele>
   </trkpt>
   <trkpt lat="54.297810000000005" lon="22.829330000000002">
    <ele>244.25000000000003</ele>
   </trkpt>
   <trkpt lat="54.29773" lon="22.829320000000003">
    <ele>243.85</ele>
   </trkpt>
   <trkpt lat="54.297560000000004" lon="22.82938">
    <ele>243.43</ele>
   </trkpt>
   <trkpt lat="54.297230000000006" lon="22.829420000000002">
    <ele>244.28000000000003</ele>
   </trkpt>
   <trkpt lat="54.297000000000004" lon="22.829390000000004">
    <ele>246.1</ele>
   </trkpt>
   <trkpt lat="54.29639" lon="22.829210000000003">
    <ele>248.63000000000002</ele>
   </trkpt>
   <trkpt lat="54.29612" lon="22.82908">
    <ele>247.24</ele>
   </trkpt>
   <trkpt lat="54.29598000000001" lon="22.82898">
    <ele>247.11</ele>
   </trkpt>
   <trkpt lat="54.295840000000005" lon="22.828840000000003">
    <ele>246.11</ele>
   </trkpt>
   <trkpt lat="54.29572" lon="22.82869">
    <ele>246.11</ele>
   </trkpt>
   <trkpt lat="54.29561" lon="22.828500000000002">
    <ele>245.91000000000003</ele>
   </trkpt>
   <trkpt lat="54.29522667276728" lon="22.827639983950554">
    <ele>247.05</ele>
   </trkpt>
   <trkpt lat="54.29484333941699" lon="22.826779983912743">
    <ele>247.83</ele>
   </trkpt>
   <trkpt lat="54.29446000000001" lon="22.825920000000004">
    <ele>248.46</ele>
   </trkpt>
   <trkpt lat="54.29433" lon="22.825670000000002">
    <ele>249.46</ele>
   </trkpt>
   <trkpt lat="54.29384" lon="22.82447">
    <ele>247.13000000000002</ele>
   </trkpt>
   <trkpt lat="54.293470000000006" lon="22.823430000000002">
    <ele>246.88000000000002</ele>
   </trkpt>
   <trkpt lat="54.29334000000001" lon="22.82299">
    <ele>247.27</ele>
   </trkpt>
   <trkpt lat="54.293240000000004" lon="22.822540000000004">
    <ele>248.26</ele>
   </trkpt>
   <trkpt lat="54.29316000000001" lon="22.822010000000002">
    <ele>250.34</ele>
   </trkpt>
   <trkpt lat="54.293130000000005" lon="22.8214">
    <ele>251.93000000000004</ele>
   </trkpt>
   <trkpt lat="54.29309000000001" lon="22.82112">
    <ele>252.71000000000004</ele>
   </trkpt>
   <trkpt lat="54.29281" lon="22.820420000000002">
    <ele>253.04999999999998</ele>
   </trkpt>
   <trkpt lat="54.292770000000004" lon="22.820300000000003">
    <ele>253.29000000000002</ele>
   </trkpt>
   <trkpt lat="54.29271000000001" lon="22.819940000000003">
    <ele>253.95000000000002</ele>
   </trkpt>
   <trkpt lat="54.29256" lon="22.818630000000002">
    <ele>256.18</ele>
   </trkpt>
   <trkpt lat="54.29256" lon="22.818610000000003">
    <ele>256.15999999999997</ele>
   </trkpt>
   <trkpt lat="54.29247500239396" lon="22.81784999847725">
    <ele>254.22</ele>
   </trkpt>
   <trkpt lat="54.292390000000005" lon="22.81709">
    <ele>250.64000000000001</ele>
   </trkpt>
   <trkpt lat="54.29236" lon="22.81642">
    <ele>249.99</ele>
   </trkpt>
   <trkpt lat="54.29238" lon="22.814960000000003">
    <ele>251.34</ele>
   </trkpt>
   <trkpt lat="54.29224000000001" lon="22.8137">
    <ele>251.14000000000001</ele>
   </trkpt>
   <trkpt lat="54.29227" lon="22.813560000000003">
    <ele>251.12</ele>
   </trkpt>
   <trkpt lat="54.29303333721355" lon="22.814243308017158">
    <ele>251.76999999999998</ele>
   </trkpt>
   <trkpt lat="54.29379667056493" lon="22.814926641366046">
    <ele>254.74</ele>
   </trkpt>
   <trkpt lat="54.294560000000004" lon="22.815610000000003">
    <ele>260.20000000000005</ele>
   </trkpt>
   <trkpt lat="54.294720000000005" lon="22.815720000000002">
    <ele>260.68</ele>
   </trkpt>
   <trkpt lat="54.29505500380985" lon="22.814755007969797">
    <ele>260.52000000000004</ele>
   </trkpt>
   <trkpt lat="54.295390000000005" lon="22.81379">
    <ele>259.65000000000003</ele>
   </trkpt>
   <trkpt lat="54.29545" lon="22.81349">
    <ele>259.05</ele>
   </trkpt>
   <trkpt lat="54.29552" lon="22.81323">
    <ele>258.93</ele>
   </trkpt>
   <trkpt lat="54.295750000000005" lon="22.812800000000003">
    <ele>258.75000000000006</ele>
   </trkpt>
   <trkpt lat="54.29592" lon="22.81239">
    <ele>258.27</ele>
   </trkpt>
   <trkpt lat="54.29607000000001" lon="22.811880000000002">
    <ele>258.74</ele>
   </trkpt>
   <trkpt lat="54.29616000000001" lon="22.811480000000003">
    <ele>259.62</ele>
   </trkpt>
   <trkpt lat="54.2965" lon="22.81051">
    <ele>263.68</ele>
   </trkpt>
   <trkpt lat="54.29675" lon="22.80996">
    <ele>263.0</ele>
   </trkpt>
   <trkpt lat="54.29722" lon="22.808660000000003">
    <ele>262.79</ele>
   </trkpt>
   <trkpt lat="54.297360000000005" lon="22.808230000000002">
    <ele>264.03000000000003</ele>
   </trkpt>
   <trkpt lat="54.297670000000004" lon="22.807550000000003">
    <ele>268.24</ele>
   </trkpt>
   <trkpt lat="54.297920000000005" lon="22.80713">
    <ele>269.57000000000005</ele>
   </trkpt>
   <trkpt lat="54.29831000000001" lon="22.80657">
    <ele>269.01000000000005</ele>
   </trkpt>
   <trkpt lat="54.29885" lon="22.805670000000003">
    <ele>269.29</ele>
   </trkpt>
   <trkpt lat="54.29941" lon="22.80489">
    <ele>269.02000000000004</ele>
   </trkpt>
   <trkpt lat="54.299730000000004" lon="22.804360000000003">
    <ele>269.81000000000006</ele>
   </trkpt>
   <trkpt lat="54.300340000000006" lon="22.80364">
    <ele>268.77</ele>
   </trkpt>
   <trkpt lat="54.30055" lon="22.803340000000002">
    <ele>267.07000000000005</ele>
   </trkpt>
   <trkpt lat="54.300900000000006" lon="22.802740000000004">
    <ele>266.11</ele>
   </trkpt>
   <trkpt lat="54.30145" lon="22.801660000000002">
    <ele>269.58000000000004</ele>
   </trkpt>
   <trkpt lat="54.30188000312685" lon="22.80077000960385">
    <ele>269.3</ele>
   </trkpt>
   <trkpt lat="54.302310000000006" lon="22.79988">
    <ele>266.49</ele>
   </trkpt>
   <trkpt lat="54.30263000000001" lon="22.79917">
    <ele>268.14000000000004</ele>
   </trkpt>
   <trkpt lat="54.30285000000001" lon="22.79887">
    <ele>268.66</ele>
   </trkpt>
   <trkpt lat="54.3034" lon="22.798360000000002">
    <ele>266.81000000000006</ele>
   </trkpt>
   <trkpt lat="54.304080000000006" lon="22.79756">
    <ele>265.36</ele>
   </trkpt>
   <trkpt lat="54.30425" lon="22.797300000000003">
    <ele>265.77</ele>
   </trkpt>
   <trkpt lat="54.30443" lon="22.79698">
    <ele>265.96000000000004</ele>
   </trkpt>
   <trkpt lat="54.304840000000006" lon="22.796360000000004">
    <ele>265.18</ele>
   </trkpt>
   <trkpt lat="54.305130000000005" lon="22.79604">
    <ele>264.34000000000003</ele>
   </trkpt>
   <trkpt lat="54.30547000000001" lon="22.79577">
    <ele>264.02000000000004</ele>
   </trkpt>
   <trkpt lat="54.30568" lon="22.79557">
    <ele>262.96000000000004</ele>
   </trkpt>
   <trkpt lat="54.30599" lon="22.795170000000002">
    <ele>263.01</ele>
   </trkpt>
   <trkpt lat="54.306090000000005" lon="22.795050000000003">
    <ele>263.13000000000005</ele>
   </trkpt>
   <trkpt lat="54.306540000000005" lon="22.79463">
    <ele>264.24</ele>
   </trkpt>
   <trkpt lat="54.306720000000006" lon="22.794410000000003">
    <ele>263.92</ele>
   </trkpt>
   <trkpt lat="54.306940000000004" lon="22.79399">
    <ele>262.52000000000004</ele>
   </trkpt>
   <trkpt lat="54.30711" lon="22.793740000000003">
    <ele>262.16</ele>
   </trkpt>
   <trkpt lat="54.307320000000004" lon="22.79354">
    <ele>261.92</ele>
   </trkpt>
   <trkpt lat="54.30758" lon="22.79335">
    <ele>261.79</ele>
   </trkpt>
   <trkpt lat="54.307680000000005" lon="22.79331">
    <ele>261.79</ele>
   </trkpt>
   <trkpt lat="54.30780000000001" lon="22.793300000000002">
    <ele>261.81000000000006</ele>
   </trkpt>
   <trkpt lat="54.30819" lon="22.79333">
    <ele>262.85</ele>
   </trkpt>
   <trkpt lat="54.30845000000001" lon="22.793300000000002">
    <ele>264.40000000000003</ele>
   </trkpt>
   <trkpt lat="54.30861" lon="22.79331">
    <ele>265.13000000000005</ele>
   </trkpt>
   <trkpt lat="54.308820000000004" lon="22.793390000000002">
    <ele>265.95</ele>
   </trkpt>
   <trkpt lat="54.30899" lon="22.7935">
    <ele>266.64000000000004</ele>
   </trkpt>
   <trkpt lat="54.309160000000006" lon="22.793670000000002">
    <ele>268.21</ele>
   </trkpt>
   <trkpt lat="54.30930000000001" lon="22.79388">
    <ele>269.52000000000004</ele>
   </trkpt>
   <trkpt lat="54.309470000000005" lon="22.794310000000003">
    <ele>271.57000000000005</ele>
   </trkpt>
   <trkpt lat="54.30962" lon="22.79456">
    <ele>272.52000000000004</ele>
   </trkpt>
   <trkpt lat="54.30978" lon="22.794780000000003">
    <ele>272.87</ele>
   </trkpt>
   <trkpt lat="54.30989" lon="22.795050000000003">
    <ele>272.72</ele>
   </trkpt>
   <trkpt lat="54.310100000000006" lon="22.7954">
    <ele>272.25000000000006</ele>
   </trkpt>
   <trkpt lat="54.31022" lon="22.795520000000003">
    <ele>271.94</ele>
   </trkpt>
   <trkpt lat="54.310410000000005" lon="22.79559">
    <ele>271.41</ele>
   </trkpt>
   <trkpt lat="54.31053000000001" lon="22.79559">
    <ele>271.07000000000005</ele>
   </trkpt>
   <trkpt lat="54.31121" lon="22.79548">
    <ele>269.19000000000005</ele>
   </trkpt>
   <trkpt lat="54.311510000000006" lon="22.79541">
    <ele>268.35</ele>
   </trkpt>
   <trkpt lat="54.3121" lon="22.795160000000003">
    <ele>265.57000000000005</ele>
   </trkpt>
   <trkpt lat="54.312630000000006" lon="22.795060000000003">
    <ele>263.75000000000006</ele>
   </trkpt>
   <trkpt lat="54.312810000000006" lon="22.795050000000003">
    <ele>263.61</ele>
   </trkpt>
   <trkpt lat="54.313030000000005" lon="22.795080000000002">
    <ele>263.47</ele>
   </trkpt>
   <trkpt lat="54.31391000000001" lon="22.79531">
    <ele>262.09000000000003</ele>
   </trkpt>
   <trkpt lat="54.31432" lon="22.79539">
    <ele>261.71</ele>
   </trkpt>
   <trkpt lat="54.31480500007369" lon="22.79536000034927">
    <ele>262.13000000000005</ele>
   </trkpt>
   <trkpt lat="54.315290000000005" lon="22.795330000000003">
    <ele>262.76000000000005</ele>
   </trkpt>
   <trkpt lat="54.31606500011138" lon="22.7954199983139">
    <ele>263.3</ele>
   </trkpt>
   <trkpt lat="54.316840000000006" lon="22.79551">
    <ele>262.5</ele>
   </trkpt>
   <trkpt lat="54.31758000000001" lon="22.795560000000002">
    <ele>261.02000000000004</ele>
   </trkpt>
   <trkpt lat="54.31833" lon="22.79567">
    <ele>261.03000000000003</ele>
   </trkpt>
   <trkpt lat="54.318490000000004" lon="22.794210000000003">
    <ele>260.73</ele>
   </trkpt>
   <trkpt lat="54.31862000262031" lon="22.793415002467984">
    <ele>260.89</ele>
   </trkpt>
   <trkpt lat="54.31875" lon="22.792620000000003">
    <ele>262.06</ele>
   </trkpt>
   <trkpt lat="54.318850000000005" lon="22.79181">
    <ele>265.37</ele>
   </trkpt>
   <trkpt lat="54.31893" lon="22.791010000000004">
    <ele>265.08000000000004</ele>
   </trkpt>
   <trkpt lat="54.31895" lon="22.79023">
    <ele>260.82</ele>
   </trkpt>
   <trkpt lat="54.31898" lon="22.789790000000004">
    <ele>258.58000000000004</ele>
   </trkpt>
   <trkpt lat="54.31902" lon="22.789460000000002">
    <ele>257.54</ele>
   </trkpt>
   <trkpt lat="54.31918" lon="22.788710000000002">
    <ele>255.84</ele>
   </trkpt>
   <trkpt lat="54.319230000000005" lon="22.787260000000003">
    <ele>254.95000000000002</ele>
   </trkpt>
   <trkpt lat="54.31922" lon="22.786980000000003">
    <ele>255.02</ele>
   </trkpt>
   <trkpt lat="54.31917000000001" lon="22.786730000000002">
    <ele>255.0</ele>
   </trkpt>
   <trkpt lat="54.318900000000006" lon="22.786160000000002">
    <ele>254.54999999999998</ele>
   </trkpt>
   <trkpt lat="54.318850000000005" lon="22.785960000000003">
    <ele>254.54999999999998</ele>
   </trkpt>
   <trkpt lat="54.31879000000001" lon="22.785420000000002">
    <ele>254.85000000000002</ele>
   </trkpt>
   <trkpt lat="54.31871" lon="22.78424">
    <ele>256.05</ele>
   </trkpt>
   <trkpt lat="54.31870000000001" lon="22.783880000000003">
    <ele>256.05</ele>
   </trkpt>
   <trkpt lat="54.318740000000005" lon="22.782940000000004">
    <ele>256.33</ele>
   </trkpt>
   <trkpt lat="54.31879000000001" lon="22.782120000000003">
    <ele>257.40000000000003</ele>
   </trkpt>
   <trkpt lat="54.318850000000005" lon="22.78187">
    <ele>258.23</ele>
   </trkpt>
   <trkpt lat="54.318960000000004" lon="22.781560000000002">
    <ele>258.89</ele>
   </trkpt>
   <trkpt lat="54.31933000000001" lon="22.78065">
    <ele>257.46000000000004</ele>
   </trkpt>
   <trkpt lat="54.319390000000006" lon="22.780420000000003">
    <ele>255.76999999999998</ele>
   </trkpt>
   <trkpt lat="54.319410000000005" lon="22.7802">
    <ele>254.65000000000003</ele>
   </trkpt>
   <trkpt lat="54.31938" lon="22.77925">
    <ele>255.60999999999999</ele>
   </trkpt>
   <trkpt lat="54.319390000000006" lon="22.77886">
    <ele>257.76000000000005</ele>
   </trkpt>
   <trkpt lat="54.31951" lon="22.777790000000003">
    <ele>259.15000000000003</ele>
   </trkpt>
   <trkpt lat="54.31874000052179" lon="22.77754665756875">
    <ele>255.62</ele>
   </trkpt>
   <trkpt lat="54.317970000553956" lon="22.77730332424578">
    <ele>256.39</ele>
   </trkpt>
   <trkpt lat="54.31720000000001" lon="22.777060000000002">
    <ele>259.11</ele>
   </trkpt>
   <trkpt lat="54.31700000000001" lon="22.776940000000003">
    <ele>260.02000000000004</ele>
   </trkpt>
   <trkpt lat="54.316930000000006" lon="22.776870000000002">
    <ele>261.95</ele>
   </trkpt>
   <trkpt lat="54.316810000000004" lon="22.776660000000003">
    <ele>262.55</ele>
   </trkpt>
   <trkpt lat="54.31633000000001" lon="22.775630000000003">
    <ele>262.42</ele>
   </trkpt>
   <trkpt lat="54.31618" lon="22.775170000000003">
    <ele>262.01</ele>
   </trkpt>
   <trkpt lat="54.315960000000004" lon="22.77428">
    <ele>260.8</ele>
   </trkpt>
   <trkpt lat="54.31566" lon="22.773460000000004">
    <ele>259.82</ele>
   </trkpt>
   <trkpt lat="54.315560000000005" lon="22.773090000000003">
    <ele>259.31000000000006</ele>
   </trkpt>
   <trkpt lat="54.31548000000001" lon="22.772360000000003">
    <ele>259.42</ele>
   </trkpt>
   <trkpt lat="54.315490000000004" lon="22.771700000000003">
    <ele>259.24</ele>
   </trkpt>
   <trkpt lat="54.315560000000005" lon="22.771210000000004">
    <ele>259.78000000000003</ele>
   </trkpt>
   <trkpt lat="54.315580000000004" lon="22.77064">
    <ele>261.17</ele>
   </trkpt>
   <trkpt lat="54.31553" lon="22.770370000000003">
    <ele>261.46000000000004</ele>
   </trkpt>
   <trkpt lat="54.31533" lon="22.76989">
    <ele>260.99</ele>
   </trkpt>
   <trkpt lat="54.31492000000001" lon="22.769050000000004">
    <ele>259.82</ele>
   </trkpt>
   <trkpt lat="54.31481" lon="22.76876">
    <ele>259.88</ele>
   </trkpt>
   <trkpt lat="54.314780000000006" lon="22.76846">
    <ele>260.27</ele>
   </trkpt>
   <trkpt lat="54.314840000000004" lon="22.767850000000003">
    <ele>260.09999999999997</ele>
   </trkpt>
   <trkpt lat="54.31501000476662" lon="22.766780004214084">
    <ele>258.42</ele>
   </trkpt>
   <trkpt lat="54.315180000000005" lon="22.765710000000002">
    <ele>258.41</ele>
   </trkpt>
   <trkpt lat="54.315385004384744" lon="22.764680005140224">
    <ele>257.5</ele>
   </trkpt>
   <trkpt lat="54.31559000000001" lon="22.763650000000002">
    <ele>257.32000000000005</ele>
   </trkpt>
   <trkpt lat="54.31575" lon="22.76292">
    <ele>257.78000000000003</ele>
   </trkpt>
   <trkpt lat="54.31591" lon="22.762210000000003">
    <ele>257.75000000000006</ele>
   </trkpt>
   <trkpt lat="54.31603000698719" lon="22.760910003795175">
    <ele>253.57000000000002</ele>
   </trkpt>
   <trkpt lat="54.31615000000001" lon="22.759610000000002">
    <ele>256.04</ele>
   </trkpt>
   <trkpt lat="54.31625500253707" lon="22.7588300018303">
    <ele>256.89</ele>
   </trkpt>
   <trkpt lat="54.31636" lon="22.75805">
    <ele>256.20000000000005</ele>
   </trkpt>
   <trkpt lat="54.31644000000001" lon="22.757700000000003">
    <ele>256.24</ele>
   </trkpt>
   <trkpt lat="54.316810000000004" lon="22.756410000000002">
    <ele>255.70000000000005</ele>
   </trkpt>
   <trkpt lat="54.317150000000005" lon="22.75534">
    <ele>255.52</ele>
   </trkpt>
   <trkpt lat="54.317260000000005" lon="22.755080000000003">
    <ele>255.98999999999998</ele>
   </trkpt>
   <trkpt lat="54.31727000000001" lon="22.754810000000003">
    <ele>256.01</ele>
   </trkpt>
   <trkpt lat="54.316720000000004" lon="22.75393">
    <ele>259.05</ele>
   </trkpt>
   <trkpt lat="54.316520000000004" lon="22.75363">
    <ele>260.71</ele>
   </trkpt>
   <trkpt lat="54.31642000000001" lon="22.75353">
    <ele>261.32</ele>
   </trkpt>
   <trkpt lat="54.31671500673801" lon="22.75225000933388">
    <ele>265.86</ele>
   </trkpt>
   <trkpt lat="54.31701" lon="22.750970000000002">
    <ele>265.13000000000005</ele>
   </trkpt>
   <trkpt lat="54.31707" lon="22.75055">
    <ele>265.13000000000005</ele>
   </trkpt>
   <trkpt lat="54.317080000000004" lon="22.75026">
    <ele>264.35</ele>
   </trkpt>
   <trkpt lat="54.316390000220565" lon="22.75009499725887">
    <ele>259.82</ele>
   </trkpt>
   <trkpt lat="54.31570000000001" lon="22.749930000000003">
    <ele>258.48</ele>
   </trkpt>
   <trkpt lat="54.3156" lon="22.74986">
    <ele>258.48</ele>
   </trkpt>
   <trkpt lat="54.315540000000006" lon="22.749840000000003">
    <ele>258.48</ele>
   </trkpt>
   <trkpt lat="54.315560000000005" lon="22.749630000000003">
    <ele>258.48</ele>
   </trkpt>
   <trkpt lat="54.31566" lon="22.749450000000003">
    <ele>258.21</ele>
   </trkpt>
   <trkpt lat="54.31542" lon="22.74943">
    <ele>258.21</ele>
   </trkpt>
   <trkpt lat="54.31472666686559" lon="22.749286661842522">
    <ele>258.32</ele>
   </trkpt>
   <trkpt lat="54.31403333356129" lon="22.74914332851528">
    <ele>258.61</ele>
   </trkpt>
   <trkpt lat="54.313340000000004" lon="22.749000000000002">
    <ele>258.82</ele>
   </trkpt>
   <trkpt lat="54.31315000000001" lon="22.74896">
    <ele>258.8</ele>
   </trkpt>
   <trkpt lat="54.31291" lon="22.748910000000002">
    <ele>258.82</ele>
   </trkpt>
   <trkpt lat="54.31240500006189" lon="22.748839999146767">
    <ele>259.07</ele>
   </trkpt>
   <trkpt lat="54.3119" lon="22.74877">
    <ele>259.09999999999997</ele>
   </trkpt>
   <trkpt lat="54.31119" lon="22.748620000000003">
    <ele>259.14000000000004</ele>
   </trkpt>
   <trkpt lat="54.31067" lon="22.74846">
    <ele>259.33</ele>
   </trkpt>
   <trkpt lat="54.31011" lon="22.748240000000003">
    <ele>259.31000000000006</ele>
   </trkpt>
   <trkpt lat="54.30979000000001" lon="22.748060000000002">
    <ele>259.31000000000006</ele>
   </trkpt>
   <trkpt lat="54.309140000000006" lon="22.74763">
    <ele>259.33</ele>
   </trkpt>
   <trkpt lat="54.308550000752035" lon="22.747184993570578">
    <ele>259.47</ele>
   </trkpt>
   <trkpt lat="54.30796" lon="22.746740000000003">
    <ele>259.28000000000003</ele>
   </trkpt>
   <trkpt lat="54.307680000000005" lon="22.746480000000002">
    <ele>259.18</ele>
   </trkpt>
   <trkpt lat="54.30745" lon="22.7462">
    <ele>259.18</ele>
   </trkpt>
   <trkpt lat="54.30694333762699" lon="22.745483315754814">
    <ele>258.99</ele>
   </trkpt>
   <trkpt lat="54.30643667100623" lon="22.74476664915336">
    <ele>258.70000000000005</ele>
   </trkpt>
   <trkpt lat="54.305930000000004" lon="22.74405">
    <ele>258.61</ele>
   </trkpt>
   <trkpt lat="54.30556000000001" lon="22.74349">
    <ele>258.31000000000006</ele>
   </trkpt>
   <trkpt lat="54.304950003056845" lon="22.742624987128924">
    <ele>258.14000000000004</ele>
   </trkpt>
   <trkpt lat="54.30434" lon="22.741760000000003">
    <ele>257.82</ele>
   </trkpt>
   <trkpt lat="54.303940000000004" lon="22.741220000000002">
    <ele>257.53000000000003</ele>
   </trkpt>
   <trkpt lat="54.30366000000001" lon="22.74078">
    <ele>257.76000000000005</ele>
   </trkpt>
   <trkpt lat="54.30304" lon="22.739980000000003">
    <ele>258.47</ele>
   </trkpt>
   <trkpt lat="54.302440000000004" lon="22.73937">
    <ele>259.15000000000003</ele>
   </trkpt>
   <trkpt lat="54.30201" lon="22.739020000000004">
    <ele>259.28000000000003</ele>
   </trkpt>
   <trkpt lat="54.301610000000004" lon="22.73872">
    <ele>259.81000000000006</ele>
   </trkpt>
   <trkpt lat="54.301120000000004" lon="22.73842">
    <ele>260.47</ele>
   </trkpt>
   <trkpt lat="54.300665003648724" lon="22.73749499000159">
    <ele>262.02000000000004</ele>
   </trkpt>
   <trkpt lat="54.30021000000001" lon="22.73657">
    <ele>262.20000000000005</ele>
   </trkpt>
   <trkpt lat="54.2997" lon="22.735780000000002">
    <ele>261.5</ele>
   </trkpt>
   <trkpt lat="54.29914000530595" lon="22.734979978255836">
    <ele>260.94</ele>
   </trkpt>
   <trkpt lat="54.29858000531837" lon="22.73417997827397">
    <ele>260.25000000000006</ele>
   </trkpt>
   <trkpt lat="54.29802" lon="22.73338">
    <ele>258.63</ele>
   </trkpt>
   <trkpt lat="54.29769" lon="22.73298">
    <ele>258.29</ele>
   </trkpt>
   <trkpt lat="54.29735" lon="22.7326">
    <ele>258.72</ele>
   </trkpt>
   <trkpt lat="54.29668200669046" lon="22.731963958728194">
    <ele>261.93</ele>
   </trkpt>
   <trkpt lat="54.29601401003493" lon="22.731327938092832">
    <ele>263.86</ele>
   </trkpt>
   <trkpt lat="54.29534601003364" lon="22.730691938092843">
    <ele>264.43</ele>
   </trkpt>
   <trkpt lat="54.29467800668673" lon="22.730055958727153">
    <ele>265.35</ele>
   </trkpt>
   <trkpt lat="54.29401000000001" lon="22.72942">
    <ele>266.13000000000005</ele>
   </trkpt>
   <trkpt lat="54.293800000000005" lon="22.72915">
    <ele>266.35</ele>
   </trkpt>
   <trkpt lat="54.293620000000004" lon="22.72887">
    <ele>267.06</ele>
   </trkpt>
   <trkpt lat="54.29343000000001" lon="22.7285">
    <ele>267.28000000000003</ele>
   </trkpt>
   <trkpt lat="54.29328" lon="22.728050000000003">
    <ele>267.28000000000003</ele>
   </trkpt>
   <trkpt lat="54.29307000000001" lon="22.727">
    <ele>265.56</ele>
   </trkpt>
   <trkpt lat="54.29279251854117" lon="22.725777475279404">
    <ele>262.41</ele>
   </trkpt>
   <trkpt lat="54.292515024720146" lon="22.72455496703359">
    <ele>259.41</ele>
   </trkpt>
   <trkpt lat="54.29223751853721" lon="22.7233324752629">
    <ele>259.51</ele>
   </trkpt>
   <trkpt lat="54.29196" lon="22.72211">
    <ele>257.59000000000003</ele>
   </trkpt>
   <trkpt lat="54.29162" lon="22.721220000000002">
    <ele>258.95</ele>
   </trkpt>
   <trkpt lat="54.29151" lon="22.72088">
    <ele>260.20000000000005</ele>
   </trkpt>
   <trkpt lat="54.291410000000006" lon="22.72049">
    <ele>259.94</ele>
   </trkpt>
   <trkpt lat="54.29126000266889" lon="22.719684997007747">
    <ele>256.77</ele>
   </trkpt>
   <trkpt lat="54.29111" lon="22.718880000000002">
    <ele>254.59000000000003</ele>
   </trkpt>
   <trkpt lat="54.29101000000001" lon="22.717950000000002">
    <ele>253.66</ele>
   </trkpt>
   <trkpt lat="54.291030000000006" lon="22.717720000000003">
    <ele>253.62</ele>
   </trkpt>
   <trkpt lat="54.291090000000004" lon="22.7176">
    <ele>253.72</ele>
   </trkpt>
   <trkpt lat="54.29117" lon="22.717560000000002">
    <ele>253.72</ele>
   </trkpt>
   <trkpt lat="54.29131" lon="22.71752">
    <ele>253.97000000000003</ele>
   </trkpt>
   <trkpt lat="54.291900000000005" lon="22.717250000000003">
    <ele>255.26000000000005</ele>
   </trkpt>
   <trkpt lat="54.29207" lon="22.71711">
    <ele>255.64000000000001</ele>
   </trkpt>
   <trkpt lat="54.292120000000004" lon="22.71693">
    <ele>255.78</ele>
   </trkpt>
   <trkpt lat="54.292190000000005" lon="22.7164">
    <ele>257.75000000000006</ele>
   </trkpt>
   <trkpt lat="54.292280000000005" lon="22.715870000000002">
    <ele>259.18</ele>
   </trkpt>
   <trkpt lat="54.292280000000005" lon="22.71563">
    <ele>259.57</ele>
   </trkpt>
   <trkpt lat="54.29224000000001" lon="22.715290000000003">
    <ele>259.76000000000005</ele>
   </trkpt>
   <trkpt lat="54.29198" lon="22.714160000000003">
    <ele>255.72</ele>
   </trkpt>
   <trkpt lat="54.29171" lon="22.712860000000003">
    <ele>250.64000000000001</ele>
   </trkpt>
   <trkpt lat="54.29167" lon="22.712570000000003">
    <ele>250.04999999999998</ele>
   </trkpt>
   <trkpt lat="54.29179335211458" lon="22.71106334230493">
    <ele>249.88000000000002</ele>
   </trkpt>
   <trkpt lat="54.291916685452314" lon="22.70955667558511">
    <ele>244.09000000000003</ele>
   </trkpt>
   <trkpt lat="54.29204000000001" lon="22.708050000000004">
    <ele>244.46</ele>
   </trkpt>
   <trkpt lat="54.292030000000004" lon="22.707780000000003">
    <ele>244.62000000000003</ele>
   </trkpt>
   <trkpt lat="54.29182" lon="22.70672">
    <ele>246.79</ele>
   </trkpt>
   <trkpt lat="54.29182" lon="22.70652">
    <ele>248.01</ele>
   </trkpt>
   <trkpt lat="54.291880000000006" lon="22.70615">
    <ele>248.47000000000003</ele>
   </trkpt>
   <trkpt lat="54.29189" lon="22.705720000000003">
    <ele>247.59000000000003</ele>
   </trkpt>
   <trkpt lat="54.29186000000001" lon="22.70513">
    <ele>245.05</ele>
   </trkpt>
   <trkpt lat="54.29193000000001" lon="22.70419">
    <ele>243.90000000000003</ele>
   </trkpt>
   <trkpt lat="54.29191" lon="22.703780000000002">
    <ele>244.14000000000001</ele>
   </trkpt>
   <trkpt lat="54.29175000775863" lon="22.702409994644132">
    <ele>244.04</ele>
   </trkpt>
   <trkpt lat="54.29159000000001" lon="22.701040000000003">
    <ele>243.61</ele>
   </trkpt>
   <trkpt lat="54.29144" lon="22.69997">
    <ele>243.42000000000002</ele>
   </trkpt>
   <trkpt lat="54.291277525367136" lon="22.698539983028056">
    <ele>243.26000000000002</ele>
   </trkpt>
   <trkpt lat="54.29111503381923" lon="22.697109977339633">
    <ele>243.37000000000003</ele>
   </trkpt>
   <trkpt lat="54.290952525356516" lon="22.695679982935747">
    <ele>243.13</ele>
   </trkpt>
   <trkpt lat="54.29079" lon="22.69425">
    <ele>242.72000000000003</ele>
   </trkpt>
   <trkpt lat="54.29064" lon="22.69385">
    <ele>241.23000000000002</ele>
   </trkpt>
   <trkpt lat="54.29059" lon="22.693260000000002">
    <ele>237.88</ele>
   </trkpt>
   <trkpt lat="54.290600000000005" lon="22.69272">
    <ele>237.99</ele>
   </trkpt>
   <trkpt lat="54.29057" lon="22.69263">
    <ele>238.07000000000002</ele>
   </trkpt>
   <trkpt lat="54.29028" lon="22.692050000000002">
    <ele>239.34000000000003</ele>
   </trkpt>
   <trkpt lat="54.290130000000005" lon="22.69168">
    <ele>239.59000000000003</ele>
   </trkpt>
   <trkpt lat="54.28996000000001" lon="22.69095">
    <ele>240.6</ele>
   </trkpt>
   <trkpt lat="54.2899" lon="22.69055">
    <ele>241.88</ele>
   </trkpt>
   <trkpt lat="54.2897740248636" lon="22.68932398496922">
    <ele>243.82</ele>
   </trkpt>
   <trkpt lat="54.289648037293766" lon="22.688097977438662">
    <ele>245.84000000000003</ele>
   </trkpt>
   <trkpt lat="54.289522037290645" lon="22.686871977408973">
    <ele>247.8</ele>
   </trkpt>
   <trkpt lat="54.28939602485437" lon="22.68564598488082">
    <ele>249.45000000000002</ele>
   </trkpt>
   <trkpt lat="54.28927" lon="22.684420000000003">
    <ele>250.20000000000002</ele>
   </trkpt>
   <trkpt lat="54.2892" lon="22.683940000000003">
    <ele>250.64000000000001</ele>
   </trkpt>
   <trkpt lat="54.289080000000006" lon="22.683370000000004">
    <ele>251.14000000000001</ele>
   </trkpt>
   <trkpt lat="54.288920000000005" lon="22.682810000000003">
    <ele>251.42000000000002</ele>
   </trkpt>
   <trkpt lat="54.28871" lon="22.682350000000003">
    <ele>251.09000000000003</ele>
   </trkpt>
   <trkpt lat="54.28835" lon="22.681700000000003">
    <ele>249.86</ele>
   </trkpt>
   <trkpt lat="54.28815" lon="22.68145">
    <ele>249.49</ele>
   </trkpt>
   <trkpt lat="54.28743500259687" lon="22.680644985932563">
    <ele>246.00000000000003</ele>
   </trkpt>
   <trkpt lat="54.28672" lon="22.679840000000002">
    <ele>245.25000000000003</ele>
   </trkpt>
   <trkpt lat="54.28663" lon="22.67967">
    <ele>245.05</ele>
   </trkpt>
   <trkpt lat="54.28651000000001" lon="22.679250000000003">
    <ele>243.82</ele>
   </trkpt>
   <trkpt lat="54.28640000000001" lon="22.67939">
    <ele>243.37000000000003</ele>
   </trkpt>
   <trkpt lat="54.286280000000005" lon="22.67977">
    <ele>242.87000000000003</ele>
   </trkpt>
   <trkpt lat="54.28604000000001" lon="22.680390000000003">
    <ele>242.02</ele>
   </trkpt>
   <trkpt lat="54.28577000000001" lon="22.680930000000004">
    <ele>239.19</ele>
   </trkpt>
   <trkpt lat="54.285430000000005" lon="22.681520000000003">
    <ele>238.03</ele>
   </trkpt>
   <trkpt lat="54.28538" lon="22.681690000000003">
    <ele>238.03</ele>
   </trkpt>
   <trkpt lat="54.2854" lon="22.682930000000002">
    <ele>236.98000000000002</ele>
   </trkpt>
   <trkpt lat="54.28535" lon="22.683220000000002">
    <ele>237.01000000000002</ele>
   </trkpt>
   <trkpt lat="54.28529" lon="22.683410000000002">
    <ele>237.08</ele>
   </trkpt>
   <trkpt lat="54.28493" lon="22.683980000000002">
    <ele>238.61</ele>
   </trkpt>
   <trkpt lat="54.28483000000001" lon="22.684250000000002">
    <ele>239.99</ele>
   </trkpt>
   <trkpt lat="54.28472000000001" lon="22.684810000000002">
    <ele>242.67000000000002</ele>
   </trkpt>
   <trkpt lat="54.28445000390773" lon="22.685790006657882">
    <ele>244.64000000000001</ele>
   </trkpt>
   <trkpt lat="54.284180000000006" lon="22.686770000000003">
    <ele>244.85</ele>
   </trkpt>
   <trkpt lat="54.283910000000006" lon="22.68748">
    <ele>243.98000000000002</ele>
   </trkpt>
   <trkpt lat="54.28378000000001" lon="22.68767">
    <ele>243.43</ele>
   </trkpt>
   <trkpt lat="54.283640000000005" lon="22.687810000000002">
    <ele>242.79000000000002</ele>
   </trkpt>
   <trkpt lat="54.283120000000004" lon="22.68815">
    <ele>239.07000000000002</ele>
   </trkpt>
   <trkpt lat="54.28296" lon="22.68831">
    <ele>236.54000000000002</ele>
   </trkpt>
   <trkpt lat="54.282790000000006" lon="22.688630000000003">
    <ele>233.02000000000004</ele>
   </trkpt>
   <trkpt lat="54.2826" lon="22.68887">
    <ele>229.58</ele>
   </trkpt>
   <trkpt lat="54.28218500056619" lon="22.689300004537287">
    <ele>223.19000000000003</ele>
   </trkpt>
   <trkpt lat="54.28177" lon="22.68973">
    <ele>220.08</ele>
   </trkpt>
   <trkpt lat="54.281560000000006" lon="22.69">
    <ele>218.62</ele>
   </trkpt>
   <trkpt lat="54.281400000000005" lon="22.69037">
    <ele>217.09</ele>
   </trkpt>
   <trkpt lat="54.28125000000001" lon="22.690910000000002">
    <ele>215.58</ele>
   </trkpt>
   <trkpt lat="54.28117" lon="22.69132">
    <ele>213.74</ele>
   </trkpt>
   <trkpt lat="54.281020000000005" lon="22.69172">
    <ele>212.26</ele>
   </trkpt>
   <trkpt lat="54.28083" lon="22.692050000000002">
    <ele>211.51</ele>
   </trkpt>
   <trkpt lat="54.280680000000004" lon="22.69219">
    <ele>211.55</ele>
   </trkpt>
   <trkpt lat="54.28060000000001" lon="22.69226">
    <ele>212.42000000000002</ele>
   </trkpt>
   <trkpt lat="54.280280000000005" lon="22.69235">
    <ele>212.83</ele>
   </trkpt>
   <trkpt lat="54.28011000000001" lon="22.692290000000003">
    <ele>212.70000000000002</ele>
   </trkpt>
   <trkpt lat="54.27989" lon="22.69206">
    <ele>211.01000000000002</ele>
   </trkpt>
   <trkpt lat="54.279790000000006" lon="22.691930000000003">
    <ele>209.28000000000003</ele>
   </trkpt>
   <trkpt lat="54.27962" lon="22.691630000000004">
    <ele>208.22</ele>
   </trkpt>
   <trkpt lat="54.279540000000004" lon="22.691390000000002">
    <ele>208.44</ele>
   </trkpt>
   <trkpt lat="54.2791800069109" lon="22.690094988591717">
    <ele>216.55</ele>
   </trkpt>
   <trkpt lat="54.27882" lon="22.6888">
    <ele>219.3</ele>
   </trkpt>
   <trkpt lat="54.27854000000001" lon="22.68805">
    <ele>220.72000000000003</ele>
   </trkpt>
   <trkpt lat="54.27855" lon="22.68806">
    <ele>220.73000000000002</ele>
   </trkpt>
   <trkpt lat="54.278310000000005" lon="22.6874">
    <ele>219.39000000000001</ele>
   </trkpt>
   <trkpt lat="54.278130000000004" lon="22.686980000000002">
    <ele>217.05</ele>
   </trkpt>
   <trkpt lat="54.27808" lon="22.686660000000003">
    <ele>216.41000000000003</ele>
   </trkpt>
   <trkpt lat="54.27806" lon="22.68627">
    <ele>214.70000000000002</ele>
   </trkpt>
   <trkpt lat="54.27808" lon="22.68568">
    <ele>212.50000000000003</ele>
   </trkpt>
   <trkpt lat="54.277930000000005" lon="22.685180000000003">
    <ele>213.18</ele>
   </trkpt>
   <trkpt lat="54.277800000000006" lon="22.68467">
    <ele>212.86</ele>
   </trkpt>
   <trkpt lat="54.277550000000005" lon="22.685340000000004">
    <ele>212.86</ele>
   </trkpt>
   <trkpt lat="54.27729000000001" lon="22.68618">
    <ele>212.86</ele>
   </trkpt>
   <trkpt lat="54.27693000000001" lon="22.687220000000003">
    <ele>212.86</ele>
   </trkpt>
   <trkpt lat="54.27666000000001" lon="22.687900000000003">
    <ele>212.86</ele>
   </trkpt>
   <trkpt lat="54.276435002830965" lon="22.688725004447864">
    <ele>229.54000000000002</ele>
   </trkpt>
   <trkpt lat="54.276210000000006" lon="22.68955">
    <ele>229.54000000000002</ele>
   </trkpt>
   <trkpt lat="54.276140000000005" lon="22.68991">
    <ele>229.54000000000002</ele>
   </trkpt>
   <trkpt lat="54.27588000000001" lon="22.690700000000003">
    <ele>229.54000000000002</ele>
   </trkpt>
   <trkpt lat="54.27564500281723" lon="22.691535004999583">
    <ele>229.54000000000002</ele>
   </trkpt>
   <trkpt lat="54.27541000000001" lon="22.69237">
    <ele>229.54000000000002</ele>
   </trkpt>
   <trkpt lat="54.275310000000005" lon="22.692880000000002">
    <ele>229.54000000000002</ele>
   </trkpt>
   <trkpt lat="54.27526" lon="22.693">
    <ele>229.54000000000002</ele>
   </trkpt>
   <trkpt lat="54.275220000000004" lon="22.693040000000003">
    <ele>229.54000000000002</ele>
   </trkpt>
   <trkpt lat="54.27508" lon="22.69309">
    <ele>229.54000000000002</ele>
   </trkpt>
   <trkpt lat="54.274930000000005" lon="22.693080000000002">
    <ele>229.15</ele>
   </trkpt>
   <trkpt lat="54.274820000000005" lon="22.69303">
    <ele>229.15</ele>
   </trkpt>
   <trkpt lat="54.27459" lon="22.692760000000003">
    <ele>229.15</ele>
   </trkpt>
   <trkpt lat="54.27451000000001" lon="22.692690000000002">
    <ele>229.15</ele>
   </trkpt>
   <trkpt lat="54.274240000000006" lon="22.692700000000002">
    <ele>229.15</ele>
   </trkpt>
   <trkpt lat="54.27411000000001" lon="22.692680000000003">
    <ele>229.15</ele>
   </trkpt>
   <trkpt lat="54.274" lon="22.69264">
    <ele>229.15</ele>
   </trkpt>
   <trkpt lat="54.27389" lon="22.69264">
    <ele>229.15</ele>
   </trkpt>
   <trkpt lat="54.273610000000005" lon="22.69271">
    <ele>229.15</ele>
   </trkpt>
   <trkpt lat="54.27351" lon="22.692700000000002">
    <ele>229.15</ele>
   </trkpt>
   <trkpt lat="54.273" lon="22.69255">
    <ele>229.15</ele>
   </trkpt>
   <trkpt lat="54.272850000000005" lon="22.692490000000003">
    <ele>229.15</ele>
   </trkpt>
   <trkpt lat="54.27263000000001" lon="22.692290000000003">
    <ele>229.15</ele>
   </trkpt>
   <trkpt lat="54.272560000000006" lon="22.69226">
    <ele>229.15</ele>
   </trkpt>
   <trkpt lat="54.27244" lon="22.69234">
    <ele>229.15</ele>
   </trkpt>
   <trkpt lat="54.27234000000001" lon="22.69243">
    <ele>229.15</ele>
   </trkpt>
   <trkpt lat="54.272240000000004" lon="22.69256">
    <ele>229.15</ele>
   </trkpt>
   <trkpt lat="54.272130000000004" lon="22.69275">
    <ele>229.15</ele>
   </trkpt>
   <trkpt lat="54.271930000000005" lon="22.692970000000003">
    <ele>229.15</ele>
   </trkpt>
   <trkpt lat="54.271820000000005" lon="22.692970000000003">
    <ele>229.15</ele>
   </trkpt>
   <trkpt lat="54.27125" lon="22.692610000000002">
    <ele>229.15</ele>
   </trkpt>
   <trkpt lat="54.27078" lon="22.69228">
    <ele>229.15</ele>
   </trkpt>
   <trkpt lat="54.27056" lon="22.692030000000003">
    <ele>229.15</ele>
   </trkpt>
   <trkpt lat="54.27044000000001" lon="22.691930000000003">
    <ele>220.47000000000003</ele>
   </trkpt>
   <trkpt lat="54.27026000000001" lon="22.69189">
    <ele>220.47000000000003</ele>
   </trkpt>
   <trkpt lat="54.270070000000004" lon="22.6919">
    <ele>220.47000000000003</ele>
   </trkpt>
   <trkpt lat="54.269600000000004" lon="22.692050000000002">
    <ele>220.47000000000003</ele>
   </trkpt>
   <trkpt lat="54.269450000000006" lon="22.69206">
    <ele>220.47000000000003</ele>
   </trkpt>
   <trkpt lat="54.26915" lon="22.692030000000003">
    <ele>220.47000000000003</ele>
   </trkpt>
   <trkpt lat="54.269070000000006" lon="22.69206">
    <ele>220.47000000000003</ele>
   </trkpt>
   <trkpt lat="54.26901" lon="22.692110000000003">
    <ele>220.47000000000003</ele>
   </trkpt>
   <trkpt lat="54.2689" lon="22.69228">
    <ele>220.47000000000003</ele>
   </trkpt>
   <trkpt lat="54.26863000251718" lon="22.693055004983492">
    <ele>220.47000000000003</ele>
   </trkpt>
   <trkpt lat="54.26836" lon="22.693830000000002">
    <ele>220.47000000000003</ele>
   </trkpt>
   <trkpt lat="54.2683" lon="22.69395">
    <ele>220.47000000000003</ele>
   </trkpt>
   <trkpt lat="54.26821" lon="22.69404">
    <ele>220.47000000000003</ele>
   </trkpt>
   <trkpt lat="54.268130000000006" lon="22.69405">
    <ele>220.47000000000003</ele>
   </trkpt>
   <trkpt lat="54.268040000000006" lon="22.694020000000002">
    <ele>220.47000000000003</ele>
   </trkpt>
   <trkpt lat="54.267920000000004" lon="22.693910000000002">
    <ele>220.47000000000003</ele>
   </trkpt>
   <trkpt lat="54.26778" lon="22.693910000000002">
    <ele>220.47000000000003</ele>
   </trkpt>
   <trkpt lat="54.267680000000006" lon="22.693990000000003">
    <ele>220.47000000000003</ele>
   </trkpt>
   <trkpt lat="54.26747" lon="22.694360000000003">
    <ele>220.47000000000003</ele>
   </trkpt>
   <trkpt lat="54.26729" lon="22.69463">
    <ele>220.47000000000003</ele>
   </trkpt>
   <trkpt lat="54.267100000000006" lon="22.694750000000003">
    <ele>220.47000000000003</ele>
   </trkpt>
   <trkpt lat="54.26697000000001" lon="22.694750000000003">
    <ele>220.47000000000003</ele>
   </trkpt>
   <trkpt lat="54.266870000000004" lon="22.69469">
    <ele>220.47000000000003</ele>
   </trkpt>
   <trkpt lat="54.266780000000004" lon="22.6947">
    <ele>220.47000000000003</ele>
   </trkpt>
   <trkpt lat="54.26664" lon="22.6948">
    <ele>220.47000000000003</ele>
   </trkpt>
   <trkpt lat="54.266560000000005" lon="22.694820000000004">
    <ele>220.47000000000003</ele>
   </trkpt>
   <trkpt lat="54.266420000000004" lon="22.694750000000003">
    <ele>220.47000000000003</ele>
   </trkpt>
   <trkpt lat="54.26599" lon="22.69422">
    <ele>217.28000000000003</ele>
   </trkpt>
   <trkpt lat="54.26565000000001" lon="22.69385">
    <ele>215.84</ele>
   </trkpt>
   <trkpt lat="54.26540000000001" lon="22.693640000000002">
    <ele>215.84</ele>
   </trkpt>
   <trkpt lat="54.265240000000006" lon="22.69349">
    <ele>215.84</ele>
   </trkpt>
   <trkpt lat="54.265100000000004" lon="22.6934">
    <ele>215.84</ele>
   </trkpt>
   <trkpt lat="54.264700000000005" lon="22.6933">
    <ele>213.1</ele>
   </trkpt>
   <trkpt lat="54.26447" lon="22.693260000000002">
    <ele>213.1</ele>
   </trkpt>
   <trkpt lat="54.26431" lon="22.693600000000004">
    <ele>212.18</ele>
   </trkpt>
   <trkpt lat="54.26388000000001" lon="22.69487">
    <ele>213.38</ele>
   </trkpt>
   <trkpt lat="54.26346667806195" lon="22.696043356849984">
    <ele>213.98000000000002</ele>
   </trkpt>
   <trkpt lat="54.263053344732214" lon="22.697216690172638">
    <ele>222.01000000000002</ele>
   </trkpt>
   <trkpt lat="54.262640000000005" lon="22.698390000000003">
    <ele>225.32000000000002</ele>
   </trkpt>
   <trkpt lat="54.262480000000004" lon="22.698760000000004">
    <ele>223.13000000000002</ele>
   </trkpt>
   <trkpt lat="54.262550000000005" lon="22.69912">
    <ele>222.28</ele>
   </trkpt>
   <trkpt lat="54.262640000000005" lon="22.700170000000004">
    <ele>222.03</ele>
   </trkpt>
   <trkpt lat="54.26263" lon="22.700170000000004">
    <ele>222.03</ele>
   </trkpt>
   <trkpt lat="54.26268" lon="22.700650000000003">
    <ele>222.02</ele>
   </trkpt>
   <trkpt lat="54.262730000000005" lon="22.70089">
    <ele>221.94000000000003</ele>
   </trkpt>
   <trkpt lat="54.26288" lon="22.70118">
    <ele>221.03</ele>
   </trkpt>
   <trkpt lat="54.263020000000004" lon="22.70136">
    <ele>220.92</ele>
   </trkpt>
   <trkpt lat="54.26326" lon="22.70153">
    <ele>221.75000000000003</ele>
   </trkpt>
   <trkpt lat="54.26386" lon="22.70183">
    <ele>225.79000000000002</ele>
   </trkpt>
   <trkpt lat="54.264140000000005" lon="22.702">
    <ele>228.31</ele>
   </trkpt>
   <trkpt lat="54.26442" lon="22.70223">
    <ele>231.15</ele>
   </trkpt>
   <trkpt lat="54.26453000000001" lon="22.70239">
    <ele>234.15000000000003</ele>
   </trkpt>
   <trkpt lat="54.264630000000004" lon="22.702620000000003">
    <ele>235.10000000000002</ele>
   </trkpt>
   <trkpt lat="54.26469" lon="22.702840000000002">
    <ele>236.35000000000002</ele>
   </trkpt>
   <trkpt lat="54.264970006237306" lon="22.70406999155025">
    <ele>241.47</ele>
   </trkpt>
   <trkpt lat="54.26525" lon="22.7053">
    <ele>243.79</ele>
   </trkpt>
   <trkpt lat="54.26543" lon="22.705820000000003">
    <ele>241.74</ele>
   </trkpt>
   <trkpt lat="54.26594500512463" lon="22.706939985866594">
    <ele>235.69</ele>
   </trkpt>
   <trkpt lat="54.26646" lon="22.708060000000003">
    <ele>232.47</ele>
   </trkpt>
   <trkpt lat="54.26693751180676" lon="22.709034966134833">
    <ele>230.43</ele>
   </trkpt>
   <trkpt lat="54.26741501574835" lon="22.71000995485793">
    <ele>229.67000000000002</ele>
   </trkpt>
   <trkpt lat="54.26789251182449" lon="22.71098496616984">
    <ele>231.91000000000003</ele>
   </trkpt>
   <trkpt lat="54.268370000000004" lon="22.71196">
    <ele>230.25</ele>
   </trkpt>
   <trkpt lat="54.26886500468041" lon="22.713019987339102">
    <ele>227.01000000000002</ele>
   </trkpt>
   <trkpt lat="54.269360000000006" lon="22.714080000000003">
    <ele>227.81</ele>
   </trkpt>
   <trkpt lat="54.26950000000001" lon="22.71442">
    <ele>228.99</ele>
   </trkpt>
   <trkpt lat="54.26961000000001" lon="22.71478">
    <ele>230.42000000000002</ele>
   </trkpt>
   <trkpt lat="54.269850000000005" lon="22.71583">
    <ele>232.46000000000004</ele>
   </trkpt>
   <trkpt lat="54.269940000000005" lon="22.71609">
    <ele>233.10000000000002</ele>
   </trkpt>
   <trkpt lat="54.27017000000001" lon="22.71647">
    <ele>233.25</ele>
   </trkpt>
   <trkpt lat="54.2707700019621" lon="22.71713999036372">
    <ele>233.26000000000002</ele>
   </trkpt>
   <trkpt lat="54.271370000000005" lon="22.717810000000004">
    <ele>238.18000000000004</ele>
   </trkpt>
   <trkpt lat="54.27196000000001" lon="22.71843">
    <ele>245.72000000000003</ele>
   </trkpt>
   <trkpt lat="54.27241000061995" lon="22.718814995802024">
    <ele>248.98</ele>
   </trkpt>
   <trkpt lat="54.27286" lon="22.7192">
    <ele>249.94000000000003</ele>
   </trkpt>
   <trkpt lat="54.27334000112935" lon="22.719699994275523">
    <ele>250.41000000000003</ele>
   </trkpt>
   <trkpt lat="54.27382000000001" lon="22.720200000000002">
    <ele>251.93000000000004</ele>
   </trkpt>
   <trkpt lat="54.27394" lon="22.720370000000003">
    <ele>252.52</ele>
   </trkpt>
   <trkpt lat="54.27402000000001" lon="22.72052">
    <ele>253.60999999999999</ele>
   </trkpt>
   <trkpt lat="54.27407" lon="22.72069">
    <ele>253.60999999999999</ele>
   </trkpt>
   <trkpt lat="54.274080000000005" lon="22.72117">
    <ele>254.04000000000005</ele>
   </trkpt>
   <trkpt lat="54.274170000000005" lon="22.721200000000003">
    <ele>253.88</ele>
   </trkpt>
   <trkpt lat="54.274440000000006" lon="22.72146">
    <ele>253.46</ele>
   </trkpt>
   <trkpt lat="54.274550000000005" lon="22.72163">
    <ele>253.34</ele>
   </trkpt>
   <trkpt lat="54.27517" lon="22.72237">
    <ele>254.09000000000003</ele>
   </trkpt>
   <trkpt lat="54.275400000000005" lon="22.72274">
    <ele>254.75000000000003</ele>
   </trkpt>
   <trkpt lat="54.27593" lon="22.72352">
    <ele>257.31000000000006</ele>
   </trkpt>
   <trkpt lat="54.27599000000001" lon="22.723660000000002">
    <ele>257.86</ele>
   </trkpt>
   <trkpt lat="54.275980000000004" lon="22.723920000000003">
    <ele>257.52000000000004</ele>
   </trkpt>
   <trkpt lat="54.275710000000004" lon="22.724800000000002">
    <ele>255.69000000000003</ele>
   </trkpt>
   <trkpt lat="54.275710000000004" lon="22.72481">
    <ele>255.69000000000003</ele>
   </trkpt>
   <trkpt lat="54.27548" lon="22.725830000000002">
    <ele>256.97</ele>
   </trkpt>
   <trkpt lat="54.275150000000004" lon="22.726750000000003">
    <ele>255.16</ele>
   </trkpt>
   <trkpt lat="54.27454" lon="22.72781">
    <ele>252.70000000000002</ele>
   </trkpt>
   <trkpt lat="54.27431000000001" lon="22.728160000000003">
    <ele>252.91000000000003</ele>
   </trkpt>
   <trkpt lat="54.273905001969176" lon="22.728850006781492">
    <ele>253.12</ele>
   </trkpt>
   <trkpt lat="54.273500000000006" lon="22.729540000000004">
    <ele>250.36</ele>
   </trkpt>
   <trkpt lat="54.27288000000001" lon="22.72904">
    <ele>250.32000000000005</ele>
   </trkpt>
   <trkpt lat="54.27257" lon="22.728700000000003">
    <ele>250.85000000000002</ele>
   </trkpt>
   <trkpt lat="54.27225000000001" lon="22.728180000000002">
    <ele>249.87</ele>
   </trkpt>
   <trkpt lat="54.27201" lon="22.727610000000002">
    <ele>249.25000000000003</ele>
   </trkpt>
   <trkpt lat="54.27179" lon="22.72811">
    <ele>249.48</ele>
   </trkpt>
   <trkpt lat="54.27169000000001" lon="22.728640000000002">
    <ele>249.99</ele>
   </trkpt>
   <trkpt lat="54.27163" lon="22.728830000000002">
    <ele>250.04000000000005</ele>
   </trkpt>
   <trkpt lat="54.27152" lon="22.72914">
    <ele>249.62</ele>
   </trkpt>
   <trkpt lat="54.27116500311207" lon="22.730015007672716">
    <ele>246.41000000000003</ele>
   </trkpt>
   <trkpt lat="54.270810000000004" lon="22.730890000000002">
    <ele>241.50000000000003</ele>
   </trkpt>
   <trkpt lat="54.270680000000006" lon="22.731650000000002">
    <ele>244.96</ele>
   </trkpt>
   <trkpt lat="54.27069" lon="22.731800000000003">
    <ele>244.96</ele>
   </trkpt>
   <trkpt lat="54.27074" lon="22.732080000000003">
    <ele>246.09000000000003</ele>
   </trkpt>
   <trkpt lat="54.270920000000004" lon="22.732920000000004">
    <ele>248.76</ele>
   </trkpt>
   <trkpt lat="54.27093000000001" lon="22.73308">
    <ele>249.23</ele>
   </trkpt>
   <trkpt lat="54.27091000000001" lon="22.733330000000002">
    <ele>249.52</ele>
   </trkpt>
   <trkpt lat="54.27061202805997" lon="22.734632037617963">
    <ele>250.01</ele>
   </trkpt>
   <trkpt lat="54.27031404209371" lon="22.735934056409295">
    <ele>249.15</ele>
   </trkpt>
   <trkpt lat="54.27001604210162" lon="22.737236056373593">
    <ele>248.81000000000003</ele>
   </trkpt>
   <trkpt lat="54.26971802808404" lon="22.738538037510445">
    <ele>242.82</ele>
   </trkpt>
   <trkpt lat="54.269420000000004" lon="22.73984">
    <ele>246.01</ele>
   </trkpt>
   <trkpt lat="54.26924500257677" lon="22.740620003044828">
    <ele>245.71</ele>
   </trkpt>
   <trkpt lat="54.269070000000006" lon="22.741400000000002">
    <ele>246.43</ele>
   </trkpt>
   <trkpt lat="54.26879500559351" lon="22.742560007626007">
    <ele>246.38000000000002</ele>
   </trkpt>
   <trkpt lat="54.26852" lon="22.743720000000003">
    <ele>244.75000000000003</ele>
   </trkpt>
   <trkpt lat="54.268240000000006" lon="22.74502">
    <ele>235.29000000000002</ele>
   </trkpt>
   <trkpt lat="54.26791000732301" lon="22.746350010627182">
    <ele>232.28</ele>
   </trkpt>
   <trkpt lat="54.26758" lon="22.747680000000003">
    <ele>233.53</ele>
   </trkpt>
   <trkpt lat="54.26741500230831" lon="22.748410002463284">
    <ele>229.36</ele>
   </trkpt>
   <trkpt lat="54.267250000000004" lon="22.74914">
    <ele>226.64000000000001</ele>
   </trkpt>
   <trkpt lat="54.2672" lon="22.74952">
    <ele>226.76000000000002</ele>
   </trkpt>
   <trkpt lat="54.2672" lon="22.750100000000003">
    <ele>228.9</ele>
   </trkpt>
   <trkpt lat="54.26726000000001" lon="22.75061">
    <ele>232.03</ele>
   </trkpt>
   <trkpt lat="54.26726000000001" lon="22.75082">
    <ele>232.82000000000002</ele>
   </trkpt>
   <trkpt lat="54.267230000000005" lon="22.75103">
    <ele>233.83</ele>
   </trkpt>
   <trkpt lat="54.2672" lon="22.751820000000002">
    <ele>236.09</ele>
   </trkpt>
   <trkpt lat="54.26719000000001" lon="22.752370000000003">
    <ele>237.32000000000002</ele>
   </trkpt>
   <trkpt lat="54.267210000000006" lon="22.752910000000004">
    <ele>237.14000000000001</ele>
   </trkpt>
   <trkpt lat="54.2672" lon="22.75355">
    <ele>236.02</ele>
   </trkpt>
   <trkpt lat="54.26715" lon="22.75419">
    <ele>235.43000000000004</ele>
   </trkpt>
   <trkpt lat="54.26717000000001" lon="22.75522">
    <ele>233.77</ele>
   </trkpt>
   <trkpt lat="54.26715" lon="22.755920000000003">
    <ele>232.31</ele>
   </trkpt>
   <trkpt lat="54.267210000000006" lon="22.756300000000003">
    <ele>230.74000000000004</ele>
   </trkpt>
   <trkpt lat="54.267320000000005" lon="22.756700000000002">
    <ele>229.34</ele>
   </trkpt>
   <trkpt lat="54.2674" lon="22.757140000000003">
    <ele>229.23000000000002</ele>
   </trkpt>
   <trkpt lat="54.267430000000004" lon="22.757700000000003">
    <ele>229.77000000000004</ele>
   </trkpt>
   <trkpt lat="54.26749" lon="22.758000000000003">
    <ele>229.71</ele>
   </trkpt>
   <trkpt lat="54.26762000000001" lon="22.75853">
    <ele>228.61</ele>
   </trkpt>
   <trkpt lat="54.267830000000004" lon="22.759020000000003">
    <ele>228.30000000000004</ele>
   </trkpt>
   <trkpt lat="54.26812" lon="22.75962">
    <ele>227.9</ele>
   </trkpt>
   <trkpt lat="54.26821" lon="22.759900000000002">
    <ele>228.0</ele>
   </trkpt>
   <trkpt lat="54.26825" lon="22.760150000000003">
    <ele>228.17000000000002</ele>
   </trkpt>
   <trkpt lat="54.26825" lon="22.760360000000002">
    <ele>228.18</ele>
   </trkpt>
   <trkpt lat="54.26821" lon="22.760510000000004">
    <ele>228.08</ele>
   </trkpt>
   <trkpt lat="54.268150000000006" lon="22.760630000000003">
    <ele>228.07000000000002</ele>
   </trkpt>
   <trkpt lat="54.268010000000004" lon="22.760800000000003">
    <ele>228.21</ele>
   </trkpt>
   <trkpt lat="54.26776" lon="22.760990000000003">
    <ele>229.57000000000002</ele>
   </trkpt>
   <trkpt lat="54.267430000000004" lon="22.761300000000002">
    <ele>232.77000000000004</ele>
   </trkpt>
   <trkpt lat="54.26733" lon="22.7615">
    <ele>234.15000000000003</ele>
   </trkpt>
   <trkpt lat="54.26724" lon="22.761740000000003">
    <ele>234.77</ele>
   </trkpt>
   <trkpt lat="54.26686" lon="22.761860000000002">
    <ele>234.83</ele>
   </trkpt>
   <trkpt lat="54.26644" lon="22.761950000000002">
    <ele>235.03</ele>
   </trkpt>
   <trkpt lat="54.266200000000005" lon="22.762020000000003">
    <ele>235.26000000000002</ele>
   </trkpt>
   <trkpt lat="54.265730000000005" lon="22.762240000000002">
    <ele>236.13</ele>
   </trkpt>
   <trkpt lat="54.26549000000001" lon="22.76244">
    <ele>236.13</ele>
   </trkpt>
   <trkpt lat="54.26520000000001" lon="22.76275">
    <ele>236.73000000000002</ele>
   </trkpt>
   <trkpt lat="54.26494" lon="22.763090000000002">
    <ele>237.23000000000002</ele>
   </trkpt>
   <trkpt lat="54.26469" lon="22.763530000000003">
    <ele>237.55</ele>
   </trkpt>
   <trkpt lat="54.264500000000005" lon="22.76396">
    <ele>237.92000000000002</ele>
   </trkpt>
   <trkpt lat="54.264300000000006" lon="22.764580000000002">
    <ele>238.26000000000002</ele>
   </trkpt>
   <trkpt lat="54.264100000000006" lon="22.765530000000002">
    <ele>239.01000000000002</ele>
   </trkpt>
   <trkpt lat="54.26389251521096" lon="22.76663751678984">
    <ele>239.61</ele>
   </trkpt>
   <trkpt lat="54.26368502027276" lon="22.767745022431498">
    <ele>240.47</ele>
   </trkpt>
   <trkpt lat="54.26347751518559" lon="22.768852516924618">
    <ele>241.07</ele>
   </trkpt>
   <trkpt lat="54.263270000000006" lon="22.76996">
    <ele>241.89000000000001</ele>
   </trkpt>
   <trkpt lat="54.26315" lon="22.77053">
    <ele>242.39000000000001</ele>
   </trkpt>
   <trkpt lat="54.262950000000004" lon="22.771220000000003">
    <ele>242.73000000000002</ele>
   </trkpt>
   <trkpt lat="54.26288" lon="22.77138">
    <ele>242.83</ele>
   </trkpt>
   <trkpt lat="54.26272" lon="22.771790000000003">
    <ele>243.17000000000002</ele>
   </trkpt>
   <trkpt lat="54.26259" lon="22.77202">
    <ele>243.17000000000002</ele>
   </trkpt>
   <trkpt lat="54.26216" lon="22.772640000000003">
    <ele>243.63</ele>
   </trkpt>
   <trkpt lat="54.261680000000005" lon="22.773180000000004">
    <ele>243.40000000000003</ele>
   </trkpt>
   <trkpt lat="54.26145" lon="22.773460000000004">
    <ele>243.26000000000002</ele>
   </trkpt>
   <trkpt lat="54.261210000000005" lon="22.773860000000003">
    <ele>243.01000000000002</ele>
   </trkpt>
   <trkpt lat="54.260760000000005" lon="22.77483">
    <ele>242.87000000000003</ele>
   </trkpt>
   <trkpt lat="54.26057" lon="22.775190000000002">
    <ele>242.81000000000003</ele>
   </trkpt>
   <trkpt lat="54.26028" lon="22.775620000000004">
    <ele>242.62000000000003</ele>
   </trkpt>
   <trkpt lat="54.259890001302054" lon="22.77613500460087">
    <ele>242.47000000000003</ele>
   </trkpt>
   <trkpt lat="54.2595" lon="22.776650000000004">
    <ele>242.49</ele>
   </trkpt>
   <trkpt lat="54.259040000000006" lon="22.77721">
    <ele>243.20000000000002</ele>
   </trkpt>
   <trkpt lat="54.258975002726146" lon="22.778025001560906">
    <ele>240.46</ele>
   </trkpt>
   <trkpt lat="54.25891000000001" lon="22.778840000000002">
    <ele>238.38</ele>
   </trkpt>
   <trkpt lat="54.258810000000004" lon="22.77964">
    <ele>237.63</ele>
   </trkpt>
   <trkpt lat="54.25867" lon="22.78028">
    <ele>236.60000000000002</ele>
   </trkpt>
   <trkpt lat="54.25827" lon="22.781650000000003">
    <ele>234.91</ele>
   </trkpt>
   <trkpt lat="54.258230000000005" lon="22.781920000000003">
    <ele>234.76000000000002</ele>
   </trkpt>
   <trkpt lat="54.258070000000004" lon="22.78236">
    <ele>234.55</ele>
   </trkpt>
   <trkpt lat="54.25815000000001" lon="22.782300000000003">
    <ele>234.55</ele>
   </trkpt>
   <trkpt lat="54.25822" lon="22.782300000000003">
    <ele>234.32000000000002</ele>
   </trkpt>
   <trkpt lat="54.25827" lon="22.78234">
    <ele>234.32000000000002</ele>
   </trkpt>
   <trkpt lat="54.258540004118544" lon="22.783339993382096">
    <ele>232.47</ele>
   </trkpt>
   <trkpt lat="54.258810000000004" lon="22.78434">
    <ele>232.51000000000002</ele>
   </trkpt>
   <trkpt lat="54.258900000000004" lon="22.784580000000002">
    <ele>232.87</ele>
   </trkpt>
   <trkpt lat="54.25909000000001" lon="22.78496">
    <ele>234.52</ele>
   </trkpt>
   <trkpt lat="54.259190000000004" lon="22.78509">
    <ele>235.17000000000002</ele>
   </trkpt>
   <trkpt lat="54.25945" lon="22.78535">
    <ele>239.12000000000003</ele>
   </trkpt>
   <trkpt lat="54.26011000211025" lon="22.785849984024367">
    <ele>244.41000000000003</ele>
   </trkpt>
   <trkpt lat="54.260770002151894" lon="22.7863499840556">
    <ele>248.23000000000002</ele>
   </trkpt>
   <trkpt lat="54.261430000000004" lon="22.78685">
    <ele>254.96</ele>
   </trkpt>
   <trkpt lat="54.26171000000001" lon="22.786990000000003">
    <ele>256.85</ele>
   </trkpt>
   <trkpt lat="54.26216500031222" lon="22.787189997857293">
    <ele>257.93000000000006</ele>
   </trkpt>
   <trkpt lat="54.262620000000005" lon="22.787390000000002">
    <ele>257.67</ele>
   </trkpt>
   <trkpt lat="54.26299" lon="22.78759">
    <ele>256.48</ele>
   </trkpt>
   <trkpt lat="54.263510000000004" lon="22.78796">
    <ele>255.41000000000003</ele>
   </trkpt>
   <trkpt lat="54.26420000135748" lon="22.78852499057362">
    <ele>258.23</ele>
   </trkpt>
   <trkpt lat="54.26489" lon="22.78909">
    <ele>260.97</ele>
   </trkpt>
   <trkpt lat="54.264880000000005" lon="22.78909">
    <ele>260.94</ele>
   </trkpt>
   <trkpt lat="54.26564400652055" lon="22.789717953439485">
    <ele>262.79</ele>
   </trkpt>
   <trkpt lat="54.266408009778246" lon="22.79034593015552">
    <ele>263.43</ele>
   </trkpt>
   <trkpt lat="54.267172009772914" lon="22.790973930149534">
    <ele>264.34000000000003</ele>
   </trkpt>
   <trkpt lat="54.26793600650429" lon="22.79160195342294">
    <ele>263.17</ele>
   </trkpt>
   <trkpt lat="54.2687" lon="22.792230000000004">
    <ele>262.97</ele>
   </trkpt>
   <trkpt lat="54.26906" lon="22.7926">
    <ele>264.27</ele>
   </trkpt>
   <trkpt lat="54.269607506073875" lon="22.793299972095724">
    <ele>265.58000000000004</ele>
   </trkpt>
   <trkpt lat="54.27015500809381" lon="22.793999962787648">
    <ele>267.58000000000004</ele>
   </trkpt>
   <trkpt lat="54.27070250605961" lon="22.79469997207651">
    <ele>267.20000000000005</ele>
   </trkpt>
   <trkpt lat="54.27125" lon="22.7954">
    <ele>265.8</ele>
   </trkpt>
   <trkpt lat="54.271510000000006" lon="22.795810000000003">
    <ele>265.15</ele>
   </trkpt>
   <trkpt lat="54.271770000000004" lon="22.796390000000002">
    <ele>264.84000000000003</ele>
   </trkpt>
   <trkpt lat="54.271930000000005" lon="22.796870000000002">
    <ele>264.53000000000003</ele>
   </trkpt>
   <trkpt lat="54.272130004100084" lon="22.797864995194168">
    <ele>264.11</ele>
   </trkpt>
   <trkpt lat="54.272330000000004" lon="22.79886">
    <ele>263.85</ele>
   </trkpt>
   <trkpt lat="54.272560000000006" lon="22.799670000000003">
    <ele>263.56</ele>
   </trkpt>
   <trkpt lat="54.27273" lon="22.80018">
    <ele>263.12</ele>
   </trkpt>
   <trkpt lat="54.27317751674966" lon="22.801342462075358">
    <ele>260.09000000000003</ele>
   </trkpt>
   <trkpt lat="54.273625022319024" lon="22.802504949396855">
    <ele>259.14000000000004</ele>
   </trkpt>
   <trkpt lat="54.27407251670767" lon="22.803667461964825">
    <ele>259.36</ele>
   </trkpt>
   <trkpt lat="54.27452" lon="22.804830000000003">
    <ele>259.95</ele>
   </trkpt>
   <trkpt lat="54.2747" lon="22.805200000000003">
    <ele>259.94</ele>
   </trkpt>
   <trkpt lat="54.274890000000006" lon="22.805490000000002">
    <ele>259.85</ele>
   </trkpt>
   <trkpt lat="54.275130000000004" lon="22.805690000000002">
    <ele>259.56</ele>
   </trkpt>
   <trkpt lat="54.2753" lon="22.805780000000002">
    <ele>259.33</ele>
   </trkpt>
   <trkpt lat="54.276040000515664" lon="22.80602999102056">
    <ele>258.15999999999997</ele>
   </trkpt>
   <trkpt lat="54.27678000051429" lon="22.806279991019895">
    <ele>257.34000000000003</ele>
   </trkpt>
   <trkpt lat="54.27752" lon="22.806530000000002">
    <ele>256.40000000000003</ele>
   </trkpt>
   <trkpt lat="54.27751000000001" lon="22.806530000000002">
    <ele>256.40000000000003</ele>
   </trkpt>
   <trkpt lat="54.278360000000006" lon="22.806820000000002">
    <ele>255.59000000000003</ele>
   </trkpt>
   <trkpt lat="54.278670000000005" lon="22.807010000000002">
    <ele>254.84</ele>
   </trkpt>
   <trkpt lat="54.278890000000004" lon="22.80721">
    <ele>254.51000000000002</ele>
   </trkpt>
   <trkpt lat="54.27902" lon="22.8074">
    <ele>254.25000000000003</ele>
   </trkpt>
   <trkpt lat="54.279430000000005" lon="22.80818">
    <ele>254.56</ele>
   </trkpt>
   <trkpt lat="54.279810000000005" lon="22.808840000000004">
    <ele>255.57000000000002</ele>
   </trkpt>
   <trkpt lat="54.27993000000001" lon="22.809">
    <ele>255.58</ele>
   </trkpt>
   <trkpt lat="54.28016" lon="22.80921">
    <ele>255.26000000000005</ele>
   </trkpt>
   <trkpt lat="54.28032" lon="22.809320000000003">
    <ele>254.60000000000005</ele>
   </trkpt>
   <trkpt lat="54.28052" lon="22.809410000000003">
    <ele>253.98999999999998</ele>
   </trkpt>
   <trkpt lat="54.28123000059768" lon="22.80966665783934">
    <ele>250.08</ele>
   </trkpt>
   <trkpt lat="54.28194000065037" lon="22.80992332452488">
    <ele>246.64000000000001</ele>
   </trkpt>
   <trkpt lat="54.282650000000004" lon="22.810180000000003">
    <ele>244.33</ele>
   </trkpt>
   <trkpt lat="54.28285" lon="22.81031">
    <ele>242.77</ele>
   </trkpt>
   <trkpt lat="54.28302000000001" lon="22.810460000000003">
    <ele>242.77</ele>
   </trkpt>
   <trkpt lat="54.28313000000001" lon="22.81058">
    <ele>242.55</ele>
   </trkpt>
   <trkpt lat="54.283300000000004" lon="22.810840000000002">
    <ele>242.14000000000001</ele>
   </trkpt>
   <trkpt lat="54.28351000000001" lon="22.81126">
    <ele>241.93</ele>
   </trkpt>
   <trkpt lat="54.28392" lon="22.81211">
    <ele>243.57</ele>
   </trkpt>
   <trkpt lat="54.28392" lon="22.81209">
    <ele>243.50000000000003</ele>
   </trkpt>
   <trkpt lat="54.28422500170162" lon="22.812729995277195">
    <ele>245.75000000000003</ele>
   </trkpt>
   <trkpt lat="54.284530000000004" lon="22.813370000000003">
    <ele>247.03000000000003</ele>
   </trkpt>
   <trkpt lat="54.284670000000006" lon="22.81358">
    <ele>247.42000000000002</ele>
   </trkpt>
   <trkpt lat="54.284710000000004" lon="22.81378">
    <ele>247.50000000000003</ele>
   </trkpt>
   <trkpt lat="54.284690000000005" lon="22.813930000000003">
    <ele>247.42000000000002</ele>
   </trkpt>
   <trkpt lat="54.28399" lon="22.814480000000003">
    <ele>239.84000000000003</ele>
   </trkpt>
   <trkpt lat="54.283950000000004" lon="22.81453">
    <ele>239.84000000000003</ele>
   </trkpt>
   <trkpt lat="54.283930000000005" lon="22.81474">
    <ele>238.05</ele>
   </trkpt>
   <trkpt lat="54.28416000000001" lon="22.81548">
    <ele>232.52000000000004</ele>
   </trkpt>
   <trkpt lat="54.28435000240848" lon="22.816239996572325">
    <ele>230.20000000000002</ele>
   </trkpt>
   <trkpt lat="54.28454000000001" lon="22.817">
    <ele>229.16000000000003</ele>
   </trkpt>
   <trkpt lat="54.28455" lon="22.817390000000003">
    <ele>229.12</ele>
   </trkpt>
   <trkpt lat="54.284510000000004" lon="22.81763">
    <ele>229.37</ele>
   </trkpt>
   <trkpt lat="54.28427000000001" lon="22.81847">
    <ele>233.69</ele>
   </trkpt>
   <trkpt lat="54.283840000000005" lon="22.81971">
    <ele>242.64000000000001</ele>
   </trkpt>
   <trkpt lat="54.28354" lon="22.820670000000003">
    <ele>253.39</ele>
   </trkpt>
   <trkpt lat="54.28333000000001" lon="22.82121">
    <ele>257.35</ele>
   </trkpt>
   <trkpt lat="54.283210000000004" lon="22.82168">
    <ele>259.15000000000003</ele>
   </trkpt>
   <trkpt lat="54.28320000000001" lon="22.82195">
    <ele>259.83</ele>
   </trkpt>
   <trkpt lat="54.28325" lon="22.822380000000003">
    <ele>259.89</ele>
   </trkpt>
   <trkpt lat="54.28320000000001" lon="22.822480000000002">
    <ele>259.67</ele>
   </trkpt>
   <trkpt lat="54.282990000000005" lon="22.823140000000002">
    <ele>258.65999999999997</ele>
   </trkpt>
   <trkpt lat="54.28285" lon="22.82392">
    <ele>254.22</ele>
   </trkpt>
   <trkpt lat="54.28273000000001" lon="22.824080000000002">
    <ele>252.82999999999998</ele>
   </trkpt>
   <trkpt lat="54.282590000000006" lon="22.82411">
    <ele>251.26000000000005</ele>
   </trkpt>
   <trkpt lat="54.282410000000006" lon="22.82401">
    <ele>250.39</ele>
   </trkpt>
   <trkpt lat="54.28215" lon="22.82401">
    <ele>246.77</ele>
   </trkpt>
   <trkpt lat="54.28191" lon="22.823970000000003">
    <ele>245.41000000000003</ele>
   </trkpt>
   <trkpt lat="54.28136000000001" lon="22.823760000000004">
    <ele>244.55</ele>
   </trkpt>
   <trkpt lat="54.28112" lon="22.82364">
    <ele>243.86</ele>
   </trkpt>
   <trkpt lat="54.280820000000006" lon="22.823690000000003">
    <ele>243.16</ele>
   </trkpt>
   <trkpt lat="54.28058000000001" lon="22.823780000000003">
    <ele>242.78000000000003</ele>
   </trkpt>
   <trkpt lat="54.280010000000004" lon="22.8243">
    <ele>242.77</ele>
   </trkpt>
   <trkpt lat="54.279680000000006" lon="22.824520000000003">
    <ele>242.85</ele>
   </trkpt>
   <trkpt lat="54.27929" lon="22.82467">
    <ele>241.36</ele>
   </trkpt>
   <trkpt lat="54.27928000000001" lon="22.82467">
    <ele>241.33</ele>
   </trkpt>
   <trkpt lat="54.27897" lon="22.824730000000002">
    <ele>240.1</ele>
   </trkpt>
   <trkpt lat="54.27837" lon="22.82495">
    <ele>239.17000000000002</ele>
   </trkpt>
   <trkpt lat="54.278200000000005" lon="22.82504">
    <ele>238.87000000000003</ele>
   </trkpt>
   <trkpt lat="54.278040000000004" lon="22.825200000000002">
    <ele>238.76000000000002</ele>
   </trkpt>
   <trkpt lat="54.27776000000001" lon="22.82554">
    <ele>238.88</ele>
   </trkpt>
   <trkpt lat="54.27741" lon="22.82588">
    <ele>238.14000000000001</ele>
   </trkpt>
   <trkpt lat="54.277080000000005" lon="22.82626">
    <ele>236.38</ele>
   </trkpt>
   <trkpt lat="54.276630000000004" lon="22.826600000000003">
    <ele>235.14000000000001</ele>
   </trkpt>
   <trkpt lat="54.276520000000005" lon="22.82675">
    <ele>234.90000000000003</ele>
   </trkpt>
   <trkpt lat="54.276450000000004" lon="22.82711">
    <ele>235.17000000000002</ele>
   </trkpt>
   <trkpt lat="54.27631" lon="22.82738">
    <ele>236.45000000000002</ele>
   </trkpt>
   <trkpt lat="54.276180000000004" lon="22.827530000000003">
    <ele>237.62000000000003</ele>
   </trkpt>
   <trkpt lat="54.276070000000004" lon="22.827740000000002">
    <ele>239.42000000000002</ele>
   </trkpt>
   <trkpt lat="54.275960000000005" lon="22.82805">
    <ele>241.55</ele>
   </trkpt>
   <trkpt lat="54.275940000000006" lon="22.82841">
    <ele>243.57</ele>
   </trkpt>
   <trkpt lat="54.27608000000001" lon="22.829390000000004">
    <ele>246.24</ele>
   </trkpt>
   <trkpt lat="54.276180000000004" lon="22.829880000000003">
    <ele>246.52</ele>
   </trkpt>
   <trkpt lat="54.2762" lon="22.83019">
    <ele>247.03000000000003</ele>
   </trkpt>
   <trkpt lat="54.276340000000005" lon="22.830940000000002">
    <ele>248.54</ele>
   </trkpt>
   <trkpt lat="54.276340000000005" lon="22.830930000000002">
    <ele>248.55</ele>
   </trkpt>
   <trkpt lat="54.27644" lon="22.83135">
    <ele>249.32000000000002</ele>
   </trkpt>
   <trkpt lat="54.27664000000001" lon="22.83172">
    <ele>250.10999999999999</ele>
   </trkpt>
   <trkpt lat="54.27678" lon="22.832030000000003">
    <ele>251.09000000000003</ele>
   </trkpt>
   <trkpt lat="54.27694" lon="22.832610000000003">
    <ele>251.82000000000005</ele>
   </trkpt>
   <trkpt lat="54.276990000000005" lon="22.833070000000003">
    <ele>252.17</ele>
   </trkpt>
   <trkpt lat="54.27705" lon="22.833350000000003">
    <ele>252.20000000000002</ele>
   </trkpt>
   <trkpt lat="54.27734" lon="22.83314">
    <ele>256.31000000000006</ele>
   </trkpt>
   <trkpt lat="54.27794" lon="22.83282">
    <ele>264.46000000000004</ele>
   </trkpt>
   <trkpt lat="54.27807000000001" lon="22.832780000000003">
    <ele>265.67</ele>
   </trkpt>
   <trkpt lat="54.27860500000649" lon="22.832745000454356">
    <ele>266.46000000000004</ele>
   </trkpt>
   <trkpt lat="54.279140000000005" lon="22.832710000000002">
    <ele>266.82</ele>
   </trkpt>
   <trkpt lat="54.279540000000004" lon="22.832790000000003">
    <ele>265.90000000000003</ele>
   </trkpt>
   <trkpt lat="54.280010000000004" lon="22.83295">
    <ele>265.35</ele>
   </trkpt>
   <trkpt lat="54.280150000000006" lon="22.832980000000003">
    <ele>265.71</ele>
   </trkpt>
   <trkpt lat="54.28101" lon="22.832900000000002">
    <ele>264.91</ele>
   </trkpt>
   <trkpt lat="54.28144" lon="22.83295">
    <ele>265.58000000000004</ele>
   </trkpt>
   <trkpt lat="54.28148" lon="22.832970000000003">
    <ele>265.71</ele>
   </trkpt>
   <trkpt lat="54.28148" lon="22.832960000000003">
    <ele>265.65</ele>
   </trkpt>
   <trkpt lat="54.281670000000005" lon="22.833060000000003">
    <ele>266.86</ele>
   </trkpt>
   <trkpt lat="54.281870000000005" lon="22.83323">
    <ele>267.25000000000006</ele>
   </trkpt>
   <trkpt lat="54.282160000000005" lon="22.83359">
    <ele>266.19000000000005</ele>
   </trkpt>
   <trkpt lat="54.28255000000001" lon="22.833940000000002">
    <ele>264.49</ele>
   </trkpt>
   <trkpt lat="54.283260000000006" lon="22.83453">
    <ele>264.91</ele>
   </trkpt>
   <trkpt lat="54.28356" lon="22.83472">
    <ele>265.16</ele>
   </trkpt>
   <trkpt lat="54.28380000000001" lon="22.8349">
    <ele>265.42</ele>
   </trkpt>
   <trkpt lat="54.28445000000001" lon="22.835700000000003">
    <ele>267.19000000000005</ele>
   </trkpt>
   <trkpt lat="54.28464" lon="22.835980000000003">
    <ele>268.64000000000004</ele>
   </trkpt>
   <trkpt lat="54.284980000000004" lon="22.8366">
    <ele>271.2</ele>
   </trkpt>
   <trkpt lat="54.285140000000006" lon="22.83679">
    <ele>271.0</ele>
   </trkpt>
   <trkpt lat="54.28537000000001" lon="22.837130000000002">
    <ele>270.44</ele>
   </trkpt>
   <trkpt lat="54.28544" lon="22.837200000000003">
    <ele>270.44</ele>
   </trkpt>
   <trkpt lat="54.28592999990468" lon="22.837289998905764">
    <ele>268.36</ele>
   </trkpt>
   <trkpt lat="54.28642000000001" lon="22.837380000000003">
    <ele>265.55</ele>
   </trkpt>
   <trkpt lat="54.28699" lon="22.837570000000003">
    <ele>263.44</ele>
   </trkpt>
   <trkpt lat="54.28719" lon="22.837600000000002">
    <ele>263.31000000000006</ele>
   </trkpt>
   <trkpt lat="54.28772000000001" lon="22.837470000000003">
    <ele>264.92</ele>
   </trkpt>
   <trkpt lat="54.287960000000005" lon="22.83745">
    <ele>265.73</ele>
   </trkpt>
   <trkpt lat="54.288250000000005" lon="22.83744">
    <ele>268.20000000000005</ele>
   </trkpt>
   <trkpt lat="54.28889500000332" lon="22.837449999843447">
    <ele>268.97</ele>
   </trkpt>
   <trkpt lat="54.28954" lon="22.83746">
    <ele>268.45</ele>
   </trkpt>
   <trkpt lat="54.28976" lon="22.837560000000003">
    <ele>268.17</ele>
   </trkpt>
   <trkpt lat="54.2901" lon="22.8379">
    <ele>267.6</ele>
   </trkpt>
   <trkpt lat="54.29062333734098" lon="22.838603315345985">
    <ele>263.49</ele>
   </trkpt>
   <trkpt lat="54.29114667059022" lon="22.839306648565987">
    <ele>262.21</ele>
   </trkpt>
   <trkpt lat="54.29167" lon="22.840010000000003">
    <ele>263.55</ele>
   </trkpt>
   <trkpt lat="54.29193000000001" lon="22.84033">
    <ele>264.20000000000005</ele>
   </trkpt>
   <trkpt lat="54.29231500129583" lon="22.84088999476312">
    <ele>266.16</ele>
   </trkpt>
   <trkpt lat="54.2927" lon="22.841450000000002">
    <ele>269.06</ele>
   </trkpt>
   <trkpt lat="54.29310000108333" lon="22.84198999458936">
    <ele>272.84000000000003</ele>
   </trkpt>
   <trkpt lat="54.2935" lon="22.842530000000004">
    <ele>274.91</ele>
   </trkpt>
   <trkpt lat="54.293490000000006" lon="22.84251">
    <ele>274.87</ele>
   </trkpt>
   <trkpt lat="54.29397333693251" lon="22.84317331770689">
    <ele>275.59</ele>
   </trkpt>
   <trkpt lat="54.294456670225586" lon="22.843836650984727">
    <ele>275.71</ele>
   </trkpt>
   <trkpt lat="54.294940000000004" lon="22.844500000000004">
    <ele>271.89000000000004</ele>
   </trkpt>
   <trkpt lat="54.29554" lon="22.84524">
    <ele>268.27</ele>
   </trkpt>
   <trkpt lat="54.296005002040744" lon="22.84593999211667">
    <ele>267.35</ele>
   </trkpt>
   <trkpt lat="54.29647000000001" lon="22.84664">
    <ele>268.12</ele>
   </trkpt>
   <trkpt lat="54.29686500116718" lon="22.847174994845364">
    <ele>270.37</ele>
   </trkpt>
   <trkpt lat="54.29726" lon="22.847710000000003">
    <ele>269.95000000000005</ele>
   </trkpt>
   <trkpt lat="54.297470000000004" lon="22.84802">
    <ele>269.17</ele>
   </trkpt>
   <trkpt lat="54.297630000000005" lon="22.84833">
    <ele>268.67</ele>
   </trkpt>
   <trkpt lat="54.29791" lon="22.849120000000003">
    <ele>268.46000000000004</ele>
   </trkpt>
   <trkpt lat="54.29791" lon="22.849110000000003">
    <ele>268.46000000000004</ele>
   </trkpt>
   <trkpt lat="54.29815000000001" lon="22.849800000000002">
    <ele>267.68</ele>
   </trkpt>
   <trkpt lat="54.298280000000005" lon="22.8503">
    <ele>267.47</ele>
   </trkpt>
   <trkpt lat="54.298170000000006" lon="22.850360000000002">
    <ele>267.28000000000003</ele>
   </trkpt>
   <trkpt lat="54.298030000000004" lon="22.85047">
    <ele>267.22</ele>
   </trkpt>
   <trkpt lat="54.29758" lon="22.85106">
    <ele>267.79</ele>
   </trkpt>
   <trkpt lat="54.29751" lon="22.85114">
    <ele>267.79</ele>
   </trkpt>
   <trkpt lat="54.297430000000006" lon="22.851270000000003">
    <ele>269.08000000000004</ele>
   </trkpt>
   <trkpt lat="54.297180000000004" lon="22.85142">
    <ele>270.04</ele>
   </trkpt>
   <trkpt lat="54.29693" lon="22.851830000000003">
    <ele>270.91</ele>
   </trkpt>
   <trkpt lat="54.296760000000006" lon="22.85217">
    <ele>271.84000000000003</ele>
   </trkpt>
   <trkpt lat="54.29646" lon="22.852400000000003">
    <ele>273.61</ele>
   </trkpt>
   <trkpt lat="54.29593000028714" lon="22.852625002862986">
    <ele>273.62</ele>
   </trkpt>
   <trkpt lat="54.29540000000001" lon="22.85285">
    <ele>271.23</ele>
   </trkpt>
   <trkpt lat="54.2947550008216" lon="22.853290006877554">
    <ele>271.73</ele>
   </trkpt>
   <trkpt lat="54.29411" lon="22.853730000000002">
    <ele>269.8</ele>
   </trkpt>
   <trkpt lat="54.29377" lon="22.85388">
    <ele>270.2</ele>
   </trkpt>
   <trkpt lat="54.29352" lon="22.853920000000002">
    <ele>270.75000000000006</ele>
   </trkpt>
   <trkpt lat="54.293000000000006" lon="22.85384">
    <ele>272.35</ele>
   </trkpt>
   <trkpt lat="54.292680000000004" lon="22.85397">
    <ele>272.21</ele>
   </trkpt>
   <trkpt lat="54.29260000000001" lon="22.854090000000003">
    <ele>271.91</ele>
   </trkpt>
   <trkpt lat="54.292500000000004" lon="22.854290000000002">
    <ele>271.21</ele>
   </trkpt>
   <trkpt lat="54.292390000000005" lon="22.854750000000003">
    <ele>270.94</ele>
   </trkpt>
   <trkpt lat="54.292320000000004" lon="22.85527">
    <ele>273.16</ele>
   </trkpt>
   <trkpt lat="54.29225" lon="22.855410000000003">
    <ele>273.71</ele>
   </trkpt>
   <trkpt lat="54.29218" lon="22.855600000000003">
    <ele>274.28000000000003</ele>
   </trkpt>
   <trkpt lat="54.292080000000006" lon="22.85572">
    <ele>274.3</ele>
   </trkpt>
   <trkpt lat="54.291940000000004" lon="22.85583">
    <ele>273.74</ele>
   </trkpt>
   <trkpt lat="54.29167" lon="22.85632">
    <ele>271.37</ele>
   </trkpt>
   <trkpt lat="54.29155000000001" lon="22.856450000000002">
    <ele>270.68</ele>
   </trkpt>
   <trkpt lat="54.291410000000006" lon="22.85651">
    <ele>270.2</ele>
   </trkpt>
   <trkpt lat="54.29119000000001" lon="22.856540000000003">
    <ele>269.8</ele>
   </trkpt>
   <trkpt lat="54.290980000000005" lon="22.85648">
    <ele>269.37</ele>
   </trkpt>
   <trkpt lat="54.29086" lon="22.8564">
    <ele>269.37</ele>
   </trkpt>
   <trkpt lat="54.290690000000005" lon="22.856340000000003">
    <ele>269.3</ele>
   </trkpt>
   <trkpt lat="54.290530000000004" lon="22.856360000000002">
    <ele>269.34000000000003</ele>
   </trkpt>
   <trkpt lat="54.290350000000004" lon="22.856450000000002">
    <ele>269.49</ele>
   </trkpt>
   <trkpt lat="54.28996000000001" lon="22.85657">
    <ele>268.92</ele>
   </trkpt>
   <trkpt lat="54.289260000000006" lon="22.85658">
    <ele>268.02000000000004</ele>
   </trkpt>
   <trkpt lat="54.28857000026826" lon="22.85644999785958">
    <ele>268.09</ele>
   </trkpt>
   <trkpt lat="54.28788" lon="22.85632">
    <ele>268.87</ele>
   </trkpt>
   <trkpt lat="54.28757" lon="22.856170000000002">
    <ele>269.41</ele>
   </trkpt>
   <trkpt lat="54.28677500002312" lon="22.856114998939223">
    <ele>269.09</ele>
   </trkpt>
   <trkpt lat="54.28598" lon="22.856060000000003">
    <ele>265.84000000000003</ele>
   </trkpt>
   <trkpt lat="54.28567" lon="22.85613">
    <ele>265.97999999999996</ele>
   </trkpt>
   <trkpt lat="54.285340000000005" lon="22.856150000000003">
    <ele>265.92</ele>
   </trkpt>
   <trkpt lat="54.28472000000001" lon="22.8563">
    <ele>266.21</ele>
   </trkpt>
   <trkpt lat="54.28461000000001" lon="22.85629">
    <ele>265.66</ele>
   </trkpt>
   <trkpt lat="54.28464" lon="22.856710000000003">
    <ele>265.25000000000006</ele>
   </trkpt>
   <trkpt lat="54.284470000000006" lon="22.85676">
    <ele>265.71</ele>
   </trkpt>
   <trkpt lat="54.28428" lon="22.856720000000003">
    <ele>265.41</ele>
   </trkpt>
   <trkpt lat="54.283970000000004" lon="22.85651">
    <ele>264.61</ele>
   </trkpt>
   <trkpt lat="54.28376" lon="22.856330000000003">
    <ele>264.11</ele>
   </trkpt>
   <trkpt lat="54.28367000000001" lon="22.85631">
    <ele>263.55</ele>
   </trkpt>
   <trkpt lat="54.28354" lon="22.8564">
    <ele>262.57</ele>
   </trkpt>
   <trkpt lat="54.283100000000005" lon="22.85685">
    <ele>260.02000000000004</ele>
   </trkpt>
   <trkpt lat="54.28282" lon="22.857000000000003">
    <ele>260.65000000000003</ele>
   </trkpt>
   <trkpt lat="54.28257000000001" lon="22.857190000000003">
    <ele>262.09000000000003</ele>
   </trkpt>
   <trkpt lat="54.2824" lon="22.85733">
    <ele>262.29</ele>
   </trkpt>
   <trkpt lat="54.28219000000001" lon="22.857450000000004">
    <ele>262.48</ele>
   </trkpt>
   <trkpt lat="54.28179000000001" lon="22.857590000000002">
    <ele>261.53999999999996</ele>
   </trkpt>
   <trkpt lat="54.2815" lon="22.85761">
    <ele>260.23</ele>
   </trkpt>
   <trkpt lat="54.281270000000006" lon="22.85754">
    <ele>260.36</ele>
   </trkpt>
   <trkpt lat="54.2811" lon="22.857360000000003">
    <ele>260.99</ele>
   </trkpt>
   <trkpt lat="54.2809" lon="22.856990000000003">
    <ele>260.92</ele>
   </trkpt>
   <trkpt lat="54.28067000000001" lon="22.856230000000004">
    <ele>259.99</ele>
   </trkpt>
   <trkpt lat="54.28054" lon="22.856">
    <ele>260.01</ele>
   </trkpt>
   <trkpt lat="54.28025" lon="22.855610000000002">
    <ele>260.05</ele>
   </trkpt>
   <trkpt lat="54.280170000000005" lon="22.855420000000002">
    <ele>260.02000000000004</ele>
   </trkpt>
   <trkpt lat="54.28004000000001" lon="22.854760000000002">
    <ele>260.07</ele>
   </trkpt>
   <trkpt lat="54.280010000000004" lon="22.854670000000002">
    <ele>260.09999999999997</ele>
   </trkpt>
   <trkpt lat="54.2798" lon="22.85434">
    <ele>260.58000000000004</ele>
   </trkpt>
   <trkpt lat="54.27953" lon="22.853450000000002">
    <ele>260.56</ele>
   </trkpt>
   <trkpt lat="54.27944" lon="22.853050000000003">
    <ele>261.28000000000003</ele>
   </trkpt>
   <trkpt lat="54.27909500205662" lon="22.852369994589907">
    <ele>261.73</ele>
   </trkpt>
   <trkpt lat="54.27875" lon="22.85169">
    <ele>260.59000000000003</ele>
   </trkpt>
   <trkpt lat="54.2783800019126" lon="22.852365006010395">
    <ele>259.3</ele>
   </trkpt>
   <trkpt lat="54.27801" lon="22.853040000000004">
    <ele>260.0</ele>
   </trkpt>
   <trkpt lat="54.277910000000006" lon="22.853440000000003">
    <ele>260.11</ele>
   </trkpt>
   <trkpt lat="54.27792" lon="22.85425">
    <ele>257.85</ele>
   </trkpt>
   <trkpt lat="54.27792" lon="22.85424">
    <ele>257.84000000000003</ele>
   </trkpt>
   <trkpt lat="54.27794" lon="22.85499">
    <ele>254.03000000000003</ele>
   </trkpt>
   <trkpt lat="54.27781" lon="22.855390000000003">
    <ele>250.13000000000002</ele>
   </trkpt>
   <trkpt lat="54.277570000000004" lon="22.85564">
    <ele>247.96</ele>
   </trkpt>
   <trkpt lat="54.27723" lon="22.85572">
    <ele>243.29</ele>
   </trkpt>
   <trkpt lat="54.276680000000006" lon="22.85565">
    <ele>237.51000000000002</ele>
   </trkpt>
   <trkpt lat="54.27646000000001" lon="22.855780000000003">
    <ele>234.74000000000004</ele>
   </trkpt>
   <trkpt lat="54.27631" lon="22.855970000000003">
    <ele>231.78</ele>
   </trkpt>
   <trkpt lat="54.27617000000001" lon="22.85639">
    <ele>229.32000000000002</ele>
   </trkpt>
   <trkpt lat="54.276140000000005" lon="22.856910000000003">
    <ele>227.10000000000002</ele>
   </trkpt>
   <trkpt lat="54.276250000000005" lon="22.85743">
    <ele>224.02</ele>
   </trkpt>
   <trkpt lat="54.27658" lon="22.858120000000003">
    <ele>221.57000000000002</ele>
   </trkpt>
   <trkpt lat="54.276860000000006" lon="22.85848">
    <ele>219.18</ele>
   </trkpt>
   <trkpt lat="54.27703" lon="22.85895">
    <ele>217.76</ele>
   </trkpt>
   <trkpt lat="54.27718" lon="22.859520000000003">
    <ele>217.09</ele>
   </trkpt>
   <trkpt lat="54.277240000000006" lon="22.859820000000003">
    <ele>216.87</ele>
   </trkpt>
   <trkpt lat="54.27732" lon="22.86043">
    <ele>216.88000000000002</ele>
   </trkpt>
   <trkpt lat="54.27740000000001" lon="22.86082">
    <ele>217.67000000000002</ele>
   </trkpt>
   <trkpt lat="54.27756" lon="22.86136">
    <ele>219.86</ele>
   </trkpt>
   <trkpt lat="54.277590000000004" lon="22.86176">
    <ele>220.53000000000003</ele>
   </trkpt>
   <trkpt lat="54.2777" lon="22.862620000000003">
    <ele>218.12</ele>
   </trkpt>
   <trkpt lat="54.2777" lon="22.86261">
    <ele>218.14000000000001</ele>
   </trkpt>
   <trkpt lat="54.277890000000006" lon="22.8641">
    <ele>208.66</ele>
   </trkpt>
   <trkpt lat="54.27801" lon="22.8641">
    <ele>209.91</ele>
   </trkpt>
   <trkpt lat="54.278290000000005" lon="22.864510000000003">
    <ele>214.54</ele>
   </trkpt>
   <trkpt lat="54.27846" lon="22.864680000000003">
    <ele>215.77</ele>
   </trkpt>
   <trkpt lat="54.27863000000001" lon="22.864720000000002">
    <ele>216.57000000000002</ele>
   </trkpt>
   <trkpt lat="54.27902" lon="22.864700000000003">
    <ele>221.02</ele>
   </trkpt>
   <trkpt lat="54.27975000000001" lon="22.86494">
    <ele>230.17000000000002</ele>
   </trkpt>
   <trkpt lat="54.279880000000006" lon="22.864910000000002">
    <ele>231.62</ele>
   </trkpt>
   <trkpt lat="54.280010000000004" lon="22.864780000000003">
    <ele>233.34</ele>
   </trkpt>
   <trkpt lat="54.28016" lon="22.86467">
    <ele>234.67000000000002</ele>
   </trkpt>
   <trkpt lat="54.280590000000004" lon="22.864520000000002">
    <ele>236.35000000000002</ele>
   </trkpt>
   <trkpt lat="54.28074" lon="22.864440000000002">
    <ele>236.94</ele>
   </trkpt>
   <trkpt lat="54.28117" lon="22.864040000000003">
    <ele>238.98000000000002</ele>
   </trkpt>
   <trkpt lat="54.2813" lon="22.864">
    <ele>240.57</ele>
   </trkpt>
   <trkpt lat="54.28157" lon="22.863960000000002">
    <ele>242.61</ele>
   </trkpt>
   <trkpt lat="54.28166" lon="22.86411">
    <ele>244.06000000000003</ele>
   </trkpt>
   <trkpt lat="54.28177" lon="22.86448">
    <ele>243.26000000000002</ele>
   </trkpt>
   <trkpt lat="54.281870000000005" lon="22.864710000000002">
    <ele>241.48000000000002</ele>
   </trkpt>
   <trkpt lat="54.281960000000005" lon="22.86476">
    <ele>239.39000000000001</ele>
   </trkpt>
   <trkpt lat="54.282230000000006" lon="22.864790000000003">
    <ele>236.64000000000001</ele>
   </trkpt>
   <trkpt lat="54.282320000000006" lon="22.864870000000003">
    <ele>236.28</ele>
   </trkpt>
   <trkpt lat="54.28231" lon="22.864870000000003">
    <ele>236.3</ele>
   </trkpt>
   <trkpt lat="54.28248000000001" lon="22.86503">
    <ele>236.10000000000002</ele>
   </trkpt>
   <trkpt lat="54.28262" lon="22.865280000000002">
    <ele>236.60000000000002</ele>
   </trkpt>
   <trkpt lat="54.28276" lon="22.86576">
    <ele>236.63</ele>
   </trkpt>
   <trkpt lat="54.28295000000001" lon="22.866110000000003">
    <ele>236.53</ele>
   </trkpt>
   <trkpt lat="54.282990000000005" lon="22.86635">
    <ele>237.23000000000002</ele>
   </trkpt>
   <trkpt lat="54.28295000000001" lon="22.866860000000003">
    <ele>240.16</ele>
   </trkpt>
   <trkpt lat="54.283010000000004" lon="22.86709">
    <ele>241.16</ele>
   </trkpt>
   <trkpt lat="54.283190000000005" lon="22.867210000000004">
    <ele>243.45000000000002</ele>
   </trkpt>
   <trkpt lat="54.28336" lon="22.867620000000002">
    <ele>245.61</ele>
   </trkpt>
   <trkpt lat="54.28345" lon="22.86767">
    <ele>246.35</ele>
   </trkpt>
   <trkpt lat="54.28363" lon="22.867630000000002">
    <ele>246.96</ele>
   </trkpt>
   <trkpt lat="54.28374" lon="22.86764">
    <ele>246.61</ele>
   </trkpt>
   <trkpt lat="54.283860000000004" lon="22.867690000000003">
    <ele>245.86</ele>
   </trkpt>
   <trkpt lat="54.28392" lon="22.867680000000004">
    <ele>245.64000000000001</ele>
   </trkpt>
   <trkpt lat="54.284000000000006" lon="22.867620000000002">
    <ele>245.24</ele>
   </trkpt>
   <trkpt lat="54.284040000000005" lon="22.867710000000002">
    <ele>243.65000000000003</ele>
   </trkpt>
   <trkpt lat="54.284090000000006" lon="22.86777">
    <ele>243.65000000000003</ele>
   </trkpt>
   <trkpt lat="54.284310000000005" lon="22.86785">
    <ele>241.77</ele>
   </trkpt>
   <trkpt lat="54.28468" lon="22.867910000000002">
    <ele>237.89000000000001</ele>
   </trkpt>
   <trkpt lat="54.285090000000004" lon="22.867880000000003">
    <ele>231.22</ele>
   </trkpt>
   <trkpt lat="54.28515" lon="22.86792">
    <ele>231.22</ele>
   </trkpt>
   <trkpt lat="54.2852" lon="22.868000000000002">
    <ele>230.64000000000001</ele>
   </trkpt>
   <trkpt lat="54.285230000000006" lon="22.86811">
    <ele>229.64000000000001</ele>
   </trkpt>
   <trkpt lat="54.28522" lon="22.86851">
    <ele>228.12</ele>
   </trkpt>
   <trkpt lat="54.285090000000004" lon="22.869210000000002">
    <ele>227.12</ele>
   </trkpt>
   <trkpt lat="54.285070000000005" lon="22.869760000000003">
    <ele>227.51000000000002</ele>
   </trkpt>
   <trkpt lat="54.28506" lon="22.87019">
    <ele>228.36</ele>
   </trkpt>
   <trkpt lat="54.285070000000005" lon="22.870610000000003">
    <ele>228.23000000000002</ele>
   </trkpt>
   <trkpt lat="54.28517000000001" lon="22.871750000000002">
    <ele>222.49</ele>
   </trkpt>
   <trkpt lat="54.28530000000001" lon="22.872560000000004">
    <ele>221.94000000000003</ele>
   </trkpt>
   <trkpt lat="54.28548000000001" lon="22.873340000000002">
    <ele>221.13000000000002</ele>
   </trkpt>
   <trkpt lat="54.2856" lon="22.87432">
    <ele>220.59</ele>
   </trkpt>
   <trkpt lat="54.28579000247967" lon="22.875089996559343">
    <ele>219.92</ele>
   </trkpt>
   <trkpt lat="54.28598" lon="22.875860000000003">
    <ele>218.86</ele>
   </trkpt>
   <trkpt lat="54.286280000000005" lon="22.87659">
    <ele>218.43</ele>
   </trkpt>
   <trkpt lat="54.28638" lon="22.87687">
    <ele>218.57000000000002</ele>
   </trkpt>
   <trkpt lat="54.286460000000005" lon="22.877350000000003">
    <ele>219.21</ele>
   </trkpt>
   <trkpt lat="54.28652" lon="22.878040000000002">
    <ele>218.98</ele>
   </trkpt>
   <trkpt lat="54.28652" lon="22.878030000000003">
    <ele>218.98</ele>
   </trkpt>
   <trkpt lat="54.28658500269811" lon="22.878839998527877">
    <ele>217.27</ele>
   </trkpt>
   <trkpt lat="54.28665" lon="22.87965">
    <ele>213.49</ele>
   </trkpt>
   <trkpt lat="54.28674" lon="22.88015">
    <ele>211.20000000000002</ele>
   </trkpt>
   <trkpt lat="54.28714000000001" lon="22.881210000000003">
    <ele>208.27</ele>
   </trkpt>
   <trkpt lat="54.28728" lon="22.881490000000003">
    <ele>208.36</ele>
   </trkpt>
   <trkpt lat="54.28725000000001" lon="22.881690000000003">
    <ele>208.61</ele>
   </trkpt>
   <trkpt lat="54.28725000000001" lon="22.88212">
    <ele>209.70000000000002</ele>
   </trkpt>
   <trkpt lat="54.28728" lon="22.88276">
    <ele>213.23000000000002</ele>
   </trkpt>
   <trkpt lat="54.287435002819095" lon="22.883579997115483">
    <ele>216.42000000000002</ele>
   </trkpt>
   <trkpt lat="54.28759" lon="22.884400000000003">
    <ele>217.89000000000001</ele>
   </trkpt>
   <trkpt lat="54.28763000000001" lon="22.884870000000003">
    <ele>217.54000000000002</ele>
   </trkpt>
   <trkpt lat="54.287580000000005" lon="22.88522">
    <ele>216.57000000000002</ele>
   </trkpt>
   <trkpt lat="54.28745000000001" lon="22.885710000000003">
    <ele>213.66000000000003</ele>
   </trkpt>
   <trkpt lat="54.28712" lon="22.887">
    <ele>211.48000000000002</ele>
   </trkpt>
   <trkpt lat="54.286910000000006" lon="22.887690000000003">
    <ele>211.61</ele>
   </trkpt>
   <trkpt lat="54.28683" lon="22.887950000000004">
    <ele>212.32</ele>
   </trkpt>
   <trkpt lat="54.28665" lon="22.888330000000003">
    <ele>213.73000000000002</ele>
   </trkpt>
   <trkpt lat="54.28640000000001" lon="22.88868">
    <ele>216.75000000000003</ele>
   </trkpt>
   <trkpt lat="54.28649000000001" lon="22.888920000000002">
    <ele>217.98</ele>
   </trkpt>
   <trkpt lat="54.286550000000005" lon="22.88925">
    <ele>218.4</ele>
   </trkpt>
   <trkpt lat="54.28679" lon="22.8898">
    <ele>220.81</ele>
   </trkpt>
   <trkpt lat="54.28687000000001" lon="22.89007">
    <ele>221.42</ele>
   </trkpt>
   <trkpt lat="54.28692" lon="22.89063">
    <ele>223.32000000000002</ele>
   </trkpt>
   <trkpt lat="54.286970000000004" lon="22.890870000000003">
    <ele>223.62</ele>
   </trkpt>
   <trkpt lat="54.28705000000001" lon="22.891080000000002">
    <ele>223.39000000000001</ele>
   </trkpt>
   <trkpt lat="54.28716000000001" lon="22.8913">
    <ele>222.59</ele>
   </trkpt>
   <trkpt lat="54.287490000000005" lon="22.891650000000002">
    <ele>222.03</ele>
   </trkpt>
   <trkpt lat="54.28782" lon="22.89185">
    <ele>223.21</ele>
   </trkpt>
   <trkpt lat="54.287940000000006" lon="22.891890000000004">
    <ele>223.44000000000003</ele>
   </trkpt>
   <trkpt lat="54.28808000000001" lon="22.891910000000003">
    <ele>224.71</ele>
   </trkpt>
   <trkpt lat="54.28833" lon="22.891900000000003">
    <ele>225.5</ele>
   </trkpt>
   <trkpt lat="54.288610000000006" lon="22.89196">
    <ele>225.99</ele>
   </trkpt>
   <trkpt lat="54.288990000000005" lon="22.892120000000002">
    <ele>227.29000000000002</ele>
   </trkpt>
   <trkpt lat="54.289190000000005" lon="22.89226">
    <ele>227.48000000000002</ele>
   </trkpt>
   <trkpt lat="54.28940000000001" lon="22.892400000000002">
    <ele>227.51000000000002</ele>
   </trkpt>
   <trkpt lat="54.289660000000005" lon="22.892650000000003">
    <ele>227.79000000000002</ele>
   </trkpt>
   <trkpt lat="54.289860000000004" lon="22.8929">
    <ele>227.9</ele>
   </trkpt>
   <trkpt lat="54.290020000000005" lon="22.893020000000003">
    <ele>228.48000000000002</ele>
   </trkpt>
   <trkpt lat="54.29016000000001" lon="22.893240000000002">
    <ele>228.59</ele>
   </trkpt>
   <trkpt lat="54.29055" lon="22.893970000000003">
    <ele>226.88000000000002</ele>
   </trkpt>
   <trkpt lat="54.2909600017189" lon="22.894594993935566">
    <ele>220.33</ele>
   </trkpt>
   <trkpt lat="54.29137000000001" lon="22.895220000000002">
    <ele>225.18</ele>
   </trkpt>
   <trkpt lat="54.29148000000001" lon="22.89552">
    <ele>227.26000000000002</ele>
   </trkpt>
   <trkpt lat="54.29159000000001" lon="22.89573">
    <ele>228.04000000000002</ele>
   </trkpt>
   <trkpt lat="54.29171" lon="22.895860000000003">
    <ele>227.84</ele>
   </trkpt>
   <trkpt lat="54.291970000000006" lon="22.89627">
    <ele>226.02</ele>
   </trkpt>
   <trkpt lat="54.292210000000004" lon="22.896710000000002">
    <ele>222.74</ele>
   </trkpt>
   <trkpt lat="54.292480000000005" lon="22.897270000000002">
    <ele>221.76000000000002</ele>
   </trkpt>
   <trkpt lat="54.29258" lon="22.89742">
    <ele>222.21</ele>
   </trkpt>
   <trkpt lat="54.29272" lon="22.89757">
    <ele>221.4</ele>
   </trkpt>
   <trkpt lat="54.292910000000006" lon="22.89796">
    <ele>217.96</ele>
   </trkpt>
   <trkpt lat="54.29301" lon="22.898220000000002">
    <ele>217.49</ele>
   </trkpt>
   <trkpt lat="54.29317" lon="22.898940000000003">
    <ele>219.13000000000002</ele>
   </trkpt>
   <trkpt lat="54.29317" lon="22.89918">
    <ele>220.55</ele>
   </trkpt>
   <trkpt lat="54.293020000000006" lon="22.89966">
    <ele>222.26000000000002</ele>
   </trkpt>
   <trkpt lat="54.292950000000005" lon="22.900090000000002">
    <ele>223.72000000000003</ele>
   </trkpt>
   <trkpt lat="54.292930000000005" lon="22.90033">
    <ele>224.11</ele>
   </trkpt>
   <trkpt lat="54.292930000000005" lon="22.900900000000004">
    <ele>225.15</ele>
   </trkpt>
   <trkpt lat="54.292770000000004" lon="22.901760000000003">
    <ele>227.62</ele>
   </trkpt>
   <trkpt lat="54.29251000000001" lon="22.90304">
    <ele>226.72</ele>
   </trkpt>
   <trkpt lat="54.292500000000004" lon="22.90313">
    <ele>226.72</ele>
   </trkpt>
   <trkpt lat="54.292460000000005" lon="22.90406">
    <ele>225.0</ele>
   </trkpt>
   <trkpt lat="54.29240000000001" lon="22.90455">
    <ele>224.72000000000003</ele>
   </trkpt>
   <trkpt lat="54.29236" lon="22.90472">
    <ele>224.64000000000001</ele>
   </trkpt>
   <trkpt lat="54.29229" lon="22.9049">
    <ele>224.64000000000001</ele>
   </trkpt>
   <trkpt lat="54.291900000000005" lon="22.905710000000003">
    <ele>223.05</ele>
   </trkpt>
   <trkpt lat="54.291830000000004" lon="22.906000000000002">
    <ele>220.43</ele>
   </trkpt>
   <trkpt lat="54.2918" lon="22.90641">
    <ele>219.72000000000003</ele>
   </trkpt>
   <trkpt lat="54.291540000000005" lon="22.906440000000003">
    <ele>221.4</ele>
   </trkpt>
   <trkpt lat="54.291160000000005" lon="22.90642">
    <ele>223.74</ele>
   </trkpt>
   <trkpt lat="54.2905" lon="22.906070000000003">
    <ele>224.42000000000002</ele>
   </trkpt>
   <trkpt lat="54.28976" lon="22.905730000000002">
    <ele>219.03000000000003</ele>
   </trkpt>
   <trkpt lat="54.289100000000005" lon="22.905500000000004">
    <ele>213.46</ele>
   </trkpt>
   <trkpt lat="54.28862" lon="22.90538">
    <ele>208.59000000000003</ele>
   </trkpt>
   <trkpt lat="54.288450000000005" lon="22.905310000000004">
    <ele>207.65000000000003</ele>
   </trkpt>
   <trkpt lat="54.28844" lon="22.905310000000004">
    <ele>207.54000000000002</ele>
   </trkpt>
   <trkpt lat="54.28786" lon="22.904950000000003">
    <ele>203.21000000000004</ele>
   </trkpt>
   <trkpt lat="54.28766" lon="22.904780000000002">
    <ele>200.78</ele>
   </trkpt>
   <trkpt lat="54.287560000000006" lon="22.90473">
    <ele>199.68</ele>
   </trkpt>
   <trkpt lat="54.28748" lon="22.90474">
    <ele>197.86</ele>
   </trkpt>
   <trkpt lat="54.28739" lon="22.904780000000002">
    <ele>197.28</ele>
   </trkpt>
   <trkpt lat="54.2873" lon="22.904850000000003">
    <ele>196.18</ele>
   </trkpt>
   <trkpt lat="54.28719" lon="22.90501">
    <ele>194.38000000000002</ele>
   </trkpt>
   <trkpt lat="54.287040000000005" lon="22.9053">
    <ele>193.06</ele>
   </trkpt>
   <trkpt lat="54.28680000000001" lon="22.90611">
    <ele>189.91000000000003</ele>
   </trkpt>
   <trkpt lat="54.28671000000001" lon="22.90631">
    <ele>189.41000000000003</ele>
   </trkpt>
   <trkpt lat="54.28658000000001" lon="22.906480000000002">
    <ele>188.25000000000003</ele>
   </trkpt>
   <trkpt lat="54.28634" lon="22.90652">
    <ele>185.72000000000003</ele>
   </trkpt>
   <trkpt lat="54.285725000041744" lon="22.90651499992569">
    <ele>180.54</ele>
   </trkpt>
   <trkpt lat="54.28511" lon="22.90651">
    <ele>177.19</ele>
   </trkpt>
   <trkpt lat="54.284330000000004" lon="22.90641">
    <ele>175.01000000000002</ele>
   </trkpt>
   <trkpt lat="54.28432" lon="22.90641">
    <ele>174.99</ele>
   </trkpt>
   <trkpt lat="54.28417" lon="22.906390000000002">
    <ele>174.53</ele>
   </trkpt>
   <trkpt lat="54.28385" lon="22.906380000000002">
    <ele>174.1</ele>
   </trkpt>
   <trkpt lat="54.28327" lon="22.9065">
    <ele>171.87000000000003</ele>
   </trkpt>
   <trkpt lat="54.28269" lon="22.906540000000003">
    <ele>168.62</ele>
   </trkpt>
   <trkpt lat="54.282540000000004" lon="22.90662">
    <ele>167.33</ele>
   </trkpt>
   <trkpt lat="54.282410000000006" lon="22.906570000000002">
    <ele>166.4</ele>
   </trkpt>
   <trkpt lat="54.28219000000001" lon="22.90659">
    <ele>165.85000000000002</ele>
   </trkpt>
   <trkpt lat="54.282000000000004" lon="22.906650000000003">
    <ele>163.79000000000002</ele>
   </trkpt>
   <trkpt lat="54.28184" lon="22.906670000000002">
    <ele>163.31</ele>
   </trkpt>
   <trkpt lat="54.281760000000006" lon="22.906660000000002">
    <ele>162.68</ele>
   </trkpt>
   <trkpt lat="54.281710000000004" lon="22.90662">
    <ele>162.61</ele>
   </trkpt>
   <trkpt lat="54.282030000000006" lon="22.905320000000003">
    <ele>168.19</ele>
   </trkpt>
   <trkpt lat="54.282180000000004" lon="22.90492">
    <ele>169.4</ele>
   </trkpt>
   <trkpt lat="54.282450000000004" lon="22.90443">
    <ele>169.95000000000002</ele>
   </trkpt>
   <trkpt lat="54.282650000000004" lon="22.904000000000003">
    <ele>171.20000000000002</ele>
   </trkpt>
   <trkpt lat="54.28302000000001" lon="22.902970000000003">
    <ele>173.31</ele>
   </trkpt>
   <trkpt lat="54.283100000000005" lon="22.90264">
    <ele>174.79</ele>
   </trkpt>
   <trkpt lat="54.28318" lon="22.902140000000003">
    <ele>176.63</ele>
   </trkpt>
   <trkpt lat="54.28314" lon="22.90209">
    <ele>176.63</ele>
   </trkpt>
   <trkpt lat="54.28307" lon="22.90193">
    <ele>176.18</ele>
   </trkpt>
   <trkpt lat="54.28298" lon="22.90153">
    <ele>175.59000000000003</ele>
   </trkpt>
   <trkpt lat="54.28275000000001" lon="22.90107">
    <ele>174.99</ele>
   </trkpt>
   <trkpt lat="54.28271" lon="22.900900000000004">
    <ele>174.63</ele>
   </trkpt>
   <trkpt lat="54.282700000000006" lon="22.900650000000002">
    <ele>173.78</ele>
   </trkpt>
   <trkpt lat="54.28273000000001" lon="22.90039">
    <ele>173.02</ele>
   </trkpt>
   <trkpt lat="54.282790000000006" lon="22.900080000000003">
    <ele>172.02</ele>
   </trkpt>
   <trkpt lat="54.28282" lon="22.899790000000003">
    <ele>171.58</ele>
   </trkpt>
   <trkpt lat="54.282810000000005" lon="22.89945">
    <ele>171.58</ele>
   </trkpt>
   <trkpt lat="54.28273000329679" lon="22.898554998077937">
    <ele>168.9</ele>
   </trkpt>
   <trkpt lat="54.282650000000004" lon="22.897660000000002">
    <ele>167.59</ele>
   </trkpt>
   <trkpt lat="54.28262" lon="22.897060000000003">
    <ele>166.41</ele>
   </trkpt>
   <trkpt lat="54.28258" lon="22.896790000000003">
    <ele>165.31</ele>
   </trkpt>
   <trkpt lat="54.282500000000006" lon="22.896620000000002">
    <ele>163.73000000000002</ele>
   </trkpt>
   <trkpt lat="54.282430000000005" lon="22.89655">
    <ele>162.47</ele>
   </trkpt>
   <trkpt lat="54.282320000000006" lon="22.896530000000002">
    <ele>159.82999999999998</ele>
   </trkpt>
   <trkpt lat="54.28188" lon="22.896710000000002">
    <ele>156.5</ele>
   </trkpt>
   <trkpt lat="54.28179000000001" lon="22.896680000000003">
    <ele>156.45</ele>
   </trkpt>
   <trkpt lat="54.281690000000005" lon="22.89657">
    <ele>156.60000000000002</ele>
   </trkpt>
   <trkpt lat="54.281600000000005" lon="22.896420000000003">
    <ele>157.10999999999999</ele>
   </trkpt>
   <trkpt lat="54.28152000000001" lon="22.896340000000002">
    <ele>157.59</ele>
   </trkpt>
   <trkpt lat="54.281380000000006" lon="22.89628">
    <ele>158.81</ele>
   </trkpt>
   <trkpt lat="54.28114000000001" lon="22.896310000000003">
    <ele>160.44</ele>
   </trkpt>
   <trkpt lat="54.28094" lon="22.8963">
    <ele>161.3</ele>
   </trkpt>
   <trkpt lat="54.28056" lon="22.896250000000002">
    <ele>161.88000000000002</ele>
   </trkpt>
   <trkpt lat="54.28018" lon="22.896230000000003">
    <ele>163.14000000000001</ele>
   </trkpt>
   <trkpt lat="54.279900000000005" lon="22.896150000000002">
    <ele>163.48000000000002</ele>
   </trkpt>
   <trkpt lat="54.27989" lon="22.896150000000002">
    <ele>163.48000000000002</ele>
   </trkpt>
   <trkpt lat="54.279540000000004" lon="22.896060000000002">
    <ele>163.56</ele>
   </trkpt>
   <trkpt lat="54.279250000000005" lon="22.896020000000004">
    <ele>162.99</ele>
   </trkpt>
   <trkpt lat="54.27915" lon="22.895960000000002">
    <ele>162.0</ele>
   </trkpt>
   <trkpt lat="54.27906" lon="22.895840000000003">
    <ele>161.07000000000002</ele>
   </trkpt>
   <trkpt lat="54.278710000000004" lon="22.89508">
    <ele>154.56</ele>
   </trkpt>
   <trkpt lat="54.27832000000001" lon="22.894440000000003">
    <ele>150.53000000000003</ele>
   </trkpt>
   <trkpt lat="54.27828" lon="22.894260000000003">
    <ele>150.12</ele>
   </trkpt>
   <trkpt lat="54.2783" lon="22.893960000000003">
    <ele>149.50000000000003</ele>
   </trkpt>
   <trkpt lat="54.27841" lon="22.89366">
    <ele>149.39000000000001</ele>
   </trkpt>
   <trkpt lat="54.27868" lon="22.89317">
    <ele>150.53000000000003</ele>
   </trkpt>
   <trkpt lat="54.278710000000004" lon="22.893020000000003">
    <ele>150.53000000000003</ele>
   </trkpt>
   <trkpt lat="54.278680002810205" lon="22.89219499925713">
    <ele>152.46</ele>
   </trkpt>
   <trkpt lat="54.278650000000006" lon="22.891370000000002">
    <ele>154.2</ele>
   </trkpt>
   <trkpt lat="54.2786950033132" lon="22.890475000981585">
    <ele>157.04000000000002</ele>
   </trkpt>
   <trkpt lat="54.278740000000006" lon="22.889580000000002">
    <ele>160.62</ele>
   </trkpt>
   <trkpt lat="54.278800000000004" lon="22.88916">
    <ele>163.02</ele>
   </trkpt>
   <trkpt lat="54.27875" lon="22.888740000000002">
    <ele>164.78</ele>
   </trkpt>
   <trkpt lat="54.27864" lon="22.88829">
    <ele>167.82000000000002</ele>
   </trkpt>
   <trkpt lat="54.278470000000006" lon="22.88775">
    <ele>169.77</ele>
   </trkpt>
   <trkpt lat="54.278360000000006" lon="22.88729">
    <ele>171.5</ele>
   </trkpt>
   <trkpt lat="54.278240000000004" lon="22.887010000000004">
    <ele>173.55</ele>
   </trkpt>
   <trkpt lat="54.277620000000006" lon="22.886080000000003">
    <ele>177.49</ele>
   </trkpt>
   <trkpt lat="54.277480000000004" lon="22.88584">
    <ele>178.17000000000002</ele>
   </trkpt>
   <trkpt lat="54.27684000000001" lon="22.885650000000002">
    <ele>182.83</ele>
   </trkpt>
   <trkpt lat="54.27667" lon="22.885550000000002">
    <ele>182.83</ele>
   </trkpt>
   <trkpt lat="54.27638" lon="22.88522">
    <ele>184.48</ele>
   </trkpt>
   <trkpt lat="54.276140000000005" lon="22.884860000000003">
    <ele>186.84</ele>
   </trkpt>
   <trkpt lat="54.27591" lon="22.884580000000003">
    <ele>187.66000000000003</ele>
   </trkpt>
   <trkpt lat="54.275510000000004" lon="22.884140000000002">
    <ele>187.81</ele>
   </trkpt>
   <trkpt lat="54.275290000000005" lon="22.883940000000003">
    <ele>188.23000000000002</ele>
   </trkpt>
   <trkpt lat="54.27459" lon="22.88344">
    <ele>189.26000000000002</ele>
   </trkpt>
   <trkpt lat="54.27449000000001" lon="22.883300000000002">
    <ele>189.20000000000002</ele>
   </trkpt>
   <trkpt lat="54.27436" lon="22.882920000000002">
    <ele>189.26000000000002</ele>
   </trkpt>
   <trkpt lat="54.274260000000005" lon="22.882350000000002">
    <ele>188.08</ele>
   </trkpt>
   <trkpt lat="54.27413000000001" lon="22.88194">
    <ele>187.71</ele>
   </trkpt>
   <trkpt lat="54.274100000000004" lon="22.881770000000003">
    <ele>186.99</ele>
   </trkpt>
   <trkpt lat="54.27409" lon="22.88144">
    <ele>185.21</ele>
   </trkpt>
   <trkpt lat="54.27403" lon="22.88108">
    <ele>183.24</ele>
   </trkpt>
   <trkpt lat="54.27391000000001" lon="22.88081">
    <ele>180.73</ele>
   </trkpt>
   <trkpt lat="54.27366000000001" lon="22.88043">
    <ele>178.1</ele>
   </trkpt>
   <trkpt lat="54.2734" lon="22.87994">
    <ele>177.49</ele>
   </trkpt>
   <trkpt lat="54.2732" lon="22.879690000000004">
    <ele>178.09000000000003</ele>
   </trkpt>
   <trkpt lat="54.272890000000004" lon="22.879450000000002">
    <ele>179.47000000000003</ele>
   </trkpt>
   <trkpt lat="54.27239" lon="22.87919">
    <ele>178.89000000000001</ele>
   </trkpt>
   <trkpt lat="54.27196000000001" lon="22.87899">
    <ele>178.42000000000002</ele>
   </trkpt>
   <trkpt lat="54.271950000000004" lon="22.87899">
    <ele>178.42000000000002</ele>
   </trkpt>
   <trkpt lat="54.27160000000001" lon="22.87883">
    <ele>179.4</ele>
   </trkpt>
   <trkpt lat="54.271530000000006" lon="22.878760000000003">
    <ele>179.89000000000001</ele>
   </trkpt>
   <trkpt lat="54.27145" lon="22.87853">
    <ele>181.1</ele>
   </trkpt>
   <trkpt lat="54.27140000000001" lon="22.877860000000002">
    <ele>185.59</ele>
   </trkpt>
   <trkpt lat="54.27131000000001" lon="22.877640000000003">
    <ele>187.23</ele>
   </trkpt>
   <trkpt lat="54.27112" lon="22.87743">
    <ele>188.87</ele>
   </trkpt>
   <trkpt lat="54.270770000000006" lon="22.877250000000004">
    <ele>190.97000000000003</ele>
   </trkpt>
   <trkpt lat="54.27062" lon="22.877110000000002">
    <ele>189.24</ele>
   </trkpt>
   <trkpt lat="54.27056" lon="22.87695">
    <ele>188.63000000000002</ele>
   </trkpt>
   <trkpt lat="54.27042" lon="22.876360000000002">
    <ele>183.23</ele>
   </trkpt>
   <trkpt lat="54.270430000000005" lon="22.875570000000003">
    <ele>179.99</ele>
   </trkpt>
   <trkpt lat="54.2704" lon="22.87544">
    <ele>179.99</ele>
   </trkpt>
   <trkpt lat="54.270340000000004" lon="22.875290000000003">
    <ele>178.42000000000002</ele>
   </trkpt>
   <trkpt lat="54.270230000000005" lon="22.875140000000002">
    <ele>178.42000000000002</ele>
   </trkpt>
   <trkpt lat="54.26979000000001" lon="22.87477">
    <ele>176.0</ele>
   </trkpt>
   <trkpt lat="54.269670000000005" lon="22.874550000000003">
    <ele>175.72</ele>
   </trkpt>
   <trkpt lat="54.26964" lon="22.87402">
    <ele>175.47</ele>
   </trkpt>
   <trkpt lat="54.26959000000001" lon="22.87374">
    <ele>174.92000000000002</ele>
   </trkpt>
   <trkpt lat="54.26937" lon="22.873040000000003">
    <ele>174.56000000000003</ele>
   </trkpt>
   <trkpt lat="54.269380000000005" lon="22.87271">
    <ele>173.59000000000003</ele>
   </trkpt>
   <trkpt lat="54.26955" lon="22.871940000000002">
    <ele>169.78</ele>
   </trkpt>
   <trkpt lat="54.26972000000001" lon="22.871290000000002">
    <ele>168.18</ele>
   </trkpt>
   <trkpt lat="54.2699100033559" lon="22.87038500432576">
    <ele>167.01000000000002</ele>
   </trkpt>
   <trkpt lat="54.270100000000006" lon="22.869480000000003">
    <ele>168.02</ele>
   </trkpt>
   <trkpt lat="54.27022" lon="22.86895">
    <ele>168.92000000000002</ele>
   </trkpt>
   <trkpt lat="54.27045000347191" lon="22.868035005072535">
    <ele>174.18</ele>
   </trkpt>
   <trkpt lat="54.270680000000006" lon="22.867120000000003">
    <ele>172.6</ele>
   </trkpt>
   <trkpt lat="54.27082000000001" lon="22.866410000000002">
    <ele>170.32000000000002</ele>
   </trkpt>
   <trkpt lat="54.270810000000004" lon="22.866200000000003">
    <ele>169.75</ele>
   </trkpt>
   <trkpt lat="54.27051" lon="22.86596">
    <ele>166.98000000000002</ele>
   </trkpt>
   <trkpt lat="54.270360000000004" lon="22.86589">
    <ele>165.69</ele>
   </trkpt>
   <trkpt lat="54.270010000000006" lon="22.865840000000002">
    <ele>164.22</ele>
   </trkpt>
   <trkpt lat="54.26973" lon="22.865840000000002">
    <ele>163.23000000000002</ele>
   </trkpt>
   <trkpt lat="54.26966" lon="22.86578">
    <ele>163.23000000000002</ele>
   </trkpt>
   <trkpt lat="54.26961000000001" lon="22.86569">
    <ele>162.99</ele>
   </trkpt>
   <trkpt lat="54.26957" lon="22.865550000000002">
    <ele>162.83</ele>
   </trkpt>
   <trkpt lat="54.26941000000001" lon="22.864410000000003">
    <ele>163.23000000000002</ele>
   </trkpt>
   <trkpt lat="54.269360000000006" lon="22.8642">
    <ele>163.23000000000002</ele>
   </trkpt>
   <trkpt lat="54.269270000000006" lon="22.86401">
    <ele>163.62</ele>
   </trkpt>
   <trkpt lat="54.26901" lon="22.86361">
    <ele>164.16</ele>
   </trkpt>
   <trkpt lat="54.26865" lon="22.862990000000003">
    <ele>164.89000000000001</ele>
   </trkpt>
   <trkpt lat="54.268330000000006" lon="22.86279">
    <ele>165.55</ele>
   </trkpt>
   <trkpt lat="54.26803" lon="22.86266">
    <ele>166.56</ele>
   </trkpt>
   <trkpt lat="54.26787" lon="22.862550000000002">
    <ele>166.56</ele>
   </trkpt>
   <trkpt lat="54.267590000000006" lon="22.86229">
    <ele>168.99</ele>
   </trkpt>
   <trkpt lat="54.26737000000001" lon="22.86214">
    <ele>170.21</ele>
   </trkpt>
   <trkpt lat="54.26708000000001" lon="22.86203">
    <ele>172.23000000000002</ele>
   </trkpt>
   <trkpt lat="54.26688000000001" lon="22.86192">
    <ele>173.53</ele>
   </trkpt>
   <trkpt lat="54.26672000000001" lon="22.861800000000002">
    <ele>174.02</ele>
   </trkpt>
   <trkpt lat="54.266200000000005" lon="22.86117">
    <ele>176.53000000000003</ele>
   </trkpt>
   <trkpt lat="54.265950000000004" lon="22.86092">
    <ele>176.61</ele>
   </trkpt>
   <trkpt lat="54.26574" lon="22.860770000000002">
    <ele>177.17000000000002</ele>
   </trkpt>
   <trkpt lat="54.265550000000005" lon="22.86071">
    <ele>178.05</ele>
   </trkpt>
   <trkpt lat="54.265550000000005" lon="22.8607">
    <ele>178.06000000000003</ele>
   </trkpt>
   <trkpt lat="54.265280000000004" lon="22.860580000000002">
    <ele>179.63</ele>
   </trkpt>
   <trkpt lat="54.265060000000005" lon="22.860370000000003">
    <ele>179.91</ele>
   </trkpt>
   <trkpt lat="54.26485" lon="22.860200000000003">
    <ele>180.48</ele>
   </trkpt>
   <trkpt lat="54.26431" lon="22.859540000000003">
    <ele>178.07</ele>
   </trkpt>
   <trkpt lat="54.264120000000005" lon="22.8594">
    <ele>177.67000000000002</ele>
   </trkpt>
   <trkpt lat="54.26395" lon="22.85931">
    <ele>176.74</ele>
   </trkpt>
   <trkpt lat="54.263780000000004" lon="22.859160000000003">
    <ele>175.87000000000003</ele>
   </trkpt>
   <trkpt lat="54.26348" lon="22.85885">
    <ele>173.34000000000003</ele>
   </trkpt>
   <trkpt lat="54.263360000000006" lon="22.85875">
    <ele>172.28</ele>
   </trkpt>
   <trkpt lat="54.263290000000005" lon="22.85872">
    <ele>171.48000000000002</ele>
   </trkpt>
   <trkpt lat="54.26315" lon="22.858770000000003">
    <ele>170.71</ele>
   </trkpt>
   <trkpt lat="54.26243" lon="22.85951">
    <ele>165.61</ele>
   </trkpt>
   <trkpt lat="54.2618" lon="22.86022">
    <ele>164.25</ele>
   </trkpt>
   <trkpt lat="54.261340000000004" lon="22.86081">
    <ele>165.81</ele>
   </trkpt>
   <trkpt lat="54.26109" lon="22.860750000000003">
    <ele>167.64000000000001</ele>
   </trkpt>
   <trkpt lat="54.260960000000004" lon="22.860640000000004">
    <ele>168.29000000000002</ele>
   </trkpt>
   <trkpt lat="54.26089" lon="22.86033">
    <ele>169.11</ele>
   </trkpt>
   <trkpt lat="54.26089" lon="22.85997">
    <ele>170.24</ele>
   </trkpt>
   <trkpt lat="54.26093" lon="22.859430000000003">
    <ele>171.78</ele>
   </trkpt>
   <trkpt lat="54.260940000000005" lon="22.85866">
    <ele>175.43</ele>
   </trkpt>
   <trkpt lat="54.260870000000004" lon="22.85836">
    <ele>178.25000000000003</ele>
   </trkpt>
   <trkpt lat="54.26059000000001" lon="22.857670000000002">
    <ele>180.99</ele>
   </trkpt>
   <trkpt lat="54.26059000000001" lon="22.857660000000003">
    <ele>181.04</ele>
   </trkpt>
   <trkpt lat="54.260560000000005" lon="22.857580000000002">
    <ele>181.46</ele>
   </trkpt>
   <trkpt lat="54.26043000000001" lon="22.856980000000004">
    <ele>183.8</ele>
   </trkpt>
   <trkpt lat="54.260380000000005" lon="22.85667">
    <ele>185.62</ele>
   </trkpt>
   <trkpt lat="54.26033" lon="22.855780000000003">
    <ele>186.88000000000002</ele>
   </trkpt>
   <trkpt lat="54.26023000000001" lon="22.854940000000003">
    <ele>184.98</ele>
   </trkpt>
   <trkpt lat="54.260490000000004" lon="22.854870000000002">
    <ele>186.09</ele>
   </trkpt>
   <trkpt lat="54.260830000000006" lon="22.854920000000003">
    <ele>189.12</ele>
   </trkpt>
   <trkpt lat="54.26097000000001" lon="22.85498">
    <ele>189.81</ele>
   </trkpt>
   <trkpt lat="54.26106000000001" lon="22.85499">
    <ele>190.35000000000002</ele>
   </trkpt>
   <trkpt lat="54.261520000000004" lon="22.85478">
    <ele>190.53</ele>
   </trkpt>
   <trkpt lat="54.261790000000005" lon="22.85471">
    <ele>190.69000000000003</ele>
   </trkpt>
   <trkpt lat="54.26227" lon="22.854660000000003">
    <ele>193.82000000000002</ele>
   </trkpt>
   <trkpt lat="54.262550000000005" lon="22.854550000000003">
    <ele>196.81</ele>
   </trkpt>
   <trkpt lat="54.262620000000005" lon="22.854470000000003">
    <ele>196.81</ele>
   </trkpt>
   <trkpt lat="54.2627" lon="22.854210000000002">
    <ele>199.71000000000004</ele>
   </trkpt>
   <trkpt lat="54.262750000000004" lon="22.853710000000003">
    <ele>203.41</ele>
   </trkpt>
   <trkpt lat="54.26281" lon="22.853460000000002">
    <ele>204.69</ele>
   </trkpt>
   <trkpt lat="54.26288" lon="22.85329">
    <ele>205.14000000000001</ele>
   </trkpt>
   <trkpt lat="54.263250000000006" lon="22.85272">
    <ele>207.08</ele>
   </trkpt>
   <trkpt lat="54.26348" lon="22.85253">
    <ele>209.91</ele>
   </trkpt>
   <trkpt lat="54.263720000000006" lon="22.852390000000003">
    <ele>211.34000000000003</ele>
   </trkpt>
   <trkpt lat="54.26384" lon="22.85215">
    <ele>211.22000000000003</ele>
   </trkpt>
   <trkpt lat="54.264120000000005" lon="22.852040000000002">
    <ele>211.54</ele>
   </trkpt>
   <trkpt lat="54.26429" lon="22.85208">
    <ele>211.65</ele>
   </trkpt>
   <trkpt lat="54.264450000000004" lon="22.85216">
    <ele>211.72000000000003</ele>
   </trkpt>
   <trkpt lat="54.26465" lon="22.852390000000003">
    <ele>212.16000000000003</ele>
   </trkpt>
   <trkpt lat="54.2648" lon="22.85253">
    <ele>212.96</ele>
   </trkpt>
   <trkpt lat="54.265150000000006" lon="22.85303">
    <ele>214.54</ele>
   </trkpt>
   <trkpt lat="54.265280000000004" lon="22.85312">
    <ele>214.95000000000002</ele>
   </trkpt>
   <trkpt lat="54.265510000000006" lon="22.853520000000003">
    <ele>214.78000000000003</ele>
   </trkpt>
   <trkpt lat="54.26561" lon="22.853630000000003">
    <ele>214.87</ele>
   </trkpt>
   <trkpt lat="54.26625000000001" lon="22.85396">
    <ele>217.28000000000003</ele>
   </trkpt>
   <trkpt lat="54.266510000000004" lon="22.853930000000002">
    <ele>219.99</ele>
   </trkpt>
   <trkpt lat="54.266920000000006" lon="22.85412">
    <ele>220.29000000000002</ele>
   </trkpt>
   <trkpt lat="54.267230000000005" lon="22.85434">
    <ele>216.93</ele>
   </trkpt>
   <trkpt lat="54.267340000000004" lon="22.85431">
    <ele>215.75000000000003</ele>
   </trkpt>
   <trkpt lat="54.26742" lon="22.85414">
    <ele>215.13000000000002</ele>
   </trkpt>
   <trkpt lat="54.26744000000001" lon="22.853810000000003">
    <ele>214.84000000000003</ele>
   </trkpt>
   <trkpt lat="54.26742" lon="22.85357">
    <ele>214.97000000000003</ele>
   </trkpt>
   <trkpt lat="54.26746000000001" lon="22.853350000000002">
    <ele>215.20000000000002</ele>
   </trkpt>
   <trkpt lat="54.2678" lon="22.85284">
    <ele>218.98</ele>
   </trkpt>
   <trkpt lat="54.267900000000004" lon="22.852710000000002">
    <ele>219.08</ele>
   </trkpt>
   <trkpt lat="54.26818000465808" lon="22.851650007163485">
    <ele>212.27</ele>
   </trkpt>
   <trkpt lat="54.268460000000005" lon="22.85059">
    <ele>212.82</ele>
   </trkpt>
   <trkpt lat="54.26869500210387" lon="22.849880003992226">
    <ele>217.78000000000003</ele>
   </trkpt>
   <trkpt lat="54.268930000000005" lon="22.84917">
    <ele>223.85000000000002</ele>
   </trkpt>
   <trkpt lat="54.269400000000005" lon="22.84868">
    <ele>227.27</ele>
   </trkpt>
   <trkpt lat="54.26957" lon="22.848480000000002">
    <ele>228.72</ele>
   </trkpt>
   <trkpt lat="54.26961000000001" lon="22.848390000000002">
    <ele>229.16000000000003</ele>
   </trkpt>
   <trkpt lat="54.269760000000005" lon="22.847070000000002">
    <ele>238.70000000000002</ele>
   </trkpt>
   <trkpt lat="54.269980000000004" lon="22.84652">
    <ele>243.78000000000003</ele>
   </trkpt>
   <trkpt lat="54.27042" lon="22.84589">
    <ele>246.69000000000003</ele>
   </trkpt>
   <trkpt lat="54.270690006222864" lon="22.844665007956777">
    <ele>247.92000000000002</ele>
   </trkpt>
   <trkpt lat="54.27096" lon="22.84344">
    <ele>252.01000000000002</ele>
   </trkpt>
   <trkpt lat="54.27110500304363" lon="22.842580003120304">
    <ele>250.52</ele>
   </trkpt>
   <trkpt lat="54.27125" lon="22.841720000000002">
    <ele>248.77</ele>
   </trkpt>
   <trkpt lat="54.271260000000005" lon="22.841510000000003">
    <ele>248.66000000000003</ele>
   </trkpt>
   <trkpt lat="54.27124000349187" lon="22.840589999114734">
    <ele>249.72000000000003</ele>
   </trkpt>
   <trkpt lat="54.27122000000001" lon="22.83967">
    <ele>251.51000000000002</ele>
   </trkpt>
   <trkpt lat="54.27125" lon="22.839280000000002">
    <ele>253.60999999999999</ele>
   </trkpt>
   <trkpt lat="54.27129000000001" lon="22.83914">
    <ele>255.26000000000005</ele>
   </trkpt>
   <trkpt lat="54.27145" lon="22.83892">
    <ele>256.89</ele>
   </trkpt>
   <trkpt lat="54.27161" lon="22.838800000000003">
    <ele>257.01</ele>
   </trkpt>
   <trkpt lat="54.27196000000001" lon="22.838440000000002">
    <ele>251.18</ele>
   </trkpt>
   <trkpt lat="54.27233000082704" lon="22.83794500469357">
    <ele>247.81000000000003</ele>
   </trkpt>
   <trkpt lat="54.27270000000001" lon="22.83745">
    <ele>244.75000000000003</ele>
   </trkpt>
   <trkpt lat="54.272760000000005" lon="22.837320000000002">
    <ele>244.67000000000002</ele>
   </trkpt>
   <trkpt lat="54.272800000000004" lon="22.83717">
    <ele>244.59000000000003</ele>
   </trkpt>
   <trkpt lat="54.272800000000004" lon="22.837030000000002">
    <ele>244.54</ele>
   </trkpt>
   <trkpt lat="54.272690000000004" lon="22.83602">
    <ele>241.82</ele>
   </trkpt>
   <trkpt lat="54.27291" lon="22.834860000000003">
    <ele>239.04000000000002</ele>
   </trkpt>
   <trkpt lat="54.273050000000005" lon="22.83464">
    <ele>238.97</ele>
   </trkpt>
   <trkpt lat="54.27299000000001" lon="22.83442">
    <ele>238.18000000000004</ele>
   </trkpt>
   <trkpt lat="54.272890000000004" lon="22.83417">
    <ele>237.49</ele>
   </trkpt>
   <trkpt lat="54.272780000000004" lon="22.83395">
    <ele>237.26000000000002</ele>
   </trkpt>
   <trkpt lat="54.27253" lon="22.83367">
    <ele>237.66</ele>
   </trkpt>
   <trkpt lat="54.27232000000001" lon="22.83348">
    <ele>238.53</ele>
   </trkpt>
   <trkpt lat="54.27208" lon="22.83331">
    <ele>238.03</ele>
   </trkpt>
   <trkpt lat="54.27181" lon="22.83323">
    <ele>238.01000000000002</ele>
   </trkpt>
   <trkpt lat="54.271420000000006" lon="22.83304">
    <ele>239.96</ele>
   </trkpt>
   <trkpt lat="54.271300000000004" lon="22.833000000000002">
    <ele>240.75000000000003</ele>
   </trkpt>
   <trkpt lat="54.271170000000005" lon="22.832980000000003">
    <ele>242.76000000000002</ele>
   </trkpt>
   <trkpt lat="54.27094" lon="22.83302">
    <ele>245.3</ele>
   </trkpt>
   <trkpt lat="54.27044000000001" lon="22.833260000000003">
    <ele>251.19000000000003</ele>
   </trkpt>
   <trkpt lat="54.270250000000004" lon="22.833380000000002">
    <ele>251.95</ele>
   </trkpt>
   <trkpt lat="54.26973" lon="22.83376">
    <ele>251.78</ele>
   </trkpt>
   <trkpt lat="54.269490000000005" lon="22.83388">
    <ele>249.34000000000003</ele>
   </trkpt>
   <trkpt lat="54.268890000000006" lon="22.83407">
    <ele>245.50000000000003</ele>
   </trkpt>
   <trkpt lat="54.268750000000004" lon="22.834130000000002">
    <ele>245.09000000000003</ele>
   </trkpt>
   <trkpt lat="54.268660000000004" lon="22.834190000000003">
    <ele>244.41000000000003</ele>
   </trkpt>
   <trkpt lat="54.268510000000006" lon="22.834090000000003">
    <ele>243.84000000000003</ele>
   </trkpt>
   <trkpt lat="54.26796" lon="22.83348">
    <ele>242.56000000000003</ele>
   </trkpt>
   <trkpt lat="54.26774" lon="22.83285">
    <ele>243.38</ele>
   </trkpt>
   <trkpt lat="54.26737000000001" lon="22.8319">
    <ele>247.66000000000003</ele>
   </trkpt>
   <trkpt lat="54.26711500224969" lon="22.831159995376563">
    <ele>249.22000000000003</ele>
   </trkpt>
   <trkpt lat="54.26686" lon="22.83042">
    <ele>249.65</ele>
   </trkpt>
   <trkpt lat="54.26671" lon="22.83003">
    <ele>247.52</ele>
   </trkpt>
   <trkpt lat="54.266490000000005" lon="22.829580000000004">
    <ele>247.13000000000002</ele>
   </trkpt>
   <trkpt lat="54.266380000000005" lon="22.829520000000002">
    <ele>247.22000000000003</ele>
   </trkpt>
   <trkpt lat="54.26558000000001" lon="22.82976">
    <ele>246.67000000000002</ele>
   </trkpt>
   <trkpt lat="54.2655" lon="22.82976">
    <ele>246.47000000000003</ele>
   </trkpt>
   <trkpt lat="54.265350000000005" lon="22.829700000000003">
    <ele>246.33</ele>
   </trkpt>
   <trkpt lat="54.265280000000004" lon="22.82964">
    <ele>246.03000000000003</ele>
   </trkpt>
   <trkpt lat="54.26514" lon="22.829490000000003">
    <ele>245.78000000000003</ele>
   </trkpt>
   <trkpt lat="54.26489" lon="22.829140000000002">
    <ele>244.15000000000003</ele>
   </trkpt>
   <trkpt lat="54.264720000000004" lon="22.829030000000003">
    <ele>242.08</ele>
   </trkpt>
   <trkpt lat="54.26465" lon="22.82901">
    <ele>241.43000000000004</ele>
   </trkpt>
   <trkpt lat="54.26436" lon="22.82917">
    <ele>235.79000000000002</ele>
   </trkpt>
   <trkpt lat="54.26428000000001" lon="22.82916">
    <ele>234.70000000000002</ele>
   </trkpt>
   <trkpt lat="54.26411" lon="22.829030000000003">
    <ele>233.68000000000004</ele>
   </trkpt>
   <trkpt lat="54.264030000000005" lon="22.829020000000003">
    <ele>233.61</ele>
   </trkpt>
   <trkpt lat="54.263960000000004" lon="22.829050000000002">
    <ele>233.63000000000002</ele>
   </trkpt>
   <trkpt lat="54.26390000000001" lon="22.829140000000002">
    <ele>233.79000000000002</ele>
   </trkpt>
   <trkpt lat="54.26386" lon="22.829240000000002">
    <ele>233.85000000000002</ele>
   </trkpt>
   <trkpt lat="54.26382" lon="22.82944">
    <ele>233.81</ele>
   </trkpt>
   <trkpt lat="54.263720000000006" lon="22.830250000000003">
    <ele>234.17000000000002</ele>
   </trkpt>
   <trkpt lat="54.26348" lon="22.83104">
    <ele>238.67000000000002</ele>
   </trkpt>
   <trkpt lat="54.26339" lon="22.83141">
    <ele>240.08</ele>
   </trkpt>
   <trkpt lat="54.26332000000001" lon="22.8316">
    <ele>240.01000000000002</ele>
   </trkpt>
   <trkpt lat="54.26321000000001" lon="22.831760000000003">
    <ele>243.04</ele>
   </trkpt>
   <trkpt lat="54.26288" lon="22.83209">
    <ele>246.02</ele>
   </trkpt>
   <trkpt lat="54.26279" lon="22.832130000000003">
    <ele>246.24</ele>
   </trkpt>
   <trkpt lat="54.262600000000006" lon="22.833360000000003">
    <ele>244.91000000000003</ele>
   </trkpt>
   <trkpt lat="54.262370000000004" lon="22.83432">
    <ele>244.59000000000003</ele>
   </trkpt>
   <trkpt lat="54.26220000000001" lon="22.834860000000003">
    <ele>245.32</ele>
   </trkpt>
   <trkpt lat="54.262150000000005" lon="22.835410000000003">
    <ele>246.08</ele>
   </trkpt>
   <trkpt lat="54.262100000000004" lon="22.83547">
    <ele>246.1</ele>
   </trkpt>
   <trkpt lat="54.26202000000001" lon="22.835500000000003">
    <ele>246.1</ele>
   </trkpt>
   <trkpt lat="54.26187" lon="22.83545">
    <ele>246.16000000000003</ele>
   </trkpt>
   <trkpt lat="54.26171000000001" lon="22.83538">
    <ele>246.68</ele>
   </trkpt>
   <trkpt lat="54.26149" lon="22.835230000000003">
    <ele>248.13000000000002</ele>
   </trkpt>
   <trkpt lat="54.261230000000005" lon="22.83509">
    <ele>250.10000000000005</ele>
   </trkpt>
   <trkpt lat="54.26108000000001" lon="22.83491">
    <ele>250.3</ele>
   </trkpt>
   <trkpt lat="54.26048" lon="22.833930000000002">
    <ele>250.98000000000002</ele>
   </trkpt>
   <trkpt lat="54.26035" lon="22.83377">
    <ele>251.03000000000003</ele>
   </trkpt>
   <trkpt lat="54.260290000000005" lon="22.833740000000002">
    <ele>250.95</ele>
   </trkpt>
   <trkpt lat="54.26014000000001" lon="22.833740000000002">
    <ele>249.73</ele>
   </trkpt>
   <trkpt lat="54.260070000000006" lon="22.8338">
    <ele>248.8</ele>
   </trkpt>
   <trkpt lat="54.260040000000004" lon="22.83389">
    <ele>247.31000000000003</ele>
   </trkpt>
   <trkpt lat="54.26003000000001" lon="22.834000000000003">
    <ele>247.31000000000003</ele>
   </trkpt>
   <trkpt lat="54.260070000000006" lon="22.834780000000002">
    <ele>241.50000000000003</ele>
   </trkpt>
   <trkpt lat="54.25996000000001" lon="22.835440000000002">
    <ele>234.57000000000002</ele>
   </trkpt>
   <trkpt lat="54.25992" lon="22.835900000000002">
    <ele>231.32000000000002</ele>
   </trkpt>
   <trkpt lat="54.260270000000006" lon="22.83726">
    <ele>220.02</ele>
   </trkpt>
   <trkpt lat="54.26033" lon="22.837690000000002">
    <ele>218.13000000000002</ele>
   </trkpt>
   <trkpt lat="54.26032000000001" lon="22.83791">
    <ele>217.39000000000001</ele>
   </trkpt>
   <trkpt lat="54.26026" lon="22.8382">
    <ele>216.41000000000003</ele>
   </trkpt>
   <trkpt lat="54.26012000000001" lon="22.839270000000003">
    <ele>212.33</ele>
   </trkpt>
   <trkpt lat="54.26003000000001" lon="22.84062">
    <ele>211.01000000000002</ele>
   </trkpt>
   <trkpt lat="54.260020000000004" lon="22.841050000000003">
    <ele>211.56000000000003</ele>
   </trkpt>
   <trkpt lat="54.26014000000001" lon="22.84118">
    <ele>211.4</ele>
   </trkpt>
   <trkpt lat="54.260630000000006" lon="22.84176">
    <ele>212.08</ele>
   </trkpt>
   <trkpt lat="54.260940000000005" lon="22.8424">
    <ele>212.29</ele>
   </trkpt>
   <trkpt lat="54.26108000000001" lon="22.84279">
    <ele>211.67000000000002</ele>
   </trkpt>
   <trkpt lat="54.26108000000001" lon="22.84278">
    <ele>211.72000000000003</ele>
   </trkpt>
   <trkpt lat="54.261190000000006" lon="22.84308">
    <ele>209.71</ele>
   </trkpt>
   <trkpt lat="54.26124000000001" lon="22.843470000000003">
    <ele>206.51000000000002</ele>
   </trkpt>
   <trkpt lat="54.26124000000001" lon="22.84364">
    <ele>204.25</ele>
   </trkpt>
   <trkpt lat="54.26111" lon="22.84408">
    <ele>200.38</ele>
   </trkpt>
   <trkpt lat="54.26052000000001" lon="22.84514">
    <ele>194.25</ele>
   </trkpt>
   <trkpt lat="54.26028" lon="22.845470000000002">
    <ele>192.07000000000002</ele>
   </trkpt>
   <trkpt lat="54.26014000000001" lon="22.84588">
    <ele>190.68</ele>
   </trkpt>
   <trkpt lat="54.260110000000005" lon="22.84609">
    <ele>190.16000000000003</ele>
   </trkpt>
   <trkpt lat="54.26006" lon="22.84719">
    <ele>188.15</ele>
   </trkpt>
   <trkpt lat="54.25995" lon="22.847420000000003">
    <ele>187.8</ele>
   </trkpt>
   <trkpt lat="54.259750000000004" lon="22.847710000000003">
    <ele>186.53000000000003</ele>
   </trkpt>
   <trkpt lat="54.25963" lon="22.84793">
    <ele>185.36</ele>
   </trkpt>
   <trkpt lat="54.25958000000001" lon="22.84814">
    <ele>183.98</ele>
   </trkpt>
   <trkpt lat="54.259550000000004" lon="22.848650000000003">
    <ele>179.51</ele>
   </trkpt>
   <trkpt lat="54.259570000000004" lon="22.850040000000003">
    <ele>179.71</ele>
   </trkpt>
   <trkpt lat="54.25943" lon="22.85001">
    <ele>177.8</ele>
   </trkpt>
   <trkpt lat="54.259150000000005" lon="22.850060000000003">
    <ele>174.32</ele>
   </trkpt>
   <trkpt lat="54.25894" lon="22.850160000000002">
    <ele>171.72</ele>
   </trkpt>
   <trkpt lat="54.258570000000006" lon="22.850430000000003">
    <ele>169.88</ele>
   </trkpt>
   <trkpt lat="54.25844000000001" lon="22.850450000000002">
    <ele>170.09</ele>
   </trkpt>
   <trkpt lat="54.25802" lon="22.850340000000003">
    <ele>172.35</ele>
   </trkpt>
   <trkpt lat="54.257360000000006" lon="22.8502">
    <ele>170.64000000000001</ele>
   </trkpt>
   <trkpt lat="54.257090000000005" lon="22.85012">
    <ele>169.86</ele>
   </trkpt>
   <trkpt lat="54.256840000000004" lon="22.849980000000002">
    <ele>168.85</ele>
   </trkpt>
   <trkpt lat="54.25618000000001" lon="22.84943">
    <ele>167.31</ele>
   </trkpt>
   <trkpt lat="54.25607" lon="22.849380000000004">
    <ele>167.33</ele>
   </trkpt>
   <trkpt lat="54.25607" lon="22.84937">
    <ele>167.33</ele>
   </trkpt>
   <trkpt lat="54.25578" lon="22.84928">
    <ele>167.70000000000002</ele>
   </trkpt>
   <trkpt lat="54.255590000000005" lon="22.84928">
    <ele>167.70000000000002</ele>
   </trkpt>
   <trkpt lat="54.25506000000001" lon="22.849480000000003">
    <ele>168.18</ele>
   </trkpt>
   <trkpt lat="54.25493" lon="22.849500000000003">
    <ele>168.18</ele>
   </trkpt>
   <trkpt lat="54.25479000000001" lon="22.849500000000003">
    <ele>168.43</ele>
   </trkpt>
   <trkpt lat="54.25448" lon="22.84936">
    <ele>168.48000000000002</ele>
   </trkpt>
   <trkpt lat="54.25437" lon="22.84936">
    <ele>168.51000000000002</ele>
   </trkpt>
   <trkpt lat="54.25394000000001" lon="22.849590000000003">
    <ele>168.95000000000002</ele>
   </trkpt>
   <trkpt lat="54.25383000000001" lon="22.849600000000002">
    <ele>169.0</ele>
   </trkpt>
   <trkpt lat="54.253750000000004" lon="22.849580000000003">
    <ele>168.99</ele>
   </trkpt>
   <trkpt lat="54.253640000000004" lon="22.84944">
    <ele>168.94</ele>
   </trkpt>
   <trkpt lat="54.253490000000006" lon="22.849140000000002">
    <ele>168.53</ele>
   </trkpt>
   <trkpt lat="54.25332" lon="22.848580000000002">
    <ele>168.39000000000001</ele>
   </trkpt>
   <trkpt lat="54.25307" lon="22.847620000000003">
    <ele>167.69</ele>
   </trkpt>
   <trkpt lat="54.25298000000001" lon="22.84738">
    <ele>167.61</ele>
   </trkpt>
   <trkpt lat="54.25283" lon="22.847160000000002">
    <ele>167.62</ele>
   </trkpt>
   <trkpt lat="54.252720000000004" lon="22.847050000000003">
    <ele>167.73000000000002</ele>
   </trkpt>
   <trkpt lat="54.25258" lon="22.84699">
    <ele>167.85000000000002</ele>
   </trkpt>
   <trkpt lat="54.25249" lon="22.846980000000002">
    <ele>168.11</ele>
   </trkpt>
   <trkpt lat="54.252100000000006" lon="22.84712">
    <ele>168.45000000000002</ele>
   </trkpt>
   <trkpt lat="54.25197000000001" lon="22.847140000000003">
    <ele>168.55</ele>
   </trkpt>
   <trkpt lat="54.251850000000005" lon="22.847080000000002">
    <ele>168.59</ele>
   </trkpt>
   <trkpt lat="54.251760000000004" lon="22.84699">
    <ele>168.53</ele>
   </trkpt>
   <trkpt lat="54.25171" lon="22.8469">
    <ele>168.53</ele>
   </trkpt>
   <trkpt lat="54.25155" lon="22.846400000000003">
    <ele>168.92000000000002</ele>
   </trkpt>
   <trkpt lat="54.25125500519129" lon="22.845284992203126">
    <ele>168.36</ele>
   </trkpt>
   <trkpt lat="54.250960000000006" lon="22.844170000000002">
    <ele>169.20000000000002</ele>
   </trkpt>
   <trkpt lat="54.250890000000005" lon="22.84402">
    <ele>169.22</ele>
   </trkpt>
   <trkpt lat="54.250820000000004" lon="22.843950000000003">
    <ele>169.19</ele>
   </trkpt>
   <trkpt lat="54.2507" lon="22.843870000000003">
    <ele>169.13</ele>
   </trkpt>
   <trkpt lat="54.250530000000005" lon="22.84381">
    <ele>168.83</ele>
   </trkpt>
   <trkpt lat="54.25029000000001" lon="22.843770000000003">
    <ele>168.23000000000002</ele>
   </trkpt>
   <trkpt lat="54.249610000000004" lon="22.84371">
    <ele>167.56</ele>
   </trkpt>
   <trkpt lat="54.249340000000004" lon="22.843660000000003">
    <ele>168.02</ele>
   </trkpt>
   <trkpt lat="54.24915000000001" lon="22.843580000000003">
    <ele>168.95000000000002</ele>
   </trkpt>
   <trkpt lat="54.24869" lon="22.84315">
    <ele>171.56</ele>
   </trkpt>
   <trkpt lat="54.24859000000001" lon="22.843100000000003">
    <ele>171.68000000000004</ele>
   </trkpt>
   <trkpt lat="54.24842" lon="22.84308">
    <ele>171.82</ele>
   </trkpt>
   <trkpt lat="54.24822" lon="22.843020000000003">
    <ele>172.19</ele>
   </trkpt>
   <trkpt lat="54.247730000000004" lon="22.842730000000003">
    <ele>171.91</ele>
   </trkpt>
   <trkpt lat="54.24730000048697" lon="22.842419996832966">
    <ele>172.54000000000002</ele>
   </trkpt>
   <trkpt lat="54.24687" lon="22.84211">
    <ele>174.20000000000002</ele>
   </trkpt>
   <trkpt lat="54.24644000000001" lon="22.84174">
    <ele>172.65000000000003</ele>
   </trkpt>
   <trkpt lat="54.246" lon="22.841310000000004">
    <ele>172.20000000000002</ele>
   </trkpt>
   <trkpt lat="54.246" lon="22.8413">
    <ele>172.20000000000002</ele>
   </trkpt>
   <trkpt lat="54.245450000000005" lon="22.84054">
    <ele>175.91</ele>
   </trkpt>
   <trkpt lat="54.244960000000006" lon="22.83997">
    <ele>180.69000000000003</ele>
   </trkpt>
   <trkpt lat="54.24479" lon="22.839810000000003">
    <ele>182.23</ele>
   </trkpt>
   <trkpt lat="54.24461" lon="22.8397">
    <ele>183.25000000000003</ele>
   </trkpt>
   <trkpt lat="54.24427000000001" lon="22.839550000000003">
    <ele>186.17</ele>
   </trkpt>
   <trkpt lat="54.243930000000006" lon="22.839480000000002">
    <ele>189.01000000000002</ele>
   </trkpt>
   <trkpt lat="54.243730000000006" lon="22.839480000000002">
    <ele>189.42</ele>
   </trkpt>
   <trkpt lat="54.24334" lon="22.83943">
    <ele>189.64</ele>
   </trkpt>
   <trkpt lat="54.2432" lon="22.83943">
    <ele>190.24</ele>
   </trkpt>
   <trkpt lat="54.24307" lon="22.839470000000002">
    <ele>191.17000000000002</ele>
   </trkpt>
   <trkpt lat="54.24295000000001" lon="22.839540000000003">
    <ele>191.93</ele>
   </trkpt>
   <trkpt lat="54.24251500025833" lon="22.839840003241694">
    <ele>196.14000000000001</ele>
   </trkpt>
   <trkpt lat="54.24208" lon="22.84014">
    <ele>197.88000000000002</ele>
   </trkpt>
   <trkpt lat="54.24195" lon="22.840190000000003">
    <ele>198.85000000000002</ele>
   </trkpt>
   <trkpt lat="54.24177" lon="22.840220000000002">
    <ele>197.72</ele>
   </trkpt>
   <trkpt lat="54.2413049998031" lon="22.84020999988306">
    <ele>194.02</ele>
   </trkpt>
   <trkpt lat="54.240840000000006" lon="22.840200000000003">
    <ele>188.43</ele>
   </trkpt>
   <trkpt lat="54.24065" lon="22.84017">
    <ele>186.4</ele>
   </trkpt>
   <trkpt lat="54.240520000000004" lon="22.840110000000003">
    <ele>185.50000000000003</ele>
   </trkpt>
   <trkpt lat="54.2404" lon="22.840000000000003">
    <ele>184.99</ele>
   </trkpt>
   <trkpt lat="54.23989" lon="22.83969">
    <ele>184.21</ele>
   </trkpt>
   <trkpt lat="54.239290000000004" lon="22.839290000000002">
    <ele>186.62</ele>
   </trkpt>
   <trkpt lat="54.238980000000005" lon="22.83911">
    <ele>189.13000000000002</ele>
   </trkpt>
   <trkpt lat="54.2389" lon="22.839000000000002">
    <ele>189.53</ele>
   </trkpt>
   <trkpt lat="54.2392250034238" lon="22.838085007322007">
    <ele>186.51000000000002</ele>
   </trkpt>
   <trkpt lat="54.23955" lon="22.83717">
    <ele>183.74</ele>
   </trkpt>
   <trkpt lat="54.239610000000006" lon="22.836920000000003">
    <ele>183.19000000000003</ele>
   </trkpt>
   <trkpt lat="54.23962" lon="22.836740000000002">
    <ele>182.49</ele>
   </trkpt>
   <trkpt lat="54.2396" lon="22.83658">
    <ele>182.26</ele>
   </trkpt>
   <trkpt lat="54.23950000000001" lon="22.8363">
    <ele>181.27</ele>
   </trkpt>
   <trkpt lat="54.23939000000001" lon="22.836090000000002">
    <ele>180.44000000000003</ele>
   </trkpt>
   <trkpt lat="54.238980000000005" lon="22.835530000000002">
    <ele>181.00000000000003</ele>
   </trkpt>
   <trkpt lat="54.23881000000001" lon="22.835160000000002">
    <ele>180.4</ele>
   </trkpt>
   <trkpt lat="54.23863000000001" lon="22.834680000000002">
    <ele>176.91</ele>
   </trkpt>
   <trkpt lat="54.23857" lon="22.834460000000004">
    <ele>175.59000000000003</ele>
   </trkpt>
   <trkpt lat="54.23837" lon="22.83321">
    <ele>175.49</ele>
   </trkpt>
   <trkpt lat="54.23827000000001" lon="22.833000000000002">
    <ele>176.1</ele>
   </trkpt>
   <trkpt lat="54.23805" lon="22.83276">
    <ele>178.27</ele>
   </trkpt>
   <trkpt lat="54.238020000000006" lon="22.832520000000002">
    <ele>179.16</ele>
   </trkpt>
   <trkpt lat="54.238080000000004" lon="22.832240000000002">
    <ele>179.53000000000003</ele>
   </trkpt>
   <trkpt lat="54.23832500228209" lon="22.83149500446837">
    <ele>184.31</ele>
   </trkpt>
   <trkpt lat="54.23857" lon="22.830750000000002">
    <ele>187.26000000000002</ele>
   </trkpt>
   <trkpt lat="54.238620000000004" lon="22.830560000000002">
    <ele>187.38000000000002</ele>
   </trkpt>
   <trkpt lat="54.238640000000004" lon="22.830260000000003">
    <ele>188.00000000000003</ele>
   </trkpt>
   <trkpt lat="54.238620000000004" lon="22.829970000000003">
    <ele>188.52</ele>
   </trkpt>
   <trkpt lat="54.23857" lon="22.82964">
    <ele>189.39</ele>
   </trkpt>
   <trkpt lat="54.23809000000001" lon="22.828850000000003">
    <ele>187.26000000000002</ele>
   </trkpt>
   <trkpt lat="54.23792" lon="22.828640000000004">
    <ele>186.58</ele>
   </trkpt>
   <trkpt lat="54.23763" lon="22.828390000000002">
    <ele>186.55</ele>
   </trkpt>
   <trkpt lat="54.23747" lon="22.828300000000002">
    <ele>186.68</ele>
   </trkpt>
   <trkpt lat="54.23713000000001" lon="22.828200000000002">
    <ele>187.83</ele>
   </trkpt>
   <trkpt lat="54.236920000000005" lon="22.827990000000003">
    <ele>189.54000000000002</ele>
   </trkpt>
   <trkpt lat="54.236740000000005" lon="22.82776">
    <ele>189.91000000000003</ele>
   </trkpt>
   <trkpt lat="54.23673" lon="22.82776">
    <ele>189.93</ele>
   </trkpt>
   <trkpt lat="54.23621000000001" lon="22.82711">
    <ele>194.83</ele>
   </trkpt>
   <trkpt lat="54.235980000000005" lon="22.82654">
    <ele>201.4</ele>
   </trkpt>
   <trkpt lat="54.23575" lon="22.82534">
    <ele>211.55</ele>
   </trkpt>
   <trkpt lat="54.23544000592401" lon="22.824139990848625">
    <ele>221.20000000000002</ele>
   </trkpt>
   <trkpt lat="54.235130000000005" lon="22.822940000000003">
    <ele>231.72</ele>
   </trkpt>
   <trkpt lat="54.23498000000001" lon="22.82204">
    <ele>237.04000000000002</ele>
   </trkpt>
   <trkpt lat="54.23481" lon="22.82137">
    <ele>238.71000000000004</ele>
   </trkpt>
   <trkpt lat="54.23478000000001" lon="22.821050000000003">
    <ele>239.29000000000002</ele>
   </trkpt>
   <trkpt lat="54.23476" lon="22.820410000000003">
    <ele>241.91</ele>
   </trkpt>
   <trkpt lat="54.23478000000001" lon="22.819630000000004">
    <ele>243.29</ele>
   </trkpt>
   <trkpt lat="54.23472" lon="22.818990000000003">
    <ele>241.86</ele>
   </trkpt>
   <trkpt lat="54.23465" lon="22.818540000000002">
    <ele>241.22</ele>
   </trkpt>
   <trkpt lat="54.23447" lon="22.81784">
    <ele>241.62000000000003</ele>
   </trkpt>
   <trkpt lat="54.23445" lon="22.81755">
    <ele>241.64000000000001</ele>
   </trkpt>
   <trkpt lat="54.23453000000001" lon="22.817230000000002">
    <ele>241.19</ele>
   </trkpt>
   <trkpt lat="54.23463" lon="22.81698">
    <ele>240.19</ele>
   </trkpt>
   <trkpt lat="54.235020000000006" lon="22.816160000000004">
    <ele>239.03</ele>
   </trkpt>
   <trkpt lat="54.2353" lon="22.81547">
    <ele>236.92000000000002</ele>
   </trkpt>
   <trkpt lat="54.235510000000005" lon="22.81471">
    <ele>236.62000000000003</ele>
   </trkpt>
   <trkpt lat="54.23552" lon="22.81445">
    <ele>236.94</ele>
   </trkpt>
   <trkpt lat="54.235620000000004" lon="22.81433">
    <ele>236.73000000000002</ele>
   </trkpt>
   <trkpt lat="54.23612000599526" lon="22.813125014633307">
    <ele>237.35000000000002</ele>
   </trkpt>
   <trkpt lat="54.23662" lon="22.81192">
    <ele>237.91</ele>
   </trkpt>
   <trkpt lat="54.2366" lon="22.811980000000002">
    <ele>237.90000000000003</ele>
   </trkpt>
   <trkpt lat="54.23710500663996" lon="22.810715015436617">
    <ele>237.72</ele>
   </trkpt>
   <trkpt lat="54.237610000000004" lon="22.809450000000002">
    <ele>237.15000000000003</ele>
   </trkpt>
   <trkpt lat="54.23810668010589" lon="22.808176697268582">
    <ele>236.72</ele>
   </trkpt>
   <trkpt lat="54.23860334679223" lon="22.80690336388545">
    <ele>238.5</ele>
   </trkpt>
   <trkpt lat="54.23910000000001" lon="22.80563">
    <ele>239.76000000000002</ele>
   </trkpt>
   <trkpt lat="54.239520000000006" lon="22.80448">
    <ele>239.69</ele>
   </trkpt>
   <trkpt lat="54.23994001434788" lon="22.803405032824188">
    <ele>239.45000000000002</ele>
   </trkpt>
   <trkpt lat="54.240360019131465" lon="22.802330043763952">
    <ele>237.81</ele>
   </trkpt>
   <trkpt lat="54.24078001435038" lon="22.801255032819018">
    <ele>236.61</ele>
   </trkpt>
   <trkpt lat="54.241200000000006" lon="22.80018">
    <ele>234.36</ele>
   </trkpt>
   <trkpt lat="54.24158500376352" lon="22.799220009083275">
    <ele>235.43000000000004</ele>
   </trkpt>
   <trkpt lat="54.24197" lon="22.798260000000003">
    <ele>235.09</ele>
   </trkpt>
   <trkpt lat="54.242270000000005" lon="22.797300000000003">
    <ele>235.85000000000002</ele>
   </trkpt>
   <trkpt lat="54.24233" lon="22.79716">
    <ele>235.85000000000002</ele>
   </trkpt>
   <trkpt lat="54.24235" lon="22.796930000000003">
    <ele>235.23000000000002</ele>
   </trkpt>
   <trkpt lat="54.242615004443905" lon="22.795900006406992">
    <ele>234.37</ele>
   </trkpt>
   <trkpt lat="54.24288000000001" lon="22.794870000000003">
    <ele>234.53</ele>
   </trkpt>
   <trkpt lat="54.24295000000001" lon="22.794510000000002">
    <ele>234.75</ele>
   </trkpt>
   <trkpt lat="54.24297000000001" lon="22.793870000000002">
    <ele>234.92000000000002</ele>
   </trkpt>
   <trkpt lat="54.24295000000001" lon="22.793660000000003">
    <ele>235.16</ele>
   </trkpt>
   <trkpt lat="54.242900000000006" lon="22.793460000000003">
    <ele>235.16</ele>
   </trkpt>
   <trkpt lat="54.24278" lon="22.793190000000003">
    <ele>236.10000000000002</ele>
   </trkpt>
   <trkpt lat="54.24208501066975" lon="22.792262453116006">
    <ele>236.27</ele>
   </trkpt>
   <trkpt lat="54.24139001421912" lon="22.79133493747981">
    <ele>235.92000000000002</ele>
   </trkpt>
   <trkpt lat="54.24069501064857" lon="22.790407453089873">
    <ele>235.41</ele>
   </trkpt>
   <trkpt lat="54.24" lon="22.78948">
    <ele>234.91</ele>
   </trkpt>
   <trkpt lat="54.239495001518094" lon="22.78885999232285">
    <ele>234.44</ele>
   </trkpt>
   <trkpt lat="54.23899" lon="22.788240000000002">
    <ele>232.75</ele>
   </trkpt>
   <trkpt lat="54.238420000000005" lon="22.78751">
    <ele>231.82000000000002</ele>
   </trkpt>
   <trkpt lat="54.238200000000006" lon="22.787160000000004">
    <ele>230.9</ele>
   </trkpt>
   <trkpt lat="54.23789000000001" lon="22.786520000000003">
    <ele>228.70000000000002</ele>
   </trkpt>
   <trkpt lat="54.23772" lon="22.786060000000003">
    <ele>226.70000000000002</ele>
   </trkpt>
   <trkpt lat="54.237700000000004" lon="22.785970000000002">
    <ele>226.31</ele>
   </trkpt>
   <trkpt lat="54.237700000000004" lon="22.785960000000003">
    <ele>226.34</ele>
   </trkpt>
   <trkpt lat="54.23762000000001" lon="22.785580000000003">
    <ele>224.56</ele>
   </trkpt>
   <trkpt lat="54.237550000000006" lon="22.78508">
    <ele>220.64000000000001</ele>
   </trkpt>
   <trkpt lat="54.23751000000001" lon="22.784070000000003">
    <ele>215.58</ele>
   </trkpt>
   <trkpt lat="54.237550000000006" lon="22.783050000000003">
    <ele>214.4</ele>
   </trkpt>
   <trkpt lat="54.237590000000004" lon="22.7828">
    <ele>214.9</ele>
   </trkpt>
   <trkpt lat="54.237680000000005" lon="22.78245">
    <ele>216.23</ele>
   </trkpt>
   <trkpt lat="54.23783" lon="22.78217">
    <ele>218.28000000000003</ele>
   </trkpt>
   <trkpt lat="54.238400000000006" lon="22.7814">
    <ele>225.49</ele>
   </trkpt>
   <trkpt lat="54.23848" lon="22.781170000000003">
    <ele>225.49</ele>
   </trkpt>
   <trkpt lat="54.238490000000006" lon="22.780880000000003">
    <ele>227.10000000000002</ele>
   </trkpt>
   <trkpt lat="54.23843" lon="22.78058">
    <ele>228.21</ele>
   </trkpt>
   <trkpt lat="54.23837" lon="22.780450000000002">
    <ele>229.62</ele>
   </trkpt>
   <trkpt lat="54.23832" lon="22.78038">
    <ele>229.62</ele>
   </trkpt>
   <trkpt lat="54.238240000000005" lon="22.780310000000004">
    <ele>230.32000000000002</ele>
   </trkpt>
   <trkpt lat="54.23818000000001" lon="22.78028">
    <ele>230.82000000000002</ele>
   </trkpt>
   <trkpt lat="54.23801" lon="22.780260000000002">
    <ele>232.21000000000004</ele>
   </trkpt>
   <trkpt lat="54.2379" lon="22.780310000000004">
    <ele>232.21000000000004</ele>
   </trkpt>
   <trkpt lat="54.23778000000001" lon="22.780420000000003">
    <ele>233.43000000000004</ele>
   </trkpt>
   <trkpt lat="54.23716200688884" lon="22.781064038553204">
    <ele>235.70000000000002</ele>
   </trkpt>
   <trkpt lat="54.23654401034463" lon="22.781708057816864">
    <ele>236.66</ele>
   </trkpt>
   <trkpt lat="54.23592601036756" lon="22.782352057791876">
    <ele>236.23000000000002</ele>
   </trkpt>
   <trkpt lat="54.23530800695779" lon="22.782996038479173">
    <ele>235.76000000000002</ele>
   </trkpt>
   <trkpt lat="54.23469000000001" lon="22.783640000000002">
    <ele>235.42000000000002</ele>
   </trkpt>
   <trkpt lat="54.23424000000001" lon="22.78406">
    <ele>233.77</ele>
   </trkpt>
   <trkpt lat="54.234030000000004" lon="22.784180000000003">
    <ele>232.59</ele>
   </trkpt>
   <trkpt lat="54.23386000000001" lon="22.78424">
    <ele>231.07000000000002</ele>
   </trkpt>
   <trkpt lat="54.233720000000005" lon="22.784260000000003">
    <ele>231.07000000000002</ele>
   </trkpt>
   <trkpt lat="54.233560000000004" lon="22.78425">
    <ele>229.92000000000002</ele>
   </trkpt>
   <trkpt lat="54.23337000000001" lon="22.78421">
    <ele>229.49</ele>
   </trkpt>
   <trkpt lat="54.232960000000006" lon="22.784000000000002">
    <ele>228.48000000000002</ele>
   </trkpt>
   <trkpt lat="54.232285000688904" lon="22.783574993012568">
    <ele>230.10000000000002</ele>
   </trkpt>
   <trkpt lat="54.23161" lon="22.783150000000003">
    <ele>228.94000000000003</ele>
   </trkpt>
   <trkpt lat="54.23133000000001" lon="22.782950000000003">
    <ele>228.67000000000002</ele>
   </trkpt>
   <trkpt lat="54.23098" lon="22.782600000000002">
    <ele>228.60000000000002</ele>
   </trkpt>
   <trkpt lat="54.23051751670853" lon="22.78376003899057">
    <ele>229.74</ele>
   </trkpt>
   <trkpt lat="54.230055022278265" lon="22.784920051985857">
    <ele>232.59</ele>
   </trkpt>
   <trkpt lat="54.229592516709644" lon="22.786080038986256">
    <ele>233.35000000000002</ele>
   </trkpt>
   <trkpt lat="54.229130000000005" lon="22.78724">
    <ele>232.07000000000002</ele>
   </trkpt>
   <trkpt lat="54.228636679189165" lon="22.78847002940197">
    <ele>230.60000000000002</ele>
   </trkpt>
   <trkpt lat="54.22814334585461" lon="22.789700029404383">
    <ele>229.87</ele>
   </trkpt>
   <trkpt lat="54.227650000000004" lon="22.790930000000003">
    <ele>227.05</ele>
   </trkpt>
   <trkpt lat="54.227180004046595" lon="22.791930011581698">
    <ele>223.39000000000001</ele>
   </trkpt>
   <trkpt lat="54.226710000000004" lon="22.792930000000002">
    <ele>216.01</ele>
   </trkpt>
   <trkpt lat="54.226310000000005" lon="22.793670000000002">
    <ele>215.3</ele>
   </trkpt>
   <trkpt lat="54.225754015074884" lon="22.79462405138108">
    <ele>218.54000000000002</ele>
   </trkpt>
   <trkpt lat="54.22519802261518" lon="22.795578077065226">
    <ele>223.07000000000002</ele>
   </trkpt>
   <trkpt lat="54.22464202262126" lon="22.796532077053303">
    <ele>224.59</ele>
   </trkpt>
   <trkpt lat="54.2240860150935" lon="22.797486051346183">
    <ele>226.4</ele>
   </trkpt>
   <trkpt lat="54.223530000000004" lon="22.798440000000003">
    <ele>227.56</ele>
   </trkpt>
   <trkpt lat="54.223490000000005" lon="22.79851">
    <ele>227.63000000000002</ele>
   </trkpt>
   <trkpt lat="54.22288601818564" lon="22.799558061321882">
    <ele>227.79000000000002</ele>
   </trkpt>
   <trkpt lat="54.222282027278396" lon="22.800606091981024">
    <ele>227.63000000000002</ele>
   </trkpt>
   <trkpt lat="54.22167802727873" lon="22.801654091978527">
    <ele>227.38000000000002</ele>
   </trkpt>
   <trkpt lat="54.2210740181871" lon="22.802702061315514">
    <ele>225.93</ele>
   </trkpt>
   <trkpt lat="54.220470000000006" lon="22.80375">
    <ele>225.37</ele>
   </trkpt>
   <trkpt lat="54.21995333960522" lon="22.80461668826451">
    <ele>225.71</ele>
   </trkpt>
   <trkpt lat="54.21943667299215" lon="22.805483354840888">
    <ele>223.01000000000002</ele>
   </trkpt>
   <trkpt lat="54.218920000000004" lon="22.806350000000002">
    <ele>217.85000000000002</ele>
   </trkpt>
   <trkpt lat="54.2186" lon="22.806880000000003">
    <ele>214.53000000000003</ele>
   </trkpt>
   <trkpt lat="54.21842" lon="22.807280000000002">
    <ele>211.03000000000003</ele>
   </trkpt>
   <trkpt lat="54.21824" lon="22.80778">
    <ele>207.76000000000002</ele>
   </trkpt>
   <trkpt lat="54.218160000000005" lon="22.808220000000002">
    <ele>204.6</ele>
   </trkpt>
   <trkpt lat="54.218120000000006" lon="22.808760000000003">
    <ele>201.63</ele>
   </trkpt>
   <trkpt lat="54.21813" lon="22.809260000000002">
    <ele>199.95000000000002</ele>
   </trkpt>
   <trkpt lat="54.2182" lon="22.809720000000002">
    <ele>198.75</ele>
   </trkpt>
   <trkpt lat="54.2182" lon="22.809710000000003">
    <ele>198.76000000000002</ele>
   </trkpt>
   <trkpt lat="54.21846000000001" lon="22.810750000000002">
    <ele>197.39000000000001</ele>
   </trkpt>
   <trkpt lat="54.21849" lon="22.81069">
    <ele>197.39000000000001</ele>
   </trkpt>
   <trkpt lat="54.21871" lon="22.80936">
    <ele>198.59</ele>
   </trkpt>
   <trkpt lat="54.218790000000006" lon="22.80909">
    <ele>199.55</ele>
   </trkpt>
   <trkpt lat="54.21885" lon="22.80908">
    <ele>199.58</ele>
   </trkpt>
   <trkpt lat="54.21891" lon="22.809120000000004">
    <ele>199.58</ele>
   </trkpt>
   <trkpt lat="54.21932" lon="22.809510000000003">
    <ele>199.64000000000001</ele>
   </trkpt>
   <trkpt lat="54.219590000000004" lon="22.809720000000002">
    <ele>199.88000000000002</ele>
   </trkpt>
   <trkpt lat="54.219910000000006" lon="22.80993">
    <ele>200.72</ele>
   </trkpt>
   <trkpt lat="54.220270000000006" lon="22.81004">
    <ele>201.58</ele>
   </trkpt>
   <trkpt lat="54.22026" lon="22.81004">
    <ele>201.57000000000002</ele>
   </trkpt>
   <trkpt lat="54.22032" lon="22.810060000000004">
    <ele>201.64000000000001</ele>
   </trkpt>
   <trkpt lat="54.2205" lon="22.81003">
    <ele>201.41</ele>
   </trkpt>
   <trkpt lat="54.22061000000001" lon="22.81004">
    <ele>200.79000000000002</ele>
   </trkpt>
   <trkpt lat="54.22113500042359" lon="22.810394995419973">
    <ele>200.08</ele>
   </trkpt>
   <trkpt lat="54.22166000000001" lon="22.810750000000002">
    <ele>200.20000000000002</ele>
   </trkpt>
   <trkpt lat="54.221920000000004" lon="22.811020000000003">
    <ele>200.12</ele>
   </trkpt>
   <trkpt lat="54.222390000000004" lon="22.81163">
    <ele>200.29000000000002</ele>
   </trkpt>
   <trkpt lat="54.222440000000006" lon="22.811750000000004">
    <ele>200.67000000000002</ele>
   </trkpt>
   <trkpt lat="54.222460000000005" lon="22.811890000000002">
    <ele>201.20000000000002</ele>
   </trkpt>
   <trkpt lat="54.22245" lon="22.812060000000002">
    <ele>202.27</ele>
   </trkpt>
   <trkpt lat="54.222280000000005" lon="22.81255">
    <ele>203.31</ele>
   </trkpt>
   <trkpt lat="54.22213000000001" lon="22.812920000000002">
    <ele>200.88</ele>
   </trkpt>
   <trkpt lat="54.22196" lon="22.813380000000002">
    <ele>198.52000000000004</ele>
   </trkpt>
   <trkpt lat="54.22182" lon="22.813860000000002">
    <ele>197.76000000000002</ele>
   </trkpt>
   <trkpt lat="54.22146000000001" lon="22.814680000000003">
    <ele>196.93</ele>
   </trkpt>
   <trkpt lat="54.220960000000005" lon="22.815890000000003">
    <ele>197.53</ele>
   </trkpt>
   <trkpt lat="54.220580000000005" lon="22.816920000000003">
    <ele>200.0</ele>
   </trkpt>
   <trkpt lat="54.220380000000006" lon="22.81734">
    <ele>202.73000000000002</ele>
   </trkpt>
   <trkpt lat="54.22073" lon="22.818040000000003">
    <ele>201.44</ele>
   </trkpt>
   <trkpt lat="54.220870000000005" lon="22.81858">
    <ele>201.92000000000002</ele>
   </trkpt>
   <trkpt lat="54.22108000000001" lon="22.819110000000002">
    <ele>202.09</ele>
   </trkpt>
   <trkpt lat="54.22126" lon="22.819470000000003">
    <ele>201.91</ele>
   </trkpt>
   <trkpt lat="54.221680000000006" lon="22.82045">
    <ele>201.15</ele>
   </trkpt>
   <trkpt lat="54.222150000000006" lon="22.821040000000004">
    <ele>200.75</ele>
   </trkpt>
   <trkpt lat="54.22261" lon="22.82175">
    <ele>199.38000000000002</ele>
   </trkpt>
   <trkpt lat="54.222860000000004" lon="22.822190000000003">
    <ele>199.13000000000002</ele>
   </trkpt>
   <trkpt lat="54.22328" lon="22.823">
    <ele>199.26000000000002</ele>
   </trkpt>
   <trkpt lat="54.22346" lon="22.82345">
    <ele>198.99000000000004</ele>
   </trkpt>
   <trkpt lat="54.22364" lon="22.823900000000002">
    <ele>198.91</ele>
   </trkpt>
   <trkpt lat="54.223760000000006" lon="22.8243">
    <ele>198.99000000000004</ele>
   </trkpt>
   <trkpt lat="54.22382" lon="22.82457">
    <ele>199.20000000000002</ele>
   </trkpt>
   <trkpt lat="54.22384" lon="22.824810000000003">
    <ele>199.72</ele>
   </trkpt>
   <trkpt lat="54.22383000000001" lon="22.825390000000002">
    <ele>201.45000000000002</ele>
   </trkpt>
   <trkpt lat="54.224140000000006" lon="22.825920000000004">
    <ele>201.51000000000002</ele>
   </trkpt>
   <trkpt lat="54.224525002799815" lon="22.826749992148837">
    <ele>201.17000000000002</ele>
   </trkpt>
   <trkpt lat="54.22491" lon="22.82758">
    <ele>200.75</ele>
   </trkpt>
   <trkpt lat="54.22549000000001" lon="22.82873">
    <ele>199.41</ele>
   </trkpt>
   <trkpt lat="54.22567" lon="22.82898">
    <ele>198.71</ele>
   </trkpt>
   <trkpt lat="54.225930000000005" lon="22.82946">
    <ele>198.53</ele>
   </trkpt>
   <trkpt lat="54.226110000000006" lon="22.82956">
    <ele>198.47</ele>
   </trkpt>
   <trkpt lat="54.226530000000004" lon="22.829980000000003">
    <ele>197.93</ele>
   </trkpt>
   <trkpt lat="54.227180000000004" lon="22.83077">
    <ele>197.59</ele>
   </trkpt>
   <trkpt lat="54.22759000072559" lon="22.83116999608906">
    <ele>197.03</ele>
   </trkpt>
   <trkpt lat="54.228" lon="22.831570000000003">
    <ele>196.88000000000002</ele>
   </trkpt>
   <trkpt lat="54.228750000000005" lon="22.83239">
    <ele>196.05000000000004</ele>
   </trkpt>
   <trkpt lat="54.22905000000001" lon="22.83263">
    <ele>195.86</ele>
   </trkpt>
   <trkpt lat="54.22932" lon="22.832710000000002">
    <ele>195.61</ele>
   </trkpt>
   <trkpt lat="54.229510000000005" lon="22.83286">
    <ele>195.56</ele>
   </trkpt>
   <trkpt lat="54.22975" lon="22.833170000000003">
    <ele>195.51000000000002</ele>
   </trkpt>
   <trkpt lat="54.22983000000001" lon="22.83339">
    <ele>195.52</ele>
   </trkpt>
   <trkpt lat="54.22995" lon="22.833920000000003">
    <ele>195.88000000000002</ele>
   </trkpt>
   <trkpt lat="54.2302" lon="22.834600000000002">
    <ele>196.4</ele>
   </trkpt>
   <trkpt lat="54.23055" lon="22.835440000000002">
    <ele>197.09</ele>
   </trkpt>
   <trkpt lat="54.230740000000004" lon="22.83577">
    <ele>196.76000000000002</ele>
   </trkpt>
   <trkpt lat="54.23115500052144" lon="22.836129996367482">
    <ele>196.69</ele>
   </trkpt>
   <trkpt lat="54.231570000000005" lon="22.83649">
    <ele>197.12</ele>
   </trkpt>
   <trkpt lat="54.23192" lon="22.83668">
    <ele>197.14000000000001</ele>
   </trkpt>
   <trkpt lat="54.232670000000006" lon="22.83686">
    <ele>196.67000000000002</ele>
   </trkpt>
   <trkpt lat="54.233220000302936" lon="22.837099996829917">
    <ele>196.79000000000002</ele>
   </trkpt>
   <trkpt lat="54.23377000000001" lon="22.83734">
    <ele>196.31</ele>
   </trkpt>
   <trkpt lat="54.234140000000004" lon="22.837560000000003">
    <ele>197.71</ele>
   </trkpt>
   <trkpt lat="54.23499" lon="22.837870000000002">
    <ele>197.31</ele>
   </trkpt>
   <trkpt lat="54.235170000000004" lon="22.838">
    <ele>196.87</ele>
   </trkpt>
   <trkpt lat="54.23545000000001" lon="22.838160000000002">
    <ele>196.48000000000002</ele>
   </trkpt>
   <trkpt lat="54.23572000000001" lon="22.838310000000003">
    <ele>195.01000000000002</ele>
   </trkpt>
   <trkpt lat="54.23583000000001" lon="22.838400000000004">
    <ele>193.99</ele>
   </trkpt>
   <trkpt lat="54.235910000000004" lon="22.838500000000003">
    <ele>193.99</ele>
   </trkpt>
   <trkpt lat="54.23603000000001" lon="22.838710000000003">
    <ele>193.14000000000001</ele>
   </trkpt>
   <trkpt lat="54.23622" lon="22.838900000000002">
    <ele>192.41000000000003</ele>
   </trkpt>
   <trkpt lat="54.23648000000001" lon="22.83903">
    <ele>192.07000000000002</ele>
   </trkpt>
   <trkpt lat="54.236740000000005" lon="22.83912">
    <ele>191.96</ele>
   </trkpt>
   <trkpt lat="54.236940000000004" lon="22.839270000000003">
    <ele>191.89000000000001</ele>
   </trkpt>
   <trkpt lat="54.23649" lon="22.840290000000003">
    <ele>189.27</ele>
   </trkpt>
   <trkpt lat="54.2364" lon="22.840560000000004">
    <ele>189.79000000000002</ele>
   </trkpt>
   <trkpt lat="54.23626" lon="22.841160000000002">
    <ele>191.12</ele>
   </trkpt>
   <trkpt lat="54.23624" lon="22.84149">
    <ele>192.15</ele>
   </trkpt>
   <trkpt lat="54.236320002676926" lon="22.84229499838987">
    <ele>195.82000000000002</ele>
   </trkpt>
   <trkpt lat="54.2364" lon="22.843100000000003">
    <ele>197.97</ele>
   </trkpt>
   <trkpt lat="54.23646" lon="22.84439">
    <ele>198.67000000000002</ele>
   </trkpt>
   <trkpt lat="54.23649" lon="22.844700000000003">
    <ele>198.69</ele>
   </trkpt>
   <trkpt lat="54.23653" lon="22.844910000000002">
    <ele>198.79000000000002</ele>
   </trkpt>
   <trkpt lat="54.23657000000001" lon="22.84503">
    <ele>199.09</ele>
   </trkpt>
   <trkpt lat="54.236650000000004" lon="22.845160000000003">
    <ele>199.13000000000002</ele>
   </trkpt>
   <trkpt lat="54.23706000000001" lon="22.84549">
    <ele>198.31</ele>
   </trkpt>
   <trkpt lat="54.237210000000005" lon="22.84569">
    <ele>196.84</ele>
   </trkpt>
   <trkpt lat="54.237570000000005" lon="22.846390000000003">
    <ele>196.01000000000002</ele>
   </trkpt>
   <trkpt lat="54.23771000000001" lon="22.846610000000002">
    <ele>196.12</ele>
   </trkpt>
   <trkpt lat="54.238220000000005" lon="22.84729">
    <ele>195.95000000000002</ele>
   </trkpt>
   <trkpt lat="54.23837" lon="22.847550000000002">
    <ele>195.63000000000002</ele>
   </trkpt>
   <trkpt lat="54.23847000000001" lon="22.847810000000003">
    <ele>195.81</ele>
   </trkpt>
   <trkpt lat="54.23856000000001" lon="22.84824">
    <ele>197.18</ele>
   </trkpt>
   <trkpt lat="54.23863000000001" lon="22.848750000000003">
    <ele>199.0</ele>
   </trkpt>
   <trkpt lat="54.238710000000005" lon="22.84917">
    <ele>200.66</ele>
   </trkpt>
   <trkpt lat="54.23894000000001" lon="22.849880000000002">
    <ele>200.75</ele>
   </trkpt>
   <trkpt lat="54.239070000000005" lon="22.85065">
    <ele>198.65</ele>
   </trkpt>
   <trkpt lat="54.23912000000001" lon="22.851300000000002">
    <ele>197.93</ele>
   </trkpt>
   <trkpt lat="54.239090000000004" lon="22.851950000000002">
    <ele>198.19</ele>
   </trkpt>
   <trkpt lat="54.239270000000005" lon="22.853080000000002">
    <ele>199.0</ele>
   </trkpt>
   <trkpt lat="54.239270000000005" lon="22.853070000000002">
    <ele>198.99000000000004</ele>
   </trkpt>
   <trkpt lat="54.23933" lon="22.853440000000003">
    <ele>199.32000000000002</ele>
   </trkpt>
   <trkpt lat="54.23937" lon="22.854260000000004">
    <ele>200.75</ele>
   </trkpt>
   <trkpt lat="54.239380000000004" lon="22.85508">
    <ele>201.26000000000002</ele>
   </trkpt>
   <trkpt lat="54.23937" lon="22.85537">
    <ele>201.31</ele>
   </trkpt>
   <trkpt lat="54.23930000000001" lon="22.85574">
    <ele>201.49000000000004</ele>
   </trkpt>
   <trkpt lat="54.23908" lon="22.856440000000003">
    <ele>199.18</ele>
   </trkpt>
   <trkpt lat="54.23894000000001" lon="22.856740000000002">
    <ele>198.47</ele>
   </trkpt>
   <trkpt lat="54.23874000000001" lon="22.85696">
    <ele>198.28</ele>
   </trkpt>
   <trkpt lat="54.23845000000001" lon="22.857090000000003">
    <ele>198.67000000000002</ele>
   </trkpt>
   <trkpt lat="54.238220000000005" lon="22.857110000000002">
    <ele>198.58</ele>
   </trkpt>
   <trkpt lat="54.238110000000006" lon="22.85714">
    <ele>198.08</ele>
   </trkpt>
   <trkpt lat="54.23791000000001" lon="22.85732">
    <ele>197.9</ele>
   </trkpt>
   <trkpt lat="54.237750000000005" lon="22.85741">
    <ele>197.73000000000002</ele>
   </trkpt>
   <trkpt lat="54.237660000000005" lon="22.8575">
    <ele>197.56</ele>
   </trkpt>
   <trkpt lat="54.237640000000006" lon="22.8576">
    <ele>197.56</ele>
   </trkpt>
   <trkpt lat="54.23767" lon="22.857960000000002">
    <ele>197.31</ele>
   </trkpt>
   <trkpt lat="54.23774" lon="22.85825">
    <ele>196.74</ele>
   </trkpt>
   <trkpt lat="54.237770000000005" lon="22.858520000000002">
    <ele>196.67000000000002</ele>
   </trkpt>
   <trkpt lat="54.237790000000004" lon="22.858860000000004">
    <ele>196.75</ele>
   </trkpt>
   <trkpt lat="54.237790000000004" lon="22.859280000000002">
    <ele>197.07000000000002</ele>
   </trkpt>
   <trkpt lat="54.23781" lon="22.85948">
    <ele>197.06</ele>
   </trkpt>
   <trkpt lat="54.23787" lon="22.859710000000003">
    <ele>196.98000000000002</ele>
   </trkpt>
   <trkpt lat="54.23823" lon="22.86062">
    <ele>196.25</ele>
   </trkpt>
   <trkpt lat="54.238260000000004" lon="22.860770000000002">
    <ele>196.31</ele>
   </trkpt>
   <trkpt lat="54.238260000000004" lon="22.86089">
    <ele>196.44</ele>
   </trkpt>
   <trkpt lat="54.2381" lon="22.86201">
    <ele>197.07000000000002</ele>
   </trkpt>
   <trkpt lat="54.238020000000006" lon="22.862250000000003">
    <ele>197.29000000000002</ele>
   </trkpt>
   <trkpt lat="54.23791000000001" lon="22.862450000000003">
    <ele>197.73000000000002</ele>
   </trkpt>
   <trkpt lat="54.23729" lon="22.863220000000002">
    <ele>198.65</ele>
   </trkpt>
   <trkpt lat="54.23709" lon="22.863550000000004">
    <ele>199.19</ele>
   </trkpt>
   <trkpt lat="54.237" lon="22.863780000000002">
    <ele>199.3</ele>
   </trkpt>
   <trkpt lat="54.23677500232331" lon="22.864540004370298">
    <ele>199.33</ele>
   </trkpt>
   <trkpt lat="54.23655" lon="22.8653">
    <ele>199.51000000000002</ele>
   </trkpt>
   <trkpt lat="54.236450000000005" lon="22.865550000000002">
    <ele>199.60000000000002</ele>
   </trkpt>
   <trkpt lat="54.236360000000005" lon="22.865650000000002">
    <ele>199.60000000000002</ele>
   </trkpt>
   <trkpt lat="54.23622" lon="22.865740000000002">
    <ele>199.89000000000001</ele>
   </trkpt>
   <trkpt lat="54.23610000000001" lon="22.86577">
    <ele>199.95000000000002</ele>
   </trkpt>
   <trkpt lat="54.235600000000005" lon="22.86577">
    <ele>200.02</ele>
   </trkpt>
   <trkpt lat="54.235380000000006" lon="22.86578">
    <ele>200.27</ele>
   </trkpt>
   <trkpt lat="54.235220000000005" lon="22.865840000000002">
    <ele>200.39000000000001</ele>
   </trkpt>
   <trkpt lat="54.2351" lon="22.86597">
    <ele>200.42000000000002</ele>
   </trkpt>
   <trkpt lat="54.23465" lon="22.8668">
    <ele>200.21000000000004</ele>
   </trkpt>
   <trkpt lat="54.23458" lon="22.86689">
    <ele>200.21000000000004</ele>
   </trkpt>
   <trkpt lat="54.23445" lon="22.866970000000002">
    <ele>200.28</ele>
   </trkpt>
   <trkpt lat="54.23393000000001" lon="22.8672">
    <ele>201.9</ele>
   </trkpt>
   <trkpt lat="54.23339000000001" lon="22.86736">
    <ele>205.76000000000002</ele>
   </trkpt>
   <trkpt lat="54.23277000009628" lon="22.867575003262655">
    <ele>207.57</ele>
   </trkpt>
   <trkpt lat="54.232150000000004" lon="22.867790000000003">
    <ele>207.52</ele>
   </trkpt>
   <trkpt lat="54.23160000000001" lon="22.867990000000002">
    <ele>208.36</ele>
   </trkpt>
   <trkpt lat="54.23142000000001" lon="22.868090000000002">
    <ele>208.40000000000003</ele>
   </trkpt>
   <trkpt lat="54.231230000000004" lon="22.8683">
    <ele>208.35</ele>
   </trkpt>
   <trkpt lat="54.230900000000005" lon="22.8688">
    <ele>208.8</ele>
   </trkpt>
   <trkpt lat="54.23067" lon="22.869010000000003">
    <ele>208.21</ele>
   </trkpt>
   <trkpt lat="54.23024" lon="22.86927">
    <ele>206.41</ele>
   </trkpt>
   <trkpt lat="54.230140000000006" lon="22.869390000000003">
    <ele>206.15000000000003</ele>
   </trkpt>
   <trkpt lat="54.229890000000005" lon="22.869750000000003">
    <ele>205.39000000000001</ele>
   </trkpt>
   <trkpt lat="54.22963000000001" lon="22.869940000000003">
    <ele>204.92000000000002</ele>
   </trkpt>
   <trkpt lat="54.22986" lon="22.870500000000003">
    <ele>204.92000000000002</ele>
   </trkpt>
   <trkpt lat="54.22995" lon="22.87077">
    <ele>205.40000000000003</ele>
   </trkpt>
   <trkpt lat="54.230220006114166" lon="22.871984992072115">
    <ele>208.29000000000002</ele>
   </trkpt>
   <trkpt lat="54.23049" lon="22.8732">
    <ele>203.02</ele>
   </trkpt>
   <trkpt lat="54.23058" lon="22.87368">
    <ele>201.76000000000002</ele>
   </trkpt>
   <trkpt lat="54.23059000000001" lon="22.873980000000003">
    <ele>201.64000000000001</ele>
   </trkpt>
   <trkpt lat="54.230560000000004" lon="22.87441">
    <ele>202.44</ele>
   </trkpt>
   <trkpt lat="54.23055" lon="22.8749">
    <ele>203.85</ele>
   </trkpt>
   <trkpt lat="54.23066000000001" lon="22.875770000000003">
    <ele>200.31</ele>
   </trkpt>
   <trkpt lat="54.23073" lon="22.87612">
    <ele>199.19</ele>
   </trkpt>
   <trkpt lat="54.23073" lon="22.876240000000003">
    <ele>198.84</ele>
   </trkpt>
   <trkpt lat="54.23073" lon="22.876230000000003">
    <ele>198.88000000000002</ele>
   </trkpt>
   <trkpt lat="54.23075000000001" lon="22.87639">
    <ele>198.56</ele>
   </trkpt>
   <trkpt lat="54.230740000000004" lon="22.87686">
    <ele>198.54000000000002</ele>
   </trkpt>
   <trkpt lat="54.230610000000006" lon="22.877750000000002">
    <ele>199.26000000000002</ele>
   </trkpt>
   <trkpt lat="54.230540000000005" lon="22.87853">
    <ele>199.41</ele>
   </trkpt>
   <trkpt lat="54.230700000000006" lon="22.878660000000004">
    <ele>198.82000000000002</ele>
   </trkpt>
   <trkpt lat="54.2312450005732" lon="22.879009995421132">
    <ele>192.60000000000002</ele>
   </trkpt>
   <trkpt lat="54.231790000000004" lon="22.879360000000002">
    <ele>191.42000000000002</ele>
   </trkpt>
   <trkpt lat="54.23218000000001" lon="22.87957">
    <ele>189.85000000000002</ele>
   </trkpt>
   <trkpt lat="54.23223" lon="22.879620000000003">
    <ele>189.85000000000002</ele>
   </trkpt>
   <trkpt lat="54.23228" lon="22.879920000000002">
    <ele>189.13000000000002</ele>
   </trkpt>
   <trkpt lat="54.23241" lon="22.88049">
    <ele>189.09</ele>
   </trkpt>
   <trkpt lat="54.23241" lon="22.880820000000003">
    <ele>189.25000000000003</ele>
   </trkpt>
   <trkpt lat="54.232380000000006" lon="22.881230000000002">
    <ele>190.01000000000002</ele>
   </trkpt>
   <trkpt lat="54.232600000000005" lon="22.8822">
    <ele>190.15</ele>
   </trkpt>
   <trkpt lat="54.232980000000005" lon="22.882810000000003">
    <ele>189.3</ele>
   </trkpt>
   <trkpt lat="54.23308" lon="22.88287">
    <ele>189.33</ele>
   </trkpt>
   <trkpt lat="54.23321000000001" lon="22.882900000000003">
    <ele>189.88000000000002</ele>
   </trkpt>
   <trkpt lat="54.233450000000005" lon="22.88285">
    <ele>189.86</ele>
   </trkpt>
   <trkpt lat="54.233920000000005" lon="22.882830000000002">
    <ele>190.0</ele>
   </trkpt>
   <trkpt lat="54.234230000000004" lon="22.882700000000003">
    <ele>192.39000000000001</ele>
   </trkpt>
   <trkpt lat="54.234460000000006" lon="22.88267">
    <ele>193.97</ele>
   </trkpt>
   <trkpt lat="54.2349" lon="22.882800000000003">
    <ele>199.70000000000002</ele>
   </trkpt>
   <trkpt lat="54.23521" lon="22.883010000000002">
    <ele>202.83</ele>
   </trkpt>
   <trkpt lat="54.23532" lon="22.88313">
    <ele>203.57000000000002</ele>
   </trkpt>
   <trkpt lat="54.23539" lon="22.88332">
    <ele>204.12000000000003</ele>
   </trkpt>
   <trkpt lat="54.23541" lon="22.883490000000002">
    <ele>204.42000000000002</ele>
   </trkpt>
   <trkpt lat="54.23541" lon="22.88363">
    <ele>202.77</ele>
   </trkpt>
   <trkpt lat="54.23537" lon="22.883750000000003">
    <ele>202.77</ele>
   </trkpt>
   <trkpt lat="54.235260000000004" lon="22.88415">
    <ele>201.35000000000002</ele>
   </trkpt>
   <trkpt lat="54.234970000000004" lon="22.884890000000002">
    <ele>198.31</ele>
   </trkpt>
   <trkpt lat="54.23483" lon="22.8855">
    <ele>196.14000000000001</ele>
   </trkpt>
   <trkpt lat="54.23472" lon="22.885810000000003">
    <ele>195.60000000000002</ele>
   </trkpt>
   <trkpt lat="54.23463" lon="22.885890000000003">
    <ele>195.83</ele>
   </trkpt>
   <trkpt lat="54.233850000000004" lon="22.88635">
    <ele>200.86</ele>
   </trkpt>
   <trkpt lat="54.23378" lon="22.88643">
    <ele>201.26000000000002</ele>
   </trkpt>
   <trkpt lat="54.233740000000004" lon="22.88654">
    <ele>200.60000000000002</ele>
   </trkpt>
   <trkpt lat="54.23371" lon="22.8868">
    <ele>199.60000000000002</ele>
   </trkpt>
   <trkpt lat="54.23373" lon="22.88772">
    <ele>200.62</ele>
   </trkpt>
   <trkpt lat="54.23378" lon="22.88812">
    <ele>198.95000000000002</ele>
   </trkpt>
   <trkpt lat="54.233850000000004" lon="22.888420000000004">
    <ele>198.15</ele>
   </trkpt>
   <trkpt lat="54.23386000000001" lon="22.888640000000002">
    <ele>198.05</ele>
   </trkpt>
   <trkpt lat="54.233700000000006" lon="22.889490000000002">
    <ele>200.38</ele>
   </trkpt>
   <trkpt lat="54.233700000000006" lon="22.889650000000003">
    <ele>200.38</ele>
   </trkpt>
   <trkpt lat="54.233760000000004" lon="22.890400000000003">
    <ele>205.89000000000001</ele>
   </trkpt>
   <trkpt lat="54.233850000000004" lon="22.890670000000004">
    <ele>207.86</ele>
   </trkpt>
   <trkpt lat="54.23427000508625" lon="22.891449984218053">
    <ele>208.05</ele>
   </trkpt>
   <trkpt lat="54.23469000513676" lon="22.892229984311612">
    <ele>205.06</ele>
   </trkpt>
   <trkpt lat="54.235110000000006" lon="22.89301">
    <ele>205.17000000000002</ele>
   </trkpt>
   <trkpt lat="54.235350000000004" lon="22.893300000000004">
    <ele>204.31</ele>
   </trkpt>
   <trkpt lat="54.235075002156584" lon="22.894040005226206">
    <ele>203.64000000000001</ele>
   </trkpt>
   <trkpt lat="54.23480000000001" lon="22.89478">
    <ele>201.57000000000002</ele>
   </trkpt>
   <trkpt lat="54.23476" lon="22.894930000000002">
    <ele>201.17000000000002</ele>
   </trkpt>
   <trkpt lat="54.23476" lon="22.895110000000003">
    <ele>200.56</ele>
   </trkpt>
   <trkpt lat="54.234790000000004" lon="22.89525">
    <ele>199.71000000000004</ele>
   </trkpt>
   <trkpt lat="54.234770000000005" lon="22.895580000000002">
    <ele>196.89000000000001</ele>
   </trkpt>
   <trkpt lat="54.234730000000006" lon="22.896330000000003">
    <ele>191.88000000000002</ele>
   </trkpt>
   <trkpt lat="54.23469000000001" lon="22.89648">
    <ele>190.62</ele>
   </trkpt>
   <trkpt lat="54.23465" lon="22.89655">
    <ele>190.62</ele>
   </trkpt>
   <trkpt lat="54.23434" lon="22.89685">
    <ele>188.45</ele>
   </trkpt>
   <trkpt lat="54.2342" lon="22.89702">
    <ele>187.72000000000003</ele>
   </trkpt>
   <trkpt lat="54.23395000000001" lon="22.89751">
    <ele>187.77</ele>
   </trkpt>
   <trkpt lat="54.23373" lon="22.897620000000003">
    <ele>188.55</ele>
   </trkpt>
   <trkpt lat="54.233450000000005" lon="22.897710000000004">
    <ele>188.82000000000002</ele>
   </trkpt>
   <trkpt lat="54.23324" lon="22.897810000000003">
    <ele>189.26000000000002</ele>
   </trkpt>
   <trkpt lat="54.233160000000005" lon="22.89789">
    <ele>189.32000000000002</ele>
   </trkpt>
   <trkpt lat="54.23312000000001" lon="22.898020000000002">
    <ele>189.27</ele>
   </trkpt>
   <trkpt lat="54.23310000000001" lon="22.898180000000004">
    <ele>189.01000000000002</ele>
   </trkpt>
   <trkpt lat="54.23312000000001" lon="22.898300000000003">
    <ele>189.01000000000002</ele>
   </trkpt>
   <trkpt lat="54.233340000000005" lon="22.898760000000003">
    <ele>187.27</ele>
   </trkpt>
   <trkpt lat="54.2334" lon="22.898940000000003">
    <ele>186.42</ele>
   </trkpt>
   <trkpt lat="54.23342" lon="22.899150000000002">
    <ele>186.42</ele>
   </trkpt>
   <trkpt lat="54.233270000000005" lon="22.900560000000002">
    <ele>186.45</ele>
   </trkpt>
   <trkpt lat="54.23328000000001" lon="22.90077">
    <ele>186.36</ele>
   </trkpt>
   <trkpt lat="54.233340000000005" lon="22.900930000000002">
    <ele>186.25000000000003</ele>
   </trkpt>
   <trkpt lat="54.233720000000005" lon="22.90155">
    <ele>185.36</ele>
   </trkpt>
   <trkpt lat="54.233940000000004" lon="22.90211">
    <ele>186.03000000000003</ele>
   </trkpt>
   <trkpt lat="54.234080000000006" lon="22.90265">
    <ele>187.12</ele>
   </trkpt>
   <trkpt lat="54.234170000000006" lon="22.90311">
    <ele>186.91000000000003</ele>
   </trkpt>
   <trkpt lat="54.234210000000004" lon="22.903470000000002">
    <ele>186.16000000000003</ele>
   </trkpt>
   <trkpt lat="54.234190000000005" lon="22.90368">
    <ele>186.12</ele>
   </trkpt>
   <trkpt lat="54.233760000000004" lon="22.904500000000002">
    <ele>186.2</ele>
   </trkpt>
   <trkpt lat="54.23362" lon="22.90471">
    <ele>186.14000000000001</ele>
   </trkpt>
   <trkpt lat="54.23351" lon="22.904840000000004">
    <ele>186.22000000000003</ele>
   </trkpt>
   <trkpt lat="54.233320000000006" lon="22.905">
    <ele>186.51000000000002</ele>
   </trkpt>
   <trkpt lat="54.23302" lon="22.905220000000003">
    <ele>186.95</ele>
   </trkpt>
   <trkpt lat="54.232730000000004" lon="22.90549">
    <ele>186.57000000000002</ele>
   </trkpt>
   <trkpt lat="54.232580000000006" lon="22.90568">
    <ele>186.42</ele>
   </trkpt>
   <trkpt lat="54.23194" lon="22.90596">
    <ele>185.39000000000001</ele>
   </trkpt>
   <trkpt lat="54.23149000000001" lon="22.90612">
    <ele>185.51</ele>
   </trkpt>
   <trkpt lat="54.23129" lon="22.90596">
    <ele>185.53000000000003</ele>
   </trkpt>
   <trkpt lat="54.230810000000005" lon="22.905500000000004">
    <ele>186.54000000000002</ele>
   </trkpt>
   <trkpt lat="54.23075000000001" lon="22.905410000000003">
    <ele>187.05</ele>
   </trkpt>
   <trkpt lat="54.230630000000005" lon="22.9049">
    <ele>187.59</ele>
   </trkpt>
   <trkpt lat="54.230630000000005" lon="22.904660000000003">
    <ele>187.79000000000002</ele>
   </trkpt>
   <trkpt lat="54.23067" lon="22.90437">
    <ele>188.58</ele>
   </trkpt>
   <trkpt lat="54.230700000000006" lon="22.903920000000003">
    <ele>190.96</ele>
   </trkpt>
   <trkpt lat="54.23069" lon="22.90367">
    <ele>191.65</ele>
   </trkpt>
   <trkpt lat="54.23062" lon="22.903460000000003">
    <ele>192.59</ele>
   </trkpt>
   <trkpt lat="54.230560000000004" lon="22.90331">
    <ele>192.44000000000003</ele>
   </trkpt>
   <trkpt lat="54.2302" lon="22.902990000000003">
    <ele>187.79000000000002</ele>
   </trkpt>
   <trkpt lat="54.229870000000005" lon="22.90238">
    <ele>186.12</ele>
   </trkpt>
   <trkpt lat="54.22964" lon="22.90189">
    <ele>186.28000000000003</ele>
   </trkpt>
   <trkpt lat="54.229580000000006" lon="22.9018">
    <ele>185.81</ele>
   </trkpt>
   <trkpt lat="54.229490000000006" lon="22.90172">
    <ele>185.81</ele>
   </trkpt>
   <trkpt lat="54.22917" lon="22.90154">
    <ele>185.44000000000003</ele>
   </trkpt>
   <trkpt lat="54.22869000000001" lon="22.901320000000002">
    <ele>184.75000000000003</ele>
   </trkpt>
   <trkpt lat="54.228550000000006" lon="22.901380000000003">
    <ele>184.75000000000003</ele>
   </trkpt>
   <trkpt lat="54.22827" lon="22.901670000000003">
    <ele>184.97000000000003</ele>
   </trkpt>
   <trkpt lat="54.22775000000001" lon="22.901880000000002">
    <ele>185.79000000000002</ele>
   </trkpt>
   <trkpt lat="54.22739000000001" lon="22.901860000000003">
    <ele>185.98</ele>
   </trkpt>
   <trkpt lat="54.226870000000005" lon="22.901690000000002">
    <ele>185.32000000000002</ele>
   </trkpt>
   <trkpt lat="54.226490000000005" lon="22.90153">
    <ele>185.35000000000002</ele>
   </trkpt>
   <trkpt lat="54.22619" lon="22.901280000000003">
    <ele>184.98</ele>
   </trkpt>
   <trkpt lat="54.22618000000001" lon="22.90127">
    <ele>184.61</ele>
   </trkpt>
   <trkpt lat="54.226020000000005" lon="22.90114">
    <ele>184.37</ele>
   </trkpt>
   <trkpt lat="54.225550000000005" lon="22.900830000000003">
    <ele>184.8</ele>
   </trkpt>
   <trkpt lat="54.225120000000004" lon="22.900650000000002">
    <ele>184.77</ele>
   </trkpt>
   <trkpt lat="54.224680000000006" lon="22.90067">
    <ele>185.31</ele>
   </trkpt>
   <trkpt lat="54.22442" lon="22.90059">
    <ele>186.75000000000003</ele>
   </trkpt>
   <trkpt lat="54.22422" lon="22.90049">
    <ele>186.68</ele>
   </trkpt>
   <trkpt lat="54.22381000000001" lon="22.900150000000004">
    <ele>184.48</ele>
   </trkpt>
   <trkpt lat="54.223650000000006" lon="22.90011">
    <ele>184.21</ele>
   </trkpt>
   <trkpt lat="54.22354000000001" lon="22.90005">
    <ele>184.14000000000001</ele>
   </trkpt>
   <trkpt lat="54.2233" lon="22.899820000000002">
    <ele>184.38000000000002</ele>
   </trkpt>
   <trkpt lat="54.22305000000001" lon="22.89975">
    <ele>185.10000000000002</ele>
   </trkpt>
   <trkpt lat="54.22289000000001" lon="22.89975">
    <ele>185.96</ele>
   </trkpt>
   <trkpt lat="54.22274" lon="22.899810000000002">
    <ele>187.04000000000002</ele>
   </trkpt>
   <trkpt lat="54.222680000000004" lon="22.899870000000004">
    <ele>187.04000000000002</ele>
   </trkpt>
   <trkpt lat="54.222640000000006" lon="22.89995">
    <ele>187.52</ele>
   </trkpt>
   <trkpt lat="54.22240000000001" lon="22.90143">
    <ele>193.11</ele>
   </trkpt>
   <trkpt lat="54.22240000000001" lon="22.90171">
    <ele>195.28</ele>
   </trkpt>
   <trkpt lat="54.22238" lon="22.901870000000002">
    <ele>196.15</ele>
   </trkpt>
   <trkpt lat="54.22233000000001" lon="22.90202">
    <ele>197.23000000000002</ele>
   </trkpt>
   <trkpt lat="54.222080000000005" lon="22.90239">
    <ele>200.94</ele>
   </trkpt>
   <trkpt lat="54.22202000000001" lon="22.902510000000003">
    <ele>202.08</ele>
   </trkpt>
   <trkpt lat="54.22193000000001" lon="22.902780000000003">
    <ele>203.94</ele>
   </trkpt>
   <trkpt lat="54.22184000000001" lon="22.902900000000002">
    <ele>205.13</ele>
   </trkpt>
   <trkpt lat="54.22176" lon="22.90296">
    <ele>207.8</ele>
   </trkpt>
   <trkpt lat="54.221650000000004" lon="22.902990000000003">
    <ele>208.43</ele>
   </trkpt>
   <trkpt lat="54.221500000000006" lon="22.902980000000003">
    <ele>209.97000000000003</ele>
   </trkpt>
   <trkpt lat="54.221320000000006" lon="22.903000000000002">
    <ele>211.45000000000002</ele>
   </trkpt>
   <trkpt lat="54.22054000000001" lon="22.903250000000003">
    <ele>211.77</ele>
   </trkpt>
   <trkpt lat="54.21991333372987" lon="22.90345333948737">
    <ele>214.32</ele>
   </trkpt>
   <trkpt lat="54.219286667117444" lon="22.90365667280299">
    <ele>213.70000000000002</ele>
   </trkpt>
   <trkpt lat="54.21866000000001" lon="22.90386">
    <ele>213.62</ele>
   </trkpt>
   <trkpt lat="54.21797000013221" lon="22.904025002752274">
    <ele>213.98000000000002</ele>
   </trkpt>
   <trkpt lat="54.21728" lon="22.904190000000003">
    <ele>214.06000000000003</ele>
   </trkpt>
   <trkpt lat="54.21688" lon="22.904300000000003">
    <ele>213.61</ele>
   </trkpt>
   <trkpt lat="54.216190000276946" lon="22.90451500356547">
    <ele>213.00000000000003</ele>
   </trkpt>
   <trkpt lat="54.215500000000006" lon="22.90473">
    <ele>213.23000000000002</ele>
   </trkpt>
   <trkpt lat="54.21533" lon="22.904770000000003">
    <ele>212.45000000000002</ele>
   </trkpt>
   <trkpt lat="54.215090000000004" lon="22.904790000000002">
    <ele>209.32</ele>
   </trkpt>
   <trkpt lat="54.214620000000004" lon="22.90489">
    <ele>207.20000000000002</ele>
   </trkpt>
   <trkpt lat="54.214290000000005" lon="22.904970000000002">
    <ele>207.25</ele>
   </trkpt>
   <trkpt lat="54.21378000000001" lon="22.905130000000003">
    <ele>206.55</ele>
   </trkpt>
   <trkpt lat="54.213300000000004" lon="22.905240000000003">
    <ele>206.3</ele>
   </trkpt>
   <trkpt lat="54.212810000000005" lon="22.905320000000003">
    <ele>206.35</ele>
   </trkpt>
   <trkpt lat="54.212320000070406" lon="22.90544500148144">
    <ele>206.6</ele>
   </trkpt>
   <trkpt lat="54.211830000000006" lon="22.90557">
    <ele>207.14000000000001</ele>
   </trkpt>
   <trkpt lat="54.21175" lon="22.90548">
    <ele>207.64000000000001</ele>
   </trkpt>
   <trkpt lat="54.211830000000006" lon="22.90529">
    <ele>207.40000000000003</ele>
   </trkpt>
   <trkpt lat="54.211850000000005" lon="22.905150000000003">
    <ele>207.29000000000002</ele>
   </trkpt>
   <trkpt lat="54.2118900044375" lon="22.904115000925827">
    <ele>208.39000000000001</ele>
   </trkpt>
   <trkpt lat="54.21193" lon="22.903080000000003">
    <ele>207.99</ele>
   </trkpt>
   <trkpt lat="54.212030000000006" lon="22.902350000000002">
    <ele>207.96</ele>
   </trkpt>
   <trkpt lat="54.21211" lon="22.90202">
    <ele>208.16</ele>
   </trkpt>
   <trkpt lat="54.21222" lon="22.901790000000002">
    <ele>208.22</ele>
   </trkpt>
   <trkpt lat="54.212640001276746" lon="22.901220005888675">
    <ele>208.01000000000002</ele>
   </trkpt>
   <trkpt lat="54.213060000000006" lon="22.900650000000002">
    <ele>207.78000000000003</ele>
   </trkpt>
   <trkpt lat="54.21331000000001" lon="22.900180000000002">
    <ele>208.91</ele>
   </trkpt>
   <trkpt lat="54.21354" lon="22.89973">
    <ele>207.51000000000002</ele>
   </trkpt>
   <trkpt lat="54.213800000000006" lon="22.899350000000002">
    <ele>206.61</ele>
   </trkpt>
   <trkpt lat="54.21454000000001" lon="22.89855">
    <ele>207.63</ele>
   </trkpt>
   <trkpt lat="54.214780000000005" lon="22.898220000000002">
    <ele>208.08</ele>
   </trkpt>
   <trkpt lat="54.21509000195571" lon="22.89751500552313">
    <ele>210.42000000000002</ele>
   </trkpt>
   <trkpt lat="54.2154" lon="22.896810000000002">
    <ele>212.55</ele>
   </trkpt>
   <trkpt lat="54.215500000000006" lon="22.89665">
    <ele>212.88</ele>
   </trkpt>
   <trkpt lat="54.21571" lon="22.89636">
    <ele>213.48000000000002</ele>
   </trkpt>
   <trkpt lat="54.21637000279356" lon="22.895540013092045">
    <ele>211.16</ele>
   </trkpt>
   <trkpt lat="54.21703" lon="22.894720000000003">
    <ele>212.93</ele>
   </trkpt>
   <trkpt lat="54.217180000000006" lon="22.89448">
    <ele>213.50000000000003</ele>
   </trkpt>
   <trkpt lat="54.21748500154302" lon="22.893865004587745">
    <ele>214.56000000000003</ele>
   </trkpt>
   <trkpt lat="54.21779000000001" lon="22.893250000000002">
    <ele>216.32000000000002</ele>
   </trkpt>
   <trkpt lat="54.21791" lon="22.892830000000004">
    <ele>216.86</ele>
   </trkpt>
   <trkpt lat="54.21795" lon="22.89261">
    <ele>217.11</ele>
   </trkpt>
   <trkpt lat="54.21797" lon="22.89158">
    <ele>217.98</ele>
   </trkpt>
   <trkpt lat="54.21793" lon="22.891000000000002">
    <ele>219.15</ele>
   </trkpt>
   <trkpt lat="54.217760000000006" lon="22.890500000000003">
    <ele>220.95000000000002</ele>
   </trkpt>
   <trkpt lat="54.217445002304366" lon="22.88976499455261">
    <ele>224.74</ele>
   </trkpt>
   <trkpt lat="54.217130000000004" lon="22.88903">
    <ele>229.48000000000002</ele>
   </trkpt>
   <trkpt lat="54.2171" lon="22.888890000000004">
    <ele>229.48000000000002</ele>
   </trkpt>
   <trkpt lat="54.21708" lon="22.888610000000003">
    <ele>231.18</ele>
   </trkpt>
   <trkpt lat="54.2171" lon="22.888370000000002">
    <ele>232.02000000000004</ele>
   </trkpt>
   <trkpt lat="54.21735" lon="22.88728">
    <ele>234.07000000000002</ele>
   </trkpt>
   <trkpt lat="54.21757" lon="22.886260000000004">
    <ele>233.77</ele>
   </trkpt>
   <trkpt lat="54.21770000000001" lon="22.88587">
    <ele>232.69</ele>
   </trkpt>
   <trkpt lat="54.218085002737624" lon="22.885070007274695">
    <ele>229.10000000000002</ele>
   </trkpt>
   <trkpt lat="54.21847" lon="22.88427">
    <ele>226.72</ele>
   </trkpt>
   <trkpt lat="54.21869" lon="22.88362">
    <ele>227.05</ele>
   </trkpt>
   <trkpt lat="54.21885" lon="22.88276">
    <ele>228.84</ele>
   </trkpt>
   <trkpt lat="54.218880000000006" lon="22.88239">
    <ele>229.25</ele>
   </trkpt>
   <trkpt lat="54.21887" lon="22.881970000000003">
    <ele>229.33</ele>
   </trkpt>
   <trkpt lat="54.21875501766357" lon="22.88077749008227">
    <ele>228.84</ele>
   </trkpt>
   <trkpt lat="54.21864002355423" lon="22.87958498680582">
    <ele>228.72</ele>
   </trkpt>
   <trkpt lat="54.2185250176721" lon="22.87839249017127">
    <ele>229.11</ele>
   </trkpt>
   <trkpt lat="54.218410000000006" lon="22.877200000000002">
    <ele>227.42000000000002</ele>
   </trkpt>
   <trkpt lat="54.218410000000006" lon="22.87702">
    <ele>227.42000000000002</ele>
   </trkpt>
   <trkpt lat="54.21849" lon="22.8761">
    <ele>224.41000000000003</ele>
   </trkpt>
   <trkpt lat="54.21858" lon="22.875200000000003">
    <ele>224.23000000000002</ele>
   </trkpt>
   <trkpt lat="54.21858" lon="22.874750000000002">
    <ele>225.25</ele>
   </trkpt>
   <trkpt lat="54.218560000000004" lon="22.874540000000003">
    <ele>226.55</ele>
   </trkpt>
   <trkpt lat="54.21851" lon="22.87431">
    <ele>227.04000000000002</ele>
   </trkpt>
   <trkpt lat="54.218140000000005" lon="22.873160000000002">
    <ele>229.46</ele>
   </trkpt>
   <trkpt lat="54.21791" lon="22.87234">
    <ele>229.23000000000002</ele>
   </trkpt>
   <trkpt lat="54.2175900284974" lon="22.871166621218304">
    <ele>228.76000000000002</ele>
   </trkpt>
   <trkpt lat="54.217270045596564" lon="22.86999326061991">
    <ele>227.76000000000002</ele>
   </trkpt>
   <trkpt lat="54.21695005129779" lon="22.868819918204984">
    <ele>226.31</ele>
   </trkpt>
   <trkpt lat="54.21663004560142" lon="22.867646593973664">
    <ele>226.14000000000001</ele>
   </trkpt>
   <trkpt lat="54.216310028507735" lon="22.866473287926105">
    <ele>225.17000000000002</ele>
   </trkpt>
   <trkpt lat="54.215990000000005" lon="22.8653">
    <ele>223.41000000000003</ele>
   </trkpt>
   <trkpt lat="54.21596" lon="22.86512">
    <ele>223.08</ele>
   </trkpt>
   <trkpt lat="54.21594" lon="22.864810000000002">
    <ele>221.94000000000003</ele>
   </trkpt>
   <trkpt lat="54.21598" lon="22.864400000000003">
    <ele>220.72000000000003</ele>
   </trkpt>
   <trkpt lat="54.21611000000001" lon="22.86392">
    <ele>218.03000000000003</ele>
   </trkpt>
   <trkpt lat="54.21644500356662" lon="22.862995007434964">
    <ele>214.88000000000002</ele>
   </trkpt>
   <trkpt lat="54.21678000000001" lon="22.862070000000003">
    <ele>215.52</ele>
   </trkpt>
   <trkpt lat="54.2169" lon="22.861680000000003">
    <ele>216.58</ele>
   </trkpt>
   <trkpt lat="54.21698000000001" lon="22.86119">
    <ele>218.68</ele>
   </trkpt>
   <trkpt lat="54.21705334902396" lon="22.859813338213872">
    <ele>221.37</ele>
   </trkpt>
   <trkpt lat="54.21712668235782" lon="22.858436671537987">
    <ele>221.47000000000003</ele>
   </trkpt>
   <trkpt lat="54.217200000000005" lon="22.85706">
    <ele>223.28</ele>
   </trkpt>
   <trkpt lat="54.21728" lon="22.856">
    <ele>226.44000000000003</ele>
   </trkpt>
   <trkpt lat="54.21735" lon="22.855490000000003">
    <ele>228.57000000000002</ele>
   </trkpt>
   <trkpt lat="54.21763003774957" lon="22.85425719301037">
    <ele>231.68</ele>
   </trkpt>
   <trkpt lat="54.21791006291672" lon="22.85302436930119">
    <ele>231.57000000000002</ele>
   </trkpt>
   <trkpt lat="54.21819007550118" lon="22.851791528872813">
    <ele>231.13000000000002</ele>
   </trkpt>
   <trkpt lat="54.21847007550261" lon="22.850558671725594">
    <ele>232.31</ele>
   </trkpt>
   <trkpt lat="54.21875006292072" lon="22.849325797859887">
    <ele>233.31</ele>
   </trkpt>
   <trkpt lat="54.219030037755225" lon="22.848092907276047">
    <ele>233.22</ele>
   </trkpt>
   <trkpt lat="54.21931000000001" lon="22.846860000000003">
    <ele>232.86</ele>
   </trkpt>
   <trkpt lat="54.219602027128495" lon="22.84558003619944">
    <ele>232.73000000000002</ele>
   </trkpt>
   <trkpt lat="54.21989404069389" lon="22.84430005429527">
    <ele>232.01000000000002</ele>
   </trkpt>
   <trkpt lat="54.220186040695815" lon="22.843020054287894">
    <ele>231.57000000000002</ele>
   </trkpt>
   <trkpt lat="54.22047802713395" lon="22.84174003617769">
    <ele>231.52000000000004</ele>
   </trkpt>
   <trkpt lat="54.22077" lon="22.84046">
    <ele>230.55000000000004</ele>
   </trkpt>
   <trkpt lat="54.22104003030418" lon="22.83925003954616">
    <ele>229.51000000000002</ele>
   </trkpt>
   <trkpt lat="54.22131004848847" lon="22.838040063267055">
    <ele>227.98000000000002</ele>
   </trkpt>
   <trkpt lat="54.22158005455262" lon="22.836830071163035">
    <ele>227.47</ele>
   </trkpt>
   <trkpt lat="54.22185004849631" lon="22.83562006323445">
    <ele>227.52</ele>
   </trkpt>
   <trkpt lat="54.22212003031927" lon="22.834410039481636">
    <ele>228.51000000000002</ele>
   </trkpt>
   <trkpt lat="54.222390000000004" lon="22.8332">
    <ele>228.35000000000002</ele>
   </trkpt>
   <trkpt lat="54.222480000000004" lon="22.832610000000003">
    <ele>227.52</ele>
   </trkpt>
   <trkpt lat="54.22254500414066" lon="22.831610001551354">
    <ele>226.96</ele>
   </trkpt>
   <trkpt lat="54.22261" lon="22.830610000000004">
    <ele>227.10000000000002</ele>
   </trkpt>
   <trkpt lat="54.22263" lon="22.82992">
    <ele>227.69000000000003</ele>
   </trkpt>
   <trkpt lat="54.22261" lon="22.829610000000002">
    <ele>227.69000000000003</ele>
   </trkpt>
   <trkpt lat="54.22251000000001" lon="22.82888">
    <ele>227.97</ele>
   </trkpt>
   <trkpt lat="54.22229000375201" lon="22.82792999500893">
    <ele>228.35000000000002</ele>
   </trkpt>
   <trkpt lat="54.22207" lon="22.826980000000002">
    <ele>228.85000000000002</ele>
   </trkpt>
   <trkpt lat="54.22198" lon="22.826500000000003">
    <ele>228.84</ele>
   </trkpt>
   <trkpt lat="54.22182500485873" lon="22.825414995828613">
    <ele>227.17000000000002</ele>
   </trkpt>
   <trkpt lat="54.22167" lon="22.824330000000003">
    <ele>224.0</ele>
   </trkpt>
   <trkpt lat="54.221590000000006" lon="22.82392">
    <ele>223.04000000000002</ele>
   </trkpt>
   <trkpt lat="54.2212900145012" lon="22.82259664745406">
    <ele>220.06</ele>
   </trkpt>
   <trkpt lat="54.22099001450488" lon="22.82127331413732">
    <ele>215.15</ele>
   </trkpt>
   <trkpt lat="54.220690000000005" lon="22.819950000000002">
    <ele>210.51000000000002</ele>
   </trkpt>
   <trkpt lat="54.220690000000005" lon="22.819940000000003">
    <ele>210.47000000000003</ele>
   </trkpt>
   <trkpt lat="54.22043500506023" lon="22.81883499320228">
    <ele>205.99</ele>
   </trkpt>
   <trkpt lat="54.220180000000006" lon="22.81773">
    <ele>203.20000000000002</ele>
   </trkpt>
   <trkpt lat="54.220020000000005" lon="22.817980000000002">
    <ele>203.49</ele>
   </trkpt>
   <trkpt lat="54.219570000000004" lon="22.818520000000003">
    <ele>203.32000000000002</ele>
   </trkpt>
   <trkpt lat="54.219440000000006" lon="22.818640000000002">
    <ele>203.34</ele>
   </trkpt>
   <trkpt lat="54.21896" lon="22.818910000000002">
    <ele>204.06</ele>
   </trkpt>
   <trkpt lat="54.21889" lon="22.819000000000003">
    <ele>204.53</ele>
   </trkpt>
   <trkpt lat="54.21884000000001" lon="22.819090000000003">
    <ele>204.53</ele>
   </trkpt>
   <trkpt lat="54.218830000000004" lon="22.81942">
    <ele>205.13</ele>
   </trkpt>
   <trkpt lat="54.2188" lon="22.81951">
    <ele>205.19</ele>
   </trkpt>
   <trkpt lat="54.21824500374807" lon="22.820450012480094">
    <ele>205.81</ele>
   </trkpt>
   <trkpt lat="54.217690000000005" lon="22.82139">
    <ele>207.02</ele>
   </trkpt>
   <trkpt lat="54.21759" lon="22.821520000000003">
    <ele>207.02</ele>
   </trkpt>
   <trkpt lat="54.21746" lon="22.821740000000002">
    <ele>207.17000000000002</ele>
   </trkpt>
   <trkpt lat="54.216985005902" lon="22.8229400139509">
    <ele>207.27</ele>
   </trkpt>
   <trkpt lat="54.21651000000001" lon="22.824140000000003">
    <ele>208.48000000000002</ele>
   </trkpt>
   <trkpt lat="54.21613000000001" lon="22.825200000000002">
    <ele>209.40000000000003</ele>
   </trkpt>
   <trkpt lat="54.21584000000001" lon="22.825650000000003">
    <ele>209.36</ele>
   </trkpt>
   <trkpt lat="54.21557000000001" lon="22.82601">
    <ele>207.81000000000003</ele>
   </trkpt>
   <trkpt lat="54.21529" lon="22.826310000000003">
    <ele>206.92000000000002</ele>
   </trkpt>
   <trkpt lat="54.215120000000006" lon="22.82673">
    <ele>205.75</ele>
   </trkpt>
   <trkpt lat="54.21495" lon="22.827070000000003">
    <ele>206.24</ele>
   </trkpt>
   <trkpt lat="54.214890000000004" lon="22.827140000000004">
    <ele>206.24</ele>
   </trkpt>
   <trkpt lat="54.214740000000006" lon="22.827240000000003">
    <ele>206.13</ele>
   </trkpt>
   <trkpt lat="54.21443000000001" lon="22.82757">
    <ele>203.81</ele>
   </trkpt>
   <trkpt lat="54.21428" lon="22.82798">
    <ele>202.62</ele>
   </trkpt>
   <trkpt lat="54.214180000000006" lon="22.828190000000003">
    <ele>202.62</ele>
   </trkpt>
   <trkpt lat="54.21405000000001" lon="22.82841">
    <ele>202.13</ele>
   </trkpt>
   <trkpt lat="54.213930000000005" lon="22.828590000000002">
    <ele>202.05</ele>
   </trkpt>
   <trkpt lat="54.21385000000001" lon="22.828770000000002">
    <ele>201.94</ele>
   </trkpt>
   <trkpt lat="54.213660000000004" lon="22.829330000000002">
    <ele>201.69</ele>
   </trkpt>
   <trkpt lat="54.21313000000001" lon="22.83023">
    <ele>201.65</ele>
   </trkpt>
   <trkpt lat="54.21285" lon="22.830940000000002">
    <ele>201.25</ele>
   </trkpt>
   <trkpt lat="54.21276" lon="22.83125">
    <ele>201.31</ele>
   </trkpt>
   <trkpt lat="54.21264000000001" lon="22.83179">
    <ele>201.21000000000004</ele>
   </trkpt>
   <trkpt lat="54.21235000000001" lon="22.83286">
    <ele>200.49000000000004</ele>
   </trkpt>
   <trkpt lat="54.21208500193835" lon="22.83353000409616">
    <ele>200.55</ele>
   </trkpt>
   <trkpt lat="54.21182" lon="22.834200000000003">
    <ele>200.85000000000002</ele>
   </trkpt>
   <trkpt lat="54.21153000181547" lon="22.834865004703754">
    <ele>200.42000000000002</ele>
   </trkpt>
   <trkpt lat="54.211240000000004" lon="22.835530000000002">
    <ele>201.12</ele>
   </trkpt>
   <trkpt lat="54.211200000000005" lon="22.83574">
    <ele>201.12</ele>
   </trkpt>
   <trkpt lat="54.21121" lon="22.836170000000003">
    <ele>201.75</ele>
   </trkpt>
   <trkpt lat="54.211180000000006" lon="22.836250000000003">
    <ele>201.75</ele>
   </trkpt>
   <trkpt lat="54.211130000000004" lon="22.83631">
    <ele>201.63</ele>
   </trkpt>
   <trkpt lat="54.21107000000001" lon="22.83631">
    <ele>201.31</ele>
   </trkpt>
   <trkpt lat="54.21097" lon="22.83624">
    <ele>201.04000000000002</ele>
   </trkpt>
   <trkpt lat="54.21076000000001" lon="22.836180000000002">
    <ele>200.64000000000001</ele>
   </trkpt>
   <trkpt lat="54.21040000000001" lon="22.836260000000003">
    <ele>199.86</ele>
   </trkpt>
   <trkpt lat="54.210210000000004" lon="22.836350000000003">
    <ele>199.68</ele>
   </trkpt>
   <trkpt lat="54.210040000000006" lon="22.836470000000002">
    <ele>199.45000000000002</ele>
   </trkpt>
   <trkpt lat="54.209740000000004" lon="22.836820000000003">
    <ele>198.74000000000004</ele>
   </trkpt>
   <trkpt lat="54.20962" lon="22.83688">
    <ele>198.61</ele>
   </trkpt>
   <trkpt lat="54.209210000000006" lon="22.837000000000003">
    <ele>198.12</ele>
   </trkpt>
   <trkpt lat="54.20902" lon="22.83699">
    <ele>198.02000000000004</ele>
   </trkpt>
   <trkpt lat="54.208890000000004" lon="22.836940000000002">
    <ele>197.9</ele>
   </trkpt>
   <trkpt lat="54.20861000000001" lon="22.83679">
    <ele>197.4</ele>
   </trkpt>
   <trkpt lat="54.20816500032776" lon="22.836479996611835">
    <ele>196.83</ele>
   </trkpt>
   <trkpt lat="54.20772" lon="22.836170000000003">
    <ele>196.16000000000003</ele>
   </trkpt>
   <trkpt lat="54.20725" lon="22.836060000000003">
    <ele>195.79000000000002</ele>
   </trkpt>
   <trkpt lat="54.207240000000006" lon="22.836060000000003">
    <ele>195.79000000000002</ele>
   </trkpt>
   <trkpt lat="54.20693000000001" lon="22.835990000000002">
    <ele>195.85000000000002</ele>
   </trkpt>
   <trkpt lat="54.206790000000005" lon="22.83593">
    <ele>196.01000000000002</ele>
   </trkpt>
   <trkpt lat="54.20644000000001" lon="22.835700000000003">
    <ele>196.62</ele>
   </trkpt>
   <trkpt lat="54.20628000000001" lon="22.83566">
    <ele>197.08</ele>
   </trkpt>
   <trkpt lat="54.20582499973862" lon="22.835725000755698">
    <ele>198.51000000000002</ele>
   </trkpt>
   <trkpt lat="54.20537" lon="22.835790000000003">
    <ele>200.84</ele>
   </trkpt>
   <trkpt lat="54.20523000000001" lon="22.83584">
    <ele>201.77</ele>
   </trkpt>
   <trkpt lat="54.204930000000004" lon="22.836170000000003">
    <ele>204.81</ele>
   </trkpt>
   <trkpt lat="54.204860000000004" lon="22.83632">
    <ele>206.5</ele>
   </trkpt>
   <trkpt lat="54.204860000000004" lon="22.836820000000003">
    <ele>208.75000000000003</ele>
   </trkpt>
   <trkpt lat="54.20483" lon="22.836940000000002">
    <ele>208.75000000000003</ele>
   </trkpt>
   <trkpt lat="54.204750000000004" lon="22.83707">
    <ele>209.86</ele>
   </trkpt>
   <trkpt lat="54.20436" lon="22.837130000000002">
    <ele>210.54</ele>
   </trkpt>
   <trkpt lat="54.204170000000005" lon="22.837210000000002">
    <ele>211.05</ele>
   </trkpt>
   <trkpt lat="54.20400000000001" lon="22.83733">
    <ele>211.81000000000003</ele>
   </trkpt>
   <trkpt lat="54.20383" lon="22.83751">
    <ele>211.81000000000003</ele>
   </trkpt>
   <trkpt lat="54.20324000206292" lon="22.83821501006082">
    <ele>213.28000000000003</ele>
   </trkpt>
   <trkpt lat="54.202650000000006" lon="22.83892">
    <ele>209.03000000000003</ele>
   </trkpt>
   <trkpt lat="54.202450000000006" lon="22.839090000000002">
    <ele>206.89000000000001</ele>
   </trkpt>
   <trkpt lat="54.20223000000001" lon="22.839100000000002">
    <ele>205.79000000000002</ele>
   </trkpt>
   <trkpt lat="54.20179" lon="22.83902">
    <ele>201.06</ele>
   </trkpt>
   <trkpt lat="54.201570000000004" lon="22.838910000000002">
    <ele>200.03</ele>
   </trkpt>
   <trkpt lat="54.201150000000005" lon="22.83865">
    <ele>197.25</ele>
   </trkpt>
   <trkpt lat="54.20105" lon="22.838820000000002">
    <ele>196.61</ele>
   </trkpt>
   <trkpt lat="54.200340005469656" lon="22.83963336129169">
    <ele>194.45000000000002</ele>
   </trkpt>
   <trkpt lat="54.1996300054615" lon="22.840446694633748">
    <ele>193.12</ele>
   </trkpt>
   <trkpt lat="54.19892" lon="22.841260000000002">
    <ele>193.85000000000002</ele>
   </trkpt>
   <trkpt lat="54.198450000992246" lon="22.841790006220354">
    <ele>192.54000000000002</ele>
   </trkpt>
   <trkpt lat="54.19798" lon="22.84232">
    <ele>192.20000000000002</ele>
   </trkpt>
   <trkpt lat="54.19776" lon="22.84251">
    <ele>192.03</ele>
   </trkpt>
   <trkpt lat="54.197630000000004" lon="22.84259">
    <ele>192.03</ele>
   </trkpt>
   <trkpt lat="54.19735000000001" lon="22.842670000000002">
    <ele>191.81</ele>
   </trkpt>
   <trkpt lat="54.19682" lon="22.842760000000002">
    <ele>190.77</ele>
   </trkpt>
   <trkpt lat="54.19599500015306" lon="22.842925003285615">
    <ele>190.54000000000002</ele>
   </trkpt>
   <trkpt lat="54.195170000000005" lon="22.84309">
    <ele>191.06</ele>
   </trkpt>
   <trkpt lat="54.19444000000001" lon="22.84316">
    <ele>191.16000000000003</ele>
   </trkpt>
   <trkpt lat="54.19404" lon="22.84315">
    <ele>191.43</ele>
   </trkpt>
   <trkpt lat="54.19377000000001" lon="22.843110000000003">
    <ele>191.67000000000002</ele>
   </trkpt>
   <trkpt lat="54.19317" lon="22.843000000000004">
    <ele>192.35000000000002</ele>
   </trkpt>
   <trkpt lat="54.192890000000006" lon="22.842920000000003">
    <ele>192.45000000000002</ele>
   </trkpt>
   <trkpt lat="54.19265000000001" lon="22.842760000000002">
    <ele>193.06</ele>
   </trkpt>
   <trkpt lat="54.192013335696956" lon="22.84222331678319">
    <ele>194.04000000000002</ele>
   </trkpt>
   <trkpt lat="54.19137666900873" lon="22.84168665009867">
    <ele>194.14000000000001</ele>
   </trkpt>
   <trkpt lat="54.190740000000005" lon="22.841150000000003">
    <ele>194.84</ele>
   </trkpt>
   <trkpt lat="54.19032000000001" lon="22.840780000000002">
    <ele>195.02</ele>
   </trkpt>
   <trkpt lat="54.18977" lon="22.840220000000002">
    <ele>194.87</ele>
   </trkpt>
   <trkpt lat="54.18976000000001" lon="22.840210000000003">
    <ele>194.86</ele>
   </trkpt>
   <trkpt lat="54.18912" lon="22.839560000000002">
    <ele>196.46</ele>
   </trkpt>
   <trkpt lat="54.188970000000005" lon="22.839480000000002">
    <ele>197.0</ele>
   </trkpt>
   <trkpt lat="54.188880000000005" lon="22.83949">
    <ele>197.85000000000002</ele>
   </trkpt>
   <trkpt lat="54.18878" lon="22.83923">
    <ele>200.61</ele>
   </trkpt>
   <trkpt lat="54.1881700007809" lon="22.838819994007327">
    <ele>204.74</ele>
   </trkpt>
   <trkpt lat="54.187560000000005" lon="22.838410000000003">
    <ele>210.75000000000003</ele>
   </trkpt>
   <trkpt lat="54.18693500054559" lon="22.838069994896447">
    <ele>210.38</ele>
   </trkpt>
   <trkpt lat="54.186310000000006" lon="22.83773">
    <ele>208.52</ele>
   </trkpt>
   <trkpt lat="54.185790000000004" lon="22.837480000000003">
    <ele>207.21</ele>
   </trkpt>
   <trkpt lat="54.18578" lon="22.837480000000003">
    <ele>207.19</ele>
   </trkpt>
   <trkpt lat="54.18518" lon="22.837190000000003">
    <ele>205.51000000000002</ele>
   </trkpt>
   <trkpt lat="54.18441000000001" lon="22.83678">
    <ele>201.99</ele>
   </trkpt>
   <trkpt lat="54.183930000000004" lon="22.836570000000002">
    <ele>200.67000000000002</ele>
   </trkpt>
   <trkpt lat="54.183350000000004" lon="22.83623">
    <ele>198.89000000000001</ele>
   </trkpt>
   <trkpt lat="54.182750000000006" lon="22.835990000000002">
    <ele>197.20000000000002</ele>
   </trkpt>
   <trkpt lat="54.1822" lon="22.835630000000002">
    <ele>192.95000000000002</ele>
   </trkpt>
   <trkpt lat="54.18164" lon="22.835350000000002">
    <ele>191.85999999999999</ele>
   </trkpt>
   <trkpt lat="54.181085000220904" lon="22.83504499581617">
    <ele>191.23000000000002</ele>
   </trkpt>
   <trkpt lat="54.180530000000005" lon="22.834740000000004">
    <ele>188.23000000000002</ele>
   </trkpt>
   <trkpt lat="54.18052" lon="22.834740000000004">
    <ele>188.23000000000002</ele>
   </trkpt>
   <trkpt lat="54.179930000000006" lon="22.83436">
    <ele>185.39000000000001</ele>
   </trkpt>
   <trkpt lat="54.17987" lon="22.83436">
    <ele>185.36</ele>
   </trkpt>
   <trkpt lat="54.179730000000006" lon="22.834470000000003">
    <ele>185.57000000000002</ele>
   </trkpt>
   <trkpt lat="54.17963" lon="22.834590000000002">
    <ele>185.57000000000002</ele>
   </trkpt>
   <trkpt lat="54.179410000000004" lon="22.83501">
    <ele>185.61</ele>
   </trkpt>
   <trkpt lat="54.17922000000001" lon="22.835310000000003">
    <ele>184.24</ele>
   </trkpt>
   <trkpt lat="54.17916" lon="22.83536">
    <ele>184.24</ele>
   </trkpt>
   <trkpt lat="54.17911" lon="22.83537">
    <ele>184.24</ele>
   </trkpt>
   <trkpt lat="54.17904000000001" lon="22.835350000000002">
    <ele>182.64000000000001</ele>
   </trkpt>
   <trkpt lat="54.17837667362771" lon="22.83443330392924">
    <ele>181.14000000000001</ele>
   </trkpt>
   <trkpt lat="54.17771334029552" lon="22.833516637264786">
    <ele>181.04</ele>
   </trkpt>
   <trkpt lat="54.17705" lon="22.832600000000003">
    <ele>180.92000000000002</ele>
   </trkpt>
   <trkpt lat="54.177040000000005" lon="22.832590000000003">
    <ele>180.91000000000003</ele>
   </trkpt>
   <trkpt lat="54.17637667389662" lon="22.831656636748967">
    <ele>181.68</ele>
   </trkpt>
   <trkpt lat="54.17571334057779" lon="22.830723303436688">
    <ele>184.58</ele>
   </trkpt>
   <trkpt lat="54.175050000000006" lon="22.829790000000003">
    <ele>193.26000000000002</ele>
   </trkpt>
   <trkpt lat="54.17469000180443" lon="22.829124994162065">
    <ele>199.66</ele>
   </trkpt>
   <trkpt lat="54.174330000000005" lon="22.828460000000003">
    <ele>208.41</ele>
   </trkpt>
   <trkpt lat="54.1741" lon="22.828830000000004">
    <ele>207.85</ele>
   </trkpt>
   <trkpt lat="54.17363" lon="22.82935">
    <ele>206.54000000000002</ele>
   </trkpt>
   <trkpt lat="54.173550000000006" lon="22.82946">
    <ele>206.24</ele>
   </trkpt>
   <trkpt lat="54.173480000000005" lon="22.829800000000002">
    <ele>206.04000000000002</ele>
   </trkpt>
   <trkpt lat="54.17337000723958" lon="22.83112000322992">
    <ele>204.53</ele>
   </trkpt>
   <trkpt lat="54.173260000000006" lon="22.832440000000002">
    <ele>205.16</ele>
   </trkpt>
   <trkpt lat="54.17322000000001" lon="22.833050000000004">
    <ele>205.12000000000003</ele>
   </trkpt>
   <trkpt lat="54.17327" lon="22.83369">
    <ele>203.94</ele>
   </trkpt>
   <trkpt lat="54.17327" lon="22.834670000000003">
    <ele>203.5</ele>
   </trkpt>
   <trkpt lat="54.17336" lon="22.83545">
    <ele>203.28</ele>
   </trkpt>
   <trkpt lat="54.17343" lon="22.83583">
    <ele>202.5</ele>
   </trkpt>
   <trkpt lat="54.17345" lon="22.836090000000002">
    <ele>201.76000000000002</ele>
   </trkpt>
   <trkpt lat="54.17347" lon="22.836650000000002">
    <ele>200.35000000000002</ele>
   </trkpt>
   <trkpt lat="54.17344000000001" lon="22.836910000000003">
    <ele>198.73000000000002</ele>
   </trkpt>
   <trkpt lat="54.17287" lon="22.837950000000003">
    <ele>197.95000000000002</ele>
   </trkpt>
   <trkpt lat="54.172720000000005" lon="22.838160000000002">
    <ele>198.0</ele>
   </trkpt>
   <trkpt lat="54.17259000000001" lon="22.83829">
    <ele>197.88000000000002</ele>
   </trkpt>
   <trkpt lat="54.172410000000006" lon="22.838420000000003">
    <ele>196.68</ele>
   </trkpt>
   <trkpt lat="54.17235" lon="22.838510000000003">
    <ele>196.68</ele>
   </trkpt>
   <trkpt lat="54.17230000000001" lon="22.838630000000002">
    <ele>196.37</ele>
   </trkpt>
   <trkpt lat="54.17228000000001" lon="22.838810000000002">
    <ele>196.09</ele>
   </trkpt>
   <trkpt lat="54.17230000000001" lon="22.838980000000003">
    <ele>195.9</ele>
   </trkpt>
   <trkpt lat="54.172270000000005" lon="22.83921">
    <ele>195.57000000000002</ele>
   </trkpt>
   <trkpt lat="54.172070000000005" lon="22.83961">
    <ele>194.79000000000002</ele>
   </trkpt>
   <trkpt lat="54.17174000000001" lon="22.83995">
    <ele>193.75</ele>
   </trkpt>
   <trkpt lat="54.17161" lon="22.840100000000003">
    <ele>193.33</ele>
   </trkpt>
   <trkpt lat="54.171510000000005" lon="22.84017">
    <ele>193.03</ele>
   </trkpt>
   <trkpt lat="54.17099" lon="22.840380000000003">
    <ele>191.09</ele>
   </trkpt>
   <trkpt lat="54.170550000000006" lon="22.840590000000002">
    <ele>188.38000000000002</ele>
   </trkpt>
   <trkpt lat="54.17043" lon="22.84061">
    <ele>187.3</ele>
   </trkpt>
   <trkpt lat="54.17025" lon="22.840580000000003">
    <ele>186.8</ele>
   </trkpt>
   <trkpt lat="54.16976499999398" lon="22.840399997837686">
    <ele>185.44000000000003</ele>
   </trkpt>
   <trkpt lat="54.16928000000001" lon="22.840220000000002">
    <ele>185.32000000000002</ele>
   </trkpt>
   <trkpt lat="54.16917" lon="22.840200000000003">
    <ele>185.32000000000002</ele>
   </trkpt>
   <trkpt lat="54.169070000000005" lon="22.840210000000003">
    <ele>185.26</ele>
   </trkpt>
   <trkpt lat="54.16899000000001" lon="22.84024">
    <ele>185.04</ele>
   </trkpt>
   <trkpt lat="54.168890000000005" lon="22.84034">
    <ele>184.37</ele>
   </trkpt>
   <trkpt lat="54.168820000000004" lon="22.840380000000003">
    <ele>184.37</ele>
   </trkpt>
   <trkpt lat="54.16837" lon="22.840380000000003">
    <ele>182.61</ele>
   </trkpt>
   <trkpt lat="54.167970000000004" lon="22.840500000000002">
    <ele>183.60000000000002</ele>
   </trkpt>
   <trkpt lat="54.16780000000001" lon="22.840570000000003">
    <ele>184.02</ele>
   </trkpt>
   <trkpt lat="54.16760000000001" lon="22.840770000000003">
    <ele>184.33</ele>
   </trkpt>
   <trkpt lat="54.167320000000004" lon="22.841220000000003">
    <ele>184.24</ele>
   </trkpt>
   <trkpt lat="54.167120000000004" lon="22.84148">
    <ele>183.84</ele>
   </trkpt>
   <trkpt lat="54.167030000000004" lon="22.84156">
    <ele>183.84</ele>
   </trkpt>
   <trkpt lat="54.166740000000004" lon="22.841720000000002">
    <ele>183.38000000000002</ele>
   </trkpt>
   <trkpt lat="54.166470000000004" lon="22.84183">
    <ele>181.94000000000003</ele>
   </trkpt>
   <trkpt lat="54.166560000000004" lon="22.84211">
    <ele>179.33</ele>
   </trkpt>
   <trkpt lat="54.166970000000006" lon="22.84277">
    <ele>176.23000000000002</ele>
   </trkpt>
   <trkpt lat="54.16757000208395" lon="22.843494989373248">
    <ele>175.83</ele>
   </trkpt>
   <trkpt lat="54.16817" lon="22.844220000000004">
    <ele>176.09000000000003</ele>
   </trkpt>
   <trkpt lat="54.168440000000004" lon="22.844700000000003">
    <ele>179.35</ele>
   </trkpt>
   <trkpt lat="54.168470000000006" lon="22.844810000000003">
    <ele>179.35</ele>
   </trkpt>
   <trkpt lat="54.168470000000006" lon="22.84494">
    <ele>180.1</ele>
   </trkpt>
   <trkpt lat="54.16841" lon="22.84515">
    <ele>180.72000000000003</ele>
   </trkpt>
   <trkpt lat="54.168330000000005" lon="22.845280000000002">
    <ele>181.20000000000002</ele>
   </trkpt>
   <trkpt lat="54.1681" lon="22.8455">
    <ele>182.14000000000001</ele>
   </trkpt>
   <trkpt lat="54.16776" lon="22.8458">
    <ele>182.14000000000001</ele>
   </trkpt>
   <trkpt lat="54.167660000000005" lon="22.84596">
    <ele>181.20000000000002</ele>
   </trkpt>
   <trkpt lat="54.167640000000006" lon="22.84608">
    <ele>180.4</ele>
   </trkpt>
   <trkpt lat="54.16771000000001" lon="22.846400000000003">
    <ele>179.3</ele>
   </trkpt>
   <trkpt lat="54.16809000000001" lon="22.84712">
    <ele>179.69000000000003</ele>
   </trkpt>
   <trkpt lat="54.16819" lon="22.847320000000003">
    <ele>180.00000000000003</ele>
   </trkpt>
   <trkpt lat="54.16823" lon="22.847450000000002">
    <ele>180.14000000000001</ele>
   </trkpt>
   <trkpt lat="54.16814" lon="22.84775">
    <ele>180.19000000000003</ele>
   </trkpt>
   <trkpt lat="54.16781" lon="22.84814">
    <ele>180.64000000000001</ele>
   </trkpt>
   <trkpt lat="54.16776" lon="22.848270000000003">
    <ele>180.74</ele>
   </trkpt>
   <trkpt lat="54.16776" lon="22.84841">
    <ele>180.79</ele>
   </trkpt>
   <trkpt lat="54.167870005200456" lon="22.8495299970729">
    <ele>181.42000000000002</ele>
   </trkpt>
   <trkpt lat="54.16798000000001" lon="22.85065">
    <ele>184.35000000000002</ele>
   </trkpt>
   <trkpt lat="54.16863000000001" lon="22.849950000000003">
    <ele>184.31</ele>
   </trkpt>
   <trkpt lat="54.16877" lon="22.84983">
    <ele>184.31</ele>
   </trkpt>
   <trkpt lat="54.169180000000004" lon="22.84955">
    <ele>184.63000000000002</ele>
   </trkpt>
   <trkpt lat="54.169320000000006" lon="22.849480000000003">
    <ele>184.88000000000002</ele>
   </trkpt>
   <trkpt lat="54.16949" lon="22.84943">
    <ele>184.96</ele>
   </trkpt>
   <trkpt lat="54.16973" lon="22.849380000000004">
    <ele>184.96</ele>
   </trkpt>
   <trkpt lat="54.16987" lon="22.849380000000004">
    <ele>185.12</ele>
   </trkpt>
   <trkpt lat="54.170080000000006" lon="22.849410000000002">
    <ele>185.12</ele>
   </trkpt>
   <trkpt lat="54.17034" lon="22.849480000000003">
    <ele>185.34</ele>
   </trkpt>
   <trkpt lat="54.171053334041915" lon="22.849756657153872">
    <ele>185.67</ele>
   </trkpt>
   <trkpt lat="54.17176666744981" lon="22.85003332384926">
    <ele>186.55</ele>
   </trkpt>
   <trkpt lat="54.17248000000001" lon="22.85031">
    <ele>187.14000000000001</ele>
   </trkpt>
   <trkpt lat="54.17266000000001" lon="22.8504">
    <ele>187.14000000000001</ele>
   </trkpt>
   <trkpt lat="54.17295000000001" lon="22.85059">
    <ele>187.26000000000002</ele>
   </trkpt>
   <trkpt lat="54.17333000000001" lon="22.85093">
    <ele>187.76000000000002</ele>
   </trkpt>
   <trkpt lat="54.17408333834054" lon="22.85170997155439">
    <ele>187.86</ele>
   </trkpt>
   <trkpt lat="54.1748366716419" lon="22.852489971520612">
    <ele>187.62</ele>
   </trkpt>
   <trkpt lat="54.17559000000001" lon="22.853270000000002">
    <ele>187.60000000000002</ele>
   </trkpt>
   <trkpt lat="54.17598" lon="22.85356">
    <ele>187.53</ele>
   </trkpt>
   <trkpt lat="54.17624000000001" lon="22.85368">
    <ele>187.43</ele>
   </trkpt>
   <trkpt lat="54.17645" lon="22.853740000000002">
    <ele>187.17</ele>
   </trkpt>
   <trkpt lat="54.17658" lon="22.85375">
    <ele>187.17</ele>
   </trkpt>
   <trkpt lat="54.176570000000005" lon="22.85375">
    <ele>187.18</ele>
   </trkpt>
   <trkpt lat="54.176640000000006" lon="22.85376">
    <ele>187.14000000000001</ele>
   </trkpt>
   <trkpt lat="54.177080000000004" lon="22.85369">
    <ele>186.93</ele>
   </trkpt>
   <trkpt lat="54.177806666909646" lon="22.853520005973206">
    <ele>186.73</ele>
   </trkpt>
   <trkpt lat="54.178533333579956" lon="22.853350005972484">
    <ele>187.10000000000002</ele>
   </trkpt>
   <trkpt lat="54.179260000000006" lon="22.853180000000002">
    <ele>187.66000000000003</ele>
   </trkpt>
   <trkpt lat="54.179250014504454" lon="22.854503333969397">
    <ele>187.00000000000003</ele>
   </trkpt>
   <trkpt lat="54.17924001450447" lon="22.85582666729927">
    <ele>190.13000000000002</ele>
   </trkpt>
   <trkpt lat="54.179230000000004" lon="22.85715">
    <ele>194.92000000000002</ele>
   </trkpt>
   <trkpt lat="54.17927" lon="22.857770000000002">
    <ele>199.39000000000001</ele>
   </trkpt>
   <trkpt lat="54.179390000000005" lon="22.858970000000003">
    <ele>205.0</ele>
   </trkpt>
   <trkpt lat="54.17944000000001" lon="22.85966">
    <ele>214.85000000000002</ele>
   </trkpt>
   <trkpt lat="54.17944000000001" lon="22.85988">
    <ele>216.59</ele>
   </trkpt>
   <trkpt lat="54.17935000000001" lon="22.8609">
    <ele>223.20000000000002</ele>
   </trkpt>
   <trkpt lat="54.17933000000001" lon="22.86145">
    <ele>225.13000000000002</ele>
   </trkpt>
   <trkpt lat="54.17933000000001" lon="22.861690000000003">
    <ele>225.12</ele>
   </trkpt>
   <trkpt lat="54.17936" lon="22.862260000000003">
    <ele>227.02</ele>
   </trkpt>
   <trkpt lat="54.17947" lon="22.86323">
    <ele>227.95000000000002</ele>
   </trkpt>
   <trkpt lat="54.179610000000004" lon="22.864620000000002">
    <ele>229.04000000000002</ele>
   </trkpt>
   <trkpt lat="54.179640000000006" lon="22.865090000000002">
    <ele>229.43</ele>
   </trkpt>
   <trkpt lat="54.17963500373588" lon="22.866040000413786">
    <ele>231.31</ele>
   </trkpt>
   <trkpt lat="54.17963" lon="22.86699">
    <ele>232.85000000000002</ele>
   </trkpt>
   <trkpt lat="54.179590000000005" lon="22.86754">
    <ele>233.17000000000002</ele>
   </trkpt>
   <trkpt lat="54.179410000000004" lon="22.868910000000003">
    <ele>232.70000000000002</ele>
   </trkpt>
   <trkpt lat="54.17936" lon="22.869390000000003">
    <ele>232.4</ele>
   </trkpt>
   <trkpt lat="54.179370000000006" lon="22.8699">
    <ele>232.58</ele>
   </trkpt>
   <trkpt lat="54.179410000000004" lon="22.87038">
    <ele>233.35000000000002</ele>
   </trkpt>
   <trkpt lat="54.179610000000004" lon="22.8714">
    <ele>233.73000000000002</ele>
   </trkpt>
   <trkpt lat="54.17963" lon="22.871740000000003">
    <ele>233.18000000000004</ele>
   </trkpt>
   <trkpt lat="54.179570000000005" lon="22.872000000000003">
    <ele>232.94</ele>
   </trkpt>
   <trkpt lat="54.179120000000005" lon="22.8731">
    <ele>233.75</ele>
   </trkpt>
   <trkpt lat="54.178960000000004" lon="22.873590000000004">
    <ele>235.52</ele>
   </trkpt>
   <trkpt lat="54.178650000000005" lon="22.874720000000003">
    <ele>240.18000000000004</ele>
   </trkpt>
   <trkpt lat="54.17844" lon="22.875420000000002">
    <ele>241.90000000000003</ele>
   </trkpt>
   <trkpt lat="54.178033346002806" lon="22.876656690980045">
    <ele>242.08</ele>
   </trkpt>
   <trkpt lat="54.17762667933839" lon="22.87789335763941">
    <ele>240.97</ele>
   </trkpt>
   <trkpt lat="54.177220000000005" lon="22.879130000000004">
    <ele>242.11</ele>
   </trkpt>
   <trkpt lat="54.177150000000005" lon="22.879230000000003">
    <ele>242.37000000000003</ele>
   </trkpt>
   <trkpt lat="54.177080000000004" lon="22.87929">
    <ele>242.37000000000003</ele>
   </trkpt>
   <trkpt lat="54.176970000000004" lon="22.879340000000003">
    <ele>243.79</ele>
   </trkpt>
   <trkpt lat="54.17643" lon="22.879350000000002">
    <ele>245.91000000000003</ele>
   </trkpt>
   <trkpt lat="54.176190000000005" lon="22.879440000000002">
    <ele>246.51</ele>
   </trkpt>
   <trkpt lat="54.175700000000006" lon="22.879720000000002">
    <ele>246.76</ele>
   </trkpt>
   <trkpt lat="54.17557000000001" lon="22.87976">
    <ele>246.65</ele>
   </trkpt>
   <trkpt lat="54.17539000000001" lon="22.879790000000003">
    <ele>246.43</ele>
   </trkpt>
   <trkpt lat="54.17483999993822" lon="22.87983500060413">
    <ele>246.03000000000003</ele>
   </trkpt>
   <trkpt lat="54.174290000000006" lon="22.879880000000004">
    <ele>245.36</ele>
   </trkpt>
   <trkpt lat="54.174200000000006" lon="22.879910000000002">
    <ele>245.36</ele>
   </trkpt>
   <trkpt lat="54.174080000000004" lon="22.87997">
    <ele>245.02</ele>
   </trkpt>
   <trkpt lat="54.1734" lon="22.88059">
    <ele>244.27</ele>
   </trkpt>
   <trkpt lat="54.173120000000004" lon="22.88081">
    <ele>243.26000000000002</ele>
   </trkpt>
   <trkpt lat="54.172560000000004" lon="22.881200000000003">
    <ele>241.64000000000001</ele>
   </trkpt>
   <trkpt lat="54.17202000066653" lon="22.881615005453487">
    <ele>239.13</ele>
   </trkpt>
   <trkpt lat="54.17148" lon="22.88203">
    <ele>235.82000000000002</ele>
   </trkpt>
   <trkpt lat="54.171170000000004" lon="22.882320000000004">
    <ele>234.68000000000004</ele>
   </trkpt>
   <trkpt lat="54.17043" lon="22.88316">
    <ele>234.3</ele>
   </trkpt>
   <trkpt lat="54.16977500147824" lon="22.883770009716773">
    <ele>236.82000000000002</ele>
   </trkpt>
   <trkpt lat="54.16912000000001" lon="22.88438">
    <ele>238.46000000000004</ele>
   </trkpt>
   <trkpt lat="54.16837" lon="22.885040000000004">
    <ele>239.35</ele>
   </trkpt>
   <trkpt lat="54.168110000000006" lon="22.885170000000002">
    <ele>238.44</ele>
   </trkpt>
   <trkpt lat="54.167640000000006" lon="22.885340000000003">
    <ele>235.19</ele>
   </trkpt>
   <trkpt lat="54.167440000000006" lon="22.8854">
    <ele>232.9</ele>
   </trkpt>
   <trkpt lat="54.16713000000001" lon="22.885450000000002">
    <ele>229.45000000000002</ele>
   </trkpt>
   <trkpt lat="54.16647500020197" lon="22.885575001952713">
    <ele>219.74</ele>
   </trkpt>
   <trkpt lat="54.165820000000004" lon="22.885700000000003">
    <ele>212.02</ele>
   </trkpt>
   <trkpt lat="54.165600000000005" lon="22.885710000000003">
    <ele>209.31000000000003</ele>
   </trkpt>
   <trkpt lat="54.165350000000004" lon="22.885650000000002">
    <ele>207.56000000000003</ele>
   </trkpt>
   <trkpt lat="54.16505000000001" lon="22.885530000000003">
    <ele>206.74</ele>
   </trkpt>
   <trkpt lat="54.16461" lon="22.88529">
    <ele>207.12000000000003</ele>
   </trkpt>
   <trkpt lat="54.16467" lon="22.885040000000004">
    <ele>206.28</ele>
   </trkpt>
   <trkpt lat="54.16517" lon="22.884020000000003">
    <ele>204.99</ele>
   </trkpt>
   <trkpt lat="54.1657" lon="22.88284">
    <ele>205.58</ele>
   </trkpt>
   <trkpt lat="54.165960000000005" lon="22.882350000000002">
    <ele>206.28</ele>
   </trkpt>
   <trkpt lat="54.166250000000005" lon="22.88175">
    <ele>210.89000000000001</ele>
   </trkpt>
   <trkpt lat="54.1664" lon="22.881210000000003">
    <ele>217.04</ele>
   </trkpt>
   <trkpt lat="54.166500000000006" lon="22.8806">
    <ele>222.70000000000002</ele>
   </trkpt>
   <trkpt lat="54.166520000000006" lon="22.880350000000004">
    <ele>224.47000000000003</ele>
   </trkpt>
   <trkpt lat="54.166520000000006" lon="22.88004">
    <ele>229.5</ele>
   </trkpt>
   <trkpt lat="54.16642000255525" lon="22.879254998125596">
    <ele>232.37</ele>
   </trkpt>
   <trkpt lat="54.166320000000006" lon="22.878470000000004">
    <ele>236.56</ele>
   </trkpt>
   <trkpt lat="54.16621000000001" lon="22.878020000000003">
    <ele>238.38</ele>
   </trkpt>
   <trkpt lat="54.16615" lon="22.877650000000003">
    <ele>239.42000000000002</ele>
   </trkpt>
   <trkpt lat="54.166140000000006" lon="22.8775">
    <ele>239.58</ele>
   </trkpt>
   <trkpt lat="54.166230000000006" lon="22.87666">
    <ele>240.16</ele>
   </trkpt>
   <trkpt lat="54.16624" lon="22.876410000000003">
    <ele>240.77</ele>
   </trkpt>
   <trkpt lat="54.16613" lon="22.875040000000002">
    <ele>239.58</ele>
   </trkpt>
   <trkpt lat="54.166090000000004" lon="22.874170000000003">
    <ele>235.59</ele>
   </trkpt>
   <trkpt lat="54.166105004144136" lon="22.873170000212802">
    <ele>233.46000000000004</ele>
   </trkpt>
   <trkpt lat="54.16612000000001" lon="22.87217">
    <ele>232.93000000000004</ele>
   </trkpt>
   <trkpt lat="54.16608" lon="22.87161">
    <ele>232.9</ele>
   </trkpt>
   <trkpt lat="54.16596000354513" lon="22.870684997326602">
    <ele>233.66</ele>
   </trkpt>
   <trkpt lat="54.16584" lon="22.869760000000003">
    <ele>233.53</ele>
   </trkpt>
   <trkpt lat="54.165510000000005" lon="22.868350000000003">
    <ele>231.55</ele>
   </trkpt>
   <trkpt lat="54.16545000000001" lon="22.8682">
    <ele>231.55</ele>
   </trkpt>
   <trkpt lat="54.16541" lon="22.868080000000003">
    <ele>229.91000000000003</ele>
   </trkpt>
   <trkpt lat="54.165240000000004" lon="22.867790000000003">
    <ele>229.12</ele>
   </trkpt>
   <trkpt lat="54.164880000000004" lon="22.867240000000002">
    <ele>228.51000000000002</ele>
   </trkpt>
   <trkpt lat="54.1647" lon="22.86681">
    <ele>227.65</ele>
   </trkpt>
   <trkpt lat="54.16445000496075" lon="22.865714993359642">
    <ele>221.89000000000001</ele>
   </trkpt>
   <trkpt lat="54.1642" lon="22.864620000000002">
    <ele>211.02</ele>
   </trkpt>
   <trkpt lat="54.16415000000001" lon="22.864490000000004">
    <ele>211.02</ele>
   </trkpt>
   <trkpt lat="54.16414" lon="22.864490000000004">
    <ele>210.92000000000002</ele>
   </trkpt>
   <trkpt lat="54.16402000000001" lon="22.86417">
    <ele>208.33</ele>
   </trkpt>
   <trkpt lat="54.163850000000004" lon="22.863850000000003">
    <ele>206.34000000000003</ele>
   </trkpt>
   <trkpt lat="54.16331" lon="22.863080000000004">
    <ele>198.28</ele>
   </trkpt>
   <trkpt lat="54.162940000000006" lon="22.862360000000002">
    <ele>194.01000000000002</ele>
   </trkpt>
   <trkpt lat="54.162800000000004" lon="22.86202">
    <ele>191.81</ele>
   </trkpt>
   <trkpt lat="54.162670000000006" lon="22.86156">
    <ele>190.14</ele>
   </trkpt>
   <trkpt lat="54.162600000000005" lon="22.86107">
    <ele>188.54000000000002</ele>
   </trkpt>
   <trkpt lat="54.16243252496911" lon="22.85965248279535">
    <ele>183.39000000000001</ele>
   </trkpt>
   <trkpt lat="54.16226503329262" lon="22.85823497706526">
    <ele>181.28000000000003</ele>
   </trkpt>
   <trkpt lat="54.1620975249708" lon="22.85681748281071">
    <ele>181.22000000000003</ele>
   </trkpt>
   <trkpt lat="54.161930000000005" lon="22.855400000000003">
    <ele>183.77</ele>
   </trkpt>
   <trkpt lat="54.161150000000006" lon="22.85582">
    <ele>182.51</ele>
   </trkpt>
   <trkpt lat="54.1604733345595" lon="22.856196678956305">
    <ele>182.16000000000003</ele>
   </trkpt>
   <trkpt lat="54.15979666794361" lon="22.85657334559447">
    <ele>181.54</ele>
   </trkpt>
   <trkpt lat="54.15912" lon="22.85695">
    <ele>181.50000000000003</ele>
   </trkpt>
   <trkpt lat="54.15872" lon="22.85715">
    <ele>181.55</ele>
   </trkpt>
   <trkpt lat="54.15793000152531" lon="22.857454023213233">
    <ele>181.63000000000002</ele>
   </trkpt>
   <trkpt lat="54.15714000228488" lon="22.85775803482024">
    <ele>181.29</ele>
   </trkpt>
   <trkpt lat="54.156350002278785" lon="22.858062034821792">
    <ele>180.6</ele>
   </trkpt>
   <trkpt lat="54.155560001507105" lon="22.858366023218657">
    <ele>180.77</ele>
   </trkpt>
   <trkpt lat="54.154770000000006" lon="22.858670000000004">
    <ele>181.36</ele>
   </trkpt>
   <trkpt lat="54.153920000470904" lon="22.859005006876803">
    <ele>181.46</ele>
   </trkpt>
   <trkpt lat="54.15307000000001" lon="22.859340000000003">
    <ele>182.06000000000003</ele>
   </trkpt>
   <trkpt lat="54.1524200002884" lon="22.859615004328642">
    <ele>181.01</ele>
   </trkpt>
   <trkpt lat="54.151770000000006" lon="22.859890000000004">
    <ele>181.45000000000002</ele>
   </trkpt>
   <trkpt lat="54.15113" lon="22.860080000000004">
    <ele>183.37</ele>
   </trkpt>
   <trkpt lat="54.15057" lon="22.86035">
    <ele>183.56000000000003</ele>
   </trkpt>
   <trkpt lat="54.15025000000001" lon="22.86045">
    <ele>183.49</ele>
   </trkpt>
   <trkpt lat="54.149730000091516" lon="22.860660002674535">
    <ele>183.38000000000002</ele>
   </trkpt>
   <trkpt lat="54.149210000000004" lon="22.860870000000002">
    <ele>181.85</ele>
   </trkpt>
   <trkpt lat="54.14911000000001" lon="22.860940000000003">
    <ele>181.85</ele>
   </trkpt>
   <trkpt lat="54.14876" lon="22.86138">
    <ele>181.27</ele>
   </trkpt>
   <trkpt lat="54.148300000000006" lon="22.862190000000002">
    <ele>180.9</ele>
   </trkpt>
   <trkpt lat="54.14837000000001" lon="22.862350000000003">
    <ele>180.38</ele>
   </trkpt>
   <trkpt lat="54.148480000000006" lon="22.86289">
    <ele>179.98</ele>
   </trkpt>
   <trkpt lat="54.14867" lon="22.86352">
    <ele>180.49</ele>
   </trkpt>
   <trkpt lat="54.14876" lon="22.864160000000002">
    <ele>181.70000000000002</ele>
   </trkpt>
   <trkpt lat="54.148770000000006" lon="22.86436">
    <ele>181.70000000000002</ele>
   </trkpt>
   <trkpt lat="54.14871" lon="22.865440000000003">
    <ele>184.04</ele>
   </trkpt>
   <trkpt lat="54.14868000611795" lon="22.866655000784704">
    <ele>184.41000000000003</ele>
   </trkpt>
   <trkpt lat="54.14865" lon="22.867870000000003">
    <ele>183.8</ele>
   </trkpt>
   <trkpt lat="54.14866500950901" lon="22.86938499950603">
    <ele>185.05</ele>
   </trkpt>
   <trkpt lat="54.148680000000006" lon="22.870900000000002">
    <ele>186.33</ele>
   </trkpt>
   <trkpt lat="54.14866000000001" lon="22.87131">
    <ele>186.49</ele>
   </trkpt>
   <trkpt lat="54.14855000000001" lon="22.872470000000003">
    <ele>187.96</ele>
   </trkpt>
   <trkpt lat="54.148540000000004" lon="22.872950000000003">
    <ele>188.36</ele>
   </trkpt>
   <trkpt lat="54.14862" lon="22.87424">
    <ele>190.31</ele>
   </trkpt>
   <trkpt lat="54.148645003737165" lon="22.875189999364235">
    <ele>192.26000000000002</ele>
   </trkpt>
   <trkpt lat="54.14867" lon="22.876140000000003">
    <ele>193.23000000000002</ele>
   </trkpt>
   <trkpt lat="54.14865" lon="22.87665">
    <ele>193.45000000000002</ele>
   </trkpt>
   <trkpt lat="54.14857000000001" lon="22.877730000000003">
    <ele>192.78</ele>
   </trkpt>
   <trkpt lat="54.14855000000001" lon="22.8791">
    <ele>190.48000000000002</ele>
   </trkpt>
   <trkpt lat="54.14856" lon="22.879440000000002">
    <ele>190.07000000000002</ele>
   </trkpt>
   <trkpt lat="54.14864000000001" lon="22.88003">
    <ele>190.60000000000002</ele>
   </trkpt>
   <trkpt lat="54.14893000000001" lon="22.88106">
    <ele>193.94000000000003</ele>
   </trkpt>
   <trkpt lat="54.14907" lon="22.88173">
    <ele>195.43</ele>
   </trkpt>
   <trkpt lat="54.14913000000001" lon="22.88222">
    <ele>195.92000000000002</ele>
   </trkpt>
   <trkpt lat="54.14913000000001" lon="22.88248">
    <ele>196.58</ele>
   </trkpt>
   <trkpt lat="54.14911000000001" lon="22.882730000000002">
    <ele>196.92000000000002</ele>
   </trkpt>
   <trkpt lat="54.14896" lon="22.883360000000003">
    <ele>199.04000000000002</ele>
   </trkpt>
   <trkpt lat="54.148740000000004" lon="22.88408">
    <ele>200.19</ele>
   </trkpt>
   <trkpt lat="54.148610000000005" lon="22.885230000000004">
    <ele>200.89000000000001</ele>
   </trkpt>
   <trkpt lat="54.14856" lon="22.88548">
    <ele>201.38</ele>
   </trkpt>
   <trkpt lat="54.148450000000004" lon="22.88584">
    <ele>202.46000000000004</ele>
   </trkpt>
   <trkpt lat="54.14809500421156" lon="22.886850008701362">
    <ele>205.41</ele>
   </trkpt>
   <trkpt lat="54.147740000000006" lon="22.887860000000003">
    <ele>205.54000000000002</ele>
   </trkpt>
   <trkpt lat="54.14770000000001" lon="22.88804">
    <ele>205.12000000000003</ele>
   </trkpt>
   <trkpt lat="54.147670000000005" lon="22.88848">
    <ele>203.57000000000002</ele>
   </trkpt>
   <trkpt lat="54.147690000000004" lon="22.888720000000003">
    <ele>203.57000000000002</ele>
   </trkpt>
   <trkpt lat="54.147740000000006" lon="22.88897">
    <ele>202.96000000000004</ele>
   </trkpt>
   <trkpt lat="54.148010000000006" lon="22.88991">
    <ele>202.26000000000002</ele>
   </trkpt>
   <trkpt lat="54.148120000000006" lon="22.890500000000003">
    <ele>201.96000000000004</ele>
   </trkpt>
   <trkpt lat="54.148480000000006" lon="22.891630000000003">
    <ele>200.95000000000002</ele>
   </trkpt>
   <trkpt lat="54.14862" lon="22.892110000000002">
    <ele>200.06</ele>
   </trkpt>
   <trkpt lat="54.148740000000004" lon="22.89261">
    <ele>199.83</ele>
   </trkpt>
   <trkpt lat="54.14889000778748" lon="22.893979995146367">
    <ele>199.72</ele>
   </trkpt>
   <trkpt lat="54.14904000000001" lon="22.89535">
    <ele>199.17000000000002</ele>
   </trkpt>
   <trkpt lat="54.14904000000001" lon="22.895650000000003">
    <ele>199.02</ele>
   </trkpt>
   <trkpt lat="54.14893000000001" lon="22.89667">
    <ele>198.51000000000002</ele>
   </trkpt>
   <trkpt lat="54.148900000000005" lon="22.897530000000003">
    <ele>197.5</ele>
   </trkpt>
   <trkpt lat="54.148920000000004" lon="22.8978">
    <ele>196.99</ele>
   </trkpt>
   <trkpt lat="54.149190000000004" lon="22.89898">
    <ele>193.34</ele>
   </trkpt>
   <trkpt lat="54.14920000000001" lon="22.89956">
    <ele>192.63000000000002</ele>
   </trkpt>
   <trkpt lat="54.149300000000004" lon="22.89967">
    <ele>192.63000000000002</ele>
   </trkpt>
   <trkpt lat="54.149370000000005" lon="22.899810000000002">
    <ele>190.76000000000002</ele>
   </trkpt>
   <trkpt lat="54.14943" lon="22.90002">
    <ele>190.76000000000002</ele>
   </trkpt>
   <trkpt lat="54.14958000000001" lon="22.900810000000003">
    <ele>188.98000000000002</ele>
   </trkpt>
   <trkpt lat="54.149640000000005" lon="22.90097">
    <ele>188.69000000000003</ele>
   </trkpt>
   <trkpt lat="54.149710000000006" lon="22.90108">
    <ele>188.38000000000002</ele>
   </trkpt>
   <trkpt lat="54.14981" lon="22.901180000000004">
    <ele>188.26000000000002</ele>
   </trkpt>
   <trkpt lat="54.15003" lon="22.901290000000003">
    <ele>188.23000000000002</ele>
   </trkpt>
   <trkpt lat="54.15003" lon="22.901280000000003">
    <ele>188.22000000000003</ele>
   </trkpt>
   <trkpt lat="54.15062" lon="22.901580000000003">
    <ele>188.02</ele>
   </trkpt>
   <trkpt lat="54.151075000700764" lon="22.901924996365587">
    <ele>187.19000000000003</ele>
   </trkpt>
   <trkpt lat="54.15153" lon="22.90227">
    <ele>187.79000000000002</ele>
   </trkpt>
   <trkpt lat="54.15173000000001" lon="22.902440000000002">
    <ele>187.98000000000002</ele>
   </trkpt>
   <trkpt lat="54.151810000000005" lon="22.90255">
    <ele>187.98000000000002</ele>
   </trkpt>
   <trkpt lat="54.15206500370554" lon="22.903499994024603">
    <ele>188.03</ele>
   </trkpt>
   <trkpt lat="54.15232" lon="22.90445">
    <ele>188.50000000000003</ele>
   </trkpt>
   <trkpt lat="54.152460000000005" lon="22.9053">
    <ele>188.96</ele>
   </trkpt>
   <trkpt lat="54.152570003308135" lon="22.906194997539238">
    <ele>189.3</ele>
   </trkpt>
   <trkpt lat="54.152680000000004" lon="22.90709">
    <ele>188.60000000000002</ele>
   </trkpt>
   <trkpt lat="54.15290001088852" lon="22.908236654452352">
    <ele>183.61</ele>
   </trkpt>
   <trkpt lat="54.15312001088363" lon="22.909383321093298">
    <ele>182.15</ele>
   </trkpt>
   <trkpt lat="54.15334000000001" lon="22.91053">
    <ele>183.72000000000003</ele>
   </trkpt>
   <trkpt lat="54.15346" lon="22.91074">
    <ele>183.93</ele>
   </trkpt>
   <trkpt lat="54.15417000000001" lon="22.911450000000002">
    <ele>186.96</ele>
   </trkpt>
   <trkpt lat="54.15475000000001" lon="22.91187">
    <ele>186.02</ele>
   </trkpt>
   <trkpt lat="54.15536666805343" lon="22.912273321340617">
    <ele>184.76</ele>
   </trkpt>
   <trkpt lat="54.15598333475914" lon="22.91267665469928">
    <ele>186.00000000000003</ele>
   </trkpt>
   <trkpt lat="54.156600000000005" lon="22.91308">
    <ele>185.91000000000003</ele>
   </trkpt>
   <trkpt lat="54.15698500125471" lon="22.913569995773063">
    <ele>185.05</ele>
   </trkpt>
   <trkpt lat="54.15737000000001" lon="22.914060000000003">
    <ele>185.17000000000002</ele>
   </trkpt>
   <trkpt lat="54.157360000000004" lon="22.914060000000003">
    <ele>185.17000000000002</ele>
   </trkpt>
   <trkpt lat="54.157920000000004" lon="22.914740000000002">
    <ele>185.93</ele>
   </trkpt>
   <trkpt lat="54.158060000000006" lon="22.91488">
    <ele>186.2</ele>
   </trkpt>
   <trkpt lat="54.158240000000006" lon="22.91496">
    <ele>186.25000000000003</ele>
   </trkpt>
   <trkpt lat="54.15908" lon="22.915270000000003">
    <ele>185.73</ele>
   </trkpt>
   <trkpt lat="54.159200000000006" lon="22.91534">
    <ele>186.06</ele>
   </trkpt>
   <trkpt lat="54.15939" lon="22.915550000000003">
    <ele>186.22000000000003</ele>
   </trkpt>
   <trkpt lat="54.15983000000001" lon="22.91619">
    <ele>186.91000000000003</ele>
   </trkpt>
   <trkpt lat="54.160340000000005" lon="22.91702">
    <ele>188.22000000000003</ele>
   </trkpt>
   <trkpt lat="54.16079500427115" lon="22.918034988848646">
    <ele>191.52</ele>
   </trkpt>
   <trkpt lat="54.16125" lon="22.919050000000002">
    <ele>191.8</ele>
   </trkpt>
   <trkpt lat="54.16171000000001" lon="22.920170000000002">
    <ele>191.95000000000002</ele>
   </trkpt>
   <trkpt lat="54.16218001317915" lon="22.921429971451076">
    <ele>193.43</ele>
   </trkpt>
   <trkpt lat="54.162650013206715" lon="22.92268997152438">
    <ele>190.4</ele>
   </trkpt>
   <trkpt lat="54.163120000000006" lon="22.92395">
    <ele>187.95</ele>
   </trkpt>
   <trkpt lat="54.16348000281899" lon="22.924759993181073">
    <ele>187.23</ele>
   </trkpt>
   <trkpt lat="54.16384000000001" lon="22.92557">
    <ele>187.46</ele>
   </trkpt>
   <trkpt lat="54.16398" lon="22.92574">
    <ele>187.46</ele>
   </trkpt>
   <trkpt lat="54.16414" lon="22.92582">
    <ele>187.72000000000003</ele>
   </trkpt>
   <trkpt lat="54.16492" lon="22.92594">
    <ele>188.55</ele>
   </trkpt>
   <trkpt lat="54.16548" lon="22.926060000000003">
    <ele>188.79000000000002</ele>
   </trkpt>
   <trkpt lat="54.16586" lon="22.926350000000003">
    <ele>188.96</ele>
   </trkpt>
   <trkpt lat="54.165850000000006" lon="22.926350000000003">
    <ele>188.95000000000002</ele>
   </trkpt>
   <trkpt lat="54.16612000000001" lon="22.926560000000002">
    <ele>189.70000000000002</ele>
   </trkpt>
   <trkpt lat="54.166380000000004" lon="22.926710000000003">
    <ele>189.25000000000003</ele>
   </trkpt>
   <trkpt lat="54.167210000000004" lon="22.926750000000002">
    <ele>185.98</ele>
   </trkpt>
   <trkpt lat="54.167480000000005" lon="22.926740000000002">
    <ele>185.37</ele>
   </trkpt>
   <trkpt lat="54.167680000000004" lon="22.92678">
    <ele>181.87</ele>
   </trkpt>
   <trkpt lat="54.167950000000005" lon="22.92799">
    <ele>189.3</ele>
   </trkpt>
   <trkpt lat="54.16816000000001" lon="22.928590000000003">
    <ele>191.9</ele>
   </trkpt>
   <trkpt lat="54.1687" lon="22.9295">
    <ele>193.56</ele>
   </trkpt>
   <trkpt lat="54.169050001704264" lon="22.93013499468985">
    <ele>194.46</ele>
   </trkpt>
   <trkpt lat="54.1694" lon="22.930770000000003">
    <ele>194.35000000000002</ele>
   </trkpt>
   <trkpt lat="54.169470000000004" lon="22.930940000000003">
    <ele>194.38000000000002</ele>
   </trkpt>
   <trkpt lat="54.16949" lon="22.9311">
    <ele>194.34</ele>
   </trkpt>
   <trkpt lat="54.169630000000005" lon="22.93109">
    <ele>194.22</ele>
   </trkpt>
   <trkpt lat="54.169940000000004" lon="22.93099">
    <ele>194.18</ele>
   </trkpt>
   <trkpt lat="54.17002" lon="22.931400000000004">
    <ele>193.57000000000002</ele>
   </trkpt>
   <trkpt lat="54.170230000000004" lon="22.932080000000003">
    <ele>192.98000000000002</ele>
   </trkpt>
   <trkpt lat="54.1707050057541" lon="22.933259986419046">
    <ele>194.15</ele>
   </trkpt>
   <trkpt lat="54.17118000000001" lon="22.934440000000002">
    <ele>195.12</ele>
   </trkpt>
   <trkpt lat="54.17165334416823" lon="22.93558330718502">
    <ele>195.64000000000001</ele>
   </trkpt>
   <trkpt lat="54.1721266775088" lon="22.936726640535305">
    <ele>195.82000000000002</ele>
   </trkpt>
   <trkpt lat="54.1726" lon="22.93787">
    <ele>195.67000000000002</ele>
   </trkpt>
   <trkpt lat="54.17291000221698" lon="22.938594994660278">
    <ele>195.72</ele>
   </trkpt>
   <trkpt lat="54.17322000000001" lon="22.939320000000002">
    <ele>195.99</ele>
   </trkpt>
   <trkpt lat="54.17348000184923" lon="22.939989995763007">
    <ele>195.54000000000002</ele>
   </trkpt>
   <trkpt lat="54.17374" lon="22.94066">
    <ele>196.04000000000002</ele>
   </trkpt>
   <trkpt lat="54.17396" lon="22.941280000000003">
    <ele>196.38000000000002</ele>
   </trkpt>
   <trkpt lat="54.17433002069759" lon="22.94239795997091">
    <ele>196.42000000000002</ele>
   </trkpt>
   <trkpt lat="54.174700031042654" lon="22.943515939944024">
    <ele>195.73000000000002</ele>
   </trkpt>
   <trkpt lat="54.17507003103486" lon="22.944633939919424">
    <ele>197.11</ele>
   </trkpt>
   <trkpt lat="54.175440020673896" lon="22.945751959897173">
    <ele>195.9</ele>
   </trkpt>
   <trkpt lat="54.175810000000006" lon="22.94687">
    <ele>193.60000000000002</ele>
   </trkpt>
   <trkpt lat="54.176050000000004" lon="22.94763">
    <ele>193.12</ele>
   </trkpt>
   <trkpt lat="54.176120000000004" lon="22.948020000000003">
    <ele>193.24</ele>
   </trkpt>
   <trkpt lat="54.17622000000001" lon="22.948330000000002">
    <ele>193.28</ele>
   </trkpt>
   <trkpt lat="54.17656" lon="22.9491">
    <ele>193.54000000000002</ele>
   </trkpt>
   <trkpt lat="54.176790000000004" lon="22.949460000000002">
    <ele>193.4</ele>
   </trkpt>
   <trkpt lat="54.176930000000006" lon="22.94969">
    <ele>193.22</ele>
   </trkpt>
   <trkpt lat="54.17721" lon="22.95043">
    <ele>193.48000000000002</ele>
   </trkpt>
   <trkpt lat="54.17751000335751" lon="22.951339993180824">
    <ele>194.12</ele>
   </trkpt>
   <trkpt lat="54.17781" lon="22.952250000000003">
    <ele>195.13000000000002</ele>
   </trkpt>
   <trkpt lat="54.17822" lon="22.95335">
    <ele>197.58</ele>
   </trkpt>
   <trkpt lat="54.178520000000006" lon="22.954030000000003">
    <ele>196.8</ele>
   </trkpt>
   <trkpt lat="54.178830000000005" lon="22.95464">
    <ele>198.29000000000002</ele>
   </trkpt>
   <trkpt lat="54.17929" lon="22.95566">
    <ele>202.44</ele>
   </trkpt>
   <trkpt lat="54.17929" lon="22.955650000000002">
    <ele>202.42000000000002</ele>
   </trkpt>
   <trkpt lat="54.17972751091896" lon="22.95658747024486">
    <ele>203.8</ele>
   </trkpt>
   <trkpt lat="54.18016501455872" lon="22.957524960326054">
    <ele>203.81</ele>
   </trkpt>
   <trkpt lat="54.18060251091901" lon="22.958462470243997">
    <ele>203.54000000000002</ele>
   </trkpt>
   <trkpt lat="54.18104" lon="22.959400000000002">
    <ele>204.43000000000004</ele>
   </trkpt>
   <trkpt lat="54.18146" lon="22.96027">
    <ele>205.33</ele>
   </trkpt>
   <trkpt lat="54.181670000000004" lon="22.96066">
    <ele>206.58</ele>
   </trkpt>
   <trkpt lat="54.18184" lon="22.96085">
    <ele>206.72</ele>
   </trkpt>
   <trkpt lat="54.18209" lon="22.96103">
    <ele>206.33</ele>
   </trkpt>
   <trkpt lat="54.18256" lon="22.961430000000004">
    <ele>205.32000000000002</ele>
   </trkpt>
   <trkpt lat="54.18285" lon="22.961720000000003">
    <ele>205.66</ele>
   </trkpt>
   <trkpt lat="54.18332500102665" lon="22.962239993924445">
    <ele>204.44</ele>
   </trkpt>
   <trkpt lat="54.183800000000005" lon="22.962760000000003">
    <ele>204.63</ele>
   </trkpt>
   <trkpt lat="54.18392000000001" lon="22.962860000000003">
    <ele>204.5</ele>
   </trkpt>
   <trkpt lat="54.18421000000001" lon="22.963030000000003">
    <ele>203.93000000000004</ele>
   </trkpt>
   <trkpt lat="54.184290000000004" lon="22.963050000000003">
    <ele>203.93000000000004</ele>
   </trkpt>
   <trkpt lat="54.18439000000001" lon="22.962960000000002">
    <ele>204.22</ele>
   </trkpt>
   <trkpt lat="54.18451" lon="22.962780000000002">
    <ele>204.76000000000002</ele>
   </trkpt>
   <trkpt lat="54.18507" lon="22.961730000000003">
    <ele>205.84000000000003</ele>
   </trkpt>
   <trkpt lat="54.185300000000005" lon="22.961540000000003">
    <ele>204.17000000000002</ele>
   </trkpt>
   <trkpt lat="54.18544000000001" lon="22.961460000000002">
    <ele>203.5</ele>
   </trkpt>
   <trkpt lat="54.185900000000004" lon="22.96131">
    <ele>201.86</ele>
   </trkpt>
   <trkpt lat="54.18618000000001" lon="22.961170000000003">
    <ele>200.97</ele>
   </trkpt>
   <trkpt lat="54.186350000000004" lon="22.96105">
    <ele>200.79000000000002</ele>
   </trkpt>
   <trkpt lat="54.18648" lon="22.960990000000002">
    <ele>200.81</ele>
   </trkpt>
   <trkpt lat="54.18656000000001" lon="22.960970000000003">
    <ele>200.81</ele>
   </trkpt>
   <trkpt lat="54.1869" lon="22.96094">
    <ele>201.14000000000001</ele>
   </trkpt>
   <trkpt lat="54.18715" lon="22.960890000000003">
    <ele>201.45000000000002</ele>
   </trkpt>
   <trkpt lat="54.18776333349312" lon="22.960726671529308">
    <ele>203.15000000000003</ele>
   </trkpt>
   <trkpt lat="54.18837666676531" lon="22.960563338212346">
    <ele>204.20000000000002</ele>
   </trkpt>
   <trkpt lat="54.188990000000004" lon="22.960400000000003">
    <ele>206.90000000000003</ele>
   </trkpt>
   <trkpt lat="54.18947000000001" lon="22.960220000000003">
    <ele>206.91</ele>
   </trkpt>
   <trkpt lat="54.18968" lon="22.960160000000002">
    <ele>206.74</ele>
   </trkpt>
   <trkpt lat="54.190380000000005" lon="22.960040000000003">
    <ele>207.0</ele>
   </trkpt>
   <trkpt lat="54.19051" lon="22.96001">
    <ele>207.0</ele>
   </trkpt>
   <trkpt lat="54.190720000000006" lon="22.959930000000004">
    <ele>207.97</ele>
   </trkpt>
   <trkpt lat="54.191100000000006" lon="22.959690000000002">
    <ele>208.40000000000003</ele>
   </trkpt>
   <trkpt lat="54.19151" lon="22.95932">
    <ele>208.69</ele>
   </trkpt>
   <trkpt lat="54.191770000000005" lon="22.959180000000003">
    <ele>207.63</ele>
   </trkpt>
   <trkpt lat="54.192150000000005" lon="22.959020000000002">
    <ele>204.96</ele>
   </trkpt>
   <trkpt lat="54.1923" lon="22.958940000000002">
    <ele>204.39000000000001</ele>
   </trkpt>
   <trkpt lat="54.192420000000006" lon="22.95885">
    <ele>204.02</ele>
   </trkpt>
   <trkpt lat="54.19277" lon="22.958450000000003">
    <ele>203.48000000000002</ele>
   </trkpt>
   <trkpt lat="54.192870000000006" lon="22.95833">
    <ele>203.47</ele>
   </trkpt>
   <trkpt lat="54.19296000000001" lon="22.958180000000002">
    <ele>203.5</ele>
   </trkpt>
   <trkpt lat="54.19303000000001" lon="22.957980000000003">
    <ele>203.56</ele>
   </trkpt>
   <trkpt lat="54.19304" lon="22.957060000000002">
    <ele>203.56</ele>
   </trkpt>
   <trkpt lat="54.19314000000001" lon="22.956660000000003">
    <ele>203.51000000000002</ele>
   </trkpt>
   <trkpt lat="54.193360000000006" lon="22.95632">
    <ele>203.17000000000002</ele>
   </trkpt>
   <trkpt lat="54.19355" lon="22.955930000000002">
    <ele>203.54000000000002</ele>
   </trkpt>
   <trkpt lat="54.193720000000006" lon="22.955650000000002">
    <ele>204.21000000000004</ele>
   </trkpt>
   <trkpt lat="54.193830000000005" lon="22.95557">
    <ele>204.28</ele>
   </trkpt>
   <trkpt lat="54.19395" lon="22.95551">
    <ele>204.12000000000003</ele>
   </trkpt>
   <trkpt lat="54.194100000000006" lon="22.95549">
    <ele>203.70000000000002</ele>
   </trkpt>
   <trkpt lat="54.194210000000005" lon="22.95549">
    <ele>203.18000000000004</ele>
   </trkpt>
   <trkpt lat="54.19433000000001" lon="22.955540000000003">
    <ele>202.78</ele>
   </trkpt>
   <trkpt lat="54.19446000000001" lon="22.955640000000002">
    <ele>202.48000000000002</ele>
   </trkpt>
   <trkpt lat="54.19485000065001" lon="22.956064995883033">
    <ele>201.4</ele>
   </trkpt>
   <trkpt lat="54.195240000000005" lon="22.956490000000002">
    <ele>199.09</ele>
   </trkpt>
   <trkpt lat="54.19539" lon="22.956680000000002">
    <ele>198.82000000000002</ele>
   </trkpt>
   <trkpt lat="54.195460000000004" lon="22.95688">
    <ele>198.86</ele>
   </trkpt>
   <trkpt lat="54.195550000000004" lon="22.957320000000003">
    <ele>199.08</ele>
   </trkpt>
   <trkpt lat="54.195660000000004" lon="22.957710000000002">
    <ele>199.61</ele>
   </trkpt>
   <trkpt lat="54.195870000000006" lon="22.9581">
    <ele>199.79000000000002</ele>
   </trkpt>
   <trkpt lat="54.195980000000006" lon="22.958250000000003">
    <ele>200.06</ele>
   </trkpt>
   <trkpt lat="54.19626" lon="22.958560000000002">
    <ele>200.93000000000004</ele>
   </trkpt>
   <trkpt lat="54.19648" lon="22.958900000000003">
    <ele>200.96000000000004</ele>
   </trkpt>
   <trkpt lat="54.19673" lon="22.959400000000002">
    <ele>201.08</ele>
   </trkpt>
   <trkpt lat="54.196810000000006" lon="22.95952">
    <ele>201.25</ele>
   </trkpt>
   <trkpt lat="54.19691" lon="22.959560000000003">
    <ele>201.51000000000002</ele>
   </trkpt>
   <trkpt lat="54.19704" lon="22.95955">
    <ele>201.51000000000002</ele>
   </trkpt>
   <trkpt lat="54.19780000000001" lon="22.959400000000002">
    <ele>203.42000000000002</ele>
   </trkpt>
   <trkpt lat="54.197970000000005" lon="22.959390000000003">
    <ele>203.16</ele>
   </trkpt>
   <trkpt lat="54.198550000000004" lon="22.95951">
    <ele>201.83</ele>
   </trkpt>
   <trkpt lat="54.199020000000004" lon="22.959560000000003">
    <ele>201.76000000000002</ele>
   </trkpt>
   <trkpt lat="54.19926" lon="22.959650000000003">
    <ele>200.44</ele>
   </trkpt>
   <trkpt lat="54.19991" lon="22.96011">
    <ele>196.84</ele>
   </trkpt>
   <trkpt lat="54.20037000020467" lon="22.96035999718761">
    <ele>196.33</ele>
   </trkpt>
   <trkpt lat="54.20083" lon="22.960610000000003">
    <ele>197.33</ele>
   </trkpt>
   <trkpt lat="54.20139" lon="22.960980000000003">
    <ele>196.97</ele>
   </trkpt>
   <trkpt lat="54.201820000000005" lon="22.96122">
    <ele>195.93</ele>
   </trkpt>
   <trkpt lat="54.20215" lon="22.961360000000003">
    <ele>195.44</ele>
   </trkpt>
   <trkpt lat="54.202270000000006" lon="22.961380000000002">
    <ele>195.31</ele>
   </trkpt>
   <trkpt lat="54.202380000000005" lon="22.961340000000003">
    <ele>195.28</ele>
   </trkpt>
   <trkpt lat="54.2028" lon="22.961090000000002">
    <ele>196.08</ele>
   </trkpt>
   <trkpt lat="54.20262" lon="22.960230000000003">
    <ele>195.65</ele>
   </trkpt>
   <trkpt lat="54.20237500424146" lon="22.959219994085906">
    <ele>194.41000000000003</ele>
   </trkpt>
   <trkpt lat="54.202130000000004" lon="22.95821">
    <ele>191.07000000000002</ele>
   </trkpt>
   <trkpt lat="54.201890000000006" lon="22.95736">
    <ele>187.53</ele>
   </trkpt>
   <trkpt lat="54.201690000000006" lon="22.956850000000003">
    <ele>184.82000000000002</ele>
   </trkpt>
   <trkpt lat="54.201480000000004" lon="22.95652">
    <ele>181.73</ele>
   </trkpt>
   <trkpt lat="54.2008" lon="22.955910000000003">
    <ele>177.61</ele>
   </trkpt>
   <trkpt lat="54.200700000000005" lon="22.95579">
    <ele>177.69</ele>
   </trkpt>
   <trkpt lat="54.200520000000004" lon="22.95549">
    <ele>178.48000000000002</ele>
   </trkpt>
   <trkpt lat="54.20038" lon="22.95513">
    <ele>180.36</ele>
   </trkpt>
   <trkpt lat="54.200250000000004" lon="22.95456">
    <ele>183.75000000000003</ele>
   </trkpt>
   <trkpt lat="54.20018" lon="22.9541">
    <ele>187.15</ele>
   </trkpt>
   <trkpt lat="54.20013" lon="22.953370000000003">
    <ele>192.3</ele>
   </trkpt>
   <trkpt lat="54.20011" lon="22.952720000000003">
    <ele>194.9</ele>
   </trkpt>
   <trkpt lat="54.20011" lon="22.952530000000003">
    <ele>195.81</ele>
   </trkpt>
   <trkpt lat="54.20013" lon="22.952260000000003">
    <ele>197.59</ele>
   </trkpt>
   <trkpt lat="54.20022" lon="22.95166">
    <ele>198.67000000000002</ele>
   </trkpt>
   <trkpt lat="54.20036" lon="22.95119">
    <ele>202.44</ele>
   </trkpt>
   <trkpt lat="54.200610000000005" lon="22.950660000000003">
    <ele>204.70000000000002</ele>
   </trkpt>
   <trkpt lat="54.20104500180034" lon="22.950030006404628">
    <ele>205.61</ele>
   </trkpt>
   <trkpt lat="54.201480000000004" lon="22.9494">
    <ele>205.1</ele>
   </trkpt>
   <trkpt lat="54.201690000000006" lon="22.94913">
    <ele>204.85</ele>
   </trkpt>
   <trkpt lat="54.20188" lon="22.948950000000004">
    <ele>203.72</ele>
   </trkpt>
   <trkpt lat="54.202470000000005" lon="22.948510000000002">
    <ele>202.09</ele>
   </trkpt>
   <trkpt lat="54.203050000000005" lon="22.948040000000002">
    <ele>200.96000000000004</ele>
   </trkpt>
   <trkpt lat="54.20311" lon="22.948020000000003">
    <ele>200.96000000000004</ele>
   </trkpt>
   <trkpt lat="54.203410000000005" lon="22.94834">
    <ele>199.35000000000002</ele>
   </trkpt>
   <trkpt lat="54.20355000000001" lon="22.94853">
    <ele>199.35000000000002</ele>
   </trkpt>
   <trkpt lat="54.203660000000006" lon="22.948800000000002">
    <ele>198.57000000000002</ele>
   </trkpt>
   <trkpt lat="54.203885002262524" lon="22.94952999620722">
    <ele>197.21</ele>
   </trkpt>
   <trkpt lat="54.20411000000001" lon="22.95026">
    <ele>197.19</ele>
   </trkpt>
   <trkpt lat="54.204260000000005" lon="22.9506">
    <ele>197.73000000000002</ele>
   </trkpt>
   <trkpt lat="54.20436" lon="22.950730000000004">
    <ele>198.11</ele>
   </trkpt>
   <trkpt lat="54.20449000000001" lon="22.950860000000002">
    <ele>198.24</ele>
   </trkpt>
   <trkpt lat="54.204840000000004" lon="22.951130000000003">
    <ele>198.25</ele>
   </trkpt>
   <trkpt lat="54.20541000134209" lon="22.951536655426047">
    <ele>198.31</ele>
   </trkpt>
   <trkpt lat="54.205980001314856" lon="22.951943322073102">
    <ele>198.67000000000002</ele>
   </trkpt>
   <trkpt lat="54.20655000000001" lon="22.952350000000003">
    <ele>199.59</ele>
   </trkpt>
   <trkpt lat="54.2072575021279" lon="22.952762478815263">
    <ele>200.32000000000002</ele>
   </trkpt>
   <trkpt lat="54.207965002847025" lon="22.953174971758838">
    <ele>200.07000000000002</ele>
   </trkpt>
   <trkpt lat="54.20867250215731" lon="22.953587478831544">
    <ele>199.81</ele>
   </trkpt>
   <trkpt lat="54.20938" lon="22.954">
    <ele>199.92000000000002</ele>
   </trkpt>
   <trkpt lat="54.2099100003342" lon="22.954329995693335">
    <ele>200.14000000000001</ele>
   </trkpt>
   <trkpt lat="54.210440000000006" lon="22.95466">
    <ele>200.14000000000001</ele>
   </trkpt>
   <trkpt lat="54.21122000620537" lon="22.955159943346143">
    <ele>200.14000000000001</ele>
   </trkpt>
   <trkpt lat="54.212000010341264" lon="22.955659905574105">
    <ele>199.93</ele>
   </trkpt>
   <trkpt lat="54.212780012407535" lon="22.956159886685086">
    <ele>199.79000000000002</ele>
   </trkpt>
   <trkpt lat="54.21356001240408" lon="22.956659886680285">
    <ele>199.18</ele>
   </trkpt>
   <trkpt lat="54.21434001033076" lon="22.957159905560914">
    <ele>197.54000000000002</ele>
   </trkpt>
   <trkpt lat="54.21512000618742" lon="22.957659943328178">
    <ele>196.0</ele>
   </trkpt>
   <trkpt lat="54.215900000000005" lon="22.958160000000003">
    <ele>196.11</ele>
   </trkpt>
   <trkpt lat="54.21589" lon="22.958150000000003">
    <ele>196.11</ele>
   </trkpt>
   <trkpt lat="54.2165750007285" lon="22.95858499274994">
    <ele>196.36</ele>
   </trkpt>
   <trkpt lat="54.21726" lon="22.959020000000002">
    <ele>197.29000000000002</ele>
   </trkpt>
   <trkpt lat="54.217470000000006" lon="22.95907">
    <ele>197.56</ele>
   </trkpt>
   <trkpt lat="54.21792000000001" lon="22.959470000000003">
    <ele>200.87</ele>
   </trkpt>
   <trkpt lat="54.218030000000006" lon="22.95962">
    <ele>201.31</ele>
   </trkpt>
   <trkpt lat="54.21829" lon="22.96011">
    <ele>202.47</ele>
   </trkpt>
   <trkpt lat="54.218770000000006" lon="22.961280000000002">
    <ele>205.13</ele>
   </trkpt>
   <trkpt lat="54.21911000000001" lon="22.96198">
    <ele>204.97</ele>
   </trkpt>
   <trkpt lat="54.219460002626796" lon="22.96276499351695">
    <ele>206.29000000000002</ele>
   </trkpt>
   <trkpt lat="54.21981" lon="22.96355">
    <ele>208.08</ele>
   </trkpt>
   <trkpt lat="54.220250010079795" lon="22.964653309824577">
    <ele>205.95000000000002</ele>
   </trkpt>
   <trkpt lat="54.22069001008196" lon="22.96575664316287">
    <ele>203.78</ele>
   </trkpt>
   <trkpt lat="54.22113" lon="22.96686">
    <ele>202.76000000000002</ele>
   </trkpt>
   <trkpt lat="54.22113" lon="22.96684">
    <ele>202.79000000000002</ele>
   </trkpt>
   <trkpt lat="54.22160000559669" lon="22.967994987036832">
    <ele>198.76000000000002</ele>
   </trkpt>
   <trkpt lat="54.22207" lon="22.969150000000003">
    <ele>198.99000000000004</ele>
   </trkpt>
   <trkpt lat="54.222240000000006" lon="22.969510000000003">
    <ele>201.15</ele>
   </trkpt>
   <trkpt lat="54.222370000000005" lon="22.96936">
    <ele>200.91</ele>
   </trkpt>
   <trkpt lat="54.22263" lon="22.969150000000003">
    <ele>200.10000000000002</ele>
   </trkpt>
   <trkpt lat="54.22316000000001" lon="22.968860000000003">
    <ele>200.11</ele>
   </trkpt>
   <trkpt lat="54.223870000000005" lon="22.968500000000002">
    <ele>200.61</ele>
   </trkpt>
   <trkpt lat="54.22448000000001" lon="22.96818">
    <ele>200.32000000000002</ele>
   </trkpt>
   <trkpt lat="54.225190000000005" lon="22.967830000000003">
    <ele>199.59</ele>
   </trkpt>
   <trkpt lat="54.22578000000001" lon="22.967550000000003">
    <ele>198.35000000000002</ele>
   </trkpt>
   <trkpt lat="54.226440000000004" lon="22.967190000000002">
    <ele>199.65</ele>
   </trkpt>
   <trkpt lat="54.22701000051476" lon="22.9668600045194">
    <ele>199.61</ele>
   </trkpt>
   <trkpt lat="54.22758" lon="22.966530000000002">
    <ele>194.70000000000002</ele>
   </trkpt>
   <trkpt lat="54.22776" lon="22.96647">
    <ele>195.5</ele>
   </trkpt>
   <trkpt lat="54.22793000000001" lon="22.96636">
    <ele>196.83</ele>
   </trkpt>
   <trkpt lat="54.228190000000005" lon="22.966240000000003">
    <ele>196.25</ele>
   </trkpt>
   <trkpt lat="54.22874" lon="22.9659">
    <ele>194.44000000000003</ele>
   </trkpt>
   <trkpt lat="54.2291" lon="22.96572">
    <ele>194.86</ele>
   </trkpt>
   <trkpt lat="54.2297" lon="22.965320000000002">
    <ele>192.88000000000002</ele>
   </trkpt>
   <trkpt lat="54.22988" lon="22.965230000000002">
    <ele>192.97</ele>
   </trkpt>
   <trkpt lat="54.230470000000004" lon="22.964930000000003">
    <ele>194.71</ele>
   </trkpt>
   <trkpt lat="54.230740000000004" lon="22.964760000000002">
    <ele>197.25</ele>
   </trkpt>
   <trkpt lat="54.231410001182695" lon="22.96439001198472">
    <ele>196.86</ele>
   </trkpt>
   <trkpt lat="54.23208000123224" lon="22.96402001195759">
    <ele>196.52</ele>
   </trkpt>
   <trkpt lat="54.23275" lon="22.96365">
    <ele>193.59</ele>
   </trkpt>
   <trkpt lat="54.233320000473896" lon="22.963340004239882">
    <ele>194.39000000000001</ele>
   </trkpt>
   <trkpt lat="54.23389" lon="22.963030000000003">
    <ele>198.41</ele>
   </trkpt>
   <trkpt lat="54.234300000000005" lon="22.96272">
    <ele>200.52</ele>
   </trkpt>
   <trkpt lat="54.23440000000001" lon="22.962690000000002">
    <ele>200.95000000000002</ele>
   </trkpt>
   <trkpt lat="54.23467" lon="22.962650000000004">
    <ele>200.8</ele>
   </trkpt>
   <trkpt lat="54.23485" lon="22.962660000000003">
    <ele>200.18</ele>
   </trkpt>
   <trkpt lat="54.2349" lon="22.962560000000003">
    <ele>199.9</ele>
   </trkpt>
   <trkpt lat="54.23507000000001" lon="22.9627">
    <ele>199.84</ele>
   </trkpt>
   <trkpt lat="54.23532" lon="22.962870000000002">
    <ele>199.83</ele>
   </trkpt>
   <trkpt lat="54.23597000130908" lon="22.96326332096012">
    <ele>198.96</ele>
   </trkpt>
   <trkpt lat="54.23662000133764" lon="22.963656654310505">
    <ele>197.28</ele>
   </trkpt>
   <trkpt lat="54.23727" lon="22.96405">
    <ele>197.67000000000002</ele>
   </trkpt>
   <trkpt lat="54.23772" lon="22.964370000000002">
    <ele>197.34</ele>
   </trkpt>
   <trkpt lat="54.23800000000001" lon="22.964640000000003">
    <ele>196.04000000000002</ele>
   </trkpt>
   <trkpt lat="54.23814" lon="22.964810000000003">
    <ele>194.68</ele>
   </trkpt>
   <trkpt lat="54.23837" lon="22.965200000000003">
    <ele>192.39000000000001</ele>
   </trkpt>
   <trkpt lat="54.23859" lon="22.96565">
    <ele>189.54000000000002</ele>
   </trkpt>
   <trkpt lat="54.238760000000006" lon="22.966130000000003">
    <ele>185.95</ele>
   </trkpt>
   <trkpt lat="54.23901000365373" lon="22.96707499411606">
    <ele>181.83</ele>
   </trkpt>
   <trkpt lat="54.23926" lon="22.968020000000003">
    <ele>179.27</ele>
   </trkpt>
   <trkpt lat="54.239540000000005" lon="22.969170000000002">
    <ele>178.93</ele>
   </trkpt>
   <trkpt lat="54.23968000000001" lon="22.96983">
    <ele>179.78000000000003</ele>
   </trkpt>
   <trkpt lat="54.23984500381937" lon="22.970789996192998">
    <ele>182.94000000000003</ele>
   </trkpt>
   <trkpt lat="54.240010000000005" lon="22.97175">
    <ele>187.67</ele>
   </trkpt>
   <trkpt lat="54.240120000000005" lon="22.97228">
    <ele>189.79000000000002</ele>
   </trkpt>
   <trkpt lat="54.24022000000001" lon="22.97265">
    <ele>191.26000000000002</ele>
   </trkpt>
   <trkpt lat="54.240620004980556" lon="22.973739989607175">
    <ele>193.06</ele>
   </trkpt>
   <trkpt lat="54.241020000000006" lon="22.97483">
    <ele>193.71</ele>
   </trkpt>
   <trkpt lat="54.24116000000001" lon="22.975320000000004">
    <ele>193.76000000000002</ele>
   </trkpt>
   <trkpt lat="54.241240000000005" lon="22.975800000000003">
    <ele>193.85000000000002</ele>
   </trkpt>
   <trkpt lat="54.241260000000004" lon="22.97623">
    <ele>193.92000000000002</ele>
   </trkpt>
   <trkpt lat="54.241240000000005" lon="22.976640000000003">
    <ele>193.88000000000002</ele>
   </trkpt>
   <trkpt lat="54.24107000000001" lon="22.97754">
    <ele>193.17000000000002</ele>
   </trkpt>
   <trkpt lat="54.24082000000001" lon="22.97876">
    <ele>192.10999999999999</ele>
   </trkpt>
   <trkpt lat="54.240770000000005" lon="22.97915">
    <ele>191.72000000000003</ele>
   </trkpt>
   <trkpt lat="54.24076" lon="22.979660000000003">
    <ele>191.35999999999999</ele>
   </trkpt>
   <trkpt lat="54.24080000000001" lon="22.9801">
    <ele>190.98000000000002</ele>
   </trkpt>
   <trkpt lat="54.240930000000006" lon="22.980690000000003">
    <ele>190.06</ele>
   </trkpt>
   <trkpt lat="54.2411" lon="22.981180000000002">
    <ele>189.86</ele>
   </trkpt>
   <trkpt lat="54.24148000622806" lon="22.982046650729103">
    <ele>190.38000000000002</ele>
   </trkpt>
   <trkpt lat="54.24186000623967" lon="22.982913317421996">
    <ele>191.21</ele>
   </trkpt>
   <trkpt lat="54.24224" lon="22.983780000000003">
    <ele>192.04000000000002</ele>
   </trkpt>
   <trkpt lat="54.242380000000004" lon="22.98403">
    <ele>192.04000000000002</ele>
   </trkpt>
   <trkpt lat="54.242670000000004" lon="22.984430000000003">
    <ele>192.19000000000003</ele>
   </trkpt>
   <trkpt lat="54.24317667017813" lon="22.985079984054064">
    <ele>192.79000000000002</ele>
   </trkpt>
   <trkpt lat="54.2436833368596" lon="22.985729984072787">
    <ele>192.72</ele>
   </trkpt>
   <trkpt lat="54.24419" lon="22.98638">
    <ele>192.99</ele>
   </trkpt>
   <trkpt lat="54.244310000000006" lon="22.986610000000002">
    <ele>193.02</ele>
   </trkpt>
   <trkpt lat="54.24480500506213" lon="22.987714986762594">
    <ele>192.58</ele>
   </trkpt>
   <trkpt lat="54.24530000000001" lon="22.98882">
    <ele>192.04000000000002</ele>
   </trkpt>
   <trkpt lat="54.245520000000006" lon="22.989430000000002">
    <ele>191.60999999999999</ele>
   </trkpt>
   <trkpt lat="54.24564" lon="22.98993">
    <ele>191.59</ele>
   </trkpt>
   <trkpt lat="54.245830000000005" lon="22.99096">
    <ele>191.95000000000002</ele>
   </trkpt>
   <trkpt lat="54.246080000000006" lon="22.991880000000002">
    <ele>191.5</ele>
   </trkpt>
   <trkpt lat="54.246230000000004" lon="22.9923">
    <ele>191.33</ele>
   </trkpt>
   <trkpt lat="54.246460000000006" lon="22.992800000000003">
    <ele>190.12</ele>
   </trkpt>
   <trkpt lat="54.246660000000006" lon="22.993080000000003">
    <ele>190.12</ele>
   </trkpt>
   <trkpt lat="54.246840000000006" lon="22.9933">
    <ele>189.06</ele>
   </trkpt>
   <trkpt lat="54.247470003637595" lon="22.99396331306781">
    <ele>188.11</ele>
   </trkpt>
   <trkpt lat="54.248100003633795" lon="22.99462664639674">
    <ele>186.91000000000003</ele>
   </trkpt>
   <trkpt lat="54.24873" lon="22.99529">
    <ele>185.66000000000003</ele>
   </trkpt>
   <trkpt lat="54.248920000000005" lon="22.995440000000002">
    <ele>184.74</ele>
   </trkpt>
   <trkpt lat="54.24913" lon="22.995530000000002">
    <ele>184.23</ele>
   </trkpt>
   <trkpt lat="54.24963999979748" lon="22.995684997991763">
    <ele>183.35000000000002</ele>
   </trkpt>
   <trkpt lat="54.250150000000005" lon="22.99584">
    <ele>183.33</ele>
   </trkpt>
   <trkpt lat="54.25043" lon="22.99594">
    <ele>183.9</ele>
   </trkpt>
   <trkpt lat="54.250600000000006" lon="22.996010000000002">
    <ele>185.34</ele>
   </trkpt>
   <trkpt lat="54.250870000000006" lon="22.99621">
    <ele>187.83</ele>
   </trkpt>
   <trkpt lat="54.25101000000001" lon="22.996360000000003">
    <ele>188.52</ele>
   </trkpt>
   <trkpt lat="54.25132000000001" lon="22.996820000000003">
    <ele>190.62</ele>
   </trkpt>
   <trkpt lat="54.25179000276486" lon="22.997639990625377">
    <ele>192.15</ele>
   </trkpt>
   <trkpt lat="54.25226000000001" lon="22.99846">
    <ele>192.34</ele>
   </trkpt>
   <trkpt lat="54.25255000000001" lon="22.998920000000002">
    <ele>192.46</ele>
   </trkpt>
   <trkpt lat="54.253280000000004" lon="22.999650000000003">
    <ele>193.5</ele>
   </trkpt>
   <trkpt lat="54.25352" lon="22.99999">
    <ele>194.26000000000002</ele>
   </trkpt>
   <trkpt lat="54.25367000000001" lon="23.000320000000002">
    <ele>195.06</ele>
   </trkpt>
   <trkpt lat="54.25376000000001" lon="23.00065">
    <ele>195.42000000000002</ele>
   </trkpt>
   <trkpt lat="54.253800000000005" lon="23.000970000000002">
    <ele>195.42000000000002</ele>
   </trkpt>
   <trkpt lat="54.25379" lon="23.00147">
    <ele>194.94</ele>
   </trkpt>
   <trkpt lat="54.25371500596396" lon="23.00267000209055">
    <ele>193.51000000000002</ele>
   </trkpt>
   <trkpt lat="54.253640000000004" lon="23.003870000000003">
    <ele>193.38000000000002</ele>
   </trkpt>
   <trkpt lat="54.253620000000005" lon="23.00476">
    <ele>193.54000000000002</ele>
   </trkpt>
   <trkpt lat="54.2537" lon="23.005290000000002">
    <ele>193.52</ele>
   </trkpt>
   <trkpt lat="54.25392000000001" lon="23.00634">
    <ele>193.46</ele>
   </trkpt>
   <trkpt lat="54.254200000000004" lon="23.0075">
    <ele>193.17000000000002</ele>
   </trkpt>
   <trkpt lat="54.254340000000006" lon="23.00832">
    <ele>193.49</ele>
   </trkpt>
   <trkpt lat="54.254340000000006" lon="23.00831">
    <ele>193.49</ele>
   </trkpt>
   <trkpt lat="54.254400000000004" lon="23.00879">
    <ele>193.65</ele>
   </trkpt>
   <trkpt lat="54.25445000435579" lon="23.009814998935585">
    <ele>193.76000000000002</ele>
   </trkpt>
   <trkpt lat="54.25450000000001" lon="23.01084">
    <ele>193.45000000000002</ele>
   </trkpt>
   <trkpt lat="54.254572026443725" lon="23.01210399119301">
    <ele>193.41000000000003</ele>
   </trkpt>
   <trkpt lat="54.25464403966625" lon="23.013367986800777">
    <ele>193.52</ele>
   </trkpt>
   <trkpt lat="54.25471603966755" lon="23.014631986822522">
    <ele>193.94000000000003</ele>
   </trkpt>
   <trkpt lat="54.25478802644748" lon="23.015895991257455">
    <ele>194.14000000000001</ele>
   </trkpt>
   <trkpt lat="54.25486000000001" lon="23.01716">
    <ele>194.06</ele>
   </trkpt>
   <trkpt lat="54.254920000000006" lon="23.017460000000003">
    <ele>194.08</ele>
   </trkpt>
   <trkpt lat="54.25508000000001" lon="23.018020000000003">
    <ele>194.72</ele>
   </trkpt>
   <trkpt lat="54.25526000000001" lon="23.018430000000002">
    <ele>194.91000000000003</ele>
   </trkpt>
   <trkpt lat="54.255390000000006" lon="23.01866">
    <ele>195.06</ele>
   </trkpt>
   <trkpt lat="54.255660000000006" lon="23.019000000000002">
    <ele>195.14000000000001</ele>
   </trkpt>
   <trkpt lat="54.256270008390466" lon="23.019711957871834">
    <ele>195.01000000000002</ele>
   </trkpt>
   <trkpt lat="54.256880012586315" lon="23.02042393680725">
    <ele>194.83</ele>
   </trkpt>
   <trkpt lat="54.25749001258732" lon="23.021135936807205">
    <ele>194.38000000000002</ele>
   </trkpt>
   <trkpt lat="54.25810000839324" lon="23.02184795787264">
    <ele>194.28</ele>
   </trkpt>
   <trkpt lat="54.25871000000001" lon="23.022560000000002">
    <ele>194.46</ele>
   </trkpt>
   <trkpt lat="54.259496671020045" lon="23.023283305754713">
    <ele>194.71</ele>
   </trkpt>
   <trkpt lat="54.2602833377108" lon="23.02400663910954">
    <ele>195.53</ele>
   </trkpt>
   <trkpt lat="54.261070000000004" lon="23.02473">
    <ele>195.15</ele>
   </trkpt>
   <trkpt lat="54.26173750484779" lon="23.025354969643175">
    <ele>194.47</ele>
   </trkpt>
   <trkpt lat="54.262405006463545" lon="23.025979959523244">
    <ele>194.38000000000002</ele>
   </trkpt>
   <trkpt lat="54.26307250484707" lon="23.026604969641273">
    <ele>193.0</ele>
   </trkpt>
   <trkpt lat="54.263740000000006" lon="23.027230000000003">
    <ele>192.19000000000003</ele>
   </trkpt>
   <trkpt lat="54.264" lon="23.02749">
    <ele>191.63000000000002</ele>
   </trkpt>
   <trkpt lat="54.26436" lon="23.02793">
    <ele>191.51000000000002</ele>
   </trkpt>
   <trkpt lat="54.264570000000006" lon="23.02824">
    <ele>191.56</ele>
   </trkpt>
   <trkpt lat="54.264570000000006" lon="23.02823">
    <ele>191.56</ele>
   </trkpt>
   <trkpt lat="54.265170000000005" lon="23.029100000000003">
    <ele>191.48000000000002</ele>
   </trkpt>
   <trkpt lat="54.265390000000004" lon="23.02935">
    <ele>191.3</ele>
   </trkpt>
   <trkpt lat="54.26567000000001" lon="23.029580000000003">
    <ele>191.39000000000001</ele>
   </trkpt>
   <trkpt lat="54.266020000000005" lon="23.029790000000002">
    <ele>191.60000000000002</ele>
   </trkpt>
   <trkpt lat="54.26673" lon="23.03002">
    <ele>193.73000000000002</ele>
   </trkpt>
   <trkpt lat="54.26749000027197" lon="23.030289995011373">
    <ele>194.98000000000002</ele>
   </trkpt>
   <trkpt lat="54.26825" lon="23.03056">
    <ele>193.78</ele>
   </trkpt>
   <trkpt lat="54.26874000017744" lon="23.030719998121306">
    <ele>192.35000000000002</ele>
   </trkpt>
   <trkpt lat="54.26923000000001" lon="23.030880000000003">
    <ele>192.09</ele>
   </trkpt>
   <trkpt lat="54.26953" lon="23.031000000000002">
    <ele>192.25</ele>
   </trkpt>
   <trkpt lat="54.26979000000001" lon="23.03115">
    <ele>192.39000000000001</ele>
   </trkpt>
   <trkpt lat="54.26995" lon="23.0313">
    <ele>192.38000000000002</ele>
   </trkpt>
   <trkpt lat="54.27013" lon="23.031560000000002">
    <ele>192.45000000000002</ele>
   </trkpt>
   <trkpt lat="54.27028000000001" lon="23.031850000000002">
    <ele>192.32000000000002</ele>
   </trkpt>
   <trkpt lat="54.2704" lon="23.032130000000002">
    <ele>191.95000000000002</ele>
   </trkpt>
   <trkpt lat="54.27056" lon="23.03271">
    <ele>190.28</ele>
   </trkpt>
   <trkpt lat="54.270630000000004" lon="23.033050000000003">
    <ele>188.32000000000002</ele>
   </trkpt>
   <trkpt lat="54.27065" lon="23.03331">
    <ele>187.58</ele>
   </trkpt>
   <trkpt lat="54.27066000000001" lon="23.034570000000002">
    <ele>186.82000000000002</ele>
   </trkpt>
   <trkpt lat="54.27063000316881" lon="23.035445000592105">
    <ele>189.3</ele>
   </trkpt>
   <trkpt lat="54.2706" lon="23.036320000000003">
    <ele>191.47000000000003</ele>
   </trkpt>
   <trkpt lat="54.270540000000004" lon="23.037290000000002">
    <ele>192.72</ele>
   </trkpt>
   <trkpt lat="54.27051" lon="23.037570000000002">
    <ele>192.79000000000002</ele>
   </trkpt>
   <trkpt lat="54.270430000000005" lon="23.03798">
    <ele>192.77</ele>
   </trkpt>
   <trkpt lat="54.270250000000004" lon="23.038680000000003">
    <ele>192.24</ele>
   </trkpt>
   <trkpt lat="54.26999000000001" lon="23.03957">
    <ele>188.75000000000003</ele>
   </trkpt>
   <trkpt lat="54.269760001988736" lon="23.040265003906896">
    <ele>185.60000000000002</ele>
   </trkpt>
   <trkpt lat="54.26953" lon="23.040960000000002">
    <ele>183.23</ele>
   </trkpt>
   <trkpt lat="54.26977" lon="23.040960000000002">
    <ele>183.64000000000001</ele>
   </trkpt>
   <trkpt lat="54.26999000000001" lon="23.041020000000003">
    <ele>183.81</ele>
   </trkpt>
   <trkpt lat="54.27013" lon="23.04109">
    <ele>184.11</ele>
   </trkpt>
   <trkpt lat="54.270730000661054" lon="23.04151499375198">
    <ele>186.19000000000003</ele>
   </trkpt>
   <trkpt lat="54.271330000000006" lon="23.04194">
    <ele>188.36</ele>
   </trkpt>
   <trkpt lat="54.27152" lon="23.042040000000004">
    <ele>188.61</ele>
   </trkpt>
   <trkpt lat="54.27209000038881" lon="23.042269996887594">
    <ele>190.31</ele>
   </trkpt>
   <trkpt lat="54.27266" lon="23.0425">
    <ele>193.19000000000003</ele>
   </trkpt>
   <trkpt lat="54.27336750051967" lon="23.042704989441386">
    <ele>194.32000000000002</ele>
   </trkpt>
   <trkpt lat="54.274075000691674" lon="23.04290998592121">
    <ele>193.70000000000002</ele>
   </trkpt>
   <trkpt lat="54.274782500515975" lon="23.04311498943989">
    <ele>191.83</ele>
   </trkpt>
   <trkpt lat="54.275490000000005" lon="23.04332">
    <ele>191.27</ele>
   </trkpt>
   <trkpt lat="54.275650000000006" lon="23.04331">
    <ele>191.43</ele>
   </trkpt>
   <trkpt lat="54.27645600002875" lon="23.043282002190175">
    <ele>192.09</ele>
   </trkpt>
   <trkpt lat="54.27726200005102" lon="23.043254003285064">
    <ele>194.04000000000002</ele>
   </trkpt>
   <trkpt lat="54.27806800006681" lon="23.043226003284595">
    <ele>197.21</ele>
   </trkpt>
   <trkpt lat="54.2788740000761" lon="23.04319800218868">
    <ele>198.84</ele>
   </trkpt>
   <trkpt lat="54.279680000000006" lon="23.043170000000003">
    <ele>197.75</ele>
   </trkpt>
   <trkpt lat="54.279990000000005" lon="23.043110000000002">
    <ele>197.01000000000002</ele>
   </trkpt>
   <trkpt lat="54.28014" lon="23.04306">
    <ele>196.69</ele>
   </trkpt>
   <trkpt lat="54.28031000000001" lon="23.042930000000002">
    <ele>196.53</ele>
   </trkpt>
   <trkpt lat="54.280800000000006" lon="23.04232">
    <ele>197.96</ele>
   </trkpt>
   <trkpt lat="54.281150000000004" lon="23.04201">
    <ele>200.0</ele>
   </trkpt>
   <trkpt lat="54.28144" lon="23.041890000000002">
    <ele>201.23000000000002</ele>
   </trkpt>
   <trkpt lat="54.282320000000006" lon="23.041700000000002">
    <ele>202.73000000000002</ele>
   </trkpt>
   <trkpt lat="54.28275000000001" lon="23.041580000000003">
    <ele>202.08</ele>
   </trkpt>
   <trkpt lat="54.28295000000001" lon="23.041480000000004">
    <ele>202.08</ele>
   </trkpt>
   <trkpt lat="54.283570000000005" lon="23.0411">
    <ele>201.44</ele>
   </trkpt>
   <trkpt lat="54.28376" lon="23.041010000000004">
    <ele>201.53</ele>
   </trkpt>
   <trkpt lat="54.28412" lon="23.040920000000003">
    <ele>201.49000000000004</ele>
   </trkpt>
   <trkpt lat="54.284700000039585" lon="23.040860000842223">
    <ele>202.21000000000004</ele>
   </trkpt>
   <trkpt lat="54.28528000000001" lon="23.0408">
    <ele>202.95000000000002</ele>
   </trkpt>
   <trkpt lat="54.285940000000004" lon="23.04072">
    <ele>202.62</ele>
   </trkpt>
   <trkpt lat="54.28632" lon="23.04061">
    <ele>202.23000000000002</ele>
   </trkpt>
   <trkpt lat="54.286530000000006" lon="23.0405">
    <ele>201.35000000000002</ele>
   </trkpt>
   <trkpt lat="54.28672" lon="23.040350000000004">
    <ele>201.35000000000002</ele>
   </trkpt>
   <trkpt lat="54.28707000000001" lon="23.040020000000002">
    <ele>200.71000000000004</ele>
   </trkpt>
   <trkpt lat="54.28746" lon="23.0394">
    <ele>200.0</ele>
   </trkpt>
   <trkpt lat="54.28790500493738" lon="23.038300012050172">
    <ele>197.36</ele>
   </trkpt>
   <trkpt lat="54.28835" lon="23.037200000000002">
    <ele>193.91000000000003</ele>
   </trkpt>
   <trkpt lat="54.28879500440228" lon="23.036165011247984">
    <ele>190.63000000000002</ele>
   </trkpt>
   <trkpt lat="54.28924000000001" lon="23.035130000000002">
    <ele>189.35000000000002</ele>
   </trkpt>
   <trkpt lat="54.2897700180316" lon="23.033925046483706">
    <ele>189.89</ele>
   </trkpt>
   <trkpt lat="54.290300024052904" lon="23.032720061955068">
    <ele>190.88000000000002</ele>
   </trkpt>
   <trkpt lat="54.290830018063374" lon="23.03151504641339">
    <ele>192.82000000000002</ele>
   </trkpt>
   <trkpt lat="54.291360000000005" lon="23.030310000000004">
    <ele>195.35000000000002</ele>
   </trkpt>
   <trkpt lat="54.29186667709016" lon="23.029186694338225">
    <ele>196.8</ele>
   </trkpt>
   <trkpt lat="54.2923733437428" lon="23.028063361036537">
    <ele>197.48000000000002</ele>
   </trkpt>
   <trkpt lat="54.292880000000004" lon="23.026940000000003">
    <ele>197.3</ele>
   </trkpt>
   <trkpt lat="54.293315004484754" lon="23.025895011114233">
    <ele>194.83</ele>
   </trkpt>
   <trkpt lat="54.29375" lon="23.02485">
    <ele>194.54000000000002</ele>
   </trkpt>
   <trkpt lat="54.29421001886248" lon="23.02378204773524">
    <ele>199.54000000000002</ele>
   </trkpt>
   <trkpt lat="54.294670028291044" lon="23.022714071610398">
    <ele>202.10000000000002</ele>
   </trkpt>
   <trkpt lat="54.295130028285314" lon="23.021646071625042">
    <ele>201.93000000000004</ele>
   </trkpt>
   <trkpt lat="54.2955900188449" lon="23.02057804777871">
    <ele>199.33</ele>
   </trkpt>
   <trkpt lat="54.29605" lon="23.01951">
    <ele>199.05</ele>
   </trkpt>
   <trkpt lat="54.296510000000005" lon="23.018490000000003">
    <ele>199.05</ele>
   </trkpt>
   <trkpt lat="54.29663000000001" lon="23.018300000000004">
    <ele>199.05</ele>
   </trkpt>
   <trkpt lat="54.29679" lon="23.01809">
    <ele>199.21</ele>
   </trkpt>
   <trkpt lat="54.29726500078267" lon="23.01766500487087">
    <ele>199.56</ele>
   </trkpt>
   <trkpt lat="54.297740000000005" lon="23.01724">
    <ele>200.62</ele>
   </trkpt>
   <trkpt lat="54.29831333525791" lon="23.016756680133685">
    <ele>202.16</ele>
   </trkpt>
   <trkpt lat="54.298886668583684" lon="23.016273346806962">
    <ele>203.21000000000004</ele>
   </trkpt>
   <trkpt lat="54.29946" lon="23.015790000000003">
    <ele>205.07000000000002</ele>
   </trkpt>
   <trkpt lat="54.299690000000005" lon="23.01557">
    <ele>205.45000000000002</ele>
   </trkpt>
   <trkpt lat="54.300230000000006" lon="23.01491">
    <ele>204.95000000000002</ele>
   </trkpt>
   <trkpt lat="54.3007925070325" lon="23.01415753083399">
    <ele>203.49</ele>
   </trkpt>
   <trkpt lat="54.301355009381865" lon="23.013405041105766">
    <ele>204.77</ele>
   </trkpt>
   <trkpt lat="54.301917507047875" lon="23.01265253081451">
    <ele>206.98000000000002</ele>
   </trkpt>
   <trkpt lat="54.30248" lon="23.0119">
    <ele>207.70000000000002</ele>
   </trkpt>
   <trkpt lat="54.3027" lon="23.011560000000003">
    <ele>207.47</ele>
   </trkpt>
   <trkpt lat="54.303250031594864" lon="23.01043151905398">
    <ele>205.61</ele>
   </trkpt>
   <trkpt lat="54.30380005265721" lon="23.009303007952077">
    <ele>204.59</ele>
   </trkpt>
   <trkpt lat="54.30435006318652" lon="23.00817446669345">
    <ele>202.41</ele>
   </trkpt>
   <trkpt lat="54.30490006318229" lon="23.007045895277262">
    <ele>200.81</ele>
   </trkpt>
   <trkpt lat="54.30545005264403" lon="23.00591729370268">
    <ele>201.47</ele>
   </trkpt>
   <trkpt lat="54.30600003157126" lon="23.004788661968856">
    <ele>203.63</ele>
   </trkpt>
   <trkpt lat="54.30655" lon="23.003660000000004">
    <ele>202.29000000000002</ele>
   </trkpt>
   <trkpt lat="54.3068" lon="23.00307">
    <ele>200.89000000000001</ele>
   </trkpt>
   <trkpt lat="54.307273791765276" lon="23.00186884678932">
    <ele>199.91</ele>
   </trkpt>
   <trkpt lat="54.307747571598384" lon="23.0006676659259">
    <ele>200.60000000000002</ele>
   </trkpt>
   <trkpt lat="54.30822133949885" lon="22.999466457409298">
    <ele>200.79000000000002</ele>
   </trkpt>
   <trkpt lat="54.30869509546618" lon="22.998265221239105">
    <ele>202.39000000000001</ele>
   </trkpt>
   <trkpt lat="54.30916883949988" lon="22.9970639574149">
    <ele>203.16</ele>
   </trkpt>
   <trkpt lat="54.309642571599504" lon="22.99586266593624">
    <ele>203.90000000000003</ele>
   </trkpt>
   <trkpt lat="54.310116291764544" lon="22.99466134680273">
    <ele>204.42000000000002</ele>
   </trkpt>
   <trkpt lat="54.310590000000005" lon="22.993460000000002">
    <ele>205.65000000000003</ele>
   </trkpt>
   <trkpt lat="54.310790000000004" lon="22.99284">
    <ele>205.75</ele>
   </trkpt>
   <trkpt lat="54.31102500746433" lon="22.99149500777051">
    <ele>203.61</ele>
   </trkpt>
   <trkpt lat="54.311260000000004" lon="22.990150000000003">
    <ele>201.45000000000002</ele>
   </trkpt>
   <trkpt lat="54.311370000000004" lon="22.989700000000003">
    <ele>200.87</ele>
   </trkpt>
   <trkpt lat="54.31147000000001" lon="22.98935">
    <ele>200.65</ele>
   </trkpt>
   <trkpt lat="54.31175" lon="22.98864">
    <ele>200.20000000000002</ele>
   </trkpt>
   <trkpt lat="54.3121250033454" lon="22.98774500807612">
    <ele>199.85000000000002</ele>
   </trkpt>
   <trkpt lat="54.31250000000001" lon="22.98685">
    <ele>199.47</ele>
   </trkpt>
   <trkpt lat="54.312990000000006" lon="22.985870000000002">
    <ele>198.16</ele>
   </trkpt>
   <trkpt lat="54.31354000273804" lon="22.98505001102263">
    <ele>197.09</ele>
   </trkpt>
   <trkpt lat="54.31409000000001" lon="22.98423">
    <ele>197.48000000000002</ele>
   </trkpt>
   <trkpt lat="54.31476500366952" lon="22.983280015671014">
    <ele>195.96</ele>
   </trkpt>
   <trkpt lat="54.31544" lon="22.98233">
    <ele>193.85000000000002</ele>
   </trkpt>
   <trkpt lat="54.31605401292842" lon="22.981446052758617">
    <ele>193.37</ele>
   </trkpt>
   <trkpt lat="54.316668019395344" lon="22.98056207913562">
    <ele>194.02</ele>
   </trkpt>
   <trkpt lat="54.31728201940042" lon="22.979678079129894">
    <ele>193.70000000000002</ele>
   </trkpt>
   <trkpt lat="54.31789601294332" lon="22.978794052740344">
    <ele>191.72000000000003</ele>
   </trkpt>
   <trkpt lat="54.31851" lon="22.97791">
    <ele>185.99</ele>
   </trkpt>
   <trkpt lat="54.318810000000006" lon="22.97754">
    <ele>182.74</ele>
   </trkpt>
   <trkpt lat="54.318810000000006" lon="22.97755">
    <ele>182.82</ele>
   </trkpt>
   <trkpt lat="54.31934000323354" lon="22.9769233494954">
    <ele>178.32</ele>
   </trkpt>
   <trkpt lat="54.31987000321983" lon="22.976296682845202">
    <ele>172.32</ele>
   </trkpt>
   <trkpt lat="54.32040000000001" lon="22.97567">
    <ele>168.13</ele>
   </trkpt>
   <trkpt lat="54.320710000000005" lon="22.975260000000002">
    <ele>165.0</ele>
   </trkpt>
   <trkpt lat="54.321215002103756" lon="22.974540008894657">
    <ele>158.85999999999999</ele>
   </trkpt>
   <trkpt lat="54.321720000000006" lon="22.973820000000003">
    <ele>152.32000000000002</ele>
   </trkpt>
   <trkpt lat="54.322210000000005" lon="22.97296">
    <ele>147.29</ele>
   </trkpt>
   <trkpt lat="54.322500000000005" lon="22.972510000000003">
    <ele>147.1</ele>
   </trkpt>
   <trkpt lat="54.32258" lon="22.972510000000003">
    <ele>147.15</ele>
   </trkpt>
   <trkpt lat="54.32262000000001" lon="22.972550000000002">
    <ele>147.15</ele>
   </trkpt>
   <trkpt lat="54.32287" lon="22.972890000000003">
    <ele>146.19</ele>
   </trkpt>
   <trkpt lat="54.32349000431273" lon="22.97390498478939">
    <ele>145.58</ele>
   </trkpt>
   <trkpt lat="54.324110000000005" lon="22.97492">
    <ele>144.76</ele>
   </trkpt>
   <trkpt lat="54.32462000245197" lon="22.975704990119947">
    <ele>144.46</ele>
   </trkpt>
   <trkpt lat="54.32513" lon="22.976490000000002">
    <ele>144.11</ele>
   </trkpt>
   <trkpt lat="54.32544000000001" lon="22.97709">
    <ele>143.98000000000002</ele>
   </trkpt>
   <trkpt lat="54.325760003073505" lon="22.977959993080308">
    <ele>143.35</ele>
   </trkpt>
   <trkpt lat="54.326080000000005" lon="22.978830000000002">
    <ele>142.65</ele>
   </trkpt>
   <trkpt lat="54.326240000000006" lon="22.979370000000003">
    <ele>142.11</ele>
   </trkpt>
   <trkpt lat="54.32638000000001" lon="22.980240000000002">
    <ele>141.47</ele>
   </trkpt>
   <trkpt lat="54.32652" lon="22.981640000000002">
    <ele>139.54000000000002</ele>
   </trkpt>
   <trkpt lat="54.326620000000005" lon="22.982200000000002">
    <ele>139.01000000000002</ele>
   </trkpt>
   <trkpt lat="54.32692001258301" lon="22.983433315367098">
    <ele>140.34</ele>
   </trkpt>
   <trkpt lat="54.327220012589315" lon="22.984666648726">
    <ele>144.38</ele>
   </trkpt>
   <trkpt lat="54.32752000000001" lon="22.9859">
    <ele>148.97000000000003</ele>
   </trkpt>
   <trkpt lat="54.32768000000001" lon="22.986710000000002">
    <ele>150.22000000000003</ele>
   </trkpt>
   <trkpt lat="54.32772000000001" lon="22.98721">
    <ele>150.08</ele>
   </trkpt>
   <trkpt lat="54.327750005004255" lon="22.988309999271834">
    <ele>149.15</ele>
   </trkpt>
   <trkpt lat="54.327780000000004" lon="22.989410000000003">
    <ele>148.95</ele>
   </trkpt>
   <trkpt lat="54.32782" lon="22.989620000000002">
    <ele>148.76</ele>
   </trkpt>
   <trkpt lat="54.32799000000001" lon="22.990250000000003">
    <ele>148.55</ele>
   </trkpt>
   <trkpt lat="54.32852500576814" lon="22.99142998467665">
    <ele>144.56000000000003</ele>
   </trkpt>
   <trkpt lat="54.329060000000005" lon="22.992610000000003">
    <ele>142.14000000000001</ele>
   </trkpt>
   <trkpt lat="54.32914" lon="22.99286">
    <ele>141.53</ele>
   </trkpt>
   <trkpt lat="54.329460005702174" lon="22.99403999061952">
    <ele>140.74</ele>
   </trkpt>
   <trkpt lat="54.32978000000001" lon="22.995220000000003">
    <ele>139.28</ele>
   </trkpt>
   <trkpt lat="54.32954" lon="22.996280000000002">
    <ele>138.47</ele>
   </trkpt>
   <trkpt lat="54.32920500533314" lon="22.997415009219353">
    <ele>138.69</ele>
   </trkpt>
   <trkpt lat="54.32887" lon="22.99855">
    <ele>134.75</ele>
   </trkpt>
   <trkpt lat="54.328770000000006" lon="22.998780000000004">
    <ele>134.09</ele>
   </trkpt>
   <trkpt lat="54.32865" lon="22.99895">
    <ele>134.06</ele>
   </trkpt>
   <trkpt lat="54.32822500034072" lon="22.99931000388528">
    <ele>136.21</ele>
   </trkpt>
   <trkpt lat="54.3278" lon="22.999670000000002">
    <ele>141.41</ele>
   </trkpt>
   <trkpt lat="54.327690000000004" lon="22.999810000000004">
    <ele>142.45000000000002</ele>
   </trkpt>
   <trkpt lat="54.32757" lon="23.000020000000003">
    <ele>143.44</ele>
   </trkpt>
   <trkpt lat="54.32706500310025" lon="23.000890010731652">
    <ele>147.58</ele>
   </trkpt>
   <trkpt lat="54.32656000000001" lon="23.00176">
    <ele>149.29</ele>
   </trkpt>
   <trkpt lat="54.326440000000005" lon="23.002070000000003">
    <ele>151.12</ele>
   </trkpt>
   <trkpt lat="54.326260000000005" lon="23.002940000000002">
    <ele>149.88000000000002</ele>
   </trkpt>
   <trkpt lat="54.326170000000005" lon="23.003130000000002">
    <ele>149.17000000000002</ele>
   </trkpt>
   <trkpt lat="54.3258" lon="23.00363">
    <ele>145.55</ele>
   </trkpt>
   <trkpt lat="54.32547" lon="23.004240000000003">
    <ele>143.20000000000002</ele>
   </trkpt>
   <trkpt lat="54.325" lon="23.00456">
    <ele>144.02</ele>
   </trkpt>
   <trkpt lat="54.324630000000006" lon="23.004720000000002">
    <ele>147.00000000000003</ele>
   </trkpt>
   <trkpt lat="54.324470000000005" lon="23.00484">
    <ele>149.03000000000003</ele>
   </trkpt>
   <trkpt lat="54.32428" lon="23.00506">
    <ele>151.28000000000003</ele>
   </trkpt>
   <trkpt lat="54.3241" lon="23.005370000000003">
    <ele>153.87</ele>
   </trkpt>
   <trkpt lat="54.32372" lon="23.006140000000002">
    <ele>162.01000000000002</ele>
   </trkpt>
   <trkpt lat="54.32356000000001" lon="23.00637">
    <ele>164.37</ele>
   </trkpt>
   <trkpt lat="54.323440000000005" lon="23.006590000000003">
    <ele>165.55</ele>
   </trkpt>
   <trkpt lat="54.323100000000004" lon="23.007320000000004">
    <ele>168.86</ele>
   </trkpt>
   <trkpt lat="54.32302000000001" lon="23.007600000000004">
    <ele>169.71000000000004</ele>
   </trkpt>
   <trkpt lat="54.32300000000001" lon="23.00784">
    <ele>170.23000000000002</ele>
   </trkpt>
   <trkpt lat="54.32298" lon="23.008760000000002">
    <ele>173.45000000000002</ele>
   </trkpt>
   <trkpt lat="54.32300000000001" lon="23.009120000000003">
    <ele>174.05</ele>
   </trkpt>
   <trkpt lat="54.32324334285925" lon="23.010193320635846">
    <ele>174.40000000000003</ele>
   </trkpt>
   <trkpt lat="54.32348667619285" lon="23.01126665397013">
    <ele>175.0</ele>
   </trkpt>
   <trkpt lat="54.323730000000005" lon="23.012340000000002">
    <ele>174.91</ele>
   </trkpt>
   <trkpt lat="54.32388" lon="23.01366">
    <ele>172.78</ele>
   </trkpt>
   <trkpt lat="54.323980000000006" lon="23.014860000000002">
    <ele>172.04000000000002</ele>
   </trkpt>
   <trkpt lat="54.32348500013549" lon="23.014804999351828">
    <ele>171.41</ele>
   </trkpt>
   <trkpt lat="54.322990000000004" lon="23.014750000000003">
    <ele>172.77</ele>
   </trkpt>
   <trkpt lat="54.32274" lon="23.014860000000002">
    <ele>173.86</ele>
   </trkpt>
   <trkpt lat="54.32237000000001" lon="23.01519">
    <ele>176.17000000000002</ele>
   </trkpt>
   <trkpt lat="54.322230000000005" lon="23.01545">
    <ele>177.01</ele>
   </trkpt>
   <trkpt lat="54.32213" lon="23.015770000000003">
    <ele>177.67000000000002</ele>
   </trkpt>
   <trkpt lat="54.32182" lon="23.016620000000003">
    <ele>178.59000000000003</ele>
   </trkpt>
   <trkpt lat="54.32157000376757" lon="23.01757500581535">
    <ele>180.14000000000001</ele>
   </trkpt>
   <trkpt lat="54.32132000000001" lon="23.018530000000002">
    <ele>181.97000000000003</ele>
   </trkpt>
   <trkpt lat="54.32094000000001" lon="23.019800000000004">
    <ele>181.99</ele>
   </trkpt>
   <trkpt lat="54.320820000000005" lon="23.02024">
    <ele>183.43</ele>
   </trkpt>
   <trkpt lat="54.320800000000006" lon="23.020380000000003">
    <ele>184.94000000000003</ele>
   </trkpt>
   <trkpt lat="54.32081" lon="23.0206">
    <ele>185.29000000000002</ele>
   </trkpt>
   <trkpt lat="54.32097" lon="23.021040000000003">
    <ele>186.63000000000002</ele>
   </trkpt>
   <trkpt lat="54.320980000000006" lon="23.021220000000003">
    <ele>186.63000000000002</ele>
   </trkpt>
   <trkpt lat="54.32061501860564" lon="23.02244503262911">
    <ele>185.85000000000002</ele>
   </trkpt>
   <trkpt lat="54.32025002480242" lon="23.023670043521783">
    <ele>185.43</ele>
   </trkpt>
   <trkpt lat="54.31988501859072" lon="23.024895032677968">
    <ele>186.02</ele>
   </trkpt>
   <trkpt lat="54.319520000000004" lon="23.026120000000002">
    <ele>188.66000000000003</ele>
   </trkpt>
   <trkpt lat="54.31944000000001" lon="23.026300000000003">
    <ele>188.83</ele>
   </trkpt>
   <trkpt lat="54.318755000031516" lon="23.026330000498263">
    <ele>190.42000000000002</ele>
   </trkpt>
   <trkpt lat="54.318070000000006" lon="23.02636">
    <ele>192.13000000000002</ele>
   </trkpt>
   <trkpt lat="54.31785000000001" lon="23.02643">
    <ele>192.46</ele>
   </trkpt>
   <trkpt lat="54.317710000000005" lon="23.026510000000002">
    <ele>192.0</ele>
   </trkpt>
   <trkpt lat="54.31723000073085" lon="23.026930004898414">
    <ele>188.00000000000003</ele>
   </trkpt>
   <trkpt lat="54.316750000000006" lon="23.027350000000002">
    <ele>185.13000000000002</ele>
   </trkpt>
   <trkpt lat="54.31629" lon="23.027880000000003">
    <ele>185.78000000000003</ele>
   </trkpt>
   <trkpt lat="54.315780000000004" lon="23.02859">
    <ele>187.26000000000002</ele>
   </trkpt>
   <trkpt lat="54.3156" lon="23.02879">
    <ele>187.4</ele>
   </trkpt>
   <trkpt lat="54.31483000000001" lon="23.029500000000002">
    <ele>191.57000000000002</ele>
   </trkpt>
   <trkpt lat="54.31444500078792" lon="23.029950004267977">
    <ele>190.29000000000002</ele>
   </trkpt>
   <trkpt lat="54.314060000000005" lon="23.0304">
    <ele>187.8</ele>
   </trkpt>
   <trkpt lat="54.31383" lon="23.030800000000003">
    <ele>187.29000000000002</ele>
   </trkpt>
   <trkpt lat="54.31376" lon="23.031060000000004">
    <ele>187.66000000000003</ele>
   </trkpt>
   <trkpt lat="54.31371000000001" lon="23.03149">
    <ele>189.11</ele>
   </trkpt>
   <trkpt lat="54.313670002778416" lon="23.032310000833775">
    <ele>191.01000000000002</ele>
   </trkpt>
   <trkpt lat="54.31363" lon="23.033130000000003">
    <ele>192.78</ele>
   </trkpt>
   <trkpt lat="54.313590000000005" lon="23.033520000000003">
    <ele>192.19000000000003</ele>
   </trkpt>
   <trkpt lat="54.313500000000005" lon="23.03405">
    <ele>190.24</ele>
   </trkpt>
   <trkpt lat="54.313410000000005" lon="23.034290000000002">
    <ele>189.42</ele>
   </trkpt>
   <trkpt lat="54.31329" lon="23.034580000000002">
    <ele>189.09</ele>
   </trkpt>
   <trkpt lat="54.313340000000004" lon="23.034840000000003">
    <ele>187.82000000000002</ele>
   </trkpt>
   <trkpt lat="54.313340000000004" lon="23.03507">
    <ele>187.31</ele>
   </trkpt>
   <trkpt lat="54.313300000000005" lon="23.03572">
    <ele>184.97000000000003</ele>
   </trkpt>
   <trkpt lat="54.31316" lon="23.03706">
    <ele>182.45</ele>
   </trkpt>
   <trkpt lat="54.313140000000004" lon="23.03744">
    <ele>181.94000000000003</ele>
   </trkpt>
   <trkpt lat="54.31316" lon="23.03806">
    <ele>180.86</ele>
   </trkpt>
   <trkpt lat="54.3132" lon="23.03843">
    <ele>179.49</ele>
   </trkpt>
   <trkpt lat="54.313390000000005" lon="23.039230000000003">
    <ele>175.87000000000003</ele>
   </trkpt>
   <trkpt lat="54.31363" lon="23.040080000000003">
    <ele>173.77</ele>
   </trkpt>
   <trkpt lat="54.313660000000006" lon="23.04025">
    <ele>173.59000000000003</ele>
   </trkpt>
   <trkpt lat="54.31365" lon="23.04044">
    <ele>173.3</ele>
   </trkpt>
   <trkpt lat="54.3136" lon="23.04069">
    <ele>172.92000000000002</ele>
   </trkpt>
   <trkpt lat="54.313390000000005" lon="23.04126">
    <ele>172.90000000000003</ele>
   </trkpt>
   <trkpt lat="54.31333000000001" lon="23.04146">
    <ele>173.14000000000001</ele>
   </trkpt>
   <trkpt lat="54.31333000000001" lon="23.04147">
    <ele>173.14000000000001</ele>
   </trkpt>
   <trkpt lat="54.31311" lon="23.042250000000003">
    <ele>175.45000000000002</ele>
   </trkpt>
   <trkpt lat="54.312895003214905" lon="23.04313000454477">
    <ele>180.59000000000003</ele>
   </trkpt>
   <trkpt lat="54.31268000000001" lon="23.044010000000004">
    <ele>184.59</ele>
   </trkpt>
   <trkpt lat="54.31250000000001" lon="23.044490000000003">
    <ele>188.54000000000002</ele>
   </trkpt>
   <trkpt lat="54.31202000342127" lon="23.045405010749626">
    <ele>193.68</ele>
   </trkpt>
   <trkpt lat="54.31154000000001" lon="23.04632">
    <ele>196.19</ele>
   </trkpt>
   <trkpt lat="54.31127000000001" lon="23.0467">
    <ele>198.22</ele>
   </trkpt>
   <trkpt lat="54.31116" lon="23.04681">
    <ele>198.9</ele>
   </trkpt>
   <trkpt lat="54.31100000000001" lon="23.046930000000003">
    <ele>199.19</ele>
   </trkpt>
   <trkpt lat="54.31031" lon="23.047400000000003">
    <ele>196.01000000000002</ele>
   </trkpt>
   <trkpt lat="54.309520000000006" lon="23.048090000000002">
    <ele>193.89000000000001</ele>
   </trkpt>
   <trkpt lat="54.308820000000004" lon="23.04849">
    <ele>190.65</ele>
   </trkpt>
   <trkpt lat="54.30831000043513" lon="23.048805003887864">
    <ele>191.68</ele>
   </trkpt>
   <trkpt lat="54.30780000000001" lon="23.049120000000002">
    <ele>191.81</ele>
   </trkpt>
   <trkpt lat="54.30747" lon="23.049290000000003">
    <ele>189.07000000000002</ele>
   </trkpt>
   <trkpt lat="54.30735000000001" lon="23.049380000000003">
    <ele>188.38000000000002</ele>
   </trkpt>
   <trkpt lat="54.30709" lon="23.049750000000003">
    <ele>186.88000000000002</ele>
   </trkpt>
   <trkpt lat="54.30688000000001" lon="23.050130000000003">
    <ele>187.14000000000001</ele>
   </trkpt>
   <trkpt lat="54.30671" lon="23.050500000000003">
    <ele>188.69000000000003</ele>
   </trkpt>
   <trkpt lat="54.306560000000005" lon="23.050900000000002">
    <ele>190.69000000000003</ele>
   </trkpt>
   <trkpt lat="54.30626" lon="23.051530000000003">
    <ele>194.98000000000002</ele>
   </trkpt>
   <trkpt lat="54.30579" lon="23.052760000000003">
    <ele>190.08</ele>
   </trkpt>
   <trkpt lat="54.30574000000001" lon="23.053">
    <ele>189.64</ele>
   </trkpt>
   <trkpt lat="54.305710000000005" lon="23.053320000000003">
    <ele>187.96</ele>
   </trkpt>
   <trkpt lat="54.305690000000006" lon="23.05442">
    <ele>187.15</ele>
   </trkpt>
   <trkpt lat="54.30567000388757" lon="23.0553900006258">
    <ele>188.44000000000003</ele>
   </trkpt>
   <trkpt lat="54.30565000000001" lon="23.05636">
    <ele>187.66000000000003</ele>
   </trkpt>
   <trkpt lat="54.30556000625782" lon="23.057590002665563">
    <ele>188.84</ele>
   </trkpt>
   <trkpt lat="54.30547000000001" lon="23.05882">
    <ele>189.12</ele>
   </trkpt>
   <trkpt lat="54.30545000000001" lon="23.060350000000003">
    <ele>190.24</ele>
   </trkpt>
   <trkpt lat="54.305400000000006" lon="23.061190000000003">
    <ele>192.25</ele>
   </trkpt>
   <trkpt lat="54.305350000000004" lon="23.061510000000002">
    <ele>192.75</ele>
   </trkpt>
   <trkpt lat="54.30518000235787" lon="23.062270003275575">
    <ele>194.0</ele>
   </trkpt>
   <trkpt lat="54.30501" lon="23.06303">
    <ele>194.18</ele>
   </trkpt>
   <trkpt lat="54.304970000000004" lon="23.06331">
    <ele>194.36</ele>
   </trkpt>
   <trkpt lat="54.30498000000001" lon="23.063630000000003">
    <ele>195.27</ele>
   </trkpt>
   <trkpt lat="54.305080000000004" lon="23.06474">
    <ele>195.54000000000002</ele>
   </trkpt>
   <trkpt lat="54.30509000000001" lon="23.06512">
    <ele>195.87</ele>
   </trkpt>
   <trkpt lat="54.305060000000005" lon="23.065510000000003">
    <ele>196.4</ele>
   </trkpt>
   <trkpt lat="54.304880000000004" lon="23.066650000000003">
    <ele>197.65</ele>
   </trkpt>
   <trkpt lat="54.30482000000001" lon="23.067210000000003">
    <ele>198.09</ele>
   </trkpt>
   <trkpt lat="54.304790000000004" lon="23.067670000000003">
    <ele>199.59</ele>
   </trkpt>
   <trkpt lat="54.304730000000006" lon="23.068060000000003">
    <ele>201.24000000000004</ele>
   </trkpt>
   <trkpt lat="54.304520000000004" lon="23.068980000000003">
    <ele>201.31</ele>
   </trkpt>
   <trkpt lat="54.304470009177514" lon="23.070470001901185">
    <ele>203.49</ele>
   </trkpt>
   <trkpt lat="54.30442000000001" lon="23.07196">
    <ele>210.26000000000002</ele>
   </trkpt>
   <trkpt lat="54.304390000000005" lon="23.072170000000003">
    <ele>210.66</ele>
   </trkpt>
   <trkpt lat="54.30429" lon="23.072550000000003">
    <ele>211.48000000000002</ele>
   </trkpt>
   <trkpt lat="54.304" lon="23.073230000000002">
    <ele>212.43</ele>
   </trkpt>
   <trkpt lat="54.30382" lon="23.073760000000004">
    <ele>211.15</ele>
   </trkpt>
   <trkpt lat="54.303485001599164" lon="23.07439500529693">
    <ele>206.41</ele>
   </trkpt>
   <trkpt lat="54.30315" lon="23.07503">
    <ele>204.8</ele>
   </trkpt>
   <trkpt lat="54.30256000000001" lon="23.076050000000002">
    <ele>204.03</ele>
   </trkpt>
   <trkpt lat="54.30221" lon="23.076520000000002">
    <ele>204.42000000000002</ele>
   </trkpt>
   <trkpt lat="54.302080000000004" lon="23.07665">
    <ele>204.48000000000002</ele>
   </trkpt>
   <trkpt lat="54.301750000000006" lon="23.076870000000003">
    <ele>202.39000000000001</ele>
   </trkpt>
   <trkpt lat="54.30131500002901" lon="23.077110002651295">
    <ele>200.79000000000002</ele>
   </trkpt>
   <trkpt lat="54.30088000000001" lon="23.077350000000003">
    <ele>201.08</ele>
   </trkpt>
   <trkpt lat="54.30012000000001" lon="23.077800000000003">
    <ele>205.82000000000002</ele>
   </trkpt>
   <trkpt lat="54.29941" lon="23.078110000000002">
    <ele>206.23000000000002</ele>
   </trkpt>
   <trkpt lat="54.299310000000006" lon="23.078180000000003">
    <ele>206.52</ele>
   </trkpt>
   <trkpt lat="54.29912" lon="23.078370000000003">
    <ele>208.33</ele>
   </trkpt>
   <trkpt lat="54.29905" lon="23.078480000000003">
    <ele>208.33</ele>
   </trkpt>
   <trkpt lat="54.29872500325042" lon="23.079365006954692">
    <ele>209.03000000000003</ele>
   </trkpt>
   <trkpt lat="54.29840000000001" lon="23.080250000000003">
    <ele>209.17000000000002</ele>
   </trkpt>
   <trkpt lat="54.29840000000001" lon="23.08042">
    <ele>209.07</ele>
   </trkpt>
   <trkpt lat="54.298280000000005" lon="23.080820000000003">
    <ele>208.36</ele>
   </trkpt>
   <trkpt lat="54.29793" lon="23.081950000000003">
    <ele>203.81</ele>
   </trkpt>
   <trkpt lat="54.29778" lon="23.08218">
    <ele>202.74</ele>
   </trkpt>
   <trkpt lat="54.2976" lon="23.082400000000003">
    <ele>201.59</ele>
   </trkpt>
   <trkpt lat="54.297410000000006" lon="23.08267">
    <ele>201.34</ele>
   </trkpt>
   <trkpt lat="54.297140000000006" lon="23.08312">
    <ele>201.20000000000002</ele>
   </trkpt>
   <trkpt lat="54.29690000000001" lon="23.083560000000002">
    <ele>200.9</ele>
   </trkpt>
   <trkpt lat="54.29645000000001" lon="23.084490000000002">
    <ele>203.29000000000002</ele>
   </trkpt>
   <trkpt lat="54.29632" lon="23.08481">
    <ele>203.88</ele>
   </trkpt>
   <trkpt lat="54.296170000000004" lon="23.085620000000002">
    <ele>206.5</ele>
   </trkpt>
   <trkpt lat="54.296020000000006" lon="23.086240000000004">
    <ele>204.8</ele>
   </trkpt>
   <trkpt lat="54.295640000000006" lon="23.08717">
    <ele>202.67000000000002</ele>
   </trkpt>
   <trkpt lat="54.29527" lon="23.087940000000003">
    <ele>201.57000000000002</ele>
   </trkpt>
   <trkpt lat="54.29492500313663" lon="23.088805007141193">
    <ele>206.24</ele>
   </trkpt>
   <trkpt lat="54.29458" lon="23.08967">
    <ele>210.84000000000003</ele>
   </trkpt>
   <trkpt lat="54.29446000000001" lon="23.08988">
    <ele>211.58</ele>
   </trkpt>
   <trkpt lat="54.293980000000005" lon="23.09045">
    <ele>212.65</ele>
   </trkpt>
   <trkpt lat="54.29346" lon="23.091690000000003">
    <ele>216.09</ele>
   </trkpt>
   <trkpt lat="54.2931" lon="23.092750000000002">
    <ele>215.87</ele>
   </trkpt>
   <trkpt lat="54.293530000000004" lon="23.09373">
    <ele>215.78000000000003</ele>
   </trkpt>
   <trkpt lat="54.29363000000001" lon="23.094050000000003">
    <ele>214.57</ele>
   </trkpt>
   <trkpt lat="54.293670000000006" lon="23.094330000000003">
    <ele>213.89000000000001</ele>
   </trkpt>
   <trkpt lat="54.29375" lon="23.09543">
    <ele>209.99</ele>
   </trkpt>
   <trkpt lat="54.29388" lon="23.096230000000002">
    <ele>207.29000000000002</ele>
   </trkpt>
   <trkpt lat="54.293910000000004" lon="23.0969">
    <ele>204.88</ele>
   </trkpt>
   <trkpt lat="54.293980000000005" lon="23.09731">
    <ele>203.69</ele>
   </trkpt>
   <trkpt lat="54.29410000000001" lon="23.097700000000003">
    <ele>203.8</ele>
   </trkpt>
   <trkpt lat="54.29458" lon="23.0989">
    <ele>206.99</ele>
   </trkpt>
   <trkpt lat="54.29462" lon="23.099030000000003">
    <ele>206.92000000000002</ele>
   </trkpt>
   <trkpt lat="54.294740000000004" lon="23.099760000000003">
    <ele>207.73000000000002</ele>
   </trkpt>
   <trkpt lat="54.2948" lon="23.09993">
    <ele>207.24</ele>
   </trkpt>
   <trkpt lat="54.294900000000005" lon="23.10009">
    <ele>205.34000000000003</ele>
   </trkpt>
   <trkpt lat="54.29513000000001" lon="23.100340000000003">
    <ele>203.49</ele>
   </trkpt>
   <trkpt lat="54.295260000000006" lon="23.100630000000002">
    <ele>202.96000000000004</ele>
   </trkpt>
   <trkpt lat="54.29533000000001" lon="23.10086">
    <ele>202.93000000000004</ele>
   </trkpt>
   <trkpt lat="54.29540000000001" lon="23.10124">
    <ele>203.29000000000002</ele>
   </trkpt>
   <trkpt lat="54.295480000000005" lon="23.101540000000004">
    <ele>204.20000000000002</ele>
   </trkpt>
   <trkpt lat="54.29551000000001" lon="23.10162">
    <ele>204.38</ele>
   </trkpt>
   <trkpt lat="54.29551000000001" lon="23.10161">
    <ele>204.37000000000003</ele>
   </trkpt>
   <trkpt lat="54.295590000000004" lon="23.1018">
    <ele>204.8</ele>
   </trkpt>
   <trkpt lat="54.295840000000005" lon="23.10227">
    <ele>205.08</ele>
   </trkpt>
   <trkpt lat="54.29598000000001" lon="23.102490000000003">
    <ele>205.52</ele>
   </trkpt>
   <trkpt lat="54.2964050010976" lon="23.103004994685364">
    <ele>204.21000000000004</ele>
   </trkpt>
   <trkpt lat="54.29683000000001" lon="23.103520000000003">
    <ele>205.09000000000003</ele>
   </trkpt>
   <trkpt lat="54.297355001995534" lon="23.104189991634737">
    <ele>203.57000000000002</ele>
   </trkpt>
   <trkpt lat="54.297880000000006" lon="23.104860000000002">
    <ele>200.28</ele>
   </trkpt>
   <trkpt lat="54.29851333816017" lon="23.105623309859055">
    <ele>199.55</ele>
   </trkpt>
   <trkpt lat="54.29914667150114" lon="23.106386643201144">
    <ele>201.22</ele>
   </trkpt>
   <trkpt lat="54.299780000000005" lon="23.10715">
    <ele>207.58</ele>
   </trkpt>
   <trkpt lat="54.30037" lon="23.1079">
    <ele>203.87000000000003</ele>
   </trkpt>
   <trkpt lat="54.301" lon="23.10864">
    <ele>204.51000000000002</ele>
   </trkpt>
   <trkpt lat="54.30107" lon="23.10872">
    <ele>204.5</ele>
   </trkpt>
   <trkpt lat="54.301080000000006" lon="23.10882">
    <ele>204.5</ele>
   </trkpt>
   <trkpt lat="54.301080000000006" lon="23.10893">
    <ele>204.5</ele>
   </trkpt>
   <trkpt lat="54.30104000000001" lon="23.109070000000003">
    <ele>204.31</ele>
   </trkpt>
   <trkpt lat="54.30096" lon="23.10921">
    <ele>204.31</ele>
   </trkpt>
   <trkpt lat="54.300850000000004" lon="23.10931">
    <ele>204.18000000000004</ele>
   </trkpt>
   <trkpt lat="54.30024" lon="23.109530000000003">
    <ele>201.68000000000004</ele>
   </trkpt>
   <trkpt lat="54.30010000000001" lon="23.109640000000002">
    <ele>201.03</ele>
   </trkpt>
   <trkpt lat="54.299960000000006" lon="23.109900000000003">
    <ele>199.3</ele>
   </trkpt>
   <trkpt lat="54.29984" lon="23.11023">
    <ele>198.70000000000002</ele>
   </trkpt>
   <trkpt lat="54.29966" lon="23.1106">
    <ele>199.49000000000004</ele>
   </trkpt>
   <trkpt lat="54.299510000000005" lon="23.110840000000003">
    <ele>201.21000000000004</ele>
   </trkpt>
   <trkpt lat="54.29936000000001" lon="23.111030000000003">
    <ele>203.90000000000003</ele>
   </trkpt>
   <trkpt lat="54.299220000000005" lon="23.11117">
    <ele>205.07000000000002</ele>
   </trkpt>
   <trkpt lat="54.299040000000005" lon="23.111240000000002">
    <ele>205.44</ele>
   </trkpt>
   <trkpt lat="54.29872" lon="23.111210000000003">
    <ele>206.86</ele>
   </trkpt>
   <trkpt lat="54.29858" lon="23.11126">
    <ele>208.67000000000002</ele>
   </trkpt>
   <trkpt lat="54.298460000000006" lon="23.11135">
    <ele>209.33</ele>
   </trkpt>
   <trkpt lat="54.29833000000001" lon="23.111490000000003">
    <ele>209.89000000000001</ele>
   </trkpt>
   <trkpt lat="54.298120000000004" lon="23.111800000000002">
    <ele>212.00000000000003</ele>
   </trkpt>
   <trkpt lat="54.297540000000005" lon="23.11279">
    <ele>209.24</ele>
   </trkpt>
   <trkpt lat="54.2974" lon="23.113110000000002">
    <ele>208.65000000000003</ele>
   </trkpt>
   <trkpt lat="54.29711" lon="23.11411">
    <ele>212.74</ele>
   </trkpt>
   <trkpt lat="54.297090000000004" lon="23.11436">
    <ele>213.47000000000003</ele>
   </trkpt>
   <trkpt lat="54.29712000000001" lon="23.11458">
    <ele>213.8</ele>
   </trkpt>
   <trkpt lat="54.297160000000005" lon="23.11475">
    <ele>214.25000000000003</ele>
   </trkpt>
   <trkpt lat="54.296820000000004" lon="23.11503">
    <ele>214.05</ele>
   </trkpt>
   <trkpt lat="54.29686" lon="23.115250000000003">
    <ele>213.85</ele>
   </trkpt>
   <trkpt lat="54.29692000000001" lon="23.115840000000002">
    <ele>214.38000000000002</ele>
   </trkpt>
   <trkpt lat="54.296960000000006" lon="23.116880000000002">
    <ele>217.08</ele>
   </trkpt>
   <trkpt lat="54.29699000585878" lon="23.118069999228606">
    <ele>220.06</ele>
   </trkpt>
   <trkpt lat="54.29702" lon="23.11926">
    <ele>222.06</ele>
   </trkpt>
   <trkpt lat="54.29699" lon="23.1197">
    <ele>222.14000000000001</ele>
   </trkpt>
   <trkpt lat="54.296940000000006" lon="23.120160000000002">
    <ele>221.89000000000001</ele>
   </trkpt>
   <trkpt lat="54.29677" lon="23.121100000000002">
    <ele>220.04000000000002</ele>
   </trkpt>
   <trkpt lat="54.296585003553254" lon="23.122025004082207">
    <ele>215.45000000000002</ele>
   </trkpt>
   <trkpt lat="54.296400000000006" lon="23.122950000000003">
    <ele>212.19000000000003</ele>
   </trkpt>
   <trkpt lat="54.29688" lon="23.12319">
    <ele>214.86</ele>
   </trkpt>
   <trkpt lat="54.29751" lon="23.12346">
    <ele>218.2</ele>
   </trkpt>
   <trkpt lat="54.29762" lon="23.12355">
    <ele>218.31</ele>
   </trkpt>
   <trkpt lat="54.297720000000005" lon="23.123730000000002">
    <ele>218.14000000000001</ele>
   </trkpt>
   <trkpt lat="54.29782" lon="23.124460000000003">
    <ele>215.64000000000001</ele>
   </trkpt>
   <trkpt lat="54.29786000000001" lon="23.124630000000003">
    <ele>215.09000000000003</ele>
   </trkpt>
   <trkpt lat="54.297920000000005" lon="23.124750000000002">
    <ele>215.09000000000003</ele>
   </trkpt>
   <trkpt lat="54.29844000000001" lon="23.125200000000003">
    <ele>211.52</ele>
   </trkpt>
   <trkpt lat="54.29905" lon="23.12581">
    <ele>210.19</ele>
   </trkpt>
   <trkpt lat="54.299240000000005" lon="23.125960000000003">
    <ele>209.72000000000003</ele>
   </trkpt>
   <trkpt lat="54.29981000000001" lon="23.12628">
    <ele>209.51000000000002</ele>
   </trkpt>
   <trkpt lat="54.300380000000004" lon="23.12665">
    <ele>208.71</ele>
   </trkpt>
   <trkpt lat="54.30064" lon="23.126780000000004">
    <ele>208.3</ele>
   </trkpt>
   <trkpt lat="54.30082" lon="23.126910000000002">
    <ele>208.16</ele>
   </trkpt>
   <trkpt lat="54.30126500179536" lon="23.127574992762078">
    <ele>208.33</ele>
   </trkpt>
   <trkpt lat="54.30171000000001" lon="23.12824">
    <ele>209.98000000000002</ele>
   </trkpt>
   <trkpt lat="54.30227000000001" lon="23.129140000000003">
    <ele>212.23000000000002</ele>
   </trkpt>
   <trkpt lat="54.302420000000005" lon="23.12931">
    <ele>211.19000000000003</ele>
   </trkpt>
   <trkpt lat="54.30274000000001" lon="23.129620000000003">
    <ele>209.21</ele>
   </trkpt>
   <trkpt lat="54.30285000000001" lon="23.12966">
    <ele>208.92000000000002</ele>
   </trkpt>
   <trkpt lat="54.302910000000004" lon="23.129690000000004">
    <ele>208.78000000000003</ele>
   </trkpt>
   <trkpt lat="54.30301000000001" lon="23.12968">
    <ele>208.50000000000003</ele>
   </trkpt>
   <trkpt lat="54.303180000000005" lon="23.129630000000002">
    <ele>208.16</ele>
   </trkpt>
   <trkpt lat="54.30335" lon="23.129510000000003">
    <ele>207.95000000000002</ele>
   </trkpt>
   <trkpt lat="54.303720000000006" lon="23.129160000000002">
    <ele>207.24</ele>
   </trkpt>
   <trkpt lat="54.303990000000006" lon="23.12901">
    <ele>206.87000000000003</ele>
   </trkpt>
   <trkpt lat="54.30411" lon="23.12899">
    <ele>206.75</ele>
   </trkpt>
   <trkpt lat="54.30425" lon="23.12899">
    <ele>206.84000000000003</ele>
   </trkpt>
   <trkpt lat="54.3044" lon="23.12903">
    <ele>206.90000000000003</ele>
   </trkpt>
   <trkpt lat="54.30487000006302" lon="23.12923999754894">
    <ele>206.66</ele>
   </trkpt>
   <trkpt lat="54.30534" lon="23.129450000000002">
    <ele>205.6</ele>
   </trkpt>
   <trkpt lat="54.306090000000005" lon="23.129900000000003">
    <ele>205.33</ele>
   </trkpt>
   <trkpt lat="54.306875000689466" lon="23.13032499186349">
    <ele>204.79000000000002</ele>
   </trkpt>
   <trkpt lat="54.307660000000006" lon="23.130750000000003">
    <ele>207.89000000000001</ele>
   </trkpt>
   <trkpt lat="54.30787" lon="23.13089">
    <ele>208.65000000000003</ele>
   </trkpt>
   <trkpt lat="54.30821" lon="23.13106">
    <ele>209.04</ele>
   </trkpt>
   <trkpt lat="54.30866499995871" lon="23.13119499847297">
    <ele>208.15000000000003</ele>
   </trkpt>
   <trkpt lat="54.30912000000001" lon="23.131330000000002">
    <ele>207.41</ele>
   </trkpt>
   <trkpt lat="54.30933" lon="23.13134">
    <ele>207.34000000000003</ele>
   </trkpt>
   <trkpt lat="54.309810000000006" lon="23.131220000000003">
    <ele>207.38</ele>
   </trkpt>
   <trkpt lat="54.310050000000004" lon="23.131220000000003">
    <ele>207.48000000000002</ele>
   </trkpt>
   <trkpt lat="54.31018" lon="23.131290000000003">
    <ele>207.77</ele>
   </trkpt>
   <trkpt lat="54.31024000000001" lon="23.131570000000004">
    <ele>207.81000000000003</ele>
   </trkpt>
   <trkpt lat="54.310320000000004" lon="23.132510000000003">
    <ele>207.20000000000002</ele>
   </trkpt>
   <trkpt lat="54.31033000000001" lon="23.132800000000003">
    <ele>207.19</ele>
   </trkpt>
   <trkpt lat="54.31027" lon="23.13343">
    <ele>207.61</ele>
   </trkpt>
   <trkpt lat="54.31022" lon="23.13371">
    <ele>208.09000000000003</ele>
   </trkpt>
   <trkpt lat="54.30996500354611" lon="23.13463500570161">
    <ele>211.75000000000003</ele>
   </trkpt>
   <trkpt lat="54.30971" lon="23.13556">
    <ele>210.59000000000003</ele>
   </trkpt>
   <trkpt lat="54.309650000000005" lon="23.13585">
    <ele>209.13</ele>
   </trkpt>
   <trkpt lat="54.30964" lon="23.13624">
    <ele>206.28</ele>
   </trkpt>
   <trkpt lat="54.309745002437964" lon="23.137009997935493">
    <ele>202.41</ele>
   </trkpt>
   <trkpt lat="54.309850000000004" lon="23.137780000000003">
    <ele>195.16000000000003</ele>
   </trkpt>
   <trkpt lat="54.30989" lon="23.13819">
    <ele>193.8</ele>
   </trkpt>
   <trkpt lat="54.30989" lon="23.138180000000002">
    <ele>193.81</ele>
   </trkpt>
   <trkpt lat="54.30991" lon="23.13838">
    <ele>193.51000000000002</ele>
   </trkpt>
   <trkpt lat="54.309870000000004" lon="23.13879">
    <ele>193.8</ele>
   </trkpt>
   <trkpt lat="54.30982" lon="23.138980000000004">
    <ele>194.05</ele>
   </trkpt>
   <trkpt lat="54.309740000000005" lon="23.13914">
    <ele>194.59</ele>
   </trkpt>
   <trkpt lat="54.309580000000004" lon="23.13932">
    <ele>196.06</ele>
   </trkpt>
   <trkpt lat="54.309540000000005" lon="23.139470000000003">
    <ele>196.06</ele>
   </trkpt>
   <trkpt lat="54.309540000000005" lon="23.13962">
    <ele>196.65</ele>
   </trkpt>
   <trkpt lat="54.309580000000004" lon="23.139850000000003">
    <ele>196.65</ele>
   </trkpt>
   <trkpt lat="54.30998" lon="23.14064">
    <ele>196.16000000000003</ele>
   </trkpt>
   <trkpt lat="54.31004000000001" lon="23.140880000000003">
    <ele>195.16000000000003</ele>
   </trkpt>
   <trkpt lat="54.31007" lon="23.14131">
    <ele>193.34</ele>
   </trkpt>
   <trkpt lat="54.309870000000004" lon="23.14216">
    <ele>186.99</ele>
   </trkpt>
   <trkpt lat="54.30977000000001" lon="23.142660000000003">
    <ele>184.91000000000003</ele>
   </trkpt>
   <trkpt lat="54.30969500265727" lon="23.14346000134158">
    <ele>186.25000000000003</ele>
   </trkpt>
   <trkpt lat="54.30962" lon="23.144260000000003">
    <ele>190.47000000000003</ele>
   </trkpt>
   <trkpt lat="54.30951" lon="23.144750000000002">
    <ele>191.92000000000002</ele>
   </trkpt>
   <trkpt lat="54.30941000000001" lon="23.144930000000002">
    <ele>192.8</ele>
   </trkpt>
   <trkpt lat="54.30885000000001" lon="23.145680000000002">
    <ele>190.83</ele>
   </trkpt>
   <trkpt lat="54.308640000000004" lon="23.145880000000002">
    <ele>190.44000000000003</ele>
   </trkpt>
   <trkpt lat="54.308600000000006" lon="23.145930000000003">
    <ele>190.36</ele>
   </trkpt>
   <trkpt lat="54.30834" lon="23.146060000000002">
    <ele>189.99</ele>
   </trkpt>
   <trkpt lat="54.308130000000006" lon="23.14607">
    <ele>190.10000000000002</ele>
   </trkpt>
   <trkpt lat="54.30796" lon="23.145970000000002">
    <ele>190.9</ele>
   </trkpt>
   <trkpt lat="54.30780000000001" lon="23.14592">
    <ele>192.13000000000002</ele>
   </trkpt>
   <trkpt lat="54.307640000000006" lon="23.14598">
    <ele>192.86</ele>
   </trkpt>
   <trkpt lat="54.307480000000005" lon="23.14609">
    <ele>192.60000000000002</ele>
   </trkpt>
   <trkpt lat="54.30734" lon="23.146250000000002">
    <ele>190.98000000000002</ele>
   </trkpt>
   <trkpt lat="54.30725" lon="23.146400000000003">
    <ele>190.24</ele>
   </trkpt>
   <trkpt lat="54.30697000000001" lon="23.14638">
    <ele>186.99</ele>
   </trkpt>
   <trkpt lat="54.30678" lon="23.146320000000003">
    <ele>184.87</ele>
   </trkpt>
   <trkpt lat="54.30632000000001" lon="23.1461">
    <ele>183.42000000000002</ele>
   </trkpt>
   <trkpt lat="54.305690000000006" lon="23.146060000000002">
    <ele>186.4</ele>
   </trkpt>
   <trkpt lat="54.30528" lon="23.14608">
    <ele>189.29000000000002</ele>
   </trkpt>
   <trkpt lat="54.30512" lon="23.146030000000003">
    <ele>189.00000000000003</ele>
   </trkpt>
   <trkpt lat="54.30467" lon="23.14581">
    <ele>187.34</ele>
   </trkpt>
   <trkpt lat="54.304460000000006" lon="23.145740000000004">
    <ele>186.19000000000003</ele>
   </trkpt>
   <trkpt lat="54.303940000000004" lon="23.145780000000002">
    <ele>186.68</ele>
   </trkpt>
   <trkpt lat="54.30369" lon="23.14572">
    <ele>188.8</ele>
   </trkpt>
   <trkpt lat="54.303250000136735" lon="23.145549998189637">
    <ele>194.89000000000001</ele>
   </trkpt>
   <trkpt lat="54.30281" lon="23.145380000000003">
    <ele>198.60000000000002</ele>
   </trkpt>
   <trkpt lat="54.30239" lon="23.145190000000003">
    <ele>199.78</ele>
   </trkpt>
   <trkpt lat="54.301930000000006" lon="23.144940000000002">
    <ele>196.63000000000002</ele>
   </trkpt>
   <trkpt lat="54.30127333416931" lon="23.1446333235776">
    <ele>188.29000000000002</ele>
   </trkpt>
   <trkpt lat="54.3006166675608" lon="23.144326656938272">
    <ele>187.47000000000003</ele>
   </trkpt>
   <trkpt lat="54.299960000000006" lon="23.14402">
    <ele>188.27</ele>
   </trkpt>
   <trkpt lat="54.29935000019727" lon="23.143764996192022">
    <ele>192.72</ele>
   </trkpt>
   <trkpt lat="54.29874" lon="23.143510000000003">
    <ele>192.44000000000003</ele>
   </trkpt>
   <trkpt lat="54.29842000000001" lon="23.143400000000003">
    <ele>193.67000000000002</ele>
   </trkpt>
   <trkpt lat="54.297630000000005" lon="23.14301">
    <ele>195.93</ele>
   </trkpt>
   <trkpt lat="54.29710000006305" lon="23.142809997387026">
    <ele>194.5</ele>
   </trkpt>
   <trkpt lat="54.29657" lon="23.14261">
    <ele>194.92000000000002</ele>
   </trkpt>
   <trkpt lat="54.2963" lon="23.142470000000003">
    <ele>195.15</ele>
   </trkpt>
   <trkpt lat="54.296020000000006" lon="23.142370000000003">
    <ele>194.65</ele>
   </trkpt>
   <trkpt lat="54.295230000581576" lon="23.141994992805703">
    <ele>193.39000000000001</ele>
   </trkpt>
   <trkpt lat="54.29444" lon="23.141620000000003">
    <ele>192.91000000000003</ele>
   </trkpt>
   <trkpt lat="54.29393" lon="23.141460000000002">
    <ele>193.99</ele>
   </trkpt>
   <trkpt lat="54.29379" lon="23.141440000000003">
    <ele>193.82000000000002</ele>
   </trkpt>
   <trkpt lat="54.29366" lon="23.141450000000003">
    <ele>193.82000000000002</ele>
   </trkpt>
   <trkpt lat="54.29357" lon="23.14149">
    <ele>193.97</ele>
   </trkpt>
   <trkpt lat="54.29316000000001" lon="23.14186">
    <ele>194.86</ele>
   </trkpt>
   <trkpt lat="54.29278000000001" lon="23.14213">
    <ele>196.09</ele>
   </trkpt>
   <trkpt lat="54.29205" lon="23.142290000000003">
    <ele>196.73000000000002</ele>
   </trkpt>
   <trkpt lat="54.29184000000001" lon="23.14244">
    <ele>197.54000000000002</ele>
   </trkpt>
   <trkpt lat="54.291720000000005" lon="23.14254">
    <ele>198.03</ele>
   </trkpt>
   <trkpt lat="54.29148000000001" lon="23.142780000000002">
    <ele>199.05</ele>
   </trkpt>
   <trkpt lat="54.29079" lon="23.143250000000002">
    <ele>201.32000000000002</ele>
   </trkpt>
   <trkpt lat="54.29063000000001" lon="23.143410000000003">
    <ele>201.95000000000002</ele>
   </trkpt>
   <trkpt lat="54.290470000000006" lon="23.143620000000002">
    <ele>203.78</ele>
   </trkpt>
   <trkpt lat="54.29032" lon="23.14393">
    <ele>206.48000000000002</ele>
   </trkpt>
   <trkpt lat="54.290150000000004" lon="23.1444">
    <ele>209.85</ele>
   </trkpt>
   <trkpt lat="54.290060000000004" lon="23.14458">
    <ele>210.51000000000002</ele>
   </trkpt>
   <trkpt lat="54.28985" lon="23.14476">
    <ele>212.00000000000003</ele>
   </trkpt>
   <trkpt lat="54.28974" lon="23.14478">
    <ele>212.74</ele>
   </trkpt>
   <trkpt lat="54.28922000000001" lon="23.14476">
    <ele>215.06000000000003</ele>
   </trkpt>
   <trkpt lat="54.289" lon="23.144810000000003">
    <ele>217.48</ele>
   </trkpt>
   <trkpt lat="54.28873" lon="23.144910000000003">
    <ele>219.00000000000003</ele>
   </trkpt>
   <trkpt lat="54.28829000039126" lon="23.145150002480335">
    <ele>219.75000000000003</ele>
   </trkpt>
   <trkpt lat="54.287850000000006" lon="23.145390000000003">
    <ele>217.37</ele>
   </trkpt>
   <trkpt lat="54.28763000000001" lon="23.14545">
    <ele>215.56000000000003</ele>
   </trkpt>
   <trkpt lat="54.28745000000001" lon="23.14542">
    <ele>214.24</ele>
   </trkpt>
   <trkpt lat="54.287090000000006" lon="23.14532">
    <ele>208.34000000000003</ele>
   </trkpt>
   <trkpt lat="54.286820000000006" lon="23.145400000000002">
    <ele>205.69</ele>
   </trkpt>
   <trkpt lat="54.286680000000004" lon="23.14553">
    <ele>204.12000000000003</ele>
   </trkpt>
   <trkpt lat="54.28614500180017" lon="23.14619500867289">
    <ele>202.47</ele>
   </trkpt>
   <trkpt lat="54.285610000000005" lon="23.14686">
    <ele>197.17000000000002</ele>
   </trkpt>
   <trkpt lat="54.285360000000004" lon="23.14713">
    <ele>195.33</ele>
   </trkpt>
   <trkpt lat="54.28484" lon="23.14758">
    <ele>192.16000000000003</ele>
   </trkpt>
   <trkpt lat="54.284130000000005" lon="23.148390000000003">
    <ele>194.46</ele>
   </trkpt>
   <trkpt lat="54.283930000000005" lon="23.148650000000004">
    <ele>198.14000000000001</ele>
   </trkpt>
   <trkpt lat="54.28381" lon="23.14889">
    <ele>199.69</ele>
   </trkpt>
   <trkpt lat="54.283640000000005" lon="23.14938">
    <ele>201.75</ele>
   </trkpt>
   <trkpt lat="54.2833000073672" lon="23.15071501103557">
    <ele>203.44</ele>
   </trkpt>
   <trkpt lat="54.28296" lon="23.152050000000003">
    <ele>209.52</ele>
   </trkpt>
   <trkpt lat="54.28276" lon="23.152590000000004">
    <ele>210.77</ele>
   </trkpt>
   <trkpt lat="54.28255000000001" lon="23.153080000000003">
    <ele>210.4</ele>
   </trkpt>
   <trkpt lat="54.281754999880796" lon="23.153069999805535">
    <ele>208.71</ele>
   </trkpt>
   <trkpt lat="54.28096000000001" lon="23.153060000000004">
    <ele>206.73000000000002</ele>
   </trkpt>
   <trkpt lat="54.28101" lon="23.15418">
    <ele>203.85</ele>
   </trkpt>
   <trkpt lat="54.281060000000004" lon="23.154570000000003">
    <ele>203.46000000000004</ele>
   </trkpt>
   <trkpt lat="54.28108" lon="23.15502">
    <ele>202.96000000000004</ele>
   </trkpt>
   <trkpt lat="54.28117" lon="23.155910000000002">
    <ele>201.93000000000004</ele>
   </trkpt>
   <trkpt lat="54.28122500414532" lon="23.156909998828457">
    <ele>202.39000000000001</ele>
   </trkpt>
   <trkpt lat="54.28128" lon="23.15791">
    <ele>200.47</ele>
   </trkpt>
   <trkpt lat="54.28136000000001" lon="23.158710000000003">
    <ele>195.75</ele>
   </trkpt>
   <trkpt lat="54.28141" lon="23.159670000000002">
    <ele>190.48000000000002</ele>
   </trkpt>
   <trkpt lat="54.28152000000001" lon="23.16056">
    <ele>188.84</ele>
   </trkpt>
   <trkpt lat="54.28154000000001" lon="23.161270000000002">
    <ele>189.06</ele>
   </trkpt>
   <trkpt lat="54.2815" lon="23.16203">
    <ele>191.60000000000002</ele>
   </trkpt>
   <trkpt lat="54.2815" lon="23.16243">
    <ele>192.75</ele>
   </trkpt>
   <trkpt lat="54.281560000000006" lon="23.16335">
    <ele>191.54000000000002</ele>
   </trkpt>
   <trkpt lat="54.281560000000006" lon="23.16334">
    <ele>191.55</ele>
   </trkpt>
   <trkpt lat="54.28159" lon="23.16365">
    <ele>190.47000000000003</ele>
   </trkpt>
   <trkpt lat="54.28168" lon="23.16412">
    <ele>190.02</ele>
   </trkpt>
   <trkpt lat="54.281690000000005" lon="23.164420000000003">
    <ele>190.48000000000002</ele>
   </trkpt>
   <trkpt lat="54.28166" lon="23.16533">
    <ele>192.07000000000002</ele>
   </trkpt>
   <trkpt lat="54.281530000000004" lon="23.16672">
    <ele>192.67000000000002</ele>
   </trkpt>
   <trkpt lat="54.281530000000004" lon="23.1671">
    <ele>193.08</ele>
   </trkpt>
   <trkpt lat="54.28176500543735" lon="23.168244993539787">
    <ele>193.18</ele>
   </trkpt>
   <trkpt lat="54.282000000000004" lon="23.169390000000003">
    <ele>191.95000000000002</ele>
   </trkpt>
   <trkpt lat="54.28228000000001" lon="23.17028">
    <ele>192.57000000000002</ele>
   </trkpt>
   <trkpt lat="54.282520000000005" lon="23.17125">
    <ele>194.34</ele>
   </trkpt>
   <trkpt lat="54.28279000728108" lon="23.172189987579614">
    <ele>191.9</ele>
   </trkpt>
   <trkpt lat="54.28306000725268" lon="23.173129987480507">
    <ele>190.82000000000002</ele>
   </trkpt>
   <trkpt lat="54.28333000000001" lon="23.17407">
    <ele>190.62</ele>
   </trkpt>
   <trkpt lat="54.283370000000005" lon="23.174270000000003">
    <ele>190.79000000000002</ele>
   </trkpt>
   <trkpt lat="54.28338" lon="23.17481">
    <ele>191.51000000000002</ele>
   </trkpt>
   <trkpt lat="54.28349000000001" lon="23.175680000000003">
    <ele>191.18</ele>
   </trkpt>
   <trkpt lat="54.283590000000004" lon="23.17611">
    <ele>190.06</ele>
   </trkpt>
   <trkpt lat="54.283770000000004" lon="23.176530000000003">
    <ele>189.60000000000002</ele>
   </trkpt>
   <trkpt lat="54.283950000000004" lon="23.176840000000002">
    <ele>189.33</ele>
   </trkpt>
   <trkpt lat="54.28428" lon="23.17726">
    <ele>189.44000000000003</ele>
   </trkpt>
   <trkpt lat="54.284670000000006" lon="23.177860000000003">
    <ele>190.68</ele>
   </trkpt>
   <trkpt lat="54.284890000000004" lon="23.17807">
    <ele>191.95000000000002</ele>
   </trkpt>
   <trkpt lat="54.28501000000001" lon="23.1782">
    <ele>192.58</ele>
   </trkpt>
   <trkpt lat="54.285000000000004" lon="23.1782">
    <ele>192.57000000000002</ele>
   </trkpt>
   <trkpt lat="54.28508000000001" lon="23.17829">
    <ele>193.02</ele>
   </trkpt>
   <trkpt lat="54.28549" lon="23.178880000000003">
    <ele>193.86</ele>
   </trkpt>
   <trkpt lat="54.28584000000001" lon="23.17933">
    <ele>193.70000000000002</ele>
   </trkpt>
   <trkpt lat="54.286030000000004" lon="23.1795">
    <ele>193.42000000000002</ele>
   </trkpt>
   <trkpt lat="54.28642000000001" lon="23.179740000000002">
    <ele>192.60000000000002</ele>
   </trkpt>
   <trkpt lat="54.286680000000004" lon="23.180010000000003">
    <ele>191.02</ele>
   </trkpt>
   <trkpt lat="54.28719" lon="23.180780000000002">
    <ele>190.43</ele>
   </trkpt>
   <trkpt lat="54.28735" lon="23.180950000000003">
    <ele>191.17000000000002</ele>
   </trkpt>
   <trkpt lat="54.28788" lon="23.18138">
    <ele>189.25000000000003</ele>
   </trkpt>
   <trkpt lat="54.287980000000005" lon="23.181500000000003">
    <ele>188.92</ele>
   </trkpt>
   <trkpt lat="54.288070000000005" lon="23.181700000000003">
    <ele>188.54000000000002</ele>
   </trkpt>
   <trkpt lat="54.288430000000005" lon="23.183000000000003">
    <ele>189.63000000000002</ele>
   </trkpt>
   <trkpt lat="54.28875000000001" lon="23.183790000000002">
    <ele>190.85000000000002</ele>
   </trkpt>
   <trkpt lat="54.28882" lon="23.184060000000002">
    <ele>190.0</ele>
   </trkpt>
   <trkpt lat="54.28895000000001" lon="23.184970000000003">
    <ele>184.62</ele>
   </trkpt>
   <trkpt lat="54.28907" lon="23.185380000000002">
    <ele>183.12</ele>
   </trkpt>
   <trkpt lat="54.28915000000001" lon="23.18587">
    <ele>181.94000000000003</ele>
   </trkpt>
   <trkpt lat="54.289260000000006" lon="23.18633">
    <ele>181.70000000000002</ele>
   </trkpt>
   <trkpt lat="54.28949000000001" lon="23.18776">
    <ele>182.35</ele>
   </trkpt>
   <trkpt lat="54.289530000000006" lon="23.188530000000004">
    <ele>183.06000000000003</ele>
   </trkpt>
   <trkpt lat="54.28954" lon="23.18888">
    <ele>182.42000000000002</ele>
   </trkpt>
   <trkpt lat="54.28945" lon="23.189590000000003">
    <ele>180.11</ele>
   </trkpt>
   <trkpt lat="54.289370000000005" lon="23.1899">
    <ele>179.23000000000002</ele>
   </trkpt>
   <trkpt lat="54.28927" lon="23.1902">
    <ele>178.07</ele>
   </trkpt>
   <trkpt lat="54.28918" lon="23.19039">
    <ele>177.66</ele>
   </trkpt>
   <trkpt lat="54.288970000000006" lon="23.190700000000003">
    <ele>176.99</ele>
   </trkpt>
   <trkpt lat="54.288850000000004" lon="23.190830000000002">
    <ele>176.92000000000002</ele>
   </trkpt>
   <trkpt lat="54.288380000000004" lon="23.19123">
    <ele>176.94</ele>
   </trkpt>
   <trkpt lat="54.28813" lon="23.191470000000002">
    <ele>177.3</ele>
   </trkpt>
   <trkpt lat="54.28792000000001" lon="23.191640000000003">
    <ele>177.74</ele>
   </trkpt>
   <trkpt lat="54.28743000000001" lon="23.19207">
    <ele>180.1</ele>
   </trkpt>
   <trkpt lat="54.28714000000001" lon="23.192480000000003">
    <ele>182.14000000000001</ele>
   </trkpt>
   <trkpt lat="54.286950000000004" lon="23.19265">
    <ele>181.84</ele>
   </trkpt>
   <trkpt lat="54.28674" lon="23.19292">
    <ele>180.12</ele>
   </trkpt>
   <trkpt lat="54.286060000000006" lon="23.193640000000002">
    <ele>177.43</ele>
   </trkpt>
   <trkpt lat="54.285650000000004" lon="23.19403">
    <ele>177.69</ele>
   </trkpt>
   <trkpt lat="54.28537000000001" lon="23.19434">
    <ele>177.83</ele>
   </trkpt>
   <trkpt lat="54.285210000000006" lon="23.194490000000002">
    <ele>177.74</ele>
   </trkpt>
   <trkpt lat="54.28501000000001" lon="23.19461">
    <ele>177.84000000000003</ele>
   </trkpt>
   <trkpt lat="54.28451500009131" lon="23.19479500224176">
    <ele>179.34000000000003</ele>
   </trkpt>
   <trkpt lat="54.284020000000005" lon="23.19498">
    <ele>182.32</ele>
   </trkpt>
   <trkpt lat="54.28381" lon="23.195010000000003">
    <ele>184.21</ele>
   </trkpt>
   <trkpt lat="54.283640000000005" lon="23.19499">
    <ele>185.05</ele>
   </trkpt>
   <trkpt lat="54.28322000000001" lon="23.195040000000002">
    <ele>186.8</ele>
   </trkpt>
   <trkpt lat="54.28302000000001" lon="23.195030000000003">
    <ele>187.34</ele>
   </trkpt>
   <trkpt lat="54.2828" lon="23.194920000000003">
    <ele>187.46</ele>
   </trkpt>
   <trkpt lat="54.282090000000004" lon="23.194460000000003">
    <ele>184.09</ele>
   </trkpt>
   <trkpt lat="54.28195" lon="23.19444">
    <ele>183.53000000000003</ele>
   </trkpt>
   <trkpt lat="54.28177" lon="23.19453">
    <ele>182.72000000000003</ele>
   </trkpt>
   <trkpt lat="54.28126" lon="23.19491">
    <ele>180.99</ele>
   </trkpt>
   <trkpt lat="54.28096000000001" lon="23.19519">
    <ele>178.88</ele>
   </trkpt>
   <trkpt lat="54.280840000000005" lon="23.195210000000003">
    <ele>178.20000000000002</ele>
   </trkpt>
   <trkpt lat="54.28051000000001" lon="23.19516">
    <ele>175.11</ele>
   </trkpt>
   <trkpt lat="54.28043" lon="23.19517">
    <ele>175.11</ele>
   </trkpt>
   <trkpt lat="54.28036" lon="23.195210000000003">
    <ele>174.48000000000002</ele>
   </trkpt>
   <trkpt lat="54.280030000000004" lon="23.195610000000002">
    <ele>172.41</ele>
   </trkpt>
   <trkpt lat="54.27957000000001" lon="23.19609">
    <ele>171.01000000000002</ele>
   </trkpt>
   <trkpt lat="54.27925000172544" lon="23.196730004908257">
    <ele>170.04000000000002</ele>
   </trkpt>
   <trkpt lat="54.27893" lon="23.197370000000003">
    <ele>168.47</ele>
   </trkpt>
   <trkpt lat="54.27881000000001" lon="23.19753">
    <ele>168.38</ele>
   </trkpt>
   <trkpt lat="54.278400000000005" lon="23.19772">
    <ele>169.33</ele>
   </trkpt>
   <trkpt lat="54.278220000000005" lon="23.197850000000003">
    <ele>168.88</ele>
   </trkpt>
   <trkpt lat="54.27776000000001" lon="23.198210000000003">
    <ele>167.09</ele>
   </trkpt>
   <trkpt lat="54.27693000000001" lon="23.198030000000003">
    <ele>167.07000000000002</ele>
   </trkpt>
   <trkpt lat="54.276830000000004" lon="23.19799">
    <ele>167.06</ele>
   </trkpt>
   <trkpt lat="54.27669" lon="23.19791">
    <ele>167.58</ele>
   </trkpt>
   <trkpt lat="54.27633" lon="23.19763">
    <ele>168.70000000000002</ele>
   </trkpt>
   <trkpt lat="54.275760000000005" lon="23.197010000000002">
    <ele>169.43000000000004</ele>
   </trkpt>
   <trkpt lat="54.27544" lon="23.196820000000002">
    <ele>167.67000000000002</ele>
   </trkpt>
   <trkpt lat="54.27517" lon="23.196630000000003">
    <ele>167.17000000000002</ele>
   </trkpt>
   <trkpt lat="54.27507000000001" lon="23.19658">
    <ele>166.62</ele>
   </trkpt>
   <trkpt lat="54.274640000000005" lon="23.19649">
    <ele>165.93</ele>
   </trkpt>
   <trkpt lat="54.274390000000004" lon="23.1964">
    <ele>164.76000000000002</ele>
   </trkpt>
   <trkpt lat="54.27407" lon="23.19622">
    <ele>163.19</ele>
   </trkpt>
   <trkpt lat="54.273500000000006" lon="23.19601">
    <ele>159.67000000000002</ele>
   </trkpt>
   <trkpt lat="54.27338" lon="23.19592">
    <ele>159.71</ele>
   </trkpt>
   <trkpt lat="54.27326000000001" lon="23.195790000000002">
    <ele>160.02</ele>
   </trkpt>
   <trkpt lat="54.27311" lon="23.195680000000003">
    <ele>160.42000000000002</ele>
   </trkpt>
   <trkpt lat="54.272980000000004" lon="23.195670000000003">
    <ele>160.74</ele>
   </trkpt>
   <trkpt lat="54.272870000000005" lon="23.19574">
    <ele>161.31</ele>
   </trkpt>
   <trkpt lat="54.272650000000006" lon="23.19592">
    <ele>162.75</ele>
   </trkpt>
   <trkpt lat="54.272290000000005" lon="23.196150000000003">
    <ele>162.72</ele>
   </trkpt>
   <trkpt lat="54.27203000000001" lon="23.19628">
    <ele>162.60000000000002</ele>
   </trkpt>
   <trkpt lat="54.27161" lon="23.1964">
    <ele>163.5</ele>
   </trkpt>
   <trkpt lat="54.27129000000001" lon="23.19657">
    <ele>164.95000000000002</ele>
   </trkpt>
   <trkpt lat="54.27096" lon="23.196700000000003">
    <ele>165.97</ele>
   </trkpt>
   <trkpt lat="54.27084000000001" lon="23.196830000000002">
    <ele>166.05</ele>
   </trkpt>
   <trkpt lat="54.270720000000004" lon="23.19703">
    <ele>166.02</ele>
   </trkpt>
   <trkpt lat="54.27056" lon="23.19733">
    <ele>166.10000000000002</ele>
   </trkpt>
   <trkpt lat="54.270430000000005" lon="23.197490000000002">
    <ele>166.44</ele>
   </trkpt>
   <trkpt lat="54.270320000000005" lon="23.197570000000002">
    <ele>166.65</ele>
   </trkpt>
   <trkpt lat="54.27013" lon="23.197640000000003">
    <ele>166.69</ele>
   </trkpt>
   <trkpt lat="54.26991" lon="23.197680000000002">
    <ele>166.77</ele>
   </trkpt>
   <trkpt lat="54.26955" lon="23.19761">
    <ele>167.14000000000001</ele>
   </trkpt>
   <trkpt lat="54.26921" lon="23.197480000000002">
    <ele>167.98000000000002</ele>
   </trkpt>
   <trkpt lat="54.26881" lon="23.197280000000003">
    <ele>167.73000000000002</ele>
   </trkpt>
   <trkpt lat="54.26831000034343" lon="23.196999996614224">
    <ele>166.0</ele>
   </trkpt>
   <trkpt lat="54.267810000000004" lon="23.196720000000003">
    <ele>164.99</ele>
   </trkpt>
   <trkpt lat="54.267310000450905" lon="23.19641999640821">
    <ele>165.66</ele>
   </trkpt>
   <trkpt lat="54.26681000000001" lon="23.19612">
    <ele>167.84</ele>
   </trkpt>
   <trkpt lat="54.26662" lon="23.19603">
    <ele>168.49</ele>
   </trkpt>
   <trkpt lat="54.266450000000006" lon="23.195990000000002">
    <ele>168.78</ele>
   </trkpt>
   <trkpt lat="54.265930000000004" lon="23.196080000000002">
    <ele>168.36</ele>
   </trkpt>
   <trkpt lat="54.26565000000001" lon="23.196060000000003">
    <ele>168.5</ele>
   </trkpt>
   <trkpt lat="54.265090000229776" lon="23.19592499820334">
    <ele>169.88</ele>
   </trkpt>
   <trkpt lat="54.26453000000001" lon="23.195790000000002">
    <ele>169.49</ele>
   </trkpt>
   <trkpt lat="54.26417000000001" lon="23.195680000000003">
    <ele>168.64000000000001</ele>
   </trkpt>
   <trkpt lat="54.263493334527176" lon="23.195299987525328">
    <ele>166.36</ele>
   </trkpt>
   <trkpt lat="54.26281666785947" lon="23.194919987524994">
    <ele>166.17000000000002</ele>
   </trkpt>
   <trkpt lat="54.26214" lon="23.194540000000003">
    <ele>166.70000000000002</ele>
   </trkpt>
   <trkpt lat="54.26169" lon="23.19415">
    <ele>166.81</ele>
   </trkpt>
   <trkpt lat="54.26124000000001" lon="23.193700000000003">
    <ele>167.16</ele>
   </trkpt>
   <trkpt lat="54.260810000000006" lon="23.193250000000003">
    <ele>166.63</ele>
   </trkpt>
   <trkpt lat="54.26046" lon="23.192790000000002">
    <ele>166.17000000000002</ele>
   </trkpt>
   <trkpt lat="54.2601" lon="23.19227">
    <ele>166.12</ele>
   </trkpt>
   <trkpt lat="54.259980000000006" lon="23.19215">
    <ele>166.05</ele>
   </trkpt>
   <trkpt lat="54.259730000000005" lon="23.192010000000003">
    <ele>166.33</ele>
   </trkpt>
   <trkpt lat="54.25929000000001" lon="23.192030000000003">
    <ele>167.70000000000002</ele>
   </trkpt>
   <trkpt lat="54.25912" lon="23.19197">
    <ele>168.13</ele>
   </trkpt>
   <trkpt lat="54.25849500069486" lon="23.191514992985706">
    <ele>167.49</ele>
   </trkpt>
   <trkpt lat="54.257870000000004" lon="23.19106">
    <ele>166.02</ele>
   </trkpt>
   <trkpt lat="54.25761000000001" lon="23.19037">
    <ele>165.78</ele>
   </trkpt>
   <trkpt lat="54.25735" lon="23.189880000000002">
    <ele>166.05</ele>
   </trkpt>
   <trkpt lat="54.256955001677326" lon="23.189209993276805">
    <ele>167.28</ele>
   </trkpt>
   <trkpt lat="54.25656000000001" lon="23.188540000000003">
    <ele>167.89000000000001</ele>
   </trkpt>
   <trkpt lat="54.2563" lon="23.187970000000004">
    <ele>168.89000000000001</ele>
   </trkpt>
   <trkpt lat="54.25600500260732" lon="23.187169994166727">
    <ele>170.20000000000002</ele>
   </trkpt>
   <trkpt lat="54.25571000000001" lon="23.18637">
    <ele>170.76000000000002</ele>
   </trkpt>
   <trkpt lat="54.25538" lon="23.185820000000003">
    <ele>171.12</ele>
   </trkpt>
   <trkpt lat="54.254940000000005" lon="23.18503">
    <ele>172.22</ele>
   </trkpt>
   <trkpt lat="54.25470000000001" lon="23.18466">
    <ele>172.74</ele>
   </trkpt>
   <trkpt lat="54.254110000000004" lon="23.18389">
    <ele>173.26000000000002</ele>
   </trkpt>
   <trkpt lat="54.254110000000004" lon="23.183880000000002">
    <ele>173.26000000000002</ele>
   </trkpt>
   <trkpt lat="54.253890000000006" lon="23.183570000000003">
    <ele>173.20000000000002</ele>
   </trkpt>
   <trkpt lat="54.253490001914535" lon="23.182884993310097">
    <ele>170.73000000000002</ele>
   </trkpt>
   <trkpt lat="54.25309000000001" lon="23.1822">
    <ele>169.39000000000001</ele>
   </trkpt>
   <trkpt lat="54.252660000000006" lon="23.182840000000002">
    <ele>169.1</ele>
   </trkpt>
   <trkpt lat="54.252010003132646" lon="23.183710013710034">
    <ele>169.47</ele>
   </trkpt>
   <trkpt lat="54.251360000000005" lon="23.18458">
    <ele>173.33</ele>
   </trkpt>
   <trkpt lat="54.251650000000005" lon="23.185010000000002">
    <ele>173.07</ele>
   </trkpt>
   <trkpt lat="54.25177000000001" lon="23.185270000000003">
    <ele>172.71</ele>
   </trkpt>
   <trkpt lat="54.25186000000001" lon="23.185550000000003">
    <ele>171.90000000000003</ele>
   </trkpt>
   <trkpt lat="54.25191" lon="23.185760000000002">
    <ele>171.13</ele>
   </trkpt>
   <trkpt lat="54.25191" lon="23.185750000000002">
    <ele>171.17000000000002</ele>
   </trkpt>
   <trkpt lat="54.252050000000004" lon="23.186410000000002">
    <ele>167.63</ele>
   </trkpt>
   <trkpt lat="54.252190000000006" lon="23.187330000000003">
    <ele>166.15</ele>
   </trkpt>
   <trkpt lat="54.252250000000004" lon="23.18759">
    <ele>166.44</ele>
   </trkpt>
   <trkpt lat="54.2526400166985" lon="23.188749967079232">
    <ele>167.62</ele>
   </trkpt>
   <trkpt lat="54.253030022261996" lon="23.189909956096923">
    <ele>163.89000000000001</ele>
   </trkpt>
   <trkpt lat="54.25342001669014" lon="23.19106996705316">
    <ele>161.70000000000002</ele>
   </trkpt>
   <trkpt lat="54.25381" lon="23.192230000000002">
    <ele>160.9</ele>
   </trkpt>
   <trkpt lat="54.25385000000001" lon="23.192390000000003">
    <ele>160.93</ele>
   </trkpt>
   <trkpt lat="54.253890000000006" lon="23.19274">
    <ele>161.07000000000002</ele>
   </trkpt>
   <trkpt lat="54.25385000000001" lon="23.19376">
    <ele>161.85000000000002</ele>
   </trkpt>
   <trkpt lat="54.25386" lon="23.193980000000003">
    <ele>161.29000000000002</ele>
   </trkpt>
   <trkpt lat="54.25395" lon="23.19468">
    <ele>159.79000000000002</ele>
   </trkpt>
   <trkpt lat="54.254155003312675" lon="23.19557499554384">
    <ele>158.79000000000002</ele>
   </trkpt>
   <trkpt lat="54.254360000000005" lon="23.19647">
    <ele>158.47</ele>
   </trkpt>
   <trkpt lat="54.254540000000006" lon="23.197000000000003">
    <ele>158.58</ele>
   </trkpt>
   <trkpt lat="54.25501667579401" lon="23.198049975735838">
    <ele>159.39000000000001</ele>
   </trkpt>
   <trkpt lat="54.25549334246481" lon="23.199099975744492">
    <ele>159.02</ele>
   </trkpt>
   <trkpt lat="54.255970000000005" lon="23.20015">
    <ele>156.84</ele>
   </trkpt>
   <trkpt lat="54.255970000000005" lon="23.20014">
    <ele>156.85000000000002</ele>
   </trkpt>
   <trkpt lat="54.25625" lon="23.200770000000002">
    <ele>155.3</ele>
   </trkpt>
   <trkpt lat="54.25641" lon="23.20127">
    <ele>154.34</ele>
   </trkpt>
   <trkpt lat="54.25648" lon="23.20157">
    <ele>154.07000000000002</ele>
   </trkpt>
   <trkpt lat="54.256550000000004" lon="23.20211">
    <ele>153.45</ele>
   </trkpt>
   <trkpt lat="54.25659" lon="23.202620000000003">
    <ele>153.17</ele>
   </trkpt>
   <trkpt lat="54.256600000000006" lon="23.203180000000003">
    <ele>152.63000000000002</ele>
   </trkpt>
   <trkpt lat="54.25656000000001" lon="23.203920000000004">
    <ele>152.81</ele>
   </trkpt>
   <trkpt lat="54.25657" lon="23.20428">
    <ele>152.86</ele>
   </trkpt>
   <trkpt lat="54.25677" lon="23.20558">
    <ele>153.54000000000002</ele>
   </trkpt>
   <trkpt lat="54.256870000000006" lon="23.205920000000003">
    <ele>153.2</ele>
   </trkpt>
   <trkpt lat="54.25713000194454" lon="23.206619995363397">
    <ele>151.50000000000003</ele>
   </trkpt>
   <trkpt lat="54.25739" lon="23.207320000000003">
    <ele>152.17</ele>
   </trkpt>
   <trkpt lat="54.25772000449085" lon="23.208364991550358">
    <ele>153.25000000000003</ele>
   </trkpt>
   <trkpt lat="54.258050000000004" lon="23.209410000000002">
    <ele>153.81</ele>
   </trkpt>
   <trkpt lat="54.258140000000004" lon="23.209860000000003">
    <ele>152.89000000000001</ele>
   </trkpt>
   <trkpt lat="54.258160000000004" lon="23.210320000000003">
    <ele>152.73</ele>
   </trkpt>
   <trkpt lat="54.258140000000004" lon="23.21073">
    <ele>153.3</ele>
   </trkpt>
   <trkpt lat="54.25788000000001" lon="23.211910000000003">
    <ele>156.97000000000003</ele>
   </trkpt>
   <trkpt lat="54.25770000000001" lon="23.21302">
    <ele>155.38000000000002</ele>
   </trkpt>
   <trkpt lat="54.25754500468886" lon="23.21409000435431">
    <ele>156.01000000000002</ele>
   </trkpt>
   <trkpt lat="54.25739" lon="23.21516">
    <ele>154.35000000000002</ele>
   </trkpt>
   <trkpt lat="54.25726" lon="23.21553">
    <ele>153.63000000000002</ele>
   </trkpt>
   <trkpt lat="54.256980000000006" lon="23.216130000000003">
    <ele>153.45</ele>
   </trkpt>
   <trkpt lat="54.256780000000006" lon="23.216630000000002">
    <ele>154.18</ele>
   </trkpt>
   <trkpt lat="54.25667000000001" lon="23.21715">
    <ele>154.2</ele>
   </trkpt>
   <trkpt lat="54.256530000000005" lon="23.21827">
    <ele>154.82000000000002</ele>
   </trkpt>
   <trkpt lat="54.25665000000001" lon="23.21845">
    <ele>154.57000000000002</ele>
   </trkpt>
   <trkpt lat="54.256840000000004" lon="23.218600000000002">
    <ele>154.3</ele>
   </trkpt>
   <trkpt lat="54.25753" lon="23.21891">
    <ele>153.71</ele>
   </trkpt>
   <trkpt lat="54.257630000000006" lon="23.21901">
    <ele>153.71</ele>
   </trkpt>
   <trkpt lat="54.257690000000004" lon="23.2191">
    <ele>153.72000000000003</ele>
   </trkpt>
   <trkpt lat="54.257760000000005" lon="23.21929">
    <ele>153.8</ele>
   </trkpt>
   <trkpt lat="54.257780000000004" lon="23.219420000000003">
    <ele>153.8</ele>
   </trkpt>
   <trkpt lat="54.257780000000004" lon="23.219410000000003">
    <ele>153.8</ele>
   </trkpt>
   <trkpt lat="54.25793" lon="23.220350000000003">
    <ele>154.07000000000002</ele>
   </trkpt>
   <trkpt lat="54.25818" lon="23.221310000000003">
    <ele>152.64000000000001</ele>
   </trkpt>
   <trkpt lat="54.25852500409653" lon="23.22230999151461">
    <ele>152.78</ele>
   </trkpt>
   <trkpt lat="54.25887" lon="23.22331">
    <ele>155.02</ele>
   </trkpt>
   <trkpt lat="54.25901" lon="23.22369">
    <ele>154.36</ele>
   </trkpt>
   <trkpt lat="54.25932" lon="23.224320000000002">
    <ele>153.93</ele>
   </trkpt>
   <trkpt lat="54.25952" lon="23.22462">
    <ele>154.14</ele>
   </trkpt>
   <trkpt lat="54.25995000371245" lon="23.22557498990514">
    <ele>156.68</ele>
   </trkpt>
   <trkpt lat="54.260380000000005" lon="23.22653">
    <ele>156.60999999999999</ele>
   </trkpt>
   <trkpt lat="54.260470000000005" lon="23.2268">
    <ele>157.22000000000003</ele>
   </trkpt>
   <trkpt lat="54.26066" lon="23.227980000000002">
    <ele>159.43</ele>
   </trkpt>
   <trkpt lat="54.260670000000005" lon="23.228350000000002">
    <ele>159.29000000000002</ele>
   </trkpt>
   <trkpt lat="54.26066" lon="23.22876">
    <ele>158.13000000000002</ele>
   </trkpt>
   <trkpt lat="54.26059000000001" lon="23.22953">
    <ele>153.72000000000003</ele>
   </trkpt>
   <trkpt lat="54.260580000000004" lon="23.22997">
    <ele>151.89000000000001</ele>
   </trkpt>
   <trkpt lat="54.26062" lon="23.23063">
    <ele>151.33</ele>
   </trkpt>
   <trkpt lat="54.260630000000006" lon="23.23156">
    <ele>152.72000000000003</ele>
   </trkpt>
   <trkpt lat="54.260650000000005" lon="23.23177">
    <ele>152.98</ele>
   </trkpt>
   <trkpt lat="54.26090000000001" lon="23.23262">
    <ele>153.72000000000003</ele>
   </trkpt>
   <trkpt lat="54.26095" lon="23.23288">
    <ele>152.42</ele>
   </trkpt>
   <trkpt lat="54.260940000000005" lon="23.233110000000003">
    <ele>151.59</ele>
   </trkpt>
   <trkpt lat="54.26084" lon="23.233530000000002">
    <ele>150.84</ele>
   </trkpt>
   <trkpt lat="54.26075" lon="23.233810000000002">
    <ele>151.16000000000003</ele>
   </trkpt>
   <trkpt lat="54.26066" lon="23.234260000000003">
    <ele>151.32</ele>
   </trkpt>
   <trkpt lat="54.26057" lon="23.23515">
    <ele>151.81</ele>
   </trkpt>
   <trkpt lat="54.260510000000004" lon="23.23552">
    <ele>152.9</ele>
   </trkpt>
   <trkpt lat="54.26034000000001" lon="23.236240000000002">
    <ele>153.69000000000003</ele>
   </trkpt>
   <trkpt lat="54.26014000000001" lon="23.236960000000003">
    <ele>155.39</ele>
   </trkpt>
   <trkpt lat="54.25988" lon="23.23769">
    <ele>155.98000000000002</ele>
   </trkpt>
   <trkpt lat="54.259550000000004" lon="23.238390000000003">
    <ele>156.57000000000002</ele>
   </trkpt>
   <trkpt lat="54.25932000282901" lon="23.239230005015507">
    <ele>155.93</ele>
   </trkpt>
   <trkpt lat="54.25909000000001" lon="23.240070000000003">
    <ele>156.45</ele>
   </trkpt>
   <trkpt lat="54.25900000000001" lon="23.24012">
    <ele>156.46</ele>
   </trkpt>
   <trkpt lat="54.25842" lon="23.240740000000002">
    <ele>155.72000000000003</ele>
   </trkpt>
   <trkpt lat="54.25808000000001" lon="23.241280000000003">
    <ele>155.93</ele>
   </trkpt>
   <trkpt lat="54.257940000000005" lon="23.24142">
    <ele>156.22000000000003</ele>
   </trkpt>
   <trkpt lat="54.25766" lon="23.241740000000004">
    <ele>156.76000000000002</ele>
   </trkpt>
   <trkpt lat="54.257540000000006" lon="23.241930000000004">
    <ele>156.79000000000002</ele>
   </trkpt>
   <trkpt lat="54.25714000000001" lon="23.242690000000003">
    <ele>157.81</ele>
   </trkpt>
   <trkpt lat="54.25696000000001" lon="23.24292">
    <ele>158.91000000000003</ele>
   </trkpt>
   <trkpt lat="54.25639" lon="23.243530000000003">
    <ele>161.07000000000002</ele>
   </trkpt>
   <trkpt lat="54.25582000000001" lon="23.244210000000002">
    <ele>162.96</ele>
   </trkpt>
   <trkpt lat="54.255370001040156" lon="23.24471000544962">
    <ele>162.36</ele>
   </trkpt>
   <trkpt lat="54.254920000000006" lon="23.24521">
    <ele>162.53</ele>
   </trkpt>
   <trkpt lat="54.25482" lon="23.245400000000004">
    <ele>163.28</ele>
   </trkpt>
   <trkpt lat="54.255160000000004" lon="23.245780000000003">
    <ele>163.29000000000002</ele>
   </trkpt>
   <trkpt lat="54.25549" lon="23.24621">
    <ele>163.24</ele>
   </trkpt>
   <trkpt lat="54.255900000000004" lon="23.246950000000002">
    <ele>163.49</ele>
   </trkpt>
   <trkpt lat="54.255990000000004" lon="23.24724">
    <ele>163.25</ele>
   </trkpt>
   <trkpt lat="54.256040000000006" lon="23.24761">
    <ele>162.29000000000002</ele>
   </trkpt>
   <trkpt lat="54.25605" lon="23.248">
    <ele>162.08</ele>
   </trkpt>
   <trkpt lat="54.256080000000004" lon="23.248230000000003">
    <ele>161.96</ele>
   </trkpt>
   <trkpt lat="54.25638000000001" lon="23.24951">
    <ele>164.54000000000002</ele>
   </trkpt>
   <trkpt lat="54.25660500524294" lon="23.250634993893666">
    <ele>166.05</ele>
   </trkpt>
   <trkpt lat="54.25683000000001" lon="23.25176">
    <ele>166.74000000000004</ele>
   </trkpt>
   <trkpt lat="54.25686" lon="23.252270000000003">
    <ele>166.56</ele>
   </trkpt>
   <trkpt lat="54.25685000000001" lon="23.25287">
    <ele>166.45000000000002</ele>
   </trkpt>
   <trkpt lat="54.25668" lon="23.25324">
    <ele>166.45000000000002</ele>
   </trkpt>
   <trkpt lat="54.25594" lon="23.254080000000002">
    <ele>165.15</ele>
   </trkpt>
   <trkpt lat="54.255450001179405" lon="23.254615006362215">
    <ele>165.44</ele>
   </trkpt>
   <trkpt lat="54.254960000000004" lon="23.25515">
    <ele>167.47</ele>
   </trkpt>
   <trkpt lat="54.25486000000001" lon="23.255280000000003">
    <ele>167.67000000000002</ele>
   </trkpt>
   <trkpt lat="54.25479000000001" lon="23.25542">
    <ele>167.79000000000002</ele>
   </trkpt>
   <trkpt lat="54.254650000000005" lon="23.25578">
    <ele>167.84</ele>
   </trkpt>
   <trkpt lat="54.254540000000006" lon="23.256120000000003">
    <ele>167.91</ele>
   </trkpt>
   <trkpt lat="54.254470000000005" lon="23.25653">
    <ele>168.05</ele>
   </trkpt>
   <trkpt lat="54.25452000000001" lon="23.257050000000003">
    <ele>167.82000000000002</ele>
   </trkpt>
   <trkpt lat="54.25461000000001" lon="23.257550000000002">
    <ele>168.23000000000002</ele>
   </trkpt>
   <trkpt lat="54.254830000000005" lon="23.25834">
    <ele>167.59</ele>
   </trkpt>
   <trkpt lat="54.255175003284386" lon="23.2592149929755">
    <ele>167.01000000000002</ele>
   </trkpt>
   <trkpt lat="54.255520000000004" lon="23.26009">
    <ele>166.98000000000002</ele>
   </trkpt>
   <trkpt lat="54.255590000000005" lon="23.26039">
    <ele>166.69</ele>
   </trkpt>
   <trkpt lat="54.255776675544766" lon="23.26142665719837">
    <ele>166.23000000000002</ele>
   </trkpt>
   <trkpt lat="54.255963342196495" lon="23.262463323781937">
    <ele>168.28</ele>
   </trkpt>
   <trkpt lat="54.256150000000005" lon="23.2635">
    <ele>170.32000000000002</ele>
   </trkpt>
   <trkpt lat="54.25627000000001" lon="23.26452">
    <ele>168.04000000000002</ele>
   </trkpt>
   <trkpt lat="54.2563" lon="23.26498">
    <ele>167.93</ele>
   </trkpt>
   <trkpt lat="54.256280000000004" lon="23.26565">
    <ele>170.15000000000003</ele>
   </trkpt>
   <trkpt lat="54.256240000000005" lon="23.26573">
    <ele>170.57000000000002</ele>
   </trkpt>
   <trkpt lat="54.25605" lon="23.265960000000003">
    <ele>170.98000000000002</ele>
   </trkpt>
   <trkpt lat="54.25592" lon="23.266180000000002">
    <ele>170.86</ele>
   </trkpt>
   <trkpt lat="54.25567" lon="23.266930000000002">
    <ele>169.77</ele>
   </trkpt>
   <trkpt lat="54.25535000000001" lon="23.26835">
    <ele>170.46</ele>
   </trkpt>
   <trkpt lat="54.25531" lon="23.268690000000003">
    <ele>169.72</ele>
   </trkpt>
   <trkpt lat="54.25531" lon="23.269090000000002">
    <ele>169.33</ele>
   </trkpt>
   <trkpt lat="54.25538" lon="23.269720000000003">
    <ele>167.64000000000001</ele>
   </trkpt>
   <trkpt lat="54.25558751878663" lon="23.27094998147755">
    <ele>167.51000000000002</ele>
   </trkpt>
   <trkpt lat="54.255795025054034" lon="23.272179975333696">
    <ele>167.52</ele>
   </trkpt>
   <trkpt lat="54.256002518802006" lon="23.27340998156791">
    <ele>167.35000000000002</ele>
   </trkpt>
   <trkpt lat="54.25621" lon="23.27464">
    <ele>167.45000000000002</ele>
   </trkpt>
   <trkpt lat="54.25621" lon="23.274630000000002">
    <ele>167.45000000000002</ele>
   </trkpt>
   <trkpt lat="54.25632" lon="23.275260000000003">
    <ele>167.19</ele>
   </trkpt>
   <trkpt lat="54.25643" lon="23.27608">
    <ele>165.31</ele>
   </trkpt>
   <trkpt lat="54.25657" lon="23.276470000000003">
    <ele>164.79000000000002</ele>
   </trkpt>
   <trkpt lat="54.256660000000004" lon="23.276590000000002">
    <ele>164.79000000000002</ele>
   </trkpt>
   <trkpt lat="54.256930000000004" lon="23.276770000000003">
    <ele>164.38000000000002</ele>
   </trkpt>
   <trkpt lat="54.25705000000001" lon="23.276930000000004">
    <ele>164.07000000000002</ele>
   </trkpt>
   <trkpt lat="54.25708" lon="23.277">
    <ele>164.07000000000002</ele>
   </trkpt>
   <trkpt lat="54.25719" lon="23.27764">
    <ele>164.02</ele>
   </trkpt>
   <trkpt lat="54.25717" lon="23.27776">
    <ele>163.97</ele>
   </trkpt>
   <trkpt lat="54.257110000000004" lon="23.27793">
    <ele>163.77</ele>
   </trkpt>
   <trkpt lat="54.25688" lon="23.278340000000004">
    <ele>163.75</ele>
   </trkpt>
   <trkpt lat="54.25661" lon="23.278760000000002">
    <ele>163.41</ele>
   </trkpt>
   <trkpt lat="54.25645" lon="23.27897">
    <ele>163.28</ele>
   </trkpt>
   <trkpt lat="54.256060000602446" lon="23.279395004177267">
    <ele>163.29000000000002</ele>
   </trkpt>
   <trkpt lat="54.25567" lon="23.27982">
    <ele>163.68</ele>
   </trkpt>
   <trkpt lat="54.25520500063235" lon="23.280225004606994">
    <ele>166.99000000000004</ele>
   </trkpt>
   <trkpt lat="54.254740000000005" lon="23.280630000000002">
    <ele>168.75</ele>
   </trkpt>
   <trkpt lat="54.25462" lon="23.280690000000003">
    <ele>168.73000000000002</ele>
   </trkpt>
   <trkpt lat="54.25444" lon="23.280730000000002">
    <ele>169.19</ele>
   </trkpt>
   <trkpt lat="54.25430000000001" lon="23.280780000000004">
    <ele>169.57000000000002</ele>
   </trkpt>
   <trkpt lat="54.254180000000005" lon="23.28086">
    <ele>170.40000000000003</ele>
   </trkpt>
   <trkpt lat="54.25408" lon="23.28096">
    <ele>170.71</ele>
   </trkpt>
   <trkpt lat="54.25392000000001" lon="23.281170000000003">
    <ele>171.13</ele>
   </trkpt>
   <trkpt lat="54.253710000000005" lon="23.28168">
    <ele>172.07</ele>
   </trkpt>
   <trkpt lat="54.25311000000001" lon="23.28141">
    <ele>170.29000000000002</ele>
   </trkpt>
   <trkpt lat="54.25254" lon="23.281090000000003">
    <ele>171.1</ele>
   </trkpt>
   <trkpt lat="54.252100000505415" lon="23.280754996457397">
    <ele>171.18000000000004</ele>
   </trkpt>
   <trkpt lat="54.25166" lon="23.280420000000003">
    <ele>169.8</ele>
   </trkpt>
   <trkpt lat="54.251400000000004" lon="23.280150000000003">
    <ele>167.11</ele>
   </trkpt>
   <trkpt lat="54.25088" lon="23.27936">
    <ele>162.66000000000003</ele>
   </trkpt>
   <trkpt lat="54.250750000000004" lon="23.279230000000002">
    <ele>162.29000000000002</ele>
   </trkpt>
   <trkpt lat="54.25057" lon="23.279100000000003">
    <ele>162.06</ele>
   </trkpt>
   <trkpt lat="54.25018000000001" lon="23.27887">
    <ele>161.99</ele>
   </trkpt>
   <trkpt lat="54.25003" lon="23.278730000000003">
    <ele>162.04999999999998</ele>
   </trkpt>
   <trkpt lat="54.24958" lon="23.278280000000002">
    <ele>162.5</ele>
   </trkpt>
   <trkpt lat="54.24918500066001" lon="23.277849995767856">
    <ele>163.45000000000002</ele>
   </trkpt>
   <trkpt lat="54.24879000000001" lon="23.277420000000003">
    <ele>163.20000000000002</ele>
   </trkpt>
   <trkpt lat="54.248470000000005" lon="23.27702">
    <ele>167.0</ele>
   </trkpt>
   <trkpt lat="54.24814000000001" lon="23.27673">
    <ele>168.63</ele>
   </trkpt>
   <trkpt lat="54.24741" lon="23.27625">
    <ele>165.45000000000002</ele>
   </trkpt>
   <trkpt lat="54.247070001123355" lon="23.27568999509729">
    <ele>165.49</ele>
   </trkpt>
   <trkpt lat="54.24673000000001" lon="23.27513">
    <ele>163.15</ele>
   </trkpt>
   <trkpt lat="54.24673000000001" lon="23.27512">
    <ele>163.10000000000002</ele>
   </trkpt>
   <trkpt lat="54.246520000000004" lon="23.27477">
    <ele>161.18</ele>
   </trkpt>
   <trkpt lat="54.246370000000006" lon="23.27458">
    <ele>160.82000000000002</ele>
   </trkpt>
   <trkpt lat="54.24602" lon="23.274240000000002">
    <ele>160.10000000000002</ele>
   </trkpt>
   <trkpt lat="54.245900000000006" lon="23.274150000000002">
    <ele>160.19000000000003</ele>
   </trkpt>
   <trkpt lat="54.245030000083844" lon="23.274029997472717">
    <ele>163.86</ele>
   </trkpt>
   <trkpt lat="54.24416000000001" lon="23.27391">
    <ele>160.88000000000002</ele>
   </trkpt>
   <trkpt lat="54.24351000000001" lon="23.273840000000003">
    <ele>164.13000000000002</ele>
   </trkpt>
   <trkpt lat="54.24322000000001" lon="23.27379">
    <ele>164.62</ele>
   </trkpt>
   <trkpt lat="54.24291" lon="23.27371">
    <ele>163.76000000000002</ele>
   </trkpt>
   <trkpt lat="54.24230000000001" lon="23.273490000000002">
    <ele>160.41000000000003</ele>
   </trkpt>
   <trkpt lat="54.24201000000001" lon="23.27336">
    <ele>160.20000000000002</ele>
   </trkpt>
   <trkpt lat="54.24174000000001" lon="23.273200000000003">
    <ele>160.16000000000003</ele>
   </trkpt>
   <trkpt lat="54.241310000000006" lon="23.272850000000002">
    <ele>160.31</ele>
   </trkpt>
   <trkpt lat="54.241170000000004" lon="23.27277">
    <ele>160.31</ele>
   </trkpt>
   <trkpt lat="54.241020000000006" lon="23.272720000000003">
    <ele>160.3</ele>
   </trkpt>
   <trkpt lat="54.240840000000006" lon="23.272720000000003">
    <ele>159.89000000000001</ele>
   </trkpt>
   <trkpt lat="54.24067" lon="23.27276">
    <ele>158.55</ele>
   </trkpt>
   <trkpt lat="54.240480000000005" lon="23.272840000000002">
    <ele>157.17</ele>
   </trkpt>
   <trkpt lat="54.240370000000006" lon="23.272930000000002">
    <ele>156.52</ele>
   </trkpt>
   <trkpt lat="54.24024000000001" lon="23.273110000000003">
    <ele>155.42</ele>
   </trkpt>
   <trkpt lat="54.24015000000001" lon="23.27335">
    <ele>154.57000000000002</ele>
   </trkpt>
   <trkpt lat="54.239900000000006" lon="23.27418">
    <ele>153.83</ele>
   </trkpt>
   <trkpt lat="54.239810000000006" lon="23.274330000000003">
    <ele>153.96</ele>
   </trkpt>
   <trkpt lat="54.23968000000001" lon="23.274490000000004">
    <ele>154.56</ele>
   </trkpt>
   <trkpt lat="54.23944" lon="23.274700000000003">
    <ele>156.28</ele>
   </trkpt>
   <trkpt lat="54.23953" lon="23.274960000000004">
    <ele>156.58</ele>
   </trkpt>
   <trkpt lat="54.239760000000004" lon="23.276000000000003">
    <ele>159.68</ele>
   </trkpt>
   <trkpt lat="54.239850000000004" lon="23.27662">
    <ele>159.96</ele>
   </trkpt>
   <trkpt lat="54.239900000000006" lon="23.277230000000003">
    <ele>160.64000000000001</ele>
   </trkpt>
   <trkpt lat="54.239900000000006" lon="23.27812">
    <ele>161.66000000000003</ele>
   </trkpt>
   <trkpt lat="54.239863345253866" lon="23.279320002063077">
    <ele>159.4</ele>
   </trkpt>
   <trkpt lat="54.23982667858931" lon="23.280520001993807">
    <ele>158.89</ele>
   </trkpt>
   <trkpt lat="54.239790000000006" lon="23.281720000000004">
    <ele>161.10000000000002</ele>
   </trkpt>
   <trkpt lat="54.239790000000006" lon="23.28235">
    <ele>161.95000000000002</ele>
   </trkpt>
   <trkpt lat="54.239790000000006" lon="23.28233">
    <ele>161.94</ele>
   </trkpt>
   <trkpt lat="54.2398" lon="23.282600000000002">
    <ele>162.08</ele>
   </trkpt>
   <trkpt lat="54.239940000000004" lon="23.28329">
    <ele>162.03</ele>
   </trkpt>
   <trkpt lat="54.24006000000001" lon="23.28359">
    <ele>162.08</ele>
   </trkpt>
   <trkpt lat="54.240700000000004" lon="23.284650000000003">
    <ele>162.49</ele>
   </trkpt>
   <trkpt lat="54.241110000000006" lon="23.28536">
    <ele>163.06</ele>
   </trkpt>
   <trkpt lat="54.241680003697" lon="23.28630498694726">
    <ele>163.71</ele>
   </trkpt>
   <trkpt lat="54.242250000000006" lon="23.28725">
    <ele>164.23000000000002</ele>
   </trkpt>
   <trkpt lat="54.24241000000001" lon="23.28761">
    <ele>164.97</ele>
   </trkpt>
   <trkpt lat="54.24251" lon="23.28798">
    <ele>165.24</ele>
   </trkpt>
   <trkpt lat="54.242540000000005" lon="23.28844">
    <ele>165.35000000000002</ele>
   </trkpt>
   <trkpt lat="54.24249500442619" lon="23.289475001284554">
    <ele>166.46</ele>
   </trkpt>
   <trkpt lat="54.242450000000005" lon="23.29051">
    <ele>168.29000000000002</ele>
   </trkpt>
   <trkpt lat="54.242380002929515" lon="23.291350001310125">
    <ele>169.44</ele>
   </trkpt>
   <trkpt lat="54.24231" lon="23.29219">
    <ele>169.41</ele>
   </trkpt>
   <trkpt lat="54.242230000000006" lon="23.292700000000004">
    <ele>168.4</ele>
   </trkpt>
   <trkpt lat="54.24196334725569" lon="23.29399668339519">
    <ele>164.8</ele>
   </trkpt>
   <trkpt lat="54.241696680595616" lon="23.29529335002949">
    <ele>160.44</ele>
   </trkpt>
   <trkpt lat="54.24143" lon="23.296590000000002">
    <ele>165.28</ele>
   </trkpt>
   <trkpt lat="54.24125000000001" lon="23.29757">
    <ele>168.0</ele>
   </trkpt>
   <trkpt lat="54.24121" lon="23.29823">
    <ele>168.20000000000002</ele>
   </trkpt>
   <trkpt lat="54.24117862998746" lon="23.299765721296218">
    <ele>162.51000000000002</ele>
   </trkpt>
   <trkpt lat="54.241147240455234" lon="23.301301440256516">
    <ele>160.31</ele>
   </trkpt>
   <trkpt lat="54.24111583140338" lon="23.302837156879445">
    <ele>162.98000000000002</ele>
   </trkpt>
   <trkpt lat="54.24108440283194" lon="23.30437287116356">
    <ele>165.69</ele>
   </trkpt>
   <trkpt lat="54.24105295474097" lon="23.30590858310742">
    <ele>168.69</ele>
   </trkpt>
   <trkpt lat="54.24102148713052" lon="23.307444292709572">
    <ele>171.18000000000004</ele>
   </trkpt>
   <trkpt lat="54.240990000000004" lon="23.308980000000002">
    <ele>174.68</ele>
   </trkpt>
   <trkpt lat="54.24091000000001" lon="23.309780000000003">
    <ele>176.57</ele>
   </trkpt>
   <trkpt lat="54.240840000000006" lon="23.31002">
    <ele>176.57</ele>
   </trkpt>
   <trkpt lat="54.240590000000005" lon="23.31106">
    <ele>177.20000000000002</ele>
   </trkpt>
   <trkpt lat="54.24051000000001" lon="23.31144">
    <ele>177.00000000000003</ele>
   </trkpt>
   <trkpt lat="54.24047" lon="23.311770000000003">
    <ele>176.55</ele>
   </trkpt>
   <trkpt lat="54.24047837957931" lon="23.313264998480978">
    <ele>170.81</ele>
   </trkpt>
   <trkpt lat="54.24048674066023" lon="23.3147599975685">
    <ele>169.08</ele>
   </trkpt>
   <trkpt lat="54.24049508324274" lon="23.31625499726124">
    <ele>171.03</ele>
   </trkpt>
   <trkpt lat="54.240503407326855" lon="23.317749997557854">
    <ele>167.92000000000002</ele>
   </trkpt>
   <trkpt lat="54.240511712912536" lon="23.31924499845699">
    <ele>169.57000000000002</ele>
   </trkpt>
   <trkpt lat="54.240520000000004" lon="23.32074">
    <ele>171.83</ele>
   </trkpt>
   <trkpt lat="54.240480000000005" lon="23.32091">
    <ele>172.58</ele>
   </trkpt>
   <trkpt lat="54.2404" lon="23.320980000000002">
    <ele>172.58</ele>
   </trkpt>
   <trkpt lat="54.24029" lon="23.320970000000003">
    <ele>173.44</ele>
   </trkpt>
   <trkpt lat="54.23953" lon="23.32075">
    <ele>174.63</ele>
   </trkpt>
   <trkpt lat="54.23926" lon="23.32101">
    <ele>176.05</ele>
   </trkpt>
   <trkpt lat="54.23881000000001" lon="23.321340000000003">
    <ele>179.04</ele>
   </trkpt>
   <trkpt lat="54.238710000000005" lon="23.321460000000002">
    <ele>179.33</ele>
   </trkpt>
   <trkpt lat="54.23847000000001" lon="23.321540000000002">
    <ele>179.48000000000002</ele>
   </trkpt>
   <trkpt lat="54.2383" lon="23.321720000000003">
    <ele>179.52</ele>
   </trkpt>
   <trkpt lat="54.237590000000004" lon="23.322460000000003">
    <ele>183.04</ele>
   </trkpt>
   <trkpt lat="54.237410000000004" lon="23.32271">
    <ele>183.92000000000002</ele>
   </trkpt>
   <trkpt lat="54.23693" lon="23.32382">
    <ele>183.04</ele>
   </trkpt>
   <trkpt lat="54.23677000000001" lon="23.324230000000004">
    <ele>181.57</ele>
   </trkpt>
   <trkpt lat="54.236540000000005" lon="23.325110000000002">
    <ele>175.65</ele>
   </trkpt>
   <trkpt lat="54.23633" lon="23.3256">
    <ele>173.15000000000003</ele>
   </trkpt>
   <trkpt lat="54.23610000000001" lon="23.326030000000003">
    <ele>170.76000000000002</ele>
   </trkpt>
   <trkpt lat="54.23593" lon="23.32646">
    <ele>169.88</ele>
   </trkpt>
   <trkpt lat="54.23575" lon="23.3271">
    <ele>170.11</ele>
   </trkpt>
   <trkpt lat="54.235600000000005" lon="23.32775">
    <ele>171.27</ele>
   </trkpt>
   <trkpt lat="54.23546" lon="23.32863">
    <ele>174.20000000000002</ele>
   </trkpt>
   <trkpt lat="54.23536000244952" lon="23.329395001643093">
    <ele>175.98000000000002</ele>
   </trkpt>
   <trkpt lat="54.235260000000004" lon="23.330160000000003">
    <ele>178.68</ele>
   </trkpt>
   <trkpt lat="54.23516000000001" lon="23.330620000000003">
    <ele>179.81000000000003</ele>
   </trkpt>
   <trkpt lat="54.235040000000005" lon="23.331010000000003">
    <ele>182.15</ele>
   </trkpt>
   <trkpt lat="54.23481" lon="23.33161">
    <ele>183.9</ele>
   </trkpt>
   <trkpt lat="54.234550000000006" lon="23.332680000000003">
    <ele>187.57000000000002</ele>
   </trkpt>
   <trkpt lat="54.23429" lon="23.33351">
    <ele>188.01000000000002</ele>
   </trkpt>
   <trkpt lat="54.23415000000001" lon="23.33408">
    <ele>186.42</ele>
   </trkpt>
   <trkpt lat="54.23406000000001" lon="23.334580000000003">
    <ele>185.35000000000002</ele>
   </trkpt>
   <trkpt lat="54.23371" lon="23.335600000000003">
    <ele>179.37</ele>
   </trkpt>
   <trkpt lat="54.23328000000001" lon="23.33632">
    <ele>177.57</ele>
   </trkpt>
   <trkpt lat="54.23312000000001" lon="23.33668">
    <ele>175.59000000000003</ele>
   </trkpt>
   <trkpt lat="54.23266" lon="23.33792">
    <ele>173.51000000000002</ele>
   </trkpt>
   <trkpt lat="54.23223" lon="23.339190000000002">
    <ele>170.31</ele>
   </trkpt>
   <trkpt lat="54.23192" lon="23.340500000000002">
    <ele>170.33</ele>
   </trkpt>
   <trkpt lat="54.23176" lon="23.341150000000003">
    <ele>172.07</ele>
   </trkpt>
   <trkpt lat="54.23167" lon="23.34164">
    <ele>172.18000000000004</ele>
   </trkpt>
   <trkpt lat="54.23158" lon="23.3426">
    <ele>168.44</ele>
   </trkpt>
   <trkpt lat="54.23134" lon="23.34392">
    <ele>166.60000000000002</ele>
   </trkpt>
   <trkpt lat="54.23133000000001" lon="23.34455">
    <ele>167.29000000000002</ele>
   </trkpt>
   <trkpt lat="54.23138" lon="23.3459">
    <ele>168.37</ele>
   </trkpt>
   <trkpt lat="54.23138" lon="23.346480000000003">
    <ele>168.57000000000002</ele>
   </trkpt>
   <trkpt lat="54.231370000000005" lon="23.346750000000004">
    <ele>168.25</ele>
   </trkpt>
   <trkpt lat="54.231320000000004" lon="23.34709">
    <ele>167.43</ele>
   </trkpt>
   <trkpt lat="54.23125" lon="23.34737">
    <ele>166.52</ele>
   </trkpt>
   <trkpt lat="54.23106000000001" lon="23.347890000000003">
    <ele>163.73000000000002</ele>
   </trkpt>
   <trkpt lat="54.230940000000004" lon="23.34831">
    <ele>163.08</ele>
   </trkpt>
   <trkpt lat="54.23064" lon="23.34918">
    <ele>162.81</ele>
   </trkpt>
   <trkpt lat="54.230360000000005" lon="23.35029">
    <ele>161.96</ele>
   </trkpt>
   <trkpt lat="54.23028000000001" lon="23.35103">
    <ele>162.45000000000002</ele>
   </trkpt>
   <trkpt lat="54.2302" lon="23.35132">
    <ele>162.38000000000002</ele>
   </trkpt>
   <trkpt lat="54.23006" lon="23.3516">
    <ele>162.45000000000002</ele>
   </trkpt>
   <trkpt lat="54.2297" lon="23.35217">
    <ele>162.39000000000001</ele>
   </trkpt>
   <trkpt lat="54.229600000000005" lon="23.35226">
    <ele>162.49</ele>
   </trkpt>
   <trkpt lat="54.22897666690391" lon="23.35240333764668">
    <ele>165.46</ele>
   </trkpt>
   <trkpt lat="54.228353333637756" lon="23.35254667096449">
    <ele>165.21</ele>
   </trkpt>
   <trkpt lat="54.22773" lon="23.352690000000003">
    <ele>163.99</ele>
   </trkpt>
   <trkpt lat="54.22728000000001" lon="23.35272">
    <ele>162.74</ele>
   </trkpt>
   <trkpt lat="54.226870000000005" lon="23.352850000000004">
    <ele>162.78</ele>
   </trkpt>
   <trkpt lat="54.22688" lon="23.353720000000003">
    <ele>163.67000000000002</ele>
   </trkpt>
   <trkpt lat="54.22684" lon="23.35442">
    <ele>163.56</ele>
   </trkpt>
   <trkpt lat="54.22683000000001" lon="23.35534">
    <ele>162.43</ele>
   </trkpt>
   <trkpt lat="54.22686" lon="23.356090000000002">
    <ele>162.74</ele>
   </trkpt>
   <trkpt lat="54.226820000000004" lon="23.356810000000003">
    <ele>162.47</ele>
   </trkpt>
   <trkpt lat="54.22654000000001" lon="23.357960000000002">
    <ele>162.92000000000002</ele>
   </trkpt>
   <trkpt lat="54.22636000000001" lon="23.358310000000003">
    <ele>161.60000000000002</ele>
   </trkpt>
   <trkpt lat="54.225840002378575" lon="23.359045009056373">
    <ele>161.18</ele>
   </trkpt>
   <trkpt lat="54.22532" lon="23.35978">
    <ele>163.93</ele>
   </trkpt>
   <trkpt lat="54.22516" lon="23.36005">
    <ele>164.46</ele>
   </trkpt>
   <trkpt lat="54.225060000000006" lon="23.360270000000003">
    <ele>164.25</ele>
   </trkpt>
   <trkpt lat="54.224680000000006" lon="23.361240000000002">
    <ele>162.69</ele>
   </trkpt>
   <trkpt lat="54.224430000000005" lon="23.361790000000003">
    <ele>162.32000000000002</ele>
   </trkpt>
   <trkpt lat="54.224000000000004" lon="23.362650000000002">
    <ele>163.10000000000002</ele>
   </trkpt>
   <trkpt lat="54.22414402999611" lon="23.363995981229202">
    <ele>165.47</ele>
   </trkpt>
   <trkpt lat="54.22428804499479" lon="23.365341971849027">
    <ele>166.83</ele>
   </trkpt>
   <trkpt lat="54.22443204499592" lon="23.366687971858617">
    <ele>167.37</ele>
   </trkpt>
   <trkpt lat="54.22457602999927" lon="23.368033981257113">
    <ele>166.96</ele>
   </trkpt>
   <trkpt lat="54.224720000000005" lon="23.369380000000003">
    <ele>165.04000000000002</ele>
   </trkpt>
   <trkpt lat="54.224860019790256" lon="23.370642487142963">
    <ele>163.04000000000002</ele>
   </trkpt>
   <trkpt lat="54.225000026386134" lon="23.37190498284905">
    <ele>162.33</ele>
   </trkpt>
   <trkpt lat="54.22514001978752" lon="23.373167487117566">
    <ele>161.4</ele>
   </trkpt>
   <trkpt lat="54.225280000000005" lon="23.37443">
    <ele>161.82000000000002</ele>
   </trkpt>
   <trkpt lat="54.22534" lon="23.37478">
    <ele>161.9</ele>
   </trkpt>
   <trkpt lat="54.22578000000001" lon="23.375940000000003">
    <ele>159.23000000000002</ele>
   </trkpt>
   <trkpt lat="54.22578000000001" lon="23.37593">
    <ele>159.27</ele>
   </trkpt>
   <trkpt lat="54.22612500335594" lon="23.376829992487533">
    <ele>155.72000000000003</ele>
   </trkpt>
   <trkpt lat="54.226470000000006" lon="23.377730000000003">
    <ele>153.89</ele>
   </trkpt>
   <trkpt lat="54.22652000000001" lon="23.378010000000003">
    <ele>153.43</ele>
   </trkpt>
   <trkpt lat="54.22652000000001" lon="23.37834">
    <ele>152.91000000000003</ele>
   </trkpt>
   <trkpt lat="54.22646" lon="23.378590000000003">
    <ele>152.91000000000003</ele>
   </trkpt>
   <trkpt lat="54.22608334240134" lon="23.379636685767963">
    <ele>151.41000000000003</ele>
   </trkpt>
   <trkpt lat="54.22570667573387" lon="23.38068335243655">
    <ele>148.62</ele>
   </trkpt>
   <trkpt lat="54.22533000000001" lon="23.38173">
    <ele>147.01</ele>
   </trkpt>
   <trkpt lat="54.225260000000006" lon="23.38201">
    <ele>146.46</ele>
   </trkpt>
   <trkpt lat="54.22524000000001" lon="23.3824">
    <ele>145.81000000000003</ele>
   </trkpt>
   <trkpt lat="54.22527" lon="23.382550000000002">
    <ele>145.61</ele>
   </trkpt>
   <trkpt lat="54.22534" lon="23.382700000000003">
    <ele>145.61</ele>
   </trkpt>
   <trkpt lat="54.22547" lon="23.382820000000002">
    <ele>144.59000000000003</ele>
   </trkpt>
   <trkpt lat="54.22563" lon="23.38287">
    <ele>144.01</ele>
   </trkpt>
   <trkpt lat="54.2261" lon="23.382910000000003">
    <ele>141.36</ele>
   </trkpt>
   <trkpt lat="54.226330000000004" lon="23.38297">
    <ele>139.51000000000002</ele>
   </trkpt>
   <trkpt lat="54.226510000000005" lon="23.383090000000003">
    <ele>139.51000000000002</ele>
   </trkpt>
   <trkpt lat="54.22661000000001" lon="23.383270000000003">
    <ele>138.82</ele>
   </trkpt>
   <trkpt lat="54.22665000000001" lon="23.383480000000002">
    <ele>138.5</ele>
   </trkpt>
   <trkpt lat="54.22673000256798" lon="23.384264998650018">
    <ele>139.14000000000001</ele>
   </trkpt>
   <trkpt lat="54.22681000000001" lon="23.385050000000003">
    <ele>139.68</ele>
   </trkpt>
   <trkpt lat="54.22690500605778" lon="23.386259997189114">
    <ele>139.79</ele>
   </trkpt>
   <trkpt lat="54.227000000000004" lon="23.38747">
    <ele>140.64000000000001</ele>
   </trkpt>
   <trkpt lat="54.22708501893642" lon="23.38870499234195">
    <ele>141.28</ele>
   </trkpt>
   <trkpt lat="54.227170025247304" lon="23.389939989770404">
    <ele>140.43</ele>
   </trkpt>
   <trkpt lat="54.22725501893251" lon="23.391174992284643">
    <ele>139.17000000000002</ele>
   </trkpt>
   <trkpt lat="54.227340000000005" lon="23.39241">
    <ele>138.39000000000001</ele>
   </trkpt>
   <trkpt lat="54.22704" lon="23.393120000000003">
    <ele>137.77</ele>
   </trkpt>
   <trkpt lat="54.22692000000001" lon="23.39326">
    <ele>137.51000000000002</ele>
   </trkpt>
   <trkpt lat="54.22679" lon="23.393330000000002">
    <ele>137.36</ele>
   </trkpt>
   <trkpt lat="54.226670000000006" lon="23.393330000000002">
    <ele>137.36</ele>
   </trkpt>
   <trkpt lat="54.22654000000001" lon="23.39329">
    <ele>137.06</ele>
   </trkpt>
   <trkpt lat="54.22646" lon="23.393230000000003">
    <ele>137.06</ele>
   </trkpt>
   <trkpt lat="54.226060000000004" lon="23.39282">
    <ele>137.02</ele>
   </trkpt>
   <trkpt lat="54.225820000000006" lon="23.39269">
    <ele>137.29000000000002</ele>
   </trkpt>
   <trkpt lat="54.225107500429274" lon="23.392507490555246">
    <ele>140.1</ele>
   </trkpt>
   <trkpt lat="54.22439500058283" lon="23.392324987409925">
    <ele>146.38</ele>
   </trkpt>
   <trkpt lat="54.22368250046064" lon="23.392142490563664">
    <ele>148.27</ele>
   </trkpt>
   <trkpt lat="54.222970000000004" lon="23.39196">
    <ele>147.87</ele>
   </trkpt>
   <trkpt lat="54.22285" lon="23.39196">
    <ele>147.87</ele>
   </trkpt>
   <trkpt lat="54.22272" lon="23.392010000000003">
    <ele>147.87</ele>
   </trkpt>
   <trkpt lat="54.222590000000004" lon="23.39213">
    <ele>147.58</ele>
   </trkpt>
   <trkpt lat="54.221970002604834" lon="23.392690016809873">
    <ele>147.50000000000003</ele>
   </trkpt>
   <trkpt lat="54.22135000261349" lon="23.393250016801744">
    <ele>148.85</ele>
   </trkpt>
   <trkpt lat="54.22073" lon="23.393810000000002">
    <ele>149.37</ele>
   </trkpt>
   <trkpt lat="54.22046" lon="23.39413">
    <ele>148.11</ele>
   </trkpt>
   <trkpt lat="54.220020000000005" lon="23.394810000000003">
    <ele>145.16</ele>
   </trkpt>
   <trkpt lat="54.21937334098047" lon="23.395773363558316">
    <ele>140.17000000000002</ele>
   </trkpt>
   <trkpt lat="54.21872667427803" lon="23.396736696944295">
    <ele>136.23000000000002</ele>
   </trkpt>
   <trkpt lat="54.21808000000001" lon="23.3977">
    <ele>139.61</ele>
   </trkpt>
   <trkpt lat="54.21745000000001" lon="23.398600000000002">
    <ele>145.8</ele>
   </trkpt>
   <trkpt lat="54.21745000000001" lon="23.39861">
    <ele>145.81000000000003</ele>
   </trkpt>
   <trkpt lat="54.21676000389896" lon="23.399580016200932">
    <ele>142.94</ele>
   </trkpt>
   <trkpt lat="54.21607" lon="23.400550000000003">
    <ele>145.42000000000002</ele>
   </trkpt>
   <trkpt lat="54.21542500979735" lon="23.401437541560064">
    <ele>146.4</ele>
   </trkpt>
   <trkpt lat="54.21478001307327" lon="23.40232505539831">
    <ele>140.27</ele>
   </trkpt>
   <trkpt lat="54.21413500982813" lon="23.403212541515984">
    <ele>138.66</ele>
   </trkpt>
   <trkpt lat="54.21349000000001" lon="23.404100000000003">
    <ele>147.88</ele>
   </trkpt>
   <trkpt lat="54.212790000000005" lon="23.404750000000003">
    <ele>148.62</ele>
   </trkpt>
   <trkpt lat="54.21262" lon="23.404850000000003">
    <ele>147.39000000000001</ele>
   </trkpt>
   <trkpt lat="54.21247" lon="23.40489">
    <ele>146.15</ele>
   </trkpt>
   <trkpt lat="54.21215" lon="23.40489">
    <ele>143.18</ele>
   </trkpt>
   <trkpt lat="54.211290000007544" lon="23.404774997599358">
    <ele>140.20000000000002</ele>
   </trkpt>
   <trkpt lat="54.21043" lon="23.404660000000003">
    <ele>138.20000000000002</ele>
   </trkpt>
   <trkpt lat="54.20974499993114" lon="23.404589998830104">
    <ele>137.79000000000002</ele>
   </trkpt>
   <trkpt lat="54.20906" lon="23.40452">
    <ele>139.34</ele>
   </trkpt>
   <trkpt lat="54.20891" lon="23.404560000000004">
    <ele>139.22</ele>
   </trkpt>
   <trkpt lat="54.20861000000001" lon="23.40472">
    <ele>138.90000000000003</ele>
   </trkpt>
   <trkpt lat="54.20787667501441" lon="23.40535505635953">
    <ele>137.63</ele>
   </trkpt>
   <trkpt lat="54.20714334668973" lon="23.405990090173248">
    <ele>143.3</ele>
   </trkpt>
   <trkpt lat="54.2064100150262" lon="23.40662510144246">
    <ele>144.68</ele>
   </trkpt>
   <trkpt lat="54.205676680024006" lon="23.40726009016848">
    <ele>143.52</ele>
   </trkpt>
   <trkpt lat="54.20494334168336" lon="23.407895056352604">
    <ele>144.37</ele>
   </trkpt>
   <trkpt lat="54.20421" lon="23.408530000000003">
    <ele>143.61</ele>
   </trkpt>
   <trkpt lat="54.20421" lon="23.408540000000002">
    <ele>143.6</ele>
   </trkpt>
   <trkpt lat="54.203420001880154" lon="23.40922001303112">
    <ele>139.87000000000003</ele>
   </trkpt>
   <trkpt lat="54.202630000000006" lon="23.4099">
    <ele>143.11</ele>
   </trkpt>
   <trkpt lat="54.202400000000004" lon="23.41026">
    <ele>144.45000000000002</ele>
   </trkpt>
   <trkpt lat="54.20196000484462" lon="23.411340011462357">
    <ele>147.05</ele>
   </trkpt>
   <trkpt lat="54.20152" lon="23.41242">
    <ele>149.83</ele>
   </trkpt>
   <trkpt lat="54.20125" lon="23.41289">
    <ele>149.83</ele>
   </trkpt>
   <trkpt lat="54.20078500181678" lon="23.41356000759978">
    <ele>149.22000000000003</ele>
   </trkpt>
   <trkpt lat="54.200320000000005" lon="23.414230000000003">
    <ele>147.34</ele>
   </trkpt>
   <trkpt lat="54.199785006641136" lon="23.414962528482253">
    <ele>148.57</ele>
   </trkpt>
   <trkpt lat="54.19925000883905" lon="23.41569503799728">
    <ele>152.42</ele>
   </trkpt>
   <trkpt lat="54.198715006594" lon="23.416427528545803">
    <ele>154.02</ele>
   </trkpt>
   <trkpt lat="54.19818000000001" lon="23.417160000000003">
    <ele>154.67</ele>
   </trkpt>
   <trkpt lat="54.19767500191994" lon="23.417845008401493">
    <ele>156.31</ele>
   </trkpt>
   <trkpt lat="54.19717000000001" lon="23.41853">
    <ele>158.42000000000002</ele>
   </trkpt>
   <trkpt lat="54.19668333665758" lon="23.419156681332474">
    <ele>160.94</ele>
   </trkpt>
   <trkpt lat="54.19619667006312" lon="23.419783347905952">
    <ele>159.72</ele>
   </trkpt>
   <trkpt lat="54.195710000000005" lon="23.42041">
    <ele>159.64000000000001</ele>
   </trkpt>
   <trkpt lat="54.195530000000005" lon="23.420560000000002">
    <ele>159.5</ele>
   </trkpt>
   <trkpt lat="54.19511000000001" lon="23.420830000000002">
    <ele>158.97</ele>
   </trkpt>
   <trkpt lat="54.194320000000005" lon="23.42126">
    <ele>157.89</ele>
   </trkpt>
   <trkpt lat="54.19353666792822" lon="23.42165001478139">
    <ele>155.05</ele>
   </trkpt>
   <trkpt lat="54.192753334596844" lon="23.422040014780087">
    <ele>146.27</ele>
   </trkpt>
   <trkpt lat="54.191970000000005" lon="23.422430000000002">
    <ele>140.91</ele>
   </trkpt>
   <trkpt lat="54.19128333445286" lon="23.422800012300293">
    <ele>142.57</ele>
   </trkpt>
   <trkpt lat="54.19059666777196" lon="23.423170012307722">
    <ele>145.04</ele>
   </trkpt>
   <trkpt lat="54.189910000000005" lon="23.423540000000003">
    <ele>147.50000000000003</ele>
   </trkpt>
   <trkpt lat="54.189330000000005" lon="23.42385">
    <ele>148.15</ele>
   </trkpt>
   <trkpt lat="54.18912" lon="23.424000000000003">
    <ele>148.07</ele>
   </trkpt>
   <trkpt lat="54.188413337500634" lon="23.424710024280593">
    <ele>143.94</ele>
   </trkpt>
   <trkpt lat="54.187706670826365" lon="23.425420024287707">
    <ele>142.1</ele>
   </trkpt>
   <trkpt lat="54.187000000000005" lon="23.42613">
    <ele>139.84</ele>
   </trkpt>
   <trkpt lat="54.186392504785395" lon="23.426750027320274">
    <ele>139.18</ele>
   </trkpt>
   <trkpt lat="54.18578500638705" lon="23.427370036419674">
    <ele>138.62</ele>
   </trkpt>
   <trkpt lat="54.185177504805196" lon="23.427990027299057">
    <ele>136.88</ele>
   </trkpt>
   <trkpt lat="54.18457000000001" lon="23.428610000000003">
    <ele>137.53</ele>
   </trkpt>
   <trkpt lat="54.184430000000006" lon="23.428790000000003">
    <ele>138.56</ele>
   </trkpt>
   <trkpt lat="54.184380000000004" lon="23.428970000000003">
    <ele>138.56</ele>
   </trkpt>
   <trkpt lat="54.184360000000005" lon="23.429380000000002">
    <ele>138.56</ele>
   </trkpt>
   <trkpt lat="54.184380008231244" lon="23.430789999213424">
    <ele>147.27</ele>
   </trkpt>
   <trkpt lat="54.184400000000004" lon="23.4322">
    <ele>149.83</ele>
   </trkpt>
   <trkpt lat="54.184380000000004" lon="23.432650000000002">
    <ele>148.9</ele>
   </trkpt>
   <trkpt lat="54.18426000965499" lon="23.433730006315326">
    <ele>144.33</ele>
   </trkpt>
   <trkpt lat="54.1841400096498" lon="23.434810006361978">
    <ele>143.70000000000002</ele>
   </trkpt>
   <trkpt lat="54.184020000000004" lon="23.43589">
    <ele>147.18</ele>
   </trkpt>
   <trkpt lat="54.183910000000004" lon="23.436580000000003">
    <ele>147.98</ele>
   </trkpt>
   <trkpt lat="54.183730000000004" lon="23.43755">
    <ele>145.3</ele>
   </trkpt>
   <trkpt lat="54.18361" lon="23.437990000000003">
    <ele>145.24</ele>
   </trkpt>
   <trkpt lat="54.18348" lon="23.43834">
    <ele>145.88</ele>
   </trkpt>
   <trkpt lat="54.18334" lon="23.438640000000003">
    <ele>146.04</ele>
   </trkpt>
   <trkpt lat="54.18294500199533" lon="23.439340006746868">
    <ele>144.74</ele>
   </trkpt>
   <trkpt lat="54.182550000000006" lon="23.440040000000003">
    <ele>145.64000000000001</ele>
   </trkpt>
   <trkpt lat="54.182410000000004" lon="23.4404">
    <ele>145.66</ele>
   </trkpt>
   <trkpt lat="54.18208251454896" lon="23.441482525749986">
    <ele>145.27</ele>
   </trkpt>
   <trkpt lat="54.18175501939246" lon="23.442565034353105">
    <ele>144.9</ele>
   </trkpt>
   <trkpt lat="54.18142751453075" lon="23.443647525809315">
    <ele>144.31000000000003</ele>
   </trkpt>
   <trkpt lat="54.18110000000001" lon="23.444730000000003">
    <ele>143.85</ele>
   </trkpt>
   <trkpt lat="54.18099" lon="23.44527">
    <ele>143.57</ele>
   </trkpt>
   <trkpt lat="54.18084000978491" lon="23.446356674515915">
    <ele>142.92000000000002</ele>
   </trkpt>
   <trkpt lat="54.18069000978961" lon="23.447443341148553">
    <ele>142.70000000000002</ele>
   </trkpt>
   <trkpt lat="54.18054000000001" lon="23.44853">
    <ele>143.92000000000002</ele>
   </trkpt>
   <trkpt lat="54.180365006479896" lon="23.449780005223577">
    <ele>147.09</ele>
   </trkpt>
   <trkpt lat="54.18019" lon="23.451030000000003">
    <ele>144.43</ele>
   </trkpt>
   <trkpt lat="54.1801" lon="23.451300000000003">
    <ele>144.24</ele>
   </trkpt>
   <trkpt lat="54.179970000000004" lon="23.45153">
    <ele>144.62</ele>
   </trkpt>
   <trkpt lat="54.179290002541784" lon="23.45232001303982">
    <ele>145.84000000000003</ele>
   </trkpt>
   <trkpt lat="54.178610000000006" lon="23.453110000000002">
    <ele>142.36</ele>
   </trkpt>
   <trkpt lat="54.17848000000001" lon="23.453300000000002">
    <ele>142.16</ele>
   </trkpt>
   <trkpt lat="54.17841000000001" lon="23.45353">
    <ele>142.17000000000002</ele>
   </trkpt>
   <trkpt lat="54.17821500899964" lon="23.455005007032465">
    <ele>144.68</ele>
   </trkpt>
   <trkpt lat="54.178020000000004" lon="23.456480000000003">
    <ele>144.39000000000001</ele>
   </trkpt>
   <trkpt lat="54.17792000000001" lon="23.45698">
    <ele>143.26</ele>
   </trkpt>
   <trkpt lat="54.17768" lon="23.45782">
    <ele>143.52</ele>
   </trkpt>
   <trkpt lat="54.17709000000001" lon="23.457160000000002">
    <ele>142.37000000000003</ele>
   </trkpt>
   <trkpt lat="54.17647" lon="23.45652">
    <ele>141.49</ele>
   </trkpt>
   <trkpt lat="54.17596500084634" lon="23.45608499474266">
    <ele>140.49</ele>
   </trkpt>
   <trkpt lat="54.17546" lon="23.455650000000002">
    <ele>139.58</ele>
   </trkpt>
   <trkpt lat="54.175070000000005" lon="23.45519">
    <ele>139.61</ele>
   </trkpt>
   <trkpt lat="54.17466" lon="23.45466">
    <ele>139.28</ele>
   </trkpt>
   <trkpt lat="54.1743" lon="23.45409">
    <ele>140.24</ele>
   </trkpt>
   <trkpt lat="54.174020000000006" lon="23.453450000000004">
    <ele>141.11</ele>
   </trkpt>
   <trkpt lat="54.173710004881464" lon="23.452354991495604">
    <ele>139.79</ele>
   </trkpt>
   <trkpt lat="54.1734" lon="23.45126">
    <ele>135.87</ele>
   </trkpt>
   <trkpt lat="54.17299500644905" lon="23.450009987692837">
    <ele>137.37</ele>
   </trkpt>
   <trkpt lat="54.17259000000001" lon="23.448760000000004">
    <ele>138.64000000000001</ele>
   </trkpt>
   <trkpt lat="54.17239000000001" lon="23.4479">
    <ele>136.96</ele>
   </trkpt>
   <trkpt lat="54.17233" lon="23.44779">
    <ele>136.69</ele>
   </trkpt>
   <trkpt lat="54.17233" lon="23.447450000000003">
    <ele>136.85</ele>
   </trkpt>
   <trkpt lat="54.17230000000001" lon="23.447110000000002">
    <ele>137.3</ele>
   </trkpt>
   <trkpt lat="54.17211000796206" lon="23.446129991032652">
    <ele>137.61</ele>
   </trkpt>
   <trkpt lat="54.171920007968836" lon="23.445149991067844">
    <ele>138.42000000000002</ele>
   </trkpt>
   <trkpt lat="54.171730000000004" lon="23.444170000000003">
    <ele>139.55</ele>
   </trkpt>
   <trkpt lat="54.17155500279941" lon="23.443344996417974">
    <ele>138.79000000000002</ele>
   </trkpt>
   <trkpt lat="54.171380000000006" lon="23.442520000000002">
    <ele>136.93000000000004</ele>
   </trkpt>
   <trkpt lat="54.171380000000006" lon="23.442510000000002">
    <ele>136.92000000000002</ele>
   </trkpt>
   <trkpt lat="54.171290000000006" lon="23.44217">
    <ele>135.48000000000002</ele>
   </trkpt>
   <trkpt lat="54.17100000250215" lon="23.441394994605883">
    <ele>133.55</ele>
   </trkpt>
   <trkpt lat="54.17071000000001" lon="23.440620000000003">
    <ele>133.37</ele>
   </trkpt>
   <trkpt lat="54.17058" lon="23.440220000000004">
    <ele>133.47</ele>
   </trkpt>
   <trkpt lat="54.17053000000001" lon="23.440150000000003">
    <ele>133.57000000000002</ele>
   </trkpt>
   <trkpt lat="54.170480000000005" lon="23.440140000000003">
    <ele>133.57000000000002</ele>
   </trkpt>
   <trkpt lat="54.17042000000001" lon="23.440160000000002">
    <ele>133.57000000000002</ele>
   </trkpt>
   <trkpt lat="54.169610001049584" lon="23.440650009560724">
    <ele>132.77</ele>
   </trkpt>
   <trkpt lat="54.168800000000005" lon="23.44114">
    <ele>134.71</ele>
   </trkpt>
   <trkpt lat="54.168310000000005" lon="23.44141">
    <ele>135.46</ele>
   </trkpt>
   <trkpt lat="54.16751500053716" lon="23.441790007331083">
    <ele>136.52</ele>
   </trkpt>
   <trkpt lat="54.166720000000005" lon="23.44217">
    <ele>137.02</ele>
   </trkpt>
   <trkpt lat="54.166030000000006" lon="23.442470000000004">
    <ele>136.81</ele>
   </trkpt>
   <trkpt lat="54.165870000000005" lon="23.442520000000002">
    <ele>136.65</ele>
   </trkpt>
   <trkpt lat="54.16561" lon="23.44255">
    <ele>136.56</ele>
   </trkpt>
   <trkpt lat="54.164829999950996" lon="23.44258000056757">
    <ele>136.73000000000002</ele>
   </trkpt>
   <trkpt lat="54.16405" lon="23.442610000000002">
    <ele>137.8</ele>
   </trkpt>
   <trkpt lat="54.16371" lon="23.442590000000003">
    <ele>138.15000000000003</ele>
   </trkpt>
   <trkpt lat="54.16344" lon="23.442520000000002">
    <ele>138.70000000000002</ele>
   </trkpt>
   <trkpt lat="54.16315" lon="23.44235">
    <ele>138.84</ele>
   </trkpt>
   <trkpt lat="54.16275" lon="23.442040000000002">
    <ele>139.47</ele>
   </trkpt>
   <trkpt lat="54.16263000000001" lon="23.441920000000003">
    <ele>139.48000000000002</ele>
   </trkpt>
   <trkpt lat="54.16239" lon="23.44159">
    <ele>139.38</ele>
   </trkpt>
   <trkpt lat="54.16225000000001" lon="23.44134">
    <ele>139.0</ele>
   </trkpt>
   <trkpt lat="54.16212" lon="23.44106">
    <ele>138.93</ele>
   </trkpt>
   <trkpt lat="54.16173334195163" lon="23.440039980936653">
    <ele>139.06</ele>
   </trkpt>
   <trkpt lat="54.161346675284236" lon="23.43901998093507">
    <ele>139.72</ele>
   </trkpt>
   <trkpt lat="54.16096" lon="23.438000000000002">
    <ele>140.5</ele>
   </trkpt>
   <trkpt lat="54.16075000000001" lon="23.437260000000002">
    <ele>140.75</ele>
   </trkpt>
   <trkpt lat="54.16054334144764" lon="23.43626999008729">
    <ele>140.89000000000001</ele>
   </trkpt>
   <trkpt lat="54.160336674775785" lon="23.435279990062543">
    <ele>141.14000000000001</ele>
   </trkpt>
   <trkpt lat="54.16013" lon="23.43429">
    <ele>141.35</ele>
   </trkpt>
   <trkpt lat="54.15990000000001" lon="23.43334">
    <ele>142.95000000000002</ele>
   </trkpt>
   <trkpt lat="54.15977" lon="23.432940000000002">
    <ele>143.69</ele>
   </trkpt>
   <trkpt lat="54.159440000000004" lon="23.432070000000003">
    <ele>144.52</ele>
   </trkpt>
   <trkpt lat="54.15908" lon="23.431210000000004">
    <ele>144.72</ele>
   </trkpt>
   <trkpt lat="54.15881" lon="23.43062">
    <ele>145.07</ele>
   </trkpt>
   <trkpt lat="54.15865" lon="23.430380000000003">
    <ele>145.17000000000002</ele>
   </trkpt>
   <trkpt lat="54.15811666973464" lon="23.429769984261583">
    <ele>144.78000000000003</ele>
   </trkpt>
   <trkpt lat="54.157583336386544" lon="23.42915998424495">
    <ele>144.07</ele>
   </trkpt>
   <trkpt lat="54.157050000000005" lon="23.42855">
    <ele>144.35</ele>
   </trkpt>
   <trkpt lat="54.156740000000006" lon="23.42829">
    <ele>144.63</ele>
   </trkpt>
   <trkpt lat="54.156600000000005" lon="23.428210000000004">
    <ele>144.81000000000003</ele>
   </trkpt>
   <trkpt lat="54.15632" lon="23.428140000000003">
    <ele>144.81000000000003</ele>
   </trkpt>
   <trkpt lat="54.15577999998728" lon="23.428145000065353">
    <ele>145.1</ele>
   </trkpt>
   <trkpt lat="54.155240000000006" lon="23.428150000000002">
    <ele>146.1</ele>
   </trkpt>
   <trkpt lat="54.155" lon="23.4281">
    <ele>147.36</ele>
   </trkpt>
   <trkpt lat="54.15482000000001" lon="23.428030000000003">
    <ele>147.94000000000003</ele>
   </trkpt>
   <trkpt lat="54.15408666780866" lon="23.427659986893808">
    <ele>149.08</ele>
   </trkpt>
   <trkpt lat="54.15335333448304" lon="23.427289986897982">
    <ele>147.94000000000003</ele>
   </trkpt>
   <trkpt lat="54.152620000000006" lon="23.426920000000003">
    <ele>147.64000000000001</ele>
   </trkpt>
   <trkpt lat="54.15261" lon="23.426920000000003">
    <ele>147.64000000000001</ele>
   </trkpt>
   <trkpt lat="54.15192250154381" lon="23.426567482437108">
    <ele>149.23</ele>
   </trkpt>
   <trkpt lat="54.15123500205807" lon="23.426214976583097">
    <ele>152.46</ele>
   </trkpt>
   <trkpt lat="54.15054750154284" lon="23.425862482437314">
    <ele>156.55</ele>
   </trkpt>
   <trkpt lat="54.149860000000004" lon="23.425510000000003">
    <ele>158.0</ele>
   </trkpt>
   <trkpt lat="54.14902000058836" lon="23.425109991848704">
    <ele>154.7</ele>
   </trkpt>
   <trkpt lat="54.14818" lon="23.42471">
    <ele>149.36</ele>
   </trkpt>
   <trkpt lat="54.14750333425289" lon="23.424376655770523">
    <ele>146.05</ele>
   </trkpt>
   <trkpt lat="54.14682666758512" lon="23.424043322436862">
    <ele>145.25000000000003</ele>
   </trkpt>
   <trkpt lat="54.146150000000006" lon="23.423710000000003">
    <ele>145.12</ele>
   </trkpt>
   <trkpt lat="54.14596" lon="23.42359">
    <ele>144.17000000000002</ele>
   </trkpt>
   <trkpt lat="54.14545500079023" lon="23.42314999462333">
    <ele>138.87</ele>
   </trkpt>
   <trkpt lat="54.14495" lon="23.422710000000002">
    <ele>134.89000000000001</ele>
   </trkpt>
   <trkpt lat="54.14484" lon="23.42265">
    <ele>134.31</ele>
   </trkpt>
   <trkpt lat="54.14461000000001" lon="23.42255">
    <ele>132.84</ele>
   </trkpt>
   <trkpt lat="54.14406499992269" lon="23.422399997978815">
    <ele>133.06</ele>
   </trkpt>
   <trkpt lat="54.14352" lon="23.422250000000002">
    <ele>137.33</ele>
   </trkpt>
   <trkpt lat="54.14273500042615" lon="23.42189499322697">
    <ele>139.32</ele>
   </trkpt>
   <trkpt lat="54.14195" lon="23.42154">
    <ele>140.97</ele>
   </trkpt>
   <trkpt lat="54.14141500016977" lon="23.421279996587476">
    <ele>142.61</ele>
   </trkpt>
   <trkpt lat="54.14088" lon="23.421020000000002">
    <ele>145.22</ele>
   </trkpt>
   <trkpt lat="54.14086" lon="23.421020000000002">
    <ele>145.31000000000003</ele>
   </trkpt>
   <trkpt lat="54.14049000000001" lon="23.420840000000002">
    <ele>148.72000000000003</ele>
   </trkpt>
   <trkpt lat="54.140040000000006" lon="23.42057">
    <ele>153.27</ele>
   </trkpt>
   <trkpt lat="54.13976" lon="23.420370000000002">
    <ele>154.86</ele>
   </trkpt>
   <trkpt lat="54.139100000000006" lon="23.419710000000002">
    <ele>152.99</ele>
   </trkpt>
   <trkpt lat="54.138980000000004" lon="23.419610000000002">
    <ele>152.28</ele>
   </trkpt>
   <trkpt lat="54.138850000000005" lon="23.41953">
    <ele>150.9</ele>
   </trkpt>
   <trkpt lat="54.138630000000006" lon="23.41946">
    <ele>149.06000000000003</ele>
   </trkpt>
   <trkpt lat="54.138114999901624" lon="23.419379998985843">
    <ele>146.37</ele>
   </trkpt>
   <trkpt lat="54.137600000000006" lon="23.419300000000003">
    <ele>144.56000000000003</ele>
   </trkpt>
   <trkpt lat="54.13731000000001" lon="23.41918">
    <ele>144.15</ele>
   </trkpt>
   <trkpt lat="54.13729000000001" lon="23.419020000000003">
    <ele>143.88</ele>
   </trkpt>
   <trkpt lat="54.13734" lon="23.4175">
    <ele>143.81000000000003</ele>
   </trkpt>
   <trkpt lat="54.137290003903225" lon="23.41652999892278">
    <ele>141.96</ele>
   </trkpt>
   <trkpt lat="54.137240000000006" lon="23.415560000000003">
    <ele>138.12</ele>
   </trkpt>
   <trkpt lat="54.137190000000004" lon="23.41484">
    <ele>136.48000000000002</ele>
   </trkpt>
   <trkpt lat="54.137050004714986" lon="23.41377499651875">
    <ele>137.70000000000002</ele>
   </trkpt>
   <trkpt lat="54.13691000000001" lon="23.41271">
    <ele>139.13</ele>
   </trkpt>
   <trkpt lat="54.13684000000001" lon="23.412460000000003">
    <ele>140.27</ele>
   </trkpt>
   <trkpt lat="54.136950000000006" lon="23.412350000000004">
    <ele>140.28</ele>
   </trkpt>
   <trkpt lat="54.137550000000005" lon="23.411250000000003">
    <ele>141.1</ele>
   </trkpt>
   <trkpt lat="54.137730000000005" lon="23.410960000000003">
    <ele>141.25</ele>
   </trkpt>
   <trkpt lat="54.1379" lon="23.41075">
    <ele>141.18</ele>
   </trkpt>
   <trkpt lat="54.13808" lon="23.410580000000003">
    <ele>141.05</ele>
   </trkpt>
   <trkpt lat="54.13814000000001" lon="23.410420000000002">
    <ele>140.87000000000003</ele>
   </trkpt>
   <trkpt lat="54.1385300053864" lon="23.409613348537018">
    <ele>140.88</ele>
   </trkpt>
   <trkpt lat="54.13892000538083" lon="23.40880668188207">
    <ele>141.29</ele>
   </trkpt>
   <trkpt lat="54.13931" lon="23.408">
    <ele>141.37000000000003</ele>
   </trkpt>
   <trkpt lat="54.139480000000006" lon="23.40774">
    <ele>141.51000000000002</ele>
   </trkpt>
   <trkpt lat="54.13965" lon="23.407580000000003">
    <ele>141.51000000000002</ele>
   </trkpt>
   <trkpt lat="54.13996" lon="23.407390000000003">
    <ele>141.66</ele>
   </trkpt>
   <trkpt lat="54.14053500074758" lon="23.406995005414828">
    <ele>142.44</ele>
   </trkpt>
   <trkpt lat="54.141110000000005" lon="23.4066">
    <ele>143.28000000000003</ele>
   </trkpt>
   <trkpt lat="54.14161000000001" lon="23.40615">
    <ele>141.66</ele>
   </trkpt>
   <trkpt lat="54.141850000000005" lon="23.40596">
    <ele>141.15</ele>
   </trkpt>
   <trkpt lat="54.142100000000006" lon="23.405810000000002">
    <ele>140.86</ele>
   </trkpt>
   <trkpt lat="54.14264000000001" lon="23.405610000000003">
    <ele>141.20000000000002</ele>
   </trkpt>
   <trkpt lat="54.14298" lon="23.40546">
    <ele>141.27</ele>
   </trkpt>
   <trkpt lat="54.14325" lon="23.40529">
    <ele>141.58</ele>
   </trkpt>
   <trkpt lat="54.14354" lon="23.405030000000004">
    <ele>141.11</ele>
   </trkpt>
   <trkpt lat="54.143800000000006" lon="23.40474">
    <ele>140.73000000000002</ele>
   </trkpt>
   <trkpt lat="54.14408" lon="23.40435">
    <ele>139.62000000000003</ele>
   </trkpt>
   <trkpt lat="54.14457667161566" lon="23.403580018415454">
    <ele>138.40000000000003</ele>
   </trkpt>
   <trkpt lat="54.145073338318774" lon="23.40281001835926">
    <ele>137.77</ele>
   </trkpt>
   <trkpt lat="54.145570000000006" lon="23.402040000000003">
    <ele>138.02</ele>
   </trkpt>
   <trkpt lat="54.14584000000001" lon="23.401390000000003">
    <ele>138.98000000000002</ele>
   </trkpt>
   <trkpt lat="54.14607500187983" lon="23.400720003745338">
    <ele>140.22</ele>
   </trkpt>
   <trkpt lat="54.14631000000001" lon="23.40005">
    <ele>141.75</ele>
   </trkpt>
   <trkpt lat="54.14647000000001" lon="23.399690000000003">
    <ele>144.0</ele>
   </trkpt>
   <trkpt lat="54.14661" lon="23.399440000000002">
    <ele>144.89000000000001</ele>
   </trkpt>
   <trkpt lat="54.14681" lon="23.39918">
    <ele>145.21</ele>
   </trkpt>
   <trkpt lat="54.14740500204373" lon="23.398480010043446">
    <ele>145.21</ele>
   </trkpt>
   <trkpt lat="54.148" lon="23.39778">
    <ele>149.02</ele>
   </trkpt>
   <trkpt lat="54.14857000000001" lon="23.397060000000003">
    <ele>150.01</ele>
   </trkpt>
   <trkpt lat="54.14873000000001" lon="23.396790000000003">
    <ele>149.96</ele>
   </trkpt>
   <trkpt lat="54.14893000000001" lon="23.396340000000002">
    <ele>149.87</ele>
   </trkpt>
   <trkpt lat="54.14934500544209" lon="23.395190011629204">
    <ele>148.34</ele>
   </trkpt>
   <trkpt lat="54.14976000000001" lon="23.39404">
    <ele>147.49</ele>
   </trkpt>
   <trkpt lat="54.1499" lon="23.39375">
    <ele>147.56000000000003</ele>
   </trkpt>
   <trkpt lat="54.1503" lon="23.39318">
    <ele>147.43</ele>
   </trkpt>
   <trkpt lat="54.15074500156379" lon="23.3925700065265">
    <ele>147.84</ele>
   </trkpt>
   <trkpt lat="54.15119000000001" lon="23.39196">
    <ele>147.88</ele>
   </trkpt>
   <trkpt lat="54.1514" lon="23.391630000000003">
    <ele>147.64000000000001</ele>
   </trkpt>
   <trkpt lat="54.15173000000001" lon="23.390970000000003">
    <ele>146.37</ele>
   </trkpt>
   <trkpt lat="54.15219000842296" lon="23.389960022509648">
    <ele>143.19</ele>
   </trkpt>
   <trkpt lat="54.152650008394474" lon="23.388950022572583">
    <ele>141.92000000000002</ele>
   </trkpt>
   <trkpt lat="54.153110000000005" lon="23.38794">
    <ele>143.32</ele>
   </trkpt>
   <trkpt lat="54.15367000282283" lon="23.38711001127467">
    <ele>143.53000000000003</ele>
   </trkpt>
   <trkpt lat="54.154230000000005" lon="23.386280000000003">
    <ele>146.4</ele>
   </trkpt>
   <trkpt lat="54.15437000000001" lon="23.38604">
    <ele>146.72000000000003</ele>
   </trkpt>
   <trkpt lat="54.15464000000001" lon="23.385440000000003">
    <ele>145.07</ele>
   </trkpt>
   <trkpt lat="54.154880000000006" lon="23.385060000000003">
    <ele>144.24</ele>
   </trkpt>
   <trkpt lat="54.15502000000001" lon="23.38491">
    <ele>144.28000000000003</ele>
   </trkpt>
   <trkpt lat="54.155535000533355" lon="23.384535004701725">
    <ele>144.54</ele>
   </trkpt>
   <trkpt lat="54.15605000000001" lon="23.38416">
    <ele>144.9</ele>
   </trkpt>
   <trkpt lat="54.15626" lon="23.38399">
    <ele>144.8</ele>
   </trkpt>
   <trkpt lat="54.15641" lon="23.383860000000002">
    <ele>144.84000000000003</ele>
   </trkpt>
   <trkpt lat="54.15675" lon="23.383450000000003">
    <ele>144.74</ele>
   </trkpt>
   <trkpt lat="54.15686" lon="23.383350000000004">
    <ele>144.67000000000002</ele>
   </trkpt>
   <trkpt lat="54.15699000000001" lon="23.383270000000003">
    <ele>144.62</ele>
   </trkpt>
   <trkpt lat="54.15731" lon="23.38323">
    <ele>144.33</ele>
   </trkpt>
   <trkpt lat="54.15742" lon="23.383180000000003">
    <ele>144.33</ele>
   </trkpt>
   <trkpt lat="54.15751" lon="23.38306">
    <ele>144.33</ele>
   </trkpt>
   <trkpt lat="54.157990000000005" lon="23.382070000000002">
    <ele>144.72</ele>
   </trkpt>
   <trkpt lat="54.15814" lon="23.381880000000002">
    <ele>144.74</ele>
   </trkpt>
   <trkpt lat="54.158570000000005" lon="23.381520000000002">
    <ele>144.3</ele>
   </trkpt>
   <trkpt lat="54.158710000000006" lon="23.381290000000003">
    <ele>144.46</ele>
   </trkpt>
   <trkpt lat="54.15879" lon="23.381100000000004">
    <ele>144.63</ele>
   </trkpt>
   <trkpt lat="54.15901" lon="23.38025">
    <ele>147.18</ele>
   </trkpt>
   <trkpt lat="54.159130000000005" lon="23.379890000000003">
    <ele>148.14000000000001</ele>
   </trkpt>
   <trkpt lat="54.159530000000004" lon="23.37882">
    <ele>147.72000000000003</ele>
   </trkpt>
   <trkpt lat="54.15959" lon="23.378610000000002">
    <ele>147.63</ele>
   </trkpt>
   <trkpt lat="54.159600000000005" lon="23.378610000000002">
    <ele>147.63</ele>
   </trkpt>
   <trkpt lat="54.15997" lon="23.37734">
    <ele>149.27</ele>
   </trkpt>
   <trkpt lat="54.160090000000004" lon="23.37659">
    <ele>147.59</ele>
   </trkpt>
   <trkpt lat="54.16015" lon="23.375950000000003">
    <ele>147.46</ele>
   </trkpt>
   <trkpt lat="54.160160000000005" lon="23.375590000000003">
    <ele>147.45000000000002</ele>
   </trkpt>
   <trkpt lat="54.16070999991369" lon="23.375510001079657">
    <ele>146.6</ele>
   </trkpt>
   <trkpt lat="54.161260000000006" lon="23.37543">
    <ele>146.49</ele>
   </trkpt>
   <trkpt lat="54.16178000006979" lon="23.375454999689083">
    <ele>146.26</ele>
   </trkpt>
   <trkpt lat="54.1623" lon="23.375480000000003">
    <ele>147.05</ele>
   </trkpt>
   <trkpt lat="54.16261000000001" lon="23.375570000000003">
    <ele>145.98</ele>
   </trkpt>
   <trkpt lat="54.16293" lon="23.37555">
    <ele>146.54</ele>
   </trkpt>
   <trkpt lat="54.1632" lon="23.37563">
    <ele>146.73</ele>
   </trkpt>
   <trkpt lat="54.163250000000005" lon="23.37563">
    <ele>146.88</ele>
   </trkpt>
   <trkpt lat="54.163340000000005" lon="23.37554">
    <ele>147.35</ele>
   </trkpt>
   <trkpt lat="54.163380000000004" lon="23.375420000000002">
    <ele>148.25000000000003</ele>
   </trkpt>
   <trkpt lat="54.163520000000005" lon="23.374750000000002">
    <ele>148.09</ele>
   </trkpt>
   <trkpt lat="54.16358" lon="23.374650000000003">
    <ele>148.04</ele>
   </trkpt>
   <trkpt lat="54.16377000000001" lon="23.374080000000003">
    <ele>148.13</ele>
   </trkpt>
   <trkpt lat="54.16404000000001" lon="23.373690000000003">
    <ele>148.07</ele>
   </trkpt>
   <trkpt lat="54.164480000000005" lon="23.373430000000003">
    <ele>151.02</ele>
   </trkpt>
   <trkpt lat="54.1651" lon="23.37356">
    <ele>150.11</ele>
   </trkpt>
   <trkpt lat="54.16541" lon="23.373590000000004">
    <ele>148.21</ele>
   </trkpt>
   <trkpt lat="54.165800000000004" lon="23.373050000000003">
    <ele>144.99</ele>
   </trkpt>
   <trkpt lat="54.165940000000006" lon="23.372980000000002">
    <ele>144.3</ele>
   </trkpt>
   <trkpt lat="54.16613" lon="23.373120000000004">
    <ele>144.24</ele>
   </trkpt>
   <trkpt lat="54.16628000000001" lon="23.37328">
    <ele>144.24</ele>
   </trkpt>
   <trkpt lat="54.16642" lon="23.373710000000003">
    <ele>143.54</ele>
   </trkpt>
   <trkpt lat="54.166500000000006" lon="23.373780000000004">
    <ele>143.15</ele>
   </trkpt>
   <trkpt lat="54.166720000000005" lon="23.37376">
    <ele>142.62000000000003</ele>
   </trkpt>
   <trkpt lat="54.16698" lon="23.37385">
    <ele>142.23000000000002</ele>
   </trkpt>
   <trkpt lat="54.167680000000004" lon="23.373990000000003">
    <ele>142.28</ele>
   </trkpt>
   <trkpt lat="54.167880000000004" lon="23.373980000000003">
    <ele>142.81000000000003</ele>
   </trkpt>
   <trkpt lat="54.168060000000004" lon="23.374010000000002">
    <ele>142.82</ele>
   </trkpt>
   <trkpt lat="54.16823" lon="23.374070000000003">
    <ele>142.92000000000002</ele>
   </trkpt>
   <trkpt lat="54.168910000000004" lon="23.374070000000003">
    <ele>144.29</ele>
   </trkpt>
   <trkpt lat="54.16912000000001" lon="23.37411">
    <ele>145.29</ele>
   </trkpt>
   <trkpt lat="54.169630000000005" lon="23.37413">
    <ele>146.59000000000003</ele>
   </trkpt>
   <trkpt lat="54.170280000000005" lon="23.374270000000003">
    <ele>145.66</ele>
   </trkpt>
   <trkpt lat="54.170280000000005" lon="23.374260000000003">
    <ele>145.68</ele>
   </trkpt>
   <trkpt lat="54.171020000000006" lon="23.374380000000002">
    <ele>146.19</ele>
   </trkpt>
   <trkpt lat="54.17107000000001" lon="23.374370000000003">
    <ele>146.19</ele>
   </trkpt>
   <trkpt lat="54.1711" lon="23.374340000000004">
    <ele>146.08</ele>
   </trkpt>
   <trkpt lat="54.171170000000004" lon="23.3744">
    <ele>146.08</ele>
   </trkpt>
   <trkpt lat="54.17132" lon="23.374460000000003">
    <ele>146.11</ele>
   </trkpt>
   <trkpt lat="54.171580000000006" lon="23.3745">
    <ele>146.67000000000002</ele>
   </trkpt>
   <trkpt lat="54.172160000000005" lon="23.374530000000004">
    <ele>146.48</ele>
   </trkpt>
   <trkpt lat="54.17304000000001" lon="23.37468">
    <ele>145.34000000000003</ele>
   </trkpt>
   <trkpt lat="54.173210000000005" lon="23.374760000000002">
    <ele>144.97</ele>
   </trkpt>
   <trkpt lat="54.173390000000005" lon="23.374720000000003">
    <ele>144.50000000000003</ele>
   </trkpt>
   <trkpt lat="54.173480000000005" lon="23.374720000000003">
    <ele>143.83</ele>
   </trkpt>
   <trkpt lat="54.17360000000001" lon="23.374760000000002">
    <ele>143.54</ele>
   </trkpt>
   <trkpt lat="54.17387000000001" lon="23.37478">
    <ele>143.05</ele>
   </trkpt>
   <trkpt lat="54.174080000000004" lon="23.374820000000003">
    <ele>143.12000000000003</ele>
   </trkpt>
   <trkpt lat="54.174290000000006" lon="23.37498">
    <ele>144.02</ele>
   </trkpt>
   <trkpt lat="54.174530000000004" lon="23.37524">
    <ele>145.74</ele>
   </trkpt>
   <trkpt lat="54.17513" lon="23.37543">
    <ele>149.18</ele>
   </trkpt>
   <trkpt lat="54.17568000000001" lon="23.37543">
    <ele>150.3</ele>
   </trkpt>
   <trkpt lat="54.176275000018556" lon="23.37545999956917">
    <ele>148.17000000000002</ele>
   </trkpt>
   <trkpt lat="54.17687" lon="23.375490000000003">
    <ele>147.00000000000003</ele>
   </trkpt>
   <trkpt lat="54.17736000000001" lon="23.37545">
    <ele>147.29</ele>
   </trkpt>
   <trkpt lat="54.177600000000005" lon="23.37546">
    <ele>146.83</ele>
   </trkpt>
   <trkpt lat="54.17792000000001" lon="23.37553">
    <ele>146.77</ele>
   </trkpt>
   <trkpt lat="54.17871" lon="23.375590000000003">
    <ele>146.46</ele>
   </trkpt>
   <trkpt lat="54.1792" lon="23.375780000000002">
    <ele>147.25000000000003</ele>
   </trkpt>
   <trkpt lat="54.1794" lon="23.3759">
    <ele>148.26</ele>
   </trkpt>
   <trkpt lat="54.179480000000005" lon="23.37591">
    <ele>149.14000000000001</ele>
   </trkpt>
   <trkpt lat="54.179570000000005" lon="23.37584">
    <ele>149.14000000000001</ele>
   </trkpt>
   <trkpt lat="54.180440000000004" lon="23.3762">
    <ele>149.92000000000002</ele>
   </trkpt>
   <trkpt lat="54.18084" lon="23.37628">
    <ele>147.94000000000003</ele>
   </trkpt>
   <trkpt lat="54.18124" lon="23.37646">
    <ele>146.9</ele>
   </trkpt>
   <trkpt lat="54.181920000000005" lon="23.37703">
    <ele>147.46</ele>
   </trkpt>
   <trkpt lat="54.18216" lon="23.37721">
    <ele>146.8</ele>
   </trkpt>
   <trkpt lat="54.18249" lon="23.3774">
    <ele>146.53000000000003</ele>
   </trkpt>
   <trkpt lat="54.182480000000005" lon="23.3774">
    <ele>146.53000000000003</ele>
   </trkpt>
   <trkpt lat="54.183090001091685" lon="23.377759989388945">
    <ele>146.68</ele>
   </trkpt>
   <trkpt lat="54.18370000111004" lon="23.378119989399593">
    <ele>146.68</ele>
   </trkpt>
   <trkpt lat="54.18431" lon="23.378480000000003">
    <ele>146.78000000000003</ele>
   </trkpt>
   <trkpt lat="54.184540000000005" lon="23.378660000000004">
    <ele>146.73</ele>
   </trkpt>
   <trkpt lat="54.18473" lon="23.378870000000003">
    <ele>147.13</ele>
   </trkpt>
   <trkpt lat="54.18491" lon="23.379">
    <ele>147.65</ele>
   </trkpt>
   <trkpt lat="54.18518" lon="23.379140000000003">
    <ele>148.28000000000003</ele>
   </trkpt>
   <trkpt lat="54.18573000000001" lon="23.379340000000003">
    <ele>147.18</ele>
   </trkpt>
   <trkpt lat="54.186130000000006" lon="23.379510000000003">
    <ele>144.70000000000002</ele>
   </trkpt>
   <trkpt lat="54.18638000000001" lon="23.37956">
    <ele>143.85</ele>
   </trkpt>
   <trkpt lat="54.186930000000004" lon="23.3795">
    <ele>143.96</ele>
   </trkpt>
   <trkpt lat="54.187070000000006" lon="23.379520000000003">
    <ele>144.52</ele>
   </trkpt>
   <trkpt lat="54.18737" lon="23.379620000000003">
    <ele>144.87</ele>
   </trkpt>
   <trkpt lat="54.18761000000001" lon="23.37966">
    <ele>144.91</ele>
   </trkpt>
   <trkpt lat="54.187850000000005" lon="23.37965">
    <ele>144.97</ele>
   </trkpt>
   <trkpt lat="54.1884" lon="23.379450000000002">
    <ele>147.73</ele>
   </trkpt>
   <trkpt lat="54.188810000000004" lon="23.379320000000003">
    <ele>149.07</ele>
   </trkpt>
   <trkpt lat="54.18912" lon="23.379260000000002">
    <ele>149.06000000000003</ele>
   </trkpt>
   <trkpt lat="54.18945000000001" lon="23.379250000000003">
    <ele>148.61</ele>
   </trkpt>
   <trkpt lat="54.18966" lon="23.37918">
    <ele>148.12</ele>
   </trkpt>
   <trkpt lat="54.190220000000004" lon="23.378880000000002">
    <ele>145.77</ele>
   </trkpt>
   <trkpt lat="54.19053" lon="23.378570000000003">
    <ele>146.34000000000003</ele>
   </trkpt>
   <trkpt lat="54.190810000000006" lon="23.37824">
    <ele>146.6</ele>
   </trkpt>
   <trkpt lat="54.19098" lon="23.37807">
    <ele>146.32</ele>
   </trkpt>
   <trkpt lat="54.19108000000001" lon="23.378000000000004">
    <ele>145.93</ele>
   </trkpt>
   <trkpt lat="54.1912" lon="23.377940000000002">
    <ele>145.18</ele>
   </trkpt>
   <trkpt lat="54.191340000000004" lon="23.37789">
    <ele>145.19</ele>
   </trkpt>
   <trkpt lat="54.191700000000004" lon="23.377840000000003">
    <ele>146.44</ele>
   </trkpt>
   <trkpt lat="54.19189000000001" lon="23.377860000000002">
    <ele>146.68</ele>
   </trkpt>
   <trkpt lat="54.192170000000004" lon="23.377940000000002">
    <ele>146.74</ele>
   </trkpt>
   <trkpt lat="54.19252" lon="23.37809">
    <ele>147.28000000000003</ele>
   </trkpt>
   <trkpt lat="54.192730000000005" lon="23.378220000000002">
    <ele>147.28000000000003</ele>
   </trkpt>
   <trkpt lat="54.193360000000006" lon="23.378760000000003">
    <ele>146.93</ele>
   </trkpt>
   <trkpt lat="54.193540000000006" lon="23.379060000000003">
    <ele>147.21</ele>
   </trkpt>
   <trkpt lat="54.193810000000006" lon="23.379720000000002">
    <ele>147.3</ele>
   </trkpt>
   <trkpt lat="54.19422" lon="23.3805">
    <ele>144.03000000000003</ele>
   </trkpt>
   <trkpt lat="54.19442" lon="23.38069">
    <ele>143.29</ele>
   </trkpt>
   <trkpt lat="54.194680000000005" lon="23.38088">
    <ele>143.28000000000003</ele>
   </trkpt>
   <trkpt lat="54.19520000000001" lon="23.381300000000003">
    <ele>141.65</ele>
   </trkpt>
   <trkpt lat="54.19585333518648" lon="23.38177331836684">
    <ele>141.44</ele>
   </trkpt>
   <trkpt lat="54.19650666851769" lon="23.38224665169836">
    <ele>142.33</ele>
   </trkpt>
   <trkpt lat="54.197160000000004" lon="23.382720000000003">
    <ele>146.13</ele>
   </trkpt>
   <trkpt lat="54.19787000100889" lon="23.38320999159183">
    <ele>148.08</ele>
   </trkpt>
   <trkpt lat="54.19858000000001" lon="23.3837">
    <ele>148.63</ele>
   </trkpt>
   <trkpt lat="54.199020000000004" lon="23.384050000000002">
    <ele>150.75000000000003</ele>
   </trkpt>
   <trkpt lat="54.19928" lon="23.384290000000004">
    <ele>152.3</ele>
   </trkpt>
   <trkpt lat="54.199960000000004" lon="23.38512">
    <ele>154.96</ele>
   </trkpt>
   <trkpt lat="54.20035500068077" lon="23.385564995589547">
    <ele>155.89</ele>
   </trkpt>
   <trkpt lat="54.200750000000006" lon="23.386010000000002">
    <ele>155.91000000000003</ele>
   </trkpt>
   <trkpt lat="54.20096" lon="23.386280000000003">
    <ele>155.54000000000002</ele>
   </trkpt>
   <trkpt lat="54.20156500317608" lon="23.387159987071655">
    <ele>155.81</ele>
   </trkpt>
   <trkpt lat="54.20217" lon="23.38804">
    <ele>159.76000000000002</ele>
   </trkpt>
   <trkpt lat="54.202650000000006" lon="23.388710000000003">
    <ele>160.22</ele>
   </trkpt>
   <trkpt lat="54.202960000000004" lon="23.38916">
    <ele>162.85000000000002</ele>
   </trkpt>
   <trkpt lat="54.203450000000004" lon="23.390220000000003">
    <ele>165.53</ele>
   </trkpt>
   <trkpt lat="54.203630000000004" lon="23.39055">
    <ele>166.07000000000002</ele>
   </trkpt>
   <trkpt lat="54.20385" lon="23.390900000000002">
    <ele>165.72</ele>
   </trkpt>
   <trkpt lat="54.20414" lon="23.391270000000002">
    <ele>163.89000000000001</ele>
   </trkpt>
   <trkpt lat="54.204190000000004" lon="23.39138">
    <ele>163.89000000000001</ele>
   </trkpt>
   <trkpt lat="54.20454" lon="23.391270000000002">
    <ele>166.03</ele>
   </trkpt>
   <trkpt lat="54.205150000367254" lon="23.390985004193425">
    <ele>167.66</ele>
   </trkpt>
   <trkpt lat="54.205760000000005" lon="23.390700000000002">
    <ele>167.32000000000002</ele>
   </trkpt>
   <trkpt lat="54.206210000000006" lon="23.39044">
    <ele>163.99</ele>
   </trkpt>
   <trkpt lat="54.206450000000004" lon="23.390320000000003">
    <ele>163.03</ele>
   </trkpt>
   <trkpt lat="54.207085000207066" lon="23.39010000337924">
    <ele>161.4</ele>
   </trkpt>
   <trkpt lat="54.20772" lon="23.38988">
    <ele>161.56</ele>
   </trkpt>
   <trkpt lat="54.208130000000004" lon="23.389760000000003">
    <ele>161.29000000000002</ele>
   </trkpt>
   <trkpt lat="54.20882500053972" lon="23.3894200056903">
    <ele>161.01000000000002</ele>
   </trkpt>
   <trkpt lat="54.209520000000005" lon="23.389080000000003">
    <ele>162.71</ele>
   </trkpt>
   <trkpt lat="54.209540000000004" lon="23.38907">
    <ele>162.81</ele>
   </trkpt>
   <trkpt lat="54.21022000000001" lon="23.388740000000002">
    <ele>162.89000000000001</ele>
   </trkpt>
   <trkpt lat="54.21068" lon="23.388450000000002">
    <ele>163.17000000000002</ele>
   </trkpt>
   <trkpt lat="54.211360000000006" lon="23.38802">
    <ele>162.59</ele>
   </trkpt>
   <trkpt lat="54.211560000000006" lon="23.387970000000003">
    <ele>162.39000000000001</ele>
   </trkpt>
   <trkpt lat="54.21191" lon="23.38792">
    <ele>162.26000000000002</ele>
   </trkpt>
   <trkpt lat="54.212" lon="23.38784">
    <ele>162.18</ele>
   </trkpt>
   <trkpt lat="54.212050000000005" lon="23.38766">
    <ele>162.18</ele>
   </trkpt>
   <trkpt lat="54.21206" lon="23.387490000000003">
    <ele>162.20000000000002</ele>
   </trkpt>
   <trkpt lat="54.21212000846039" lon="23.386060002192107">
    <ele>161.62</ele>
   </trkpt>
   <trkpt lat="54.212180000000004" lon="23.38463">
    <ele>163.91</ele>
   </trkpt>
   <trkpt lat="54.21225500557913" lon="23.38347000197">
    <ele>163.35000000000002</ele>
   </trkpt>
   <trkpt lat="54.21233" lon="23.38231">
    <ele>159.94000000000003</ele>
   </trkpt>
   <trkpt lat="54.21242" lon="23.381680000000003">
    <ele>159.64000000000001</ele>
   </trkpt>
   <trkpt lat="54.212690005420136" lon="23.38054000728215">
    <ele>158.5</ele>
   </trkpt>
   <trkpt lat="54.21296" lon="23.3794">
    <ele>154.46</ele>
   </trkpt>
   <trkpt lat="54.2132420229024" lon="23.378224032106">
    <ele>153.9</ele>
   </trkpt>
   <trkpt lat="54.2135240343553" lon="23.37704804815282">
    <ele>152.84</ele>
   </trkpt>
   <trkpt lat="54.213806034358406" lon="23.375872048140725">
    <ele>149.18</ele>
   </trkpt>
   <trkpt lat="54.21408802291148" lon="23.37469603206997">
    <ele>148.84</ele>
   </trkpt>
   <trkpt lat="54.21437" lon="23.373520000000003">
    <ele>150.09</ele>
   </trkpt>
   <trkpt lat="54.21385000000001" lon="23.373">
    <ele>149.29</ele>
   </trkpt>
   <trkpt lat="54.213570000000004" lon="23.37263">
    <ele>149.7</ele>
   </trkpt>
   <trkpt lat="54.21331000000001" lon="23.372210000000003">
    <ele>150.49</ele>
   </trkpt>
   <trkpt lat="54.21285500290931" lon="23.371369990725107">
    <ele>150.92</ele>
   </trkpt>
   <trkpt lat="54.2124" lon="23.370530000000002">
    <ele>154.65</ele>
   </trkpt>
   <trkpt lat="54.212140000000005" lon="23.37001">
    <ele>154.72000000000003</ele>
   </trkpt>
   <trkpt lat="54.21188000000001" lon="23.36924">
    <ele>152.34</ele>
   </trkpt>
   <trkpt lat="54.21158500236589" lon="23.36849999496326">
    <ele>154.25000000000003</ele>
   </trkpt>
   <trkpt lat="54.211290000000005" lon="23.36776">
    <ele>155.66000000000003</ele>
   </trkpt>
   <trkpt lat="54.21090500310906" lon="23.366904992214817">
    <ele>152.35000000000002</ele>
   </trkpt>
   <trkpt lat="54.21052" lon="23.36605">
    <ele>152.64000000000001</ele>
   </trkpt>
   <trkpt lat="54.21052" lon="23.36604">
    <ele>152.66000000000003</ele>
   </trkpt>
   <trkpt lat="54.21011667346972" lon="23.36513331562071">
    <ele>156.76000000000002</ele>
   </trkpt>
   <trkpt lat="54.20971334013317" lon="23.36422664894707">
    <ele>156.89</ele>
   </trkpt>
   <trkpt lat="54.20931" lon="23.36332">
    <ele>157.43</ele>
   </trkpt>
   <trkpt lat="54.2092" lon="23.363200000000003">
    <ele>157.91000000000003</ele>
   </trkpt>
   <trkpt lat="54.20909" lon="23.36313">
    <ele>159.42000000000002</ele>
   </trkpt>
   <trkpt lat="54.20860500020775" lon="23.36306499926237">
    <ele>160.28</ele>
   </trkpt>
   <trkpt lat="54.20812" lon="23.363000000000003">
    <ele>157.37</ele>
   </trkpt>
   <trkpt lat="54.20764000002478" lon="23.362959999536752">
    <ele>157.3</ele>
   </trkpt>
   <trkpt lat="54.20716" lon="23.362920000000003">
    <ele>156.73000000000002</ele>
   </trkpt>
   <trkpt lat="54.20646500004679" lon="23.36284499874084">
    <ele>152.49</ele>
   </trkpt>
   <trkpt lat="54.20577" lon="23.36277">
    <ele>147.87</ele>
   </trkpt>
   <trkpt lat="54.20555" lon="23.362610000000004">
    <ele>148.02</ele>
   </trkpt>
   <trkpt lat="54.20541000000001" lon="23.362460000000002">
    <ele>148.57</ele>
   </trkpt>
   <trkpt lat="54.20534000000001" lon="23.362330000000004">
    <ele>149.33</ele>
   </trkpt>
   <trkpt lat="54.20559000000001" lon="23.362180000000002">
    <ele>148.78000000000003</ele>
   </trkpt>
   <trkpt lat="54.20579000000001" lon="23.362000000000002">
    <ele>148.58</ele>
   </trkpt>
   <trkpt lat="54.206423339301985" lon="23.361153359247734">
    <ele>147.88</ele>
   </trkpt>
   <trkpt lat="54.20705667266876" lon="23.360306692536888">
    <ele>147.62</ele>
   </trkpt>
   <trkpt lat="54.20769000000001" lon="23.359460000000002">
    <ele>147.51</ele>
   </trkpt>
   <trkpt lat="54.2082850026829" lon="23.358640011949415">
    <ele>149.33</ele>
   </trkpt>
   <trkpt lat="54.20888000000001" lon="23.35782">
    <ele>152.53</ele>
   </trkpt>
   <trkpt lat="54.20910000000001" lon="23.357460000000003">
    <ele>152.12</ele>
   </trkpt>
   <trkpt lat="54.20959000369342" lon="23.356520011082175">
    <ele>150.15</ele>
   </trkpt>
   <trkpt lat="54.210080000000005" lon="23.355580000000003">
    <ele>149.01</ele>
   </trkpt>
   <trkpt lat="54.210080000000005" lon="23.355590000000003">
    <ele>149.01</ele>
   </trkpt>
   <trkpt lat="54.21031000000001" lon="23.355130000000003">
    <ele>149.36</ele>
   </trkpt>
   <trkpt lat="54.21082501914766" lon="23.354168393271845">
    <ele>152.24</ele>
   </trkpt>
   <trkpt lat="54.21134003063921" lon="23.353206762564533">
    <ele>152.32000000000002</ele>
   </trkpt>
   <trkpt lat="54.21185503447432" lon="23.352245107877362">
    <ele>151.34</ele>
   </trkpt>
   <trkpt lat="54.21237003065264" lon="23.351283429209637">
    <ele>152.04</ele>
   </trkpt>
   <trkpt lat="54.21288501917386" lon="23.35032172656067">
    <ele>151.89000000000001</ele>
   </trkpt>
   <trkpt lat="54.21340000000001" lon="23.34936">
    <ele>150.18</ele>
   </trkpt>
   <trkpt lat="54.213550000000005" lon="23.34918">
    <ele>149.95</ele>
   </trkpt>
   <trkpt lat="54.213710000000006" lon="23.349020000000003">
    <ele>149.95</ele>
   </trkpt>
   <trkpt lat="54.213860000000004" lon="23.348940000000002">
    <ele>149.67000000000002</ele>
   </trkpt>
   <trkpt lat="54.21406" lon="23.34887">
    <ele>149.67000000000002</ele>
   </trkpt>
   <trkpt lat="54.21437" lon="23.348860000000002">
    <ele>149.37</ele>
   </trkpt>
   <trkpt lat="54.215" lon="23.348910000000004">
    <ele>149.42000000000002</ele>
   </trkpt>
   <trkpt lat="54.215160000000004" lon="23.3489">
    <ele>149.93</ele>
   </trkpt>
   <trkpt lat="54.215430000000005" lon="23.34879">
    <ele>150.13000000000002</ele>
   </trkpt>
   <trkpt lat="54.21623" lon="23.34842">
    <ele>150.73</ele>
   </trkpt>
   <trkpt lat="54.217060000000004" lon="23.34793">
    <ele>150.55</ele>
   </trkpt>
   <trkpt lat="54.21741" lon="23.34768">
    <ele>149.78000000000003</ele>
   </trkpt>
   <trkpt lat="54.217970000654404" lon="23.347290005271415">
    <ele>149.4</ele>
   </trkpt>
   <trkpt lat="54.21853" lon="23.3469">
    <ele>150.71</ele>
   </trkpt>
   <trkpt lat="54.21871" lon="23.346580000000003">
    <ele>150.9</ele>
   </trkpt>
   <trkpt lat="54.218770000000006" lon="23.34637">
    <ele>151.32</ele>
   </trkpt>
   <trkpt lat="54.218790000000006" lon="23.34609">
    <ele>151.32</ele>
   </trkpt>
   <trkpt lat="54.218795003617586" lon="23.34515500032709">
    <ele>152.15</ele>
   </trkpt>
   <trkpt lat="54.2188" lon="23.344220000000004">
    <ele>154.67</ele>
   </trkpt>
   <trkpt lat="54.21885" lon="23.34373">
    <ele>155.15</ele>
   </trkpt>
   <trkpt lat="54.21894" lon="23.34354">
    <ele>155.52</ele>
   </trkpt>
   <trkpt lat="54.21947667361144" lon="23.34262335717989">
    <ele>156.31</ele>
   </trkpt>
   <trkpt lat="54.22001334026669" lon="23.34170669053316">
    <ele>156.55</ele>
   </trkpt>
   <trkpt lat="54.22055" lon="23.340790000000002">
    <ele>157.08</ele>
   </trkpt>
   <trkpt lat="54.220250009576354" lon="23.339713317616038">
    <ele>158.13000000000002</ele>
   </trkpt>
   <trkpt lat="54.21995000955599" lon="23.33863665087652">
    <ele>157.62</ele>
   </trkpt>
   <trkpt lat="54.21965" lon="23.337560000000003">
    <ele>155.93</ele>
   </trkpt>
   <trkpt lat="54.21961" lon="23.33727">
    <ele>155.93</ele>
   </trkpt>
   <trkpt lat="54.21958000000001" lon="23.3368">
    <ele>156.08</ele>
   </trkpt>
   <trkpt lat="54.219550000000005" lon="23.33576">
    <ele>156.81</ele>
   </trkpt>
   <trkpt lat="54.219550000000005" lon="23.33575">
    <ele>156.81</ele>
   </trkpt>
   <trkpt lat="54.21952334948184" lon="23.334353331506275">
    <ele>157.70000000000002</ele>
   </trkpt>
   <trkpt lat="54.21949668281472" lon="23.3329566648159">
    <ele>158.48000000000002</ele>
   </trkpt>
   <trkpt lat="54.21947" lon="23.331560000000003">
    <ele>157.66000000000003</ele>
   </trkpt>
   <trkpt lat="54.21940000433871" lon="23.330534998113677">
    <ele>158.31</ele>
   </trkpt>
   <trkpt lat="54.21933000000001" lon="23.329510000000003">
    <ele>160.89000000000001</ele>
   </trkpt>
   <trkpt lat="54.21938" lon="23.32882">
    <ele>162.84</ele>
   </trkpt>
   <trkpt lat="54.219360004742164" lon="23.327749999645853">
    <ele>163.08</ele>
   </trkpt>
   <trkpt lat="54.21934" lon="23.326680000000003">
    <ele>165.15</ele>
   </trkpt>
   <trkpt lat="54.21931000000001" lon="23.32644">
    <ele>165.11</ele>
   </trkpt>
   <trkpt lat="54.219190000000005" lon="23.32616">
    <ele>164.64000000000001</ele>
   </trkpt>
   <trkpt lat="54.218770001724735" lon="23.325519993535234">
    <ele>162.07000000000002</ele>
   </trkpt>
   <trkpt lat="54.21835" lon="23.32488">
    <ele>162.01000000000002</ele>
   </trkpt>
   <trkpt lat="54.218210000000006" lon="23.32456">
    <ele>162.29999999999998</ele>
   </trkpt>
   <trkpt lat="54.218010014140276" lon="23.32325332071088">
    <ele>163.20000000000002</ele>
   </trkpt>
   <trkpt lat="54.2178100141454" lon="23.321946654078076">
    <ele>162.72</ele>
   </trkpt>
   <trkpt lat="54.21761000000001" lon="23.32064">
    <ele>162.14000000000001</ele>
   </trkpt>
   <trkpt lat="54.21761000000001" lon="23.32063">
    <ele>162.14000000000001</ele>
   </trkpt>
   <trkpt lat="54.217400025220094" lon="23.31920497828246">
    <ele>160.25</ele>
   </trkpt>
   <trkpt lat="54.217190033628654" lon="23.31777997105664">
    <ele>158.99</ele>
   </trkpt>
   <trkpt lat="54.21698002522597" lon="23.31635497832343">
    <ele>159.23000000000002</ele>
   </trkpt>
   <trkpt lat="54.216770000000004" lon="23.31493">
    <ele>163.32000000000002</ele>
   </trkpt>
   <trkpt lat="54.216655003275484" lon="23.314039997495495">
    <ele>163.64000000000001</ele>
   </trkpt>
   <trkpt lat="54.21654" lon="23.31315">
    <ele>162.54999999999998</ele>
   </trkpt>
   <trkpt lat="54.216620000000006" lon="23.313070000000003">
    <ele>162.11</ele>
   </trkpt>
   <trkpt lat="54.217110000000005" lon="23.312330000000003">
    <ele>161.64000000000001</ele>
   </trkpt>
   <trkpt lat="54.217380000000006" lon="23.311980000000002">
    <ele>162.01000000000002</ele>
   </trkpt>
   <trkpt lat="54.21755" lon="23.311840000000004">
    <ele>161.70000000000002</ele>
   </trkpt>
   <trkpt lat="54.21831" lon="23.31145">
    <ele>157.10000000000002</ele>
   </trkpt>
   <trkpt lat="54.21864000000001" lon="23.31125">
    <ele>157.19000000000003</ele>
   </trkpt>
   <trkpt lat="54.21896" lon="23.31098">
    <ele>159.01000000000002</ele>
   </trkpt>
   <trkpt lat="54.21949500102329" lon="23.310470006658466">
    <ele>162.5</ele>
   </trkpt>
   <trkpt lat="54.22003" lon="23.30996">
    <ele>162.63000000000002</ele>
   </trkpt>
   <trkpt lat="54.22059666838838" lon="23.3095133455378">
    <ele>160.69</ele>
   </trkpt>
   <trkpt lat="54.22116333512513" lon="23.309066678816087">
    <ele>160.10000000000002</ele>
   </trkpt>
   <trkpt lat="54.22173000000001" lon="23.30862">
    <ele>161.09</ele>
   </trkpt>
   <trkpt lat="54.222460000000005" lon="23.308030000000002">
    <ele>162.82000000000002</ele>
   </trkpt>
   <trkpt lat="54.222640000000006" lon="23.307910000000003">
    <ele>163.20000000000002</ele>
   </trkpt>
   <trkpt lat="54.22283" lon="23.307840000000002">
    <ele>163.34</ele>
   </trkpt>
   <trkpt lat="54.22342000007984" lon="23.307765001064567">
    <ele>161.45000000000002</ele>
   </trkpt>
   <trkpt lat="54.22401000000001" lon="23.30769">
    <ele>160.51000000000002</ele>
   </trkpt>
   <trkpt lat="54.22472750014383" lon="23.307590005210997">
    <ele>162.32000000000002</ele>
   </trkpt>
   <trkpt lat="54.22544500020486" lon="23.307490006946313">
    <ele>167.08</ele>
   </trkpt>
   <trkpt lat="54.22616250018313" lon="23.307390005205733">
    <ele>168.41</ele>
   </trkpt>
   <trkpt lat="54.22688" lon="23.307290000000002">
    <ele>165.35000000000002</ele>
   </trkpt>
   <trkpt lat="54.22717" lon="23.30721">
    <ele>164.11</ele>
   </trkpt>
   <trkpt lat="54.22729" lon="23.307080000000003">
    <ele>163.20000000000002</ele>
   </trkpt>
   <trkpt lat="54.227410000000006" lon="23.30686">
    <ele>162.23000000000002</ele>
   </trkpt>
   <trkpt lat="54.227540000000005" lon="23.306510000000003">
    <ele>161.34</ele>
   </trkpt>
   <trkpt lat="54.22762" lon="23.306210000000004">
    <ele>161.18</ele>
   </trkpt>
   <trkpt lat="54.22777000000001" lon="23.30536">
    <ele>161.09</ele>
   </trkpt>
   <trkpt lat="54.227880000000006" lon="23.304910000000003">
    <ele>161.63000000000002</ele>
   </trkpt>
   <trkpt lat="54.228030000000004" lon="23.304470000000002">
    <ele>161.44</ele>
   </trkpt>
   <trkpt lat="54.22842500355287" lon="23.303545008824155">
    <ele>161.05</ele>
   </trkpt>
   <trkpt lat="54.228820000000006" lon="23.30262">
    <ele>161.41000000000003</ele>
   </trkpt>
   <trkpt lat="54.22892" lon="23.302300000000002">
    <ele>162.26000000000002</ele>
   </trkpt>
   <trkpt lat="54.229020000000006" lon="23.302010000000003">
    <ele>162.81</ele>
   </trkpt>
   <trkpt lat="54.229310000000005" lon="23.300790000000003">
    <ele>162.12</ele>
   </trkpt>
   <trkpt lat="54.229530000000004" lon="23.299960000000002">
    <ele>163.07000000000002</ele>
   </trkpt>
   <trkpt lat="54.22979" lon="23.29944">
    <ele>163.35000000000002</ele>
   </trkpt>
   <trkpt lat="54.22995" lon="23.29926">
    <ele>162.59</ele>
   </trkpt>
   <trkpt lat="54.230270000000004" lon="23.298990000000003">
    <ele>162.09</ele>
   </trkpt>
   <trkpt lat="54.23078" lon="23.298640000000002">
    <ele>161.78</ele>
   </trkpt>
   <trkpt lat="54.231010000000005" lon="23.298460000000002">
    <ele>162.08</ele>
   </trkpt>
   <trkpt lat="54.231370000000005" lon="23.2981">
    <ele>163.3</ele>
   </trkpt>
   <trkpt lat="54.23158" lon="23.297800000000002">
    <ele>164.17000000000002</ele>
   </trkpt>
   <trkpt lat="54.231930000000006" lon="23.297150000000002">
    <ele>163.59</ele>
   </trkpt>
   <trkpt lat="54.23219" lon="23.296770000000002">
    <ele>163.15</ele>
   </trkpt>
   <trkpt lat="54.23219" lon="23.296650000000003">
    <ele>163.06</ele>
   </trkpt>
   <trkpt lat="54.232290000000006" lon="23.295720000000003">
    <ele>165.36</ele>
   </trkpt>
   <trkpt lat="54.23234000000001" lon="23.29503">
    <ele>167.25</ele>
   </trkpt>
   <trkpt lat="54.23245000000001" lon="23.29418">
    <ele>169.41</ele>
   </trkpt>
   <trkpt lat="54.232580000000006" lon="23.29343">
    <ele>166.79000000000002</ele>
   </trkpt>
   <trkpt lat="54.232600000000005" lon="23.293180000000003">
    <ele>165.74</ele>
   </trkpt>
   <trkpt lat="54.232580000000006" lon="23.292990000000003">
    <ele>165.21</ele>
   </trkpt>
   <trkpt lat="54.232490000000006" lon="23.292640000000002">
    <ele>164.43</ele>
   </trkpt>
   <trkpt lat="54.23203" lon="23.29163">
    <ele>162.69</ele>
   </trkpt>
   <trkpt lat="54.23167" lon="23.290930000000003">
    <ele>162.38000000000002</ele>
   </trkpt>
   <trkpt lat="54.231550000000006" lon="23.290770000000002">
    <ele>162.61</ele>
   </trkpt>
   <trkpt lat="54.231100000000005" lon="23.29044">
    <ele>162.88000000000002</ele>
   </trkpt>
   <trkpt lat="54.230830000000005" lon="23.290180000000003">
    <ele>164.26000000000002</ele>
   </trkpt>
   <trkpt lat="54.230360000000005" lon="23.289810000000003">
    <ele>168.08</ele>
   </trkpt>
   <trkpt lat="54.230180000000004" lon="23.289710000000003">
    <ele>167.17000000000002</ele>
   </trkpt>
   <trkpt lat="54.22993" lon="23.28939">
    <ele>163.60000000000002</ele>
   </trkpt>
   <trkpt lat="54.22992000000001" lon="23.28939">
    <ele>163.57000000000002</ele>
   </trkpt>
   <trkpt lat="54.22981000000001" lon="23.289240000000003">
    <ele>162.38000000000002</ele>
   </trkpt>
   <trkpt lat="54.22939" lon="23.28835">
    <ele>160.70000000000002</ele>
   </trkpt>
   <trkpt lat="54.22921" lon="23.28806">
    <ele>160.07000000000002</ele>
   </trkpt>
   <trkpt lat="54.22899" lon="23.287770000000002">
    <ele>159.59</ele>
   </trkpt>
   <trkpt lat="54.22887000000001" lon="23.287560000000003">
    <ele>159.47</ele>
   </trkpt>
   <trkpt lat="54.228750000000005" lon="23.287300000000002">
    <ele>159.56</ele>
   </trkpt>
   <trkpt lat="54.228410000000004" lon="23.28631">
    <ele>159.89000000000001</ele>
   </trkpt>
   <trkpt lat="54.22827" lon="23.285610000000002">
    <ele>159.81</ele>
   </trkpt>
   <trkpt lat="54.228010003249366" lon="23.284734994759873">
    <ele>157.51000000000002</ele>
   </trkpt>
   <trkpt lat="54.22775000000001" lon="23.28386">
    <ele>157.58</ele>
   </trkpt>
   <trkpt lat="54.227630000000005" lon="23.283160000000002">
    <ele>156.79000000000002</ele>
   </trkpt>
   <trkpt lat="54.227540000000005" lon="23.28224">
    <ele>156.25</ele>
   </trkpt>
   <trkpt lat="54.22746000000001" lon="23.281760000000002">
    <ele>156.24</ele>
   </trkpt>
   <trkpt lat="54.227380000000004" lon="23.28142">
    <ele>156.11</ele>
   </trkpt>
   <trkpt lat="54.227145002752025" lon="23.280604995370382">
    <ele>155.86</ele>
   </trkpt>
   <trkpt lat="54.226910000000004" lon="23.279790000000002">
    <ele>154.75000000000003</ele>
   </trkpt>
   <trkpt lat="54.2267" lon="23.27868">
    <ele>154.44000000000003</ele>
   </trkpt>
   <trkpt lat="54.2265" lon="23.277330000000003">
    <ele>154.10000000000002</ele>
   </trkpt>
   <trkpt lat="54.226420000000005" lon="23.27652">
    <ele>154.74</ele>
   </trkpt>
   <trkpt lat="54.226420000000005" lon="23.276510000000002">
    <ele>154.74</ele>
   </trkpt>
   <trkpt lat="54.226305004074135" lon="23.275509996650403">
    <ele>156.3</ele>
   </trkpt>
   <trkpt lat="54.22619" lon="23.274510000000003">
    <ele>158.84</ele>
   </trkpt>
   <trkpt lat="54.226200000000006" lon="23.27408">
    <ele>158.4</ele>
   </trkpt>
   <trkpt lat="54.226380000000006" lon="23.27277">
    <ele>156.12</ele>
   </trkpt>
   <trkpt lat="54.22646" lon="23.272070000000003">
    <ele>155.95</ele>
   </trkpt>
   <trkpt lat="54.22645000000001" lon="23.271880000000003">
    <ele>155.95</ele>
   </trkpt>
   <trkpt lat="54.22596999997341" lon="23.271895000175267">
    <ele>154.77</ele>
   </trkpt>
   <trkpt lat="54.22549000000001" lon="23.271910000000002">
    <ele>155.56</ele>
   </trkpt>
   <trkpt lat="54.225210000000004" lon="23.27186">
    <ele>155.52</ele>
   </trkpt>
   <trkpt lat="54.224690000224236" lon="23.27172999840119">
    <ele>156.77</ele>
   </trkpt>
   <trkpt lat="54.22417000000001" lon="23.271600000000003">
    <ele>159.48000000000002</ele>
   </trkpt>
   <trkpt lat="54.22393" lon="23.271510000000003">
    <ele>159.64000000000001</ele>
   </trkpt>
   <trkpt lat="54.223600000000005" lon="23.27128">
    <ele>160.01000000000002</ele>
   </trkpt>
   <trkpt lat="54.22336000000001" lon="23.271160000000002">
    <ele>160.15</ele>
   </trkpt>
   <trkpt lat="54.22307000000001" lon="23.27107">
    <ele>160.49</ele>
   </trkpt>
   <trkpt lat="54.22280000000001" lon="23.271020000000004">
    <ele>161.13000000000002</ele>
   </trkpt>
   <trkpt lat="54.222660000000005" lon="23.271050000000002">
    <ele>161.07000000000002</ele>
   </trkpt>
   <trkpt lat="54.22223" lon="23.27126">
    <ele>159.51000000000002</ele>
   </trkpt>
   <trkpt lat="54.22146000000001" lon="23.27157">
    <ele>157.55</ele>
   </trkpt>
   <trkpt lat="54.22148000000001" lon="23.27025">
    <ele>155.3</ele>
   </trkpt>
   <trkpt lat="54.22152000805473" lon="23.268855001361466">
    <ele>154.31</ele>
   </trkpt>
   <trkpt lat="54.221560000000004" lon="23.267460000000003">
    <ele>154.21</ele>
   </trkpt>
   <trkpt lat="54.22160251916973" lon="23.266217503856936">
    <ele>155.94000000000003</ele>
   </trkpt>
   <trkpt lat="54.2216450255592" lon="23.264975005155296">
    <ele>155.76000000000002</ele>
   </trkpt>
   <trkpt lat="54.22168751916842" lon="23.263732503895838">
    <ele>154.10000000000002</ele>
   </trkpt>
   <trkpt lat="54.22173000000001" lon="23.262490000000003">
    <ele>153.58</ele>
   </trkpt>
   <trkpt lat="54.221790000000006" lon="23.26207">
    <ele>153.78</ele>
   </trkpt>
   <trkpt lat="54.22185" lon="23.261870000000002">
    <ele>154.13000000000002</ele>
   </trkpt>
   <trkpt lat="54.222060000000006" lon="23.26142">
    <ele>155.11</ele>
   </trkpt>
   <trkpt lat="54.222350000000006" lon="23.260890000000003">
    <ele>155.78</ele>
   </trkpt>
   <trkpt lat="54.22293251079025" lon="23.259957539479423">
    <ele>153.77</ele>
   </trkpt>
   <trkpt lat="54.22351501438244" lon="23.25902505264754">
    <ele>155.47000000000003</ele>
   </trkpt>
   <trkpt lat="54.224097510776254" lon="23.25809253950338">
    <ele>155.0</ele>
   </trkpt>
   <trkpt lat="54.224680000000006" lon="23.257160000000002">
    <ele>157.26000000000002</ele>
   </trkpt>
   <trkpt lat="54.225095001442625" lon="23.25657000592813">
    <ele>158.25</ele>
   </trkpt>
   <trkpt lat="54.22551000000001" lon="23.25598">
    <ele>158.63000000000002</ele>
   </trkpt>
   <trkpt lat="54.225620000000006" lon="23.25578">
    <ele>159.3</ele>
   </trkpt>
   <trkpt lat="54.22604500373794" lon="23.254825009914416">
    <ele>158.48000000000002</ele>
   </trkpt>
   <trkpt lat="54.226470000000006" lon="23.253870000000003">
    <ele>158.05</ele>
   </trkpt>
   <trkpt lat="54.22646" lon="23.253890000000002">
    <ele>158.06</ele>
   </trkpt>
   <trkpt lat="54.22687500392079" lon="23.25291000997985">
    <ele>157.98000000000002</ele>
   </trkpt>
   <trkpt lat="54.22729" lon="23.25193">
    <ele>158.71</ele>
   </trkpt>
   <trkpt lat="54.227360000000004" lon="23.251710000000003">
    <ele>158.91000000000003</ele>
   </trkpt>
   <trkpt lat="54.2274" lon="23.25148">
    <ele>158.74</ele>
   </trkpt>
   <trkpt lat="54.22744" lon="23.250870000000003">
    <ele>157.34</ele>
   </trkpt>
   <trkpt lat="54.22746000000001" lon="23.249820000000003">
    <ele>156.41000000000003</ele>
   </trkpt>
   <trkpt lat="54.22749" lon="23.24941">
    <ele>156.5</ele>
   </trkpt>
   <trkpt lat="54.227560000000004" lon="23.24902">
    <ele>156.29000000000002</ele>
   </trkpt>
   <trkpt lat="54.22764" lon="23.24874">
    <ele>156.42</ele>
   </trkpt>
   <trkpt lat="54.227500000000006" lon="23.24867">
    <ele>156.38000000000002</ele>
   </trkpt>
   <trkpt lat="54.22706" lon="23.248600000000003">
    <ele>158.14</ele>
   </trkpt>
   <trkpt lat="54.226960000000005" lon="23.24847">
    <ele>158.14</ele>
   </trkpt>
   <trkpt lat="54.22695" lon="23.24837">
    <ele>159.34</ele>
   </trkpt>
   <trkpt lat="54.226980000000005" lon="23.2481">
    <ele>160.10999999999999</ele>
   </trkpt>
   <trkpt lat="54.227030000000006" lon="23.2479">
    <ele>160.35000000000002</ele>
   </trkpt>
   <trkpt lat="54.22701000000001" lon="23.2478">
    <ele>160.78</ele>
   </trkpt>
   <trkpt lat="54.22697" lon="23.24774">
    <ele>160.72</ele>
   </trkpt>
   <trkpt lat="54.226910000000004" lon="23.247690000000002">
    <ele>160.72</ele>
   </trkpt>
   <trkpt lat="54.22634000000001" lon="23.247410000000002">
    <ele>162.68</ele>
   </trkpt>
   <trkpt lat="54.226040000000005" lon="23.24727">
    <ele>164.70000000000002</ele>
   </trkpt>
   <trkpt lat="54.225750000000005" lon="23.24716">
    <ele>164.16</ele>
   </trkpt>
   <trkpt lat="54.22565" lon="23.247130000000002">
    <ele>162.88000000000002</ele>
   </trkpt>
   <trkpt lat="54.225210000000004" lon="23.24718">
    <ele>161.51000000000002</ele>
   </trkpt>
   <trkpt lat="54.224900000000005" lon="23.24706">
    <ele>161.54000000000002</ele>
   </trkpt>
   <trkpt lat="54.2246" lon="23.24697">
    <ele>161.68</ele>
   </trkpt>
   <trkpt lat="54.224520000000005" lon="23.246920000000003">
    <ele>161.77</ele>
   </trkpt>
   <trkpt lat="54.224320000000006" lon="23.246720000000003">
    <ele>162.81</ele>
   </trkpt>
   <trkpt lat="54.22419000000001" lon="23.246650000000002">
    <ele>163.72</ele>
   </trkpt>
   <trkpt lat="54.224070000000005" lon="23.24661">
    <ele>164.09</ele>
   </trkpt>
   <trkpt lat="54.223560000000006" lon="23.246540000000003">
    <ele>162.04000000000002</ele>
   </trkpt>
   <trkpt lat="54.223420000000004" lon="23.246560000000002">
    <ele>161.17000000000002</ele>
   </trkpt>
   <trkpt lat="54.223330000000004" lon="23.2466">
    <ele>160.94</ele>
   </trkpt>
   <trkpt lat="54.22323" lon="23.24667">
    <ele>160.48000000000002</ele>
   </trkpt>
   <trkpt lat="54.222910000000006" lon="23.247020000000003">
    <ele>160.66000000000003</ele>
   </trkpt>
   <trkpt lat="54.222750000000005" lon="23.24717">
    <ele>161.49</ele>
   </trkpt>
   <trkpt lat="54.222660000000005" lon="23.247200000000003">
    <ele>161.88000000000002</ele>
   </trkpt>
   <trkpt lat="54.222570000000005" lon="23.247190000000003">
    <ele>162.11</ele>
   </trkpt>
   <trkpt lat="54.22249000000001" lon="23.24716">
    <ele>162.69</ele>
   </trkpt>
   <trkpt lat="54.22229" lon="23.246930000000003">
    <ele>165.19</ele>
   </trkpt>
   <trkpt lat="54.22214" lon="23.246810000000004">
    <ele>166.29000000000002</ele>
   </trkpt>
   <trkpt lat="54.22202000000001" lon="23.246760000000002">
    <ele>166.52</ele>
   </trkpt>
   <trkpt lat="54.22187" lon="23.246730000000003">
    <ele>165.61</ele>
   </trkpt>
   <trkpt lat="54.22117000000001" lon="23.246750000000002">
    <ele>160.03</ele>
   </trkpt>
   <trkpt lat="54.220800000000004" lon="23.246650000000002">
    <ele>161.29000000000002</ele>
   </trkpt>
   <trkpt lat="54.220800000000004" lon="23.246640000000003">
    <ele>161.35000000000002</ele>
   </trkpt>
   <trkpt lat="54.220220000000005" lon="23.24649">
    <ele>164.52</ele>
   </trkpt>
   <trkpt lat="54.220060000000004" lon="23.246470000000002">
    <ele>164.9</ele>
   </trkpt>
   <trkpt lat="54.219660000000005" lon="23.24651">
    <ele>165.60000000000002</ele>
   </trkpt>
   <trkpt lat="54.21929000000001" lon="23.24659">
    <ele>164.71</ele>
   </trkpt>
   <trkpt lat="54.219080000000005" lon="23.246550000000003">
    <ele>163.91</ele>
   </trkpt>
   <trkpt lat="54.21882" lon="23.246460000000003">
    <ele>163.20000000000002</ele>
   </trkpt>
   <trkpt lat="54.21813" lon="23.24641">
    <ele>161.35000000000002</ele>
   </trkpt>
   <trkpt lat="54.21799000000001" lon="23.24642">
    <ele>159.46</ele>
   </trkpt>
   <trkpt lat="54.21791" lon="23.246460000000003">
    <ele>158.87</ele>
   </trkpt>
   <trkpt lat="54.21768" lon="23.246630000000003">
    <ele>158.21</ele>
   </trkpt>
   <trkpt lat="54.217560000000006" lon="23.24667">
    <ele>158.23000000000002</ele>
   </trkpt>
   <trkpt lat="54.21701" lon="23.246630000000003">
    <ele>160.23000000000002</ele>
   </trkpt>
   <trkpt lat="54.21685000000001" lon="23.246570000000002">
    <ele>160.57000000000002</ele>
   </trkpt>
   <trkpt lat="54.216330000000006" lon="23.246150000000004">
    <ele>159.88000000000002</ele>
   </trkpt>
   <trkpt lat="54.216190000000005" lon="23.246080000000003">
    <ele>159.88000000000002</ele>
   </trkpt>
   <trkpt lat="54.21607" lon="23.24604">
    <ele>159.07000000000002</ele>
   </trkpt>
   <trkpt lat="54.21558" lon="23.246070000000003">
    <ele>158.74</ele>
   </trkpt>
   <trkpt lat="54.21490000000001" lon="23.24595">
    <ele>158.62</ele>
   </trkpt>
   <trkpt lat="54.21475" lon="23.24595">
    <ele>157.65</ele>
   </trkpt>
   <trkpt lat="54.214490000000005" lon="23.24602">
    <ele>156.78</ele>
   </trkpt>
   <trkpt lat="54.21435" lon="23.24603">
    <ele>156.69000000000003</ele>
   </trkpt>
   <trkpt lat="54.21421" lon="23.246000000000002">
    <ele>156.72000000000003</ele>
   </trkpt>
   <trkpt lat="54.21407000000001" lon="23.24593">
    <ele>157.04000000000002</ele>
   </trkpt>
   <trkpt lat="54.213950000000004" lon="23.24583">
    <ele>157.04000000000002</ele>
   </trkpt>
   <trkpt lat="54.21387000000001" lon="23.245710000000003">
    <ele>157.09</ele>
   </trkpt>
   <trkpt lat="54.213770000000004" lon="23.245440000000002">
    <ele>156.96</ele>
   </trkpt>
   <trkpt lat="54.21376000000001" lon="23.24461">
    <ele>156.48000000000002</ele>
   </trkpt>
   <trkpt lat="54.213730000000005" lon="23.244460000000004">
    <ele>156.48000000000002</ele>
   </trkpt>
   <trkpt lat="54.213680000000004" lon="23.244320000000002">
    <ele>156.35000000000002</ele>
   </trkpt>
   <trkpt lat="54.21359" lon="23.244180000000004">
    <ele>156.35000000000002</ele>
   </trkpt>
   <trkpt lat="54.212970000000006" lon="23.243840000000002">
    <ele>156.38000000000002</ele>
   </trkpt>
   <trkpt lat="54.212880000000006" lon="23.243820000000003">
    <ele>156.51000000000002</ele>
   </trkpt>
   <trkpt lat="54.21276" lon="23.243850000000002">
    <ele>156.59</ele>
   </trkpt>
   <trkpt lat="54.21249" lon="23.244030000000002">
    <ele>157.34</ele>
   </trkpt>
   <trkpt lat="54.21226000000001" lon="23.24414">
    <ele>157.46</ele>
   </trkpt>
   <trkpt lat="54.211960000000005" lon="23.244200000000003">
    <ele>157.32000000000002</ele>
   </trkpt>
   <trkpt lat="54.21144" lon="23.244370000000004">
    <ele>159.42000000000002</ele>
   </trkpt>
   <trkpt lat="54.21112" lon="23.244460000000004">
    <ele>158.20000000000002</ele>
   </trkpt>
   <trkpt lat="54.210750000000004" lon="23.244480000000003">
    <ele>157.93</ele>
   </trkpt>
   <trkpt lat="54.210300000000004" lon="23.24462">
    <ele>158.10999999999999</ele>
   </trkpt>
   <trkpt lat="54.21012" lon="23.244670000000003">
    <ele>157.68</ele>
   </trkpt>
   <trkpt lat="54.209605000119524" lon="23.244715000551313">
    <ele>155.72000000000003</ele>
   </trkpt>
   <trkpt lat="54.20909" lon="23.244760000000003">
    <ele>156.98000000000002</ele>
   </trkpt>
   <trkpt lat="54.20831500013948" lon="23.24489000242719">
    <ele>156.79000000000002</ele>
   </trkpt>
   <trkpt lat="54.20754" lon="23.24502">
    <ele>156.16000000000003</ele>
   </trkpt>
   <trkpt lat="54.20706499993021" lon="23.245115001113717">
    <ele>155.36</ele>
   </trkpt>
   <trkpt lat="54.206590000000006" lon="23.24521">
    <ele>153.28</ele>
   </trkpt>
   <trkpt lat="54.20571" lon="23.245430000000002">
    <ele>154.63000000000002</ele>
   </trkpt>
   <trkpt lat="54.205210000055146" lon="23.245475000540388">
    <ele>153.72000000000003</ele>
   </trkpt>
   <trkpt lat="54.204710000000006" lon="23.245520000000003">
    <ele>154.48</ele>
   </trkpt>
   <trkpt lat="54.204440000000005" lon="23.24557">
    <ele>153.93</ele>
   </trkpt>
   <trkpt lat="54.204190000000004" lon="23.24558">
    <ele>154.06</ele>
   </trkpt>
   <trkpt lat="54.20400000000001" lon="23.245540000000002">
    <ele>154.71</ele>
   </trkpt>
   <trkpt lat="54.203720000000004" lon="23.24539">
    <ele>157.66000000000003</ele>
   </trkpt>
   <trkpt lat="54.20353000000001" lon="23.24521">
    <ele>158.56</ele>
   </trkpt>
   <trkpt lat="54.20335000000001" lon="23.24499">
    <ele>158.94000000000003</ele>
   </trkpt>
   <trkpt lat="54.2032" lon="23.244780000000002">
    <ele>158.82000000000002</ele>
   </trkpt>
   <trkpt lat="54.20306000000001" lon="23.24453">
    <ele>158.35000000000002</ele>
   </trkpt>
   <trkpt lat="54.202780000000004" lon="23.243840000000002">
    <ele>155.04000000000002</ele>
   </trkpt>
   <trkpt lat="54.202310000000004" lon="23.242590000000003">
    <ele>153.83</ele>
   </trkpt>
   <trkpt lat="54.20192" lon="23.241470000000003">
    <ele>157.02</ele>
   </trkpt>
   <trkpt lat="54.201730000000005" lon="23.241110000000003">
    <ele>158.68</ele>
   </trkpt>
   <trkpt lat="54.201480000000004" lon="23.240840000000002">
    <ele>158.49</ele>
   </trkpt>
   <trkpt lat="54.200990000000004" lon="23.24042">
    <ele>157.75</ele>
   </trkpt>
   <trkpt lat="54.200750000000006" lon="23.240160000000003">
    <ele>157.57000000000002</ele>
   </trkpt>
   <trkpt lat="54.20055000000001" lon="23.23986">
    <ele>157.29000000000002</ele>
   </trkpt>
   <trkpt lat="54.2004" lon="23.23958">
    <ele>156.72000000000003</ele>
   </trkpt>
   <trkpt lat="54.19991" lon="23.23852">
    <ele>155.66000000000003</ele>
   </trkpt>
   <trkpt lat="54.1998" lon="23.23835">
    <ele>155.74</ele>
   </trkpt>
   <trkpt lat="54.199510000000004" lon="23.238010000000003">
    <ele>156.3</ele>
   </trkpt>
   <trkpt lat="54.198820000000005" lon="23.23731">
    <ele>157.98000000000002</ele>
   </trkpt>
   <trkpt lat="54.19856000000001" lon="23.23702">
    <ele>158.44000000000003</ele>
   </trkpt>
   <trkpt lat="54.19807" lon="23.236400000000003">
    <ele>156.74</ele>
   </trkpt>
   <trkpt lat="54.19787" lon="23.236050000000002">
    <ele>156.69000000000003</ele>
   </trkpt>
   <trkpt lat="54.19745" lon="23.234920000000002">
    <ele>158.45000000000002</ele>
   </trkpt>
   <trkpt lat="54.19718" lon="23.23441">
    <ele>157.53</ele>
   </trkpt>
   <trkpt lat="54.19702" lon="23.23419">
    <ele>157.21</ele>
   </trkpt>
   <trkpt lat="54.196920000000006" lon="23.23411">
    <ele>157.12</ele>
   </trkpt>
   <trkpt lat="54.19675" lon="23.23403">
    <ele>157.38000000000002</ele>
   </trkpt>
   <trkpt lat="54.19652000000001" lon="23.233960000000003">
    <ele>157.42</ele>
   </trkpt>
   <trkpt lat="54.195840000000004" lon="23.23366">
    <ele>156.11</ele>
   </trkpt>
   <trkpt lat="54.195330000000006" lon="23.23348">
    <ele>156.51000000000002</ele>
   </trkpt>
   <trkpt lat="54.19480000000001" lon="23.23325">
    <ele>156.69000000000003</ele>
   </trkpt>
   <trkpt lat="54.19449" lon="23.23309">
    <ele>157.59</ele>
   </trkpt>
   <trkpt lat="54.19438" lon="23.23297">
    <ele>157.57000000000002</ele>
   </trkpt>
   <trkpt lat="54.19411" lon="23.232470000000003">
    <ele>156.9</ele>
   </trkpt>
   <trkpt lat="54.19373" lon="23.23167">
    <ele>154.87</ele>
   </trkpt>
   <trkpt lat="54.19373" lon="23.23166">
    <ele>154.86</ele>
   </trkpt>
   <trkpt lat="54.193430000000006" lon="23.23103">
    <ele>153.87</ele>
   </trkpt>
   <trkpt lat="54.193340000000006" lon="23.23073">
    <ele>153.67</ele>
   </trkpt>
   <trkpt lat="54.193270000000005" lon="23.23037">
    <ele>153.24</ele>
   </trkpt>
   <trkpt lat="54.193200000000004" lon="23.229280000000003">
    <ele>153.16000000000003</ele>
   </trkpt>
   <trkpt lat="54.19315" lon="23.22888">
    <ele>153.09</ele>
   </trkpt>
   <trkpt lat="54.19299" lon="23.2281">
    <ele>153.27</ele>
   </trkpt>
   <trkpt lat="54.19286" lon="23.227670000000003">
    <ele>153.74</ele>
   </trkpt>
   <trkpt lat="54.192780000000006" lon="23.22747">
    <ele>153.74</ele>
   </trkpt>
   <trkpt lat="54.192400000000006" lon="23.22678">
    <ele>153.55</ele>
   </trkpt>
   <trkpt lat="54.19182000000001" lon="23.22586">
    <ele>153.01</ele>
   </trkpt>
   <trkpt lat="54.191720000000004" lon="23.225900000000003">
    <ele>153.03</ele>
   </trkpt>
   <trkpt lat="54.191660000000006" lon="23.226020000000002">
    <ele>153.03</ele>
   </trkpt>
   <trkpt lat="54.19129" lon="23.227220000000003">
    <ele>155.09</ele>
   </trkpt>
   <trkpt lat="54.191190000000006" lon="23.22746">
    <ele>155.51000000000002</ele>
   </trkpt>
   <trkpt lat="54.19111" lon="23.227600000000002">
    <ele>156.18</ele>
   </trkpt>
   <trkpt lat="54.190870000000004" lon="23.227860000000003">
    <ele>157.75</ele>
   </trkpt>
   <trkpt lat="54.190580000000004" lon="23.2281">
    <ele>157.51000000000002</ele>
   </trkpt>
   <trkpt lat="54.19006" lon="23.228320000000004">
    <ele>158.52</ele>
   </trkpt>
   <trkpt lat="54.18948" lon="23.228700000000003">
    <ele>156.41000000000003</ele>
   </trkpt>
   <trkpt lat="54.18936000000001" lon="23.22884">
    <ele>156.37</ele>
   </trkpt>
   <trkpt lat="54.18901" lon="23.22942">
    <ele>156.53</ele>
   </trkpt>
   <trkpt lat="54.18849" lon="23.230430000000002">
    <ele>156.46</ele>
   </trkpt>
   <trkpt lat="54.188250000000004" lon="23.230680000000003">
    <ele>155.42</ele>
   </trkpt>
   <trkpt lat="54.187850000000005" lon="23.231140000000003">
    <ele>151.88000000000002</ele>
   </trkpt>
   <trkpt lat="54.18766" lon="23.231260000000002">
    <ele>151.56</ele>
   </trkpt>
   <trkpt lat="54.187450000000005" lon="23.231340000000003">
    <ele>152.13000000000002</ele>
   </trkpt>
   <trkpt lat="54.18739000000001" lon="23.23093">
    <ele>152.14000000000001</ele>
   </trkpt>
   <trkpt lat="54.187360000000005" lon="23.229770000000002">
    <ele>151.53000000000003</ele>
   </trkpt>
   <trkpt lat="54.187290000000004" lon="23.228900000000003">
    <ele>152.99</ele>
   </trkpt>
   <trkpt lat="54.18732000000001" lon="23.22847">
    <ele>152.92</ele>
   </trkpt>
   <trkpt lat="54.187200000000004" lon="23.227980000000002">
    <ele>153.85000000000002</ele>
   </trkpt>
   <trkpt lat="54.186960000000006" lon="23.226860000000002">
    <ele>153.46</ele>
   </trkpt>
   <trkpt lat="54.186890000000005" lon="23.226670000000002">
    <ele>153.37</ele>
   </trkpt>
   <trkpt lat="54.186730000000004" lon="23.22634">
    <ele>152.37</ele>
   </trkpt>
   <trkpt lat="54.186490000000006" lon="23.22576">
    <ele>151.38000000000002</ele>
   </trkpt>
   <trkpt lat="54.186110000000006" lon="23.225060000000003">
    <ele>154.2</ele>
   </trkpt>
   <trkpt lat="54.18580000000001" lon="23.22474">
    <ele>154.11</ele>
   </trkpt>
   <trkpt lat="54.18565" lon="23.224490000000003">
    <ele>153.52</ele>
   </trkpt>
   <trkpt lat="54.18515000000001" lon="23.223480000000002">
    <ele>150.71</ele>
   </trkpt>
   <trkpt lat="54.18507" lon="23.223370000000003">
    <ele>150.7</ele>
   </trkpt>
   <trkpt lat="54.18484" lon="23.22315">
    <ele>151.8</ele>
   </trkpt>
   <trkpt lat="54.184720000000006" lon="23.222910000000002">
    <ele>151.53000000000003</ele>
   </trkpt>
   <trkpt lat="54.184520000000006" lon="23.22247">
    <ele>150.59</ele>
   </trkpt>
   <trkpt lat="54.18423000000001" lon="23.22172">
    <ele>150.02</ele>
   </trkpt>
   <trkpt lat="54.184180000000005" lon="23.22155">
    <ele>149.88000000000002</ele>
   </trkpt>
   <trkpt lat="54.18410000000001" lon="23.221100000000003">
    <ele>149.93</ele>
   </trkpt>
   <trkpt lat="54.184050000000006" lon="23.220950000000002">
    <ele>150.07</ele>
   </trkpt>
   <trkpt lat="54.183600000000006" lon="23.220000000000002">
    <ele>151.93</ele>
   </trkpt>
   <trkpt lat="54.183490000000006" lon="23.219970000000004">
    <ele>151.67</ele>
   </trkpt>
   <trkpt lat="54.18338000000001" lon="23.220010000000002">
    <ele>151.37</ele>
   </trkpt>
   <trkpt lat="54.18292" lon="23.22032">
    <ele>151.00000000000003</ele>
   </trkpt>
   <trkpt lat="54.182610000000004" lon="23.22043">
    <ele>150.81</ele>
   </trkpt>
   <trkpt lat="54.182320000000004" lon="23.2206">
    <ele>150.79</ele>
   </trkpt>
   <trkpt lat="54.18218" lon="23.220660000000002">
    <ele>150.79</ele>
   </trkpt>
   <trkpt lat="54.18162" lon="23.2208">
    <ele>151.29</ele>
   </trkpt>
   <trkpt lat="54.181490000000004" lon="23.22089">
    <ele>151.94000000000003</ele>
   </trkpt>
   <trkpt lat="54.18094000000001" lon="23.221400000000003">
    <ele>151.87</ele>
   </trkpt>
   <trkpt lat="54.180730000000004" lon="23.22154">
    <ele>152.39000000000001</ele>
   </trkpt>
   <trkpt lat="54.180730000000004" lon="23.220850000000002">
    <ele>153.44000000000003</ele>
   </trkpt>
   <trkpt lat="54.18080500284771" lon="23.22002000156222">
    <ele>155.15</ele>
   </trkpt>
   <trkpt lat="54.18088" lon="23.21919">
    <ele>155.29000000000002</ele>
   </trkpt>
   <trkpt lat="54.18092501707894" lon="23.21801750383645">
    <ele>154.77</ele>
   </trkpt>
   <trkpt lat="54.18097002277173" lon="23.216845005120376">
    <ele>155.05</ele>
   </trkpt>
   <trkpt lat="54.18101501707835" lon="23.215672503852435">
    <ele>155.16000000000003</ele>
   </trkpt>
   <trkpt lat="54.18106" lon="23.2145">
    <ele>155.95</ele>
   </trkpt>
   <trkpt lat="54.18104" lon="23.213870000000004">
    <ele>156.28</ele>
   </trkpt>
   <trkpt lat="54.18090000866156" lon="23.212424995259493">
    <ele>156.45</ele>
   </trkpt>
   <trkpt lat="54.18076000000001" lon="23.210980000000003">
    <ele>154.94000000000003</ele>
   </trkpt>
   <trkpt lat="54.18077" lon="23.21102">
    <ele>154.94000000000003</ele>
   </trkpt>
   <trkpt lat="54.180685003434824" lon="23.210109998188525">
    <ele>154.67</ele>
   </trkpt>
   <trkpt lat="54.180600000000005" lon="23.209200000000003">
    <ele>154.28</ele>
   </trkpt>
   <trkpt lat="54.18050751643353" lon="23.208049992324113">
    <ele>152.68</ele>
   </trkpt>
   <trkpt lat="54.180415021913504" lon="23.20689998979241">
    <ele>151.64000000000001</ele>
   </trkpt>
   <trkpt lat="54.18032251644002" lon="23.205749992405458">
    <ele>151.25000000000003</ele>
   </trkpt>
   <trkpt lat="54.18023" lon="23.204600000000003">
    <ele>151.39000000000001</ele>
   </trkpt>
   <trkpt lat="54.180020000000006" lon="23.20351">
    <ele>151.54</ele>
   </trkpt>
   <trkpt lat="54.17985500236285" lon="23.20275999715943">
    <ele>150.25000000000003</ele>
   </trkpt>
   <trkpt lat="54.17969000000001" lon="23.20201">
    <ele>150.55</ele>
   </trkpt>
   <trkpt lat="54.17962000000001" lon="23.201780000000003">
    <ele>151.29</ele>
   </trkpt>
   <trkpt lat="54.17949" lon="23.202280000000002">
    <ele>151.38000000000002</ele>
   </trkpt>
   <trkpt lat="54.179140000000004" lon="23.203270000000003">
    <ele>151.11</ele>
   </trkpt>
   <trkpt lat="54.17862500493261" lon="23.2043600135476">
    <ele>151.3</ele>
   </trkpt>
   <trkpt lat="54.178110000000004" lon="23.205450000000003">
    <ele>151.69000000000003</ele>
   </trkpt>
   <trkpt lat="54.177780000000006" lon="23.20625">
    <ele>151.98</ele>
   </trkpt>
   <trkpt lat="54.17739" lon="23.207210000000003">
    <ele>152.23</ele>
   </trkpt>
   <trkpt lat="54.17707000000001" lon="23.207910000000002">
    <ele>152.21</ele>
   </trkpt>
   <trkpt lat="54.176700000000004" lon="23.20857">
    <ele>152.48</ele>
   </trkpt>
   <trkpt lat="54.17605003793672" lon="23.209482657741386">
    <ele>152.62</ele>
   </trkpt>
   <trkpt lat="54.175400068974525" lon="23.210395286798303">
    <ele>152.72000000000003</ele>
   </trkpt>
   <trkpt lat="54.17475009311382" lon="23.211307887172033">
    <ele>153.14000000000001</ele>
   </trkpt>
   <trkpt lat="54.17410011035497" lon="23.212220458863865">
    <ele>153.03</ele>
   </trkpt>
   <trkpt lat="54.17345012069837" lon="23.213133001875075">
    <ele>151.8</ele>
   </trkpt>
   <trkpt lat="54.1728001241444" lon="23.214045516206948">
    <ele>150.74</ele>
   </trkpt>
   <trkpt lat="54.172150120693466" lon="23.214958001860765">
    <ele>149.6</ele>
   </trkpt>
   <trkpt lat="54.171500110345896" lon="23.215870458837813">
    <ele>149.87</ele>
   </trkpt>
   <trkpt lat="54.17085009310212" lon="23.21678288713937">
    <ele>149.86</ele>
   </trkpt>
   <trkpt lat="54.17020006896248" lon="23.217695286766723">
    <ele>149.46</ele>
   </trkpt>
   <trkpt lat="54.16955003792739" lon="23.218607657721144">
    <ele>148.41000000000003</ele>
   </trkpt>
   <trkpt lat="54.16890000000001" lon="23.219520000000003">
    <ele>147.27</ele>
   </trkpt>
   <trkpt lat="54.16823334060019" lon="23.220456696854928">
    <ele>146.27</ele>
   </trkpt>
   <trkpt lat="54.1675666739326" lon="23.22139336352223">
    <ele>145.79</ele>
   </trkpt>
   <trkpt lat="54.166900000000005" lon="23.222330000000003">
    <ele>146.20000000000002</ele>
   </trkpt>
   <trkpt lat="54.16622" lon="23.22145">
    <ele>144.78000000000003</ele>
   </trkpt>
   <trkpt lat="54.16565000000001" lon="23.220650000000003">
    <ele>144.99</ele>
   </trkpt>
   <trkpt lat="54.16543000000001" lon="23.220200000000002">
    <ele>145.07</ele>
   </trkpt>
   <trkpt lat="54.165240000000004" lon="23.21976">
    <ele>145.13</ele>
   </trkpt>
   <trkpt lat="54.16485" lon="23.218750000000004">
    <ele>145.54</ele>
   </trkpt>
   <trkpt lat="54.16445000831601" lon="23.217749980745797">
    <ele>145.27</ele>
   </trkpt>
   <trkpt lat="54.16405000834795" lon="23.216749980825945">
    <ele>145.48</ele>
   </trkpt>
   <trkpt lat="54.163650000000004" lon="23.215750000000003">
    <ele>146.23</ele>
   </trkpt>
   <trkpt lat="54.16336500202494" lon="23.215064995477643">
    <ele>146.02</ele>
   </trkpt>
   <trkpt lat="54.16308000000001" lon="23.214380000000002">
    <ele>145.45000000000002</ele>
   </trkpt>
   <trkpt lat="54.162800000000004" lon="23.21392">
    <ele>144.93</ele>
   </trkpt>
   <trkpt lat="54.162490000000005" lon="23.21358">
    <ele>144.65</ele>
   </trkpt>
   <trkpt lat="54.16180000164554" lon="23.21295998970985">
    <ele>146.18</ele>
   </trkpt>
   <trkpt lat="54.16111000000001" lon="23.21234">
    <ele>148.89000000000001</ele>
   </trkpt>
   <trkpt lat="54.160535000828915" lon="23.211894993823623">
    <ele>151.22000000000003</ele>
   </trkpt>
   <trkpt lat="54.159960000000005" lon="23.211450000000003">
    <ele>152.36</ele>
   </trkpt>
   <trkpt lat="54.15925000000001" lon="23.21095">
    <ele>153.81</ele>
   </trkpt>
   <trkpt lat="54.159240000000004" lon="23.21095">
    <ele>153.82000000000002</ele>
   </trkpt>
   <trkpt lat="54.15883" lon="23.21066">
    <ele>154.19000000000003</ele>
   </trkpt>
   <trkpt lat="54.158290000461825" lon="23.210319995553057">
    <ele>154.34</ele>
   </trkpt>
   <trkpt lat="54.15775000000001" lon="23.20998">
    <ele>153.52</ele>
   </trkpt>
   <trkpt lat="54.15722" lon="23.209680000000002">
    <ele>153.12</ele>
   </trkpt>
   <trkpt lat="54.157050000000005" lon="23.20961">
    <ele>152.94000000000003</ele>
   </trkpt>
   <trkpt lat="54.15683000000001" lon="23.209580000000003">
    <ele>152.71</ele>
   </trkpt>
   <trkpt lat="54.15657" lon="23.209570000000003">
    <ele>152.3</ele>
   </trkpt>
   <trkpt lat="54.155930000000005" lon="23.209600000000002">
    <ele>151.63000000000002</ele>
   </trkpt>
   <trkpt lat="54.15536000009875" lon="23.209600000000002">
    <ele>150.99</ele>
   </trkpt>
   <trkpt lat="54.154790000000006" lon="23.209600000000002">
    <ele>151.93</ele>
   </trkpt>
   <trkpt lat="54.15411666729167" lon="23.2093433250132">
    <ele>152.2</ele>
   </trkpt>
   <trkpt lat="54.15344333403753" lon="23.209086658376876">
    <ele>152.03000000000003</ele>
   </trkpt>
   <trkpt lat="54.152770000000004" lon="23.208830000000003">
    <ele>152.07000000000002</ele>
   </trkpt>
   <trkpt lat="54.15256" lon="23.20877">
    <ele>152.25000000000003</ele>
   </trkpt>
   <trkpt lat="54.15234" lon="23.208740000000002">
    <ele>152.36</ele>
   </trkpt>
   <trkpt lat="54.152150000000006" lon="23.208750000000002">
    <ele>152.55</ele>
   </trkpt>
   <trkpt lat="54.15213000000001" lon="23.208430000000003">
    <ele>152.82000000000002</ele>
   </trkpt>
   <trkpt lat="54.152240000000006" lon="23.20763">
    <ele>155.01000000000002</ele>
   </trkpt>
   <trkpt lat="54.15207" lon="23.207020000000004">
    <ele>156.39</ele>
   </trkpt>
   <trkpt lat="54.15207" lon="23.206110000000002">
    <ele>160.14000000000001</ele>
   </trkpt>
   <trkpt lat="54.15205" lon="23.20538">
    <ele>164.61</ele>
   </trkpt>
   <trkpt lat="54.152150000000006" lon="23.20531">
    <ele>164.58</ele>
   </trkpt>
   <trkpt lat="54.1525" lon="23.204970000000003">
    <ele>164.85000000000002</ele>
   </trkpt>
   <trkpt lat="54.153180000000006" lon="23.20448">
    <ele>164.29000000000002</ele>
   </trkpt>
   <trkpt lat="54.15361000100814" lon="23.204025004567292">
    <ele>162.71</ele>
   </trkpt>
   <trkpt lat="54.15404" lon="23.203570000000003">
    <ele>163.81</ele>
   </trkpt>
   <trkpt lat="54.15447" lon="23.20275">
    <ele>162.56</ele>
   </trkpt>
   <trkpt lat="54.15467" lon="23.20174">
    <ele>158.45000000000002</ele>
   </trkpt>
   <trkpt lat="54.15517500243735" lon="23.200985009097746">
    <ele>156.22000000000003</ele>
   </trkpt>
   <trkpt lat="54.155680000000004" lon="23.20023">
    <ele>154.11</ele>
   </trkpt>
   <trkpt lat="54.1561" lon="23.199820000000003">
    <ele>156.2</ele>
   </trkpt>
   <trkpt lat="54.15632" lon="23.199420000000003">
    <ele>157.35000000000002</ele>
   </trkpt>
   <trkpt lat="54.15659" lon="23.19857">
    <ele>157.81</ele>
   </trkpt>
   <trkpt lat="54.15666" lon="23.198430000000002">
    <ele>158.18</ele>
   </trkpt>
   <trkpt lat="54.15702" lon="23.198150000000002">
    <ele>158.65</ele>
   </trkpt>
   <trkpt lat="54.15766500026922" lon="23.19779000575978">
    <ele>154.34</ele>
   </trkpt>
   <trkpt lat="54.15831000000001" lon="23.19743">
    <ele>153.43</ele>
   </trkpt>
   <trkpt lat="54.158970001123876" lon="23.197066678238674">
    <ele>156.02</ele>
   </trkpt>
   <trkpt lat="54.159630001154135" lon="23.1967033448889">
    <ele>152.17</ele>
   </trkpt>
   <trkpt lat="54.16029" lon="23.196340000000003">
    <ele>150.46</ele>
   </trkpt>
   <trkpt lat="54.16089" lon="23.19574">
    <ele>151.42</ele>
   </trkpt>
   <trkpt lat="54.160940000000004" lon="23.19556">
    <ele>151.56</ele>
   </trkpt>
   <trkpt lat="54.161500000000004" lon="23.1945">
    <ele>149.73</ele>
   </trkpt>
   <trkpt lat="54.16169000000001" lon="23.1934">
    <ele>145.04</ele>
   </trkpt>
   <trkpt lat="54.16198000000001" lon="23.192690000000002">
    <ele>144.1</ele>
   </trkpt>
   <trkpt lat="54.16223" lon="23.19226">
    <ele>144.01</ele>
   </trkpt>
   <trkpt lat="54.162760000000006" lon="23.1916">
    <ele>144.6</ele>
   </trkpt>
   <trkpt lat="54.163090000000004" lon="23.191100000000002">
    <ele>144.70000000000002</ele>
   </trkpt>
   <trkpt lat="54.16337000000001" lon="23.190610000000003">
    <ele>144.58</ele>
   </trkpt>
   <trkpt lat="54.16367" lon="23.19021">
    <ele>144.16</ele>
   </trkpt>
   <trkpt lat="54.16378" lon="23.19">
    <ele>144.12</ele>
   </trkpt>
   <trkpt lat="54.16405" lon="23.18915">
    <ele>145.75000000000003</ele>
   </trkpt>
   <trkpt lat="54.164360007957804" lon="23.18776501032026">
    <ele>145.95000000000002</ele>
   </trkpt>
   <trkpt lat="54.16467" lon="23.186380000000003">
    <ele>151.02</ele>
   </trkpt>
   <trkpt lat="54.164920007303756" lon="23.185440011418784">
    <ele>150.31</ele>
   </trkpt>
   <trkpt lat="54.16517000728797" lon="23.18450001147833">
    <ele>146.91</ele>
   </trkpt>
   <trkpt lat="54.165420000000005" lon="23.183560000000003">
    <ele>146.33</ele>
   </trkpt>
   <trkpt lat="54.16574000000001" lon="23.182550000000003">
    <ele>146.1</ele>
   </trkpt>
   <trkpt lat="54.166160000000005" lon="23.18136">
    <ele>149.87</ele>
   </trkpt>
   <trkpt lat="54.16659000000001" lon="23.18008">
    <ele>152.03000000000003</ele>
   </trkpt>
   <trkpt lat="54.166720000000005" lon="23.179430000000004">
    <ele>151.88000000000002</ele>
   </trkpt>
   <trkpt lat="54.16695000213166" lon="23.1787200038119">
    <ele>152.07000000000002</ele>
   </trkpt>
   <trkpt lat="54.16718" lon="23.17801">
    <ele>154.23</ele>
   </trkpt>
   <trkpt lat="54.167500000000004" lon="23.17751">
    <ele>156.13000000000002</ele>
   </trkpt>
   <trkpt lat="54.16765" lon="23.177480000000003">
    <ele>156.75</ele>
   </trkpt>
   <trkpt lat="54.16781" lon="23.177550000000004">
    <ele>156.91000000000003</ele>
   </trkpt>
   <trkpt lat="54.167930000000005" lon="23.177650000000003">
    <ele>156.74</ele>
   </trkpt>
   <trkpt lat="54.16801" lon="23.177660000000003">
    <ele>156.54000000000002</ele>
   </trkpt>
   <trkpt lat="54.168440000000004" lon="23.177400000000002">
    <ele>155.25</ele>
   </trkpt>
   <trkpt lat="54.16902" lon="23.177190000000003">
    <ele>154.14</ele>
   </trkpt>
   <trkpt lat="54.16957999990969" lon="23.17722999945161">
    <ele>152.4</ele>
   </trkpt>
   <trkpt lat="54.17014" lon="23.177270000000004">
    <ele>151.59</ele>
   </trkpt>
   <trkpt lat="54.17033000000001" lon="23.17734">
    <ele>152.39000000000001</ele>
   </trkpt>
   <trkpt lat="54.17101" lon="23.177660000000003">
    <ele>152.69000000000003</ele>
   </trkpt>
   <trkpt lat="54.17143000000001" lon="23.177690000000002">
    <ele>151.83</ele>
   </trkpt>
   <trkpt lat="54.17157" lon="23.177660000000003">
    <ele>152.39000000000001</ele>
   </trkpt>
   <trkpt lat="54.172290000000004" lon="23.17723">
    <ele>150.56</ele>
   </trkpt>
   <trkpt lat="54.172450000000005" lon="23.177220000000002">
    <ele>149.44000000000003</ele>
   </trkpt>
   <trkpt lat="54.172560000000004" lon="23.17725">
    <ele>148.96</ele>
   </trkpt>
   <trkpt lat="54.17289" lon="23.17725">
    <ele>148.36</ele>
   </trkpt>
   <trkpt lat="54.173010000000005" lon="23.177200000000003">
    <ele>148.29</ele>
   </trkpt>
   <trkpt lat="54.173300000000005" lon="23.17698">
    <ele>148.63</ele>
   </trkpt>
   <trkpt lat="54.173660000000005" lon="23.176640000000003">
    <ele>151.88000000000002</ele>
   </trkpt>
   <trkpt lat="54.17383" lon="23.176520000000004">
    <ele>152.21</ele>
   </trkpt>
   <trkpt lat="54.17407000000001" lon="23.176470000000002">
    <ele>150.93</ele>
   </trkpt>
   <trkpt lat="54.174800000000005" lon="23.17668">
    <ele>151.78000000000003</ele>
   </trkpt>
   <trkpt lat="54.17495" lon="23.17668">
    <ele>151.69000000000003</ele>
   </trkpt>
   <trkpt lat="54.175250000000005" lon="23.17659">
    <ele>152.07000000000002</ele>
   </trkpt>
   <trkpt lat="54.175740000000005" lon="23.17629">
    <ele>155.44000000000003</ele>
   </trkpt>
   <trkpt lat="54.17582" lon="23.176280000000002">
    <ele>155.44000000000003</ele>
   </trkpt>
   <trkpt lat="54.17609" lon="23.176350000000003">
    <ele>156.38000000000002</ele>
   </trkpt>
   <trkpt lat="54.176500000000004" lon="23.1764">
    <ele>154.92</ele>
   </trkpt>
   <trkpt lat="54.176680000000005" lon="23.176370000000002">
    <ele>154.10000000000002</ele>
   </trkpt>
   <trkpt lat="54.17712" lon="23.1762">
    <ele>154.67</ele>
   </trkpt>
   <trkpt lat="54.17725000000001" lon="23.176170000000003">
    <ele>154.73</ele>
   </trkpt>
   <trkpt lat="54.17741" lon="23.17614">
    <ele>154.77</ele>
   </trkpt>
   <trkpt lat="54.177600000000005" lon="23.176070000000003">
    <ele>155.33</ele>
   </trkpt>
   <trkpt lat="54.177820000000004" lon="23.17592">
    <ele>155.62</ele>
   </trkpt>
   <trkpt lat="54.1779" lon="23.175890000000003">
    <ele>155.81</ele>
   </trkpt>
   <trkpt lat="54.178250000000006" lon="23.175900000000002">
    <ele>156.60999999999999</ele>
   </trkpt>
   <trkpt lat="54.178760000000004" lon="23.175960000000003">
    <ele>154.19000000000003</ele>
   </trkpt>
   <trkpt lat="54.17906000000001" lon="23.176070000000003">
    <ele>153.10000000000002</ele>
   </trkpt>
   <trkpt lat="54.17915000000001" lon="23.176070000000003">
    <ele>152.17</ele>
   </trkpt>
   <trkpt lat="54.179230000000004" lon="23.17603">
    <ele>152.17</ele>
   </trkpt>
   <trkpt lat="54.179640000000006" lon="23.175440000000002">
    <ele>151.76</ele>
   </trkpt>
   <trkpt lat="54.179790000000004" lon="23.175330000000002">
    <ele>152.42</ele>
   </trkpt>
   <trkpt lat="54.18012" lon="23.17517">
    <ele>153.71</ele>
   </trkpt>
   <trkpt lat="54.180640000000004" lon="23.175120000000003">
    <ele>156.16000000000003</ele>
   </trkpt>
   <trkpt lat="54.18086" lon="23.17507">
    <ele>156.48000000000002</ele>
   </trkpt>
   <trkpt lat="54.18128" lon="23.174930000000003">
    <ele>156.29000000000002</ele>
   </trkpt>
   <trkpt lat="54.181760000000004" lon="23.17473">
    <ele>156.27</ele>
   </trkpt>
   <trkpt lat="54.182345000128855" lon="23.174530002842094">
    <ele>156.85000000000002</ele>
   </trkpt>
   <trkpt lat="54.182930000000006" lon="23.17433">
    <ele>154.58</ele>
   </trkpt>
   <trkpt lat="54.1834150000375" lon="23.174250000936556">
    <ele>150.27</ele>
   </trkpt>
   <trkpt lat="54.1839" lon="23.17417">
    <ele>148.99</ele>
   </trkpt>
   <trkpt lat="54.183595003142116" lon="23.17329999360462">
    <ele>150.8</ele>
   </trkpt>
   <trkpt lat="54.18329000000001" lon="23.172430000000002">
    <ele>152.2</ele>
   </trkpt>
   <trkpt lat="54.18297500274758" lon="23.17161999390809">
    <ele>153.54000000000002</ele>
   </trkpt>
   <trkpt lat="54.182660000000006" lon="23.170810000000003">
    <ele>155.76000000000002</ele>
   </trkpt>
   <trkpt lat="54.182550000000006" lon="23.1706">
    <ele>155.81</ele>
   </trkpt>
   <trkpt lat="54.18247" lon="23.1705">
    <ele>155.81</ele>
   </trkpt>
   <trkpt lat="54.18235000000001" lon="23.17039">
    <ele>155.82000000000002</ele>
   </trkpt>
   <trkpt lat="54.1818" lon="23.17001">
    <ele>156.52</ele>
   </trkpt>
   <trkpt lat="54.18153" lon="23.16975">
    <ele>156.52</ele>
   </trkpt>
   <trkpt lat="54.180930000000004" lon="23.168930000000003">
    <ele>157.63000000000002</ele>
   </trkpt>
   <trkpt lat="54.180670000000006" lon="23.168650000000003">
    <ele>157.02</ele>
   </trkpt>
   <trkpt lat="54.17998000000001" lon="23.16823">
    <ele>158.28</ele>
   </trkpt>
   <trkpt lat="54.179840000000006" lon="23.168110000000002">
    <ele>159.18</ele>
   </trkpt>
   <trkpt lat="54.17953000000001" lon="23.16758">
    <ele>160.65</ele>
   </trkpt>
   <trkpt lat="54.17913000000001" lon="23.166990000000002">
    <ele>158.94000000000003</ele>
   </trkpt>
   <trkpt lat="54.17902" lon="23.16675">
    <ele>158.26000000000002</ele>
   </trkpt>
   <trkpt lat="54.178940000000004" lon="23.166520000000002">
    <ele>157.06</ele>
   </trkpt>
   <trkpt lat="54.178740000000005" lon="23.16571">
    <ele>154.91000000000003</ele>
   </trkpt>
   <trkpt lat="54.178740000000005" lon="23.1657">
    <ele>154.9</ele>
   </trkpt>
   <trkpt lat="54.17853" lon="23.16484">
    <ele>152.97000000000003</ele>
   </trkpt>
   <trkpt lat="54.178430000000006" lon="23.164270000000002">
    <ele>152.99</ele>
   </trkpt>
   <trkpt lat="54.178290000000004" lon="23.16366">
    <ele>153.78</ele>
   </trkpt>
   <trkpt lat="54.177980000000005" lon="23.1627">
    <ele>155.56</ele>
   </trkpt>
   <trkpt lat="54.17786" lon="23.16195">
    <ele>156.43</ele>
   </trkpt>
   <trkpt lat="54.177600000000005" lon="23.16109">
    <ele>158.52</ele>
   </trkpt>
   <trkpt lat="54.17727000000001" lon="23.160320000000002">
    <ele>157.67</ele>
   </trkpt>
   <trkpt lat="54.17685001084835" lon="23.15917664350239">
    <ele>154.63000000000002</ele>
   </trkpt>
   <trkpt lat="54.17643001086918" lon="23.158033310226216">
    <ele>156.37</ele>
   </trkpt>
   <trkpt lat="54.176010000000005" lon="23.15689">
    <ele>157.18</ele>
   </trkpt>
   <trkpt lat="54.17572500529125" lon="23.155759992225686">
    <ele>159.93</ele>
   </trkpt>
   <trkpt lat="54.17544" lon="23.15463">
    <ele>164.83</ele>
   </trkpt>
   <trkpt lat="54.17530000000001" lon="23.15417">
    <ele>163.56</ele>
   </trkpt>
   <trkpt lat="54.174945002504934" lon="23.15339499338636">
    <ele>161.92000000000002</ele>
   </trkpt>
   <trkpt lat="54.17459" lon="23.152620000000002">
    <ele>163.04000000000002</ele>
   </trkpt>
   <trkpt lat="54.17419" lon="23.152060000000002">
    <ele>163.71</ele>
   </trkpt>
   <trkpt lat="54.17405" lon="23.1518">
    <ele>164.52</ele>
   </trkpt>
   <trkpt lat="54.173950000000005" lon="23.15155">
    <ele>165.0</ele>
   </trkpt>
   <trkpt lat="54.173880000000004" lon="23.151280000000003">
    <ele>166.58</ele>
   </trkpt>
   <trkpt lat="54.173750000000005" lon="23.150460000000002">
    <ele>167.27</ele>
   </trkpt>
   <trkpt lat="54.17346500520293" lon="23.14933999231367">
    <ele>166.43</ele>
   </trkpt>
   <trkpt lat="54.17318" lon="23.148220000000002">
    <ele>166.62</ele>
   </trkpt>
   <trkpt lat="54.17313000000001" lon="23.147920000000003">
    <ele>165.60000000000002</ele>
   </trkpt>
   <trkpt lat="54.173080000000006" lon="23.1474">
    <ele>164.75</ele>
   </trkpt>
   <trkpt lat="54.17309" lon="23.146210000000004">
    <ele>164.42000000000002</ele>
   </trkpt>
   <trkpt lat="54.17306000000001" lon="23.145560000000003">
    <ele>164.13000000000002</ele>
   </trkpt>
   <trkpt lat="54.17289" lon="23.14458">
    <ele>161.67000000000002</ele>
   </trkpt>
   <trkpt lat="54.17293" lon="23.143610000000002">
    <ele>160.76000000000002</ele>
   </trkpt>
   <trkpt lat="54.173091701041045" lon="23.142321691812267">
    <ele>162.35000000000002</ele>
   </trkpt>
   <trkpt lat="54.17325338833421" lon="23.14103337355234">
    <ele>164.44</ele>
   </trkpt>
   <trkpt lat="54.17341506187933" lon="23.139745045220938">
    <ele>163.47</ele>
   </trkpt>
   <trkpt lat="54.1735767216762" lon="23.138456706818786">
    <ele>158.95000000000002</ele>
   </trkpt>
   <trkpt lat="54.17373836772464" lon="23.137168358346596">
    <ele>162.03</ele>
   </trkpt>
   <trkpt lat="54.1739" lon="23.13588">
    <ele>163.19</ele>
   </trkpt>
   <trkpt lat="54.17400000000001" lon="23.1356">
    <ele>161.78</ele>
   </trkpt>
   <trkpt lat="54.17437" lon="23.13521">
    <ele>158.60000000000002</ele>
   </trkpt>
   <trkpt lat="54.17486" lon="23.134510000000002">
    <ele>159.45000000000002</ele>
   </trkpt>
   <trkpt lat="54.17552000091605" lon="23.13498499240705">
    <ele>163.24</ele>
   </trkpt>
   <trkpt lat="54.17618" lon="23.135460000000002">
    <ele>165.15</ele>
   </trkpt>
   <trkpt lat="54.176773334589164" lon="23.13584665558367">
    <ele>161.53</ele>
   </trkpt>
   <trkpt lat="54.17736666793999" lon="23.13623332226155">
    <ele>160.07999999999998</ele>
   </trkpt>
   <trkpt lat="54.177960000000006" lon="23.13662">
    <ele>159.46</ele>
   </trkpt>
   <trkpt lat="54.17859000000001" lon="23.136940000000003">
    <ele>162.01000000000002</ele>
   </trkpt>
   <trkpt lat="54.178850000000004" lon="23.137040000000002">
    <ele>164.94</ele>
   </trkpt>
   <trkpt lat="54.17958" lon="23.137510000000002">
    <ele>166.61</ele>
   </trkpt>
   <trkpt lat="54.179570000000005" lon="23.137510000000002">
    <ele>166.61</ele>
   </trkpt>
   <trkpt lat="54.18004000049876" lon="23.1378149966072">
    <ele>163.94</ele>
   </trkpt>
   <trkpt lat="54.180510000000005" lon="23.13812">
    <ele>162.45000000000002</ele>
   </trkpt>
   <trkpt lat="54.181100000630856" lon="23.138484994841207">
    <ele>166.05</ele>
   </trkpt>
   <trkpt lat="54.18169" lon="23.13885">
    <ele>168.83</ele>
   </trkpt>
   <trkpt lat="54.18229000046357" lon="23.139184995138393">
    <ele>164.07000000000002</ele>
   </trkpt>
   <trkpt lat="54.18289000000001" lon="23.13952">
    <ele>166.58</ele>
   </trkpt>
   <trkpt lat="54.183220000000006" lon="23.13973">
    <ele>167.57000000000002</ele>
   </trkpt>
   <trkpt lat="54.18395" lon="23.140040000000003">
    <ele>165.81</ele>
   </trkpt>
   <trkpt lat="54.184200000000004" lon="23.140200000000004">
    <ele>166.9</ele>
   </trkpt>
   <trkpt lat="54.18479000000001" lon="23.140690000000003">
    <ele>168.33</ele>
   </trkpt>
   <trkpt lat="54.18525000034729" lon="23.14095499708422">
    <ele>167.8</ele>
   </trkpt>
   <trkpt lat="54.18571000000001" lon="23.14122">
    <ele>169.68000000000004</ele>
   </trkpt>
   <trkpt lat="54.186440000000005" lon="23.14167">
    <ele>165.99</ele>
   </trkpt>
   <trkpt lat="54.18685000000001" lon="23.141840000000002">
    <ele>162.86</ele>
   </trkpt>
   <trkpt lat="54.1871" lon="23.14186">
    <ele>162.51000000000002</ele>
   </trkpt>
   <trkpt lat="54.18724" lon="23.141930000000002">
    <ele>162.72</ele>
   </trkpt>
   <trkpt lat="54.18737" lon="23.142080000000004">
    <ele>163.79000000000002</ele>
   </trkpt>
   <trkpt lat="54.187720000000006" lon="23.142570000000003">
    <ele>163.83</ele>
   </trkpt>
   <trkpt lat="54.188280000000006" lon="23.14329">
    <ele>163.77</ele>
   </trkpt>
   <trkpt lat="54.18854" lon="23.143440000000002">
    <ele>164.66</ele>
   </trkpt>
   <trkpt lat="54.18863" lon="23.143690000000003">
    <ele>165.86</ele>
   </trkpt>
   <trkpt lat="54.18864000000001" lon="23.143880000000003">
    <ele>165.86</ele>
   </trkpt>
   <trkpt lat="54.188610000000004" lon="23.144080000000002">
    <ele>166.72</ele>
   </trkpt>
   <trkpt lat="54.18858" lon="23.145180000000003">
    <ele>167.85000000000002</ele>
   </trkpt>
   <trkpt lat="54.188370000000006" lon="23.146120000000003">
    <ele>164.77</ele>
   </trkpt>
   <trkpt lat="54.18806000000001" lon="23.147160000000003">
    <ele>165.02</ele>
   </trkpt>
   <trkpt lat="54.187900000000006" lon="23.147560000000002">
    <ele>163.87</ele>
   </trkpt>
   <trkpt lat="54.18761000278267" lon="23.148395006157937">
    <ele>163.18</ele>
   </trkpt>
   <trkpt lat="54.18732000000001" lon="23.149230000000003">
    <ele>164.74</ele>
   </trkpt>
   <trkpt lat="54.18703000000001" lon="23.15014">
    <ele>163.72</ele>
   </trkpt>
   <trkpt lat="54.18695000269097" lon="23.150945001481514">
    <ele>159.85000000000002</ele>
   </trkpt>
   <trkpt lat="54.186870000000006" lon="23.151750000000003">
    <ele>157.60000000000002</ele>
   </trkpt>
   <trkpt lat="54.18681" lon="23.15266">
    <ele>156.63000000000002</ele>
   </trkpt>
   <trkpt lat="54.18681" lon="23.152800000000003">
    <ele>156.69000000000003</ele>
   </trkpt>
   <trkpt lat="54.18685000000001" lon="23.15358">
    <ele>157.28</ele>
   </trkpt>
   <trkpt lat="54.18695" lon="23.154320000000002">
    <ele>156.24</ele>
   </trkpt>
   <trkpt lat="54.18714000000001" lon="23.155030000000004">
    <ele>155.2</ele>
   </trkpt>
   <trkpt lat="54.18737" lon="23.15568">
    <ele>155.77</ele>
   </trkpt>
   <trkpt lat="54.18782" lon="23.1564">
    <ele>156.04000000000002</ele>
   </trkpt>
   <trkpt lat="54.18828000185484" lon="23.157084992246748">
    <ele>155.41000000000003</ele>
   </trkpt>
   <trkpt lat="54.18874" lon="23.157770000000003">
    <ele>154.03</ele>
   </trkpt>
   <trkpt lat="54.18923" lon="23.15856">
    <ele>154.56</ele>
   </trkpt>
   <trkpt lat="54.18983000000001" lon="23.15943">
    <ele>152.87</ele>
   </trkpt>
   <trkpt lat="54.18994000000001" lon="23.159640000000003">
    <ele>152.4</ele>
   </trkpt>
   <trkpt lat="54.190020000000004" lon="23.159840000000003">
    <ele>152.4</ele>
   </trkpt>
   <trkpt lat="54.19028" lon="23.1609">
    <ele>150.14000000000001</ele>
   </trkpt>
   <trkpt lat="54.19035" lon="23.16112">
    <ele>149.7</ele>
   </trkpt>
   <trkpt lat="54.190675001617784" lon="23.16174499508675">
    <ele>148.93</ele>
   </trkpt>
   <trkpt lat="54.191" lon="23.162370000000003">
    <ele>147.46</ele>
   </trkpt>
   <trkpt lat="54.191250000000004" lon="23.162580000000002">
    <ele>147.66</ele>
   </trkpt>
   <trkpt lat="54.1916800003128" lon="23.162874996898612">
    <ele>150.73</ele>
   </trkpt>
   <trkpt lat="54.19211000000001" lon="23.16317">
    <ele>152.61</ele>
   </trkpt>
   <trkpt lat="54.192310000000006" lon="23.163410000000002">
    <ele>153.02</ele>
   </trkpt>
   <trkpt lat="54.19261" lon="23.163700000000002">
    <ele>152.74</ele>
   </trkpt>
   <trkpt lat="54.192750000000004" lon="23.163770000000003">
    <ele>152.81</ele>
   </trkpt>
   <trkpt lat="54.1931" lon="23.163850000000004">
    <ele>153.64</ele>
   </trkpt>
   <trkpt lat="54.193270000000005" lon="23.163850000000004">
    <ele>154.83</ele>
   </trkpt>
   <trkpt lat="54.19341000000001" lon="23.16383">
    <ele>155.59</ele>
   </trkpt>
   <trkpt lat="54.193580000000004" lon="23.163780000000003">
    <ele>156.25</ele>
   </trkpt>
   <trkpt lat="54.193780000000004" lon="23.16365">
    <ele>156.76000000000002</ele>
   </trkpt>
   <trkpt lat="54.194320000000005" lon="23.163130000000002">
    <ele>159.35999999999999</ele>
   </trkpt>
   <trkpt lat="54.194430000000004" lon="23.16309">
    <ele>159.74</ele>
   </trkpt>
   <trkpt lat="54.194500000000005" lon="23.163110000000003">
    <ele>159.74</ele>
   </trkpt>
   <trkpt lat="54.19456" lon="23.163230000000002">
    <ele>159.60999999999999</ele>
   </trkpt>
   <trkpt lat="54.194700000000005" lon="23.163710000000002">
    <ele>158.43</ele>
   </trkpt>
   <trkpt lat="54.194750000000006" lon="23.16384">
    <ele>157.35000000000002</ele>
   </trkpt>
   <trkpt lat="54.19483" lon="23.163960000000003">
    <ele>157.35000000000002</ele>
   </trkpt>
   <trkpt lat="54.19507" lon="23.164080000000002">
    <ele>156.15</ele>
   </trkpt>
   <trkpt lat="54.195280000000004" lon="23.16411">
    <ele>155.53</ele>
   </trkpt>
   <trkpt lat="54.195460000000004" lon="23.1641">
    <ele>155.19000000000003</ele>
   </trkpt>
   <trkpt lat="54.19588" lon="23.163960000000003">
    <ele>154.87</ele>
   </trkpt>
   <trkpt lat="54.19605000000001" lon="23.163860000000003">
    <ele>155.03</ele>
   </trkpt>
   <trkpt lat="54.19679000000001" lon="23.163050000000002">
    <ele>155.82000000000002</ele>
   </trkpt>
   <trkpt lat="54.19755000000001" lon="23.162270000000003">
    <ele>151.60000000000002</ele>
   </trkpt>
   <trkpt lat="54.19767" lon="23.162200000000002">
    <ele>151.95</ele>
   </trkpt>
   <trkpt lat="54.197810000000004" lon="23.162180000000003">
    <ele>152.72000000000003</ele>
   </trkpt>
   <trkpt lat="54.198080000000004" lon="23.162180000000003">
    <ele>154.53</ele>
   </trkpt>
   <trkpt lat="54.19829000000001" lon="23.162090000000003">
    <ele>156.07000000000002</ele>
   </trkpt>
   <trkpt lat="54.19896000000001" lon="23.16165">
    <ele>155.63000000000002</ele>
   </trkpt>
   <trkpt lat="54.19915" lon="23.16156">
    <ele>155.72000000000003</ele>
   </trkpt>
   <trkpt lat="54.19959000000001" lon="23.161430000000003">
    <ele>156.02</ele>
   </trkpt>
   <trkpt lat="54.19991" lon="23.161250000000003">
    <ele>155.77</ele>
   </trkpt>
   <trkpt lat="54.20047" lon="23.1609">
    <ele>155.01000000000002</ele>
   </trkpt>
   <trkpt lat="54.20062000000001" lon="23.16075">
    <ele>154.91000000000003</ele>
   </trkpt>
   <trkpt lat="54.200720000000004" lon="23.160610000000002">
    <ele>154.96</ele>
   </trkpt>
   <trkpt lat="54.200810000000004" lon="23.160420000000002">
    <ele>155.29000000000002</ele>
   </trkpt>
   <trkpt lat="54.20089" lon="23.160200000000003">
    <ele>155.73000000000002</ele>
   </trkpt>
   <trkpt lat="54.20102000000001" lon="23.159630000000003">
    <ele>155.66000000000003</ele>
   </trkpt>
   <trkpt lat="54.20114" lon="23.1593">
    <ele>155.54000000000002</ele>
   </trkpt>
   <trkpt lat="54.2013" lon="23.15902">
    <ele>155.94000000000003</ele>
   </trkpt>
   <trkpt lat="54.20141" lon="23.15887">
    <ele>156.23000000000002</ele>
   </trkpt>
   <trkpt lat="54.20154" lon="23.15876">
    <ele>157.02</ele>
   </trkpt>
   <trkpt lat="54.202220000000004" lon="23.158340000000003">
    <ele>160.93</ele>
   </trkpt>
   <trkpt lat="54.20275" lon="23.1581">
    <ele>162.48000000000002</ele>
   </trkpt>
   <trkpt lat="54.20306000000001" lon="23.15791">
    <ele>162.65</ele>
   </trkpt>
   <trkpt lat="54.203700000000005" lon="23.15762">
    <ele>160.43</ele>
   </trkpt>
   <trkpt lat="54.204010000000004" lon="23.157470000000004">
    <ele>159.22</ele>
   </trkpt>
   <trkpt lat="54.20431000000001" lon="23.15725">
    <ele>159.12</ele>
   </trkpt>
   <trkpt lat="54.20443" lon="23.157140000000002">
    <ele>159.25</ele>
   </trkpt>
   <trkpt lat="54.20479" lon="23.156630000000003">
    <ele>159.81</ele>
   </trkpt>
   <trkpt lat="54.205090000000006" lon="23.15633">
    <ele>160.53</ele>
   </trkpt>
   <trkpt lat="54.205400000000004" lon="23.156080000000003">
    <ele>162.62</ele>
   </trkpt>
   <trkpt lat="54.20561000000001" lon="23.15595">
    <ele>163.28</ele>
   </trkpt>
   <trkpt lat="54.20582" lon="23.15586">
    <ele>163.72</ele>
   </trkpt>
   <trkpt lat="54.2064" lon="23.15575">
    <ele>162.60000000000002</ele>
   </trkpt>
   <trkpt lat="54.206540000000004" lon="23.155700000000003">
    <ele>162.12</ele>
   </trkpt>
   <trkpt lat="54.206790000000005" lon="23.15557">
    <ele>161.39000000000001</ele>
   </trkpt>
   <trkpt lat="54.20691000000001" lon="23.15556">
    <ele>160.41000000000003</ele>
   </trkpt>
   <trkpt lat="54.207060000000006" lon="23.155720000000002">
    <ele>159.5</ele>
   </trkpt>
   <trkpt lat="54.20723" lon="23.15596">
    <ele>158.92000000000002</ele>
   </trkpt>
   <trkpt lat="54.207550000000005" lon="23.15634">
    <ele>158.56</ele>
   </trkpt>
   <trkpt lat="54.207710000000006" lon="23.156470000000002">
    <ele>158.57000000000002</ele>
   </trkpt>
   <trkpt lat="54.20779" lon="23.156460000000003">
    <ele>158.72</ele>
   </trkpt>
   <trkpt lat="54.207840000000004" lon="23.15642">
    <ele>158.72</ele>
   </trkpt>
   <trkpt lat="54.207950000000004" lon="23.156190000000002">
    <ele>158.60999999999999</ele>
   </trkpt>
   <trkpt lat="54.20788" lon="23.156090000000003">
    <ele>158.68</ele>
   </trkpt>
   <trkpt lat="54.20758000000001" lon="23.155230000000003">
    <ele>159.92000000000002</ele>
   </trkpt>
   <trkpt lat="54.207100000000004" lon="23.15417">
    <ele>162.79000000000002</ele>
   </trkpt>
   <trkpt lat="54.20700000000001" lon="23.153810000000004">
    <ele>161.85000000000002</ele>
   </trkpt>
   <trkpt lat="54.206770000000006" lon="23.15264">
    <ele>161.32000000000002</ele>
   </trkpt>
   <trkpt lat="54.206590000000006" lon="23.152060000000002">
    <ele>161.07999999999998</ele>
   </trkpt>
   <trkpt lat="54.206590000000006" lon="23.152050000000003">
    <ele>161.07999999999998</ele>
   </trkpt>
   <trkpt lat="54.206390000000006" lon="23.151380000000003">
    <ele>160.45000000000002</ele>
   </trkpt>
   <trkpt lat="54.205960000000005" lon="23.150080000000003">
    <ele>161.5</ele>
   </trkpt>
   <trkpt lat="54.2056600031614" lon="23.149204993622146">
    <ele>161.56</ele>
   </trkpt>
   <trkpt lat="54.205360000000006" lon="23.14833">
    <ele>161.79000000000002</ele>
   </trkpt>
   <trkpt lat="54.20497" lon="23.14729">
    <ele>160.84</ele>
   </trkpt>
   <trkpt lat="54.20468" lon="23.146220000000003">
    <ele>161.56</ele>
   </trkpt>
   <trkpt lat="54.204420000000006" lon="23.145500000000002">
    <ele>161.3</ele>
   </trkpt>
   <trkpt lat="54.204330000000006" lon="23.14534">
    <ele>161.22</ele>
   </trkpt>
   <trkpt lat="54.204100000000004" lon="23.145190000000003">
    <ele>160.42000000000002</ele>
   </trkpt>
   <trkpt lat="54.203770000000006" lon="23.14504">
    <ele>160.39000000000001</ele>
   </trkpt>
   <trkpt lat="54.20318" lon="23.144910000000003">
    <ele>161.12</ele>
   </trkpt>
   <trkpt lat="54.202940000000005" lon="23.14479">
    <ele>160.24</ele>
   </trkpt>
   <trkpt lat="54.202760000000005" lon="23.144650000000002">
    <ele>159.84</ele>
   </trkpt>
   <trkpt lat="54.20266" lon="23.144530000000003">
    <ele>159.77</ele>
   </trkpt>
   <trkpt lat="54.20250000000001" lon="23.144280000000002">
    <ele>159.65</ele>
   </trkpt>
   <trkpt lat="54.202380000000005" lon="23.14404">
    <ele>159.24</ele>
   </trkpt>
   <trkpt lat="54.202290000000005" lon="23.14392">
    <ele>158.66000000000003</ele>
   </trkpt>
   <trkpt lat="54.20219" lon="23.143880000000003">
    <ele>158.24</ele>
   </trkpt>
   <trkpt lat="54.20206" lon="23.143890000000003">
    <ele>157.97</ele>
   </trkpt>
   <trkpt lat="54.201930000000004" lon="23.143960000000003">
    <ele>157.76000000000002</ele>
   </trkpt>
   <trkpt lat="54.20176000000001" lon="23.1441">
    <ele>156.96</ele>
   </trkpt>
   <trkpt lat="54.20168" lon="23.14414">
    <ele>156.17</ele>
   </trkpt>
   <trkpt lat="54.20158000000001" lon="23.1441">
    <ele>154.8</ele>
   </trkpt>
   <trkpt lat="54.201350000000005" lon="23.14391">
    <ele>152.66000000000003</ele>
   </trkpt>
   <trkpt lat="54.20116" lon="23.14382">
    <ele>151.69000000000003</ele>
   </trkpt>
   <trkpt lat="54.200480000000006" lon="23.143610000000002">
    <ele>153.31</ele>
   </trkpt>
   <trkpt lat="54.20024000000001" lon="23.143580000000004">
    <ele>155.41000000000003</ele>
   </trkpt>
   <trkpt lat="54.19986" lon="23.14363">
    <ele>156.84</ele>
   </trkpt>
   <trkpt lat="54.199490000000004" lon="23.143590000000003">
    <ele>159.01000000000002</ele>
   </trkpt>
   <trkpt lat="54.19926" lon="23.143590000000003">
    <ele>159.99</ele>
   </trkpt>
   <trkpt lat="54.19878500008136" lon="23.14355499960332">
    <ele>158.69000000000003</ele>
   </trkpt>
   <trkpt lat="54.198310000000006" lon="23.143520000000002">
    <ele>157.85000000000002</ele>
   </trkpt>
   <trkpt lat="54.19785" lon="23.143500000000003">
    <ele>159.54000000000002</ele>
   </trkpt>
   <trkpt lat="54.197140000000005" lon="23.143400000000003">
    <ele>161.14000000000001</ele>
   </trkpt>
   <trkpt lat="54.19668000000001" lon="23.143420000000003">
    <ele>157.83</ele>
   </trkpt>
   <trkpt lat="54.196560000000005" lon="23.14339">
    <ele>157.43</ele>
   </trkpt>
   <trkpt lat="54.196450000000006" lon="23.143300000000004">
    <ele>157.37</ele>
   </trkpt>
   <trkpt lat="54.19632000000001" lon="23.143040000000003">
    <ele>157.79000000000002</ele>
   </trkpt>
   <trkpt lat="54.19619" lon="23.1426">
    <ele>159.54000000000002</ele>
   </trkpt>
   <trkpt lat="54.19601" lon="23.142190000000003">
    <ele>160.18</ele>
   </trkpt>
   <trkpt lat="54.19601" lon="23.142180000000003">
    <ele>160.19000000000003</ele>
   </trkpt>
   <trkpt lat="54.19594000000001" lon="23.141900000000003">
    <ele>160.35000000000002</ele>
   </trkpt>
   <trkpt lat="54.19594000000001" lon="23.14168">
    <ele>160.57000000000002</ele>
   </trkpt>
   <trkpt lat="54.19597" lon="23.141280000000002">
    <ele>161.4</ele>
   </trkpt>
   <trkpt lat="54.19595" lon="23.140970000000003">
    <ele>162.4</ele>
   </trkpt>
   <trkpt lat="54.19585000000001" lon="23.140330000000002">
    <ele>163.79000000000002</ele>
   </trkpt>
   <trkpt lat="54.19581" lon="23.13933">
    <ele>164.66</ele>
   </trkpt>
   <trkpt lat="54.19583000000001" lon="23.138920000000002">
    <ele>164.57000000000002</ele>
   </trkpt>
   <trkpt lat="54.195870000000006" lon="23.13867">
    <ele>164.02</ele>
   </trkpt>
   <trkpt lat="54.1959" lon="23.13793">
    <ele>163.61</ele>
   </trkpt>
   <trkpt lat="54.19599" lon="23.13689">
    <ele>163.10000000000002</ele>
   </trkpt>
   <trkpt lat="54.196040005477386" lon="23.13574000135345">
    <ele>159.34</ele>
   </trkpt>
   <trkpt lat="54.196090000000005" lon="23.134590000000003">
    <ele>157.79000000000002</ele>
   </trkpt>
   <trkpt lat="54.19619" lon="23.13331">
    <ele>162.51000000000002</ele>
   </trkpt>
   <trkpt lat="54.19621000000001" lon="23.132700000000003">
    <ele>163.14000000000001</ele>
   </trkpt>
   <trkpt lat="54.196280004166525" lon="23.131695001923827">
    <ele>162.63000000000002</ele>
   </trkpt>
   <trkpt lat="54.19635" lon="23.13069">
    <ele>164.28</ele>
   </trkpt>
   <trkpt lat="54.19638000270044" lon="23.129885000119305">
    <ele>162.56</ele>
   </trkpt>
   <trkpt lat="54.19641000000001" lon="23.129080000000002">
    <ele>162.19</ele>
   </trkpt>
   <trkpt lat="54.19652000000001" lon="23.127840000000003">
    <ele>160.34</ele>
   </trkpt>
   <trkpt lat="54.196580005380724" lon="23.12670000165807">
    <ele>159.93</ele>
   </trkpt>
   <trkpt lat="54.19664" lon="23.12556">
    <ele>164.89000000000001</ele>
   </trkpt>
   <trkpt lat="54.196720000000006" lon="23.12478">
    <ele>166.86</ele>
   </trkpt>
   <trkpt lat="54.196720000000006" lon="23.123690000000003">
    <ele>168.64000000000001</ele>
   </trkpt>
   <trkpt lat="54.19677000000001" lon="23.12346">
    <ele>169.05</ele>
   </trkpt>
   <trkpt lat="54.19684" lon="23.12329">
    <ele>169.51000000000002</ele>
   </trkpt>
   <trkpt lat="54.19709" lon="23.123160000000002">
    <ele>169.69</ele>
   </trkpt>
   <trkpt lat="54.197390000000006" lon="23.12308">
    <ele>169.9</ele>
   </trkpt>
   <trkpt lat="54.19764000000001" lon="23.123060000000002">
    <ele>169.94</ele>
   </trkpt>
   <trkpt lat="54.19791000000001" lon="23.123060000000002">
    <ele>169.91</ele>
   </trkpt>
   <trkpt lat="54.19811000000001" lon="23.12312">
    <ele>169.94</ele>
   </trkpt>
   <trkpt lat="54.19849000000001" lon="23.12337">
    <ele>168.61</ele>
   </trkpt>
   <trkpt lat="54.1993" lon="23.124000000000002">
    <ele>170.12</ele>
   </trkpt>
   <trkpt lat="54.20013" lon="23.12411">
    <ele>169.62</ele>
   </trkpt>
   <trkpt lat="54.20058" lon="23.124270000000003">
    <ele>172.5</ele>
   </trkpt>
   <trkpt lat="54.200750000000006" lon="23.124200000000002">
    <ele>172.64000000000001</ele>
   </trkpt>
   <trkpt lat="54.20094" lon="23.124190000000002">
    <ele>171.83</ele>
   </trkpt>
   <trkpt lat="54.20103" lon="23.124250000000004">
    <ele>170.61</ele>
   </trkpt>
   <trkpt lat="54.20102000000001" lon="23.124250000000004">
    <ele>170.64000000000001</ele>
   </trkpt>
   <trkpt lat="54.20158000000001" lon="23.124640000000003">
    <ele>167.84</ele>
   </trkpt>
   <trkpt lat="54.202180000000006" lon="23.124910000000003">
    <ele>168.04000000000002</ele>
   </trkpt>
   <trkpt lat="54.20261000000001" lon="23.125210000000003">
    <ele>169.29000000000002</ele>
   </trkpt>
   <trkpt lat="54.20338" lon="23.12545">
    <ele>166.10000000000002</ele>
   </trkpt>
   <trkpt lat="54.203860000000006" lon="23.125390000000003">
    <ele>165.3</ele>
   </trkpt>
   <trkpt lat="54.20405" lon="23.125190000000003">
    <ele>165.98000000000002</ele>
   </trkpt>
   <trkpt lat="54.204660000000004" lon="23.124550000000003">
    <ele>169.99</ele>
   </trkpt>
   <trkpt lat="54.20505000000001" lon="23.12364">
    <ele>171.44</ele>
   </trkpt>
   <trkpt lat="54.205270000000006" lon="23.12355">
    <ele>172.8</ele>
   </trkpt>
   <trkpt lat="54.20573" lon="23.123630000000002">
    <ele>177.12000000000003</ele>
   </trkpt>
   <trkpt lat="54.20637000000001" lon="23.12384">
    <ele>178.12000000000003</ele>
   </trkpt>
   <trkpt lat="54.20651" lon="23.12394">
    <ele>177.28000000000003</ele>
   </trkpt>
   <trkpt lat="54.206790000000005" lon="23.12433">
    <ele>174.47</ele>
   </trkpt>
   <trkpt lat="54.206920000000004" lon="23.124450000000003">
    <ele>173.83</ele>
   </trkpt>
   <trkpt lat="54.20721" lon="23.124290000000002">
    <ele>173.58</ele>
   </trkpt>
   <trkpt lat="54.20758000000001" lon="23.12414">
    <ele>173.82</ele>
   </trkpt>
   <trkpt lat="54.20792" lon="23.12421">
    <ele>174.64000000000001</ele>
   </trkpt>
   <trkpt lat="54.20850000000001" lon="23.124390000000002">
    <ele>174.70000000000002</ele>
   </trkpt>
   <trkpt lat="54.20893" lon="23.124480000000002">
    <ele>171.68000000000004</ele>
   </trkpt>
   <trkpt lat="54.20931" lon="23.12461">
    <ele>171.52</ele>
   </trkpt>
   <trkpt lat="54.20966000000001" lon="23.124290000000002">
    <ele>172.21</ele>
   </trkpt>
   <trkpt lat="54.2098" lon="23.123800000000003">
    <ele>172.14000000000001</ele>
   </trkpt>
   <trkpt lat="54.20978" lon="23.12336">
    <ele>171.72</ele>
   </trkpt>
   <trkpt lat="54.209630000000004" lon="23.12263">
    <ele>172.05</ele>
   </trkpt>
   <trkpt lat="54.20976" lon="23.122410000000002">
    <ele>171.73000000000002</ele>
   </trkpt>
   <trkpt lat="54.21002000000001" lon="23.122200000000003">
    <ele>171.79000000000002</ele>
   </trkpt>
   <trkpt lat="54.21018" lon="23.12189">
    <ele>172.55</ele>
   </trkpt>
   <trkpt lat="54.210350000000005" lon="23.121810000000004">
    <ele>172.94</ele>
   </trkpt>
   <trkpt lat="54.210480000000004" lon="23.12188">
    <ele>172.99</ele>
   </trkpt>
   <trkpt lat="54.210710000000006" lon="23.12252">
    <ele>174.56000000000003</ele>
   </trkpt>
   <trkpt lat="54.21083" lon="23.122690000000002">
    <ele>174.66</ele>
   </trkpt>
   <trkpt lat="54.211180000000006" lon="23.122980000000002">
    <ele>173.53</ele>
   </trkpt>
   <trkpt lat="54.21128" lon="23.1231">
    <ele>172.46</ele>
   </trkpt>
   <trkpt lat="54.211560000000006" lon="23.12338">
    <ele>171.35</ele>
   </trkpt>
   <trkpt lat="54.21206" lon="23.12374">
    <ele>168.27</ele>
   </trkpt>
   <trkpt lat="54.21233" lon="23.124000000000002">
    <ele>168.09</ele>
   </trkpt>
   <trkpt lat="54.21312" lon="23.124630000000003">
    <ele>171.27</ele>
   </trkpt>
   <trkpt lat="54.21329000000001" lon="23.124760000000002">
    <ele>171.41</ele>
   </trkpt>
   <trkpt lat="54.21398000000001" lon="23.12515">
    <ele>171.54000000000002</ele>
   </trkpt>
   <trkpt lat="54.214150000000004" lon="23.12517">
    <ele>171.44</ele>
   </trkpt>
   <trkpt lat="54.21434000000001" lon="23.125140000000002">
    <ele>171.59</ele>
   </trkpt>
   <trkpt lat="54.214850000000006" lon="23.1249">
    <ele>173.68</ele>
   </trkpt>
   <trkpt lat="54.21508000000001" lon="23.12477">
    <ele>174.22</ele>
   </trkpt>
   <trkpt lat="54.21519000000001" lon="23.124750000000002">
    <ele>174.45000000000002</ele>
   </trkpt>
   <trkpt lat="54.215300000000006" lon="23.124760000000002">
    <ele>174.79</ele>
   </trkpt>
   <trkpt lat="54.21544" lon="23.124820000000003">
    <ele>174.92000000000002</ele>
   </trkpt>
   <trkpt lat="54.21578" lon="23.12507">
    <ele>174.46</ele>
   </trkpt>
   <trkpt lat="54.21596" lon="23.12517">
    <ele>173.83</ele>
   </trkpt>
   <trkpt lat="54.21614" lon="23.125230000000002">
    <ele>173.22</ele>
   </trkpt>
   <trkpt lat="54.216910000000006" lon="23.12525">
    <ele>171.24</ele>
   </trkpt>
   <trkpt lat="54.217110000000005" lon="23.125220000000002">
    <ele>171.90000000000003</ele>
   </trkpt>
   <trkpt lat="54.21726" lon="23.12515">
    <ele>171.90000000000003</ele>
   </trkpt>
   <trkpt lat="54.217360000000006" lon="23.125120000000003">
    <ele>172.11</ele>
   </trkpt>
   <trkpt lat="54.21784" lon="23.125030000000002">
    <ele>173.58</ele>
   </trkpt>
   <trkpt lat="54.217940000000006" lon="23.12497">
    <ele>173.75</ele>
   </trkpt>
   <trkpt lat="54.218250000000005" lon="23.12468">
    <ele>173.5</ele>
   </trkpt>
   <trkpt lat="54.218450000000004" lon="23.124660000000002">
    <ele>173.41</ele>
   </trkpt>
   <trkpt lat="54.21885" lon="23.1249">
    <ele>172.62000000000003</ele>
   </trkpt>
   <trkpt lat="54.219390000000004" lon="23.12506">
    <ele>174.70000000000002</ele>
   </trkpt>
   <trkpt lat="54.219770000000004" lon="23.125400000000003">
    <ele>176.41</ele>
   </trkpt>
   <trkpt lat="54.21983" lon="23.124810000000004">
    <ele>175.95000000000002</ele>
   </trkpt>
   <trkpt lat="54.219895005920435" lon="23.123615001707883">
    <ele>175.44</ele>
   </trkpt>
   <trkpt lat="54.21996000000001" lon="23.12242">
    <ele>174.66</ele>
   </trkpt>
   <trkpt lat="54.220060000000004" lon="23.121820000000003">
    <ele>174.40000000000003</ele>
   </trkpt>
   <trkpt lat="54.22017" lon="23.121530000000003">
    <ele>174.1</ele>
   </trkpt>
   <trkpt lat="54.22062000644851" lon="23.12064668594158">
    <ele>173.23000000000002</ele>
   </trkpt>
   <trkpt lat="54.2210700064376" lon="23.119763352629953">
    <ele>173.5</ele>
   </trkpt>
   <trkpt lat="54.221520000000005" lon="23.11888">
    <ele>174.26000000000002</ele>
   </trkpt>
   <trkpt lat="54.22164000000001" lon="23.118720000000003">
    <ele>174.46</ele>
   </trkpt>
   <trkpt lat="54.221720000000005" lon="23.118640000000003">
    <ele>174.46</ele>
   </trkpt>
   <trkpt lat="54.22215500057144" lon="23.118270003894025">
    <ele>174.98000000000002</ele>
   </trkpt>
   <trkpt lat="54.222590000000004" lon="23.117900000000002">
    <ele>175.0</ele>
   </trkpt>
   <trkpt lat="54.22281" lon="23.11764">
    <ele>174.79</ele>
   </trkpt>
   <trkpt lat="54.2229" lon="23.11747">
    <ele>174.70000000000002</ele>
   </trkpt>
   <trkpt lat="54.22303" lon="23.11708">
    <ele>174.55</ele>
   </trkpt>
   <trkpt lat="54.223290007674294" lon="23.116116678829083">
    <ele>174.31000000000003</ele>
   </trkpt>
   <trkpt lat="54.223550007666375" lon="23.115153345525286">
    <ele>173.95000000000002</ele>
   </trkpt>
   <trkpt lat="54.22381000000001" lon="23.11419">
    <ele>174.40000000000003</ele>
   </trkpt>
   <trkpt lat="54.223940000000006" lon="23.11429">
    <ele>174.12000000000003</ele>
   </trkpt>
   <trkpt lat="54.22443499991025" lon="23.114260000365352">
    <ele>173.99</ele>
   </trkpt>
   <trkpt lat="54.22493000000001" lon="23.114230000000003">
    <ele>174.19</ele>
   </trkpt>
   <trkpt lat="54.22514" lon="23.114220000000003">
    <ele>174.59000000000003</ele>
   </trkpt>
   <trkpt lat="54.225260000000006" lon="23.11428">
    <ele>174.64000000000001</ele>
   </trkpt>
   <trkpt lat="54.225300000000004" lon="23.114410000000003">
    <ele>174.54</ele>
   </trkpt>
   <trkpt lat="54.22543668289807" lon="23.115809990796787">
    <ele>174.13</ele>
   </trkpt>
   <trkpt lat="54.22557334957124" lon="23.117209990863145">
    <ele>173.99</ele>
   </trkpt>
   <trkpt lat="54.22571000000001" lon="23.11861">
    <ele>174.49</ele>
   </trkpt>
   <trkpt lat="54.225823342354786" lon="23.119653327701315">
    <ele>172.13</ele>
   </trkpt>
   <trkpt lat="54.22593667569863" lon="23.12069666113122">
    <ele>174.11</ele>
   </trkpt>
   <trkpt lat="54.22605000000001" lon="23.121740000000003">
    <ele>175.01000000000002</ele>
   </trkpt>
   <trkpt lat="54.226310000000005" lon="23.12171">
    <ele>175.09000000000003</ele>
   </trkpt>
   <trkpt lat="54.226946666748056" lon="23.121596670166852">
    <ele>175.13</ele>
   </trkpt>
   <trkpt lat="54.22758333338978" lon="23.121483336838022">
    <ele>174.34000000000003</ele>
   </trkpt>
   <trkpt lat="54.22822000000001" lon="23.121370000000002">
    <ele>176.66</ele>
   </trkpt>
   <trkpt lat="54.228280000000005" lon="23.12133">
    <ele>176.83</ele>
   </trkpt>
   <trkpt lat="54.228350000000006" lon="23.1213">
    <ele>176.93</ele>
   </trkpt>
   <trkpt lat="54.22858" lon="23.121060000000003">
    <ele>176.01000000000002</ele>
   </trkpt>
   <trkpt lat="54.2287" lon="23.120890000000003">
    <ele>174.95000000000002</ele>
   </trkpt>
   <trkpt lat="54.2293" lon="23.120230000000003">
    <ele>174.06000000000003</ele>
   </trkpt>
   <trkpt lat="54.22954000000001" lon="23.11991">
    <ele>173.46</ele>
   </trkpt>
   <trkpt lat="54.22972000000001" lon="23.119770000000003">
    <ele>173.74</ele>
   </trkpt>
   <trkpt lat="54.22983000000001" lon="23.11971">
    <ele>174.1</ele>
   </trkpt>
   <trkpt lat="54.23008" lon="23.119670000000003">
    <ele>175.15000000000003</ele>
   </trkpt>
   <trkpt lat="54.230876667414485" lon="23.119370011579523">
    <ele>174.46</ele>
   </trkpt>
   <trkpt lat="54.231673334084036" lon="23.119070011578703">
    <ele>174.99</ele>
   </trkpt>
   <trkpt lat="54.232470000000006" lon="23.11877">
    <ele>174.44</ele>
   </trkpt>
   <trkpt lat="54.23264" lon="23.118750000000002">
    <ele>174.32</ele>
   </trkpt>
   <trkpt lat="54.232820000000004" lon="23.1188">
    <ele>174.37000000000003</ele>
   </trkpt>
   <trkpt lat="54.23297" lon="23.11878">
    <ele>174.70000000000002</ele>
   </trkpt>
   <trkpt lat="54.2327" lon="23.11803">
    <ele>175.37000000000003</ele>
   </trkpt>
   <trkpt lat="54.232470000000006" lon="23.11746">
    <ele>175.63</ele>
   </trkpt>
   <trkpt lat="54.23221" lon="23.116930000000004">
    <ele>175.93</ele>
   </trkpt>
   <trkpt lat="54.232040000000005" lon="23.11681">
    <ele>174.87000000000003</ele>
   </trkpt>
   <trkpt lat="54.232040000000005" lon="23.1168">
    <ele>174.83</ele>
   </trkpt>
   <trkpt lat="54.23183" lon="23.11664">
    <ele>173.90000000000003</ele>
   </trkpt>
   <trkpt lat="54.23160000000001" lon="23.116310000000002">
    <ele>173.28</ele>
   </trkpt>
   <trkpt lat="54.23147" lon="23.11605">
    <ele>173.01000000000002</ele>
   </trkpt>
   <trkpt lat="54.231370000000005" lon="23.1158">
    <ele>172.19</ele>
   </trkpt>
   <trkpt lat="54.23122000000001" lon="23.115270000000002">
    <ele>171.64000000000001</ele>
   </trkpt>
   <trkpt lat="54.23115000000001" lon="23.115150000000003">
    <ele>171.67000000000002</ele>
   </trkpt>
   <trkpt lat="54.23105" lon="23.11504">
    <ele>171.81</ele>
   </trkpt>
   <trkpt lat="54.23057000000001" lon="23.11475">
    <ele>174.24</ele>
   </trkpt>
   <trkpt lat="54.23048000000001" lon="23.11467">
    <ele>174.45000000000002</ele>
   </trkpt>
   <trkpt lat="54.2304" lon="23.114530000000002">
    <ele>174.75</ele>
   </trkpt>
   <trkpt lat="54.23002000506089" lon="23.113424989848617">
    <ele>174.98000000000002</ele>
   </trkpt>
   <trkpt lat="54.22964" lon="23.11232">
    <ele>174.38</ele>
   </trkpt>
   <trkpt lat="54.229340002483546" lon="23.111554994596716">
    <ele>174.49</ele>
   </trkpt>
   <trkpt lat="54.229040000000005" lon="23.11079">
    <ele>175.63</ele>
   </trkpt>
   <trkpt lat="54.22883" lon="23.11014">
    <ele>174.26000000000002</ele>
   </trkpt>
   <trkpt lat="54.22854" lon="23.109440000000003">
    <ele>175.56000000000003</ele>
   </trkpt>
   <trkpt lat="54.22836" lon="23.109060000000003">
    <ele>177.99</ele>
   </trkpt>
   <trkpt lat="54.227970000000006" lon="23.108330000000002">
    <ele>177.69</ele>
   </trkpt>
   <trkpt lat="54.227650000000004" lon="23.1076">
    <ele>174.36</ele>
   </trkpt>
   <trkpt lat="54.22751" lon="23.107390000000002">
    <ele>174.0</ele>
   </trkpt>
   <trkpt lat="54.22717" lon="23.10704">
    <ele>174.90000000000003</ele>
   </trkpt>
   <trkpt lat="54.22697" lon="23.10679">
    <ele>176.24</ele>
   </trkpt>
   <trkpt lat="54.22661000000001" lon="23.106230000000004">
    <ele>178.91</ele>
   </trkpt>
   <trkpt lat="54.22626" lon="23.104920000000003">
    <ele>177.77</ele>
   </trkpt>
   <trkpt lat="54.226130000000005" lon="23.10432">
    <ele>179.31000000000003</ele>
   </trkpt>
   <trkpt lat="54.226130000000005" lon="23.10431">
    <ele>179.34000000000003</ele>
   </trkpt>
   <trkpt lat="54.22598500222348" lon="23.103579997525664">
    <ele>181.47000000000003</ele>
   </trkpt>
   <trkpt lat="54.225840000000005" lon="23.102850000000004">
    <ele>183.00000000000003</ele>
   </trkpt>
   <trkpt lat="54.22578000000001" lon="23.10246">
    <ele>183.27</ele>
   </trkpt>
   <trkpt lat="54.22574" lon="23.102030000000003">
    <ele>183.13000000000002</ele>
   </trkpt>
   <trkpt lat="54.22580000000001" lon="23.10198">
    <ele>182.73</ele>
   </trkpt>
   <trkpt lat="54.22622333794341" lon="23.101236681848093">
    <ele>179.88</ele>
   </trkpt>
   <trkpt lat="54.22664667131294" lon="23.100493348451405">
    <ele>179.34000000000003</ele>
   </trkpt>
   <trkpt lat="54.227070000000005" lon="23.09975">
    <ele>179.96</ele>
   </trkpt>
   <trkpt lat="54.22726" lon="23.099380000000004">
    <ele>180.08</ele>
   </trkpt>
   <trkpt lat="54.227740000000004" lon="23.098290000000002">
    <ele>180.95000000000002</ele>
   </trkpt>
   <trkpt lat="54.22818" lon="23.097340000000003">
    <ele>183.56000000000003</ele>
   </trkpt>
   <trkpt lat="54.22865000257189" lon="23.0965400092397">
    <ele>182.09</ele>
   </trkpt>
   <trkpt lat="54.22912" lon="23.095740000000003">
    <ele>183.32</ele>
   </trkpt>
   <trkpt lat="54.229310000000005" lon="23.095370000000003">
    <ele>183.99</ele>
   </trkpt>
   <trkpt lat="54.22967500239748" lon="23.094600006927756">
    <ele>185.39000000000001</ele>
   </trkpt>
   <trkpt lat="54.23004" lon="23.09383">
    <ele>185.22000000000003</ele>
   </trkpt>
   <trkpt lat="54.23019000000001" lon="23.09346">
    <ele>184.43</ele>
   </trkpt>
   <trkpt lat="54.2304" lon="23.092760000000002">
    <ele>183.41000000000003</ele>
   </trkpt>
   <trkpt lat="54.23075000000001" lon="23.091440000000002">
    <ele>183.67000000000002</ele>
   </trkpt>
   <trkpt lat="54.23103251818401" lon="23.090230024821157">
    <ele>187.11</ele>
   </trkpt>
   <trkpt lat="54.2313150242492" lon="23.089020033078874">
    <ele>188.41000000000003</ele>
   </trkpt>
   <trkpt lat="54.231597518195336" lon="23.08781002477348">
    <ele>188.63000000000002</ele>
   </trkpt>
   <trkpt lat="54.231880000000004" lon="23.0866">
    <ele>192.16000000000003</ele>
   </trkpt>
   <trkpt lat="54.23209000000001" lon="23.085960000000004">
    <ele>193.28</ele>
   </trkpt>
   <trkpt lat="54.232540010029076" lon="23.08485669084162">
    <ele>193.28</ele>
   </trkpt>
   <trkpt lat="54.23299000998196" lon="23.083753357624257">
    <ele>191.96</ele>
   </trkpt>
   <trkpt lat="54.23344" lon="23.08265">
    <ele>194.63000000000002</ele>
   </trkpt>
   <trkpt lat="54.233700000000006" lon="23.0822">
    <ele>197.16000000000003</ele>
   </trkpt>
   <trkpt lat="54.234210000000004" lon="23.08144">
    <ele>200.12</ele>
   </trkpt>
   <trkpt lat="54.23456" lon="23.080840000000002">
    <ele>201.47</ele>
   </trkpt>
   <trkpt lat="54.23489500571264" lon="23.07966500954194">
    <ele>204.49</ele>
   </trkpt>
   <trkpt lat="54.23523" lon="23.078490000000002">
    <ele>206.24</ele>
   </trkpt>
   <trkpt lat="54.2355" lon="23.07768">
    <ele>205.96</ele>
   </trkpt>
   <trkpt lat="54.23565000000001" lon="23.0771">
    <ele>205.45000000000002</ele>
   </trkpt>
   <trkpt lat="54.235935005314595" lon="23.07597500746621">
    <ele>205.49</ele>
   </trkpt>
   <trkpt lat="54.23622" lon="23.07485">
    <ele>206.82</ele>
   </trkpt>
   <trkpt lat="54.2365766812956" lon="23.073520023035236">
    <ele>208.62000000000003</ele>
   </trkpt>
   <trkpt lat="54.236933347950306" lon="23.07219002308033">
    <ele>209.99</ele>
   </trkpt>
   <trkpt lat="54.23729" lon="23.070860000000003">
    <ele>211.26000000000002</ele>
   </trkpt>
   <trkpt lat="54.237460000000006" lon="23.07036">
    <ele>211.61</ele>
   </trkpt>
   <trkpt lat="54.23758" lon="23.070100000000004">
    <ele>212.41000000000003</ele>
   </trkpt>
   <trkpt lat="54.237750000000005" lon="23.069830000000003">
    <ele>213.05</ele>
   </trkpt>
   <trkpt lat="54.238240000000005" lon="23.06925">
    <ele>215.58</ele>
   </trkpt>
   <trkpt lat="54.23839" lon="23.069020000000002">
    <ele>216.02</ele>
   </trkpt>
   <trkpt lat="54.238550000000004" lon="23.06868">
    <ele>216.15</ele>
   </trkpt>
   <trkpt lat="54.23878500228658" lon="23.067950003905">
    <ele>216.48</ele>
   </trkpt>
   <trkpt lat="54.239020000000004" lon="23.067220000000002">
    <ele>216.71</ele>
   </trkpt>
   <trkpt lat="54.23921000000001" lon="23.06641">
    <ele>216.62</ele>
   </trkpt>
   <trkpt lat="54.239230000000006" lon="23.06596">
    <ele>216.43</ele>
   </trkpt>
   <trkpt lat="54.239180000000005" lon="23.065610000000003">
    <ele>216.39000000000001</ele>
   </trkpt>
   <trkpt lat="54.23913" lon="23.0654">
    <ele>216.42000000000002</ele>
   </trkpt>
   <trkpt lat="54.23886" lon="23.064600000000002">
    <ele>216.69000000000003</ele>
   </trkpt>
   <trkpt lat="54.23879" lon="23.064220000000002">
    <ele>217.02</ele>
   </trkpt>
   <trkpt lat="54.238780000000006" lon="23.063860000000002">
    <ele>217.78000000000003</ele>
   </trkpt>
   <trkpt lat="54.23881000000001" lon="23.0636">
    <ele>218.35000000000002</ele>
   </trkpt>
   <trkpt lat="54.2389" lon="23.06322">
    <ele>219.74</ele>
   </trkpt>
   <trkpt lat="54.23895" lon="23.06314">
    <ele>220.02</ele>
   </trkpt>
   <trkpt lat="54.23910000000001" lon="23.062790000000003">
    <ele>220.2</ele>
   </trkpt>
   <trkpt lat="54.239160000000005" lon="23.062540000000002">
    <ele>220.32000000000002</ele>
   </trkpt>
   <trkpt lat="54.239180000000005" lon="23.062330000000003">
    <ele>220.65</ele>
   </trkpt>
   <trkpt lat="54.239090000000004" lon="23.06174">
    <ele>220.88000000000002</ele>
   </trkpt>
   <trkpt lat="54.23910000000001" lon="23.060720000000003">
    <ele>221.82000000000002</ele>
   </trkpt>
   <trkpt lat="54.239070000000005" lon="23.060200000000002">
    <ele>222.39</ele>
   </trkpt>
   <trkpt lat="54.239000000000004" lon="23.059820000000002">
    <ele>222.82000000000002</ele>
   </trkpt>
   <trkpt lat="54.238850000000006" lon="23.059250000000002">
    <ele>222.92000000000002</ele>
   </trkpt>
   <trkpt lat="54.238820000000004" lon="23.05902">
    <ele>222.67000000000002</ele>
   </trkpt>
   <trkpt lat="54.23883000000001" lon="23.05855">
    <ele>222.82000000000002</ele>
   </trkpt>
   <trkpt lat="54.23888" lon="23.058210000000003">
    <ele>223.07000000000002</ele>
   </trkpt>
   <trkpt lat="54.238960000000006" lon="23.05788">
    <ele>223.42000000000002</ele>
   </trkpt>
   <trkpt lat="54.239140000000006" lon="23.05741">
    <ele>223.52</ele>
   </trkpt>
   <trkpt lat="54.239270000000005" lon="23.05712">
    <ele>223.15</ele>
   </trkpt>
   <trkpt lat="54.23959000000001" lon="23.05673">
    <ele>221.99</ele>
   </trkpt>
   <trkpt lat="54.239850000000004" lon="23.05648">
    <ele>221.20000000000002</ele>
   </trkpt>
   <trkpt lat="54.24015000000001" lon="23.056250000000002">
    <ele>219.9</ele>
   </trkpt>
   <trkpt lat="54.240260000000006" lon="23.056130000000003">
    <ele>219.67</ele>
   </trkpt>
   <trkpt lat="54.24042000000001" lon="23.055860000000003">
    <ele>219.38000000000002</ele>
   </trkpt>
   <trkpt lat="54.24049" lon="23.055650000000004">
    <ele>219.00000000000003</ele>
   </trkpt>
   <trkpt lat="54.240520000000004" lon="23.055470000000003">
    <ele>218.67000000000002</ele>
   </trkpt>
   <trkpt lat="54.240520000000004" lon="23.054740000000002">
    <ele>218.15</ele>
   </trkpt>
   <trkpt lat="54.24058" lon="23.054370000000002">
    <ele>217.94000000000003</ele>
   </trkpt>
   <trkpt lat="54.24065" lon="23.054070000000003">
    <ele>217.8</ele>
   </trkpt>
   <trkpt lat="54.24076" lon="23.053720000000002">
    <ele>217.60000000000002</ele>
   </trkpt>
   <trkpt lat="54.240880000000004" lon="23.05348">
    <ele>217.50000000000003</ele>
   </trkpt>
   <trkpt lat="54.24096" lon="23.053240000000002">
    <ele>217.49</ele>
   </trkpt>
   <trkpt lat="54.240990000000004" lon="23.053030000000003">
    <ele>217.58</ele>
   </trkpt>
   <trkpt lat="54.24096" lon="23.052370000000003">
    <ele>217.35000000000002</ele>
   </trkpt>
   <trkpt lat="54.240990000000004" lon="23.052000000000003">
    <ele>216.66000000000003</ele>
   </trkpt>
   <trkpt lat="54.241060000000004" lon="23.051650000000002">
    <ele>215.36</ele>
   </trkpt>
   <trkpt lat="54.24125000000001" lon="23.050880000000003">
    <ele>214.29</ele>
   </trkpt>
   <trkpt lat="54.24137" lon="23.05046">
    <ele>214.44000000000003</ele>
   </trkpt>
   <trkpt lat="54.24147000000001" lon="23.049970000000002">
    <ele>214.03000000000003</ele>
   </trkpt>
   <trkpt lat="54.241600000000005" lon="23.04961">
    <ele>214.03000000000003</ele>
   </trkpt>
   <trkpt lat="54.24194000000001" lon="23.04896">
    <ele>213.00000000000003</ele>
   </trkpt>
   <trkpt lat="54.242290000000004" lon="23.04801">
    <ele>210.78000000000003</ele>
   </trkpt>
   <trkpt lat="54.24255" lon="23.04755">
    <ele>211.23000000000002</ele>
   </trkpt>
   <trkpt lat="54.242610000000006" lon="23.04737">
    <ele>211.49</ele>
   </trkpt>
   <trkpt lat="54.24264" lon="23.047210000000003">
    <ele>211.91</ele>
   </trkpt>
   <trkpt lat="54.242490008347914" lon="23.045789994871882">
    <ele>215.53000000000003</ele>
   </trkpt>
   <trkpt lat="54.242340000000006" lon="23.04437">
    <ele>211.59000000000003</ele>
   </trkpt>
   <trkpt lat="54.24224252830914" lon="23.042859989332545">
    <ele>207.22</ele>
   </trkpt>
   <trkpt lat="54.242145037746994" lon="23.041349985800395">
    <ele>209.52</ele>
   </trkpt>
   <trkpt lat="54.24204752831374" lon="23.039839989404875">
    <ele>211.38</ele>
   </trkpt>
   <trkpt lat="54.24195" lon="23.038330000000002">
    <ele>208.14000000000001</ele>
   </trkpt>
   <trkpt lat="54.241826680153224" lon="23.037053325668776">
    <ele>203.41</ele>
   </trkpt>
   <trkpt lat="54.24170334681674" lon="23.035776658969603">
    <ele>201.9</ele>
   </trkpt>
   <trkpt lat="54.241580000000006" lon="23.0345">
    <ele>203.14000000000001</ele>
   </trkpt>
   <trkpt lat="54.24152500354426" lon="23.033574998825227">
    <ele>203.05</ele>
   </trkpt>
   <trkpt lat="54.24147000000001" lon="23.03265">
    <ele>203.5</ele>
   </trkpt>
   <trkpt lat="54.2413700210586" lon="23.031347490488024">
    <ele>203.62000000000003</ele>
   </trkpt>
   <trkpt lat="54.24127002807592" lon="23.030044987288782">
    <ele>199.5</ele>
   </trkpt>
   <trkpt lat="54.241170021052035" lon="23.02874249040312">
    <ele>197.07000000000002</ele>
   </trkpt>
   <trkpt lat="54.24107000000001" lon="23.027440000000002">
    <ele>198.31</ele>
   </trkpt>
   <trkpt lat="54.241020000000006" lon="23.02711">
    <ele>198.31</ele>
   </trkpt>
   <trkpt lat="54.240950000000005" lon="23.026840000000004">
    <ele>197.41000000000003</ele>
   </trkpt>
   <trkpt lat="54.240660000000005" lon="23.026110000000003">
    <ele>195.04000000000002</ele>
   </trkpt>
   <trkpt lat="54.240660000000005" lon="23.026100000000003">
    <ele>195.03</ele>
   </trkpt>
   <trkpt lat="54.24045" lon="23.0256">
    <ele>194.93</ele>
   </trkpt>
   <trkpt lat="54.23993500567339" lon="23.02442498524322">
    <ele>200.52</ele>
   </trkpt>
   <trkpt lat="54.23942" lon="23.02325">
    <ele>203.08</ele>
   </trkpt>
   <trkpt lat="54.23910000175465" lon="23.022574994489254">
    <ele>203.61</ele>
   </trkpt>
   <trkpt lat="54.238780000000006" lon="23.021900000000002">
    <ele>204.12000000000003</ele>
   </trkpt>
   <trkpt lat="54.23821" lon="23.021210000000004">
    <ele>205.08</ele>
   </trkpt>
   <trkpt lat="54.23809000000001" lon="23.02098">
    <ele>205.16</ele>
   </trkpt>
   <trkpt lat="54.23791000000001" lon="23.020500000000002">
    <ele>205.02</ele>
   </trkpt>
   <trkpt lat="54.23758" lon="23.01921">
    <ele>203.47</ele>
   </trkpt>
   <trkpt lat="54.237480000000005" lon="23.018900000000002">
    <ele>203.99</ele>
   </trkpt>
   <trkpt lat="54.237123338947995" lon="23.018073318947128">
    <ele>205.62000000000003</ele>
   </trkpt>
   <trkpt lat="54.236766672239625" lon="23.017246652184">
    <ele>203.79000000000002</ele>
   </trkpt>
   <trkpt lat="54.23641000000001" lon="23.016420000000004">
    <ele>203.29000000000002</ele>
   </trkpt>
   <trkpt lat="54.236090000000004" lon="23.01575">
    <ele>202.73000000000002</ele>
   </trkpt>
   <trkpt lat="54.23583000000001" lon="23.015040000000003">
    <ele>203.77</ele>
   </trkpt>
   <trkpt lat="54.235670000000006" lon="23.014670000000002">
    <ele>205.24</ele>
   </trkpt>
   <trkpt lat="54.23545000000001" lon="23.01423">
    <ele>208.72</ele>
   </trkpt>
   <trkpt lat="54.235260000000004" lon="23.013920000000002">
    <ele>210.05</ele>
   </trkpt>
   <trkpt lat="54.234550000000006" lon="23.013230000000004">
    <ele>209.19</ele>
   </trkpt>
   <trkpt lat="54.23427" lon="23.012880000000003">
    <ele>206.21</ele>
   </trkpt>
   <trkpt lat="54.234210000000004" lon="23.01264">
    <ele>204.25</ele>
   </trkpt>
   <trkpt lat="54.2341900050975" lon="23.011529999369476">
    <ele>201.05</ele>
   </trkpt>
   <trkpt lat="54.234170000000006" lon="23.010420000000003">
    <ele>197.08</ele>
   </trkpt>
   <trkpt lat="54.234170000000006" lon="23.009420000000002">
    <ele>198.13000000000002</ele>
   </trkpt>
   <trkpt lat="54.23422000000001" lon="23.0084">
    <ele>202.02</ele>
   </trkpt>
   <trkpt lat="54.234210000000004" lon="23.007070000000002">
    <ele>201.82000000000002</ele>
   </trkpt>
   <trkpt lat="54.23425" lon="23.00671">
    <ele>201.76000000000002</ele>
   </trkpt>
   <trkpt lat="54.23434" lon="23.006310000000003">
    <ele>201.67000000000002</ele>
   </trkpt>
   <trkpt lat="54.234460000000006" lon="23.00589">
    <ele>201.51000000000002</ele>
   </trkpt>
   <trkpt lat="54.23458" lon="23.005560000000003">
    <ele>201.47</ele>
   </trkpt>
   <trkpt lat="54.23460000000001" lon="23.00534">
    <ele>201.32000000000002</ele>
   </trkpt>
   <trkpt lat="54.234680000000004" lon="23.00382">
    <ele>200.27</ele>
   </trkpt>
   <trkpt lat="54.23471000000001" lon="23.002820000000003">
    <ele>195.97</ele>
   </trkpt>
   <trkpt lat="54.23469000000001" lon="23.002550000000003">
    <ele>195.35000000000002</ele>
   </trkpt>
   <trkpt lat="54.234590000000004" lon="23.00194">
    <ele>194.75</ele>
   </trkpt>
   <trkpt lat="54.23452" lon="23.001690000000004">
    <ele>194.89000000000001</ele>
   </trkpt>
   <trkpt lat="54.234440000000006" lon="23.001500000000004">
    <ele>195.26000000000002</ele>
   </trkpt>
   <trkpt lat="54.234320000000004" lon="23.0013">
    <ele>195.79000000000002</ele>
   </trkpt>
   <trkpt lat="54.233990000000006" lon="23.00093">
    <ele>197.97</ele>
   </trkpt>
   <trkpt lat="54.23393000000001" lon="23.00081">
    <ele>198.79000000000002</ele>
   </trkpt>
   <trkpt lat="54.233880000000006" lon="23.00064">
    <ele>200.5</ele>
   </trkpt>
   <trkpt lat="54.233850000000004" lon="23.00033">
    <ele>201.33</ele>
   </trkpt>
   <trkpt lat="54.233470000000004" lon="23.00056">
    <ele>201.24000000000004</ele>
   </trkpt>
   <trkpt lat="54.233340000000005" lon="23.000600000000002">
    <ele>201.18000000000004</ele>
   </trkpt>
   <trkpt lat="54.233250000000005" lon="23.000600000000002">
    <ele>201.19</ele>
   </trkpt>
   <trkpt lat="54.23313" lon="23.00056">
    <ele>201.25</ele>
   </trkpt>
   <trkpt lat="54.232910000000004" lon="23.00037">
    <ele>201.57000000000002</ele>
   </trkpt>
   <trkpt lat="54.23272000000001" lon="23.000100000000003">
    <ele>201.55</ele>
   </trkpt>
   <trkpt lat="54.23263000000001" lon="22.999910000000003">
    <ele>201.55</ele>
   </trkpt>
   <trkpt lat="54.232240000000004" lon="22.99875">
    <ele>201.79000000000002</ele>
   </trkpt>
   <trkpt lat="54.232000002816946" lon="22.997934995491566">
    <ele>201.72</ele>
   </trkpt>
   <trkpt lat="54.23176" lon="22.997120000000002">
    <ele>200.87</ele>
   </trkpt>
   <trkpt lat="54.2314800044931" lon="22.996084993199073">
    <ele>199.28</ele>
   </trkpt>
   <trkpt lat="54.2312" lon="22.995050000000003">
    <ele>199.82000000000002</ele>
   </trkpt>
   <trkpt lat="54.23106000000001" lon="22.99446">
    <ele>198.96</ele>
   </trkpt>
   <trkpt lat="54.23087" lon="22.993900000000004">
    <ele>198.38000000000002</ele>
   </trkpt>
   <trkpt lat="54.23060000184674" lon="22.99323999579002">
    <ele>197.37</ele>
   </trkpt>
   <trkpt lat="54.23033" lon="22.99258">
    <ele>197.20000000000002</ele>
   </trkpt>
   <trkpt lat="54.23013" lon="22.99218">
    <ele>196.54000000000002</ele>
   </trkpt>
   <trkpt lat="54.23001000000001" lon="22.992070000000002">
    <ele>196.54000000000002</ele>
   </trkpt>
   <trkpt lat="54.229870000000005" lon="22.99201">
    <ele>195.84</ele>
   </trkpt>
   <trkpt lat="54.22974000000001" lon="22.99202">
    <ele>195.57000000000002</ele>
   </trkpt>
   <trkpt lat="54.22917" lon="22.99219">
    <ele>193.72</ele>
   </trkpt>
   <trkpt lat="54.229020000000006" lon="22.992210000000004">
    <ele>193.45000000000002</ele>
   </trkpt>
   <trkpt lat="54.22865" lon="22.992210000000004">
    <ele>193.46</ele>
   </trkpt>
   <trkpt lat="54.22852" lon="22.992220000000003">
    <ele>193.76000000000002</ele>
   </trkpt>
   <trkpt lat="54.22836" lon="22.992340000000002">
    <ele>193.82000000000002</ele>
   </trkpt>
   <trkpt lat="54.22796" lon="22.99273">
    <ele>192.60000000000002</ele>
   </trkpt>
   <trkpt lat="54.22776" lon="22.99285">
    <ele>191.28</ele>
   </trkpt>
   <trkpt lat="54.22733" lon="22.992870000000003">
    <ele>186.11</ele>
   </trkpt>
   <trkpt lat="54.22719000000001" lon="22.992910000000002">
    <ele>185.25000000000003</ele>
   </trkpt>
   <trkpt lat="54.226690000000005" lon="22.99323">
    <ele>184.26</ele>
   </trkpt>
   <trkpt lat="54.22624000078255" lon="22.993680004960748">
    <ele>184.29</ele>
   </trkpt>
   <trkpt lat="54.22579" lon="22.994130000000002">
    <ele>184.94000000000003</ele>
   </trkpt>
   <trkpt lat="54.225640000000006" lon="22.99415">
    <ele>185.33</ele>
   </trkpt>
   <trkpt lat="54.22549000000001" lon="22.99408">
    <ele>185.52</ele>
   </trkpt>
   <trkpt lat="54.22498000038546" lon="22.99375499595226">
    <ele>186.13000000000002</ele>
   </trkpt>
   <trkpt lat="54.224470000000004" lon="22.993430000000004">
    <ele>190.54000000000002</ele>
   </trkpt>
   <trkpt lat="54.224070000000005" lon="22.993070000000003">
    <ele>195.9</ele>
   </trkpt>
   <trkpt lat="54.22384" lon="22.992890000000003">
    <ele>197.76000000000002</ele>
   </trkpt>
   <trkpt lat="54.2237" lon="22.992880000000003">
    <ele>198.05</ele>
   </trkpt>
   <trkpt lat="54.22361000000001" lon="22.99293">
    <ele>197.97</ele>
   </trkpt>
   <trkpt lat="54.22354000000001" lon="22.99302">
    <ele>197.88000000000002</ele>
   </trkpt>
   <trkpt lat="54.223330000000004" lon="22.993440000000003">
    <ele>196.75</ele>
   </trkpt>
   <trkpt lat="54.22327000000001" lon="22.9935">
    <ele>196.75</ele>
   </trkpt>
   <trkpt lat="54.22321" lon="22.993540000000003">
    <ele>196.55</ele>
   </trkpt>
   <trkpt lat="54.22294" lon="22.993620000000004">
    <ele>195.63000000000002</ele>
   </trkpt>
   <trkpt lat="54.22261" lon="22.993900000000004">
    <ele>195.18</ele>
   </trkpt>
   <trkpt lat="54.22236" lon="22.99417">
    <ele>194.20000000000002</ele>
   </trkpt>
   <trkpt lat="54.222150000000006" lon="22.99434">
    <ele>193.56</ele>
   </trkpt>
   <trkpt lat="54.22187" lon="22.994510000000002">
    <ele>191.35000000000002</ele>
   </trkpt>
   <trkpt lat="54.221340000044435" lon="22.99472000275025">
    <ele>190.18</ele>
   </trkpt>
   <trkpt lat="54.22081000000001" lon="22.994930000000004">
    <ele>191.03</ele>
   </trkpt>
   <trkpt lat="54.22014000000001" lon="22.99491">
    <ele>194.84</ele>
   </trkpt>
   <trkpt lat="54.21992" lon="22.994870000000002">
    <ele>195.08</ele>
   </trkpt>
   <trkpt lat="54.219710000000006" lon="22.994770000000003">
    <ele>195.04000000000002</ele>
   </trkpt>
   <trkpt lat="54.21918500068545" lon="22.994349994624443">
    <ele>194.82000000000002</ele>
   </trkpt>
   <trkpt lat="54.21866000000001" lon="22.993930000000002">
    <ele>196.16000000000003</ele>
   </trkpt>
   <trkpt lat="54.21855000000001" lon="22.99387">
    <ele>196.16000000000003</ele>
   </trkpt>
   <trkpt lat="54.21842" lon="22.99386">
    <ele>196.51000000000002</ele>
   </trkpt>
   <trkpt lat="54.21790000000001" lon="22.993910000000003">
    <ele>197.97</ele>
   </trkpt>
   <trkpt lat="54.217870000000005" lon="22.99376">
    <ele>198.04000000000002</ele>
   </trkpt>
   <trkpt lat="54.21773" lon="22.993460000000002">
    <ele>198.19</ele>
   </trkpt>
   <trkpt lat="54.21768" lon="22.993290000000002">
    <ele>198.19</ele>
   </trkpt>
   <trkpt lat="54.21792000000001" lon="22.99199">
    <ele>196.01000000000002</ele>
   </trkpt>
   <trkpt lat="54.21793" lon="22.991840000000003">
    <ele>195.95000000000002</ele>
   </trkpt>
   <trkpt lat="54.21791" lon="22.99155">
    <ele>196.38000000000002</ele>
   </trkpt>
   <trkpt lat="54.217870000000005" lon="22.991280000000003">
    <ele>196.87</ele>
   </trkpt>
   <trkpt lat="54.217510000000004" lon="22.990150000000003">
    <ele>199.59</ele>
   </trkpt>
   <trkpt lat="54.21725000000001" lon="22.98947">
    <ele>200.53</ele>
   </trkpt>
   <trkpt lat="54.21712" lon="22.98926">
    <ele>200.89000000000001</ele>
   </trkpt>
   <trkpt lat="54.216480000000004" lon="22.988380000000003">
    <ele>198.70000000000002</ele>
   </trkpt>
   <trkpt lat="54.21647" lon="22.988380000000003">
    <ele>198.69</ele>
   </trkpt>
   <trkpt lat="54.216390000000004" lon="22.98826">
    <ele>197.31</ele>
   </trkpt>
   <trkpt lat="54.215810000000005" lon="22.987180000000002">
    <ele>194.42000000000002</ele>
   </trkpt>
   <trkpt lat="54.21564000000001" lon="22.98703">
    <ele>196.13000000000002</ele>
   </trkpt>
   <trkpt lat="54.2154" lon="22.986860000000004">
    <ele>199.83</ele>
   </trkpt>
   <trkpt lat="54.21499000000001" lon="22.98636">
    <ele>200.73000000000002</ele>
   </trkpt>
   <trkpt lat="54.21488000000001" lon="22.986310000000003">
    <ele>200.49000000000004</ele>
   </trkpt>
   <trkpt lat="54.21464" lon="22.98627">
    <ele>198.58</ele>
   </trkpt>
   <trkpt lat="54.214420000000004" lon="22.986210000000003">
    <ele>197.67000000000002</ele>
   </trkpt>
   <trkpt lat="54.21392" lon="22.985970000000002">
    <ele>196.45000000000002</ele>
   </trkpt>
   <trkpt lat="54.2137" lon="22.98592">
    <ele>195.59</ele>
   </trkpt>
   <trkpt lat="54.21347" lon="22.985830000000004">
    <ele>195.27</ele>
   </trkpt>
   <trkpt lat="54.21284000000001" lon="22.98553">
    <ele>195.4</ele>
   </trkpt>
   <trkpt lat="54.21271" lon="22.985490000000002">
    <ele>194.99</ele>
   </trkpt>
   <trkpt lat="54.212360000000004" lon="22.985480000000003">
    <ele>194.65</ele>
   </trkpt>
   <trkpt lat="54.212320000000005" lon="22.985280000000003">
    <ele>194.46</ele>
   </trkpt>
   <trkpt lat="54.212340000000005" lon="22.9844">
    <ele>195.35000000000002</ele>
   </trkpt>
   <trkpt lat="54.212270000000004" lon="22.98429">
    <ele>195.57000000000002</ele>
   </trkpt>
   <trkpt lat="54.21153" lon="22.983690000000003">
    <ele>195.74</ele>
   </trkpt>
   <trkpt lat="54.21141000000001" lon="22.983530000000002">
    <ele>196.17000000000002</ele>
   </trkpt>
   <trkpt lat="54.21134000000001" lon="22.98335">
    <ele>196.8</ele>
   </trkpt>
   <trkpt lat="54.21132000000001" lon="22.98309">
    <ele>197.72</ele>
   </trkpt>
   <trkpt lat="54.211450000000006" lon="22.982740000000003">
    <ele>199.83</ele>
   </trkpt>
   <trkpt lat="54.21162" lon="22.98254">
    <ele>200.44</ele>
   </trkpt>
   <trkpt lat="54.21173" lon="22.98232">
    <ele>200.76000000000002</ele>
   </trkpt>
   <trkpt lat="54.211740000000006" lon="22.98222">
    <ele>200.76000000000002</ele>
   </trkpt>
   <trkpt lat="54.21173" lon="22.98186">
    <ele>200.34</ele>
   </trkpt>
   <trkpt lat="54.21166" lon="22.9815">
    <ele>200.79000000000002</ele>
   </trkpt>
   <trkpt lat="54.211600000000004" lon="22.98082">
    <ele>202.43000000000004</ele>
   </trkpt>
   <trkpt lat="54.211600000000004" lon="22.980680000000003">
    <ele>202.25</ele>
   </trkpt>
   <trkpt lat="54.21168" lon="22.98008">
    <ele>197.63000000000002</ele>
   </trkpt>
   <trkpt lat="54.211690000000004" lon="22.979840000000003">
    <ele>195.94</ele>
   </trkpt>
   <trkpt lat="54.211650000000006" lon="22.97935">
    <ele>193.75</ele>
   </trkpt>
   <trkpt lat="54.21159" lon="22.979010000000002">
    <ele>193.03</ele>
   </trkpt>
   <trkpt lat="54.211470000000006" lon="22.977790000000002">
    <ele>195.88000000000002</ele>
   </trkpt>
   <trkpt lat="54.211040000000004" lon="22.976820000000004">
    <ele>196.82000000000002</ele>
   </trkpt>
   <trkpt lat="54.211040000000004" lon="22.9768">
    <ele>196.82000000000002</ele>
   </trkpt>
   <trkpt lat="54.210770000000004" lon="22.976190000000003">
    <ele>196.79000000000002</ele>
   </trkpt>
   <trkpt lat="54.21067000000001" lon="22.975890000000003">
    <ele>196.56</ele>
   </trkpt>
   <trkpt lat="54.210530000000006" lon="22.975240000000003">
    <ele>197.27000000000004</ele>
   </trkpt>
   <trkpt lat="54.210480000000004" lon="22.975040000000003">
    <ele>197.45000000000002</ele>
   </trkpt>
   <trkpt lat="54.21040000000001" lon="22.97481">
    <ele>197.19</ele>
   </trkpt>
   <trkpt lat="54.210260000000005" lon="22.974520000000002">
    <ele>196.63000000000002</ele>
   </trkpt>
   <trkpt lat="54.20967" lon="22.97369">
    <ele>194.69000000000003</ele>
   </trkpt>
   <trkpt lat="54.20962" lon="22.973550000000003">
    <ele>194.12</ele>
   </trkpt>
   <trkpt lat="54.209630000000004" lon="22.973360000000003">
    <ele>194.12</ele>
   </trkpt>
   <trkpt lat="54.2098" lon="22.972640000000002">
    <ele>190.87</ele>
   </trkpt>
   <trkpt lat="54.20984000000001" lon="22.97237">
    <ele>190.56</ele>
   </trkpt>
   <trkpt lat="54.20987" lon="22.971950000000003">
    <ele>190.77</ele>
   </trkpt>
   <trkpt lat="54.20984000000001" lon="22.971760000000003">
    <ele>191.21</ele>
   </trkpt>
   <trkpt lat="54.209790000000005" lon="22.97163">
    <ele>191.21</ele>
   </trkpt>
   <trkpt lat="54.20973000000001" lon="22.97154">
    <ele>191.3</ele>
   </trkpt>
   <trkpt lat="54.209700000000005" lon="22.97153">
    <ele>191.45000000000002</ele>
   </trkpt>
   <trkpt lat="54.20965" lon="22.971580000000003">
    <ele>191.45000000000002</ele>
   </trkpt>
   <trkpt lat="54.20951" lon="22.971230000000002">
    <ele>191.35999999999999</ele>
   </trkpt>
  </trkseg>
 </trk>
</gpx>
