<?xml version="1.0" encoding="UTF-8"?>
<gpx xmlns:gpxdata="http://www.cluetrust.com/XML/GPXDATA/1/0" xmlns:xsi="http://www.w3.org/2001/XMLSchema-instance" xmlns="http://www.topografix.com/GPX/1/1" version="1.1" creator="http://ridewithgps.com/" xsi:schemaLocation="http://www.topografix.com/GPX/1/1 http://www.topografix.com/GPX/1/1/gpx.xsd http://www.cluetrust.com/XML/GPXDATA/1/0 http://www.cluetrust.com/Schemas/gpxdata10.xsd">
  <metadata>
    <name>PROZIAK500 2025 - FINAL</name>
    <link href="https://ridewithgps.com/routes/51276511">
      <text>PROZIAK500 2025 - FINAL</text>
    </link>
    <time>2025-06-16T14:14:16Z</time>
  </metadata>
  <trk>
    <name>PROZIAK500 2025 - FINAL</name>
    <trkseg>
      <trkpt lat="49.2613" lon="22.68305">
        <ele>693.5</ele>
      </trkpt>
      <trkpt lat="49.26112" lon="22.68303">
        <ele>692.6</ele>
      </trkpt>
      <trkpt lat="49.26082" lon="22.68304">
        <ele>690.7</ele>
      </trkpt>
      <trkpt lat="49.26047" lon="22.68311">
        <ele>688.1</ele>
      </trkpt>
      <trkpt lat="49.26024" lon="22.68319">
        <ele>686.0</ele>
      </trkpt>
      <trkpt lat="49.25999" lon="22.68337">
        <ele>684.0</ele>
      </trkpt>
      <trkpt lat="49.25953" lon="22.68395">
        <ele>679.2</ele>
      </trkpt>
      <trkpt lat="49.25942" lon="22.68403">
        <ele>679.2</ele>
      </trkpt>
      <trkpt lat="49.25882" lon="22.68433">
        <ele>671.5</ele>
      </trkpt>
      <trkpt lat="49.25853" lon="22.68458">
        <ele>668.2</ele>
      </trkpt>
      <trkpt lat="49.2583" lon="22.68484">
        <ele>666.3</ele>
      </trkpt>
      <trkpt lat="49.257895" lon="22.685365">
        <ele>664.4</ele>
      </trkpt>
      <trkpt lat="49.25749" lon="22.68589">
        <ele>660.7</ele>
      </trkpt>
      <trkpt lat="49.256945" lon="22.686645">
        <ele>655.1</ele>
      </trkpt>
      <trkpt lat="49.2564" lon="22.6874">
        <ele>651.4</ele>
      </trkpt>
      <trkpt lat="49.25588" lon="22.688143">
        <ele>650.9</ele>
      </trkpt>
      <trkpt lat="49.25536" lon="22.688885">
        <ele>651.7</ele>
      </trkpt>
      <trkpt lat="49.25484" lon="22.689628">
        <ele>651.0</ele>
      </trkpt>
      <trkpt lat="49.25432" lon="22.69037">
        <ele>648.7</ele>
      </trkpt>
      <trkpt lat="49.25385" lon="22.691097">
        <ele>645.2</ele>
      </trkpt>
      <trkpt lat="49.25338" lon="22.691823">
        <ele>641.6</ele>
      </trkpt>
      <trkpt lat="49.25291" lon="22.69255">
        <ele>639.5</ele>
      </trkpt>
      <trkpt lat="49.25234" lon="22.693473">
        <ele>639.5</ele>
      </trkpt>
      <trkpt lat="49.25177" lon="22.694397">
        <ele>621.8</ele>
      </trkpt>
      <trkpt lat="49.2512" lon="22.69532">
        <ele>621.8</ele>
      </trkpt>
      <trkpt lat="49.25086" lon="22.69582">
        <ele>617.8</ele>
      </trkpt>
      <trkpt lat="49.25054" lon="22.69604">
        <ele>613.2</ele>
      </trkpt>
      <trkpt lat="49.25039" lon="22.69606">
        <ele>612.5</ele>
      </trkpt>
      <trkpt lat="49.25022" lon="22.69604">
        <ele>611.4</ele>
      </trkpt>
      <trkpt lat="49.25001" lon="22.69594">
        <ele>608.9</ele>
      </trkpt>
      <trkpt lat="49.24954" lon="22.69564">
        <ele>606.0</ele>
      </trkpt>
      <trkpt lat="49.248975" lon="22.69525">
        <ele>605.8</ele>
      </trkpt>
      <trkpt lat="49.24841" lon="22.69486">
        <ele>608.4</ele>
      </trkpt>
      <trkpt lat="49.24826" lon="22.69473">
        <ele>608.5</ele>
      </trkpt>
      <trkpt lat="49.24758" lon="22.69393">
        <ele>606.0</ele>
      </trkpt>
      <trkpt lat="49.24739" lon="22.69377">
        <ele>604.7</ele>
      </trkpt>
      <trkpt lat="49.24714" lon="22.69366">
        <ele>602.9</ele>
      </trkpt>
      <trkpt lat="49.246365" lon="22.69352">
        <ele>602.8</ele>
      </trkpt>
      <trkpt lat="49.24559" lon="22.69338">
        <ele>602.6</ele>
      </trkpt>
      <trkpt lat="49.24493" lon="22.69329">
        <ele>602.4</ele>
      </trkpt>
      <trkpt lat="49.24465" lon="22.69333">
        <ele>602.8</ele>
      </trkpt>
      <trkpt lat="49.24433" lon="22.69351">
        <ele>603.0</ele>
      </trkpt>
      <trkpt lat="49.2441" lon="22.69373">
        <ele>603.3</ele>
      </trkpt>
      <trkpt lat="49.24355" lon="22.69446">
        <ele>602.1</ele>
      </trkpt>
      <trkpt lat="49.243" lon="22.69519">
        <ele>597.1</ele>
      </trkpt>
      <trkpt lat="49.2429" lon="22.69539">
        <ele>596.2</ele>
      </trkpt>
      <trkpt lat="49.2428" lon="22.69571">
        <ele>595.0</ele>
      </trkpt>
      <trkpt lat="49.24268" lon="22.69668">
        <ele>593.0</ele>
      </trkpt>
      <trkpt lat="49.24256" lon="22.69765">
        <ele>592.7</ele>
      </trkpt>
      <trkpt lat="49.24248" lon="22.69791">
        <ele>592.7</ele>
      </trkpt>
      <trkpt lat="49.24238" lon="22.69808">
        <ele>592.7</ele>
      </trkpt>
      <trkpt lat="49.241845" lon="22.69871">
        <ele>592.8</ele>
      </trkpt>
      <trkpt lat="49.24131" lon="22.69934">
        <ele>593.0</ele>
      </trkpt>
      <trkpt lat="49.24085" lon="22.69984">
        <ele>591.6</ele>
      </trkpt>
      <trkpt lat="49.24074" lon="22.69994">
        <ele>591.6</ele>
      </trkpt>
      <trkpt lat="49.24057" lon="22.70005">
        <ele>591.2</ele>
      </trkpt>
      <trkpt lat="49.24047" lon="22.70009">
        <ele>591.2</ele>
      </trkpt>
      <trkpt lat="49.24027" lon="22.70013">
        <ele>590.9</ele>
      </trkpt>
      <trkpt lat="49.24018" lon="22.70013">
        <ele>590.6</ele>
      </trkpt>
      <trkpt lat="49.23996" lon="22.70006">
        <ele>590.6</ele>
      </trkpt>
      <trkpt lat="49.23984" lon="22.69999">
        <ele>589.3</ele>
      </trkpt>
      <trkpt lat="49.23975" lon="22.69991">
        <ele>589.3</ele>
      </trkpt>
      <trkpt lat="49.23959" lon="22.69972">
        <ele>589.1</ele>
      </trkpt>
      <trkpt lat="49.2392" lon="22.69913">
        <ele>588.2</ele>
      </trkpt>
      <trkpt lat="49.23881" lon="22.69854">
        <ele>586.6</ele>
      </trkpt>
      <trkpt lat="49.23865" lon="22.69837">
        <ele>585.1</ele>
      </trkpt>
      <trkpt lat="49.23857" lon="22.69831">
        <ele>585.1</ele>
      </trkpt>
      <trkpt lat="49.23837" lon="22.69825">
        <ele>584.5</ele>
      </trkpt>
      <trkpt lat="49.23824" lon="22.69828">
        <ele>584.4</ele>
      </trkpt>
      <trkpt lat="49.23797" lon="22.69841">
        <ele>584.5</ele>
      </trkpt>
      <trkpt lat="49.237295" lon="22.6988">
        <ele>588.0</ele>
      </trkpt>
      <trkpt lat="49.23662" lon="22.69919">
        <ele>588.1</ele>
      </trkpt>
      <trkpt lat="49.235973" lon="22.6996">
        <ele>586.6</ele>
      </trkpt>
      <trkpt lat="49.235327" lon="22.70001">
        <ele>584.3</ele>
      </trkpt>
      <trkpt lat="49.23468" lon="22.70042">
        <ele>581.9</ele>
      </trkpt>
      <trkpt lat="49.23397" lon="22.70082">
        <ele>578.1</ele>
      </trkpt>
      <trkpt lat="49.23313" lon="22.70126">
        <ele>573.9</ele>
      </trkpt>
      <trkpt lat="49.23229" lon="22.7017">
        <ele>574.1</ele>
      </trkpt>
      <trkpt lat="49.232" lon="22.70177">
        <ele>574.1</ele>
      </trkpt>
      <trkpt lat="49.231293" lon="22.701853">
        <ele>574.3</ele>
      </trkpt>
      <trkpt lat="49.230587" lon="22.701937">
        <ele>573.0</ele>
      </trkpt>
      <trkpt lat="49.22988" lon="22.70202">
        <ele>572.2</ele>
      </trkpt>
      <trkpt lat="49.22968" lon="22.70202">
        <ele>572.2</ele>
      </trkpt>
      <trkpt lat="49.2295" lon="22.70193">
        <ele>572.1</ele>
      </trkpt>
      <trkpt lat="49.22939" lon="22.70181">
        <ele>572.1</ele>
      </trkpt>
      <trkpt lat="49.22929" lon="22.70166">
        <ele>572.1</ele>
      </trkpt>
      <trkpt lat="49.228763" lon="22.700637">
        <ele>574.1</ele>
      </trkpt>
      <trkpt lat="49.228237" lon="22.699613">
        <ele>577.2</ele>
      </trkpt>
      <trkpt lat="49.22771" lon="22.69859">
        <ele>580.5</ele>
      </trkpt>
      <trkpt lat="49.22748" lon="22.69823">
        <ele>580.9</ele>
      </trkpt>
      <trkpt lat="49.22727" lon="22.69795">
        <ele>582.9</ele>
      </trkpt>
      <trkpt lat="49.22662" lon="22.69734">
        <ele>582.9</ele>
      </trkpt>
      <trkpt lat="49.22597" lon="22.69673">
        <ele>569.8</ele>
      </trkpt>
      <trkpt lat="49.22532" lon="22.69612">
        <ele>569.8</ele>
      </trkpt>
      <trkpt lat="49.22467" lon="22.69551">
        <ele>569.8</ele>
      </trkpt>
      <trkpt lat="49.22404" lon="22.69498">
        <ele>570.0</ele>
      </trkpt>
      <trkpt lat="49.22375" lon="22.69476">
        <ele>569.8</ele>
      </trkpt>
      <trkpt lat="49.22354" lon="22.69462">
        <ele>569.4</ele>
      </trkpt>
      <trkpt lat="49.22298" lon="22.69433">
        <ele>568.0</ele>
      </trkpt>
      <trkpt lat="49.22246" lon="22.6941">
        <ele>567.7</ele>
      </trkpt>
      <trkpt lat="49.22194" lon="22.69387">
        <ele>568.1</ele>
      </trkpt>
      <trkpt lat="49.22176" lon="22.69382">
        <ele>568.4</ele>
      </trkpt>
      <trkpt lat="49.22106" lon="22.69373">
        <ele>568.9</ele>
      </trkpt>
      <trkpt lat="49.22073" lon="22.69375">
        <ele>569.0</ele>
      </trkpt>
      <trkpt lat="49.22038" lon="22.69382">
        <ele>568.5</ele>
      </trkpt>
      <trkpt lat="49.22027" lon="22.69381">
        <ele>568.2</ele>
      </trkpt>
      <trkpt lat="49.22007" lon="22.69376">
        <ele>567.3</ele>
      </trkpt>
      <trkpt lat="49.21967" lon="22.69354">
        <ele>564.2</ele>
      </trkpt>
      <trkpt lat="49.21936" lon="22.69341">
        <ele>560.8</ele>
      </trkpt>
      <trkpt lat="49.21877" lon="22.693245">
        <ele>558.4</ele>
      </trkpt>
      <trkpt lat="49.21818" lon="22.69308">
        <ele>556.2</ele>
      </trkpt>
      <trkpt lat="49.2179" lon="22.69295">
        <ele>555.9</ele>
      </trkpt>
      <trkpt lat="49.21754" lon="22.69271">
        <ele>555.7</ele>
      </trkpt>
      <trkpt lat="49.216955" lon="22.692245">
        <ele>554.7</ele>
      </trkpt>
      <trkpt lat="49.21637" lon="22.69178">
        <ele>554.0</ele>
      </trkpt>
      <trkpt lat="49.21572" lon="22.691193">
        <ele>553.3</ele>
      </trkpt>
      <trkpt lat="49.21507" lon="22.690607">
        <ele>552.8</ele>
      </trkpt>
      <trkpt lat="49.21442" lon="22.69002">
        <ele>552.4</ele>
      </trkpt>
      <trkpt lat="49.21416" lon="22.68975">
        <ele>551.7</ele>
      </trkpt>
      <trkpt lat="49.213647" lon="22.68911">
        <ele>550.7</ele>
      </trkpt>
      <trkpt lat="49.213133" lon="22.68847">
        <ele>550.2</ele>
      </trkpt>
      <trkpt lat="49.21262" lon="22.68783">
        <ele>550.4</ele>
      </trkpt>
      <trkpt lat="49.2124" lon="22.68744">
        <ele>550.6</ele>
      </trkpt>
      <trkpt lat="49.2122" lon="22.68691">
        <ele>550.5</ele>
      </trkpt>
      <trkpt lat="49.21208" lon="22.68639">
        <ele>550.3</ele>
      </trkpt>
      <trkpt lat="49.211897" lon="22.685053">
        <ele>549.8</ele>
      </trkpt>
      <trkpt lat="49.211713" lon="22.683717">
        <ele>549.0</ele>
      </trkpt>
      <trkpt lat="49.21153" lon="22.68238">
        <ele>548.6</ele>
      </trkpt>
      <trkpt lat="49.21139" lon="22.68178">
        <ele>548.4</ele>
      </trkpt>
      <trkpt lat="49.21109" lon="22.680975">
        <ele>546.7</ele>
      </trkpt>
      <trkpt lat="49.21079" lon="22.68017">
        <ele>543.6</ele>
      </trkpt>
      <trkpt lat="49.21057" lon="22.6799">
        <ele>542.9</ele>
      </trkpt>
      <trkpt lat="49.21033" lon="22.67971">
        <ele>542.7</ele>
      </trkpt>
      <trkpt lat="49.209618" lon="22.679213">
        <ele>546.5</ele>
      </trkpt>
      <trkpt lat="49.208907" lon="22.678717">
        <ele>553.7</ele>
      </trkpt>
      <trkpt lat="49.208195" lon="22.67822">
        <ele>557.2</ele>
      </trkpt>
      <trkpt lat="49.207483" lon="22.677723">
        <ele>558.5</ele>
      </trkpt>
      <trkpt lat="49.206772" lon="22.677227">
        <ele>560.4</ele>
      </trkpt>
      <trkpt lat="49.20606" lon="22.67673">
        <ele>563.1</ele>
      </trkpt>
      <trkpt lat="49.20591" lon="22.67661">
        <ele>563.1</ele>
      </trkpt>
      <trkpt lat="49.20548" lon="22.67636">
        <ele>564.3</ele>
      </trkpt>
      <trkpt lat="49.20524" lon="22.67625">
        <ele>565.6</ele>
      </trkpt>
      <trkpt lat="49.20476" lon="22.6761">
        <ele>560.3</ele>
      </trkpt>
      <trkpt lat="49.203965" lon="22.67591">
        <ele>560.3</ele>
      </trkpt>
      <trkpt lat="49.20317" lon="22.67572">
        <ele>560.3</ele>
      </trkpt>
      <trkpt lat="49.202375" lon="22.67553">
        <ele>544.2</ele>
      </trkpt>
      <trkpt lat="49.20158" lon="22.67534">
        <ele>544.2</ele>
      </trkpt>
      <trkpt lat="49.200785" lon="22.67515">
        <ele>544.2</ele>
      </trkpt>
      <trkpt lat="49.19999" lon="22.67496">
        <ele>544.2</ele>
      </trkpt>
      <trkpt lat="49.19975" lon="22.67492">
        <ele>544.2</ele>
      </trkpt>
      <trkpt lat="49.19949" lon="22.67491">
        <ele>544.3</ele>
      </trkpt>
      <trkpt lat="49.19934" lon="22.67493">
        <ele>544.3</ele>
      </trkpt>
      <trkpt lat="49.19904" lon="22.67505">
        <ele>544.8</ele>
      </trkpt>
      <trkpt lat="49.1989" lon="22.67513">
        <ele>544.8</ele>
      </trkpt>
      <trkpt lat="49.19875" lon="22.67525">
        <ele>544.8</ele>
      </trkpt>
      <trkpt lat="49.19862" lon="22.67538">
        <ele>544.8</ele>
      </trkpt>
      <trkpt lat="49.19843" lon="22.67562">
        <ele>544.6</ele>
      </trkpt>
      <trkpt lat="49.19827" lon="22.6759">
        <ele>544.5</ele>
      </trkpt>
      <trkpt lat="49.197804" lon="22.676908">
        <ele>543.8</ele>
      </trkpt>
      <trkpt lat="49.197338" lon="22.677916">
        <ele>543.6</ele>
      </trkpt>
      <trkpt lat="49.196872" lon="22.678924">
        <ele>543.8</ele>
      </trkpt>
      <trkpt lat="49.196406" lon="22.679932">
        <ele>543.8</ele>
      </trkpt>
      <trkpt lat="49.19594" lon="22.68094">
        <ele>544.1</ele>
      </trkpt>
      <trkpt lat="49.19614" lon="22.68125">
        <ele>543.8</ele>
      </trkpt>
      <trkpt lat="49.196455" lon="22.681875">
        <ele>544.0</ele>
      </trkpt>
      <trkpt lat="49.19677" lon="22.6825">
        <ele>544.2</ele>
      </trkpt>
      <trkpt lat="49.19692" lon="22.68276">
        <ele>544.3</ele>
      </trkpt>
      <trkpt lat="49.19713" lon="22.68296">
        <ele>545.3</ele>
      </trkpt>
      <trkpt lat="49.197775" lon="22.683495">
        <ele>548.7</ele>
      </trkpt>
      <trkpt lat="49.19842" lon="22.68403">
        <ele>552.4</ele>
      </trkpt>
      <trkpt lat="49.19896" lon="22.68453">
        <ele>554.8</ele>
      </trkpt>
      <trkpt lat="49.199525" lon="22.6851">
        <ele>556.4</ele>
      </trkpt>
      <trkpt lat="49.20009" lon="22.68567">
        <ele>557.7</ele>
      </trkpt>
      <trkpt lat="49.20033" lon="22.68588">
        <ele>558.5</ele>
      </trkpt>
      <trkpt lat="49.20056" lon="22.68613">
        <ele>558.8</ele>
      </trkpt>
      <trkpt lat="49.20082" lon="22.68649">
        <ele>559.8</ele>
      </trkpt>
      <trkpt lat="49.20106" lon="22.68688">
        <ele>560.6</ele>
      </trkpt>
      <trkpt lat="49.20128" lon="22.68739">
        <ele>561.6</ele>
      </trkpt>
      <trkpt lat="49.2015" lon="22.68819">
        <ele>564.3</ele>
      </trkpt>
      <trkpt lat="49.201745" lon="22.68918">
        <ele>566.7</ele>
      </trkpt>
      <trkpt lat="49.20199" lon="22.69017">
        <ele>569.4</ele>
      </trkpt>
      <trkpt lat="49.202235" lon="22.69116">
        <ele>571.8</ele>
      </trkpt>
      <trkpt lat="49.20248" lon="22.69215">
        <ele>572.7</ele>
      </trkpt>
      <trkpt lat="49.20259" lon="22.69274">
        <ele>572.8</ele>
      </trkpt>
      <trkpt lat="49.20267" lon="22.69337">
        <ele>573.5</ele>
      </trkpt>
      <trkpt lat="49.20268" lon="22.69391">
        <ele>574.6</ele>
      </trkpt>
      <trkpt lat="49.2026" lon="22.69492">
        <ele>574.5</ele>
      </trkpt>
      <trkpt lat="49.20247" lon="22.69572">
        <ele>573.3</ele>
      </trkpt>
      <trkpt lat="49.20234" lon="22.69652">
        <ele>571.4</ele>
      </trkpt>
      <trkpt lat="49.20232" lon="22.69713">
        <ele>569.9</ele>
      </trkpt>
      <trkpt lat="49.20247" lon="22.69812">
        <ele>567.0</ele>
      </trkpt>
      <trkpt lat="49.20257" lon="22.69887">
        <ele>562.9</ele>
      </trkpt>
      <trkpt lat="49.20259" lon="22.69952">
        <ele>562.4</ele>
      </trkpt>
      <trkpt lat="49.20256" lon="22.70069">
        <ele>562.7</ele>
      </trkpt>
      <trkpt lat="49.20258" lon="22.70117">
        <ele>561.8</ele>
      </trkpt>
      <trkpt lat="49.20265" lon="22.70193">
        <ele>561.2</ele>
      </trkpt>
      <trkpt lat="49.20272" lon="22.70269">
        <ele>560.1</ele>
      </trkpt>
      <trkpt lat="49.20286" lon="22.70402">
        <ele>560.7</ele>
      </trkpt>
      <trkpt lat="49.203" lon="22.70535">
        <ele>560.3</ele>
      </trkpt>
      <trkpt lat="49.20312" lon="22.70671">
        <ele>561.7</ele>
      </trkpt>
      <trkpt lat="49.20313" lon="22.70704">
        <ele>562.2</ele>
      </trkpt>
      <trkpt lat="49.20306" lon="22.70749">
        <ele>562.3</ele>
      </trkpt>
      <trkpt lat="49.20281" lon="22.70825">
        <ele>559.8</ele>
      </trkpt>
      <trkpt lat="49.20273" lon="22.70836">
        <ele>559.5</ele>
      </trkpt>
      <trkpt lat="49.20258" lon="22.70852">
        <ele>558.8</ele>
      </trkpt>
      <trkpt lat="49.20242" lon="22.70859">
        <ele>558.4</ele>
      </trkpt>
      <trkpt lat="49.20188" lon="22.708735">
        <ele>560.9</ele>
      </trkpt>
      <trkpt lat="49.20134" lon="22.70888">
        <ele>567.3</ele>
      </trkpt>
      <trkpt lat="49.20079" lon="22.70907">
        <ele>570.5</ele>
      </trkpt>
      <trkpt lat="49.20053" lon="22.70922">
        <ele>571.4</ele>
      </trkpt>
      <trkpt lat="49.2004" lon="22.7094">
        <ele>571.1</ele>
      </trkpt>
      <trkpt lat="49.20032" lon="22.70956">
        <ele>570.6</ele>
      </trkpt>
      <trkpt lat="49.20023" lon="22.70993">
        <ele>570.5</ele>
      </trkpt>
      <trkpt lat="49.20004" lon="22.71097">
        <ele>581.3</ele>
      </trkpt>
      <trkpt lat="49.199925" lon="22.711705">
        <ele>584.7</ele>
      </trkpt>
      <trkpt lat="49.19981" lon="22.71244">
        <ele>590.2</ele>
      </trkpt>
      <trkpt lat="49.19975" lon="22.71271">
        <ele>592.7</ele>
      </trkpt>
      <trkpt lat="49.19963" lon="22.71296">
        <ele>595.9</ele>
      </trkpt>
      <trkpt lat="49.19921" lon="22.71343">
        <ele>600.7</ele>
      </trkpt>
      <trkpt lat="49.19879" lon="22.7139">
        <ele>600.5</ele>
      </trkpt>
      <trkpt lat="49.19848" lon="22.71434">
        <ele>597.7</ele>
      </trkpt>
      <trkpt lat="49.198125" lon="22.714995">
        <ele>599.5</ele>
      </trkpt>
      <trkpt lat="49.19777" lon="22.71565">
        <ele>605.4</ele>
      </trkpt>
      <trkpt lat="49.19754" lon="22.71596">
        <ele>606.6</ele>
      </trkpt>
      <trkpt lat="49.19734" lon="22.71618">
        <ele>607.3</ele>
      </trkpt>
      <trkpt lat="49.19715" lon="22.7163">
        <ele>607.4</ele>
      </trkpt>
      <trkpt lat="49.19675" lon="22.71639">
        <ele>605.1</ele>
      </trkpt>
      <trkpt lat="49.19607" lon="22.716587">
        <ele>598.7</ele>
      </trkpt>
      <trkpt lat="49.19539" lon="22.716783">
        <ele>593.6</ele>
      </trkpt>
      <trkpt lat="49.19471" lon="22.71698">
        <ele>591.3</ele>
      </trkpt>
      <trkpt lat="49.1944" lon="22.71704">
        <ele>592.2</ele>
      </trkpt>
      <trkpt lat="49.19411" lon="22.71706">
        <ele>593.7</ele>
      </trkpt>
      <trkpt lat="49.19339" lon="22.71699">
        <ele>596.6</ele>
      </trkpt>
      <trkpt lat="49.1928" lon="22.71699">
        <ele>594.6</ele>
      </trkpt>
      <trkpt lat="49.19264" lon="22.71691">
        <ele>593.5</ele>
      </trkpt>
      <trkpt lat="49.19237" lon="22.71673">
        <ele>591.1</ele>
      </trkpt>
      <trkpt lat="49.19187" lon="22.71646">
        <ele>590.0</ele>
      </trkpt>
      <trkpt lat="49.1916" lon="22.71629">
        <ele>590.3</ele>
      </trkpt>
      <trkpt lat="49.19131" lon="22.71604">
        <ele>590.3</ele>
      </trkpt>
      <trkpt lat="49.19091" lon="22.7156">
        <ele>589.6</ele>
      </trkpt>
      <trkpt lat="49.19039" lon="22.71486">
        <ele>590.5</ele>
      </trkpt>
      <trkpt lat="49.19021" lon="22.71472">
        <ele>591.4</ele>
      </trkpt>
      <trkpt lat="49.18997" lon="22.71458">
        <ele>594.6</ele>
      </trkpt>
      <trkpt lat="49.1893" lon="22.7143">
        <ele>598.7</ele>
      </trkpt>
      <trkpt lat="49.188715" lon="22.713965">
        <ele>603.4</ele>
      </trkpt>
      <trkpt lat="49.18813" lon="22.71363">
        <ele>607.3</ele>
      </trkpt>
      <trkpt lat="49.18769" lon="22.71344">
        <ele>609.5</ele>
      </trkpt>
      <trkpt lat="49.18719" lon="22.7133">
        <ele>613.5</ele>
      </trkpt>
      <trkpt lat="49.18678" lon="22.71309">
        <ele>615.6</ele>
      </trkpt>
      <trkpt lat="49.1864" lon="22.71285">
        <ele>618.8</ele>
      </trkpt>
      <trkpt lat="49.18595" lon="22.71241">
        <ele>621.0</ele>
      </trkpt>
      <trkpt lat="49.18538" lon="22.71179">
        <ele>623.5</ele>
      </trkpt>
      <trkpt lat="49.18474" lon="22.711273">
        <ele>624.0</ele>
      </trkpt>
      <trkpt lat="49.1841" lon="22.710757">
        <ele>623.1</ele>
      </trkpt>
      <trkpt lat="49.18346" lon="22.71024">
        <ele>624.5</ele>
      </trkpt>
      <trkpt lat="49.18284" lon="22.7095">
        <ele>631.7</ele>
      </trkpt>
      <trkpt lat="49.182595" lon="22.708755">
        <ele>634.0</ele>
      </trkpt>
      <trkpt lat="49.18235" lon="22.70801">
        <ele>637.6</ele>
      </trkpt>
      <trkpt lat="49.18233" lon="22.70723">
        <ele>640.2</ele>
      </trkpt>
      <trkpt lat="49.18228" lon="22.70661">
        <ele>641.7</ele>
      </trkpt>
      <trkpt lat="49.18199" lon="22.70605">
        <ele>644.3</ele>
      </trkpt>
      <trkpt lat="49.18176" lon="22.70526">
        <ele>646.1</ele>
      </trkpt>
      <trkpt lat="49.181765" lon="22.704405">
        <ele>647.8</ele>
      </trkpt>
      <trkpt lat="49.18177" lon="22.70355">
        <ele>650.1</ele>
      </trkpt>
      <trkpt lat="49.18187" lon="22.70239">
        <ele>654.9</ele>
      </trkpt>
      <trkpt lat="49.18186" lon="22.70205">
        <ele>655.3</ele>
      </trkpt>
      <trkpt lat="49.18179" lon="22.70151">
        <ele>656.2</ele>
      </trkpt>
      <trkpt lat="49.1815" lon="22.70083">
        <ele>656.1</ele>
      </trkpt>
      <trkpt lat="49.18137" lon="22.7006">
        <ele>656.3</ele>
      </trkpt>
      <trkpt lat="49.18077" lon="22.69969">
        <ele>657.5</ele>
      </trkpt>
      <trkpt lat="49.18056" lon="22.69948">
        <ele>657.7</ele>
      </trkpt>
      <trkpt lat="49.18038" lon="22.69935">
        <ele>657.9</ele>
      </trkpt>
      <trkpt lat="49.18021" lon="22.6993">
        <ele>658.5</ele>
      </trkpt>
      <trkpt lat="49.1801" lon="22.6993">
        <ele>658.9</ele>
      </trkpt>
      <trkpt lat="49.17922" lon="22.69947">
        <ele>663.2</ele>
      </trkpt>
      <trkpt lat="49.179" lon="22.69954">
        <ele>663.4</ele>
      </trkpt>
      <trkpt lat="49.17844" lon="22.69983">
        <ele>665.4</ele>
      </trkpt>
      <trkpt lat="49.17838" lon="22.69985">
        <ele>665.4</ele>
      </trkpt>
      <trkpt lat="49.17825" lon="22.69985">
        <ele>666.0</ele>
      </trkpt>
      <trkpt lat="49.17809" lon="22.6998">
        <ele>666.4</ele>
      </trkpt>
      <trkpt lat="49.17799" lon="22.69969">
        <ele>666.4</ele>
      </trkpt>
      <trkpt lat="49.17768" lon="22.69925">
        <ele>666.2</ele>
      </trkpt>
      <trkpt lat="49.17746" lon="22.699">
        <ele>666.8</ele>
      </trkpt>
      <trkpt lat="49.17729" lon="22.69889">
        <ele>667.1</ele>
      </trkpt>
      <trkpt lat="49.1771" lon="22.69881">
        <ele>668.2</ele>
      </trkpt>
      <trkpt lat="49.17652" lon="22.698675">
        <ele>671.3</ele>
      </trkpt>
      <trkpt lat="49.17594" lon="22.69854">
        <ele>672.3</ele>
      </trkpt>
      <trkpt lat="49.17526" lon="22.69864">
        <ele>673.5</ele>
      </trkpt>
      <trkpt lat="49.17489" lon="22.69862">
        <ele>674.1</ele>
      </trkpt>
      <trkpt lat="49.17461" lon="22.69854">
        <ele>673.9</ele>
      </trkpt>
      <trkpt lat="49.17454" lon="22.69887">
        <ele>674.4</ele>
      </trkpt>
      <trkpt lat="49.17447" lon="22.69907">
        <ele>674.4</ele>
      </trkpt>
      <trkpt lat="49.17438" lon="22.69924">
        <ele>674.6</ele>
      </trkpt>
      <trkpt lat="49.17429" lon="22.69934">
        <ele>674.8</ele>
      </trkpt>
      <trkpt lat="49.173535" lon="22.699915">
        <ele>676.1</ele>
      </trkpt>
      <trkpt lat="49.17278" lon="22.70049">
        <ele>677.1</ele>
      </trkpt>
      <trkpt lat="49.17207" lon="22.70102">
        <ele>677.9</ele>
      </trkpt>
      <trkpt lat="49.17189" lon="22.70118">
        <ele>677.9</ele>
      </trkpt>
      <trkpt lat="49.17168" lon="22.70142">
        <ele>678.5</ele>
      </trkpt>
      <trkpt lat="49.171325" lon="22.70192">
        <ele>680.2</ele>
      </trkpt>
      <trkpt lat="49.17097" lon="22.70242">
        <ele>681.1</ele>
      </trkpt>
      <trkpt lat="49.17028" lon="22.70315">
        <ele>682.9</ele>
      </trkpt>
      <trkpt lat="49.17013" lon="22.70325">
        <ele>683.0</ele>
      </trkpt>
      <trkpt lat="49.16929" lon="22.70347">
        <ele>683.3</ele>
      </trkpt>
      <trkpt lat="49.16892" lon="22.70366">
        <ele>683.8</ele>
      </trkpt>
      <trkpt lat="49.168435" lon="22.70398">
        <ele>685.0</ele>
      </trkpt>
      <trkpt lat="49.16795" lon="22.7043">
        <ele>686.0</ele>
      </trkpt>
      <trkpt lat="49.16717" lon="22.70497">
        <ele>686.6</ele>
      </trkpt>
      <trkpt lat="49.167" lon="22.70505">
        <ele>686.8</ele>
      </trkpt>
      <trkpt lat="49.16637" lon="22.7052">
        <ele>687.5</ele>
      </trkpt>
      <trkpt lat="49.16609" lon="22.70524">
        <ele>687.9</ele>
      </trkpt>
      <trkpt lat="49.16578" lon="22.70523">
        <ele>688.4</ele>
      </trkpt>
      <trkpt lat="49.16495" lon="22.70511">
        <ele>689.4</ele>
      </trkpt>
      <trkpt lat="49.16412" lon="22.70499">
        <ele>690.2</ele>
      </trkpt>
      <trkpt lat="49.16403" lon="22.70501">
        <ele>690.3</ele>
      </trkpt>
      <trkpt lat="49.16388" lon="22.7051">
        <ele>690.7</ele>
      </trkpt>
      <trkpt lat="49.16377" lon="22.70524">
        <ele>690.8</ele>
      </trkpt>
      <trkpt lat="49.16367" lon="22.70542">
        <ele>691.9</ele>
      </trkpt>
      <trkpt lat="49.16356" lon="22.70555">
        <ele>692.4</ele>
      </trkpt>
      <trkpt lat="49.16349" lon="22.7056">
        <ele>692.6</ele>
      </trkpt>
      <trkpt lat="49.16335" lon="22.70562">
        <ele>692.7</ele>
      </trkpt>
      <trkpt lat="49.16267" lon="22.70549">
        <ele>693.0</ele>
      </trkpt>
      <trkpt lat="49.16199" lon="22.70536">
        <ele>694.4</ele>
      </trkpt>
      <trkpt lat="49.16136" lon="22.70545">
        <ele>695.2</ele>
      </trkpt>
      <trkpt lat="49.16114" lon="22.70552">
        <ele>695.7</ele>
      </trkpt>
      <trkpt lat="49.16085" lon="22.70572">
        <ele>713.0</ele>
      </trkpt>
      <trkpt lat="49.16089" lon="22.70568">
        <ele>696.2</ele>
      </trkpt>
      <trkpt lat="49.16059" lon="22.70597">
        <ele>697.1</ele>
      </trkpt>
      <trkpt lat="49.16041" lon="22.70619">
        <ele>697.3</ele>
      </trkpt>
      <trkpt lat="49.16034" lon="22.70638">
        <ele>697.2</ele>
      </trkpt>
      <trkpt lat="49.16033" lon="22.70661">
        <ele>697.2</ele>
      </trkpt>
      <trkpt lat="49.16036" lon="22.70685">
        <ele>697.6</ele>
      </trkpt>
      <trkpt lat="49.16053" lon="22.70748">
        <ele>700.8</ele>
      </trkpt>
      <trkpt lat="49.16055" lon="22.70771">
        <ele>701.5</ele>
      </trkpt>
      <trkpt lat="49.16051" lon="22.70794">
        <ele>701.6</ele>
      </trkpt>
      <trkpt lat="49.16046" lon="22.7081">
        <ele>701.6</ele>
      </trkpt>
      <trkpt lat="49.16004" lon="22.70897">
        <ele>699.4</ele>
      </trkpt>
      <trkpt lat="49.15995" lon="22.70921">
        <ele>698.2</ele>
      </trkpt>
      <trkpt lat="49.15991" lon="22.70945">
        <ele>698.0</ele>
      </trkpt>
      <trkpt lat="49.15996" lon="22.70974">
        <ele>697.8</ele>
      </trkpt>
      <trkpt lat="49.16041" lon="22.71082">
        <ele>698.7</ele>
      </trkpt>
      <trkpt lat="49.16046" lon="22.71101">
        <ele>698.7</ele>
      </trkpt>
      <trkpt lat="49.16047" lon="22.71132">
        <ele>698.7</ele>
      </trkpt>
      <trkpt lat="49.16041" lon="22.71154">
        <ele>698.6</ele>
      </trkpt>
      <trkpt lat="49.15991" lon="22.71242">
        <ele>696.7</ele>
      </trkpt>
      <trkpt lat="49.1597" lon="22.71289">
        <ele>696.1</ele>
      </trkpt>
      <trkpt lat="49.15938" lon="22.7138">
        <ele>695.8</ele>
      </trkpt>
      <trkpt lat="49.15906" lon="22.71471">
        <ele>696.4</ele>
      </trkpt>
      <trkpt lat="49.15893" lon="22.71501">
        <ele>696.7</ele>
      </trkpt>
      <trkpt lat="49.159" lon="22.71524">
        <ele>695.3</ele>
      </trkpt>
      <trkpt lat="49.159025" lon="22.71599">
        <ele>689.5</ele>
      </trkpt>
      <trkpt lat="49.15905" lon="22.71674">
        <ele>684.0</ele>
      </trkpt>
      <trkpt lat="49.15901" lon="22.717775">
        <ele>679.1</ele>
      </trkpt>
      <trkpt lat="49.15897" lon="22.71881">
        <ele>674.7</ele>
      </trkpt>
      <trkpt lat="49.15888" lon="22.71913">
        <ele>672.4</ele>
      </trkpt>
      <trkpt lat="49.15882" lon="22.71923">
        <ele>671.6</ele>
      </trkpt>
      <trkpt lat="49.15877" lon="22.7193">
        <ele>670.6</ele>
      </trkpt>
      <trkpt lat="49.1587" lon="22.71935">
        <ele>669.5</ele>
      </trkpt>
      <trkpt lat="49.15859" lon="22.71939">
        <ele>667.6</ele>
      </trkpt>
      <trkpt lat="49.15847" lon="22.71938">
        <ele>666.4</ele>
      </trkpt>
      <trkpt lat="49.15797" lon="22.71923">
        <ele>660.7</ele>
      </trkpt>
      <trkpt lat="49.15755" lon="22.71908">
        <ele>657.5</ele>
      </trkpt>
      <trkpt lat="49.15692" lon="22.71865">
        <ele>652.5</ele>
      </trkpt>
      <trkpt lat="49.15679" lon="22.7186">
        <ele>651.7</ele>
      </trkpt>
      <trkpt lat="49.15655" lon="22.71859">
        <ele>650.2</ele>
      </trkpt>
      <trkpt lat="49.15641" lon="22.71861">
        <ele>648.8</ele>
      </trkpt>
      <trkpt lat="49.15631" lon="22.71869">
        <ele>647.9</ele>
      </trkpt>
      <trkpt lat="49.15621" lon="22.71893">
        <ele>645.9</ele>
      </trkpt>
      <trkpt lat="49.15621" lon="22.71924">
        <ele>644.1</ele>
      </trkpt>
      <trkpt lat="49.15644" lon="22.72042">
        <ele>643.4</ele>
      </trkpt>
      <trkpt lat="49.1565" lon="22.72086">
        <ele>643.5</ele>
      </trkpt>
      <trkpt lat="49.15661" lon="22.72109">
        <ele>643.7</ele>
      </trkpt>
      <trkpt lat="49.15681" lon="22.72135">
        <ele>643.9</ele>
      </trkpt>
      <trkpt lat="49.15735" lon="22.72198">
        <ele>642.5</ele>
      </trkpt>
      <trkpt lat="49.15789" lon="22.72261">
        <ele>640.7</ele>
      </trkpt>
      <trkpt lat="49.15836" lon="22.72338">
        <ele>639.6</ele>
      </trkpt>
      <trkpt lat="49.158673" lon="22.724367">
        <ele>638.1</ele>
      </trkpt>
      <trkpt lat="49.158985" lon="22.725355">
        <ele>635.9</ele>
      </trkpt>
      <trkpt lat="49.159298" lon="22.726342">
        <ele>634.9</ele>
      </trkpt>
      <trkpt lat="49.15961" lon="22.72733">
        <ele>633.1</ele>
      </trkpt>
      <trkpt lat="49.15974" lon="22.72797">
        <ele>630.9</ele>
      </trkpt>
      <trkpt lat="49.15974" lon="22.72862">
        <ele>629.5</ele>
      </trkpt>
      <trkpt lat="49.15968" lon="22.729425">
        <ele>629.1</ele>
      </trkpt>
      <trkpt lat="49.15962" lon="22.73023">
        <ele>628.7</ele>
      </trkpt>
      <trkpt lat="49.15954" lon="22.73083">
        <ele>628.6</ele>
      </trkpt>
      <trkpt lat="49.159255" lon="22.73203">
        <ele>628.5</ele>
      </trkpt>
      <trkpt lat="49.15897" lon="22.73323">
        <ele>630.5</ele>
      </trkpt>
      <trkpt lat="49.15878" lon="22.73387">
        <ele>633.5</ele>
      </trkpt>
      <trkpt lat="49.15862" lon="22.73424">
        <ele>634.7</ele>
      </trkpt>
      <trkpt lat="49.15827" lon="22.73495">
        <ele>642.0</ele>
      </trkpt>
      <trkpt lat="49.15807" lon="22.73552">
        <ele>647.4</ele>
      </trkpt>
      <trkpt lat="49.15792" lon="22.7364">
        <ele>655.3</ele>
      </trkpt>
      <trkpt lat="49.15781" lon="22.73671">
        <ele>657.1</ele>
      </trkpt>
      <trkpt lat="49.15772" lon="22.73683">
        <ele>657.9</ele>
      </trkpt>
      <trkpt lat="49.15757" lon="22.73691">
        <ele>658.8</ele>
      </trkpt>
      <trkpt lat="49.15728" lon="22.73692">
        <ele>660.0</ele>
      </trkpt>
      <trkpt lat="49.156575" lon="22.736705">
        <ele>664.6</ele>
      </trkpt>
      <trkpt lat="49.15587" lon="22.73649">
        <ele>666.7</ele>
      </trkpt>
      <trkpt lat="49.15564" lon="22.73657">
        <ele>666.9</ele>
      </trkpt>
      <trkpt lat="49.15532" lon="22.73703">
        <ele>667.7</ele>
      </trkpt>
      <trkpt lat="49.15504" lon="22.73779">
        <ele>675.9</ele>
      </trkpt>
      <trkpt lat="49.15476" lon="22.73855">
        <ele>680.2</ele>
      </trkpt>
      <trkpt lat="49.15447" lon="22.7391">
        <ele>683.7</ele>
      </trkpt>
      <trkpt lat="49.15423" lon="22.73926">
        <ele>685.5</ele>
      </trkpt>
      <trkpt lat="49.15402" lon="22.73917">
        <ele>686.8</ele>
      </trkpt>
      <trkpt lat="49.15385" lon="22.73897">
        <ele>687.9</ele>
      </trkpt>
      <trkpt lat="49.15337" lon="22.73815">
        <ele>692.0</ele>
      </trkpt>
      <trkpt lat="49.15289" lon="22.73733">
        <ele>696.5</ele>
      </trkpt>
      <trkpt lat="49.15262" lon="22.73701">
        <ele>697.4</ele>
      </trkpt>
      <trkpt lat="49.15191" lon="22.73667">
        <ele>697.6</ele>
      </trkpt>
      <trkpt lat="49.15135" lon="22.736625">
        <ele>694.7</ele>
      </trkpt>
      <trkpt lat="49.15079" lon="22.73658">
        <ele>688.4</ele>
      </trkpt>
      <trkpt lat="49.1506" lon="22.7366">
        <ele>687.3</ele>
      </trkpt>
      <trkpt lat="49.15044" lon="22.73675">
        <ele>687.6</ele>
      </trkpt>
      <trkpt lat="49.15039" lon="22.73691">
        <ele>688.6</ele>
      </trkpt>
      <trkpt lat="49.15038" lon="22.73708">
        <ele>689.5</ele>
      </trkpt>
      <trkpt lat="49.15043" lon="22.73762">
        <ele>693.7</ele>
      </trkpt>
      <trkpt lat="49.15041" lon="22.73786">
        <ele>694.8</ele>
      </trkpt>
      <trkpt lat="49.150235" lon="22.73918">
        <ele>700.8</ele>
      </trkpt>
      <trkpt lat="49.15006" lon="22.7405">
        <ele>707.2</ele>
      </trkpt>
      <trkpt lat="49.14993" lon="22.74101">
        <ele>707.8</ele>
      </trkpt>
      <trkpt lat="49.14981" lon="22.74119">
        <ele>707.5</ele>
      </trkpt>
      <trkpt lat="49.149345" lon="22.741475">
        <ele>704.8</ele>
      </trkpt>
      <trkpt lat="49.14888" lon="22.74176">
        <ele>700.9</ele>
      </trkpt>
      <trkpt lat="49.1487" lon="22.74181">
        <ele>700.5</ele>
      </trkpt>
      <trkpt lat="49.14831" lon="22.74165">
        <ele>698.8</ele>
      </trkpt>
      <trkpt lat="49.14796" lon="22.74159">
        <ele>697.9</ele>
      </trkpt>
      <trkpt lat="49.14742" lon="22.74185">
        <ele>694.1</ele>
      </trkpt>
      <trkpt lat="49.14688" lon="22.74211">
        <ele>691.6</ele>
      </trkpt>
      <trkpt lat="49.14661" lon="22.74229">
        <ele>689.2</ele>
      </trkpt>
      <trkpt lat="49.14649" lon="22.74249">
        <ele>687.5</ele>
      </trkpt>
      <trkpt lat="49.14647" lon="22.74279">
        <ele>686.6</ele>
      </trkpt>
      <trkpt lat="49.14658" lon="22.74307">
        <ele>685.8</ele>
      </trkpt>
      <trkpt lat="49.14683" lon="22.74356">
        <ele>687.1</ele>
      </trkpt>
      <trkpt lat="49.14708" lon="22.74422">
        <ele>690.8</ele>
      </trkpt>
      <trkpt lat="49.14728" lon="22.74503">
        <ele>695.7</ele>
      </trkpt>
      <trkpt lat="49.1474" lon="22.74613">
        <ele>701.6</ele>
      </trkpt>
      <trkpt lat="49.14736" lon="22.74644">
        <ele>703.0</ele>
      </trkpt>
      <trkpt lat="49.14717" lon="22.747215">
        <ele>706.1</ele>
      </trkpt>
      <trkpt lat="49.14698" lon="22.74799">
        <ele>709.6</ele>
      </trkpt>
      <trkpt lat="49.14695" lon="22.74851">
        <ele>709.3</ele>
      </trkpt>
      <trkpt lat="49.14698" lon="22.74896">
        <ele>708.3</ele>
      </trkpt>
      <trkpt lat="49.14709" lon="22.74935">
        <ele>705.5</ele>
      </trkpt>
      <trkpt lat="49.14715" lon="22.7497">
        <ele>703.4</ele>
      </trkpt>
      <trkpt lat="49.14705" lon="22.75004">
        <ele>701.3</ele>
      </trkpt>
      <trkpt lat="49.14687" lon="22.75027">
        <ele>698.7</ele>
      </trkpt>
      <trkpt lat="49.14665" lon="22.75045">
        <ele>696.6</ele>
      </trkpt>
      <trkpt lat="49.14663" lon="22.7507">
        <ele>696.2</ele>
      </trkpt>
      <trkpt lat="49.14669" lon="22.75091">
        <ele>696.6</ele>
      </trkpt>
      <trkpt lat="49.14683" lon="22.75124">
        <ele>698.3</ele>
      </trkpt>
      <trkpt lat="49.14694" lon="22.7516">
        <ele>700.1</ele>
      </trkpt>
      <trkpt lat="49.14697" lon="22.75204">
        <ele>703.5</ele>
      </trkpt>
      <trkpt lat="49.14689" lon="22.75241">
        <ele>705.6</ele>
      </trkpt>
      <trkpt lat="49.14669" lon="22.75263">
        <ele>706.2</ele>
      </trkpt>
      <trkpt lat="49.14647" lon="22.75271">
        <ele>706.8</ele>
      </trkpt>
      <trkpt lat="49.14592" lon="22.75264">
        <ele>707.6</ele>
      </trkpt>
      <trkpt lat="49.14573" lon="22.75279">
        <ele>707.8</ele>
      </trkpt>
      <trkpt lat="49.14563" lon="22.75308">
        <ele>708.6</ele>
      </trkpt>
      <trkpt lat="49.14551" lon="22.75407">
        <ele>713.1</ele>
      </trkpt>
      <trkpt lat="49.14543" lon="22.7544">
        <ele>713.9</ele>
      </trkpt>
      <trkpt lat="49.14506" lon="22.75492">
        <ele>712.6</ele>
      </trkpt>
      <trkpt lat="49.14475" lon="22.75522">
        <ele>710.1</ele>
      </trkpt>
      <trkpt lat="49.14405" lon="22.75553">
        <ele>705.4</ele>
      </trkpt>
      <trkpt lat="49.14335" lon="22.75584">
        <ele>706.6</ele>
      </trkpt>
      <trkpt lat="49.14279" lon="22.75606">
        <ele>706.0</ele>
      </trkpt>
      <trkpt lat="49.14266" lon="22.75633">
        <ele>706.7</ele>
      </trkpt>
      <trkpt lat="49.14271" lon="22.75679">
        <ele>708.6</ele>
      </trkpt>
      <trkpt lat="49.14302" lon="22.75742">
        <ele>714.5</ele>
      </trkpt>
      <trkpt lat="49.14343" lon="22.75777">
        <ele>717.1</ele>
      </trkpt>
      <trkpt lat="49.14358" lon="22.75793">
        <ele>717.5</ele>
      </trkpt>
      <trkpt lat="49.14365" lon="22.75819">
        <ele>717.2</ele>
      </trkpt>
      <trkpt lat="49.14358" lon="22.75853">
        <ele>715.3</ele>
      </trkpt>
      <trkpt lat="49.14335" lon="22.7588">
        <ele>711.7</ele>
      </trkpt>
      <trkpt lat="49.14256" lon="22.75928">
        <ele>702.3</ele>
      </trkpt>
      <trkpt lat="49.14181" lon="22.75982">
        <ele>697.3</ele>
      </trkpt>
      <trkpt lat="49.14166" lon="22.76005">
        <ele>695.9</ele>
      </trkpt>
      <trkpt lat="49.14167" lon="22.7603">
        <ele>694.3</ele>
      </trkpt>
      <trkpt lat="49.14179" lon="22.76058">
        <ele>693.4</ele>
      </trkpt>
      <trkpt lat="49.14235" lon="22.76123">
        <ele>697.2</ele>
      </trkpt>
      <trkpt lat="49.14253" lon="22.76174">
        <ele>700.9</ele>
      </trkpt>
      <trkpt lat="49.14256" lon="22.76218">
        <ele>702.9</ele>
      </trkpt>
      <trkpt lat="49.14249" lon="22.76305">
        <ele>706.6</ele>
      </trkpt>
      <trkpt lat="49.14238" lon="22.76355">
        <ele>709.0</ele>
      </trkpt>
      <trkpt lat="49.14212" lon="22.7641">
        <ele>713.7</ele>
      </trkpt>
      <trkpt lat="49.14158" lon="22.76464">
        <ele>719.1</ele>
      </trkpt>
      <trkpt lat="49.14145" lon="22.76486">
        <ele>721.8</ele>
      </trkpt>
      <trkpt lat="49.14144" lon="22.76523">
        <ele>724.7</ele>
      </trkpt>
      <trkpt lat="49.14151" lon="22.76619">
        <ele>728.5</ele>
      </trkpt>
      <trkpt lat="49.14149" lon="22.76652">
        <ele>729.8</ele>
      </trkpt>
      <trkpt lat="49.14129" lon="22.76739">
        <ele>732.4</ele>
      </trkpt>
      <trkpt lat="49.14109" lon="22.76826">
        <ele>734.1</ele>
      </trkpt>
      <trkpt lat="49.14095" lon="22.76877">
        <ele>731.0</ele>
      </trkpt>
      <trkpt lat="49.14082" lon="22.76897">
        <ele>728.5</ele>
      </trkpt>
      <trkpt lat="49.14048" lon="22.7692">
        <ele>725.5</ele>
      </trkpt>
      <trkpt lat="49.13985" lon="22.7695">
        <ele>720.6</ele>
      </trkpt>
      <trkpt lat="49.13919" lon="22.76971">
        <ele>716.4</ele>
      </trkpt>
      <trkpt lat="49.13858" lon="22.76977">
        <ele>711.2</ele>
      </trkpt>
      <trkpt lat="49.1378" lon="22.76965">
        <ele>703.9</ele>
      </trkpt>
      <trkpt lat="49.13741" lon="22.76964">
        <ele>702.1</ele>
      </trkpt>
      <trkpt lat="49.13717" lon="22.76983">
        <ele>703.0</ele>
      </trkpt>
      <trkpt lat="49.13711" lon="22.77">
        <ele>704.0</ele>
      </trkpt>
      <trkpt lat="49.13699" lon="22.77064">
        <ele>707.9</ele>
      </trkpt>
      <trkpt lat="49.13682" lon="22.77092">
        <ele>710.3</ele>
      </trkpt>
      <trkpt lat="49.13631" lon="22.77116">
        <ele>712.8</ele>
      </trkpt>
      <trkpt lat="49.13555" lon="22.77141">
        <ele>714.8</ele>
      </trkpt>
      <trkpt lat="49.13531" lon="22.77159">
        <ele>713.5</ele>
      </trkpt>
      <trkpt lat="49.13521" lon="22.77179">
        <ele>713.0</ele>
      </trkpt>
      <trkpt lat="49.13531" lon="22.77213">
        <ele>714.5</ele>
      </trkpt>
      <trkpt lat="49.13579" lon="22.77251">
        <ele>719.0</ele>
      </trkpt>
      <trkpt lat="49.13615" lon="22.773105">
        <ele>722.4</ele>
      </trkpt>
      <trkpt lat="49.13651" lon="22.7737">
        <ele>729.8</ele>
      </trkpt>
      <trkpt lat="49.13653" lon="22.77395">
        <ele>730.6</ele>
      </trkpt>
      <trkpt lat="49.136225" lon="22.774715">
        <ele>728.9</ele>
      </trkpt>
      <trkpt lat="49.13592" lon="22.77548">
        <ele>723.3</ele>
      </trkpt>
      <trkpt lat="49.135825" lon="22.776225">
        <ele>720.4</ele>
      </trkpt>
      <trkpt lat="49.13573" lon="22.77697">
        <ele>720.0</ele>
      </trkpt>
      <trkpt lat="49.13569" lon="22.77739">
        <ele>720.9</ele>
      </trkpt>
      <trkpt lat="49.13575" lon="22.77819">
        <ele>722.2</ele>
      </trkpt>
      <trkpt lat="49.13583" lon="22.77856">
        <ele>722.4</ele>
      </trkpt>
      <trkpt lat="49.13602" lon="22.77901">
        <ele>722.4</ele>
      </trkpt>
      <trkpt lat="49.13666" lon="22.77967">
        <ele>723.0</ele>
      </trkpt>
      <trkpt lat="49.13676" lon="22.77983">
        <ele>723.5</ele>
      </trkpt>
      <trkpt lat="49.13688" lon="22.78008">
        <ele>723.6</ele>
      </trkpt>
      <trkpt lat="49.13697" lon="22.78038">
        <ele>724.0</ele>
      </trkpt>
      <trkpt lat="49.13702" lon="22.78063">
        <ele>724.8</ele>
      </trkpt>
      <trkpt lat="49.13701" lon="22.78084">
        <ele>725.9</ele>
      </trkpt>
      <trkpt lat="49.13694" lon="22.78108">
        <ele>726.3</ele>
      </trkpt>
      <trkpt lat="49.13684" lon="22.78122">
        <ele>725.9</ele>
      </trkpt>
      <trkpt lat="49.13672" lon="22.78131">
        <ele>725.4</ele>
      </trkpt>
      <trkpt lat="49.13604" lon="22.78155">
        <ele>720.3</ele>
      </trkpt>
      <trkpt lat="49.13577" lon="22.7816">
        <ele>717.4</ele>
      </trkpt>
      <trkpt lat="49.13561" lon="22.78157">
        <ele>716.0</ele>
      </trkpt>
      <trkpt lat="49.13543" lon="22.78148">
        <ele>714.2</ele>
      </trkpt>
      <trkpt lat="49.1349" lon="22.78101">
        <ele>708.1</ele>
      </trkpt>
      <trkpt lat="49.13437" lon="22.78054">
        <ele>703.7</ele>
      </trkpt>
      <trkpt lat="49.13398" lon="22.78038">
        <ele>702.7</ele>
      </trkpt>
      <trkpt lat="49.13364" lon="22.78036">
        <ele>700.4</ele>
      </trkpt>
      <trkpt lat="49.13349" lon="22.78038">
        <ele>698.8</ele>
      </trkpt>
      <trkpt lat="49.13327" lon="22.78034">
        <ele>697.0</ele>
      </trkpt>
      <trkpt lat="49.13306" lon="22.78038">
        <ele>696.4</ele>
      </trkpt>
      <trkpt lat="49.13299" lon="22.78043">
        <ele>694.9</ele>
      </trkpt>
      <trkpt lat="49.13291" lon="22.78064">
        <ele>694.3</ele>
      </trkpt>
      <trkpt lat="49.1329" lon="22.78077">
        <ele>693.8</ele>
      </trkpt>
      <trkpt lat="49.13291" lon="22.7809">
        <ele>693.4</ele>
      </trkpt>
      <trkpt lat="49.13307" lon="22.7815">
        <ele>692.6</ele>
      </trkpt>
      <trkpt lat="49.133205" lon="22.782215">
        <ele>690.6</ele>
      </trkpt>
      <trkpt lat="49.13334" lon="22.78293">
        <ele>690.0</ele>
      </trkpt>
      <trkpt lat="49.1334" lon="22.78359">
        <ele>691.5</ele>
      </trkpt>
      <trkpt lat="49.1334" lon="22.78385">
        <ele>693.1</ele>
      </trkpt>
      <trkpt lat="49.13317" lon="22.78501">
        <ele>701.6</ele>
      </trkpt>
      <trkpt lat="49.13305" lon="22.78527">
        <ele>704.7</ele>
      </trkpt>
      <trkpt lat="49.13283" lon="22.78538">
        <ele>706.0</ele>
      </trkpt>
      <trkpt lat="49.13268" lon="22.7854">
        <ele>706.8</ele>
      </trkpt>
      <trkpt lat="49.13245" lon="22.78544">
        <ele>709.0</ele>
      </trkpt>
      <trkpt lat="49.13216" lon="22.78539">
        <ele>710.8</ele>
      </trkpt>
      <trkpt lat="49.131385" lon="22.785015">
        <ele>713.8</ele>
      </trkpt>
      <trkpt lat="49.13061" lon="22.78464">
        <ele>717.4</ele>
      </trkpt>
      <trkpt lat="49.13048" lon="22.78461">
        <ele>717.4</ele>
      </trkpt>
      <trkpt lat="49.13037" lon="22.78461">
        <ele>717.7</ele>
      </trkpt>
      <trkpt lat="49.13027" lon="22.78469">
        <ele>718.0</ele>
      </trkpt>
      <trkpt lat="49.13021" lon="22.78477">
        <ele>718.5</ele>
      </trkpt>
      <trkpt lat="49.12998" lon="22.78545">
        <ele>723.7</ele>
      </trkpt>
      <trkpt lat="49.12973" lon="22.78602">
        <ele>727.3</ele>
      </trkpt>
      <trkpt lat="49.12916" lon="22.78662">
        <ele>732.1</ele>
      </trkpt>
      <trkpt lat="49.1289" lon="22.78673">
        <ele>735.7</ele>
      </trkpt>
      <trkpt lat="49.12873" lon="22.78662">
        <ele>737.7</ele>
      </trkpt>
      <trkpt lat="49.12823" lon="22.78574">
        <ele>744.5</ele>
      </trkpt>
      <trkpt lat="49.12774" lon="22.7846">
        <ele>751.4</ele>
      </trkpt>
      <trkpt lat="49.12729" lon="22.78407">
        <ele>757.8</ele>
      </trkpt>
      <trkpt lat="49.12696" lon="22.78359">
        <ele>760.1</ele>
      </trkpt>
      <trkpt lat="49.12681" lon="22.78343">
        <ele>761.9</ele>
      </trkpt>
      <trkpt lat="49.12672" lon="22.78336">
        <ele>761.9</ele>
      </trkpt>
      <trkpt lat="49.12662" lon="22.78332">
        <ele>762.6</ele>
      </trkpt>
      <trkpt lat="49.12654" lon="22.78332">
        <ele>764.7</ele>
      </trkpt>
      <trkpt lat="49.12647" lon="22.78335">
        <ele>764.7</ele>
      </trkpt>
      <trkpt lat="49.12633" lon="22.78347">
        <ele>764.7</ele>
      </trkpt>
      <trkpt lat="49.12578" lon="22.78425">
        <ele>772.2</ele>
      </trkpt>
      <trkpt lat="49.12567" lon="22.78432">
        <ele>772.4</ele>
      </trkpt>
      <trkpt lat="49.12553" lon="22.78433">
        <ele>773.3</ele>
      </trkpt>
      <trkpt lat="49.12541" lon="22.7843">
        <ele>773.7</ele>
      </trkpt>
      <trkpt lat="49.12526" lon="22.78423">
        <ele>774.8</ele>
      </trkpt>
      <trkpt lat="49.12517" lon="22.78416">
        <ele>774.8</ele>
      </trkpt>
      <trkpt lat="49.12502" lon="22.78399">
        <ele>776.3</ele>
      </trkpt>
      <trkpt lat="49.12475" lon="22.7836">
        <ele>780.0</ele>
      </trkpt>
      <trkpt lat="49.124355" lon="22.782905">
        <ele>784.1</ele>
      </trkpt>
      <trkpt lat="49.12396" lon="22.78221">
        <ele>785.4</ele>
      </trkpt>
      <trkpt lat="49.12374" lon="22.78204">
        <ele>784.0</ele>
      </trkpt>
      <trkpt lat="49.12354" lon="22.78199">
        <ele>782.6</ele>
      </trkpt>
      <trkpt lat="49.12304" lon="22.78209">
        <ele>777.8</ele>
      </trkpt>
      <trkpt lat="49.12291" lon="22.7821">
        <ele>775.7</ele>
      </trkpt>
      <trkpt lat="49.12282" lon="22.78206">
        <ele>774.0</ele>
      </trkpt>
      <trkpt lat="49.12273" lon="22.78197">
        <ele>774.0</ele>
      </trkpt>
      <trkpt lat="49.12265" lon="22.78177">
        <ele>772.0</ele>
      </trkpt>
      <trkpt lat="49.12253" lon="22.78114">
        <ele>771.1</ele>
      </trkpt>
      <trkpt lat="49.12245" lon="22.78096">
        <ele>768.9</ele>
      </trkpt>
      <trkpt lat="49.12223" lon="22.78155">
        <ele>765.0</ele>
      </trkpt>
      <trkpt lat="49.12211" lon="22.78176">
        <ele>764.3</ele>
      </trkpt>
      <trkpt lat="49.12201" lon="22.78184">
        <ele>764.0</ele>
      </trkpt>
      <trkpt lat="49.1218" lon="22.78185">
        <ele>762.8</ele>
      </trkpt>
      <trkpt lat="49.12167" lon="22.78178">
        <ele>761.0</ele>
      </trkpt>
      <trkpt lat="49.12124" lon="22.78124">
        <ele>757.0</ele>
      </trkpt>
      <trkpt lat="49.12093" lon="22.78097">
        <ele>755.0</ele>
      </trkpt>
      <trkpt lat="49.1208" lon="22.78091">
        <ele>752.9</ele>
      </trkpt>
      <trkpt lat="49.12066" lon="22.78087">
        <ele>752.2</ele>
      </trkpt>
      <trkpt lat="49.12052" lon="22.7809">
        <ele>751.6</ele>
      </trkpt>
      <trkpt lat="49.12042" lon="22.78096">
        <ele>751.4</ele>
      </trkpt>
      <trkpt lat="49.12035" lon="22.78106">
        <ele>751.3</ele>
      </trkpt>
      <trkpt lat="49.12031" lon="22.78116">
        <ele>751.5</ele>
      </trkpt>
      <trkpt lat="49.12029" lon="22.78137">
        <ele>751.5</ele>
      </trkpt>
      <trkpt lat="49.12032" lon="22.78162">
        <ele>752.2</ele>
      </trkpt>
      <trkpt lat="49.12059" lon="22.78261">
        <ele>750.7</ele>
      </trkpt>
      <trkpt lat="49.1206" lon="22.78281">
        <ele>750.7</ele>
      </trkpt>
      <trkpt lat="49.12058" lon="22.78297">
        <ele>749.3</ele>
      </trkpt>
      <trkpt lat="49.12054" lon="22.78312">
        <ele>748.8</ele>
      </trkpt>
      <trkpt lat="49.12045" lon="22.78329">
        <ele>748.0</ele>
      </trkpt>
      <trkpt lat="49.11993" lon="22.7841">
        <ele>745.0</ele>
      </trkpt>
      <trkpt lat="49.11978" lon="22.78428">
        <ele>743.7</ele>
      </trkpt>
      <trkpt lat="49.11961" lon="22.78434">
        <ele>743.3</ele>
      </trkpt>
      <trkpt lat="49.11947" lon="22.78434">
        <ele>742.9</ele>
      </trkpt>
      <trkpt lat="49.11897" lon="22.78422">
        <ele>739.6</ele>
      </trkpt>
      <trkpt lat="49.11847" lon="22.7841">
        <ele>737.7</ele>
      </trkpt>
      <trkpt lat="49.1178" lon="22.78397">
        <ele>733.6</ele>
      </trkpt>
      <trkpt lat="49.1177" lon="22.78397">
        <ele>733.6</ele>
      </trkpt>
      <trkpt lat="49.11759" lon="22.78403">
        <ele>731.6</ele>
      </trkpt>
      <trkpt lat="49.11752" lon="22.7841">
        <ele>731.6</ele>
      </trkpt>
      <trkpt lat="49.11745" lon="22.78426">
        <ele>731.6</ele>
      </trkpt>
      <trkpt lat="49.11742" lon="22.78453">
        <ele>731.6</ele>
      </trkpt>
      <trkpt lat="49.11743" lon="22.78466">
        <ele>731.6</ele>
      </trkpt>
      <trkpt lat="49.11751" lon="22.78487">
        <ele>731.6</ele>
      </trkpt>
      <trkpt lat="49.11763" lon="22.785">
        <ele>732.4</ele>
      </trkpt>
      <trkpt lat="49.11841" lon="22.78557">
        <ele>731.1</ele>
      </trkpt>
      <trkpt lat="49.11896" lon="22.78582">
        <ele>729.6</ele>
      </trkpt>
      <trkpt lat="49.11941" lon="22.78619">
        <ele>728.3</ele>
      </trkpt>
      <trkpt lat="49.11986" lon="22.78656">
        <ele>727.0</ele>
      </trkpt>
      <trkpt lat="49.12006" lon="22.78666">
        <ele>725.9</ele>
      </trkpt>
      <trkpt lat="49.12026" lon="22.78672">
        <ele>725.3</ele>
      </trkpt>
      <trkpt lat="49.120775" lon="22.78675">
        <ele>722.4</ele>
      </trkpt>
      <trkpt lat="49.12129" lon="22.78678">
        <ele>720.9</ele>
      </trkpt>
      <trkpt lat="49.12208" lon="22.787">
        <ele>718.6</ele>
      </trkpt>
      <trkpt lat="49.12251" lon="22.78719">
        <ele>716.5</ele>
      </trkpt>
      <trkpt lat="49.12274" lon="22.78739">
        <ele>715.7</ele>
      </trkpt>
      <trkpt lat="49.12306" lon="22.78774">
        <ele>715.1</ele>
      </trkpt>
      <trkpt lat="49.12322" lon="22.78808">
        <ele>714.6</ele>
      </trkpt>
      <trkpt lat="49.12357" lon="22.789052">
        <ele>712.3</ele>
      </trkpt>
      <trkpt lat="49.12392" lon="22.790025">
        <ele>707.7</ele>
      </trkpt>
      <trkpt lat="49.12427" lon="22.790997">
        <ele>702.9</ele>
      </trkpt>
      <trkpt lat="49.12462" lon="22.79197">
        <ele>697.4</ele>
      </trkpt>
      <trkpt lat="49.125095" lon="22.79297">
        <ele>693.7</ele>
      </trkpt>
      <trkpt lat="49.12557" lon="22.79397">
        <ele>692.1</ele>
      </trkpt>
      <trkpt lat="49.12603" lon="22.794895">
        <ele>688.8</ele>
      </trkpt>
      <trkpt lat="49.12649" lon="22.79582">
        <ele>686.8</ele>
      </trkpt>
      <trkpt lat="49.12667" lon="22.79613">
        <ele>685.6</ele>
      </trkpt>
      <trkpt lat="49.12689" lon="22.79644">
        <ele>685.3</ele>
      </trkpt>
      <trkpt lat="49.127516" lon="22.79726">
        <ele>682.4</ele>
      </trkpt>
      <trkpt lat="49.128141" lon="22.79808">
        <ele>680.5</ele>
      </trkpt>
      <trkpt lat="49.128767" lon="22.7989">
        <ele>678.5</ele>
      </trkpt>
      <trkpt lat="49.129393" lon="22.79972">
        <ele>675.1</ele>
      </trkpt>
      <trkpt lat="49.130019" lon="22.80054">
        <ele>672.0</ele>
      </trkpt>
      <trkpt lat="49.130644" lon="22.80136">
        <ele>668.6</ele>
      </trkpt>
      <trkpt lat="49.13127" lon="22.80218">
        <ele>667.1</ele>
      </trkpt>
      <trkpt lat="49.13177" lon="22.80286">
        <ele>665.7</ele>
      </trkpt>
      <trkpt lat="49.13186" lon="22.80303">
        <ele>665.7</ele>
      </trkpt>
      <trkpt lat="49.13187" lon="22.80322">
        <ele>665.5</ele>
      </trkpt>
      <trkpt lat="49.13182" lon="22.80339">
        <ele>665.5</ele>
      </trkpt>
      <trkpt lat="49.131445" lon="22.80405">
        <ele>666.0</ele>
      </trkpt>
      <trkpt lat="49.13107" lon="22.80471">
        <ele>666.1</ele>
      </trkpt>
      <trkpt lat="49.13086" lon="22.80499">
        <ele>666.0</ele>
      </trkpt>
      <trkpt lat="49.13063" lon="22.80521">
        <ele>665.7</ele>
      </trkpt>
      <trkpt lat="49.13045" lon="22.80535">
        <ele>665.7</ele>
      </trkpt>
      <trkpt lat="49.13019" lon="22.80551">
        <ele>665.5</ele>
      </trkpt>
      <trkpt lat="49.12949" lon="22.80589">
        <ele>665.5</ele>
      </trkpt>
      <trkpt lat="49.12894" lon="22.80627">
        <ele>670.1</ele>
      </trkpt>
      <trkpt lat="49.12876" lon="22.80643">
        <ele>671.6</ele>
      </trkpt>
      <trkpt lat="49.12854" lon="22.80669">
        <ele>672.6</ele>
      </trkpt>
      <trkpt lat="49.128175" lon="22.807355">
        <ele>674.7</ele>
      </trkpt>
      <trkpt lat="49.12781" lon="22.80802">
        <ele>677.3</ele>
      </trkpt>
      <trkpt lat="49.12756" lon="22.80844">
        <ele>678.3</ele>
      </trkpt>
      <trkpt lat="49.12746" lon="22.80857">
        <ele>679.3</ele>
      </trkpt>
      <trkpt lat="49.12721" lon="22.8088">
        <ele>680.4</ele>
      </trkpt>
      <trkpt lat="49.12701" lon="22.80891">
        <ele>680.8</ele>
      </trkpt>
      <trkpt lat="49.12691" lon="22.80894">
        <ele>680.9</ele>
      </trkpt>
      <trkpt lat="49.12606" lon="22.809023">
        <ele>677.5</ele>
      </trkpt>
      <trkpt lat="49.12521" lon="22.809107">
        <ele>670.3</ele>
      </trkpt>
      <trkpt lat="49.12436" lon="22.80919">
        <ele>671.8</ele>
      </trkpt>
      <trkpt lat="49.12421" lon="22.80922">
        <ele>673.7</ele>
      </trkpt>
      <trkpt lat="49.12403" lon="22.80931">
        <ele>675.3</ele>
      </trkpt>
      <trkpt lat="49.12391" lon="22.80946">
        <ele>675.9</ele>
      </trkpt>
      <trkpt lat="49.1238" lon="22.80972">
        <ele>675.5</ele>
      </trkpt>
      <trkpt lat="49.12365" lon="22.81031">
        <ele>672.3</ele>
      </trkpt>
      <trkpt lat="49.12339" lon="22.811528">
        <ele>665.6</ele>
      </trkpt>
      <trkpt lat="49.12313" lon="22.812746">
        <ele>670.4</ele>
      </trkpt>
      <trkpt lat="49.12287" lon="22.813964">
        <ele>678.1</ele>
      </trkpt>
      <trkpt lat="49.12261" lon="22.815182">
        <ele>678.5</ele>
      </trkpt>
      <trkpt lat="49.12235" lon="22.8164">
        <ele>679.2</ele>
      </trkpt>
      <trkpt lat="49.12227" lon="22.81677">
        <ele>679.1</ele>
      </trkpt>
      <trkpt lat="49.12208" lon="22.81744">
        <ele>677.2</ele>
      </trkpt>
      <trkpt lat="49.12172" lon="22.818333">
        <ele>674.1</ele>
      </trkpt>
      <trkpt lat="49.12136" lon="22.819227">
        <ele>678.2</ele>
      </trkpt>
      <trkpt lat="49.121" lon="22.82012">
        <ele>683.4</ele>
      </trkpt>
      <trkpt lat="49.120603" lon="22.821055">
        <ele>683.1</ele>
      </trkpt>
      <trkpt lat="49.120205" lon="22.82199">
        <ele>682.4</ele>
      </trkpt>
      <trkpt lat="49.119808" lon="22.822925">
        <ele>681.2</ele>
      </trkpt>
      <trkpt lat="49.11941" lon="22.82386">
        <ele>676.5</ele>
      </trkpt>
      <trkpt lat="49.11903" lon="22.824785">
        <ele>669.1</ele>
      </trkpt>
      <trkpt lat="49.11865" lon="22.82571">
        <ele>668.5</ele>
      </trkpt>
      <trkpt lat="49.11854" lon="22.82594">
        <ele>670.5</ele>
      </trkpt>
      <trkpt lat="49.1184" lon="22.82617">
        <ele>671.9</ele>
      </trkpt>
      <trkpt lat="49.11822" lon="22.82632">
        <ele>674.5</ele>
      </trkpt>
      <trkpt lat="49.11795" lon="22.82642">
        <ele>677.5</ele>
      </trkpt>
      <trkpt lat="49.117172" lon="22.826608">
        <ele>681.5</ele>
      </trkpt>
      <trkpt lat="49.116394" lon="22.826796">
        <ele>681.8</ele>
      </trkpt>
      <trkpt lat="49.115616" lon="22.826984">
        <ele>679.0</ele>
      </trkpt>
      <trkpt lat="49.114838" lon="22.827172">
        <ele>674.5</ele>
      </trkpt>
      <trkpt lat="49.11406" lon="22.82736">
        <ele>669.1</ele>
      </trkpt>
      <trkpt lat="49.11347" lon="22.8276">
        <ele>666.8</ele>
      </trkpt>
      <trkpt lat="49.11329" lon="22.82773">
        <ele>666.9</ele>
      </trkpt>
      <trkpt lat="49.11301" lon="22.82799">
        <ele>667.1</ele>
      </trkpt>
      <trkpt lat="49.11241" lon="22.828717">
        <ele>668.4</ele>
      </trkpt>
      <trkpt lat="49.11181" lon="22.829443">
        <ele>668.5</ele>
      </trkpt>
      <trkpt lat="49.11121" lon="22.83017">
        <ele>668.3</ele>
      </trkpt>
      <trkpt lat="49.11096" lon="22.83052">
        <ele>668.2</ele>
      </trkpt>
      <trkpt lat="49.11069" lon="22.83103">
        <ele>668.0</ele>
      </trkpt>
      <trkpt lat="49.1106" lon="22.83133">
        <ele>668.4</ele>
      </trkpt>
      <trkpt lat="49.110383" lon="22.832287">
        <ele>668.9</ele>
      </trkpt>
      <trkpt lat="49.110167" lon="22.833243">
        <ele>669.4</ele>
      </trkpt>
      <trkpt lat="49.10995" lon="22.8342">
        <ele>670.3</ele>
      </trkpt>
      <trkpt lat="49.109568" lon="22.835343">
        <ele>671.0</ele>
      </trkpt>
      <trkpt lat="49.109185" lon="22.836485">
        <ele>671.1</ele>
      </trkpt>
      <trkpt lat="49.108803" lon="22.837628">
        <ele>670.8</ele>
      </trkpt>
      <trkpt lat="49.10842" lon="22.83877">
        <ele>672.2</ele>
      </trkpt>
      <trkpt lat="49.10826" lon="22.83908">
        <ele>672.5</ele>
      </trkpt>
      <trkpt lat="49.10803" lon="22.8394">
        <ele>672.9</ele>
      </trkpt>
      <trkpt lat="49.1079" lon="22.83955">
        <ele>673.3</ele>
      </trkpt>
      <trkpt lat="49.107138" lon="22.840268">
        <ele>676.4</ele>
      </trkpt>
      <trkpt lat="49.106377" lon="22.840987">
        <ele>684.2</ele>
      </trkpt>
      <trkpt lat="49.105615" lon="22.841705">
        <ele>693.6</ele>
      </trkpt>
      <trkpt lat="49.104853" lon="22.842423">
        <ele>700.8</ele>
      </trkpt>
      <trkpt lat="49.104092" lon="22.843142">
        <ele>704.7</ele>
      </trkpt>
      <trkpt lat="49.10333" lon="22.84386">
        <ele>705.3</ele>
      </trkpt>
      <trkpt lat="49.103" lon="22.8441">
        <ele>704.7</ele>
      </trkpt>
      <trkpt lat="49.102182" lon="22.844565">
        <ele>703.3</ele>
      </trkpt>
      <trkpt lat="49.101363" lon="22.84503">
        <ele>700.2</ele>
      </trkpt>
      <trkpt lat="49.100545" lon="22.845495">
        <ele>696.3</ele>
      </trkpt>
      <trkpt lat="49.099727" lon="22.84596">
        <ele>698.4</ele>
      </trkpt>
      <trkpt lat="49.098908" lon="22.846425">
        <ele>703.7</ele>
      </trkpt>
      <trkpt lat="49.09809" lon="22.84689">
        <ele>710.4</ele>
      </trkpt>
      <trkpt lat="49.09786" lon="22.84691">
        <ele>710.9</ele>
      </trkpt>
      <trkpt lat="49.09778" lon="22.8469">
        <ele>711.5</ele>
      </trkpt>
      <trkpt lat="49.09759" lon="22.84676">
        <ele>711.7</ele>
      </trkpt>
      <trkpt lat="49.09748" lon="22.84665">
        <ele>712.0</ele>
      </trkpt>
      <trkpt lat="49.09736" lon="22.84648">
        <ele>713.2</ele>
      </trkpt>
      <trkpt lat="49.09709" lon="22.84602">
        <ele>714.3</ele>
      </trkpt>
      <trkpt lat="49.09664" lon="22.845223">
        <ele>718.4</ele>
      </trkpt>
      <trkpt lat="49.09619" lon="22.844427">
        <ele>721.4</ele>
      </trkpt>
      <trkpt lat="49.09574" lon="22.84363">
        <ele>727.6</ele>
      </trkpt>
      <trkpt lat="49.09559" lon="22.84346">
        <ele>729.3</ele>
      </trkpt>
      <trkpt lat="49.09537" lon="22.84328">
        <ele>730.9</ele>
      </trkpt>
      <trkpt lat="49.0953" lon="22.84325">
        <ele>731.4</ele>
      </trkpt>
      <trkpt lat="49.09512" lon="22.84323">
        <ele>732.9</ele>
      </trkpt>
      <trkpt lat="49.09437" lon="22.84346">
        <ele>738.5</ele>
      </trkpt>
      <trkpt lat="49.093885" lon="22.843595">
        <ele>742.3</ele>
      </trkpt>
      <trkpt lat="49.0934" lon="22.84373">
        <ele>745.3</ele>
      </trkpt>
      <trkpt lat="49.09327" lon="22.84379">
        <ele>746.3</ele>
      </trkpt>
      <trkpt lat="49.09297" lon="22.84399">
        <ele>747.9</ele>
      </trkpt>
      <trkpt lat="49.09254" lon="22.84415">
        <ele>751.0</ele>
      </trkpt>
      <trkpt lat="49.09206" lon="22.84443">
        <ele>754.3</ele>
      </trkpt>
      <trkpt lat="49.09161" lon="22.84458">
        <ele>757.5</ele>
      </trkpt>
      <trkpt lat="49.09123" lon="22.84467">
        <ele>762.0</ele>
      </trkpt>
      <trkpt lat="49.09042" lon="22.844745">
        <ele>767.3</ele>
      </trkpt>
      <trkpt lat="49.08961" lon="22.84482">
        <ele>773.5</ele>
      </trkpt>
      <trkpt lat="49.08918" lon="22.8448">
        <ele>779.1</ele>
      </trkpt>
      <trkpt lat="49.08843" lon="22.84486">
        <ele>783.5</ele>
      </trkpt>
      <trkpt lat="49.08831" lon="22.8449">
        <ele>784.2</ele>
      </trkpt>
      <trkpt lat="49.0882" lon="22.84497">
        <ele>784.8</ele>
      </trkpt>
      <trkpt lat="49.087825" lon="22.845365">
        <ele>785.8</ele>
      </trkpt>
      <trkpt lat="49.08745" lon="22.84576">
        <ele>787.3</ele>
      </trkpt>
      <trkpt lat="49.08724" lon="22.84588">
        <ele>787.7</ele>
      </trkpt>
      <trkpt lat="49.08696" lon="22.84592">
        <ele>787.2</ele>
      </trkpt>
      <trkpt lat="49.08676" lon="22.84588">
        <ele>786.2</ele>
      </trkpt>
      <trkpt lat="49.08619" lon="22.84555">
        <ele>782.5</ele>
      </trkpt>
      <trkpt lat="49.085655" lon="22.84523">
        <ele>776.8</ele>
      </trkpt>
      <trkpt lat="49.08512" lon="22.84491">
        <ele>772.0</ele>
      </trkpt>
      <trkpt lat="49.08466" lon="22.84476">
        <ele>767.5</ele>
      </trkpt>
      <trkpt lat="49.08451" lon="22.84473">
        <ele>767.5</ele>
      </trkpt>
      <trkpt lat="49.08364" lon="22.84468">
        <ele>758.3</ele>
      </trkpt>
      <trkpt lat="49.08313" lon="22.84449">
        <ele>753.7</ele>
      </trkpt>
      <trkpt lat="49.08292" lon="22.84436">
        <ele>752.2</ele>
      </trkpt>
      <trkpt lat="49.082465" lon="22.844005">
        <ele>751.1</ele>
      </trkpt>
      <trkpt lat="49.08201" lon="22.84365">
        <ele>753.1</ele>
      </trkpt>
      <trkpt lat="49.08135" lon="22.84308">
        <ele>759.7</ele>
      </trkpt>
      <trkpt lat="49.08069" lon="22.84251">
        <ele>766.6</ele>
      </trkpt>
      <trkpt lat="49.08052" lon="22.84239">
        <ele>766.6</ele>
      </trkpt>
      <trkpt lat="49.08035" lon="22.84232">
        <ele>768.7</ele>
      </trkpt>
      <trkpt lat="49.08021" lon="22.84229">
        <ele>768.7</ele>
      </trkpt>
      <trkpt lat="49.07994" lon="22.84231">
        <ele>771.4</ele>
      </trkpt>
      <trkpt lat="49.07928" lon="22.842553">
        <ele>777.8</ele>
      </trkpt>
      <trkpt lat="49.07862" lon="22.842797">
        <ele>783.2</ele>
      </trkpt>
      <trkpt lat="49.07796" lon="22.84304">
        <ele>786.4</ele>
      </trkpt>
      <trkpt lat="49.07744" lon="22.84321">
        <ele>788.1</ele>
      </trkpt>
      <trkpt lat="49.07729" lon="22.84322">
        <ele>788.2</ele>
      </trkpt>
      <trkpt lat="49.07713" lon="22.84319">
        <ele>788.3</ele>
      </trkpt>
      <trkpt lat="49.07694" lon="22.84311">
        <ele>788.2</ele>
      </trkpt>
      <trkpt lat="49.076297" lon="22.842773">
        <ele>785.9</ele>
      </trkpt>
      <trkpt lat="49.075653" lon="22.842437">
        <ele>781.8</ele>
      </trkpt>
      <trkpt lat="49.07501" lon="22.8421">
        <ele>775.5</ele>
      </trkpt>
      <trkpt lat="49.07472" lon="22.84199">
        <ele>772.0</ele>
      </trkpt>
      <trkpt lat="49.0744" lon="22.84197">
        <ele>768.6</ele>
      </trkpt>
      <trkpt lat="49.07412" lon="22.84203">
        <ele>764.5</ele>
      </trkpt>
      <trkpt lat="49.07329" lon="22.84244">
        <ele>757.7</ele>
      </trkpt>
      <trkpt lat="49.07326" lon="22.84225">
        <ele>757.4</ele>
      </trkpt>
      <trkpt lat="49.073223" lon="22.841197">
        <ele>759.0</ele>
      </trkpt>
      <trkpt lat="49.073185" lon="22.840145">
        <ele>762.6</ele>
      </trkpt>
      <trkpt lat="49.073148" lon="22.839092">
        <ele>765.8</ele>
      </trkpt>
      <trkpt lat="49.07311" lon="22.83804">
        <ele>770.8</ele>
      </trkpt>
      <trkpt lat="49.07307" lon="22.83731">
        <ele>774.6</ele>
      </trkpt>
      <trkpt lat="49.07303" lon="22.83658">
        <ele>777.8</ele>
      </trkpt>
      <trkpt lat="49.07297" lon="22.83637">
        <ele>777.9</ele>
      </trkpt>
      <trkpt lat="49.0728" lon="22.83605">
        <ele>776.6</ele>
      </trkpt>
      <trkpt lat="49.07236" lon="22.835305">
        <ele>771.7</ele>
      </trkpt>
      <trkpt lat="49.07192" lon="22.83456">
        <ele>767.9</ele>
      </trkpt>
      <trkpt lat="49.07168" lon="22.8341">
        <ele>765.0</ele>
      </trkpt>
      <trkpt lat="49.07155" lon="22.83367">
        <ele>763.0</ele>
      </trkpt>
      <trkpt lat="49.071335" lon="22.83275">
        <ele>762.2</ele>
      </trkpt>
      <trkpt lat="49.07112" lon="22.83183">
        <ele>765.9</ele>
      </trkpt>
      <trkpt lat="49.071515" lon="22.83143">
        <ele>771.6</ele>
      </trkpt>
      <trkpt lat="49.07191" lon="22.83103">
        <ele>778.9</ele>
      </trkpt>
      <trkpt lat="49.07222" lon="22.83061">
        <ele>783.1</ele>
      </trkpt>
      <trkpt lat="49.07257" lon="22.830045">
        <ele>789.3</ele>
      </trkpt>
      <trkpt lat="49.07292" lon="22.82948">
        <ele>794.4</ele>
      </trkpt>
      <trkpt lat="49.07315" lon="22.82905">
        <ele>799.9</ele>
      </trkpt>
      <trkpt lat="49.07331" lon="22.8285">
        <ele>803.9</ele>
      </trkpt>
      <trkpt lat="49.07343" lon="22.82777">
        <ele>807.2</ele>
      </trkpt>
      <trkpt lat="49.07347" lon="22.82721">
        <ele>810.4</ele>
      </trkpt>
      <trkpt lat="49.07352" lon="22.82688">
        <ele>812.9</ele>
      </trkpt>
      <trkpt lat="49.07372" lon="22.82659">
        <ele>816.8</ele>
      </trkpt>
      <trkpt lat="49.07411" lon="22.82623">
        <ele>820.2</ele>
      </trkpt>
      <trkpt lat="49.07473" lon="22.8257">
        <ele>819.6</ele>
      </trkpt>
      <trkpt lat="49.075267" lon="22.825223">
        <ele>815.2</ele>
      </trkpt>
      <trkpt lat="49.075803" lon="22.824747">
        <ele>814.5</ele>
      </trkpt>
      <trkpt lat="49.07634" lon="22.82427">
        <ele>821.1</ele>
      </trkpt>
      <trkpt lat="49.0769" lon="22.82382">
        <ele>824.2</ele>
      </trkpt>
      <trkpt lat="49.07704" lon="22.82367">
        <ele>824.7</ele>
      </trkpt>
      <trkpt lat="49.07715" lon="22.82351">
        <ele>824.9</ele>
      </trkpt>
      <trkpt lat="49.07727" lon="22.82327">
        <ele>825.0</ele>
      </trkpt>
      <trkpt lat="49.0775" lon="22.82202">
        <ele>821.3</ele>
      </trkpt>
      <trkpt lat="49.07773" lon="22.82077">
        <ele>814.6</ele>
      </trkpt>
      <trkpt lat="49.07787" lon="22.82013">
        <ele>810.4</ele>
      </trkpt>
      <trkpt lat="49.07799" lon="22.8197">
        <ele>807.4</ele>
      </trkpt>
      <trkpt lat="49.0782" lon="22.81925">
        <ele>803.8</ele>
      </trkpt>
      <trkpt lat="49.07842" lon="22.81886">
        <ele>800.6</ele>
      </trkpt>
      <trkpt lat="49.078915" lon="22.81789">
        <ele>796.1</ele>
      </trkpt>
      <trkpt lat="49.07941" lon="22.81692">
        <ele>792.6</ele>
      </trkpt>
      <trkpt lat="49.07953" lon="22.8168">
        <ele>791.3</ele>
      </trkpt>
      <trkpt lat="49.07964" lon="22.81672">
        <ele>791.3</ele>
      </trkpt>
      <trkpt lat="49.0798" lon="22.81669">
        <ele>789.3</ele>
      </trkpt>
      <trkpt lat="49.07991" lon="22.8167">
        <ele>788.3</ele>
      </trkpt>
      <trkpt lat="49.08054" lon="22.81691">
        <ele>787.9</ele>
      </trkpt>
      <trkpt lat="49.08068" lon="22.81701">
        <ele>788.3</ele>
      </trkpt>
      <trkpt lat="49.08082" lon="22.81716">
        <ele>788.6</ele>
      </trkpt>
      <trkpt lat="49.08097" lon="22.81741">
        <ele>788.6</ele>
      </trkpt>
      <trkpt lat="49.08129" lon="22.81817">
        <ele>787.0</ele>
      </trkpt>
      <trkpt lat="49.081687" lon="22.81899">
        <ele>783.8</ele>
      </trkpt>
      <trkpt lat="49.082083" lon="22.81981">
        <ele>783.2</ele>
      </trkpt>
      <trkpt lat="49.08248" lon="22.82063">
        <ele>782.9</ele>
      </trkpt>
      <trkpt lat="49.08269" lon="22.82085">
        <ele>784.6</ele>
      </trkpt>
      <trkpt lat="49.08296" lon="22.82101">
        <ele>788.7</ele>
      </trkpt>
      <trkpt lat="49.0833" lon="22.82113">
        <ele>790.7</ele>
      </trkpt>
      <trkpt lat="49.08382" lon="22.82125">
        <ele>792.6</ele>
      </trkpt>
      <trkpt lat="49.08401" lon="22.82123">
        <ele>794.0</ele>
      </trkpt>
      <trkpt lat="49.08415" lon="22.82119">
        <ele>795.2</ele>
      </trkpt>
      <trkpt lat="49.08432" lon="22.82106">
        <ele>796.9</ele>
      </trkpt>
      <trkpt lat="49.08483" lon="22.82051">
        <ele>802.6</ele>
      </trkpt>
      <trkpt lat="49.08499" lon="22.82027">
        <ele>803.6</ele>
      </trkpt>
      <trkpt lat="49.08505" lon="22.82008">
        <ele>803.9</ele>
      </trkpt>
      <trkpt lat="49.08508" lon="22.81987">
        <ele>804.6</ele>
      </trkpt>
      <trkpt lat="49.08508" lon="22.819135">
        <ele>806.3</ele>
      </trkpt>
      <trkpt lat="49.08508" lon="22.8184">
        <ele>804.4</ele>
      </trkpt>
      <trkpt lat="49.0851" lon="22.81776">
        <ele>799.8</ele>
      </trkpt>
      <trkpt lat="49.08514" lon="22.8173">
        <ele>796.7</ele>
      </trkpt>
      <trkpt lat="49.08527" lon="22.81676">
        <ele>794.3</ele>
      </trkpt>
      <trkpt lat="49.08553" lon="22.81614">
        <ele>791.8</ele>
      </trkpt>
      <trkpt lat="49.08579" lon="22.81552">
        <ele>791.0</ele>
      </trkpt>
      <trkpt lat="49.08595" lon="22.81498">
        <ele>789.9</ele>
      </trkpt>
      <trkpt lat="49.08608" lon="22.81445">
        <ele>789.7</ele>
      </trkpt>
      <trkpt lat="49.08612" lon="22.81409">
        <ele>789.7</ele>
      </trkpt>
      <trkpt lat="49.08607" lon="22.81283">
        <ele>792.8</ele>
      </trkpt>
      <trkpt lat="49.08614" lon="22.81235">
        <ele>792.2</ele>
      </trkpt>
      <trkpt lat="49.08622" lon="22.8121">
        <ele>791.8</ele>
      </trkpt>
      <trkpt lat="49.0863" lon="22.81199">
        <ele>791.5</ele>
      </trkpt>
      <trkpt lat="49.08645" lon="22.81189">
        <ele>790.8</ele>
      </trkpt>
      <trkpt lat="49.08659" lon="22.81185">
        <ele>790.9</ele>
      </trkpt>
      <trkpt lat="49.08671" lon="22.81185">
        <ele>791.7</ele>
      </trkpt>
      <trkpt lat="49.08699" lon="22.81192">
        <ele>794.0</ele>
      </trkpt>
      <trkpt lat="49.087485" lon="22.812225">
        <ele>800.5</ele>
      </trkpt>
      <trkpt lat="49.08798" lon="22.81253">
        <ele>803.8</ele>
      </trkpt>
      <trkpt lat="49.088435" lon="22.81279">
        <ele>800.7</ele>
      </trkpt>
      <trkpt lat="49.08889" lon="22.81305">
        <ele>795.2</ele>
      </trkpt>
      <trkpt lat="49.08943" lon="22.81333">
        <ele>786.6</ele>
      </trkpt>
      <trkpt lat="49.08965" lon="22.81338">
        <ele>784.5</ele>
      </trkpt>
      <trkpt lat="49.09031" lon="22.81342">
        <ele>778.7</ele>
      </trkpt>
      <trkpt lat="49.09042" lon="22.81345">
        <ele>778.2</ele>
      </trkpt>
      <trkpt lat="49.09057" lon="22.81353">
        <ele>776.6</ele>
      </trkpt>
      <trkpt lat="49.09098" lon="22.81399">
        <ele>774.6</ele>
      </trkpt>
      <trkpt lat="49.0911" lon="22.81407">
        <ele>773.6</ele>
      </trkpt>
      <trkpt lat="49.09119" lon="22.81411">
        <ele>773.2</ele>
      </trkpt>
      <trkpt lat="49.09132" lon="22.81404">
        <ele>773.2</ele>
      </trkpt>
      <trkpt lat="49.09136" lon="22.81391">
        <ele>768.8</ele>
      </trkpt>
      <trkpt lat="49.09137" lon="22.81366">
        <ele>767.8</ele>
      </trkpt>
      <trkpt lat="49.09134" lon="22.81345">
        <ele>766.8</ele>
      </trkpt>
      <trkpt lat="49.09112" lon="22.81271">
        <ele>760.4</ele>
      </trkpt>
      <trkpt lat="49.0911" lon="22.8125">
        <ele>760.4</ele>
      </trkpt>
      <trkpt lat="49.09111" lon="22.81234">
        <ele>759.6</ele>
      </trkpt>
      <trkpt lat="49.09117" lon="22.81199">
        <ele>757.1</ele>
      </trkpt>
      <trkpt lat="49.09146" lon="22.81119">
        <ele>756.0</ele>
      </trkpt>
      <trkpt lat="49.09166" lon="22.81097">
        <ele>758.5</ele>
      </trkpt>
      <trkpt lat="49.09225" lon="22.81071">
        <ele>764.1</ele>
      </trkpt>
      <trkpt lat="49.09252" lon="22.81049">
        <ele>765.2</ele>
      </trkpt>
      <trkpt lat="49.09271" lon="22.81005">
        <ele>766.8</ele>
      </trkpt>
      <trkpt lat="49.09274" lon="22.80968">
        <ele>767.8</ele>
      </trkpt>
      <trkpt lat="49.09264" lon="22.80895">
        <ele>766.7</ele>
      </trkpt>
      <trkpt lat="49.09269" lon="22.80866">
        <ele>765.5</ele>
      </trkpt>
      <trkpt lat="49.09287" lon="22.8084">
        <ele>764.8</ele>
      </trkpt>
      <trkpt lat="49.09313" lon="22.80825">
        <ele>765.8</ele>
      </trkpt>
      <trkpt lat="49.09365" lon="22.80825">
        <ele>770.1</ele>
      </trkpt>
      <trkpt lat="49.09385" lon="22.80811">
        <ele>771.9</ele>
      </trkpt>
      <trkpt lat="49.09401" lon="22.80781">
        <ele>774.4</ele>
      </trkpt>
      <trkpt lat="49.09434" lon="22.80661">
        <ele>774.3</ele>
      </trkpt>
      <trkpt lat="49.09452" lon="22.8063">
        <ele>772.2</ele>
      </trkpt>
      <trkpt lat="49.09468" lon="22.80617">
        <ele>771.6</ele>
      </trkpt>
      <trkpt lat="49.09526" lon="22.80596">
        <ele>775.4</ele>
      </trkpt>
      <trkpt lat="49.0955" lon="22.80582">
        <ele>777.2</ele>
      </trkpt>
      <trkpt lat="49.09568" lon="22.80563">
        <ele>778.5</ele>
      </trkpt>
      <trkpt lat="49.09605" lon="22.80491">
        <ele>782.4</ele>
      </trkpt>
      <trkpt lat="49.09642" lon="22.80419">
        <ele>784.6</ele>
      </trkpt>
      <trkpt lat="49.09684" lon="22.80331">
        <ele>788.3</ele>
      </trkpt>
      <trkpt lat="49.09699" lon="22.80295">
        <ele>789.9</ele>
      </trkpt>
      <trkpt lat="49.09707" lon="22.80252">
        <ele>790.8</ele>
      </trkpt>
      <trkpt lat="49.09712" lon="22.80167">
        <ele>794.8</ele>
      </trkpt>
      <trkpt lat="49.09717" lon="22.80144">
        <ele>795.2</ele>
      </trkpt>
      <trkpt lat="49.0973" lon="22.80122">
        <ele>795.5</ele>
      </trkpt>
      <trkpt lat="49.09765" lon="22.80081">
        <ele>792.7</ele>
      </trkpt>
      <trkpt lat="49.09788" lon="22.8006">
        <ele>791.3</ele>
      </trkpt>
      <trkpt lat="49.09811" lon="22.80052">
        <ele>790.7</ele>
      </trkpt>
      <trkpt lat="49.0983" lon="22.8005">
        <ele>791.0</ele>
      </trkpt>
      <trkpt lat="49.09846" lon="22.80054">
        <ele>791.3</ele>
      </trkpt>
      <trkpt lat="49.09914" lon="22.80052">
        <ele>793.5</ele>
      </trkpt>
      <trkpt lat="49.09982" lon="22.8005">
        <ele>794.2</ele>
      </trkpt>
      <trkpt lat="49.09999" lon="22.80038">
        <ele>794.4</ele>
      </trkpt>
      <trkpt lat="49.10007" lon="22.80018">
        <ele>794.4</ele>
      </trkpt>
      <trkpt lat="49.10012" lon="22.79993">
        <ele>794.5</ele>
      </trkpt>
      <trkpt lat="49.10005" lon="22.79951">
        <ele>795.1</ele>
      </trkpt>
      <trkpt lat="49.099803" lon="22.79843">
        <ele>800.2</ele>
      </trkpt>
      <trkpt lat="49.099555" lon="22.79735">
        <ele>802.0</ele>
      </trkpt>
      <trkpt lat="49.099308" lon="22.79627">
        <ele>802.4</ele>
      </trkpt>
      <trkpt lat="49.09906" lon="22.79519">
        <ele>804.3</ele>
      </trkpt>
      <trkpt lat="49.09906" lon="22.79489">
        <ele>804.9</ele>
      </trkpt>
      <trkpt lat="49.09926" lon="22.79393">
        <ele>808.3</ele>
      </trkpt>
      <trkpt lat="49.09942" lon="22.7936">
        <ele>809.6</ele>
      </trkpt>
      <trkpt lat="49.09957" lon="22.79339">
        <ele>810.8</ele>
      </trkpt>
      <trkpt lat="49.09993" lon="22.79297">
        <ele>813.7</ele>
      </trkpt>
      <trkpt lat="49.1001" lon="22.79285">
        <ele>814.1</ele>
      </trkpt>
      <trkpt lat="49.10027" lon="22.79279">
        <ele>814.1</ele>
      </trkpt>
      <trkpt lat="49.100883" lon="22.792847">
        <ele>814.6</ele>
      </trkpt>
      <trkpt lat="49.101497" lon="22.792903">
        <ele>816.5</ele>
      </trkpt>
      <trkpt lat="49.10211" lon="22.79296">
        <ele>818.8</ele>
      </trkpt>
      <trkpt lat="49.1025" lon="22.79303">
        <ele>819.2</ele>
      </trkpt>
      <trkpt lat="49.103195" lon="22.793285">
        <ele>819.5</ele>
      </trkpt>
      <trkpt lat="49.10389" lon="22.79354">
        <ele>822.3</ele>
      </trkpt>
      <trkpt lat="49.10401" lon="22.79354">
        <ele>822.3</ele>
      </trkpt>
      <trkpt lat="49.10414" lon="22.7935">
        <ele>822.8</ele>
      </trkpt>
      <trkpt lat="49.1043" lon="22.79335">
        <ele>823.3</ele>
      </trkpt>
      <trkpt lat="49.10439" lon="22.79318">
        <ele>824.0</ele>
      </trkpt>
      <trkpt lat="49.10445" lon="22.79285">
        <ele>824.7</ele>
      </trkpt>
      <trkpt lat="49.10454" lon="22.791663">
        <ele>823.8</ele>
      </trkpt>
      <trkpt lat="49.10463" lon="22.790477">
        <ele>825.6</ele>
      </trkpt>
      <trkpt lat="49.10472" lon="22.78929">
        <ele>827.1</ele>
      </trkpt>
      <trkpt lat="49.10478" lon="22.789">
        <ele>827.4</ele>
      </trkpt>
      <trkpt lat="49.10493" lon="22.78876">
        <ele>827.9</ele>
      </trkpt>
      <trkpt lat="49.10509" lon="22.78861">
        <ele>828.8</ele>
      </trkpt>
      <trkpt lat="49.1054" lon="22.7883">
        <ele>832.6</ele>
      </trkpt>
      <trkpt lat="49.10555" lon="22.78819">
        <ele>834.5</ele>
      </trkpt>
      <trkpt lat="49.10589" lon="22.78728">
        <ele>836.4</ele>
      </trkpt>
      <trkpt lat="49.10592" lon="22.78706">
        <ele>836.8</ele>
      </trkpt>
      <trkpt lat="49.1059" lon="22.78681">
        <ele>837.0</ele>
      </trkpt>
      <trkpt lat="49.10579" lon="22.78636">
        <ele>839.0</ele>
      </trkpt>
      <trkpt lat="49.10578" lon="22.78619">
        <ele>839.1</ele>
      </trkpt>
      <trkpt lat="49.10584" lon="22.78581">
        <ele>838.6</ele>
      </trkpt>
      <trkpt lat="49.10595" lon="22.78562">
        <ele>837.8</ele>
      </trkpt>
      <trkpt lat="49.106305" lon="22.78513">
        <ele>834.0</ele>
      </trkpt>
      <trkpt lat="49.10666" lon="22.78464">
        <ele>826.7</ele>
      </trkpt>
      <trkpt lat="49.10681" lon="22.78449">
        <ele>824.7</ele>
      </trkpt>
      <trkpt lat="49.10703" lon="22.78433">
        <ele>822.5</ele>
      </trkpt>
      <trkpt lat="49.1072" lon="22.7843">
        <ele>820.7</ele>
      </trkpt>
      <trkpt lat="49.1077" lon="22.78448">
        <ele>813.4</ele>
      </trkpt>
      <trkpt lat="49.1078" lon="22.78448">
        <ele>813.4</ele>
      </trkpt>
      <trkpt lat="49.10827" lon="22.78424">
        <ele>805.5</ele>
      </trkpt>
      <trkpt lat="49.1084" lon="22.78421">
        <ele>803.8</ele>
      </trkpt>
      <trkpt lat="49.10855" lon="22.78424">
        <ele>800.1</ele>
      </trkpt>
      <trkpt lat="49.10873" lon="22.78431">
        <ele>800.1</ele>
      </trkpt>
      <trkpt lat="49.10891" lon="22.78433">
        <ele>797.0</ele>
      </trkpt>
      <trkpt lat="49.10908" lon="22.78427">
        <ele>794.7</ele>
      </trkpt>
      <trkpt lat="49.10927" lon="22.7841">
        <ele>792.0</ele>
      </trkpt>
      <trkpt lat="49.10948" lon="22.78406">
        <ele>788.5</ele>
      </trkpt>
      <trkpt lat="49.10978" lon="22.78416">
        <ele>785.8</ele>
      </trkpt>
      <trkpt lat="49.110495" lon="22.784185">
        <ele>776.7</ele>
      </trkpt>
      <trkpt lat="49.11121" lon="22.78421">
        <ele>771.2</ele>
      </trkpt>
      <trkpt lat="49.11147" lon="22.78427">
        <ele>768.5</ele>
      </trkpt>
      <trkpt lat="49.11166" lon="22.78438">
        <ele>767.2</ele>
      </trkpt>
      <trkpt lat="49.11201" lon="22.78465">
        <ele>762.5</ele>
      </trkpt>
      <trkpt lat="49.11253" lon="22.78488">
        <ele>759.1</ele>
      </trkpt>
      <trkpt lat="49.11308" lon="22.78518">
        <ele>753.9</ele>
      </trkpt>
      <trkpt lat="49.11345" lon="22.78528">
        <ele>749.9</ele>
      </trkpt>
      <trkpt lat="49.11401" lon="22.78529">
        <ele>749.7</ele>
      </trkpt>
      <trkpt lat="49.11457" lon="22.7853">
        <ele>748.9</ele>
      </trkpt>
      <trkpt lat="49.11484" lon="22.78528">
        <ele>748.2</ele>
      </trkpt>
      <trkpt lat="49.11511" lon="22.78519">
        <ele>746.4</ele>
      </trkpt>
      <trkpt lat="49.11536" lon="22.78503">
        <ele>746.2</ele>
      </trkpt>
      <trkpt lat="49.1157" lon="22.78475">
        <ele>744.8</ele>
      </trkpt>
      <trkpt lat="49.11588" lon="22.78467">
        <ele>744.0</ele>
      </trkpt>
      <trkpt lat="49.11602" lon="22.78465">
        <ele>743.3</ele>
      </trkpt>
      <trkpt lat="49.11676" lon="22.78467">
        <ele>737.0</ele>
      </trkpt>
      <trkpt lat="49.11746" lon="22.78478">
        <ele>731.2</ele>
      </trkpt>
      <trkpt lat="49.11743" lon="22.78466">
        <ele>731.1</ele>
      </trkpt>
      <trkpt lat="49.11742" lon="22.78453">
        <ele>731.5</ele>
      </trkpt>
      <trkpt lat="49.11745" lon="22.78426">
        <ele>732.5</ele>
      </trkpt>
      <trkpt lat="49.11752" lon="22.7841">
        <ele>733.2</ele>
      </trkpt>
      <trkpt lat="49.11759" lon="22.78403">
        <ele>733.7</ele>
      </trkpt>
      <trkpt lat="49.1177" lon="22.78397">
        <ele>734.3</ele>
      </trkpt>
      <trkpt lat="49.1178" lon="22.78397">
        <ele>735.2</ele>
      </trkpt>
      <trkpt lat="49.11847" lon="22.7841">
        <ele>738.4</ele>
      </trkpt>
      <trkpt lat="49.11897" lon="22.78422">
        <ele>741.0</ele>
      </trkpt>
      <trkpt lat="49.11947" lon="22.78434">
        <ele>743.3</ele>
      </trkpt>
      <trkpt lat="49.11961" lon="22.78434">
        <ele>744.5</ele>
      </trkpt>
      <trkpt lat="49.11978" lon="22.78428">
        <ele>745.0</ele>
      </trkpt>
      <trkpt lat="49.11993" lon="22.7841">
        <ele>745.9</ele>
      </trkpt>
      <trkpt lat="49.12045" lon="22.78329">
        <ele>748.8</ele>
      </trkpt>
      <trkpt lat="49.12054" lon="22.78312">
        <ele>749.3</ele>
      </trkpt>
      <trkpt lat="49.12058" lon="22.78297">
        <ele>750.7</ele>
      </trkpt>
      <trkpt lat="49.1206" lon="22.78281">
        <ele>751.2</ele>
      </trkpt>
      <trkpt lat="49.12059" lon="22.78261">
        <ele>751.7</ele>
      </trkpt>
      <trkpt lat="49.12032" lon="22.78162">
        <ele>751.5</ele>
      </trkpt>
      <trkpt lat="49.12029" lon="22.78137">
        <ele>751.3</ele>
      </trkpt>
      <trkpt lat="49.12031" lon="22.78116">
        <ele>751.4</ele>
      </trkpt>
      <trkpt lat="49.12035" lon="22.78106">
        <ele>751.6</ele>
      </trkpt>
      <trkpt lat="49.12042" lon="22.78096">
        <ele>752.0</ele>
      </trkpt>
      <trkpt lat="49.12052" lon="22.7809">
        <ele>752.6</ele>
      </trkpt>
      <trkpt lat="49.12066" lon="22.78087">
        <ele>754.2</ele>
      </trkpt>
      <trkpt lat="49.1208" lon="22.78091">
        <ele>755.0</ele>
      </trkpt>
      <trkpt lat="49.12093" lon="22.78097">
        <ele>756.4</ele>
      </trkpt>
      <trkpt lat="49.12124" lon="22.78124">
        <ele>758.8</ele>
      </trkpt>
      <trkpt lat="49.12167" lon="22.78178">
        <ele>762.8</ele>
      </trkpt>
      <trkpt lat="49.1218" lon="22.78185">
        <ele>762.8</ele>
      </trkpt>
      <trkpt lat="49.12201" lon="22.78184">
        <ele>765.0</ele>
      </trkpt>
      <trkpt lat="49.12211" lon="22.78176">
        <ele>765.0</ele>
      </trkpt>
      <trkpt lat="49.12223" lon="22.78155">
        <ele>767.3</ele>
      </trkpt>
      <trkpt lat="49.12245" lon="22.78096">
        <ele>770.2</ele>
      </trkpt>
      <trkpt lat="49.12261" lon="22.78039">
        <ele>771.2</ele>
      </trkpt>
      <trkpt lat="49.12296" lon="22.7796">
        <ele>771.6</ele>
      </trkpt>
      <trkpt lat="49.12308" lon="22.77926">
        <ele>771.6</ele>
      </trkpt>
      <trkpt lat="49.12314" lon="22.77892">
        <ele>771.6</ele>
      </trkpt>
      <trkpt lat="49.12314" lon="22.7784">
        <ele>770.7</ele>
      </trkpt>
      <trkpt lat="49.123013" lon="22.777355">
        <ele>768.6</ele>
      </trkpt>
      <trkpt lat="49.122885" lon="22.77631">
        <ele>765.9</ele>
      </trkpt>
      <trkpt lat="49.122758" lon="22.775265">
        <ele>764.7</ele>
      </trkpt>
      <trkpt lat="49.12263" lon="22.77422">
        <ele>764.7</ele>
      </trkpt>
      <trkpt lat="49.12261" lon="22.77386">
        <ele>765.1</ele>
      </trkpt>
      <trkpt lat="49.12262" lon="22.77356">
        <ele>765.2</ele>
      </trkpt>
      <trkpt lat="49.12273" lon="22.77303">
        <ele>764.9</ele>
      </trkpt>
      <trkpt lat="49.12295" lon="22.7725">
        <ele>763.4</ele>
      </trkpt>
      <trkpt lat="49.123393" lon="22.771615">
        <ele>761.1</ele>
      </trkpt>
      <trkpt lat="49.123835" lon="22.77073">
        <ele>760.9</ele>
      </trkpt>
      <trkpt lat="49.124278" lon="22.769845">
        <ele>760.1</ele>
      </trkpt>
      <trkpt lat="49.12472" lon="22.76896">
        <ele>756.9</ele>
      </trkpt>
      <trkpt lat="49.12506" lon="22.76841">
        <ele>755.5</ele>
      </trkpt>
      <trkpt lat="49.12548" lon="22.76785">
        <ele>754.2</ele>
      </trkpt>
      <trkpt lat="49.1259" lon="22.76729">
        <ele>753.4</ele>
      </trkpt>
      <trkpt lat="49.12631" lon="22.76661">
        <ele>751.1</ele>
      </trkpt>
      <trkpt lat="49.126665" lon="22.765795">
        <ele>750.3</ele>
      </trkpt>
      <trkpt lat="49.12702" lon="22.76498">
        <ele>749.4</ele>
      </trkpt>
      <trkpt lat="49.12712" lon="22.7646">
        <ele>749.4</ele>
      </trkpt>
      <trkpt lat="49.12718" lon="22.76422">
        <ele>749.3</ele>
      </trkpt>
      <trkpt lat="49.12723" lon="22.76367">
        <ele>749.0</ele>
      </trkpt>
      <trkpt lat="49.12728" lon="22.76259">
        <ele>747.7</ele>
      </trkpt>
      <trkpt lat="49.12738" lon="22.761565">
        <ele>746.5</ele>
      </trkpt>
      <trkpt lat="49.12748" lon="22.76054">
        <ele>744.4</ele>
      </trkpt>
      <trkpt lat="49.12758" lon="22.75971">
        <ele>743.5</ele>
      </trkpt>
      <trkpt lat="49.12768" lon="22.75888">
        <ele>742.6</ele>
      </trkpt>
      <trkpt lat="49.1277" lon="22.7584">
        <ele>741.7</ele>
      </trkpt>
      <trkpt lat="49.12765" lon="22.75801">
        <ele>740.8</ele>
      </trkpt>
      <trkpt lat="49.127335" lon="22.756755">
        <ele>738.4</ele>
      </trkpt>
      <trkpt lat="49.12702" lon="22.7555">
        <ele>735.7</ele>
      </trkpt>
      <trkpt lat="49.12701" lon="22.75487">
        <ele>734.4</ele>
      </trkpt>
      <trkpt lat="49.12708" lon="22.75437">
        <ele>733.5</ele>
      </trkpt>
      <trkpt lat="49.127235" lon="22.75368">
        <ele>732.6</ele>
      </trkpt>
      <trkpt lat="49.12739" lon="22.75299">
        <ele>732.2</ele>
      </trkpt>
      <trkpt lat="49.1275" lon="22.75217">
        <ele>731.7</ele>
      </trkpt>
      <trkpt lat="49.12753" lon="22.7508">
        <ele>730.3</ele>
      </trkpt>
      <trkpt lat="49.12756" lon="22.74943">
        <ele>729.1</ele>
      </trkpt>
      <trkpt lat="49.12763" lon="22.74868">
        <ele>727.5</ele>
      </trkpt>
      <trkpt lat="49.12772" lon="22.74826">
        <ele>726.9</ele>
      </trkpt>
      <trkpt lat="49.12794" lon="22.74744">
        <ele>725.8</ele>
      </trkpt>
      <trkpt lat="49.1281" lon="22.74706">
        <ele>725.2</ele>
      </trkpt>
      <trkpt lat="49.12823" lon="22.7469">
        <ele>724.6</ele>
      </trkpt>
      <trkpt lat="49.12847" lon="22.74666">
        <ele>723.3</ele>
      </trkpt>
      <trkpt lat="49.1287" lon="22.74655">
        <ele>722.8</ele>
      </trkpt>
      <trkpt lat="49.12929" lon="22.74635">
        <ele>721.7</ele>
      </trkpt>
      <trkpt lat="49.12988" lon="22.74615">
        <ele>721.2</ele>
      </trkpt>
      <trkpt lat="49.13014" lon="22.74598">
        <ele>720.6</ele>
      </trkpt>
      <trkpt lat="49.1303" lon="22.74582">
        <ele>720.1</ele>
      </trkpt>
      <trkpt lat="49.13086" lon="22.74521">
        <ele>718.5</ele>
      </trkpt>
      <trkpt lat="49.13142" lon="22.7446">
        <ele>716.0</ele>
      </trkpt>
      <trkpt lat="49.1316" lon="22.74429">
        <ele>714.5</ele>
      </trkpt>
      <trkpt lat="49.13183" lon="22.74383">
        <ele>713.0</ele>
      </trkpt>
      <trkpt lat="49.132" lon="22.74331">
        <ele>711.6</ele>
      </trkpt>
      <trkpt lat="49.13129" lon="22.74292">
        <ele>720.0</ele>
      </trkpt>
      <trkpt lat="49.13072" lon="22.742437">
        <ele>725.1</ele>
      </trkpt>
      <trkpt lat="49.13015" lon="22.741953">
        <ele>724.2</ele>
      </trkpt>
      <trkpt lat="49.12958" lon="22.74147">
        <ele>723.9</ele>
      </trkpt>
      <trkpt lat="49.12917" lon="22.74097">
        <ele>727.1</ele>
      </trkpt>
      <trkpt lat="49.12867" lon="22.74024">
        <ele>731.0</ele>
      </trkpt>
      <trkpt lat="49.12854" lon="22.73959">
        <ele>729.4</ele>
      </trkpt>
      <trkpt lat="49.128435" lon="22.73858">
        <ele>729.4</ele>
      </trkpt>
      <trkpt lat="49.12833" lon="22.73757">
        <ele>732.0</ele>
      </trkpt>
      <trkpt lat="49.12827" lon="22.73713">
        <ele>733.1</ele>
      </trkpt>
      <trkpt lat="49.12808" lon="22.73659">
        <ele>735.9</ele>
      </trkpt>
      <trkpt lat="49.12798" lon="22.73625">
        <ele>737.5</ele>
      </trkpt>
      <trkpt lat="49.12796" lon="22.73585">
        <ele>739.4</ele>
      </trkpt>
      <trkpt lat="49.12803" lon="22.73539">
        <ele>741.9</ele>
      </trkpt>
      <trkpt lat="49.12808" lon="22.73457">
        <ele>743.9</ele>
      </trkpt>
      <trkpt lat="49.12808" lon="22.73396">
        <ele>746.1</ele>
      </trkpt>
      <trkpt lat="49.128" lon="22.73305">
        <ele>752.4</ele>
      </trkpt>
      <trkpt lat="49.12791" lon="22.73263">
        <ele>754.1</ele>
      </trkpt>
      <trkpt lat="49.12762" lon="22.73197">
        <ele>759.9</ele>
      </trkpt>
      <trkpt lat="49.12727" lon="22.73101">
        <ele>763.1</ele>
      </trkpt>
      <trkpt lat="49.127015" lon="22.730025">
        <ele>768.5</ele>
      </trkpt>
      <trkpt lat="49.12676" lon="22.72904">
        <ele>772.5</ele>
      </trkpt>
      <trkpt lat="49.12661" lon="22.72875">
        <ele>773.6</ele>
      </trkpt>
      <trkpt lat="49.12642" lon="22.72852">
        <ele>774.6</ele>
      </trkpt>
      <trkpt lat="49.12572" lon="22.728105">
        <ele>778.0</ele>
      </trkpt>
      <trkpt lat="49.12502" lon="22.72769">
        <ele>782.1</ele>
      </trkpt>
      <trkpt lat="49.12487" lon="22.72741">
        <ele>782.2</ele>
      </trkpt>
      <trkpt lat="49.12446" lon="22.7262">
        <ele>784.0</ele>
      </trkpt>
      <trkpt lat="49.12425" lon="22.72588">
        <ele>787.1</ele>
      </trkpt>
      <trkpt lat="49.12373" lon="22.72545">
        <ele>791.1</ele>
      </trkpt>
      <trkpt lat="49.12358" lon="22.72518">
        <ele>792.2</ele>
      </trkpt>
      <trkpt lat="49.12356" lon="22.72493">
        <ele>793.7</ele>
      </trkpt>
      <trkpt lat="49.12368" lon="22.72464">
        <ele>796.7</ele>
      </trkpt>
      <trkpt lat="49.12382" lon="22.72443">
        <ele>798.1</ele>
      </trkpt>
      <trkpt lat="49.12446" lon="22.72422">
        <ele>804.3</ele>
      </trkpt>
      <trkpt lat="49.1247" lon="22.72411">
        <ele>806.1</ele>
      </trkpt>
      <trkpt lat="49.12484" lon="22.7239">
        <ele>808.2</ele>
      </trkpt>
      <trkpt lat="49.12492" lon="22.72365">
        <ele>809.0</ele>
      </trkpt>
      <trkpt lat="49.12495" lon="22.72322">
        <ele>812.7</ele>
      </trkpt>
      <trkpt lat="49.12485" lon="22.7228">
        <ele>813.9</ele>
      </trkpt>
      <trkpt lat="49.12465" lon="22.72232">
        <ele>818.4</ele>
      </trkpt>
      <trkpt lat="49.12449" lon="22.72202">
        <ele>820.3</ele>
      </trkpt>
      <trkpt lat="49.12395" lon="22.72139">
        <ele>826.4</ele>
      </trkpt>
      <trkpt lat="49.12375" lon="22.721">
        <ele>826.7</ele>
      </trkpt>
      <trkpt lat="49.12376" lon="22.72078">
        <ele>826.7</ele>
      </trkpt>
      <trkpt lat="49.12389" lon="22.72062">
        <ele>826.9</ele>
      </trkpt>
      <trkpt lat="49.12414" lon="22.72068">
        <ele>828.1</ele>
      </trkpt>
      <trkpt lat="49.12431" lon="22.72058">
        <ele>829.6</ele>
      </trkpt>
      <trkpt lat="49.12471" lon="22.72006">
        <ele>837.6</ele>
      </trkpt>
      <trkpt lat="49.12504" lon="22.71946">
        <ele>842.6</ele>
      </trkpt>
      <trkpt lat="49.12519" lon="22.71927">
        <ele>844.6</ele>
      </trkpt>
      <trkpt lat="49.12544" lon="22.71903">
        <ele>847.2</ele>
      </trkpt>
      <trkpt lat="49.12616" lon="22.71857">
        <ele>850.9</ele>
      </trkpt>
      <trkpt lat="49.12624" lon="22.71837">
        <ele>849.4</ele>
      </trkpt>
      <trkpt lat="49.1263" lon="22.71812">
        <ele>847.5</ele>
      </trkpt>
      <trkpt lat="49.12633" lon="22.71744">
        <ele>844.2</ele>
      </trkpt>
      <trkpt lat="49.12629" lon="22.71719">
        <ele>842.6</ele>
      </trkpt>
      <trkpt lat="49.12611" lon="22.7167">
        <ele>838.0</ele>
      </trkpt>
      <trkpt lat="49.12607" lon="22.71635">
        <ele>835.6</ele>
      </trkpt>
      <trkpt lat="49.1261" lon="22.71578">
        <ele>832.8</ele>
      </trkpt>
      <trkpt lat="49.12621" lon="22.71487">
        <ele>827.5</ele>
      </trkpt>
      <trkpt lat="49.12645" lon="22.71402">
        <ele>820.0</ele>
      </trkpt>
      <trkpt lat="49.12646" lon="22.7138">
        <ele>817.3</ele>
      </trkpt>
      <trkpt lat="49.12632" lon="22.71286">
        <ele>808.0</ele>
      </trkpt>
      <trkpt lat="49.12617" lon="22.71241">
        <ele>804.9</ele>
      </trkpt>
      <trkpt lat="49.12616" lon="22.71201">
        <ele>803.7</ele>
      </trkpt>
      <trkpt lat="49.12621" lon="22.71187">
        <ele>802.7</ele>
      </trkpt>
      <trkpt lat="49.12634" lon="22.71182">
        <ele>802.0</ele>
      </trkpt>
      <trkpt lat="49.12704" lon="22.71203">
        <ele>796.0</ele>
      </trkpt>
      <trkpt lat="49.12745" lon="22.71213">
        <ele>792.1</ele>
      </trkpt>
      <trkpt lat="49.12766" lon="22.71197">
        <ele>790.3</ele>
      </trkpt>
      <trkpt lat="49.12783" lon="22.71192">
        <ele>789.7</ele>
      </trkpt>
      <trkpt lat="49.12816" lon="22.7121">
        <ele>786.2</ele>
      </trkpt>
      <trkpt lat="49.12882" lon="22.71257">
        <ele>780.4</ele>
      </trkpt>
      <trkpt lat="49.12916" lon="22.71253">
        <ele>776.0</ele>
      </trkpt>
      <trkpt lat="49.12934" lon="22.71265">
        <ele>773.4</ele>
      </trkpt>
      <trkpt lat="49.13009" lon="22.71257">
        <ele>765.3</ele>
      </trkpt>
      <trkpt lat="49.13044" lon="22.71245">
        <ele>762.8</ele>
      </trkpt>
      <trkpt lat="49.13072" lon="22.71213">
        <ele>760.5</ele>
      </trkpt>
      <trkpt lat="49.13087" lon="22.71203">
        <ele>759.7</ele>
      </trkpt>
      <trkpt lat="49.13124" lon="22.71197">
        <ele>756.2</ele>
      </trkpt>
      <trkpt lat="49.13146" lon="22.71201">
        <ele>754.6</ele>
      </trkpt>
      <trkpt lat="49.13173" lon="22.71211">
        <ele>752.3</ele>
      </trkpt>
      <trkpt lat="49.13233" lon="22.71189">
        <ele>747.0</ele>
      </trkpt>
      <trkpt lat="49.13276" lon="22.71192">
        <ele>746.9</ele>
      </trkpt>
      <trkpt lat="49.13275" lon="22.71063">
        <ele>756.4</ele>
      </trkpt>
      <trkpt lat="49.13268" lon="22.71017">
        <ele>758.8</ele>
      </trkpt>
      <trkpt lat="49.13236" lon="22.70965">
        <ele>760.3</ele>
      </trkpt>
      <trkpt lat="49.13204" lon="22.70913">
        <ele>765.1</ele>
      </trkpt>
      <trkpt lat="49.13187" lon="22.70849">
        <ele>770.4</ele>
      </trkpt>
      <trkpt lat="49.13174" lon="22.70813">
        <ele>773.3</ele>
      </trkpt>
      <trkpt lat="49.13132" lon="22.70773">
        <ele>777.9</ele>
      </trkpt>
      <trkpt lat="49.130955" lon="22.707105">
        <ele>782.6</ele>
      </trkpt>
      <trkpt lat="49.13059" lon="22.70648">
        <ele>786.3</ele>
      </trkpt>
      <trkpt lat="49.13032" lon="22.7056">
        <ele>791.8</ele>
      </trkpt>
      <trkpt lat="49.13018" lon="22.70532">
        <ele>792.4</ele>
      </trkpt>
      <trkpt lat="49.13011" lon="22.70506">
        <ele>792.9</ele>
      </trkpt>
      <trkpt lat="49.13012" lon="22.70485">
        <ele>794.0</ele>
      </trkpt>
      <trkpt lat="49.13019" lon="22.70469">
        <ele>795.1</ele>
      </trkpt>
      <trkpt lat="49.13027" lon="22.70456">
        <ele>795.1</ele>
      </trkpt>
      <trkpt lat="49.13027" lon="22.70457">
        <ele>795.1</ele>
      </trkpt>
      <trkpt lat="49.13107" lon="22.704125">
        <ele>803.7</ele>
      </trkpt>
      <trkpt lat="49.13187" lon="22.70368">
        <ele>808.1</ele>
      </trkpt>
      <trkpt lat="49.13265" lon="22.70318">
        <ele>803.4</ele>
      </trkpt>
      <trkpt lat="49.13288" lon="22.70299">
        <ele>801.1</ele>
      </trkpt>
      <trkpt lat="49.13351" lon="22.70232">
        <ele>793.3</ele>
      </trkpt>
      <trkpt lat="49.13372" lon="22.7022">
        <ele>791.7</ele>
      </trkpt>
      <trkpt lat="49.13395" lon="22.7022">
        <ele>789.9</ele>
      </trkpt>
      <trkpt lat="49.13426" lon="22.70243">
        <ele>786.7</ele>
      </trkpt>
      <trkpt lat="49.13445" lon="22.70248">
        <ele>784.4</ele>
      </trkpt>
      <trkpt lat="49.1347" lon="22.70247">
        <ele>782.3</ele>
      </trkpt>
      <trkpt lat="49.1348" lon="22.70244">
        <ele>782.3</ele>
      </trkpt>
      <trkpt lat="49.13511" lon="22.70225">
        <ele>778.1</ele>
      </trkpt>
      <trkpt lat="49.1353" lon="22.70217">
        <ele>776.9</ele>
      </trkpt>
      <trkpt lat="49.13542" lon="22.70219">
        <ele>775.2</ele>
      </trkpt>
      <trkpt lat="49.13564" lon="22.70229">
        <ele>771.1</ele>
      </trkpt>
      <trkpt lat="49.13575" lon="22.70225">
        <ele>770.4</ele>
      </trkpt>
      <trkpt lat="49.13595" lon="22.70203">
        <ele>766.9</ele>
      </trkpt>
      <trkpt lat="49.13614" lon="22.70188">
        <ele>765.9</ele>
      </trkpt>
      <trkpt lat="49.13652" lon="22.70152">
        <ele>759.2</ele>
      </trkpt>
      <trkpt lat="49.13678" lon="22.70116">
        <ele>756.3</ele>
      </trkpt>
      <trkpt lat="49.13714" lon="22.70057">
        <ele>751.4</ele>
      </trkpt>
      <trkpt lat="49.1375" lon="22.69998">
        <ele>747.8</ele>
      </trkpt>
      <trkpt lat="49.13779" lon="22.69972">
        <ele>745.1</ele>
      </trkpt>
      <trkpt lat="49.13809" lon="22.6994">
        <ele>741.1</ele>
      </trkpt>
      <trkpt lat="49.13816" lon="22.69935">
        <ele>740.5</ele>
      </trkpt>
      <trkpt lat="49.13821" lon="22.69934">
        <ele>740.0</ele>
      </trkpt>
      <trkpt lat="49.1383" lon="22.69936">
        <ele>738.7</ele>
      </trkpt>
      <trkpt lat="49.1384" lon="22.69943">
        <ele>737.3</ele>
      </trkpt>
      <trkpt lat="49.1386" lon="22.69966">
        <ele>733.7</ele>
      </trkpt>
      <trkpt lat="49.13867" lon="22.69968">
        <ele>731.8</ele>
      </trkpt>
      <trkpt lat="49.13875" lon="22.69967">
        <ele>730.7</ele>
      </trkpt>
      <trkpt lat="49.13885" lon="22.69951">
        <ele>729.6</ele>
      </trkpt>
      <trkpt lat="49.13886" lon="22.69928">
        <ele>727.0</ele>
      </trkpt>
      <trkpt lat="49.13878" lon="22.6984">
        <ele>721.6</ele>
      </trkpt>
      <trkpt lat="49.13878" lon="22.69787">
        <ele>718.3</ele>
      </trkpt>
      <trkpt lat="49.13888" lon="22.69747">
        <ele>716.5</ele>
      </trkpt>
      <trkpt lat="49.13896" lon="22.69729">
        <ele>716.5</ele>
      </trkpt>
      <trkpt lat="49.13905" lon="22.69715">
        <ele>715.2</ele>
      </trkpt>
      <trkpt lat="49.13913" lon="22.69706">
        <ele>714.5</ele>
      </trkpt>
      <trkpt lat="49.13922" lon="22.69701">
        <ele>712.9</ele>
      </trkpt>
      <trkpt lat="49.14001" lon="22.69683">
        <ele>707.4</ele>
      </trkpt>
      <trkpt lat="49.14043" lon="22.69647">
        <ele>705.0</ele>
      </trkpt>
      <trkpt lat="49.1407" lon="22.69629">
        <ele>701.6</ele>
      </trkpt>
      <trkpt lat="49.14073" lon="22.69617">
        <ele>701.0</ele>
      </trkpt>
      <trkpt lat="49.14072" lon="22.69608">
        <ele>699.0</ele>
      </trkpt>
      <trkpt lat="49.14069" lon="22.696">
        <ele>699.0</ele>
      </trkpt>
      <trkpt lat="49.14061" lon="22.69592">
        <ele>697.7</ele>
      </trkpt>
      <trkpt lat="49.1404" lon="22.69583">
        <ele>695.0</ele>
      </trkpt>
      <trkpt lat="49.13954" lon="22.69579">
        <ele>687.7</ele>
      </trkpt>
      <trkpt lat="49.13906" lon="22.69588">
        <ele>683.5</ele>
      </trkpt>
      <trkpt lat="49.13882" lon="22.69588">
        <ele>682.1</ele>
      </trkpt>
      <trkpt lat="49.13845" lon="22.69583">
        <ele>678.5</ele>
      </trkpt>
      <trkpt lat="49.13825" lon="22.69573">
        <ele>675.6</ele>
      </trkpt>
      <trkpt lat="49.13821" lon="22.69563">
        <ele>675.6</ele>
      </trkpt>
      <trkpt lat="49.1382" lon="22.69551">
        <ele>674.2</ele>
      </trkpt>
      <trkpt lat="49.13824" lon="22.69534">
        <ele>673.3</ele>
      </trkpt>
      <trkpt lat="49.13837" lon="22.69503">
        <ele>671.6</ele>
      </trkpt>
      <trkpt lat="49.1385" lon="22.69484">
        <ele>669.2</ele>
      </trkpt>
      <trkpt lat="49.13869" lon="22.69464">
        <ele>667.5</ele>
      </trkpt>
      <trkpt lat="49.13882" lon="22.69454">
        <ele>666.6</ele>
      </trkpt>
      <trkpt lat="49.13904" lon="22.6943">
        <ele>665.5</ele>
      </trkpt>
      <trkpt lat="49.13964" lon="22.69329">
        <ele>660.5</ele>
      </trkpt>
      <trkpt lat="49.13994" lon="22.692725">
        <ele>658.1</ele>
      </trkpt>
      <trkpt lat="49.14024" lon="22.69216">
        <ele>654.4</ele>
      </trkpt>
      <trkpt lat="49.14077" lon="22.69196">
        <ele>651.1</ele>
      </trkpt>
      <trkpt lat="49.1413" lon="22.69176">
        <ele>648.3</ele>
      </trkpt>
      <trkpt lat="49.14147" lon="22.69165">
        <ele>645.9</ele>
      </trkpt>
      <trkpt lat="49.14161" lon="22.69149">
        <ele>645.3</ele>
      </trkpt>
      <trkpt lat="49.14181" lon="22.69117">
        <ele>644.0</ele>
      </trkpt>
      <trkpt lat="49.14236" lon="22.69052">
        <ele>640.5</ele>
      </trkpt>
      <trkpt lat="49.14265" lon="22.68997">
        <ele>637.0</ele>
      </trkpt>
      <trkpt lat="49.1429" lon="22.6898">
        <ele>636.1</ele>
      </trkpt>
      <trkpt lat="49.14346" lon="22.68954">
        <ele>632.1</ele>
      </trkpt>
      <trkpt lat="49.14371" lon="22.68939">
        <ele>630.4</ele>
      </trkpt>
      <trkpt lat="49.14421" lon="22.68894">
        <ele>628.5</ele>
      </trkpt>
      <trkpt lat="49.14473" lon="22.68851">
        <ele>625.8</ele>
      </trkpt>
      <trkpt lat="49.14525" lon="22.68808">
        <ele>623.8</ele>
      </trkpt>
      <trkpt lat="49.14546" lon="22.68796">
        <ele>623.4</ele>
      </trkpt>
      <trkpt lat="49.14605" lon="22.68774">
        <ele>624.0</ele>
      </trkpt>
      <trkpt lat="49.14657" lon="22.68774">
        <ele>622.4</ele>
      </trkpt>
      <trkpt lat="49.14712" lon="22.68757">
        <ele>618.1</ele>
      </trkpt>
      <trkpt lat="49.14728" lon="22.68757">
        <ele>617.7</ele>
      </trkpt>
      <trkpt lat="49.14761" lon="22.6876">
        <ele>616.3</ele>
      </trkpt>
      <trkpt lat="49.14773" lon="22.68758">
        <ele>615.2</ele>
      </trkpt>
      <trkpt lat="49.14789" lon="22.68752">
        <ele>614.7</ele>
      </trkpt>
      <trkpt lat="49.148355" lon="22.68723">
        <ele>612.4</ele>
      </trkpt>
      <trkpt lat="49.14882" lon="22.68694">
        <ele>609.4</ele>
      </trkpt>
      <trkpt lat="49.14901" lon="22.68685">
        <ele>609.0</ele>
      </trkpt>
      <trkpt lat="49.14974" lon="22.68672">
        <ele>606.5</ele>
      </trkpt>
      <trkpt lat="49.14994" lon="22.6866">
        <ele>605.2</ele>
      </trkpt>
      <trkpt lat="49.15011" lon="22.68641">
        <ele>604.2</ele>
      </trkpt>
      <trkpt lat="49.15031" lon="22.6861">
        <ele>602.7</ele>
      </trkpt>
      <trkpt lat="49.150775" lon="22.68533">
        <ele>595.8</ele>
      </trkpt>
      <trkpt lat="49.15124" lon="22.68456">
        <ele>592.5</ele>
      </trkpt>
      <trkpt lat="49.15147" lon="22.68422">
        <ele>590.9</ele>
      </trkpt>
      <trkpt lat="49.15204" lon="22.684787">
        <ele>587.6</ele>
      </trkpt>
      <trkpt lat="49.15261" lon="22.685353">
        <ele>586.0</ele>
      </trkpt>
      <trkpt lat="49.15318" lon="22.68592">
        <ele>584.4</ele>
      </trkpt>
      <trkpt lat="49.1535" lon="22.68612">
        <ele>584.2</ele>
      </trkpt>
      <trkpt lat="49.154235" lon="22.68627">
        <ele>583.6</ele>
      </trkpt>
      <trkpt lat="49.15497" lon="22.68642">
        <ele>582.8</ele>
      </trkpt>
      <trkpt lat="49.15552" lon="22.686505">
        <ele>582.2</ele>
      </trkpt>
      <trkpt lat="49.15607" lon="22.68659">
        <ele>581.8</ele>
      </trkpt>
      <trkpt lat="49.156845" lon="22.68673">
        <ele>582.5</ele>
      </trkpt>
      <trkpt lat="49.15762" lon="22.68687">
        <ele>584.9</ele>
      </trkpt>
      <trkpt lat="49.15785" lon="22.68695">
        <ele>584.8</ele>
      </trkpt>
      <trkpt lat="49.158475" lon="22.68732">
        <ele>583.1</ele>
      </trkpt>
      <trkpt lat="49.1591" lon="22.68769">
        <ele>581.3</ele>
      </trkpt>
      <trkpt lat="49.159715" lon="22.688095">
        <ele>580.2</ele>
      </trkpt>
      <trkpt lat="49.16033" lon="22.6885">
        <ele>580.2</ele>
      </trkpt>
      <trkpt lat="49.16066" lon="22.68875">
        <ele>580.0</ele>
      </trkpt>
      <trkpt lat="49.16095" lon="22.68907">
        <ele>579.6</ele>
      </trkpt>
      <trkpt lat="49.16148" lon="22.68986">
        <ele>579.3</ele>
      </trkpt>
      <trkpt lat="49.16201" lon="22.69065">
        <ele>578.8</ele>
      </trkpt>
      <trkpt lat="49.16254" lon="22.69144">
        <ele>578.6</ele>
      </trkpt>
      <trkpt lat="49.16268" lon="22.6916">
        <ele>578.5</ele>
      </trkpt>
      <trkpt lat="49.16282" lon="22.69171">
        <ele>578.3</ele>
      </trkpt>
      <trkpt lat="49.16302" lon="22.69182">
        <ele>578.0</ele>
      </trkpt>
      <trkpt lat="49.16316" lon="22.69187">
        <ele>578.0</ele>
      </trkpt>
      <trkpt lat="49.16332" lon="22.69189">
        <ele>577.9</ele>
      </trkpt>
      <trkpt lat="49.16354" lon="22.69188">
        <ele>577.8</ele>
      </trkpt>
      <trkpt lat="49.1642" lon="22.6917">
        <ele>577.1</ele>
      </trkpt>
      <trkpt lat="49.165062" lon="22.691438">
        <ele>575.9</ele>
      </trkpt>
      <trkpt lat="49.165924" lon="22.691176">
        <ele>573.9</ele>
      </trkpt>
      <trkpt lat="49.166786" lon="22.690914">
        <ele>572.3</ele>
      </trkpt>
      <trkpt lat="49.167648" lon="22.690652">
        <ele>571.2</ele>
      </trkpt>
      <trkpt lat="49.16851" lon="22.69039">
        <ele>569.5</ele>
      </trkpt>
      <trkpt lat="49.16847" lon="22.69014">
        <ele>570.6</ele>
      </trkpt>
      <trkpt lat="49.1684" lon="22.68994">
        <ele>571.5</ele>
      </trkpt>
      <trkpt lat="49.16827" lon="22.68973">
        <ele>573.8</ele>
      </trkpt>
      <trkpt lat="49.16802" lon="22.68946">
        <ele>577.8</ele>
      </trkpt>
      <trkpt lat="49.16786" lon="22.68919">
        <ele>580.2</ele>
      </trkpt>
      <trkpt lat="49.1677" lon="22.68883">
        <ele>582.1</ele>
      </trkpt>
      <trkpt lat="49.16729" lon="22.68768">
        <ele>585.6</ele>
      </trkpt>
      <trkpt lat="49.1671" lon="22.68642">
        <ele>589.0</ele>
      </trkpt>
      <trkpt lat="49.16691" lon="22.68516">
        <ele>593.5</ele>
      </trkpt>
      <trkpt lat="49.16692" lon="22.68462">
        <ele>595.8</ele>
      </trkpt>
      <trkpt lat="49.16699" lon="22.68364">
        <ele>598.3</ele>
      </trkpt>
      <trkpt lat="49.16715" lon="22.68255">
        <ele>600.1</ele>
      </trkpt>
      <trkpt lat="49.16727" lon="22.68218">
        <ele>600.1</ele>
      </trkpt>
      <trkpt lat="49.167705" lon="22.681285">
        <ele>599.4</ele>
      </trkpt>
      <trkpt lat="49.16814" lon="22.68039">
        <ele>602.4</ele>
      </trkpt>
      <trkpt lat="49.16864" lon="22.679285">
        <ele>606.5</ele>
      </trkpt>
      <trkpt lat="49.16914" lon="22.67818">
        <ele>610.3</ele>
      </trkpt>
      <trkpt lat="49.16936" lon="22.67735">
        <ele>612.0</ele>
      </trkpt>
      <trkpt lat="49.16947" lon="22.6761">
        <ele>615.8</ele>
      </trkpt>
      <trkpt lat="49.16945" lon="22.67575">
        <ele>617.5</ele>
      </trkpt>
      <trkpt lat="49.16918" lon="22.67457">
        <ele>620.4</ele>
      </trkpt>
      <trkpt lat="49.16916" lon="22.6743">
        <ele>620.8</ele>
      </trkpt>
      <trkpt lat="49.16917" lon="22.673213">
        <ele>623.8</ele>
      </trkpt>
      <trkpt lat="49.16918" lon="22.672127">
        <ele>628.4</ele>
      </trkpt>
      <trkpt lat="49.16919" lon="22.67104">
        <ele>630.9</ele>
      </trkpt>
      <trkpt lat="49.16921" lon="22.67067">
        <ele>631.5</ele>
      </trkpt>
      <trkpt lat="49.16925" lon="22.67035">
        <ele>631.7</ele>
      </trkpt>
      <trkpt lat="49.1693" lon="22.67013">
        <ele>632.0</ele>
      </trkpt>
      <trkpt lat="49.16938" lon="22.66993">
        <ele>632.3</ele>
      </trkpt>
      <trkpt lat="49.16963" lon="22.66947">
        <ele>634.1</ele>
      </trkpt>
      <trkpt lat="49.16988" lon="22.66883">
        <ele>637.9</ele>
      </trkpt>
      <trkpt lat="49.16998" lon="22.66862">
        <ele>639.8</ele>
      </trkpt>
      <trkpt lat="49.17003" lon="22.66859">
        <ele>640.8</ele>
      </trkpt>
      <trkpt lat="49.17007" lon="22.66861">
        <ele>640.8</ele>
      </trkpt>
      <trkpt lat="49.17012" lon="22.66877">
        <ele>642.0</ele>
      </trkpt>
      <trkpt lat="49.17013" lon="22.66945">
        <ele>646.0</ele>
      </trkpt>
      <trkpt lat="49.1703" lon="22.67047">
        <ele>649.8</ele>
      </trkpt>
      <trkpt lat="49.17035" lon="22.67098">
        <ele>651.3</ele>
      </trkpt>
      <trkpt lat="49.17055" lon="22.67181">
        <ele>655.7</ele>
      </trkpt>
      <trkpt lat="49.17068" lon="22.6727">
        <ele>661.2</ele>
      </trkpt>
      <trkpt lat="49.17087" lon="22.67323">
        <ele>662.8</ele>
      </trkpt>
      <trkpt lat="49.17095" lon="22.6737">
        <ele>664.2</ele>
      </trkpt>
      <trkpt lat="49.17106" lon="22.67422">
        <ele>665.0</ele>
      </trkpt>
      <trkpt lat="49.17127" lon="22.67474">
        <ele>666.1</ele>
      </trkpt>
      <trkpt lat="49.1713" lon="22.67532">
        <ele>667.4</ele>
      </trkpt>
      <trkpt lat="49.17146" lon="22.67559">
        <ele>668.3</ele>
      </trkpt>
      <trkpt lat="49.17153" lon="22.67581">
        <ele>668.8</ele>
      </trkpt>
      <trkpt lat="49.17158" lon="22.67632">
        <ele>670.7</ele>
      </trkpt>
      <trkpt lat="49.17154" lon="22.67672">
        <ele>671.4</ele>
      </trkpt>
      <trkpt lat="49.17157" lon="22.67713">
        <ele>673.1</ele>
      </trkpt>
      <trkpt lat="49.17156" lon="22.67724">
        <ele>673.1</ele>
      </trkpt>
      <trkpt lat="49.17145" lon="22.67758">
        <ele>673.9</ele>
      </trkpt>
      <trkpt lat="49.17142" lon="22.67779">
        <ele>674.1</ele>
      </trkpt>
      <trkpt lat="49.17142" lon="22.67795">
        <ele>674.3</ele>
      </trkpt>
      <trkpt lat="49.17146" lon="22.67812">
        <ele>674.5</ele>
      </trkpt>
      <trkpt lat="49.17165" lon="22.67853">
        <ele>676.3</ele>
      </trkpt>
      <trkpt lat="49.17169" lon="22.67866">
        <ele>676.3</ele>
      </trkpt>
      <trkpt lat="49.17169" lon="22.67882">
        <ele>678.6</ele>
      </trkpt>
      <trkpt lat="49.17166" lon="22.67907">
        <ele>678.6</ele>
      </trkpt>
      <trkpt lat="49.17168" lon="22.67922">
        <ele>679.3</ele>
      </trkpt>
      <trkpt lat="49.17172" lon="22.67934">
        <ele>680.4</ele>
      </trkpt>
      <trkpt lat="49.17185" lon="22.67953">
        <ele>681.6</ele>
      </trkpt>
      <trkpt lat="49.17191" lon="22.67954">
        <ele>681.8</ele>
      </trkpt>
      <trkpt lat="49.17209" lon="22.67947">
        <ele>682.2</ele>
      </trkpt>
      <trkpt lat="49.17262" lon="22.67918">
        <ele>683.9</ele>
      </trkpt>
      <trkpt lat="49.17286" lon="22.67891">
        <ele>684.6</ele>
      </trkpt>
      <trkpt lat="49.17327" lon="22.67831">
        <ele>688.3</ele>
      </trkpt>
      <trkpt lat="49.17339" lon="22.67806">
        <ele>689.5</ele>
      </trkpt>
      <trkpt lat="49.17346" lon="22.67781">
        <ele>690.7</ele>
      </trkpt>
      <trkpt lat="49.173585" lon="22.676855">
        <ele>694.6</ele>
      </trkpt>
      <trkpt lat="49.17371" lon="22.6759">
        <ele>699.3</ele>
      </trkpt>
      <trkpt lat="49.17381" lon="22.67473">
        <ele>706.5</ele>
      </trkpt>
      <trkpt lat="49.17392" lon="22.67411">
        <ele>709.8</ele>
      </trkpt>
      <trkpt lat="49.17406" lon="22.67354">
        <ele>714.5</ele>
      </trkpt>
      <trkpt lat="49.17424" lon="22.67311">
        <ele>717.0</ele>
      </trkpt>
      <trkpt lat="49.17442" lon="22.67283">
        <ele>720.5</ele>
      </trkpt>
      <trkpt lat="49.17457" lon="22.67266">
        <ele>721.5</ele>
      </trkpt>
      <trkpt lat="49.17505" lon="22.67218">
        <ele>728.7</ele>
      </trkpt>
      <trkpt lat="49.17545" lon="22.67186">
        <ele>732.3</ele>
      </trkpt>
      <trkpt lat="49.17566" lon="22.67172">
        <ele>733.4</ele>
      </trkpt>
      <trkpt lat="49.17583" lon="22.67164">
        <ele>734.7</ele>
      </trkpt>
      <trkpt lat="49.17614" lon="22.67156">
        <ele>736.0</ele>
      </trkpt>
      <trkpt lat="49.17646" lon="22.67154">
        <ele>739.1</ele>
      </trkpt>
      <trkpt lat="49.1767" lon="22.67162">
        <ele>740.4</ele>
      </trkpt>
      <trkpt lat="49.1768" lon="22.6716">
        <ele>741.1</ele>
      </trkpt>
      <trkpt lat="49.17691" lon="22.67153">
        <ele>741.9</ele>
      </trkpt>
      <trkpt lat="49.17726" lon="22.67118">
        <ele>745.3</ele>
      </trkpt>
      <trkpt lat="49.17751" lon="22.67081">
        <ele>749.0</ele>
      </trkpt>
      <trkpt lat="49.17758" lon="22.67064">
        <ele>749.6</ele>
      </trkpt>
      <trkpt lat="49.17764" lon="22.67041">
        <ele>750.7</ele>
      </trkpt>
      <trkpt lat="49.17767" lon="22.67017">
        <ele>751.0</ele>
      </trkpt>
      <trkpt lat="49.17764" lon="22.66936">
        <ele>754.2</ele>
      </trkpt>
      <trkpt lat="49.17767" lon="22.66916">
        <ele>754.5</ele>
      </trkpt>
      <trkpt lat="49.17779" lon="22.66875">
        <ele>753.7</ele>
      </trkpt>
      <trkpt lat="49.17797" lon="22.66829">
        <ele>751.5</ele>
      </trkpt>
      <trkpt lat="49.17829" lon="22.66766">
        <ele>748.9</ele>
      </trkpt>
      <trkpt lat="49.17845" lon="22.66714">
        <ele>748.0</ele>
      </trkpt>
      <trkpt lat="49.17875" lon="22.66654">
        <ele>746.9</ele>
      </trkpt>
      <trkpt lat="49.17915" lon="22.66547">
        <ele>744.2</ele>
      </trkpt>
      <trkpt lat="49.17955" lon="22.6644">
        <ele>739.9</ele>
      </trkpt>
      <trkpt lat="49.17968" lon="22.66399">
        <ele>739.0</ele>
      </trkpt>
      <trkpt lat="49.17994" lon="22.66363">
        <ele>739.3</ele>
      </trkpt>
      <trkpt lat="49.18" lon="22.6636">
        <ele>739.3</ele>
      </trkpt>
      <trkpt lat="49.18005" lon="22.66361">
        <ele>739.4</ele>
      </trkpt>
      <trkpt lat="49.18024" lon="22.66383">
        <ele>738.7</ele>
      </trkpt>
      <trkpt lat="49.18037" lon="22.66403">
        <ele>737.2</ele>
      </trkpt>
      <trkpt lat="49.18062" lon="22.66463">
        <ele>734.6</ele>
      </trkpt>
      <trkpt lat="49.18072" lon="22.66471">
        <ele>734.1</ele>
      </trkpt>
      <trkpt lat="49.18098" lon="22.66474">
        <ele>732.0</ele>
      </trkpt>
      <trkpt lat="49.1813" lon="22.66494">
        <ele>729.5</ele>
      </trkpt>
      <trkpt lat="49.18175" lon="22.66573">
        <ele>723.6</ele>
      </trkpt>
      <trkpt lat="49.18209" lon="22.66617">
        <ele>720.3</ele>
      </trkpt>
      <trkpt lat="49.18266" lon="22.66631">
        <ele>715.0</ele>
      </trkpt>
      <trkpt lat="49.1835" lon="22.66672">
        <ele>703.7</ele>
      </trkpt>
      <trkpt lat="49.1841" lon="22.66711">
        <ele>695.4</ele>
      </trkpt>
      <trkpt lat="49.184425" lon="22.66781">
        <ele>687.8</ele>
      </trkpt>
      <trkpt lat="49.18475" lon="22.66851">
        <ele>684.1</ele>
      </trkpt>
      <trkpt lat="49.18493" lon="22.669215">
        <ele>680.2</ele>
      </trkpt>
      <trkpt lat="49.18511" lon="22.66992">
        <ele>677.3</ele>
      </trkpt>
      <trkpt lat="49.18539" lon="22.67117">
        <ele>673.4</ele>
      </trkpt>
      <trkpt lat="49.18548" lon="22.67147">
        <ele>671.2</ele>
      </trkpt>
      <trkpt lat="49.18559" lon="22.67155">
        <ele>669.7</ele>
      </trkpt>
      <trkpt lat="49.18567" lon="22.67156">
        <ele>669.2</ele>
      </trkpt>
      <trkpt lat="49.18575" lon="22.67154">
        <ele>668.3</ele>
      </trkpt>
      <trkpt lat="49.18581" lon="22.67149">
        <ele>667.5</ele>
      </trkpt>
      <trkpt lat="49.18609" lon="22.67099">
        <ele>663.5</ele>
      </trkpt>
      <trkpt lat="49.18634" lon="22.67032">
        <ele>659.4</ele>
      </trkpt>
      <trkpt lat="49.18659" lon="22.66985">
        <ele>656.1</ele>
      </trkpt>
      <trkpt lat="49.18684" lon="22.66944">
        <ele>650.9</ele>
      </trkpt>
      <trkpt lat="49.18693" lon="22.66906">
        <ele>648.2</ele>
      </trkpt>
      <trkpt lat="49.18693" lon="22.66879">
        <ele>645.7</ele>
      </trkpt>
      <trkpt lat="49.18681" lon="22.6679">
        <ele>641.6</ele>
      </trkpt>
      <trkpt lat="49.18684" lon="22.66766">
        <ele>641.2</ele>
      </trkpt>
      <trkpt lat="49.187" lon="22.66746">
        <ele>640.6</ele>
      </trkpt>
      <trkpt lat="49.18715" lon="22.6675">
        <ele>640.1</ele>
      </trkpt>
      <trkpt lat="49.187697" lon="22.668007">
        <ele>636.2</ele>
      </trkpt>
      <trkpt lat="49.188243" lon="22.668513">
        <ele>632.0</ele>
      </trkpt>
      <trkpt lat="49.18879" lon="22.66902">
        <ele>627.0</ele>
      </trkpt>
      <trkpt lat="49.18898" lon="22.66928">
        <ele>624.0</ele>
      </trkpt>
      <trkpt lat="49.1891" lon="22.66958">
        <ele>621.1</ele>
      </trkpt>
      <trkpt lat="49.18922" lon="22.67012">
        <ele>616.8</ele>
      </trkpt>
      <trkpt lat="49.18937" lon="22.6712">
        <ele>609.3</ele>
      </trkpt>
      <trkpt lat="49.1895" lon="22.67153">
        <ele>605.9</ele>
      </trkpt>
      <trkpt lat="49.18991" lon="22.67209">
        <ele>601.7</ele>
      </trkpt>
      <trkpt lat="49.190415" lon="22.67241">
        <ele>599.0</ele>
      </trkpt>
      <trkpt lat="49.19092" lon="22.67273">
        <ele>597.7</ele>
      </trkpt>
      <trkpt lat="49.19158" lon="22.67311">
        <ele>595.5</ele>
      </trkpt>
      <trkpt lat="49.19179" lon="22.67332">
        <ele>594.4</ele>
      </trkpt>
      <trkpt lat="49.19235" lon="22.67402">
        <ele>585.0</ele>
      </trkpt>
      <trkpt lat="49.19276" lon="22.67435">
        <ele>580.3</ele>
      </trkpt>
      <trkpt lat="49.19316" lon="22.67459">
        <ele>578.2</ele>
      </trkpt>
      <trkpt lat="49.1933" lon="22.67463">
        <ele>578.7</ele>
      </trkpt>
      <trkpt lat="49.19329" lon="22.67451">
        <ele>579.2</ele>
      </trkpt>
      <trkpt lat="49.19344" lon="22.67393">
        <ele>583.1</ele>
      </trkpt>
      <trkpt lat="49.19348" lon="22.67354">
        <ele>583.1</ele>
      </trkpt>
      <trkpt lat="49.19352" lon="22.67269">
        <ele>587.9</ele>
      </trkpt>
      <trkpt lat="49.19349" lon="22.67175">
        <ele>589.1</ele>
      </trkpt>
      <trkpt lat="49.19344" lon="22.67138">
        <ele>590.0</ele>
      </trkpt>
      <trkpt lat="49.19338" lon="22.67113">
        <ele>590.7</ele>
      </trkpt>
      <trkpt lat="49.19326" lon="22.67076">
        <ele>591.5</ele>
      </trkpt>
      <trkpt lat="49.19292" lon="22.670105">
        <ele>593.7</ele>
      </trkpt>
      <trkpt lat="49.19258" lon="22.66945">
        <ele>597.4</ele>
      </trkpt>
      <trkpt lat="49.19228" lon="22.66892">
        <ele>598.1</ele>
      </trkpt>
      <trkpt lat="49.1922" lon="22.66873">
        <ele>597.9</ele>
      </trkpt>
      <trkpt lat="49.1922" lon="22.66853">
        <ele>597.7</ele>
      </trkpt>
      <trkpt lat="49.19231" lon="22.66832">
        <ele>597.7</ele>
      </trkpt>
      <trkpt lat="49.19262" lon="22.66817">
        <ele>598.1</ele>
      </trkpt>
      <trkpt lat="49.19309" lon="22.66827">
        <ele>601.0</ele>
      </trkpt>
      <trkpt lat="49.19325" lon="22.66835">
        <ele>601.7</ele>
      </trkpt>
      <trkpt lat="49.19336" lon="22.66844">
        <ele>602.5</ele>
      </trkpt>
      <trkpt lat="49.19356" lon="22.66867">
        <ele>605.0</ele>
      </trkpt>
      <trkpt lat="49.19374" lon="22.66879">
        <ele>606.7</ele>
      </trkpt>
      <trkpt lat="49.19392" lon="22.66887">
        <ele>608.2</ele>
      </trkpt>
      <trkpt lat="49.19405" lon="22.66888">
        <ele>608.6</ele>
      </trkpt>
      <trkpt lat="49.19426" lon="22.66883">
        <ele>609.3</ele>
      </trkpt>
      <trkpt lat="49.1947" lon="22.66865">
        <ele>609.5</ele>
      </trkpt>
      <trkpt lat="49.19524" lon="22.66836">
        <ele>609.1</ele>
      </trkpt>
      <trkpt lat="49.19531" lon="22.66839">
        <ele>609.1</ele>
      </trkpt>
      <trkpt lat="49.19541" lon="22.66849">
        <ele>609.4</ele>
      </trkpt>
      <trkpt lat="49.19576" lon="22.66903">
        <ele>610.6</ele>
      </trkpt>
      <trkpt lat="49.19604" lon="22.66913">
        <ele>611.3</ele>
      </trkpt>
      <trkpt lat="49.19664" lon="22.66909">
        <ele>614.1</ele>
      </trkpt>
      <trkpt lat="49.19713" lon="22.66899">
        <ele>614.7</ele>
      </trkpt>
      <trkpt lat="49.19743" lon="22.66885">
        <ele>615.1</ele>
      </trkpt>
      <trkpt lat="49.19776" lon="22.66864">
        <ele>616.7</ele>
      </trkpt>
      <trkpt lat="49.19844" lon="22.66798">
        <ele>619.3</ele>
      </trkpt>
      <trkpt lat="49.19871" lon="22.6676">
        <ele>619.7</ele>
      </trkpt>
      <trkpt lat="49.19913" lon="22.66681">
        <ele>618.3</ele>
      </trkpt>
      <trkpt lat="49.19934" lon="22.66655">
        <ele>618.1</ele>
      </trkpt>
      <trkpt lat="49.19978" lon="22.66612">
        <ele>618.1</ele>
      </trkpt>
      <trkpt lat="49.19987" lon="22.66597">
        <ele>617.9</ele>
      </trkpt>
      <trkpt lat="49.19988" lon="22.66588">
        <ele>617.7</ele>
      </trkpt>
      <trkpt lat="49.19986" lon="22.66577">
        <ele>617.5</ele>
      </trkpt>
      <trkpt lat="49.19973" lon="22.66558">
        <ele>616.2</ele>
      </trkpt>
      <trkpt lat="49.19962" lon="22.66548">
        <ele>616.2</ele>
      </trkpt>
      <trkpt lat="49.19909" lon="22.66513">
        <ele>612.4</ele>
      </trkpt>
      <trkpt lat="49.19847" lon="22.66498">
        <ele>607.1</ele>
      </trkpt>
      <trkpt lat="49.19822" lon="22.66478">
        <ele>606.6</ele>
      </trkpt>
      <trkpt lat="49.1976" lon="22.6641">
        <ele>601.4</ele>
      </trkpt>
      <trkpt lat="49.19719" lon="22.663525">
        <ele>600.9</ele>
      </trkpt>
      <trkpt lat="49.19678" lon="22.66295">
        <ele>600.5</ele>
      </trkpt>
      <trkpt lat="49.19662" lon="22.66268">
        <ele>600.3</ele>
      </trkpt>
      <trkpt lat="49.19655" lon="22.66248">
        <ele>600.3</ele>
      </trkpt>
      <trkpt lat="49.19654" lon="22.66225">
        <ele>600.3</ele>
      </trkpt>
      <trkpt lat="49.19659" lon="22.66208">
        <ele>600.6</ele>
      </trkpt>
      <trkpt lat="49.19664" lon="22.66202">
        <ele>600.6</ele>
      </trkpt>
      <trkpt lat="49.19669" lon="22.662">
        <ele>600.6</ele>
      </trkpt>
      <trkpt lat="49.19678" lon="22.66201">
        <ele>600.6</ele>
      </trkpt>
      <trkpt lat="49.19699" lon="22.66213">
        <ele>600.6</ele>
      </trkpt>
      <trkpt lat="49.19736" lon="22.66228">
        <ele>601.3</ele>
      </trkpt>
      <trkpt lat="49.19749" lon="22.66238">
        <ele>601.6</ele>
      </trkpt>
      <trkpt lat="49.19772" lon="22.66261">
        <ele>602.3</ele>
      </trkpt>
      <trkpt lat="49.19782" lon="22.66269">
        <ele>602.4</ele>
      </trkpt>
      <trkpt lat="49.19837" lon="22.66289">
        <ele>601.8</ele>
      </trkpt>
      <trkpt lat="49.19855" lon="22.66291">
        <ele>601.3</ele>
      </trkpt>
      <trkpt lat="49.19884" lon="22.66288">
        <ele>599.9</ele>
      </trkpt>
      <trkpt lat="49.19919" lon="22.6629">
        <ele>598.8</ele>
      </trkpt>
      <trkpt lat="49.19937" lon="22.66287">
        <ele>598.5</ele>
      </trkpt>
      <trkpt lat="49.19957" lon="22.66279">
        <ele>598.2</ele>
      </trkpt>
      <trkpt lat="49.19985" lon="22.66254">
        <ele>596.7</ele>
      </trkpt>
      <trkpt lat="49.19991" lon="22.66243">
        <ele>596.3</ele>
      </trkpt>
      <trkpt lat="49.19996" lon="22.66216">
        <ele>594.7</ele>
      </trkpt>
      <trkpt lat="49.19993" lon="22.66188">
        <ele>594.7</ele>
      </trkpt>
      <trkpt lat="49.19972" lon="22.66108">
        <ele>592.0</ele>
      </trkpt>
      <trkpt lat="49.19954" lon="22.66011">
        <ele>590.1</ele>
      </trkpt>
      <trkpt lat="49.19938" lon="22.65965">
        <ele>589.4</ele>
      </trkpt>
      <trkpt lat="49.19925" lon="22.6589">
        <ele>587.5</ele>
      </trkpt>
      <trkpt lat="49.19925" lon="22.6587">
        <ele>586.5</ele>
      </trkpt>
      <trkpt lat="49.19929" lon="22.65852">
        <ele>586.2</ele>
      </trkpt>
      <trkpt lat="49.19934" lon="22.65843">
        <ele>586.0</ele>
      </trkpt>
      <trkpt lat="49.19944" lon="22.65835">
        <ele>586.0</ele>
      </trkpt>
      <trkpt lat="49.19952" lon="22.65833">
        <ele>586.0</ele>
      </trkpt>
      <trkpt lat="49.1996" lon="22.65837">
        <ele>586.0</ele>
      </trkpt>
      <trkpt lat="49.19968" lon="22.65854">
        <ele>586.6</ele>
      </trkpt>
      <trkpt lat="49.19972" lon="22.65848">
        <ele>586.9</ele>
      </trkpt>
      <trkpt lat="49.19978" lon="22.65846">
        <ele>587.5</ele>
      </trkpt>
      <trkpt lat="49.19985" lon="22.65848">
        <ele>587.8</ele>
      </trkpt>
      <trkpt lat="49.200265" lon="22.658885">
        <ele>592.3</ele>
      </trkpt>
      <trkpt lat="49.20068" lon="22.65929">
        <ele>595.8</ele>
      </trkpt>
      <trkpt lat="49.20115" lon="22.659815">
        <ele>601.2</ele>
      </trkpt>
      <trkpt lat="49.20162" lon="22.66034">
        <ele>604.6</ele>
      </trkpt>
      <trkpt lat="49.20205" lon="22.66057">
        <ele>605.4</ele>
      </trkpt>
      <trkpt lat="49.20248" lon="22.6608">
        <ele>605.5</ele>
      </trkpt>
      <trkpt lat="49.20259" lon="22.6608">
        <ele>605.5</ele>
      </trkpt>
      <trkpt lat="49.20264" lon="22.66077">
        <ele>605.3</ele>
      </trkpt>
      <trkpt lat="49.20266" lon="22.66072">
        <ele>605.3</ele>
      </trkpt>
      <trkpt lat="49.2027" lon="22.66056">
        <ele>604.5</ele>
      </trkpt>
      <trkpt lat="49.20266" lon="22.65994">
        <ele>601.8</ele>
      </trkpt>
      <trkpt lat="49.20267" lon="22.6595">
        <ele>600.5</ele>
      </trkpt>
      <trkpt lat="49.20259" lon="22.65853">
        <ele>597.9</ele>
      </trkpt>
      <trkpt lat="49.20263" lon="22.65819">
        <ele>596.6</ele>
      </trkpt>
      <trkpt lat="49.2028" lon="22.65753">
        <ele>593.1</ele>
      </trkpt>
      <trkpt lat="49.20297" lon="22.65636">
        <ele>587.4</ele>
      </trkpt>
      <trkpt lat="49.20287" lon="22.65503">
        <ele>582.8</ele>
      </trkpt>
      <trkpt lat="49.20287" lon="22.65475">
        <ele>582.2</ele>
      </trkpt>
      <trkpt lat="49.20301" lon="22.65387">
        <ele>577.2</ele>
      </trkpt>
      <trkpt lat="49.20328" lon="22.65295">
        <ele>574.4</ele>
      </trkpt>
      <trkpt lat="49.20335" lon="22.65258">
        <ele>574.0</ele>
      </trkpt>
      <trkpt lat="49.20353" lon="22.65191">
        <ele>572.2</ele>
      </trkpt>
      <trkpt lat="49.20371" lon="22.65124">
        <ele>569.5</ele>
      </trkpt>
      <trkpt lat="49.20381" lon="22.65094">
        <ele>569.1</ele>
      </trkpt>
      <trkpt lat="49.20391" lon="22.65074">
        <ele>569.1</ele>
      </trkpt>
      <trkpt lat="49.20413" lon="22.65046">
        <ele>568.9</ele>
      </trkpt>
      <trkpt lat="49.20418" lon="22.65023">
        <ele>568.5</ele>
      </trkpt>
      <trkpt lat="49.20403" lon="22.64997">
        <ele>567.1</ele>
      </trkpt>
      <trkpt lat="49.20332" lon="22.64919">
        <ele>562.9</ele>
      </trkpt>
      <trkpt lat="49.20282" lon="22.64858">
        <ele>559.7</ele>
      </trkpt>
      <trkpt lat="49.20271" lon="22.64841">
        <ele>559.4</ele>
      </trkpt>
      <trkpt lat="49.20268" lon="22.64828">
        <ele>559.4</ele>
      </trkpt>
      <trkpt lat="49.20268" lon="22.64815">
        <ele>559.5</ele>
      </trkpt>
      <trkpt lat="49.20283" lon="22.64802">
        <ele>560.3</ele>
      </trkpt>
      <trkpt lat="49.20305" lon="22.64797">
        <ele>562.0</ele>
      </trkpt>
      <trkpt lat="49.20391" lon="22.64814">
        <ele>562.9</ele>
      </trkpt>
      <trkpt lat="49.20442" lon="22.64835">
        <ele>563.7</ele>
      </trkpt>
      <trkpt lat="49.204875" lon="22.64849">
        <ele>563.9</ele>
      </trkpt>
      <trkpt lat="49.20533" lon="22.64863">
        <ele>564.4</ele>
      </trkpt>
      <trkpt lat="49.20577" lon="22.64867">
        <ele>565.4</ele>
      </trkpt>
      <trkpt lat="49.20587" lon="22.64862">
        <ele>565.5</ele>
      </trkpt>
      <trkpt lat="49.20594" lon="22.64853">
        <ele>565.4</ele>
      </trkpt>
      <trkpt lat="49.20595" lon="22.64822">
        <ele>564.8</ele>
      </trkpt>
      <trkpt lat="49.20585" lon="22.64774">
        <ele>564.0</ele>
      </trkpt>
      <trkpt lat="49.20572" lon="22.64731">
        <ele>562.4</ele>
      </trkpt>
      <trkpt lat="49.205425" lon="22.6461">
        <ele>559.0</ele>
      </trkpt>
      <trkpt lat="49.20513" lon="22.64489">
        <ele>553.3</ele>
      </trkpt>
      <trkpt lat="49.2051" lon="22.64468">
        <ele>552.5</ele>
      </trkpt>
      <trkpt lat="49.20514" lon="22.64454">
        <ele>552.1</ele>
      </trkpt>
      <trkpt lat="49.2052" lon="22.64447">
        <ele>552.3</ele>
      </trkpt>
      <trkpt lat="49.20537" lon="22.64448">
        <ele>553.2</ele>
      </trkpt>
      <trkpt lat="49.20552" lon="22.64458">
        <ele>554.8</ele>
      </trkpt>
      <trkpt lat="49.20616" lon="22.64519">
        <ele>560.6</ele>
      </trkpt>
      <trkpt lat="49.20669" lon="22.64565">
        <ele>563.3</ele>
      </trkpt>
      <trkpt lat="49.20722" lon="22.64611">
        <ele>563.3</ele>
      </trkpt>
      <trkpt lat="49.20766" lon="22.64715">
        <ele>560.1</ele>
      </trkpt>
      <trkpt lat="49.20779" lon="22.64725">
        <ele>558.6</ele>
      </trkpt>
      <trkpt lat="49.2079" lon="22.6473">
        <ele>558.0</ele>
      </trkpt>
      <trkpt lat="49.20802" lon="22.64728">
        <ele>557.2</ele>
      </trkpt>
      <trkpt lat="49.20885" lon="22.6469">
        <ele>557.9</ele>
      </trkpt>
      <trkpt lat="49.20912" lon="22.64671">
        <ele>557.7</ele>
      </trkpt>
      <trkpt lat="49.20965" lon="22.64666">
        <ele>557.1</ele>
      </trkpt>
      <trkpt lat="49.20983" lon="22.64671">
        <ele>555.6</ele>
      </trkpt>
      <trkpt lat="49.21008" lon="22.64671">
        <ele>554.7</ele>
      </trkpt>
      <trkpt lat="49.21069" lon="22.64663">
        <ele>551.5</ele>
      </trkpt>
      <trkpt lat="49.21102" lon="22.64682">
        <ele>547.6</ele>
      </trkpt>
      <trkpt lat="49.21111" lon="22.64684">
        <ele>546.8</ele>
      </trkpt>
      <trkpt lat="49.21123" lon="22.64681">
        <ele>546.1</ele>
      </trkpt>
      <trkpt lat="49.21138" lon="22.64664">
        <ele>545.1</ele>
      </trkpt>
      <trkpt lat="49.21179" lon="22.646095">
        <ele>540.1</ele>
      </trkpt>
      <trkpt lat="49.2122" lon="22.64555">
        <ele>536.2</ele>
      </trkpt>
      <trkpt lat="49.21268" lon="22.64506">
        <ele>534.1</ele>
      </trkpt>
      <trkpt lat="49.21311" lon="22.64449">
        <ele>534.5</ele>
      </trkpt>
      <trkpt lat="49.21326" lon="22.64419">
        <ele>535.1</ele>
      </trkpt>
      <trkpt lat="49.21364" lon="22.643725">
        <ele>537.5</ele>
      </trkpt>
      <trkpt lat="49.21402" lon="22.64326">
        <ele>539.1</ele>
      </trkpt>
      <trkpt lat="49.21426" lon="22.64281">
        <ele>539.7</ele>
      </trkpt>
      <trkpt lat="49.21442" lon="22.64246">
        <ele>541.0</ele>
      </trkpt>
      <trkpt lat="49.21469" lon="22.64174">
        <ele>542.5</ele>
      </trkpt>
      <trkpt lat="49.21489" lon="22.64106">
        <ele>542.6</ele>
      </trkpt>
      <trkpt lat="49.21522" lon="22.64029">
        <ele>543.0</ele>
      </trkpt>
      <trkpt lat="49.21545" lon="22.63954">
        <ele>544.5</ele>
      </trkpt>
      <trkpt lat="49.21589" lon="22.638435">
        <ele>546.2</ele>
      </trkpt>
      <trkpt lat="49.21633" lon="22.63733">
        <ele>547.9</ele>
      </trkpt>
      <trkpt lat="49.2167" lon="22.63635">
        <ele>547.9</ele>
      </trkpt>
      <trkpt lat="49.21707" lon="22.63537">
        <ele>544.7</ele>
      </trkpt>
      <trkpt lat="49.21727" lon="22.634675">
        <ele>543.9</ele>
      </trkpt>
      <trkpt lat="49.21747" lon="22.63398">
        <ele>542.8</ele>
      </trkpt>
      <trkpt lat="49.21747" lon="22.63372">
        <ele>542.8</ele>
      </trkpt>
      <trkpt lat="49.21729" lon="22.632975">
        <ele>543.1</ele>
      </trkpt>
      <trkpt lat="49.21711" lon="22.63223">
        <ele>541.2</ele>
      </trkpt>
      <trkpt lat="49.21688" lon="22.63149">
        <ele>538.4</ele>
      </trkpt>
      <trkpt lat="49.21666" lon="22.6312">
        <ele>537.3</ele>
      </trkpt>
      <trkpt lat="49.21597" lon="22.6307">
        <ele>536.1</ele>
      </trkpt>
      <trkpt lat="49.21589" lon="22.63061">
        <ele>534.6</ele>
      </trkpt>
      <trkpt lat="49.21583" lon="22.63051">
        <ele>533.8</ele>
      </trkpt>
      <trkpt lat="49.21579" lon="22.63032">
        <ele>532.9</ele>
      </trkpt>
      <trkpt lat="49.21583" lon="22.63013">
        <ele>531.3</ele>
      </trkpt>
      <trkpt lat="49.21544" lon="22.62993">
        <ele>531.7</ele>
      </trkpt>
      <trkpt lat="49.21524" lon="22.62977">
        <ele>531.8</ele>
      </trkpt>
      <trkpt lat="49.21501" lon="22.62946">
        <ele>531.9</ele>
      </trkpt>
      <trkpt lat="49.21438" lon="22.62853">
        <ele>532.4</ele>
      </trkpt>
      <trkpt lat="49.21429" lon="22.62843">
        <ele>532.4</ele>
      </trkpt>
      <trkpt lat="49.21405" lon="22.62825">
        <ele>532.7</ele>
      </trkpt>
      <trkpt lat="49.213334" lon="22.627982">
        <ele>534.5</ele>
      </trkpt>
      <trkpt lat="49.212618" lon="22.627714">
        <ele>537.0</ele>
      </trkpt>
      <trkpt lat="49.211902" lon="22.627446">
        <ele>537.2</ele>
      </trkpt>
      <trkpt lat="49.211186" lon="22.627178">
        <ele>537.5</ele>
      </trkpt>
      <trkpt lat="49.21047" lon="22.62691">
        <ele>538.9</ele>
      </trkpt>
      <trkpt lat="49.21001" lon="22.62684">
        <ele>540.3</ele>
      </trkpt>
      <trkpt lat="49.209515" lon="22.626795">
        <ele>540.9</ele>
      </trkpt>
      <trkpt lat="49.20902" lon="22.62675">
        <ele>541.4</ele>
      </trkpt>
      <trkpt lat="49.20884" lon="22.62668">
        <ele>541.8</ele>
      </trkpt>
      <trkpt lat="49.20871" lon="22.62661">
        <ele>542.2</ele>
      </trkpt>
      <trkpt lat="49.207943" lon="22.626055">
        <ele>544.4</ele>
      </trkpt>
      <trkpt lat="49.207175" lon="22.6255">
        <ele>545.8</ele>
      </trkpt>
      <trkpt lat="49.206408" lon="22.624945">
        <ele>545.7</ele>
      </trkpt>
      <trkpt lat="49.20564" lon="22.62439">
        <ele>544.0</ele>
      </trkpt>
      <trkpt lat="49.20503" lon="22.62397">
        <ele>543.7</ele>
      </trkpt>
      <trkpt lat="49.20442" lon="22.62355">
        <ele>544.8</ele>
      </trkpt>
      <trkpt lat="49.20412" lon="22.62345">
        <ele>545.5</ele>
      </trkpt>
      <trkpt lat="49.20366" lon="22.62341">
        <ele>546.3</ele>
      </trkpt>
      <trkpt lat="49.2032" lon="22.62337">
        <ele>546.2</ele>
      </trkpt>
      <trkpt lat="49.20291" lon="22.6233">
        <ele>545.3</ele>
      </trkpt>
      <trkpt lat="49.20276" lon="22.62321">
        <ele>545.0</ele>
      </trkpt>
      <trkpt lat="49.20197" lon="22.62265">
        <ele>547.0</ele>
      </trkpt>
      <trkpt lat="49.20176" lon="22.62252">
        <ele>548.8</ele>
      </trkpt>
      <trkpt lat="49.20159" lon="22.62248">
        <ele>550.5</ele>
      </trkpt>
      <trkpt lat="49.200967" lon="22.622497">
        <ele>553.5</ele>
      </trkpt>
      <trkpt lat="49.200343" lon="22.622513">
        <ele>556.0</ele>
      </trkpt>
      <trkpt lat="49.19972" lon="22.62253">
        <ele>557.0</ele>
      </trkpt>
      <trkpt lat="49.19949" lon="22.62247">
        <ele>557.1</ele>
      </trkpt>
      <trkpt lat="49.19933" lon="22.62236">
        <ele>557.2</ele>
      </trkpt>
      <trkpt lat="49.19922" lon="22.62226">
        <ele>557.4</ele>
      </trkpt>
      <trkpt lat="49.19892" lon="22.62191">
        <ele>558.3</ele>
      </trkpt>
      <trkpt lat="49.19873" lon="22.62172">
        <ele>559.6</ele>
      </trkpt>
      <trkpt lat="49.19853" lon="22.6216">
        <ele>560.3</ele>
      </trkpt>
      <trkpt lat="49.19801" lon="22.62152">
        <ele>561.3</ele>
      </trkpt>
      <trkpt lat="49.19751" lon="22.62148">
        <ele>562.2</ele>
      </trkpt>
      <trkpt lat="49.19729" lon="22.62144">
        <ele>562.9</ele>
      </trkpt>
      <trkpt lat="49.19722" lon="22.6214">
        <ele>562.9</ele>
      </trkpt>
      <trkpt lat="49.19708" lon="22.62126">
        <ele>563.3</ele>
      </trkpt>
      <trkpt lat="49.19666" lon="22.62071">
        <ele>564.2</ele>
      </trkpt>
      <trkpt lat="49.19641" lon="22.62043">
        <ele>565.2</ele>
      </trkpt>
      <trkpt lat="49.19615" lon="22.62024">
        <ele>565.8</ele>
      </trkpt>
      <trkpt lat="49.19597" lon="22.62016">
        <ele>566.2</ele>
      </trkpt>
      <trkpt lat="49.19579" lon="22.62012">
        <ele>566.2</ele>
      </trkpt>
      <trkpt lat="49.195185" lon="22.620095">
        <ele>568.3</ele>
      </trkpt>
      <trkpt lat="49.19458" lon="22.62007">
        <ele>570.0</ele>
      </trkpt>
      <trkpt lat="49.19436" lon="22.61999">
        <ele>570.4</ele>
      </trkpt>
      <trkpt lat="49.19426" lon="22.61986">
        <ele>570.5</ele>
      </trkpt>
      <trkpt lat="49.19421" lon="22.61974">
        <ele>570.6</ele>
      </trkpt>
      <trkpt lat="49.193838" lon="22.618572">
        <ele>571.7</ele>
      </trkpt>
      <trkpt lat="49.193465" lon="22.617405">
        <ele>573.7</ele>
      </trkpt>
      <trkpt lat="49.193093" lon="22.616237">
        <ele>575.4</ele>
      </trkpt>
      <trkpt lat="49.19272" lon="22.61507">
        <ele>575.8</ele>
      </trkpt>
      <trkpt lat="49.19232" lon="22.61392">
        <ele>575.1</ele>
      </trkpt>
      <trkpt lat="49.19202" lon="22.6133">
        <ele>575.0</ele>
      </trkpt>
      <trkpt lat="49.19192" lon="22.61302">
        <ele>575.0</ele>
      </trkpt>
      <trkpt lat="49.19184" lon="22.61273">
        <ele>575.0</ele>
      </trkpt>
      <trkpt lat="49.19178" lon="22.61214">
        <ele>575.3</ele>
      </trkpt>
      <trkpt lat="49.19173" lon="22.61177">
        <ele>576.6</ele>
      </trkpt>
      <trkpt lat="49.19165" lon="22.61152">
        <ele>577.3</ele>
      </trkpt>
      <trkpt lat="49.19144" lon="22.61117">
        <ele>580.6</ele>
      </trkpt>
      <trkpt lat="49.19105" lon="22.61058">
        <ele>583.4</ele>
      </trkpt>
      <trkpt lat="49.19066" lon="22.60999">
        <ele>585.0</ele>
      </trkpt>
      <trkpt lat="49.19043" lon="22.60979">
        <ele>585.7</ele>
      </trkpt>
      <trkpt lat="49.19021" lon="22.60975">
        <ele>586.4</ele>
      </trkpt>
      <trkpt lat="49.19001" lon="22.6098">
        <ele>586.9</ele>
      </trkpt>
      <trkpt lat="49.18921" lon="22.61032">
        <ele>588.3</ele>
      </trkpt>
      <trkpt lat="49.18839" lon="22.61071">
        <ele>589.7</ele>
      </trkpt>
      <trkpt lat="49.18789" lon="22.61085">
        <ele>591.0</ele>
      </trkpt>
      <trkpt lat="49.18743" lon="22.610825">
        <ele>592.0</ele>
      </trkpt>
      <trkpt lat="49.18697" lon="22.6108">
        <ele>593.6</ele>
      </trkpt>
      <trkpt lat="49.18654" lon="22.61064">
        <ele>594.7</ele>
      </trkpt>
      <trkpt lat="49.1863" lon="22.61046">
        <ele>595.1</ele>
      </trkpt>
      <trkpt lat="49.185905" lon="22.60995">
        <ele>595.9</ele>
      </trkpt>
      <trkpt lat="49.18551" lon="22.60944">
        <ele>596.0</ele>
      </trkpt>
      <trkpt lat="49.18537" lon="22.6091">
        <ele>596.1</ele>
      </trkpt>
      <trkpt lat="49.1853" lon="22.60878">
        <ele>596.3</ele>
      </trkpt>
      <trkpt lat="49.1852" lon="22.607955">
        <ele>596.9</ele>
      </trkpt>
      <trkpt lat="49.1851" lon="22.60713">
        <ele>597.8</ele>
      </trkpt>
      <trkpt lat="49.18506" lon="22.60693">
        <ele>597.8</ele>
      </trkpt>
      <trkpt lat="49.18497" lon="22.60665">
        <ele>598.6</ele>
      </trkpt>
      <trkpt lat="49.184585" lon="22.605835">
        <ele>599.9</ele>
      </trkpt>
      <trkpt lat="49.1842" lon="22.60502">
        <ele>602.1</ele>
      </trkpt>
      <trkpt lat="49.18403" lon="22.60473">
        <ele>602.3</ele>
      </trkpt>
      <trkpt lat="49.18386" lon="22.60453">
        <ele>603.1</ele>
      </trkpt>
      <trkpt lat="49.18366" lon="22.60433">
        <ele>603.1</ele>
      </trkpt>
      <trkpt lat="49.18353" lon="22.60424">
        <ele>603.5</ele>
      </trkpt>
      <trkpt lat="49.18345" lon="22.60421">
        <ele>603.5</ele>
      </trkpt>
      <trkpt lat="49.18328" lon="22.60418">
        <ele>604.0</ele>
      </trkpt>
      <trkpt lat="49.18282" lon="22.6042">
        <ele>605.5</ele>
      </trkpt>
      <trkpt lat="49.18253" lon="22.60417">
        <ele>606.0</ele>
      </trkpt>
      <trkpt lat="49.18217" lon="22.60404">
        <ele>606.7</ele>
      </trkpt>
      <trkpt lat="49.181563" lon="22.603853">
        <ele>608.0</ele>
      </trkpt>
      <trkpt lat="49.180957" lon="22.603667">
        <ele>609.2</ele>
      </trkpt>
      <trkpt lat="49.18035" lon="22.60348">
        <ele>610.3</ele>
      </trkpt>
      <trkpt lat="49.17987" lon="22.60323">
        <ele>612.0</ele>
      </trkpt>
      <trkpt lat="49.17993" lon="22.60238">
        <ele>616.6</ele>
      </trkpt>
      <trkpt lat="49.17973" lon="22.60113">
        <ele>623.0</ele>
      </trkpt>
      <trkpt lat="49.17971" lon="22.60068">
        <ele>626.0</ele>
      </trkpt>
      <trkpt lat="49.17975" lon="22.60009">
        <ele>629.6</ele>
      </trkpt>
      <trkpt lat="49.17986" lon="22.59927">
        <ele>633.4</ele>
      </trkpt>
      <trkpt lat="49.18006" lon="22.59796">
        <ele>640.1</ele>
      </trkpt>
      <trkpt lat="49.18026" lon="22.59665">
        <ele>649.7</ele>
      </trkpt>
      <trkpt lat="49.18031" lon="22.59592">
        <ele>652.5</ele>
      </trkpt>
      <trkpt lat="49.18029" lon="22.59533">
        <ele>655.0</ele>
      </trkpt>
      <trkpt lat="49.18021" lon="22.59412">
        <ele>660.1</ele>
      </trkpt>
      <trkpt lat="49.18027" lon="22.59387">
        <ele>660.9</ele>
      </trkpt>
      <trkpt lat="49.18035" lon="22.5938">
        <ele>661.7</ele>
      </trkpt>
      <trkpt lat="49.18046" lon="22.59376">
        <ele>662.1</ele>
      </trkpt>
      <trkpt lat="49.18057" lon="22.59382">
        <ele>663.8</ele>
      </trkpt>
      <trkpt lat="49.18064" lon="22.59393">
        <ele>664.5</ele>
      </trkpt>
      <trkpt lat="49.18068" lon="22.59416">
        <ele>665.4</ele>
      </trkpt>
      <trkpt lat="49.1807" lon="22.59501">
        <ele>666.0</ele>
      </trkpt>
      <trkpt lat="49.18093" lon="22.59631">
        <ele>669.1</ele>
      </trkpt>
      <trkpt lat="49.18098" lon="22.59647">
        <ele>670.2</ele>
      </trkpt>
      <trkpt lat="49.18103" lon="22.59674">
        <ele>670.2</ele>
      </trkpt>
      <trkpt lat="49.18116" lon="22.59791">
        <ele>676.4</ele>
      </trkpt>
      <trkpt lat="49.18121" lon="22.59898">
        <ele>683.6</ele>
      </trkpt>
      <trkpt lat="49.18127" lon="22.59913">
        <ele>684.3</ele>
      </trkpt>
      <trkpt lat="49.18135" lon="22.59918">
        <ele>684.9</ele>
      </trkpt>
      <trkpt lat="49.18142" lon="22.59917">
        <ele>685.3</ele>
      </trkpt>
      <trkpt lat="49.18149" lon="22.5991">
        <ele>685.7</ele>
      </trkpt>
      <trkpt lat="49.18161" lon="22.59886">
        <ele>686.3</ele>
      </trkpt>
      <trkpt lat="49.18183" lon="22.59808">
        <ele>690.0</ele>
      </trkpt>
      <trkpt lat="49.18197" lon="22.59769">
        <ele>692.3</ele>
      </trkpt>
      <trkpt lat="49.18211" lon="22.59743">
        <ele>693.0</ele>
      </trkpt>
      <trkpt lat="49.1824" lon="22.59711">
        <ele>697.3</ele>
      </trkpt>
      <trkpt lat="49.18263" lon="22.59678">
        <ele>697.9</ele>
      </trkpt>
      <trkpt lat="49.18288" lon="22.5965">
        <ele>701.1</ele>
      </trkpt>
      <trkpt lat="49.18317" lon="22.59624">
        <ele>703.6</ele>
      </trkpt>
      <trkpt lat="49.1833" lon="22.59615">
        <ele>704.0</ele>
      </trkpt>
      <trkpt lat="49.18338" lon="22.59616">
        <ele>704.3</ele>
      </trkpt>
      <trkpt lat="49.18344" lon="22.5962">
        <ele>704.5</ele>
      </trkpt>
      <trkpt lat="49.18346" lon="22.59626">
        <ele>704.5</ele>
      </trkpt>
      <trkpt lat="49.18346" lon="22.59634">
        <ele>704.5</ele>
      </trkpt>
      <trkpt lat="49.18326" lon="22.59696">
        <ele>706.1</ele>
      </trkpt>
      <trkpt lat="49.18321" lon="22.59719">
        <ele>706.7</ele>
      </trkpt>
      <trkpt lat="49.1832" lon="22.59784">
        <ele>707.6</ele>
      </trkpt>
      <trkpt lat="49.18329" lon="22.59859">
        <ele>709.7</ele>
      </trkpt>
      <trkpt lat="49.18335" lon="22.59882">
        <ele>709.8</ele>
      </trkpt>
      <trkpt lat="49.18342" lon="22.59896">
        <ele>710.1</ele>
      </trkpt>
      <trkpt lat="49.1836" lon="22.59919">
        <ele>711.1</ele>
      </trkpt>
      <trkpt lat="49.18376" lon="22.5995">
        <ele>711.8</ele>
      </trkpt>
      <trkpt lat="49.183985" lon="22.600095">
        <ele>714.3</ele>
      </trkpt>
      <trkpt lat="49.18421" lon="22.60069">
        <ele>716.6</ele>
      </trkpt>
      <trkpt lat="49.18433" lon="22.60088">
        <ele>717.6</ele>
      </trkpt>
      <trkpt lat="49.18474" lon="22.6013">
        <ele>718.9</ele>
      </trkpt>
      <trkpt lat="49.18492" lon="22.60151">
        <ele>719.4</ele>
      </trkpt>
      <trkpt lat="49.18543" lon="22.60232">
        <ele>718.7</ele>
      </trkpt>
      <trkpt lat="49.18563" lon="22.60288">
        <ele>717.6</ele>
      </trkpt>
      <trkpt lat="49.18594" lon="22.60338">
        <ele>717.5</ele>
      </trkpt>
      <trkpt lat="49.186" lon="22.60344">
        <ele>717.5</ele>
      </trkpt>
      <trkpt lat="49.18608" lon="22.60342">
        <ele>717.5</ele>
      </trkpt>
      <trkpt lat="49.18613" lon="22.60335">
        <ele>717.6</ele>
      </trkpt>
      <trkpt lat="49.18636" lon="22.60269">
        <ele>719.9</ele>
      </trkpt>
      <trkpt lat="49.18645" lon="22.6025">
        <ele>720.2</ele>
      </trkpt>
      <trkpt lat="49.18654" lon="22.60241">
        <ele>721.2</ele>
      </trkpt>
      <trkpt lat="49.18692" lon="22.60216">
        <ele>724.4</ele>
      </trkpt>
      <trkpt lat="49.18722" lon="22.60199">
        <ele>727.1</ele>
      </trkpt>
      <trkpt lat="49.18736" lon="22.60193">
        <ele>727.9</ele>
      </trkpt>
      <trkpt lat="49.18745" lon="22.60193">
        <ele>727.9</ele>
      </trkpt>
      <trkpt lat="49.18763" lon="22.60205">
        <ele>727.3</ele>
      </trkpt>
      <trkpt lat="49.1877" lon="22.60217">
        <ele>727.3</ele>
      </trkpt>
      <trkpt lat="49.18785" lon="22.60258">
        <ele>725.3</ele>
      </trkpt>
      <trkpt lat="49.18792" lon="22.60293">
        <ele>724.5</ele>
      </trkpt>
      <trkpt lat="49.18794" lon="22.60329">
        <ele>723.1</ele>
      </trkpt>
      <trkpt lat="49.18793" lon="22.60365">
        <ele>720.4</ele>
      </trkpt>
      <trkpt lat="49.18794" lon="22.60382">
        <ele>719.5</ele>
      </trkpt>
      <trkpt lat="49.18799" lon="22.60393">
        <ele>719.0</ele>
      </trkpt>
      <trkpt lat="49.18804" lon="22.60398">
        <ele>718.0</ele>
      </trkpt>
      <trkpt lat="49.18829" lon="22.60402">
        <ele>715.9</ele>
      </trkpt>
      <trkpt lat="49.18843" lon="22.60408">
        <ele>715.2</ele>
      </trkpt>
      <trkpt lat="49.18881" lon="22.60444">
        <ele>713.3</ele>
      </trkpt>
      <trkpt lat="49.18901" lon="22.60461">
        <ele>711.7</ele>
      </trkpt>
      <trkpt lat="49.18917" lon="22.60471">
        <ele>711.1</ele>
      </trkpt>
      <trkpt lat="49.18926" lon="22.60484">
        <ele>710.7</ele>
      </trkpt>
      <trkpt lat="49.18931" lon="22.60503">
        <ele>710.3</ele>
      </trkpt>
      <trkpt lat="49.18936" lon="22.60566">
        <ele>707.7</ele>
      </trkpt>
      <trkpt lat="49.18945" lon="22.6058">
        <ele>706.7</ele>
      </trkpt>
      <trkpt lat="49.18956" lon="22.60593">
        <ele>705.2</ele>
      </trkpt>
      <trkpt lat="49.18967" lon="22.60597">
        <ele>705.2</ele>
      </trkpt>
      <trkpt lat="49.19034" lon="22.60613">
        <ele>700.2</ele>
      </trkpt>
      <trkpt lat="49.19046" lon="22.60621">
        <ele>699.4</ele>
      </trkpt>
      <trkpt lat="49.19057" lon="22.60633">
        <ele>698.8</ele>
      </trkpt>
      <trkpt lat="49.19071" lon="22.60657">
        <ele>697.9</ele>
      </trkpt>
      <trkpt lat="49.19091" lon="22.6068">
        <ele>695.9</ele>
      </trkpt>
      <trkpt lat="49.19106" lon="22.60701">
        <ele>695.0</ele>
      </trkpt>
      <trkpt lat="49.1913" lon="22.60719">
        <ele>693.1</ele>
      </trkpt>
      <trkpt lat="49.19159" lon="22.60755">
        <ele>691.5</ele>
      </trkpt>
      <trkpt lat="49.19195" lon="22.60814">
        <ele>693.8</ele>
      </trkpt>
      <trkpt lat="49.19212" lon="22.60835">
        <ele>695.8</ele>
      </trkpt>
      <trkpt lat="49.19231" lon="22.60853">
        <ele>697.0</ele>
      </trkpt>
      <trkpt lat="49.1924" lon="22.60856">
        <ele>697.0</ele>
      </trkpt>
      <trkpt lat="49.1925" lon="22.60851">
        <ele>697.4</ele>
      </trkpt>
      <trkpt lat="49.19259" lon="22.60841">
        <ele>698.0</ele>
      </trkpt>
      <trkpt lat="49.19267" lon="22.6082">
        <ele>698.3</ele>
      </trkpt>
      <trkpt lat="49.1928" lon="22.60761">
        <ele>700.9</ele>
      </trkpt>
      <trkpt lat="49.19291" lon="22.60679">
        <ele>704.8</ele>
      </trkpt>
      <trkpt lat="49.19293" lon="22.60647">
        <ele>706.3</ele>
      </trkpt>
      <trkpt lat="49.192905" lon="22.60572">
        <ele>709.5</ele>
      </trkpt>
      <trkpt lat="49.19288" lon="22.60497">
        <ele>713.4</ele>
      </trkpt>
      <trkpt lat="49.19293" lon="22.60462">
        <ele>714.8</ele>
      </trkpt>
      <trkpt lat="49.19304" lon="22.60421">
        <ele>716.1</ele>
      </trkpt>
      <trkpt lat="49.193335" lon="22.603375">
        <ele>718.5</ele>
      </trkpt>
      <trkpt lat="49.19363" lon="22.60254">
        <ele>722.4</ele>
      </trkpt>
      <trkpt lat="49.1938" lon="22.60227">
        <ele>723.1</ele>
      </trkpt>
      <trkpt lat="49.19393" lon="22.60195">
        <ele>723.9</ele>
      </trkpt>
      <trkpt lat="49.19397" lon="22.60173">
        <ele>725.1</ele>
      </trkpt>
      <trkpt lat="49.19397" lon="22.60151">
        <ele>725.8</ele>
      </trkpt>
      <trkpt lat="49.19395" lon="22.60134">
        <ele>727.0</ele>
      </trkpt>
      <trkpt lat="49.19384" lon="22.60106">
        <ele>728.7</ele>
      </trkpt>
      <trkpt lat="49.19369" lon="22.60045">
        <ele>730.9</ele>
      </trkpt>
      <trkpt lat="49.19334" lon="22.59942">
        <ele>734.4</ele>
      </trkpt>
      <trkpt lat="49.1933" lon="22.59914">
        <ele>734.9</ele>
      </trkpt>
      <trkpt lat="49.19327" lon="22.5985">
        <ele>734.6</ele>
      </trkpt>
      <trkpt lat="49.19329" lon="22.59834">
        <ele>734.5</ele>
      </trkpt>
      <trkpt lat="49.19335" lon="22.59823">
        <ele>734.8</ele>
      </trkpt>
      <trkpt lat="49.19341" lon="22.59821">
        <ele>735.0</ele>
      </trkpt>
      <trkpt lat="49.1935" lon="22.59823">
        <ele>735.3</ele>
      </trkpt>
      <trkpt lat="49.19371" lon="22.59841">
        <ele>737.3</ele>
      </trkpt>
      <trkpt lat="49.194075" lon="22.59884">
        <ele>740.6</ele>
      </trkpt>
      <trkpt lat="49.19444" lon="22.59927">
        <ele>742.4</ele>
      </trkpt>
      <trkpt lat="49.19463" lon="22.59945">
        <ele>743.0</ele>
      </trkpt>
      <trkpt lat="49.19483" lon="22.59977">
        <ele>744.8</ele>
      </trkpt>
      <trkpt lat="49.195" lon="22.59996">
        <ele>745.7</ele>
      </trkpt>
      <trkpt lat="49.19521" lon="22.60028">
        <ele>747.3</ele>
      </trkpt>
      <trkpt lat="49.19574" lon="22.60138">
        <ele>752.0</ele>
      </trkpt>
      <trkpt lat="49.19577" lon="22.60139">
        <ele>752.0</ele>
      </trkpt>
      <trkpt lat="49.19586" lon="22.60138">
        <ele>754.3</ele>
      </trkpt>
      <trkpt lat="49.19597" lon="22.60126">
        <ele>754.3</ele>
      </trkpt>
      <trkpt lat="49.1961" lon="22.60103">
        <ele>756.4</ele>
      </trkpt>
      <trkpt lat="49.19633" lon="22.60025">
        <ele>759.0</ele>
      </trkpt>
      <trkpt lat="49.196595" lon="22.59942">
        <ele>764.2</ele>
      </trkpt>
      <trkpt lat="49.19686" lon="22.59859">
        <ele>766.7</ele>
      </trkpt>
      <trkpt lat="49.19701" lon="22.59795">
        <ele>769.9</ele>
      </trkpt>
      <trkpt lat="49.19715" lon="22.5976">
        <ele>771.5</ele>
      </trkpt>
      <trkpt lat="49.19726" lon="22.59747">
        <ele>772.9</ele>
      </trkpt>
      <trkpt lat="49.1978" lon="22.59709">
        <ele>777.2</ele>
      </trkpt>
      <trkpt lat="49.19801" lon="22.59684">
        <ele>778.4</ele>
      </trkpt>
      <trkpt lat="49.19821" lon="22.59642">
        <ele>780.0</ele>
      </trkpt>
      <trkpt lat="49.19836" lon="22.59602">
        <ele>781.4</ele>
      </trkpt>
      <trkpt lat="49.19851" lon="22.59528">
        <ele>784.8</ele>
      </trkpt>
      <trkpt lat="49.198555" lon="22.59426">
        <ele>789.7</ele>
      </trkpt>
      <trkpt lat="49.1986" lon="22.59324">
        <ele>792.2</ele>
      </trkpt>
      <trkpt lat="49.19857" lon="22.59271">
        <ele>794.8</ele>
      </trkpt>
      <trkpt lat="49.1985" lon="22.59242">
        <ele>796.1</ele>
      </trkpt>
      <trkpt lat="49.19828" lon="22.59194">
        <ele>799.1</ele>
      </trkpt>
      <trkpt lat="49.19812" lon="22.59177">
        <ele>800.1</ele>
      </trkpt>
      <trkpt lat="49.19799" lon="22.59158">
        <ele>800.9</ele>
      </trkpt>
      <trkpt lat="49.19786" lon="22.59121">
        <ele>802.9</ele>
      </trkpt>
      <trkpt lat="49.19769" lon="22.59093">
        <ele>803.7</ele>
      </trkpt>
      <trkpt lat="49.19758" lon="22.59067">
        <ele>804.0</ele>
      </trkpt>
      <trkpt lat="49.19753" lon="22.59045">
        <ele>803.8</ele>
      </trkpt>
      <trkpt lat="49.19752" lon="22.59027">
        <ele>803.5</ele>
      </trkpt>
      <trkpt lat="49.19758" lon="22.5901">
        <ele>803.3</ele>
      </trkpt>
      <trkpt lat="49.19766" lon="22.59004">
        <ele>803.5</ele>
      </trkpt>
      <trkpt lat="49.19774" lon="22.59003">
        <ele>803.9</ele>
      </trkpt>
      <trkpt lat="49.19782" lon="22.59005">
        <ele>804.4</ele>
      </trkpt>
      <trkpt lat="49.1979" lon="22.59012">
        <ele>804.8</ele>
      </trkpt>
      <trkpt lat="49.19826" lon="22.59024">
        <ele>804.5</ele>
      </trkpt>
      <trkpt lat="49.19839" lon="22.59025">
        <ele>803.4</ele>
      </trkpt>
      <trkpt lat="49.19878" lon="22.59013">
        <ele>801.9</ele>
      </trkpt>
      <trkpt lat="49.19892" lon="22.59013">
        <ele>801.6</ele>
      </trkpt>
      <trkpt lat="49.19927" lon="22.59018">
        <ele>799.2</ele>
      </trkpt>
      <trkpt lat="49.19943" lon="22.59027">
        <ele>798.7</ele>
      </trkpt>
      <trkpt lat="49.2001" lon="22.59108">
        <ele>793.4</ele>
      </trkpt>
      <trkpt lat="49.20022" lon="22.59118">
        <ele>793.4</ele>
      </trkpt>
      <trkpt lat="49.20044" lon="22.59131">
        <ele>790.7</ele>
      </trkpt>
      <trkpt lat="49.2005" lon="22.59138">
        <ele>790.7</ele>
      </trkpt>
      <trkpt lat="49.20063" lon="22.59167">
        <ele>788.9</ele>
      </trkpt>
      <trkpt lat="49.20069" lon="22.59175">
        <ele>788.3</ele>
      </trkpt>
      <trkpt lat="49.20077" lon="22.59181">
        <ele>787.9</ele>
      </trkpt>
      <trkpt lat="49.20102" lon="22.59181">
        <ele>785.7</ele>
      </trkpt>
      <trkpt lat="49.20119" lon="22.59175">
        <ele>784.5</ele>
      </trkpt>
      <trkpt lat="49.20152" lon="22.59157">
        <ele>782.9</ele>
      </trkpt>
      <trkpt lat="49.20165" lon="22.59142">
        <ele>782.9</ele>
      </trkpt>
      <trkpt lat="49.20177" lon="22.59124">
        <ele>782.6</ele>
      </trkpt>
      <trkpt lat="49.202" lon="22.59064">
        <ele>781.1</ele>
      </trkpt>
      <trkpt lat="49.2021" lon="22.59017">
        <ele>778.4</ele>
      </trkpt>
      <trkpt lat="49.20242" lon="22.588945">
        <ele>773.6</ele>
      </trkpt>
      <trkpt lat="49.20274" lon="22.58772">
        <ele>769.9</ele>
      </trkpt>
      <trkpt lat="49.2028" lon="22.5874">
        <ele>769.6</ele>
      </trkpt>
      <trkpt lat="49.20284" lon="22.5869">
        <ele>768.7</ele>
      </trkpt>
      <trkpt lat="49.20283" lon="22.58634">
        <ele>767.5</ele>
      </trkpt>
      <trkpt lat="49.20278" lon="22.58557">
        <ele>766.7</ele>
      </trkpt>
      <trkpt lat="49.20269" lon="22.5851">
        <ele>764.5</ele>
      </trkpt>
      <trkpt lat="49.20268" lon="22.58493">
        <ele>764.0</ele>
      </trkpt>
      <trkpt lat="49.20271" lon="22.58471">
        <ele>763.5</ele>
      </trkpt>
      <trkpt lat="49.20277" lon="22.58454">
        <ele>763.4</ele>
      </trkpt>
      <trkpt lat="49.20289" lon="22.58436">
        <ele>763.4</ele>
      </trkpt>
      <trkpt lat="49.20302" lon="22.58424">
        <ele>763.1</ele>
      </trkpt>
      <trkpt lat="49.20322" lon="22.58414">
        <ele>762.7</ele>
      </trkpt>
      <trkpt lat="49.20343" lon="22.58406">
        <ele>762.1</ele>
      </trkpt>
      <trkpt lat="49.20381" lon="22.58399">
        <ele>760.1</ele>
      </trkpt>
      <trkpt lat="49.20427" lon="22.58381">
        <ele>759.4</ele>
      </trkpt>
      <trkpt lat="49.20452" lon="22.58378">
        <ele>758.1</ele>
      </trkpt>
      <trkpt lat="49.2049" lon="22.58366">
        <ele>754.3</ele>
      </trkpt>
      <trkpt lat="49.20503" lon="22.5836">
        <ele>752.5</ele>
      </trkpt>
      <trkpt lat="49.20518" lon="22.58348">
        <ele>751.1</ele>
      </trkpt>
      <trkpt lat="49.20533" lon="22.58332">
        <ele>750.4</ele>
      </trkpt>
      <trkpt lat="49.2054" lon="22.58319">
        <ele>750.4</ele>
      </trkpt>
      <trkpt lat="49.20544" lon="22.58307">
        <ele>748.6</ele>
      </trkpt>
      <trkpt lat="49.2056" lon="22.5819">
        <ele>745.7</ele>
      </trkpt>
      <trkpt lat="49.20564" lon="22.58145">
        <ele>744.7</ele>
      </trkpt>
      <trkpt lat="49.20561" lon="22.58091">
        <ele>744.4</ele>
      </trkpt>
      <trkpt lat="49.20547" lon="22.58003">
        <ele>741.7</ele>
      </trkpt>
      <trkpt lat="49.20545" lon="22.57983">
        <ele>740.2</ele>
      </trkpt>
      <trkpt lat="49.20546" lon="22.57965">
        <ele>739.0</ele>
      </trkpt>
      <trkpt lat="49.20558" lon="22.57929">
        <ele>738.4</ele>
      </trkpt>
      <trkpt lat="49.20571" lon="22.57906">
        <ele>738.7</ele>
      </trkpt>
      <trkpt lat="49.2059" lon="22.57884">
        <ele>739.4</ele>
      </trkpt>
      <trkpt lat="49.20666" lon="22.57855">
        <ele>734.3</ele>
      </trkpt>
      <trkpt lat="49.20675" lon="22.57846">
        <ele>733.6</ele>
      </trkpt>
      <trkpt lat="49.20702" lon="22.57803">
        <ele>730.2</ele>
      </trkpt>
      <trkpt lat="49.20716" lon="22.57787">
        <ele>728.7</ele>
      </trkpt>
      <trkpt lat="49.20738" lon="22.5777">
        <ele>728.2</ele>
      </trkpt>
      <trkpt lat="49.20814" lon="22.57735">
        <ele>723.5</ele>
      </trkpt>
      <trkpt lat="49.20834" lon="22.5773">
        <ele>722.7</ele>
      </trkpt>
      <trkpt lat="49.20853" lon="22.57731">
        <ele>722.2</ele>
      </trkpt>
      <trkpt lat="49.20889" lon="22.57736">
        <ele>719.9</ele>
      </trkpt>
      <trkpt lat="49.20955" lon="22.57756">
        <ele>716.3</ele>
      </trkpt>
      <trkpt lat="49.21033" lon="22.57785">
        <ele>712.1</ele>
      </trkpt>
      <trkpt lat="49.21081" lon="22.578">
        <ele>709.4</ele>
      </trkpt>
      <trkpt lat="49.21105" lon="22.57803">
        <ele>709.4</ele>
      </trkpt>
      <trkpt lat="49.2112" lon="22.57801">
        <ele>708.6</ele>
      </trkpt>
      <trkpt lat="49.2113" lon="22.57794">
        <ele>708.2</ele>
      </trkpt>
      <trkpt lat="49.21137" lon="22.57785">
        <ele>707.6</ele>
      </trkpt>
      <trkpt lat="49.21142" lon="22.57766">
        <ele>706.9</ele>
      </trkpt>
      <trkpt lat="49.21142" lon="22.5775">
        <ele>706.9</ele>
      </trkpt>
      <trkpt lat="49.21139" lon="22.57732">
        <ele>706.0</ele>
      </trkpt>
      <trkpt lat="49.21131" lon="22.5772">
        <ele>706.0</ele>
      </trkpt>
      <trkpt lat="49.21116" lon="22.57708">
        <ele>705.0</ele>
      </trkpt>
      <trkpt lat="49.21079" lon="22.57668">
        <ele>703.3</ele>
      </trkpt>
      <trkpt lat="49.21062" lon="22.57644">
        <ele>702.9</ele>
      </trkpt>
      <trkpt lat="49.2104" lon="22.57593">
        <ele>701.6</ele>
      </trkpt>
      <trkpt lat="49.21031" lon="22.57565">
        <ele>701.6</ele>
      </trkpt>
      <trkpt lat="49.21028" lon="22.5755">
        <ele>700.9</ele>
      </trkpt>
      <trkpt lat="49.21031" lon="22.57538">
        <ele>700.9</ele>
      </trkpt>
      <trkpt lat="49.21038" lon="22.57529">
        <ele>700.6</ele>
      </trkpt>
      <trkpt lat="49.21124" lon="22.57493">
        <ele>697.7</ele>
      </trkpt>
      <trkpt lat="49.21138" lon="22.57482">
        <ele>697.2</ele>
      </trkpt>
      <trkpt lat="49.21184" lon="22.57436">
        <ele>695.8</ele>
      </trkpt>
      <trkpt lat="49.21194" lon="22.5743">
        <ele>695.7</ele>
      </trkpt>
      <trkpt lat="49.21228" lon="22.57426">
        <ele>696.1</ele>
      </trkpt>
      <trkpt lat="49.21266" lon="22.57414">
        <ele>695.7</ele>
      </trkpt>
      <trkpt lat="49.21316" lon="22.57378">
        <ele>692.7</ele>
      </trkpt>
      <trkpt lat="49.21352" lon="22.57345">
        <ele>691.0</ele>
      </trkpt>
      <trkpt lat="49.21385" lon="22.57312">
        <ele>689.9</ele>
      </trkpt>
      <trkpt lat="49.21399" lon="22.57304">
        <ele>689.0</ele>
      </trkpt>
      <trkpt lat="49.21421" lon="22.57296">
        <ele>687.9</ele>
      </trkpt>
      <trkpt lat="49.21461" lon="22.57292">
        <ele>685.6</ele>
      </trkpt>
      <trkpt lat="49.2153" lon="22.57319">
        <ele>680.0</ele>
      </trkpt>
      <trkpt lat="49.21588" lon="22.57321">
        <ele>676.4</ele>
      </trkpt>
      <trkpt lat="49.21614" lon="22.57324">
        <ele>673.6</ele>
      </trkpt>
      <trkpt lat="49.21652" lon="22.57332">
        <ele>669.1</ele>
      </trkpt>
      <trkpt lat="49.21729" lon="22.57374">
        <ele>657.8</ele>
      </trkpt>
      <trkpt lat="49.21783" lon="22.57389">
        <ele>650.6</ele>
      </trkpt>
      <trkpt lat="49.21837" lon="22.57399">
        <ele>644.9</ele>
      </trkpt>
      <trkpt lat="49.21849" lon="22.57396">
        <ele>643.9</ele>
      </trkpt>
      <trkpt lat="49.21863" lon="22.57383">
        <ele>642.4</ele>
      </trkpt>
      <trkpt lat="49.21907" lon="22.57331">
        <ele>635.1</ele>
      </trkpt>
      <trkpt lat="49.21942" lon="22.57281">
        <ele>630.5</ele>
      </trkpt>
      <trkpt lat="49.21959" lon="22.57262">
        <ele>628.2</ele>
      </trkpt>
      <trkpt lat="49.21977" lon="22.57245">
        <ele>625.5</ele>
      </trkpt>
      <trkpt lat="49.21999" lon="22.57237">
        <ele>624.0</ele>
      </trkpt>
      <trkpt lat="49.22041" lon="22.57227">
        <ele>618.9</ele>
      </trkpt>
      <trkpt lat="49.22097" lon="22.57208">
        <ele>613.5</ele>
      </trkpt>
      <trkpt lat="49.22113" lon="22.57207">
        <ele>613.1</ele>
      </trkpt>
      <trkpt lat="49.22129" lon="22.57211">
        <ele>612.3</ele>
      </trkpt>
      <trkpt lat="49.22214" lon="22.57243">
        <ele>610.0</ele>
      </trkpt>
      <trkpt lat="49.22275" lon="22.57282">
        <ele>607.1</ele>
      </trkpt>
      <trkpt lat="49.22291" lon="22.57286">
        <ele>606.5</ele>
      </trkpt>
      <trkpt lat="49.22309" lon="22.57287">
        <ele>604.9</ele>
      </trkpt>
      <trkpt lat="49.22343" lon="22.57281">
        <ele>601.4</ele>
      </trkpt>
      <trkpt lat="49.2236" lon="22.5728">
        <ele>600.5</ele>
      </trkpt>
      <trkpt lat="49.22377" lon="22.57283">
        <ele>599.0</ele>
      </trkpt>
      <trkpt lat="49.22398" lon="22.57292">
        <ele>596.9</ele>
      </trkpt>
      <trkpt lat="49.22432" lon="22.57314">
        <ele>593.9</ele>
      </trkpt>
      <trkpt lat="49.22452" lon="22.57333">
        <ele>591.0</ele>
      </trkpt>
      <trkpt lat="49.22491" lon="22.57392">
        <ele>584.6</ele>
      </trkpt>
      <trkpt lat="49.22512" lon="22.57414">
        <ele>581.2</ele>
      </trkpt>
      <trkpt lat="49.22539" lon="22.57438">
        <ele>579.0</ele>
      </trkpt>
      <trkpt lat="49.22594" lon="22.57477">
        <ele>572.4</ele>
      </trkpt>
      <trkpt lat="49.22621" lon="22.57491">
        <ele>569.5</ele>
      </trkpt>
      <trkpt lat="49.22664" lon="22.57496">
        <ele>563.4</ele>
      </trkpt>
      <trkpt lat="49.22692" lon="22.57494">
        <ele>563.4</ele>
      </trkpt>
      <trkpt lat="49.22731" lon="22.57485">
        <ele>560.4</ele>
      </trkpt>
      <trkpt lat="49.22763" lon="22.57468">
        <ele>558.5</ele>
      </trkpt>
      <trkpt lat="49.22785" lon="22.57444">
        <ele>556.0</ele>
      </trkpt>
      <trkpt lat="49.2283" lon="22.57376">
        <ele>550.3</ele>
      </trkpt>
      <trkpt lat="49.22875" lon="22.57308">
        <ele>545.3</ele>
      </trkpt>
      <trkpt lat="49.22908" lon="22.57226">
        <ele>539.5</ele>
      </trkpt>
      <trkpt lat="49.22945" lon="22.57158">
        <ele>531.7</ele>
      </trkpt>
      <trkpt lat="49.22967" lon="22.57107">
        <ele>529.2</ele>
      </trkpt>
      <trkpt lat="49.2298" lon="22.57064">
        <ele>527.2</ele>
      </trkpt>
      <trkpt lat="49.22991" lon="22.57037">
        <ele>524.9</ele>
      </trkpt>
      <trkpt lat="49.23019" lon="22.5699">
        <ele>519.9</ele>
      </trkpt>
      <trkpt lat="49.23033" lon="22.56974">
        <ele>518.4</ele>
      </trkpt>
      <trkpt lat="49.23038" lon="22.56959">
        <ele>517.6</ele>
      </trkpt>
      <trkpt lat="49.23042" lon="22.56926">
        <ele>516.5</ele>
      </trkpt>
      <trkpt lat="49.23045" lon="22.56908">
        <ele>516.7</ele>
      </trkpt>
      <trkpt lat="49.23059" lon="22.5688">
        <ele>517.5</ele>
      </trkpt>
      <trkpt lat="49.23066" lon="22.56858">
        <ele>519.0</ele>
      </trkpt>
      <trkpt lat="49.23077" lon="22.56798">
        <ele>520.4</ele>
      </trkpt>
      <trkpt lat="49.23091" lon="22.56763">
        <ele>520.6</ele>
      </trkpt>
      <trkpt lat="49.23113" lon="22.5673">
        <ele>519.7</ele>
      </trkpt>
      <trkpt lat="49.23153" lon="22.56699">
        <ele>518.7</ele>
      </trkpt>
      <trkpt lat="49.23162" lon="22.5669">
        <ele>518.4</ele>
      </trkpt>
      <trkpt lat="49.2317" lon="22.56677">
        <ele>517.9</ele>
      </trkpt>
      <trkpt lat="49.23174" lon="22.56658">
        <ele>517.7</ele>
      </trkpt>
      <trkpt lat="49.23176" lon="22.56625">
        <ele>516.3</ele>
      </trkpt>
      <trkpt lat="49.2318" lon="22.56612">
        <ele>516.1</ele>
      </trkpt>
      <trkpt lat="49.23186" lon="22.56603">
        <ele>516.0</ele>
      </trkpt>
      <trkpt lat="49.23197" lon="22.56597">
        <ele>515.7</ele>
      </trkpt>
      <trkpt lat="49.23235" lon="22.56606">
        <ele>514.6</ele>
      </trkpt>
      <trkpt lat="49.23256" lon="22.56606">
        <ele>512.2</ele>
      </trkpt>
      <trkpt lat="49.23283" lon="22.56601">
        <ele>511.0</ele>
      </trkpt>
      <trkpt lat="49.23314" lon="22.56585">
        <ele>509.7</ele>
      </trkpt>
      <trkpt lat="49.23326" lon="22.56575">
        <ele>508.5</ele>
      </trkpt>
      <trkpt lat="49.23336" lon="22.56563">
        <ele>508.5</ele>
      </trkpt>
      <trkpt lat="49.23335" lon="22.56564">
        <ele>508.5</ele>
      </trkpt>
      <trkpt lat="49.23345" lon="22.56548">
        <ele>507.8</ele>
      </trkpt>
      <trkpt lat="49.23351" lon="22.56523">
        <ele>507.5</ele>
      </trkpt>
      <trkpt lat="49.23356" lon="22.56489">
        <ele>507.1</ele>
      </trkpt>
      <trkpt lat="49.2337" lon="22.56448">
        <ele>505.9</ele>
      </trkpt>
      <trkpt lat="49.234035" lon="22.563845">
        <ele>503.5</ele>
      </trkpt>
      <trkpt lat="49.23437" lon="22.56321">
        <ele>500.8</ele>
      </trkpt>
      <trkpt lat="49.23458" lon="22.56274">
        <ele>498.7</ele>
      </trkpt>
      <trkpt lat="49.23465" lon="22.56267">
        <ele>498.3</ele>
      </trkpt>
      <trkpt lat="49.23465" lon="22.56249">
        <ele>499.0</ele>
      </trkpt>
      <trkpt lat="49.23468" lon="22.56231">
        <ele>499.4</ele>
      </trkpt>
      <trkpt lat="49.23502" lon="22.56135">
        <ele>501.3</ele>
      </trkpt>
      <trkpt lat="49.23523" lon="22.56064">
        <ele>501.6</ele>
      </trkpt>
      <trkpt lat="49.23525" lon="22.5604">
        <ele>501.6</ele>
      </trkpt>
      <trkpt lat="49.23523" lon="22.55997">
        <ele>501.9</ele>
      </trkpt>
      <trkpt lat="49.23518" lon="22.55978">
        <ele>502.0</ele>
      </trkpt>
      <trkpt lat="49.23504" lon="22.55948">
        <ele>502.6</ele>
      </trkpt>
      <trkpt lat="49.23485" lon="22.55929">
        <ele>504.0</ele>
      </trkpt>
      <trkpt lat="49.23469" lon="22.55918">
        <ele>504.7</ele>
      </trkpt>
      <trkpt lat="49.23411" lon="22.558965">
        <ele>510.4</ele>
      </trkpt>
      <trkpt lat="49.23353" lon="22.55875">
        <ele>513.9</ele>
      </trkpt>
      <trkpt lat="49.23293" lon="22.558555">
        <ele>516.6</ele>
      </trkpt>
      <trkpt lat="49.23233" lon="22.55836">
        <ele>516.1</ele>
      </trkpt>
      <trkpt lat="49.23183" lon="22.55799">
        <ele>513.3</ele>
      </trkpt>
      <trkpt lat="49.23114" lon="22.557245">
        <ele>511.3</ele>
      </trkpt>
      <trkpt lat="49.23045" lon="22.5565">
        <ele>511.2</ele>
      </trkpt>
      <trkpt lat="49.23014" lon="22.55609">
        <ele>511.5</ele>
      </trkpt>
      <trkpt lat="49.22974" lon="22.55538">
        <ele>511.7</ele>
      </trkpt>
      <trkpt lat="49.22934" lon="22.55467">
        <ele>511.5</ele>
      </trkpt>
      <trkpt lat="49.22903" lon="22.55434">
        <ele>511.6</ele>
      </trkpt>
      <trkpt lat="49.228625" lon="22.55404">
        <ele>511.6</ele>
      </trkpt>
      <trkpt lat="49.22822" lon="22.55374">
        <ele>511.6</ele>
      </trkpt>
      <trkpt lat="49.2275" lon="22.55318">
        <ele>511.9</ele>
      </trkpt>
      <trkpt lat="49.22773" lon="22.55232">
        <ele>514.1</ele>
      </trkpt>
      <trkpt lat="49.22775" lon="22.55207">
        <ele>516.1</ele>
      </trkpt>
      <trkpt lat="49.2277" lon="22.55179">
        <ele>516.1</ele>
      </trkpt>
      <trkpt lat="49.2276" lon="22.55161">
        <ele>519.1</ele>
      </trkpt>
      <trkpt lat="49.22702" lon="22.55101">
        <ele>523.0</ele>
      </trkpt>
      <trkpt lat="49.22692" lon="22.55078">
        <ele>524.6</ele>
      </trkpt>
      <trkpt lat="49.22688" lon="22.55062">
        <ele>526.0</ele>
      </trkpt>
      <trkpt lat="49.22687" lon="22.55047">
        <ele>526.0</ele>
      </trkpt>
      <trkpt lat="49.22689" lon="22.55023">
        <ele>527.4</ele>
      </trkpt>
      <trkpt lat="49.226935" lon="22.5493">
        <ele>533.8</ele>
      </trkpt>
      <trkpt lat="49.22698" lon="22.54837">
        <ele>540.3</ele>
      </trkpt>
      <trkpt lat="49.22691" lon="22.547455">
        <ele>545.9</ele>
      </trkpt>
      <trkpt lat="49.22684" lon="22.54654">
        <ele>551.5</ele>
      </trkpt>
      <trkpt lat="49.22671" lon="22.54521">
        <ele>555.6</ele>
      </trkpt>
      <trkpt lat="49.226543" lon="22.544017">
        <ele>564.1</ele>
      </trkpt>
      <trkpt lat="49.226377" lon="22.542823">
        <ele>573.4</ele>
      </trkpt>
      <trkpt lat="49.22621" lon="22.54163">
        <ele>581.6</ele>
      </trkpt>
      <trkpt lat="49.22612" lon="22.54143">
        <ele>582.6</ele>
      </trkpt>
      <trkpt lat="49.2259" lon="22.54105">
        <ele>584.0</ele>
      </trkpt>
      <trkpt lat="49.22583" lon="22.54089">
        <ele>584.5</ele>
      </trkpt>
      <trkpt lat="49.2258" lon="22.54077">
        <ele>585.1</ele>
      </trkpt>
      <trkpt lat="49.22581" lon="22.54064">
        <ele>586.5</ele>
      </trkpt>
      <trkpt lat="49.22585" lon="22.5406">
        <ele>586.5</ele>
      </trkpt>
      <trkpt lat="49.22601" lon="22.5406">
        <ele>587.0</ele>
      </trkpt>
      <trkpt lat="49.22607" lon="22.54068">
        <ele>587.8</ele>
      </trkpt>
      <trkpt lat="49.22644" lon="22.54134">
        <ele>591.1</ele>
      </trkpt>
      <trkpt lat="49.22663" lon="22.54158">
        <ele>593.6</ele>
      </trkpt>
      <trkpt lat="49.22703" lon="22.54198">
        <ele>597.2</ele>
      </trkpt>
      <trkpt lat="49.22715" lon="22.54207">
        <ele>600.6</ele>
      </trkpt>
      <trkpt lat="49.22736" lon="22.5421">
        <ele>600.6</ele>
      </trkpt>
      <trkpt lat="49.22752" lon="22.54202">
        <ele>604.6</ele>
      </trkpt>
      <trkpt lat="49.22763" lon="22.54189">
        <ele>604.6</ele>
      </trkpt>
      <trkpt lat="49.2277" lon="22.54168">
        <ele>605.8</ele>
      </trkpt>
      <trkpt lat="49.22772" lon="22.54149">
        <ele>607.8</ele>
      </trkpt>
      <trkpt lat="49.227735" lon="22.540675">
        <ele>613.2</ele>
      </trkpt>
      <trkpt lat="49.22775" lon="22.53986">
        <ele>618.1</ele>
      </trkpt>
      <trkpt lat="49.22778" lon="22.5393">
        <ele>622.0</ele>
      </trkpt>
      <trkpt lat="49.22791" lon="22.53822">
        <ele>632.9</ele>
      </trkpt>
      <trkpt lat="49.22799" lon="22.53777">
        <ele>635.6</ele>
      </trkpt>
      <trkpt lat="49.22826" lon="22.53718">
        <ele>639.7</ele>
      </trkpt>
      <trkpt lat="49.2284" lon="22.53694">
        <ele>642.0</ele>
      </trkpt>
      <trkpt lat="49.22854" lon="22.53679">
        <ele>644.0</ele>
      </trkpt>
      <trkpt lat="49.22907" lon="22.53643">
        <ele>647.7</ele>
      </trkpt>
      <trkpt lat="49.2292" lon="22.53625">
        <ele>650.9</ele>
      </trkpt>
      <trkpt lat="49.22929" lon="22.53606">
        <ele>651.9</ele>
      </trkpt>
      <trkpt lat="49.22931" lon="22.53585">
        <ele>654.3</ele>
      </trkpt>
      <trkpt lat="49.2293" lon="22.53567">
        <ele>655.3</ele>
      </trkpt>
      <trkpt lat="49.22889" lon="22.534583">
        <ele>659.6</ele>
      </trkpt>
      <trkpt lat="49.22848" lon="22.533497">
        <ele>657.7</ele>
      </trkpt>
      <trkpt lat="49.22807" lon="22.53241">
        <ele>655.9</ele>
      </trkpt>
      <trkpt lat="49.22802" lon="22.53215">
        <ele>655.1</ele>
      </trkpt>
      <trkpt lat="49.22805" lon="22.53194">
        <ele>654.2</ele>
      </trkpt>
      <trkpt lat="49.22811" lon="22.53173">
        <ele>653.1</ele>
      </trkpt>
      <trkpt lat="49.22822" lon="22.53148">
        <ele>652.2</ele>
      </trkpt>
      <trkpt lat="49.22844" lon="22.53116">
        <ele>647.9</ele>
      </trkpt>
      <trkpt lat="49.22898" lon="22.530697">
        <ele>641.5</ele>
      </trkpt>
      <trkpt lat="49.22952" lon="22.530233">
        <ele>632.4</ele>
      </trkpt>
      <trkpt lat="49.23006" lon="22.52977">
        <ele>625.5</ele>
      </trkpt>
      <trkpt lat="49.23022" lon="22.52951">
        <ele>623.1</ele>
      </trkpt>
      <trkpt lat="49.2304" lon="22.52907">
        <ele>620.7</ele>
      </trkpt>
      <trkpt lat="49.23057" lon="22.52848">
        <ele>617.0</ele>
      </trkpt>
      <trkpt lat="49.23056" lon="22.52822">
        <ele>614.7</ele>
      </trkpt>
      <trkpt lat="49.23043" lon="22.52753">
        <ele>609.8</ele>
      </trkpt>
      <trkpt lat="49.23043" lon="22.52728">
        <ele>609.0</ele>
      </trkpt>
      <trkpt lat="49.23051" lon="22.52706">
        <ele>606.5</ele>
      </trkpt>
      <trkpt lat="49.23062" lon="22.52693">
        <ele>604.8</ele>
      </trkpt>
      <trkpt lat="49.23075" lon="22.52689">
        <ele>603.3</ele>
      </trkpt>
      <trkpt lat="49.23088" lon="22.52691">
        <ele>599.2</ele>
      </trkpt>
      <trkpt lat="49.231437" lon="22.5274">
        <ele>591.9</ele>
      </trkpt>
      <trkpt lat="49.231993" lon="22.52789">
        <ele>585.4</ele>
      </trkpt>
      <trkpt lat="49.23255" lon="22.52838">
        <ele>580.9</ele>
      </trkpt>
      <trkpt lat="49.23271" lon="22.52841">
        <ele>577.9</ele>
      </trkpt>
      <trkpt lat="49.23287" lon="22.52838">
        <ele>576.6</ele>
      </trkpt>
      <trkpt lat="49.23357" lon="22.527995">
        <ele>569.3</ele>
      </trkpt>
      <trkpt lat="49.23427" lon="22.52761">
        <ele>561.0</ele>
      </trkpt>
      <trkpt lat="49.23444" lon="22.52743">
        <ele>559.6</ele>
      </trkpt>
      <trkpt lat="49.23451" lon="22.52722">
        <ele>557.7</ele>
      </trkpt>
      <trkpt lat="49.23451" lon="22.52707">
        <ele>556.6</ele>
      </trkpt>
      <trkpt lat="49.23448" lon="22.52692">
        <ele>556.6</ele>
      </trkpt>
      <trkpt lat="49.23436" lon="22.52666">
        <ele>554.4</ele>
      </trkpt>
      <trkpt lat="49.233905" lon="22.52617">
        <ele>551.1</ele>
      </trkpt>
      <trkpt lat="49.23345" lon="22.52568">
        <ele>550.2</ele>
      </trkpt>
      <trkpt lat="49.23334" lon="22.52546">
        <ele>550.4</ele>
      </trkpt>
      <trkpt lat="49.23327" lon="22.52527">
        <ele>550.5</ele>
      </trkpt>
      <trkpt lat="49.23321" lon="22.525">
        <ele>550.5</ele>
      </trkpt>
      <trkpt lat="49.233067" lon="22.52386">
        <ele>547.7</ele>
      </trkpt>
      <trkpt lat="49.232923" lon="22.52272">
        <ele>541.4</ele>
      </trkpt>
      <trkpt lat="49.23278" lon="22.52158">
        <ele>539.9</ele>
      </trkpt>
      <trkpt lat="49.23274" lon="22.5213">
        <ele>540.3</ele>
      </trkpt>
      <trkpt lat="49.23269" lon="22.52112">
        <ele>541.3</ele>
      </trkpt>
      <trkpt lat="49.23252" lon="22.52092">
        <ele>542.7</ele>
      </trkpt>
      <trkpt lat="49.23241" lon="22.52084">
        <ele>543.3</ele>
      </trkpt>
      <trkpt lat="49.231855" lon="22.52066">
        <ele>545.9</ele>
      </trkpt>
      <trkpt lat="49.2313" lon="22.52048">
        <ele>548.3</ele>
      </trkpt>
      <trkpt lat="49.23074" lon="22.520235">
        <ele>550.0</ele>
      </trkpt>
      <trkpt lat="49.23018" lon="22.51999">
        <ele>552.9</ele>
      </trkpt>
      <trkpt lat="49.22995" lon="22.51981">
        <ele>553.8</ele>
      </trkpt>
      <trkpt lat="49.22977" lon="22.51951">
        <ele>555.1</ele>
      </trkpt>
      <trkpt lat="49.22936" lon="22.51837">
        <ele>560.3</ele>
      </trkpt>
      <trkpt lat="49.22927" lon="22.5182">
        <ele>561.2</ele>
      </trkpt>
      <trkpt lat="49.22916" lon="22.51807">
        <ele>561.7</ele>
      </trkpt>
      <trkpt lat="49.22856" lon="22.51797">
        <ele>564.0</ele>
      </trkpt>
      <trkpt lat="49.22864" lon="22.51769">
        <ele>565.2</ele>
      </trkpt>
      <trkpt lat="49.22884" lon="22.51724">
        <ele>569.9</ele>
      </trkpt>
      <trkpt lat="49.229" lon="22.51709">
        <ele>571.4</ele>
      </trkpt>
      <trkpt lat="49.22913" lon="22.51701">
        <ele>571.4</ele>
      </trkpt>
      <trkpt lat="49.22987" lon="22.51698">
        <ele>575.5</ele>
      </trkpt>
      <trkpt lat="49.23061" lon="22.51695">
        <ele>580.0</ele>
      </trkpt>
      <trkpt lat="49.23135" lon="22.51692">
        <ele>589.9</ele>
      </trkpt>
      <trkpt lat="49.23161" lon="22.51698">
        <ele>590.9</ele>
      </trkpt>
      <trkpt lat="49.23235" lon="22.51742">
        <ele>600.4</ele>
      </trkpt>
      <trkpt lat="49.23254" lon="22.51743">
        <ele>601.8</ele>
      </trkpt>
      <trkpt lat="49.233213" lon="22.517187">
        <ele>608.5</ele>
      </trkpt>
      <trkpt lat="49.233887" lon="22.516943">
        <ele>615.2</ele>
      </trkpt>
      <trkpt lat="49.23456" lon="22.5167">
        <ele>621.3</ele>
      </trkpt>
      <trkpt lat="49.23484" lon="22.51654">
        <ele>625.8</ele>
      </trkpt>
      <trkpt lat="49.23494" lon="22.51633">
        <ele>626.8</ele>
      </trkpt>
      <trkpt lat="49.23498" lon="22.51606">
        <ele>627.5</ele>
      </trkpt>
      <trkpt lat="49.234865" lon="22.515195">
        <ele>628.3</ele>
      </trkpt>
      <trkpt lat="49.23475" lon="22.51433">
        <ele>628.8</ele>
      </trkpt>
      <trkpt lat="49.23477" lon="22.51401">
        <ele>628.3</ele>
      </trkpt>
      <trkpt lat="49.23486" lon="22.51378">
        <ele>627.0</ele>
      </trkpt>
      <trkpt lat="49.23535" lon="22.51304">
        <ele>620.7</ele>
      </trkpt>
      <trkpt lat="49.23545" lon="22.51283">
        <ele>619.2</ele>
      </trkpt>
      <trkpt lat="49.23547" lon="22.51255">
        <ele>614.7</ele>
      </trkpt>
      <trkpt lat="49.23532" lon="22.51169">
        <ele>609.4</ele>
      </trkpt>
      <trkpt lat="49.2352" lon="22.51142">
        <ele>607.1</ele>
      </trkpt>
      <trkpt lat="49.23482" lon="22.51114">
        <ele>601.5</ele>
      </trkpt>
      <trkpt lat="49.23465" lon="22.51084">
        <ele>599.7</ele>
      </trkpt>
      <trkpt lat="49.23451" lon="22.51024">
        <ele>597.4</ele>
      </trkpt>
      <trkpt lat="49.23407" lon="22.50926">
        <ele>593.7</ele>
      </trkpt>
      <trkpt lat="49.2341" lon="22.50895">
        <ele>593.9</ele>
      </trkpt>
      <trkpt lat="49.23435" lon="22.50838">
        <ele>594.6</ele>
      </trkpt>
      <trkpt lat="49.2345" lon="22.50817">
        <ele>594.2</ele>
      </trkpt>
      <trkpt lat="49.235175" lon="22.50769">
        <ele>590.9</ele>
      </trkpt>
      <trkpt lat="49.23585" lon="22.50721">
        <ele>587.5</ele>
      </trkpt>
      <trkpt lat="49.23605" lon="22.50697">
        <ele>585.1</ele>
      </trkpt>
      <trkpt lat="49.23633" lon="22.50648">
        <ele>582.9</ele>
      </trkpt>
      <trkpt lat="49.23641" lon="22.50608">
        <ele>582.0</ele>
      </trkpt>
      <trkpt lat="49.236285" lon="22.504835">
        <ele>577.5</ele>
      </trkpt>
      <trkpt lat="49.23616" lon="22.50359">
        <ele>575.8</ele>
      </trkpt>
      <trkpt lat="49.23623" lon="22.5033">
        <ele>574.7</ele>
      </trkpt>
      <trkpt lat="49.23642" lon="22.50308">
        <ele>573.7</ele>
      </trkpt>
      <trkpt lat="49.23672" lon="22.50288">
        <ele>575.0</ele>
      </trkpt>
      <trkpt lat="49.23721" lon="22.50247">
        <ele>580.6</ele>
      </trkpt>
      <trkpt lat="49.23739" lon="22.50219">
        <ele>582.7</ele>
      </trkpt>
      <trkpt lat="49.23761" lon="22.50148">
        <ele>586.1</ele>
      </trkpt>
      <trkpt lat="49.23774" lon="22.50129">
        <ele>587.3</ele>
      </trkpt>
      <trkpt lat="49.2379" lon="22.50125">
        <ele>587.8</ele>
      </trkpt>
      <trkpt lat="49.23812" lon="22.50141">
        <ele>590.5</ele>
      </trkpt>
      <trkpt lat="49.23881" lon="22.50217">
        <ele>599.6</ele>
      </trkpt>
      <trkpt lat="49.23893" lon="22.50226">
        <ele>600.6</ele>
      </trkpt>
      <trkpt lat="49.23915" lon="22.50228">
        <ele>603.9</ele>
      </trkpt>
      <trkpt lat="49.23976" lon="22.50215">
        <ele>608.6</ele>
      </trkpt>
      <trkpt lat="49.24003" lon="22.50199">
        <ele>610.5</ele>
      </trkpt>
      <trkpt lat="49.24065" lon="22.50133">
        <ele>615.0</ele>
      </trkpt>
      <trkpt lat="49.241427" lon="22.500883">
        <ele>621.7</ele>
      </trkpt>
      <trkpt lat="49.242203" lon="22.500437">
        <ele>630.5</ele>
      </trkpt>
      <trkpt lat="49.24298" lon="22.49999">
        <ele>633.8</ele>
      </trkpt>
      <trkpt lat="49.24318" lon="22.49979">
        <ele>632.1</ele>
      </trkpt>
      <trkpt lat="49.24325" lon="22.49966">
        <ele>630.9</ele>
      </trkpt>
      <trkpt lat="49.24327" lon="22.4994">
        <ele>628.5</ele>
      </trkpt>
      <trkpt lat="49.24315" lon="22.49882">
        <ele>623.2</ele>
      </trkpt>
      <trkpt lat="49.242935" lon="22.498">
        <ele>618.8</ele>
      </trkpt>
      <trkpt lat="49.24272" lon="22.49718">
        <ele>612.9</ele>
      </trkpt>
      <trkpt lat="49.24276" lon="22.49676">
        <ele>611.3</ele>
      </trkpt>
      <trkpt lat="49.24283" lon="22.49659">
        <ele>611.2</ele>
      </trkpt>
      <trkpt lat="49.24299" lon="22.49645">
        <ele>611.9</ele>
      </trkpt>
      <trkpt lat="49.24324" lon="22.49636">
        <ele>612.8</ele>
      </trkpt>
      <trkpt lat="49.24349" lon="22.49621">
        <ele>614.8</ele>
      </trkpt>
      <trkpt lat="49.24366" lon="22.496">
        <ele>616.8</ele>
      </trkpt>
      <trkpt lat="49.24401" lon="22.494987">
        <ele>624.3</ele>
      </trkpt>
      <trkpt lat="49.24436" lon="22.493973">
        <ele>628.3</ele>
      </trkpt>
      <trkpt lat="49.24471" lon="22.49296">
        <ele>627.2</ele>
      </trkpt>
      <trkpt lat="49.24484" lon="22.49269">
        <ele>627.0</ele>
      </trkpt>
      <trkpt lat="49.24514" lon="22.4925">
        <ele>626.0</ele>
      </trkpt>
      <trkpt lat="49.2459" lon="22.49217">
        <ele>622.3</ele>
      </trkpt>
      <trkpt lat="49.24605" lon="22.49205">
        <ele>622.1</ele>
      </trkpt>
      <trkpt lat="49.24612" lon="22.49189">
        <ele>621.8</ele>
      </trkpt>
      <trkpt lat="49.24612" lon="22.49169">
        <ele>621.2</ele>
      </trkpt>
      <trkpt lat="49.24602" lon="22.49132">
        <ele>619.5</ele>
      </trkpt>
      <trkpt lat="49.2456" lon="22.49093">
        <ele>614.3</ele>
      </trkpt>
      <trkpt lat="49.2454" lon="22.49071">
        <ele>612.0</ele>
      </trkpt>
      <trkpt lat="49.24516" lon="22.48979">
        <ele>605.4</ele>
      </trkpt>
      <trkpt lat="49.245015" lon="22.48903">
        <ele>604.0</ele>
      </trkpt>
      <trkpt lat="49.24487" lon="22.48827">
        <ele>603.3</ele>
      </trkpt>
      <trkpt lat="49.24462" lon="22.4874">
        <ele>601.5</ele>
      </trkpt>
      <trkpt lat="49.24432" lon="22.48664">
        <ele>598.6</ele>
      </trkpt>
      <trkpt lat="49.24398" lon="22.48645">
        <ele>594.0</ele>
      </trkpt>
      <trkpt lat="49.24376" lon="22.48637">
        <ele>591.3</ele>
      </trkpt>
      <trkpt lat="49.24331" lon="22.48645">
        <ele>583.4</ele>
      </trkpt>
      <trkpt lat="49.24275" lon="22.48644">
        <ele>579.3</ele>
      </trkpt>
      <trkpt lat="49.24192" lon="22.48598">
        <ele>572.5</ele>
      </trkpt>
      <trkpt lat="49.24116" lon="22.48607">
        <ele>564.5</ele>
      </trkpt>
      <trkpt lat="49.24102" lon="22.48596">
        <ele>562.9</ele>
      </trkpt>
      <trkpt lat="49.24065" lon="22.48504">
        <ele>559.8</ele>
      </trkpt>
      <trkpt lat="49.24028" lon="22.48412">
        <ele>561.9</ele>
      </trkpt>
      <trkpt lat="49.24024" lon="22.48385">
        <ele>561.8</ele>
      </trkpt>
      <trkpt lat="49.24054" lon="22.48356">
        <ele>561.3</ele>
      </trkpt>
      <trkpt lat="49.24082" lon="22.48337">
        <ele>560.9</ele>
      </trkpt>
      <trkpt lat="49.24131" lon="22.483095">
        <ele>560.3</ele>
      </trkpt>
      <trkpt lat="49.2418" lon="22.48282">
        <ele>559.6</ele>
      </trkpt>
      <trkpt lat="49.24218" lon="22.4827">
        <ele>557.0</ele>
      </trkpt>
      <trkpt lat="49.24295" lon="22.4827">
        <ele>551.4</ele>
      </trkpt>
      <trkpt lat="49.24372" lon="22.4827">
        <ele>546.7</ele>
      </trkpt>
      <trkpt lat="49.24449" lon="22.4827">
        <ele>541.3</ele>
      </trkpt>
      <trkpt lat="49.24482" lon="22.48262">
        <ele>540.7</ele>
      </trkpt>
      <trkpt lat="49.24498" lon="22.48232">
        <ele>541.8</ele>
      </trkpt>
      <trkpt lat="49.24487" lon="22.4812">
        <ele>547.4</ele>
      </trkpt>
      <trkpt lat="49.24477" lon="22.48055">
        <ele>550.8</ele>
      </trkpt>
      <trkpt lat="49.24458" lon="22.48013">
        <ele>552.6</ele>
      </trkpt>
      <trkpt lat="49.24466" lon="22.47987">
        <ele>554.1</ele>
      </trkpt>
      <trkpt lat="49.24487" lon="22.47975">
        <ele>554.9</ele>
      </trkpt>
      <trkpt lat="49.24504" lon="22.47985">
        <ele>555.6</ele>
      </trkpt>
      <trkpt lat="49.24544" lon="22.48026">
        <ele>559.1</ele>
      </trkpt>
      <trkpt lat="49.24587" lon="22.48059">
        <ele>564.5</ele>
      </trkpt>
      <trkpt lat="49.24612" lon="22.48056">
        <ele>566.1</ele>
      </trkpt>
      <trkpt lat="49.24629" lon="22.48044">
        <ele>567.1</ele>
      </trkpt>
      <trkpt lat="49.24638" lon="22.4803">
        <ele>567.9</ele>
      </trkpt>
      <trkpt lat="49.24657" lon="22.47977">
        <ele>569.7</ele>
      </trkpt>
      <trkpt lat="49.2468" lon="22.47936">
        <ele>572.5</ele>
      </trkpt>
      <trkpt lat="49.24747" lon="22.47884">
        <ele>577.9</ele>
      </trkpt>
      <trkpt lat="49.24804" lon="22.478515">
        <ele>579.5</ele>
      </trkpt>
      <trkpt lat="49.24861" lon="22.47819">
        <ele>581.0</ele>
      </trkpt>
      <trkpt lat="49.249325" lon="22.478108">
        <ele>583.1</ele>
      </trkpt>
      <trkpt lat="49.25004" lon="22.478025">
        <ele>586.1</ele>
      </trkpt>
      <trkpt lat="49.250755" lon="22.477943">
        <ele>587.6</ele>
      </trkpt>
      <trkpt lat="49.25147" lon="22.47786">
        <ele>591.2</ele>
      </trkpt>
      <trkpt lat="49.25163" lon="22.47776">
        <ele>591.7</ele>
      </trkpt>
      <trkpt lat="49.25171" lon="22.47759">
        <ele>591.2</ele>
      </trkpt>
      <trkpt lat="49.25163" lon="22.47727">
        <ele>588.9</ele>
      </trkpt>
      <trkpt lat="49.251105" lon="22.47619">
        <ele>583.3</ele>
      </trkpt>
      <trkpt lat="49.25058" lon="22.47511">
        <ele>578.7</ele>
      </trkpt>
      <trkpt lat="49.25027" lon="22.47468">
        <ele>576.2</ele>
      </trkpt>
      <trkpt lat="49.25029" lon="22.47431">
        <ele>575.6</ele>
      </trkpt>
      <trkpt lat="49.25035" lon="22.47415">
        <ele>575.0</ele>
      </trkpt>
      <trkpt lat="49.25048" lon="22.47391">
        <ele>574.7</ele>
      </trkpt>
      <trkpt lat="49.25098" lon="22.47371">
        <ele>573.1</ele>
      </trkpt>
      <trkpt lat="49.251735" lon="22.473685">
        <ele>572.1</ele>
      </trkpt>
      <trkpt lat="49.25249" lon="22.47366">
        <ele>571.2</ele>
      </trkpt>
      <trkpt lat="49.25313" lon="22.47347">
        <ele>570.0</ele>
      </trkpt>
      <trkpt lat="49.253777" lon="22.472963">
        <ele>566.6</ele>
      </trkpt>
      <trkpt lat="49.254423" lon="22.472457">
        <ele>563.2</ele>
      </trkpt>
      <trkpt lat="49.25507" lon="22.47195">
        <ele>560.9</ele>
      </trkpt>
      <trkpt lat="49.25521" lon="22.47159">
        <ele>558.7</ele>
      </trkpt>
      <trkpt lat="49.2552" lon="22.47124">
        <ele>558.7</ele>
      </trkpt>
      <trkpt lat="49.254973" lon="22.470367">
        <ele>553.0</ele>
      </trkpt>
      <trkpt lat="49.254747" lon="22.469493">
        <ele>550.3</ele>
      </trkpt>
      <trkpt lat="49.25452" lon="22.46862">
        <ele>547.0</ele>
      </trkpt>
      <trkpt lat="49.25436" lon="22.46733">
        <ele>541.8</ele>
      </trkpt>
      <trkpt lat="49.25441" lon="22.46698">
        <ele>541.1</ele>
      </trkpt>
      <trkpt lat="49.25458" lon="22.46675">
        <ele>541.1</ele>
      </trkpt>
      <trkpt lat="49.255205" lon="22.466325">
        <ele>543.2</ele>
      </trkpt>
      <trkpt lat="49.25583" lon="22.4659">
        <ele>546.8</ele>
      </trkpt>
      <trkpt lat="49.25649" lon="22.46603">
        <ele>550.4</ele>
      </trkpt>
      <trkpt lat="49.2567" lon="22.46596">
        <ele>550.6</ele>
      </trkpt>
      <trkpt lat="49.25717" lon="22.46537">
        <ele>550.6</ele>
      </trkpt>
      <trkpt lat="49.25737" lon="22.46536">
        <ele>551.6</ele>
      </trkpt>
      <trkpt lat="49.25799" lon="22.46558">
        <ele>556.8</ele>
      </trkpt>
      <trkpt lat="49.258495" lon="22.465535">
        <ele>559.0</ele>
      </trkpt>
      <trkpt lat="49.259" lon="22.46549">
        <ele>559.8</ele>
      </trkpt>
      <trkpt lat="49.25954" lon="22.46553">
        <ele>560.9</ele>
      </trkpt>
      <trkpt lat="49.25985" lon="22.46546">
        <ele>561.6</ele>
      </trkpt>
      <trkpt lat="49.25994" lon="22.46537">
        <ele>561.2</ele>
      </trkpt>
      <trkpt lat="49.25994" lon="22.46464">
        <ele>558.7</ele>
      </trkpt>
      <trkpt lat="49.259775" lon="22.463785">
        <ele>555.4</ele>
      </trkpt>
      <trkpt lat="49.25961" lon="22.46293">
        <ele>554.3</ele>
      </trkpt>
      <trkpt lat="49.25939" lon="22.4622">
        <ele>554.7</ele>
      </trkpt>
      <trkpt lat="49.25953" lon="22.46194">
        <ele>556.2</ele>
      </trkpt>
      <trkpt lat="49.25977" lon="22.46192">
        <ele>559.5</ele>
      </trkpt>
      <trkpt lat="49.26009" lon="22.46186">
        <ele>561.4</ele>
      </trkpt>
      <trkpt lat="49.26033" lon="22.46169">
        <ele>562.8</ele>
      </trkpt>
      <trkpt lat="49.26053" lon="22.46136">
        <ele>563.9</ele>
      </trkpt>
      <trkpt lat="49.26084" lon="22.46118">
        <ele>566.0</ele>
      </trkpt>
      <trkpt lat="49.26116" lon="22.46083">
        <ele>568.8</ele>
      </trkpt>
      <trkpt lat="49.26184" lon="22.46028">
        <ele>575.7</ele>
      </trkpt>
      <trkpt lat="49.26192" lon="22.46013">
        <ele>576.5</ele>
      </trkpt>
      <trkpt lat="49.26199" lon="22.45989">
        <ele>578.1</ele>
      </trkpt>
      <trkpt lat="49.26214" lon="22.45871">
        <ele>581.5</ele>
      </trkpt>
      <trkpt lat="49.26214" lon="22.45822">
        <ele>583.2</ele>
      </trkpt>
      <trkpt lat="49.2622" lon="22.45737">
        <ele>586.3</ele>
      </trkpt>
      <trkpt lat="49.26225" lon="22.45722">
        <ele>586.3</ele>
      </trkpt>
      <trkpt lat="49.2624" lon="22.45695">
        <ele>587.3</ele>
      </trkpt>
      <trkpt lat="49.26259" lon="22.45671">
        <ele>588.4</ele>
      </trkpt>
      <trkpt lat="49.26271" lon="22.45669">
        <ele>589.0</ele>
      </trkpt>
      <trkpt lat="49.26288" lon="22.45672">
        <ele>590.7</ele>
      </trkpt>
      <trkpt lat="49.26298" lon="22.45671">
        <ele>591.2</ele>
      </trkpt>
      <trkpt lat="49.26331" lon="22.45657">
        <ele>592.2</ele>
      </trkpt>
      <trkpt lat="49.26343" lon="22.45658">
        <ele>592.8</ele>
      </trkpt>
      <trkpt lat="49.26353" lon="22.45665">
        <ele>592.8</ele>
      </trkpt>
      <trkpt lat="49.26367" lon="22.4568">
        <ele>593.8</ele>
      </trkpt>
      <trkpt lat="49.26394" lon="22.45699">
        <ele>594.7</ele>
      </trkpt>
      <trkpt lat="49.26404" lon="22.45704">
        <ele>595.3</ele>
      </trkpt>
      <trkpt lat="49.26418" lon="22.457">
        <ele>595.7</ele>
      </trkpt>
      <trkpt lat="49.26432" lon="22.4569">
        <ele>595.9</ele>
      </trkpt>
      <trkpt lat="49.26442" lon="22.45669">
        <ele>596.1</ele>
      </trkpt>
      <trkpt lat="49.26464" lon="22.45614">
        <ele>597.6</ele>
      </trkpt>
      <trkpt lat="49.26493" lon="22.45574">
        <ele>600.0</ele>
      </trkpt>
      <trkpt lat="49.26509" lon="22.45548">
        <ele>601.2</ele>
      </trkpt>
      <trkpt lat="49.26541" lon="22.45502">
        <ele>604.9</ele>
      </trkpt>
      <trkpt lat="49.26567" lon="22.45474">
        <ele>608.5</ele>
      </trkpt>
      <trkpt lat="49.26577" lon="22.4546">
        <ele>609.0</ele>
      </trkpt>
      <trkpt lat="49.2658" lon="22.4545">
        <ele>609.0</ele>
      </trkpt>
      <trkpt lat="49.26581" lon="22.45449">
        <ele>609.0</ele>
      </trkpt>
      <trkpt lat="49.26583" lon="22.45434">
        <ele>609.7</ele>
      </trkpt>
      <trkpt lat="49.26581" lon="22.45418">
        <ele>610.5</ele>
      </trkpt>
      <trkpt lat="49.26573" lon="22.45384">
        <ele>610.4</ele>
      </trkpt>
      <trkpt lat="49.2656" lon="22.4536">
        <ele>609.7</ele>
      </trkpt>
      <trkpt lat="49.2653" lon="22.45315">
        <ele>609.7</ele>
      </trkpt>
      <trkpt lat="49.26517" lon="22.4529">
        <ele>609.5</ele>
      </trkpt>
      <trkpt lat="49.26519" lon="22.45275">
        <ele>609.1</ele>
      </trkpt>
      <trkpt lat="49.26523" lon="22.45267">
        <ele>608.6</ele>
      </trkpt>
      <trkpt lat="49.26508" lon="22.45258">
        <ele>609.6</ele>
      </trkpt>
      <trkpt lat="49.26455" lon="22.45217">
        <ele>615.8</ele>
      </trkpt>
      <trkpt lat="49.26439" lon="22.45216">
        <ele>617.7</ele>
      </trkpt>
      <trkpt lat="49.26425" lon="22.45224">
        <ele>619.9</ele>
      </trkpt>
      <trkpt lat="49.26398" lon="22.4525">
        <ele>623.4</ele>
      </trkpt>
      <trkpt lat="49.26353" lon="22.4528">
        <ele>627.9</ele>
      </trkpt>
      <trkpt lat="49.2634" lon="22.45281">
        <ele>629.6</ele>
      </trkpt>
      <trkpt lat="49.26327" lon="22.45276">
        <ele>632.4</ele>
      </trkpt>
      <trkpt lat="49.26318" lon="22.4527">
        <ele>633.0</ele>
      </trkpt>
      <trkpt lat="49.26305" lon="22.45258">
        <ele>634.4</ele>
      </trkpt>
      <trkpt lat="49.26289" lon="22.45234">
        <ele>636.3</ele>
      </trkpt>
      <trkpt lat="49.26279" lon="22.45212">
        <ele>636.7</ele>
      </trkpt>
      <trkpt lat="49.26274" lon="22.45193">
        <ele>636.3</ele>
      </trkpt>
      <trkpt lat="49.26273" lon="22.45165">
        <ele>634.9</ele>
      </trkpt>
      <trkpt lat="49.26275" lon="22.45139">
        <ele>634.2</ele>
      </trkpt>
      <trkpt lat="49.26269" lon="22.45118">
        <ele>633.9</ele>
      </trkpt>
      <trkpt lat="49.26255" lon="22.45101">
        <ele>634.2</ele>
      </trkpt>
      <trkpt lat="49.26246" lon="22.45096">
        <ele>634.7</ele>
      </trkpt>
      <trkpt lat="49.26233" lon="22.45096">
        <ele>635.0</ele>
      </trkpt>
      <trkpt lat="49.26212" lon="22.45109">
        <ele>637.6</ele>
      </trkpt>
      <trkpt lat="49.26185" lon="22.45129">
        <ele>638.8</ele>
      </trkpt>
      <trkpt lat="49.26114" lon="22.45176">
        <ele>642.1</ele>
      </trkpt>
      <trkpt lat="49.26083" lon="22.45199">
        <ele>643.1</ele>
      </trkpt>
      <trkpt lat="49.26057" lon="22.45215">
        <ele>642.5</ele>
      </trkpt>
      <trkpt lat="49.26004" lon="22.45216">
        <ele>641.8</ele>
      </trkpt>
      <trkpt lat="49.25993" lon="22.45225">
        <ele>641.9</ele>
      </trkpt>
      <trkpt lat="49.25984" lon="22.45246">
        <ele>642.0</ele>
      </trkpt>
      <trkpt lat="49.2597" lon="22.4527">
        <ele>642.3</ele>
      </trkpt>
      <trkpt lat="49.25949" lon="22.45284">
        <ele>642.6</ele>
      </trkpt>
      <trkpt lat="49.25912" lon="22.453">
        <ele>644.0</ele>
      </trkpt>
      <trkpt lat="49.25887" lon="22.45285">
        <ele>644.2</ele>
      </trkpt>
      <trkpt lat="49.25878" lon="22.45284">
        <ele>643.9</ele>
      </trkpt>
      <trkpt lat="49.25843" lon="22.45303">
        <ele>642.5</ele>
      </trkpt>
      <trkpt lat="49.25831" lon="22.45305">
        <ele>641.0</ele>
      </trkpt>
      <trkpt lat="49.25813" lon="22.453">
        <ele>639.5</ele>
      </trkpt>
      <trkpt lat="49.25808" lon="22.4529">
        <ele>639.0</ele>
      </trkpt>
      <trkpt lat="49.25796" lon="22.45213">
        <ele>631.3</ele>
      </trkpt>
      <trkpt lat="49.25781" lon="22.45173">
        <ele>628.4</ele>
      </trkpt>
      <trkpt lat="49.25763" lon="22.45113">
        <ele>624.3</ele>
      </trkpt>
      <trkpt lat="49.25735" lon="22.45091">
        <ele>621.3</ele>
      </trkpt>
      <trkpt lat="49.25697" lon="22.4507">
        <ele>618.6</ele>
      </trkpt>
      <trkpt lat="49.2567" lon="22.45072">
        <ele>616.1</ele>
      </trkpt>
      <trkpt lat="49.25652" lon="22.45077">
        <ele>613.0</ele>
      </trkpt>
      <trkpt lat="49.25631" lon="22.45074">
        <ele>612.1</ele>
      </trkpt>
      <trkpt lat="49.25613" lon="22.45066">
        <ele>610.6</ele>
      </trkpt>
      <trkpt lat="49.25595" lon="22.45051">
        <ele>608.0</ele>
      </trkpt>
      <trkpt lat="49.25582" lon="22.45047">
        <ele>608.0</ele>
      </trkpt>
      <trkpt lat="49.25548" lon="22.45064">
        <ele>604.1</ele>
      </trkpt>
      <trkpt lat="49.25512" lon="22.45068">
        <ele>601.9</ele>
      </trkpt>
      <trkpt lat="49.25492" lon="22.45078">
        <ele>601.5</ele>
      </trkpt>
      <trkpt lat="49.25463" lon="22.45111">
        <ele>599.4</ele>
      </trkpt>
      <trkpt lat="49.254145" lon="22.45132">
        <ele>595.9</ele>
      </trkpt>
      <trkpt lat="49.25366" lon="22.45153">
        <ele>591.4</ele>
      </trkpt>
      <trkpt lat="49.253155" lon="22.451775">
        <ele>588.9</ele>
      </trkpt>
      <trkpt lat="49.25265" lon="22.45202">
        <ele>586.5</ele>
      </trkpt>
      <trkpt lat="49.25226" lon="22.45214">
        <ele>584.0</ele>
      </trkpt>
      <trkpt lat="49.25196" lon="22.45201">
        <ele>581.4</ele>
      </trkpt>
      <trkpt lat="49.25165" lon="22.45195">
        <ele>578.2</ele>
      </trkpt>
      <trkpt lat="49.25109" lon="22.45212">
        <ele>576.5</ele>
      </trkpt>
      <trkpt lat="49.25085" lon="22.45232">
        <ele>571.6</ele>
      </trkpt>
      <trkpt lat="49.25074" lon="22.45237">
        <ele>571.6</ele>
      </trkpt>
      <trkpt lat="49.25061" lon="22.45231">
        <ele>570.9</ele>
      </trkpt>
      <trkpt lat="49.25054" lon="22.45213">
        <ele>570.2</ele>
      </trkpt>
      <trkpt lat="49.25046" lon="22.45181">
        <ele>568.4</ele>
      </trkpt>
      <trkpt lat="49.25023" lon="22.45144">
        <ele>563.9</ele>
      </trkpt>
      <trkpt lat="49.25004" lon="22.4513">
        <ele>562.9</ele>
      </trkpt>
      <trkpt lat="49.24982" lon="22.4511">
        <ele>560.7</ele>
      </trkpt>
      <trkpt lat="49.24954" lon="22.45077">
        <ele>557.3</ele>
      </trkpt>
      <trkpt lat="49.24937" lon="22.4506">
        <ele>555.9</ele>
      </trkpt>
      <trkpt lat="49.24902" lon="22.45012">
        <ele>553.0</ele>
      </trkpt>
      <trkpt lat="49.24881" lon="22.45002">
        <ele>551.8</ele>
      </trkpt>
      <trkpt lat="49.24857" lon="22.45013">
        <ele>549.9</ele>
      </trkpt>
      <trkpt lat="49.24836" lon="22.45035">
        <ele>547.8</ele>
      </trkpt>
      <trkpt lat="49.24825" lon="22.4505">
        <ele>546.8</ele>
      </trkpt>
      <trkpt lat="49.2481" lon="22.45062">
        <ele>545.5</ele>
      </trkpt>
      <trkpt lat="49.24798" lon="22.45067">
        <ele>544.9</ele>
      </trkpt>
      <trkpt lat="49.24786" lon="22.4506">
        <ele>544.8</ele>
      </trkpt>
      <trkpt lat="49.24776" lon="22.45039">
        <ele>545.3</ele>
      </trkpt>
      <trkpt lat="49.24752" lon="22.45011">
        <ele>546.0</ele>
      </trkpt>
      <trkpt lat="49.24732" lon="22.45">
        <ele>548.7</ele>
      </trkpt>
      <trkpt lat="49.24648" lon="22.44984">
        <ele>553.0</ele>
      </trkpt>
      <trkpt lat="49.24594" lon="22.44968">
        <ele>554.2</ele>
      </trkpt>
      <trkpt lat="49.2454" lon="22.44952">
        <ele>555.4</ele>
      </trkpt>
      <trkpt lat="49.24522" lon="22.44931">
        <ele>555.0</ele>
      </trkpt>
      <trkpt lat="49.2451" lon="22.44911">
        <ele>555.3</ele>
      </trkpt>
      <trkpt lat="49.24496" lon="22.44878">
        <ele>556.0</ele>
      </trkpt>
      <trkpt lat="49.2444" lon="22.4479">
        <ele>559.1</ele>
      </trkpt>
      <trkpt lat="49.24411" lon="22.44729">
        <ele>561.8</ele>
      </trkpt>
      <trkpt lat="49.24389" lon="22.4466">
        <ele>564.4</ele>
      </trkpt>
      <trkpt lat="49.24367" lon="22.44591">
        <ele>568.5</ele>
      </trkpt>
      <trkpt lat="49.24354" lon="22.44556">
        <ele>569.2</ele>
      </trkpt>
      <trkpt lat="49.2434" lon="22.44478">
        <ele>569.3</ele>
      </trkpt>
      <trkpt lat="49.24343" lon="22.44403">
        <ele>568.7</ele>
      </trkpt>
      <trkpt lat="49.2435" lon="22.44353">
        <ele>568.0</ele>
      </trkpt>
      <trkpt lat="49.24364" lon="22.44293">
        <ele>565.1</ele>
      </trkpt>
      <trkpt lat="49.2441" lon="22.44176">
        <ele>561.6</ele>
      </trkpt>
      <trkpt lat="49.24427" lon="22.44148">
        <ele>560.5</ele>
      </trkpt>
      <trkpt lat="49.24443" lon="22.44129">
        <ele>559.8</ele>
      </trkpt>
      <trkpt lat="49.24461" lon="22.44099">
        <ele>558.1</ele>
      </trkpt>
      <trkpt lat="49.24486" lon="22.44026">
        <ele>555.1</ele>
      </trkpt>
      <trkpt lat="49.24507" lon="22.4399">
        <ele>553.9</ele>
      </trkpt>
      <trkpt lat="49.24525" lon="22.43976">
        <ele>553.2</ele>
      </trkpt>
      <trkpt lat="49.24541" lon="22.43966">
        <ele>551.8</ele>
      </trkpt>
      <trkpt lat="49.24551" lon="22.43936">
        <ele>550.0</ele>
      </trkpt>
      <trkpt lat="49.24563" lon="22.43853">
        <ele>545.8</ele>
      </trkpt>
      <trkpt lat="49.24561" lon="22.43829">
        <ele>544.9</ele>
      </trkpt>
      <trkpt lat="49.24562" lon="22.43747">
        <ele>540.4</ele>
      </trkpt>
      <trkpt lat="49.24555" lon="22.43721">
        <ele>540.1</ele>
      </trkpt>
      <trkpt lat="49.2454" lon="22.43687">
        <ele>539.2</ele>
      </trkpt>
      <trkpt lat="49.24489" lon="22.43614">
        <ele>535.8</ele>
      </trkpt>
      <trkpt lat="49.24419" lon="22.43551">
        <ele>535.2</ele>
      </trkpt>
      <trkpt lat="49.24375" lon="22.435175">
        <ele>535.1</ele>
      </trkpt>
      <trkpt lat="49.24331" lon="22.43484">
        <ele>535.7</ele>
      </trkpt>
      <trkpt lat="49.24292" lon="22.43457">
        <ele>535.7</ele>
      </trkpt>
      <trkpt lat="49.24211" lon="22.4341">
        <ele>536.4</ele>
      </trkpt>
      <trkpt lat="49.24184" lon="22.434">
        <ele>536.6</ele>
      </trkpt>
      <trkpt lat="49.2414" lon="22.43392">
        <ele>537.2</ele>
      </trkpt>
      <trkpt lat="49.24062" lon="22.43385">
        <ele>537.7</ele>
      </trkpt>
      <trkpt lat="49.24041" lon="22.43389">
        <ele>538.0</ele>
      </trkpt>
      <trkpt lat="49.239825" lon="22.434255">
        <ele>539.0</ele>
      </trkpt>
      <trkpt lat="49.23924" lon="22.43462">
        <ele>539.5</ele>
      </trkpt>
      <trkpt lat="49.23854" lon="22.435135">
        <ele>541.4</ele>
      </trkpt>
      <trkpt lat="49.23784" lon="22.43565">
        <ele>542.0</ele>
      </trkpt>
      <trkpt lat="49.23771" lon="22.43573">
        <ele>541.9</ele>
      </trkpt>
      <trkpt lat="49.2376" lon="22.43573">
        <ele>541.9</ele>
      </trkpt>
      <trkpt lat="49.23741" lon="22.43554">
        <ele>541.9</ele>
      </trkpt>
      <trkpt lat="49.23697" lon="22.43483">
        <ele>541.9</ele>
      </trkpt>
      <trkpt lat="49.23694" lon="22.43472">
        <ele>541.9</ele>
      </trkpt>
      <trkpt lat="49.236203" lon="22.4354">
        <ele>541.8</ele>
      </trkpt>
      <trkpt lat="49.235465" lon="22.43608">
        <ele>543.4</ele>
      </trkpt>
      <trkpt lat="49.234728" lon="22.43676">
        <ele>543.9</ele>
      </trkpt>
      <trkpt lat="49.23399" lon="22.43744">
        <ele>545.0</ele>
      </trkpt>
      <trkpt lat="49.23389" lon="22.43752">
        <ele>545.2</ele>
      </trkpt>
      <trkpt lat="49.23373" lon="22.4376">
        <ele>545.4</ele>
      </trkpt>
      <trkpt lat="49.2335" lon="22.43763">
        <ele>545.6</ele>
      </trkpt>
      <trkpt lat="49.232837" lon="22.437573">
        <ele>546.5</ele>
      </trkpt>
      <trkpt lat="49.232173" lon="22.437517">
        <ele>547.3</ele>
      </trkpt>
      <trkpt lat="49.23151" lon="22.43746">
        <ele>547.6</ele>
      </trkpt>
      <trkpt lat="49.23133" lon="22.43746">
        <ele>547.6</ele>
      </trkpt>
      <trkpt lat="49.23119" lon="22.43748">
        <ele>547.6</ele>
      </trkpt>
      <trkpt lat="49.23068" lon="22.43771">
        <ele>547.2</ele>
      </trkpt>
      <trkpt lat="49.22994" lon="22.43812">
        <ele>546.4</ele>
      </trkpt>
      <trkpt lat="49.2292" lon="22.43853">
        <ele>545.6</ele>
      </trkpt>
      <trkpt lat="49.22884" lon="22.43871">
        <ele>545.0</ele>
      </trkpt>
      <trkpt lat="49.22851" lon="22.43877">
        <ele>545.2</ele>
      </trkpt>
      <trkpt lat="49.22819" lon="22.43874">
        <ele>545.6</ele>
      </trkpt>
      <trkpt lat="49.227377" lon="22.43858">
        <ele>547.8</ele>
      </trkpt>
      <trkpt lat="49.226563" lon="22.43842">
        <ele>548.7</ele>
      </trkpt>
      <trkpt lat="49.22575" lon="22.43826">
        <ele>550.6</ele>
      </trkpt>
      <trkpt lat="49.22561" lon="22.43826">
        <ele>551.6</ele>
      </trkpt>
      <trkpt lat="49.22536" lon="22.43832">
        <ele>552.2</ele>
      </trkpt>
      <trkpt lat="49.22465" lon="22.438565">
        <ele>552.8</ele>
      </trkpt>
      <trkpt lat="49.22394" lon="22.43881">
        <ele>553.7</ele>
      </trkpt>
      <trkpt lat="49.22364" lon="22.43887">
        <ele>553.7</ele>
      </trkpt>
      <trkpt lat="49.222915" lon="22.43888">
        <ele>554.6</ele>
      </trkpt>
      <trkpt lat="49.22219" lon="22.43889">
        <ele>555.9</ele>
      </trkpt>
      <trkpt lat="49.221465" lon="22.4389">
        <ele>556.3</ele>
      </trkpt>
      <trkpt lat="49.22074" lon="22.43891">
        <ele>555.8</ele>
      </trkpt>
      <trkpt lat="49.22051" lon="22.4389">
        <ele>555.8</ele>
      </trkpt>
      <trkpt lat="49.22025" lon="22.43883">
        <ele>556.0</ele>
      </trkpt>
      <trkpt lat="49.21994" lon="22.43862">
        <ele>556.9</ele>
      </trkpt>
      <trkpt lat="49.21978" lon="22.43846">
        <ele>557.2</ele>
      </trkpt>
      <trkpt lat="49.219255" lon="22.43772">
        <ele>558.1</ele>
      </trkpt>
      <trkpt lat="49.21873" lon="22.43698">
        <ele>558.2</ele>
      </trkpt>
      <trkpt lat="49.21847" lon="22.43674">
        <ele>557.7</ele>
      </trkpt>
      <trkpt lat="49.218035" lon="22.43647">
        <ele>557.5</ele>
      </trkpt>
      <trkpt lat="49.2176" lon="22.4362">
        <ele>557.6</ele>
      </trkpt>
      <trkpt lat="49.21706" lon="22.43582">
        <ele>558.4</ele>
      </trkpt>
      <trkpt lat="49.21652" lon="22.43544">
        <ele>562.3</ele>
      </trkpt>
      <trkpt lat="49.2159" lon="22.4349">
        <ele>569.6</ele>
      </trkpt>
      <trkpt lat="49.21557" lon="22.43472">
        <ele>572.3</ele>
      </trkpt>
      <trkpt lat="49.21505" lon="22.43457">
        <ele>574.0</ele>
      </trkpt>
      <trkpt lat="49.21459" lon="22.43456">
        <ele>572.2</ele>
      </trkpt>
      <trkpt lat="49.21438" lon="22.43451">
        <ele>570.3</ele>
      </trkpt>
      <trkpt lat="49.213915" lon="22.434455">
        <ele>569.3</ele>
      </trkpt>
      <trkpt lat="49.21345" lon="22.4344">
        <ele>569.2</ele>
      </trkpt>
      <trkpt lat="49.21302" lon="22.43431">
        <ele>569.6</ele>
      </trkpt>
      <trkpt lat="49.21261" lon="22.4342">
        <ele>570.2</ele>
      </trkpt>
      <trkpt lat="49.21235" lon="22.43406">
        <ele>570.2</ele>
      </trkpt>
      <trkpt lat="49.21215" lon="22.43393">
        <ele>570.8</ele>
      </trkpt>
      <trkpt lat="49.21194" lon="22.43374">
        <ele>570.9</ele>
      </trkpt>
      <trkpt lat="49.2114" lon="22.43302">
        <ele>571.6</ele>
      </trkpt>
      <trkpt lat="49.21121" lon="22.43282">
        <ele>571.0</ele>
      </trkpt>
      <trkpt lat="49.21056" lon="22.43233">
        <ele>566.3</ele>
      </trkpt>
      <trkpt lat="49.20991" lon="22.43184">
        <ele>565.4</ele>
      </trkpt>
      <trkpt lat="49.2097" lon="22.4317">
        <ele>565.8</ele>
      </trkpt>
      <trkpt lat="49.20928" lon="22.43145">
        <ele>566.5</ele>
      </trkpt>
      <trkpt lat="49.20886" lon="22.4312">
        <ele>567.4</ele>
      </trkpt>
      <trkpt lat="49.20859" lon="22.43097">
        <ele>567.4</ele>
      </trkpt>
      <trkpt lat="49.208087" lon="22.430447">
        <ele>568.0</ele>
      </trkpt>
      <trkpt lat="49.207583" lon="22.429923">
        <ele>569.8</ele>
      </trkpt>
      <trkpt lat="49.20708" lon="22.4294">
        <ele>570.6</ele>
      </trkpt>
      <trkpt lat="49.206685" lon="22.428875">
        <ele>567.3</ele>
      </trkpt>
      <trkpt lat="49.20629" lon="22.42835">
        <ele>566.6</ele>
      </trkpt>
      <trkpt lat="49.20591" lon="22.4279">
        <ele>568.6</ele>
      </trkpt>
      <trkpt lat="49.20572" lon="22.42762">
        <ele>568.8</ele>
      </trkpt>
      <trkpt lat="49.20554" lon="22.42742">
        <ele>569.1</ele>
      </trkpt>
      <trkpt lat="49.20534" lon="22.42727">
        <ele>569.6</ele>
      </trkpt>
      <trkpt lat="49.20515" lon="22.42719">
        <ele>569.6</ele>
      </trkpt>
      <trkpt lat="49.204375" lon="22.427055">
        <ele>569.9</ele>
      </trkpt>
      <trkpt lat="49.2036" lon="22.42692">
        <ele>569.8</ele>
      </trkpt>
      <trkpt lat="49.20322" lon="22.4269">
        <ele>570.0</ele>
      </trkpt>
      <trkpt lat="49.20249" lon="22.426943">
        <ele>570.5</ele>
      </trkpt>
      <trkpt lat="49.20176" lon="22.426987">
        <ele>570.5</ele>
      </trkpt>
      <trkpt lat="49.20103" lon="22.42703">
        <ele>570.8</ele>
      </trkpt>
      <trkpt lat="49.20061" lon="22.427">
        <ele>571.1</ele>
      </trkpt>
      <trkpt lat="49.20016" lon="22.42691">
        <ele>571.4</ele>
      </trkpt>
      <trkpt lat="49.19971" lon="22.42682">
        <ele>572.0</ele>
      </trkpt>
      <trkpt lat="49.19936" lon="22.42664">
        <ele>572.4</ele>
      </trkpt>
      <trkpt lat="49.19908" lon="22.42644">
        <ele>572.6</ele>
      </trkpt>
      <trkpt lat="49.19846" lon="22.42591">
        <ele>573.2</ele>
      </trkpt>
      <trkpt lat="49.19794" lon="22.42553">
        <ele>574.6</ele>
      </trkpt>
      <trkpt lat="49.19769" lon="22.42541">
        <ele>575.3</ele>
      </trkpt>
      <trkpt lat="49.197095" lon="22.425235">
        <ele>576.5</ele>
      </trkpt>
      <trkpt lat="49.1965" lon="22.42506">
        <ele>577.2</ele>
      </trkpt>
      <trkpt lat="49.19624" lon="22.42501">
        <ele>577.4</ele>
      </trkpt>
      <trkpt lat="49.19583" lon="22.425">
        <ele>578.2</ele>
      </trkpt>
      <trkpt lat="49.195055" lon="22.42512">
        <ele>579.1</ele>
      </trkpt>
      <trkpt lat="49.19428" lon="22.42524">
        <ele>580.3</ele>
      </trkpt>
      <trkpt lat="49.19364" lon="22.425335">
        <ele>581.7</ele>
      </trkpt>
      <trkpt lat="49.193" lon="22.42543">
        <ele>584.2</ele>
      </trkpt>
      <trkpt lat="49.19274" lon="22.42537">
        <ele>584.5</ele>
      </trkpt>
      <trkpt lat="49.19262" lon="22.42568">
        <ele>584.4</ele>
      </trkpt>
      <trkpt lat="49.19245" lon="22.42598">
        <ele>584.6</ele>
      </trkpt>
      <trkpt lat="49.1923" lon="22.42615">
        <ele>584.6</ele>
      </trkpt>
      <trkpt lat="49.19194" lon="22.42645">
        <ele>584.7</ele>
      </trkpt>
      <trkpt lat="49.19126" lon="22.42696">
        <ele>585.2</ele>
      </trkpt>
      <trkpt lat="49.19108" lon="22.42702">
        <ele>585.3</ele>
      </trkpt>
      <trkpt lat="49.19087" lon="22.42704">
        <ele>585.5</ele>
      </trkpt>
      <trkpt lat="49.1907" lon="22.42701">
        <ele>585.8</ele>
      </trkpt>
      <trkpt lat="49.190215" lon="22.426785">
        <ele>586.2</ele>
      </trkpt>
      <trkpt lat="49.18973" lon="22.42656">
        <ele>587.0</ele>
      </trkpt>
      <trkpt lat="49.18955" lon="22.42651">
        <ele>587.2</ele>
      </trkpt>
      <trkpt lat="49.18939" lon="22.4265">
        <ele>587.3</ele>
      </trkpt>
      <trkpt lat="49.18891" lon="22.42656">
        <ele>587.9</ele>
      </trkpt>
      <trkpt lat="49.18852" lon="22.42663">
        <ele>588.6</ele>
      </trkpt>
      <trkpt lat="49.18815" lon="22.42677">
        <ele>588.9</ele>
      </trkpt>
      <trkpt lat="49.187478" lon="22.427075">
        <ele>590.2</ele>
      </trkpt>
      <trkpt lat="49.186805" lon="22.42738">
        <ele>590.8</ele>
      </trkpt>
      <trkpt lat="49.186133" lon="22.427685">
        <ele>591.3</ele>
      </trkpt>
      <trkpt lat="49.18546" lon="22.42799">
        <ele>590.7</ele>
      </trkpt>
      <trkpt lat="49.18496" lon="22.4282">
        <ele>588.1</ele>
      </trkpt>
      <trkpt lat="49.1848" lon="22.42824">
        <ele>588.1</ele>
      </trkpt>
      <trkpt lat="49.18461" lon="22.42826">
        <ele>587.3</ele>
      </trkpt>
      <trkpt lat="49.18425" lon="22.42825">
        <ele>586.4</ele>
      </trkpt>
      <trkpt lat="49.18377" lon="22.428185">
        <ele>586.0</ele>
      </trkpt>
      <trkpt lat="49.18329" lon="22.42812">
        <ele>585.3</ele>
      </trkpt>
      <trkpt lat="49.18317" lon="22.42812">
        <ele>585.3</ele>
      </trkpt>
      <trkpt lat="49.18308" lon="22.42815">
        <ele>585.3</ele>
      </trkpt>
      <trkpt lat="49.18296" lon="22.42823">
        <ele>585.2</ele>
      </trkpt>
      <trkpt lat="49.18286" lon="22.42833">
        <ele>585.1</ele>
      </trkpt>
      <trkpt lat="49.18272" lon="22.4286">
        <ele>585.1</ele>
      </trkpt>
      <trkpt lat="49.18264" lon="22.42882">
        <ele>585.2</ele>
      </trkpt>
      <trkpt lat="49.182455" lon="22.43016">
        <ele>586.0</ele>
      </trkpt>
      <trkpt lat="49.18227" lon="22.4315">
        <ele>588.6</ele>
      </trkpt>
      <trkpt lat="49.18218" lon="22.43194">
        <ele>589.8</ele>
      </trkpt>
      <trkpt lat="49.18205" lon="22.43238">
        <ele>591.1</ele>
      </trkpt>
      <trkpt lat="49.18181" lon="22.43295">
        <ele>591.8</ele>
      </trkpt>
      <trkpt lat="49.181505" lon="22.43358">
        <ele>591.8</ele>
      </trkpt>
      <trkpt lat="49.1812" lon="22.43421">
        <ele>592.1</ele>
      </trkpt>
      <trkpt lat="49.181" lon="22.4346">
        <ele>592.6</ele>
      </trkpt>
      <trkpt lat="49.1808" lon="22.4348">
        <ele>593.5</ele>
      </trkpt>
      <trkpt lat="49.18073" lon="22.43482">
        <ele>593.7</ele>
      </trkpt>
      <trkpt lat="49.1805" lon="22.43481">
        <ele>593.9</ele>
      </trkpt>
      <trkpt lat="49.17981" lon="22.434685">
        <ele>596.7</ele>
      </trkpt>
      <trkpt lat="49.17912" lon="22.43456">
        <ele>598.5</ele>
      </trkpt>
      <trkpt lat="49.17893" lon="22.43459">
        <ele>599.2</ele>
      </trkpt>
      <trkpt lat="49.17875" lon="22.43468">
        <ele>599.2</ele>
      </trkpt>
      <trkpt lat="49.17862" lon="22.43478">
        <ele>599.2</ele>
      </trkpt>
      <trkpt lat="49.1785" lon="22.43491">
        <ele>600.1</ele>
      </trkpt>
      <trkpt lat="49.177996" lon="22.435702">
        <ele>600.8</ele>
      </trkpt>
      <trkpt lat="49.177492" lon="22.436494">
        <ele>602.1</ele>
      </trkpt>
      <trkpt lat="49.176988" lon="22.437286">
        <ele>603.0</ele>
      </trkpt>
      <trkpt lat="49.176484" lon="22.438078">
        <ele>603.4</ele>
      </trkpt>
      <trkpt lat="49.17598" lon="22.43887">
        <ele>604.0</ele>
      </trkpt>
      <trkpt lat="49.17552" lon="22.439513">
        <ele>605.3</ele>
      </trkpt>
      <trkpt lat="49.17506" lon="22.440157">
        <ele>608.4</ele>
      </trkpt>
      <trkpt lat="49.1746" lon="22.4408">
        <ele>609.9</ele>
      </trkpt>
      <trkpt lat="49.17442" lon="22.441">
        <ele>610.1</ele>
      </trkpt>
      <trkpt lat="49.1743" lon="22.4411">
        <ele>610.1</ele>
      </trkpt>
      <trkpt lat="49.17416" lon="22.44118">
        <ele>610.2</ele>
      </trkpt>
      <trkpt lat="49.17375" lon="22.44136">
        <ele>610.6</ele>
      </trkpt>
      <trkpt lat="49.17351" lon="22.4415">
        <ele>611.0</ele>
      </trkpt>
      <trkpt lat="49.17331" lon="22.44167">
        <ele>611.0</ele>
      </trkpt>
      <trkpt lat="49.17291" lon="22.44212">
        <ele>610.2</ele>
      </trkpt>
      <trkpt lat="49.17282" lon="22.44195">
        <ele>610.4</ele>
      </trkpt>
      <trkpt lat="49.17235" lon="22.441255">
        <ele>611.8</ele>
      </trkpt>
      <trkpt lat="49.17188" lon="22.44056">
        <ele>612.8</ele>
      </trkpt>
      <trkpt lat="49.1716" lon="22.44024">
        <ele>613.1</ele>
      </trkpt>
      <trkpt lat="49.17111" lon="22.43989">
        <ele>614.1</ele>
      </trkpt>
      <trkpt lat="49.17039" lon="22.43943">
        <ele>615.6</ele>
      </trkpt>
      <trkpt lat="49.16967" lon="22.43897">
        <ele>617.0</ele>
      </trkpt>
      <trkpt lat="49.16938" lon="22.43872">
        <ele>618.1</ele>
      </trkpt>
      <trkpt lat="49.16921" lon="22.43852">
        <ele>618.1</ele>
      </trkpt>
      <trkpt lat="49.16896" lon="22.43815">
        <ele>618.7</ele>
      </trkpt>
      <trkpt lat="49.1686" lon="22.437325">
        <ele>619.7</ele>
      </trkpt>
      <trkpt lat="49.16824" lon="22.4365">
        <ele>620.7</ele>
      </trkpt>
      <trkpt lat="49.16812" lon="22.43628">
        <ele>620.6</ele>
      </trkpt>
      <trkpt lat="49.16796" lon="22.43608">
        <ele>620.0</ele>
      </trkpt>
      <trkpt lat="49.16781" lon="22.43598">
        <ele>619.5</ele>
      </trkpt>
      <trkpt lat="49.16772" lon="22.43594">
        <ele>619.1</ele>
      </trkpt>
      <trkpt lat="49.16728" lon="22.43581">
        <ele>617.1</ele>
      </trkpt>
      <trkpt lat="49.16652" lon="22.435635">
        <ele>614.7</ele>
      </trkpt>
      <trkpt lat="49.16576" lon="22.43546">
        <ele>616.2</ele>
      </trkpt>
      <trkpt lat="49.16548" lon="22.43529">
        <ele>616.3</ele>
      </trkpt>
      <trkpt lat="49.16505" lon="22.43495">
        <ele>617.3</ele>
      </trkpt>
      <trkpt lat="49.16485" lon="22.43483">
        <ele>618.6</ele>
      </trkpt>
      <trkpt lat="49.16446" lon="22.43474">
        <ele>621.8</ele>
      </trkpt>
      <trkpt lat="49.16395" lon="22.43468">
        <ele>622.7</ele>
      </trkpt>
      <trkpt lat="49.16383" lon="22.43468">
        <ele>622.7</ele>
      </trkpt>
      <trkpt lat="49.16376" lon="22.43472">
        <ele>622.3</ele>
      </trkpt>
      <trkpt lat="49.16363" lon="22.43484">
        <ele>622.3</ele>
      </trkpt>
      <trkpt lat="49.16328" lon="22.43527">
        <ele>622.9</ele>
      </trkpt>
      <trkpt lat="49.16295" lon="22.43549">
        <ele>624.4</ele>
      </trkpt>
      <trkpt lat="49.16214" lon="22.43557">
        <ele>628.9</ele>
      </trkpt>
      <trkpt lat="49.16161" lon="22.43582">
        <ele>632.2</ele>
      </trkpt>
      <trkpt lat="49.160913" lon="22.436273">
        <ele>633.9</ele>
      </trkpt>
      <trkpt lat="49.160217" lon="22.436727">
        <ele>635.5</ele>
      </trkpt>
      <trkpt lat="49.15952" lon="22.43718">
        <ele>637.0</ele>
      </trkpt>
      <trkpt lat="49.15903" lon="22.43738">
        <ele>638.6</ele>
      </trkpt>
      <trkpt lat="49.15819" lon="22.43756">
        <ele>640.8</ele>
      </trkpt>
      <trkpt lat="49.15735" lon="22.43774">
        <ele>642.7</ele>
      </trkpt>
      <trkpt lat="49.15722" lon="22.43774">
        <ele>643.3</ele>
      </trkpt>
      <trkpt lat="49.15707" lon="22.43768">
        <ele>643.3</ele>
      </trkpt>
      <trkpt lat="49.15684" lon="22.43747">
        <ele>644.0</ele>
      </trkpt>
      <trkpt lat="49.15636" lon="22.43688">
        <ele>646.4</ele>
      </trkpt>
      <trkpt lat="49.15625" lon="22.43679">
        <ele>646.4</ele>
      </trkpt>
      <trkpt lat="49.15609" lon="22.43672">
        <ele>647.3</ele>
      </trkpt>
      <trkpt lat="49.15586" lon="22.43678">
        <ele>647.7</ele>
      </trkpt>
      <trkpt lat="49.15509" lon="22.43722">
        <ele>647.7</ele>
      </trkpt>
      <trkpt lat="49.15475" lon="22.43724">
        <ele>647.7</ele>
      </trkpt>
      <trkpt lat="49.15448" lon="22.43723">
        <ele>648.0</ele>
      </trkpt>
      <trkpt lat="49.15439" lon="22.43719">
        <ele>648.3</ele>
      </trkpt>
      <trkpt lat="49.15397" lon="22.43684">
        <ele>649.0</ele>
      </trkpt>
      <trkpt lat="49.15377" lon="22.43685">
        <ele>649.4</ele>
      </trkpt>
      <trkpt lat="49.15323" lon="22.43698">
        <ele>650.4</ele>
      </trkpt>
      <trkpt lat="49.15303" lon="22.43697">
        <ele>650.8</ele>
      </trkpt>
      <trkpt lat="49.15242" lon="22.43672">
        <ele>653.9</ele>
      </trkpt>
      <trkpt lat="49.15181" lon="22.43647">
        <ele>655.3</ele>
      </trkpt>
      <trkpt lat="49.1515" lon="22.43631">
        <ele>656.0</ele>
      </trkpt>
      <trkpt lat="49.1511" lon="22.435975">
        <ele>657.4</ele>
      </trkpt>
      <trkpt lat="49.1507" lon="22.43564">
        <ele>658.3</ele>
      </trkpt>
      <trkpt lat="49.150245" lon="22.43533">
        <ele>659.5</ele>
      </trkpt>
      <trkpt lat="49.14979" lon="22.43502">
        <ele>660.2</ele>
      </trkpt>
      <trkpt lat="49.14935" lon="22.43475">
        <ele>661.3</ele>
      </trkpt>
      <trkpt lat="49.1491" lon="22.43439">
        <ele>662.3</ele>
      </trkpt>
      <trkpt lat="49.14878" lon="22.43369">
        <ele>663.2</ele>
      </trkpt>
      <trkpt lat="49.14846" lon="22.43335">
        <ele>663.6</ele>
      </trkpt>
      <trkpt lat="49.14809" lon="22.43291">
        <ele>665.1</ele>
      </trkpt>
      <trkpt lat="49.14755" lon="22.4328">
        <ele>666.4</ele>
      </trkpt>
      <trkpt lat="49.14701" lon="22.43269">
        <ele>668.0</ele>
      </trkpt>
      <trkpt lat="49.14645" lon="22.43265">
        <ele>669.4</ele>
      </trkpt>
      <trkpt lat="49.146" lon="22.43275">
        <ele>671.1</ele>
      </trkpt>
      <trkpt lat="49.14555" lon="22.43285">
        <ele>671.7</ele>
      </trkpt>
      <trkpt lat="49.14496" lon="22.43312">
        <ele>673.1</ele>
      </trkpt>
      <trkpt lat="49.144315" lon="22.433165">
        <ele>675.4</ele>
      </trkpt>
      <trkpt lat="49.14367" lon="22.43321">
        <ele>678.0</ele>
      </trkpt>
      <trkpt lat="49.143215" lon="22.43322">
        <ele>679.6</ele>
      </trkpt>
      <trkpt lat="49.14276" lon="22.43323">
        <ele>680.5</ele>
      </trkpt>
      <trkpt lat="49.14199" lon="22.43294">
        <ele>682.9</ele>
      </trkpt>
      <trkpt lat="49.14125" lon="22.43276">
        <ele>684.9</ele>
      </trkpt>
      <trkpt lat="49.14057" lon="22.43255">
        <ele>687.1</ele>
      </trkpt>
      <trkpt lat="49.14004" lon="22.43205">
        <ele>689.3</ele>
      </trkpt>
      <trkpt lat="49.1396" lon="22.43157">
        <ele>691.5</ele>
      </trkpt>
      <trkpt lat="49.13961" lon="22.43158">
        <ele>691.5</ele>
      </trkpt>
      <trkpt lat="49.13916" lon="22.43079">
        <ele>695.1</ele>
      </trkpt>
      <trkpt lat="49.13875" lon="22.42998">
        <ele>696.8</ele>
      </trkpt>
      <trkpt lat="49.13856" lon="22.42948">
        <ele>695.6</ele>
      </trkpt>
      <trkpt lat="49.138345" lon="22.42864">
        <ele>695.4</ele>
      </trkpt>
      <trkpt lat="49.13813" lon="22.4278">
        <ele>696.3</ele>
      </trkpt>
      <trkpt lat="49.13794" lon="22.427155">
        <ele>697.0</ele>
      </trkpt>
      <trkpt lat="49.13775" lon="22.42651">
        <ele>697.8</ele>
      </trkpt>
      <trkpt lat="49.1377" lon="22.42593">
        <ele>697.8</ele>
      </trkpt>
      <trkpt lat="49.13771" lon="22.42575">
        <ele>697.8</ele>
      </trkpt>
      <trkpt lat="49.13768" lon="22.42554">
        <ele>697.9</ele>
      </trkpt>
      <trkpt lat="49.13727" lon="22.42454">
        <ele>700.4</ele>
      </trkpt>
      <trkpt lat="49.13743" lon="22.42454">
        <ele>699.6</ele>
      </trkpt>
      <trkpt lat="49.1377" lon="22.42506">
        <ele>696.7</ele>
      </trkpt>
      <trkpt lat="49.13788" lon="22.42573">
        <ele>695.6</ele>
      </trkpt>
      <trkpt lat="49.138205" lon="22.426225">
        <ele>695.6</ele>
      </trkpt>
      <trkpt lat="49.13853" lon="22.42672">
        <ele>695.7</ele>
      </trkpt>
      <trkpt lat="49.13869" lon="22.42707">
        <ele>696.2</ele>
      </trkpt>
      <trkpt lat="49.1388" lon="22.42746">
        <ele>697.1</ele>
      </trkpt>
      <trkpt lat="49.13891" lon="22.42816">
        <ele>698.8</ele>
      </trkpt>
      <trkpt lat="49.139" lon="22.42841">
        <ele>699.4</ele>
      </trkpt>
      <trkpt lat="49.13917" lon="22.42874">
        <ele>700.2</ele>
      </trkpt>
      <trkpt lat="49.13962" lon="22.42939">
        <ele>702.7</ele>
      </trkpt>
      <trkpt lat="49.13972" lon="22.42948">
        <ele>703.1</ele>
      </trkpt>
      <trkpt lat="49.13978" lon="22.42951">
        <ele>703.1</ele>
      </trkpt>
      <trkpt lat="49.13985" lon="22.4295">
        <ele>704.7</ele>
      </trkpt>
      <trkpt lat="49.13991" lon="22.42945">
        <ele>704.7</ele>
      </trkpt>
      <trkpt lat="49.13999" lon="22.4293">
        <ele>704.7</ele>
      </trkpt>
      <trkpt lat="49.1401" lon="22.42897">
        <ele>706.6</ele>
      </trkpt>
      <trkpt lat="49.1402" lon="22.42836">
        <ele>709.5</ele>
      </trkpt>
      <trkpt lat="49.14029" lon="22.42795">
        <ele>711.5</ele>
      </trkpt>
      <trkpt lat="49.14039" lon="22.42784">
        <ele>711.8</ele>
      </trkpt>
      <trkpt lat="49.14044" lon="22.42801">
        <ele>712.0</ele>
      </trkpt>
      <trkpt lat="49.14042" lon="22.42909">
        <ele>708.7</ele>
      </trkpt>
      <trkpt lat="49.1404" lon="22.43017">
        <ele>706.6</ele>
      </trkpt>
      <trkpt lat="49.14057" lon="22.43045">
        <ele>707.1</ele>
      </trkpt>
      <trkpt lat="49.14073" lon="22.43061">
        <ele>707.5</ele>
      </trkpt>
      <trkpt lat="49.14102" lon="22.43098">
        <ele>708.5</ele>
      </trkpt>
      <trkpt lat="49.14121" lon="22.43118">
        <ele>709.7</ele>
      </trkpt>
      <trkpt lat="49.14133" lon="22.43127">
        <ele>709.7</ele>
      </trkpt>
      <trkpt lat="49.14167" lon="22.43136">
        <ele>711.9</ele>
      </trkpt>
      <trkpt lat="49.14181" lon="22.43135">
        <ele>711.9</ele>
      </trkpt>
      <trkpt lat="49.1421" lon="22.43128">
        <ele>712.7</ele>
      </trkpt>
      <trkpt lat="49.14251" lon="22.4311">
        <ele>714.6</ele>
      </trkpt>
      <trkpt lat="49.142985" lon="22.430795">
        <ele>716.1</ele>
      </trkpt>
      <trkpt lat="49.14346" lon="22.43049">
        <ele>718.7</ele>
      </trkpt>
      <trkpt lat="49.14362" lon="22.43041">
        <ele>719.3</ele>
      </trkpt>
      <trkpt lat="49.14437" lon="22.43027">
        <ele>721.8</ele>
      </trkpt>
      <trkpt lat="49.14473" lon="22.43026">
        <ele>723.2</ele>
      </trkpt>
      <trkpt lat="49.14506" lon="22.43029">
        <ele>724.4</ele>
      </trkpt>
      <trkpt lat="49.14589" lon="22.43061">
        <ele>727.9</ele>
      </trkpt>
      <trkpt lat="49.14659" lon="22.43077">
        <ele>730.9</ele>
      </trkpt>
      <trkpt lat="49.14667" lon="22.43078">
        <ele>730.9</ele>
      </trkpt>
      <trkpt lat="49.14717" lon="22.4307">
        <ele>732.1</ele>
      </trkpt>
      <trkpt lat="49.14801" lon="22.43025">
        <ele>735.3</ele>
      </trkpt>
      <trkpt lat="49.14846" lon="22.42995">
        <ele>737.5</ele>
      </trkpt>
      <trkpt lat="49.1489" lon="22.42956">
        <ele>738.7</ele>
      </trkpt>
      <trkpt lat="49.14907" lon="22.42932">
        <ele>740.2</ele>
      </trkpt>
      <trkpt lat="49.1493" lon="22.42887">
        <ele>741.8</ele>
      </trkpt>
      <trkpt lat="49.14935" lon="22.42866">
        <ele>742.4</ele>
      </trkpt>
      <trkpt lat="49.14941" lon="22.42804">
        <ele>744.5</ele>
      </trkpt>
      <trkpt lat="49.14942" lon="22.4277">
        <ele>745.2</ele>
      </trkpt>
      <trkpt lat="49.14932" lon="22.4273">
        <ele>745.4</ele>
      </trkpt>
      <trkpt lat="49.14934" lon="22.42718">
        <ele>745.3</ele>
      </trkpt>
      <trkpt lat="49.14943" lon="22.42699">
        <ele>745.4</ele>
      </trkpt>
      <trkpt lat="49.14953" lon="22.42691">
        <ele>745.7</ele>
      </trkpt>
      <trkpt lat="49.14967" lon="22.4269">
        <ele>746.3</ele>
      </trkpt>
      <trkpt lat="49.15023" lon="22.42714">
        <ele>748.3</ele>
      </trkpt>
      <trkpt lat="49.15039" lon="22.42711">
        <ele>749.1</ele>
      </trkpt>
      <trkpt lat="49.15053" lon="22.42702">
        <ele>749.4</ele>
      </trkpt>
      <trkpt lat="49.15059" lon="22.42696">
        <ele>749.6</ele>
      </trkpt>
      <trkpt lat="49.15067" lon="22.42685">
        <ele>750.0</ele>
      </trkpt>
      <trkpt lat="49.15084" lon="22.42655">
        <ele>750.2</ele>
      </trkpt>
      <trkpt lat="49.15096" lon="22.42625">
        <ele>751.6</ele>
      </trkpt>
      <trkpt lat="49.15104" lon="22.42592">
        <ele>751.6</ele>
      </trkpt>
      <trkpt lat="49.1511" lon="22.42516">
        <ele>752.5</ele>
      </trkpt>
      <trkpt lat="49.15111" lon="22.4247">
        <ele>752.7</ele>
      </trkpt>
      <trkpt lat="49.15115" lon="22.4245">
        <ele>752.7</ele>
      </trkpt>
      <trkpt lat="49.15125" lon="22.42432">
        <ele>752.9</ele>
      </trkpt>
      <trkpt lat="49.15162" lon="22.424">
        <ele>753.7</ele>
      </trkpt>
      <trkpt lat="49.15181" lon="22.42374">
        <ele>754.2</ele>
      </trkpt>
      <trkpt lat="49.15191" lon="22.42358">
        <ele>754.8</ele>
      </trkpt>
      <trkpt lat="49.15204" lon="22.42327">
        <ele>755.3</ele>
      </trkpt>
      <trkpt lat="49.15214" lon="22.42293">
        <ele>755.5</ele>
      </trkpt>
      <trkpt lat="49.1522" lon="22.42233">
        <ele>756.0</ele>
      </trkpt>
      <trkpt lat="49.15216" lon="22.42206">
        <ele>756.5</ele>
      </trkpt>
      <trkpt lat="49.15208" lon="22.42178">
        <ele>756.9</ele>
      </trkpt>
      <trkpt lat="49.15182" lon="22.42122">
        <ele>757.0</ele>
      </trkpt>
      <trkpt lat="49.15176" lon="22.42092">
        <ele>756.6</ele>
      </trkpt>
      <trkpt lat="49.1518" lon="22.42073">
        <ele>756.8</ele>
      </trkpt>
      <trkpt lat="49.15206" lon="22.42015">
        <ele>758.5</ele>
      </trkpt>
      <trkpt lat="49.15222" lon="22.41913">
        <ele>757.2</ele>
      </trkpt>
      <trkpt lat="49.15227" lon="22.41893">
        <ele>756.3</ele>
      </trkpt>
      <trkpt lat="49.15235" lon="22.41871">
        <ele>754.5</ele>
      </trkpt>
      <trkpt lat="49.15256" lon="22.41833">
        <ele>752.4</ele>
      </trkpt>
      <trkpt lat="49.15267" lon="22.4183">
        <ele>752.6</ele>
      </trkpt>
      <trkpt lat="49.1528" lon="22.41839">
        <ele>754.1</ele>
      </trkpt>
      <trkpt lat="49.15291" lon="22.41844">
        <ele>755.6</ele>
      </trkpt>
      <trkpt lat="49.15301" lon="22.41855">
        <ele>756.5</ele>
      </trkpt>
      <trkpt lat="49.15308" lon="22.41874">
        <ele>757.3</ele>
      </trkpt>
      <trkpt lat="49.15318" lon="22.41938">
        <ele>760.0</ele>
      </trkpt>
      <trkpt lat="49.1533" lon="22.41989">
        <ele>761.4</ele>
      </trkpt>
      <trkpt lat="49.15337" lon="22.42005">
        <ele>761.4</ele>
      </trkpt>
      <trkpt lat="49.15356" lon="22.42037">
        <ele>762.3</ele>
      </trkpt>
      <trkpt lat="49.15372" lon="22.42051">
        <ele>763.7</ele>
      </trkpt>
      <trkpt lat="49.15391" lon="22.42057">
        <ele>763.7</ele>
      </trkpt>
      <trkpt lat="49.15472" lon="22.42067">
        <ele>766.9</ele>
      </trkpt>
      <trkpt lat="49.155225" lon="22.42081">
        <ele>767.5</ele>
      </trkpt>
      <trkpt lat="49.15573" lon="22.42095">
        <ele>768.5</ele>
      </trkpt>
      <trkpt lat="49.15589" lon="22.42097">
        <ele>768.8</ele>
      </trkpt>
      <trkpt lat="49.15606" lon="22.42102">
        <ele>769.5</ele>
      </trkpt>
      <trkpt lat="49.1562" lon="22.42098">
        <ele>769.5</ele>
      </trkpt>
      <trkpt lat="49.15631" lon="22.42086">
        <ele>769.8</ele>
      </trkpt>
      <trkpt lat="49.15639" lon="22.42073">
        <ele>770.0</ele>
      </trkpt>
      <trkpt lat="49.15645" lon="22.42056">
        <ele>770.1</ele>
      </trkpt>
      <trkpt lat="49.15647" lon="22.42026">
        <ele>770.1</ele>
      </trkpt>
      <trkpt lat="49.15637" lon="22.41968">
        <ele>769.9</ele>
      </trkpt>
      <trkpt lat="49.15635" lon="22.4194">
        <ele>769.9</ele>
      </trkpt>
      <trkpt lat="49.15638" lon="22.41911">
        <ele>769.9</ele>
      </trkpt>
      <trkpt lat="49.15646" lon="22.41902">
        <ele>769.9</ele>
      </trkpt>
      <trkpt lat="49.1566" lon="22.419">
        <ele>769.9</ele>
      </trkpt>
      <trkpt lat="49.15715" lon="22.41919">
        <ele>770.4</ele>
      </trkpt>
      <trkpt lat="49.15739" lon="22.4191">
        <ele>770.5</ele>
      </trkpt>
      <trkpt lat="49.15782" lon="22.41877">
        <ele>770.6</ele>
      </trkpt>
      <trkpt lat="49.15796" lon="22.41863">
        <ele>770.9</ele>
      </trkpt>
      <trkpt lat="49.15808" lon="22.41847">
        <ele>771.5</ele>
      </trkpt>
      <trkpt lat="49.1583" lon="22.41761">
        <ele>772.6</ele>
      </trkpt>
      <trkpt lat="49.1585" lon="22.41713">
        <ele>773.4</ele>
      </trkpt>
      <trkpt lat="49.15863" lon="22.41691">
        <ele>773.9</ele>
      </trkpt>
      <trkpt lat="49.15877" lon="22.41648">
        <ele>774.0</ele>
      </trkpt>
      <trkpt lat="49.1588" lon="22.41617">
        <ele>773.8</ele>
      </trkpt>
      <trkpt lat="49.15894" lon="22.41546">
        <ele>773.6</ele>
      </trkpt>
      <trkpt lat="49.15901" lon="22.41486">
        <ele>773.5</ele>
      </trkpt>
      <trkpt lat="49.15903" lon="22.41419">
        <ele>773.5</ele>
      </trkpt>
      <trkpt lat="49.15895" lon="22.4135">
        <ele>773.1</ele>
      </trkpt>
      <trkpt lat="49.15897" lon="22.41338">
        <ele>773.1</ele>
      </trkpt>
      <trkpt lat="49.15907" lon="22.41315">
        <ele>772.9</ele>
      </trkpt>
      <trkpt lat="49.1592" lon="22.41291">
        <ele>772.7</ele>
      </trkpt>
      <trkpt lat="49.15935" lon="22.41269">
        <ele>771.7</ele>
      </trkpt>
      <trkpt lat="49.15943" lon="22.41262">
        <ele>771.7</ele>
      </trkpt>
      <trkpt lat="49.15962" lon="22.4125">
        <ele>771.5</ele>
      </trkpt>
      <trkpt lat="49.15973" lon="22.41246">
        <ele>771.1</ele>
      </trkpt>
      <trkpt lat="49.1598" lon="22.41246">
        <ele>771.1</ele>
      </trkpt>
      <trkpt lat="49.15987" lon="22.41249">
        <ele>771.1</ele>
      </trkpt>
      <trkpt lat="49.15993" lon="22.41255">
        <ele>771.1</ele>
      </trkpt>
      <trkpt lat="49.16001" lon="22.41272">
        <ele>770.4</ele>
      </trkpt>
      <trkpt lat="49.16017" lon="22.41338">
        <ele>770.0</ele>
      </trkpt>
      <trkpt lat="49.1603" lon="22.41372">
        <ele>770.0</ele>
      </trkpt>
      <trkpt lat="49.16041" lon="22.41391">
        <ele>770.5</ele>
      </trkpt>
      <trkpt lat="49.16066" lon="22.41419">
        <ele>770.5</ele>
      </trkpt>
      <trkpt lat="49.16077" lon="22.41426">
        <ele>770.5</ele>
      </trkpt>
      <trkpt lat="49.16088" lon="22.41428">
        <ele>770.1</ele>
      </trkpt>
      <trkpt lat="49.16157" lon="22.41425">
        <ele>769.8</ele>
      </trkpt>
      <trkpt lat="49.16172" lon="22.41423">
        <ele>769.7</ele>
      </trkpt>
      <trkpt lat="49.16212" lon="22.41411">
        <ele>769.5</ele>
      </trkpt>
      <trkpt lat="49.16238" lon="22.41401">
        <ele>769.3</ele>
      </trkpt>
      <trkpt lat="49.16255" lon="22.41389">
        <ele>769.1</ele>
      </trkpt>
      <trkpt lat="49.16268" lon="22.41377">
        <ele>768.9</ele>
      </trkpt>
      <trkpt lat="49.16284" lon="22.41357">
        <ele>768.9</ele>
      </trkpt>
      <trkpt lat="49.16312" lon="22.41307">
        <ele>770.2</ele>
      </trkpt>
      <trkpt lat="49.16323" lon="22.41278">
        <ele>770.6</ele>
      </trkpt>
      <trkpt lat="49.16351" lon="22.41171">
        <ele>769.6</ele>
      </trkpt>
      <trkpt lat="49.163855" lon="22.41083">
        <ele>769.3</ele>
      </trkpt>
      <trkpt lat="49.1642" lon="22.40995">
        <ele>769.1</ele>
      </trkpt>
      <trkpt lat="49.16462" lon="22.40874">
        <ele>766.9</ele>
      </trkpt>
      <trkpt lat="49.16474" lon="22.40823">
        <ele>765.9</ele>
      </trkpt>
      <trkpt lat="49.16482" lon="22.40764">
        <ele>764.0</ele>
      </trkpt>
      <trkpt lat="49.16485" lon="22.40753">
        <ele>763.6</ele>
      </trkpt>
      <trkpt lat="49.16514" lon="22.40692">
        <ele>761.4</ele>
      </trkpt>
      <trkpt lat="49.16562" lon="22.40578">
        <ele>757.9</ele>
      </trkpt>
      <trkpt lat="49.16585" lon="22.40536">
        <ele>755.8</ele>
      </trkpt>
      <trkpt lat="49.16624" lon="22.40475">
        <ele>754.2</ele>
      </trkpt>
      <trkpt lat="49.16641" lon="22.4044">
        <ele>752.6</ele>
      </trkpt>
      <trkpt lat="49.16653" lon="22.40407">
        <ele>751.5</ele>
      </trkpt>
      <trkpt lat="49.16676" lon="22.40289">
        <ele>747.7</ele>
      </trkpt>
      <trkpt lat="49.16681" lon="22.40272">
        <ele>747.3</ele>
      </trkpt>
      <trkpt lat="49.16722" lon="22.40191">
        <ele>744.4</ele>
      </trkpt>
      <trkpt lat="49.16732" lon="22.40163">
        <ele>743.2</ele>
      </trkpt>
      <trkpt lat="49.16735" lon="22.40129">
        <ele>742.4</ele>
      </trkpt>
      <trkpt lat="49.16731" lon="22.40115">
        <ele>740.9</ele>
      </trkpt>
      <trkpt lat="49.16704" lon="22.40083">
        <ele>739.9</ele>
      </trkpt>
      <trkpt lat="49.16665" lon="22.40059">
        <ele>737.7</ele>
      </trkpt>
      <trkpt lat="49.16655" lon="22.4005">
        <ele>736.4</ele>
      </trkpt>
      <trkpt lat="49.16647" lon="22.40039">
        <ele>735.8</ele>
      </trkpt>
      <trkpt lat="49.16643" lon="22.40026">
        <ele>735.7</ele>
      </trkpt>
      <trkpt lat="49.16644" lon="22.39996">
        <ele>735.7</ele>
      </trkpt>
      <trkpt lat="49.16648" lon="22.39988">
        <ele>735.3</ele>
      </trkpt>
      <trkpt lat="49.16655" lon="22.39981">
        <ele>735.3</ele>
      </trkpt>
      <trkpt lat="49.16691" lon="22.39973">
        <ele>733.7</ele>
      </trkpt>
      <trkpt lat="49.16711" lon="22.39966">
        <ele>733.2</ele>
      </trkpt>
      <trkpt lat="49.16731" lon="22.39954">
        <ele>731.3</ele>
      </trkpt>
      <trkpt lat="49.16746" lon="22.39939">
        <ele>730.7</ele>
      </trkpt>
      <trkpt lat="49.1676" lon="22.39914">
        <ele>730.0</ele>
      </trkpt>
      <trkpt lat="49.16764" lon="22.39888">
        <ele>729.1</ele>
      </trkpt>
      <trkpt lat="49.16762" lon="22.39864">
        <ele>728.2</ele>
      </trkpt>
      <trkpt lat="49.16753" lon="22.39843">
        <ele>727.1</ele>
      </trkpt>
      <trkpt lat="49.16739" lon="22.39825">
        <ele>724.8</ele>
      </trkpt>
      <trkpt lat="49.16714" lon="22.39799">
        <ele>720.3</ele>
      </trkpt>
      <trkpt lat="49.167" lon="22.3978">
        <ele>718.6</ele>
      </trkpt>
      <trkpt lat="49.16696" lon="22.39761">
        <ele>717.4</ele>
      </trkpt>
      <trkpt lat="49.16692" lon="22.39675">
        <ele>716.3</ele>
      </trkpt>
      <trkpt lat="49.16684" lon="22.39657">
        <ele>717.0</ele>
      </trkpt>
      <trkpt lat="49.16675" lon="22.39644">
        <ele>717.8</ele>
      </trkpt>
      <trkpt lat="49.1663" lon="22.396055">
        <ele>720.4</ele>
      </trkpt>
      <trkpt lat="49.16585" lon="22.39567">
        <ele>722.6</ele>
      </trkpt>
      <trkpt lat="49.16554" lon="22.39536">
        <ele>723.5</ele>
      </trkpt>
      <trkpt lat="49.16491" lon="22.39484">
        <ele>726.2</ele>
      </trkpt>
      <trkpt lat="49.16456" lon="22.39447">
        <ele>726.3</ele>
      </trkpt>
      <trkpt lat="49.16453" lon="22.39435">
        <ele>726.3</ele>
      </trkpt>
      <trkpt lat="49.16453" lon="22.39421">
        <ele>726.7</ele>
      </trkpt>
      <trkpt lat="49.1646" lon="22.39389">
        <ele>728.5</ele>
      </trkpt>
      <trkpt lat="49.16471" lon="22.39379">
        <ele>729.5</ele>
      </trkpt>
      <trkpt lat="49.16482" lon="22.39375">
        <ele>731.0</ele>
      </trkpt>
      <trkpt lat="49.16507" lon="22.39378">
        <ele>733.6</ele>
      </trkpt>
      <trkpt lat="49.16541" lon="22.39386">
        <ele>735.4</ele>
      </trkpt>
      <trkpt lat="49.16611" lon="22.39399">
        <ele>739.2</ele>
      </trkpt>
      <trkpt lat="49.16658" lon="22.394125">
        <ele>740.3</ele>
      </trkpt>
      <trkpt lat="49.16705" lon="22.39426">
        <ele>740.8</ele>
      </trkpt>
      <trkpt lat="49.16733" lon="22.3943">
        <ele>741.6</ele>
      </trkpt>
      <trkpt lat="49.16764" lon="22.39426">
        <ele>743.0</ele>
      </trkpt>
      <trkpt lat="49.16796" lon="22.39415">
        <ele>744.0</ele>
      </trkpt>
      <trkpt lat="49.16807" lon="22.39413">
        <ele>744.2</ele>
      </trkpt>
      <trkpt lat="49.16821" lon="22.39417">
        <ele>744.4</ele>
      </trkpt>
      <trkpt lat="49.16838" lon="22.39431">
        <ele>744.9</ele>
      </trkpt>
      <trkpt lat="49.16881" lon="22.39488">
        <ele>747.3</ele>
      </trkpt>
      <trkpt lat="49.16894" lon="22.39501">
        <ele>747.9</ele>
      </trkpt>
      <trkpt lat="49.16913" lon="22.39511">
        <ele>748.7</ele>
      </trkpt>
      <trkpt lat="49.16927" lon="22.3951">
        <ele>749.3</ele>
      </trkpt>
      <trkpt lat="49.1696" lon="22.39484">
        <ele>750.0</ele>
      </trkpt>
      <trkpt lat="49.16992" lon="22.39471">
        <ele>751.3</ele>
      </trkpt>
      <trkpt lat="49.17007" lon="22.39467">
        <ele>751.9</ele>
      </trkpt>
      <trkpt lat="49.17085" lon="22.39454">
        <ele>754.9</ele>
      </trkpt>
      <trkpt lat="49.17112" lon="22.39443">
        <ele>756.4</ele>
      </trkpt>
      <trkpt lat="49.17124" lon="22.39427">
        <ele>756.7</ele>
      </trkpt>
      <trkpt lat="49.17127" lon="22.39414">
        <ele>756.8</ele>
      </trkpt>
      <trkpt lat="49.1713" lon="22.3934">
        <ele>758.1</ele>
      </trkpt>
      <trkpt lat="49.17131" lon="22.39255">
        <ele>760.6</ele>
      </trkpt>
      <trkpt lat="49.17129" lon="22.39179">
        <ele>762.7</ele>
      </trkpt>
      <trkpt lat="49.17125" lon="22.39155">
        <ele>762.7</ele>
      </trkpt>
      <trkpt lat="49.17109" lon="22.39091">
        <ele>763.6</ele>
      </trkpt>
      <trkpt lat="49.170795" lon="22.390055">
        <ele>767.9</ele>
      </trkpt>
      <trkpt lat="49.1705" lon="22.3892">
        <ele>770.7</ele>
      </trkpt>
      <trkpt lat="49.17028" lon="22.38882">
        <ele>772.2</ele>
      </trkpt>
      <trkpt lat="49.17015" lon="22.38848">
        <ele>773.3</ele>
      </trkpt>
      <trkpt lat="49.17016" lon="22.38828">
        <ele>773.7</ele>
      </trkpt>
      <trkpt lat="49.17025" lon="22.38815">
        <ele>773.8</ele>
      </trkpt>
      <trkpt lat="49.17037" lon="22.38805">
        <ele>774.0</ele>
      </trkpt>
      <trkpt lat="49.17043" lon="22.38804">
        <ele>774.9</ele>
      </trkpt>
      <trkpt lat="49.170905" lon="22.38813">
        <ele>777.4</ele>
      </trkpt>
      <trkpt lat="49.17138" lon="22.38822">
        <ele>779.2</ele>
      </trkpt>
      <trkpt lat="49.17192" lon="22.38834">
        <ele>782.0</ele>
      </trkpt>
      <trkpt lat="49.17223" lon="22.38818">
        <ele>783.6</ele>
      </trkpt>
      <trkpt lat="49.17234" lon="22.38787">
        <ele>784.0</ele>
      </trkpt>
      <trkpt lat="49.17242" lon="22.38743">
        <ele>784.7</ele>
      </trkpt>
      <trkpt lat="49.17248" lon="22.38734">
        <ele>785.1</ele>
      </trkpt>
      <trkpt lat="49.17254" lon="22.38729">
        <ele>785.1</ele>
      </trkpt>
      <trkpt lat="49.17262" lon="22.38726">
        <ele>785.7</ele>
      </trkpt>
      <trkpt lat="49.17271" lon="22.38728">
        <ele>785.7</ele>
      </trkpt>
      <trkpt lat="49.17306" lon="22.38743">
        <ele>787.7</ele>
      </trkpt>
      <trkpt lat="49.17326" lon="22.38741">
        <ele>788.5</ele>
      </trkpt>
      <trkpt lat="49.17399" lon="22.38702">
        <ele>789.8</ele>
      </trkpt>
      <trkpt lat="49.17482" lon="22.38652">
        <ele>789.6</ele>
      </trkpt>
      <trkpt lat="49.17493" lon="22.38626">
        <ele>789.4</ele>
      </trkpt>
      <trkpt lat="49.17493" lon="22.38617">
        <ele>789.4</ele>
      </trkpt>
      <trkpt lat="49.17493" lon="22.38594">
        <ele>788.6</ele>
      </trkpt>
      <trkpt lat="49.17499" lon="22.38461">
        <ele>786.2</ele>
      </trkpt>
      <trkpt lat="49.17499" lon="22.3843">
        <ele>785.9</ele>
      </trkpt>
      <trkpt lat="49.17492" lon="22.38404">
        <ele>785.6</ele>
      </trkpt>
      <trkpt lat="49.17485" lon="22.38389">
        <ele>785.4</ele>
      </trkpt>
      <trkpt lat="49.17454" lon="22.38351">
        <ele>784.8</ele>
      </trkpt>
      <trkpt lat="49.17414" lon="22.38312">
        <ele>782.7</ele>
      </trkpt>
      <trkpt lat="49.17374" lon="22.38273">
        <ele>781.7</ele>
      </trkpt>
      <trkpt lat="49.17356" lon="22.3825">
        <ele>781.4</ele>
      </trkpt>
      <trkpt lat="49.17352" lon="22.38237">
        <ele>781.3</ele>
      </trkpt>
      <trkpt lat="49.17358" lon="22.38206">
        <ele>781.3</ele>
      </trkpt>
      <trkpt lat="49.1737" lon="22.38194">
        <ele>781.2</ele>
      </trkpt>
      <trkpt lat="49.174" lon="22.38176">
        <ele>780.9</ele>
      </trkpt>
      <trkpt lat="49.17421" lon="22.38169">
        <ele>780.3</ele>
      </trkpt>
      <trkpt lat="49.17437" lon="22.38167">
        <ele>779.9</ele>
      </trkpt>
      <trkpt lat="49.17467" lon="22.38152">
        <ele>778.7</ele>
      </trkpt>
      <trkpt lat="49.17501" lon="22.38119">
        <ele>777.2</ele>
      </trkpt>
      <trkpt lat="49.17515" lon="22.38109">
        <ele>777.2</ele>
      </trkpt>
      <trkpt lat="49.175835" lon="22.380915">
        <ele>772.9</ele>
      </trkpt>
      <trkpt lat="49.17652" lon="22.38074">
        <ele>770.8</ele>
      </trkpt>
      <trkpt lat="49.17705" lon="22.38057">
        <ele>767.8</ele>
      </trkpt>
      <trkpt lat="49.17751" lon="22.38019">
        <ele>764.5</ele>
      </trkpt>
      <trkpt lat="49.17772" lon="22.37988">
        <ele>762.7</ele>
      </trkpt>
      <trkpt lat="49.1778" lon="22.37964">
        <ele>762.7</ele>
      </trkpt>
      <trkpt lat="49.17785" lon="22.37938">
        <ele>762.7</ele>
      </trkpt>
      <trkpt lat="49.17786" lon="22.37922">
        <ele>759.9</ele>
      </trkpt>
      <trkpt lat="49.17783" lon="22.37886">
        <ele>759.9</ele>
      </trkpt>
      <trkpt lat="49.177525" lon="22.37792">
        <ele>758.1</ele>
      </trkpt>
      <trkpt lat="49.17722" lon="22.37698">
        <ele>757.5</ele>
      </trkpt>
      <trkpt lat="49.17686" lon="22.37606">
        <ele>755.9</ele>
      </trkpt>
      <trkpt lat="49.17662" lon="22.37524">
        <ele>754.7</ele>
      </trkpt>
      <trkpt lat="49.1764" lon="22.37431">
        <ele>753.5</ele>
      </trkpt>
      <trkpt lat="49.17618" lon="22.37338">
        <ele>751.9</ele>
      </trkpt>
      <trkpt lat="49.17604" lon="22.37292">
        <ele>750.6</ele>
      </trkpt>
      <trkpt lat="49.176" lon="22.37268">
        <ele>749.4</ele>
      </trkpt>
      <trkpt lat="49.17586" lon="22.37236">
        <ele>749.4</ele>
      </trkpt>
      <trkpt lat="49.17565" lon="22.37202">
        <ele>746.4</ele>
      </trkpt>
      <trkpt lat="49.1756" lon="22.37191">
        <ele>745.9</ele>
      </trkpt>
      <trkpt lat="49.17555" lon="22.37144">
        <ele>746.7</ele>
      </trkpt>
      <trkpt lat="49.17555" lon="22.37127">
        <ele>747.1</ele>
      </trkpt>
      <trkpt lat="49.17558" lon="22.37114">
        <ele>747.8</ele>
      </trkpt>
      <trkpt lat="49.17563" lon="22.37108">
        <ele>748.4</ele>
      </trkpt>
      <trkpt lat="49.17575" lon="22.37101">
        <ele>749.2</ele>
      </trkpt>
      <trkpt lat="49.17586" lon="22.37101">
        <ele>749.6</ele>
      </trkpt>
      <trkpt lat="49.17638" lon="22.371095">
        <ele>751.3</ele>
      </trkpt>
      <trkpt lat="49.1769" lon="22.37118">
        <ele>752.4</ele>
      </trkpt>
      <trkpt lat="49.17756" lon="22.37133">
        <ele>754.5</ele>
      </trkpt>
      <trkpt lat="49.17793" lon="22.37152">
        <ele>755.6</ele>
      </trkpt>
      <trkpt lat="49.17818" lon="22.37172">
        <ele>756.2</ele>
      </trkpt>
      <trkpt lat="49.17828" lon="22.37183">
        <ele>756.2</ele>
      </trkpt>
      <trkpt lat="49.17841" lon="22.37207">
        <ele>756.3</ele>
      </trkpt>
      <trkpt lat="49.17867" lon="22.37236">
        <ele>756.5</ele>
      </trkpt>
      <trkpt lat="49.17915" lon="22.372655">
        <ele>756.3</ele>
      </trkpt>
      <trkpt lat="49.17963" lon="22.37295">
        <ele>755.2</ele>
      </trkpt>
      <trkpt lat="49.17994" lon="22.37307">
        <ele>754.4</ele>
      </trkpt>
      <trkpt lat="49.18003" lon="22.37308">
        <ele>754.0</ele>
      </trkpt>
      <trkpt lat="49.18017" lon="22.37305">
        <ele>753.3</ele>
      </trkpt>
      <trkpt lat="49.18024" lon="22.37303">
        <ele>753.3</ele>
      </trkpt>
      <trkpt lat="49.18036" lon="22.37289">
        <ele>752.9</ele>
      </trkpt>
      <trkpt lat="49.18041" lon="22.3727">
        <ele>752.9</ele>
      </trkpt>
      <trkpt lat="49.18042" lon="22.37222">
        <ele>752.0</ele>
      </trkpt>
      <trkpt lat="49.180275" lon="22.37141">
        <ele>750.2</ele>
      </trkpt>
      <trkpt lat="49.18013" lon="22.3706">
        <ele>749.1</ele>
      </trkpt>
      <trkpt lat="49.1801" lon="22.3702">
        <ele>749.0</ele>
      </trkpt>
      <trkpt lat="49.18011" lon="22.36976">
        <ele>748.9</ele>
      </trkpt>
      <trkpt lat="49.18015" lon="22.36943">
        <ele>748.7</ele>
      </trkpt>
      <trkpt lat="49.18015" lon="22.36897">
        <ele>748.5</ele>
      </trkpt>
      <trkpt lat="49.18017" lon="22.36862">
        <ele>748.5</ele>
      </trkpt>
      <trkpt lat="49.18029" lon="22.36826">
        <ele>748.7</ele>
      </trkpt>
      <trkpt lat="49.18046" lon="22.36794">
        <ele>748.8</ele>
      </trkpt>
      <trkpt lat="49.18061" lon="22.3676">
        <ele>748.4</ele>
      </trkpt>
      <trkpt lat="49.18074" lon="22.36746">
        <ele>748.4</ele>
      </trkpt>
      <trkpt lat="49.18088" lon="22.36745">
        <ele>748.3</ele>
      </trkpt>
      <trkpt lat="49.18105" lon="22.36754">
        <ele>748.1</ele>
      </trkpt>
      <trkpt lat="49.18121" lon="22.36772">
        <ele>748.0</ele>
      </trkpt>
      <trkpt lat="49.18149" lon="22.36811">
        <ele>747.3</ele>
      </trkpt>
      <trkpt lat="49.18164" lon="22.36825">
        <ele>746.8</ele>
      </trkpt>
      <trkpt lat="49.18177" lon="22.36831">
        <ele>746.6</ele>
      </trkpt>
      <trkpt lat="49.18199" lon="22.36826">
        <ele>746.1</ele>
      </trkpt>
      <trkpt lat="49.18211" lon="22.36817">
        <ele>746.1</ele>
      </trkpt>
      <trkpt lat="49.18226" lon="22.36791">
        <ele>745.2</ele>
      </trkpt>
      <trkpt lat="49.18238" lon="22.36729">
        <ele>744.7</ele>
      </trkpt>
      <trkpt lat="49.182505" lon="22.366345">
        <ele>742.9</ele>
      </trkpt>
      <trkpt lat="49.18263" lon="22.3654">
        <ele>741.6</ele>
      </trkpt>
      <trkpt lat="49.18265" lon="22.36511">
        <ele>741.2</ele>
      </trkpt>
      <trkpt lat="49.18258" lon="22.36375">
        <ele>737.1</ele>
      </trkpt>
      <trkpt lat="49.18265" lon="22.3635">
        <ele>737.9</ele>
      </trkpt>
      <trkpt lat="49.18283" lon="22.36336">
        <ele>738.2</ele>
      </trkpt>
      <trkpt lat="49.18299" lon="22.36337">
        <ele>738.4</ele>
      </trkpt>
      <trkpt lat="49.18344" lon="22.36351">
        <ele>737.9</ele>
      </trkpt>
      <trkpt lat="49.18375" lon="22.36358">
        <ele>737.3</ele>
      </trkpt>
      <trkpt lat="49.1839" lon="22.36355">
        <ele>736.1</ele>
      </trkpt>
      <trkpt lat="49.184" lon="22.36344">
        <ele>736.1</ele>
      </trkpt>
      <trkpt lat="49.18409" lon="22.36325">
        <ele>735.5</ele>
      </trkpt>
      <trkpt lat="49.18442" lon="22.3623">
        <ele>730.1</ele>
      </trkpt>
      <trkpt lat="49.18456" lon="22.36199">
        <ele>726.8</ele>
      </trkpt>
      <trkpt lat="49.18481" lon="22.36168">
        <ele>724.8</ele>
      </trkpt>
      <trkpt lat="49.18521" lon="22.361305">
        <ele>726.3</ele>
      </trkpt>
      <trkpt lat="49.18561" lon="22.36093">
        <ele>726.2</ele>
      </trkpt>
      <trkpt lat="49.18575" lon="22.36061">
        <ele>725.2</ele>
      </trkpt>
      <trkpt lat="49.18575" lon="22.36038">
        <ele>724.2</ele>
      </trkpt>
      <trkpt lat="49.18548" lon="22.35919">
        <ele>721.5</ele>
      </trkpt>
      <trkpt lat="49.18549" lon="22.35896">
        <ele>721.3</ele>
      </trkpt>
      <trkpt lat="49.18556" lon="22.35878">
        <ele>721.3</ele>
      </trkpt>
      <trkpt lat="49.18566" lon="22.35865">
        <ele>721.3</ele>
      </trkpt>
      <trkpt lat="49.18607" lon="22.35839">
        <ele>720.1</ele>
      </trkpt>
      <trkpt lat="49.18632" lon="22.35813">
        <ele>718.9</ele>
      </trkpt>
      <trkpt lat="49.186665" lon="22.357455">
        <ele>716.6</ele>
      </trkpt>
      <trkpt lat="49.18701" lon="22.35678">
        <ele>715.5</ele>
      </trkpt>
      <trkpt lat="49.18749" lon="22.35596">
        <ele>714.0</ele>
      </trkpt>
      <trkpt lat="49.187825" lon="22.3551">
        <ele>711.8</ele>
      </trkpt>
      <trkpt lat="49.18816" lon="22.35424">
        <ele>705.5</ele>
      </trkpt>
      <trkpt lat="49.18846" lon="22.35375">
        <ele>707.0</ele>
      </trkpt>
      <trkpt lat="49.1886" lon="22.35359">
        <ele>708.8</ele>
      </trkpt>
      <trkpt lat="49.1889" lon="22.35335">
        <ele>710.0</ele>
      </trkpt>
      <trkpt lat="49.18905" lon="22.35307">
        <ele>710.4</ele>
      </trkpt>
      <trkpt lat="49.18938" lon="22.35232">
        <ele>709.6</ele>
      </trkpt>
      <trkpt lat="49.18992" lon="22.35123">
        <ele>705.5</ele>
      </trkpt>
      <trkpt lat="49.19015" lon="22.35071">
        <ele>703.0</ele>
      </trkpt>
      <trkpt lat="49.19025" lon="22.35054">
        <ele>703.8</ele>
      </trkpt>
      <trkpt lat="49.19041" lon="22.35039">
        <ele>705.2</ele>
      </trkpt>
      <trkpt lat="49.191" lon="22.3503">
        <ele>706.3</ele>
      </trkpt>
      <trkpt lat="49.1918" lon="22.34982">
        <ele>704.9</ele>
      </trkpt>
      <trkpt lat="49.1926" lon="22.34934">
        <ele>703.3</ele>
      </trkpt>
      <trkpt lat="49.19277" lon="22.34915">
        <ele>703.1</ele>
      </trkpt>
      <trkpt lat="49.19288" lon="22.34899">
        <ele>702.6</ele>
      </trkpt>
      <trkpt lat="49.19313" lon="22.34851">
        <ele>701.9</ele>
      </trkpt>
      <trkpt lat="49.19335" lon="22.34796">
        <ele>700.6</ele>
      </trkpt>
      <trkpt lat="49.19364" lon="22.34717">
        <ele>697.7</ele>
      </trkpt>
      <trkpt lat="49.19393" lon="22.34638">
        <ele>694.0</ele>
      </trkpt>
      <trkpt lat="49.194195" lon="22.34564">
        <ele>691.9</ele>
      </trkpt>
      <trkpt lat="49.19446" lon="22.3449">
        <ele>688.3</ele>
      </trkpt>
      <trkpt lat="49.19461" lon="22.34469">
        <ele>688.1</ele>
      </trkpt>
      <trkpt lat="49.19474" lon="22.34467">
        <ele>688.1</ele>
      </trkpt>
      <trkpt lat="49.19509" lon="22.34477">
        <ele>687.7</ele>
      </trkpt>
      <trkpt lat="49.19549" lon="22.34484">
        <ele>686.3</ele>
      </trkpt>
      <trkpt lat="49.19566" lon="22.34483">
        <ele>685.8</ele>
      </trkpt>
      <trkpt lat="49.19583" lon="22.34469">
        <ele>685.3</ele>
      </trkpt>
      <trkpt lat="49.196285" lon="22.343885">
        <ele>682.3</ele>
      </trkpt>
      <trkpt lat="49.19674" lon="22.34308">
        <ele>678.4</ele>
      </trkpt>
      <trkpt lat="49.19695" lon="22.34275">
        <ele>677.2</ele>
      </trkpt>
      <trkpt lat="49.19773" lon="22.34218">
        <ele>671.8</ele>
      </trkpt>
      <trkpt lat="49.19825" lon="22.34143">
        <ele>669.0</ele>
      </trkpt>
      <trkpt lat="49.19843" lon="22.34078">
        <ele>665.7</ele>
      </trkpt>
      <trkpt lat="49.19889" lon="22.34013">
        <ele>662.4</ele>
      </trkpt>
      <trkpt lat="49.199275" lon="22.339615">
        <ele>659.8</ele>
      </trkpt>
      <trkpt lat="49.19966" lon="22.3391">
        <ele>656.2</ele>
      </trkpt>
      <trkpt lat="49.19983" lon="22.33889">
        <ele>655.6</ele>
      </trkpt>
      <trkpt lat="49.1999" lon="22.33871">
        <ele>655.5</ele>
      </trkpt>
      <trkpt lat="49.20001" lon="22.33818">
        <ele>655.1</ele>
      </trkpt>
      <trkpt lat="49.20011" lon="22.33691">
        <ele>653.0</ele>
      </trkpt>
      <trkpt lat="49.200275" lon="22.33614">
        <ele>648.9</ele>
      </trkpt>
      <trkpt lat="49.20044" lon="22.33537">
        <ele>647.6</ele>
      </trkpt>
      <trkpt lat="49.20052" lon="22.33514">
        <ele>647.1</ele>
      </trkpt>
      <trkpt lat="49.20059" lon="22.33504">
        <ele>646.8</ele>
      </trkpt>
      <trkpt lat="49.20068" lon="22.335">
        <ele>646.5</ele>
      </trkpt>
      <trkpt lat="49.20098" lon="22.335">
        <ele>645.7</ele>
      </trkpt>
      <trkpt lat="49.20146" lon="22.33509">
        <ele>642.8</ele>
      </trkpt>
      <trkpt lat="49.20186" lon="22.33512">
        <ele>641.0</ele>
      </trkpt>
      <trkpt lat="49.20221" lon="22.33502">
        <ele>639.9</ele>
      </trkpt>
      <trkpt lat="49.20247" lon="22.33486">
        <ele>638.6</ele>
      </trkpt>
      <trkpt lat="49.20255" lon="22.33476">
        <ele>638.3</ele>
      </trkpt>
      <trkpt lat="49.20262" lon="22.33463">
        <ele>637.9</ele>
      </trkpt>
      <trkpt lat="49.202872" lon="22.3335">
        <ele>634.5</ele>
      </trkpt>
      <trkpt lat="49.203124" lon="22.33237">
        <ele>630.3</ele>
      </trkpt>
      <trkpt lat="49.203376" lon="22.33124">
        <ele>627.5</ele>
      </trkpt>
      <trkpt lat="49.203628" lon="22.33011">
        <ele>624.3</ele>
      </trkpt>
      <trkpt lat="49.20388" lon="22.32898">
        <ele>622.8</ele>
      </trkpt>
      <trkpt lat="49.20394" lon="22.32881">
        <ele>622.5</ele>
      </trkpt>
      <trkpt lat="49.20411" lon="22.32847">
        <ele>621.4</ele>
      </trkpt>
      <trkpt lat="49.20421" lon="22.32837">
        <ele>620.8</ele>
      </trkpt>
      <trkpt lat="49.20446" lon="22.32816">
        <ele>620.1</ele>
      </trkpt>
      <trkpt lat="49.20485" lon="22.32802">
        <ele>620.0</ele>
      </trkpt>
      <trkpt lat="49.20506" lon="22.32791">
        <ele>619.8</ele>
      </trkpt>
      <trkpt lat="49.20518" lon="22.32781">
        <ele>619.5</ele>
      </trkpt>
      <trkpt lat="49.20531" lon="22.32759">
        <ele>619.2</ele>
      </trkpt>
      <trkpt lat="49.20533" lon="22.32745">
        <ele>618.5</ele>
      </trkpt>
      <trkpt lat="49.20531" lon="22.32728">
        <ele>618.0</ele>
      </trkpt>
      <trkpt lat="49.20515" lon="22.32646">
        <ele>615.1</ele>
      </trkpt>
      <trkpt lat="49.20514" lon="22.32621">
        <ele>614.0</ele>
      </trkpt>
      <trkpt lat="49.20518" lon="22.32548">
        <ele>612.7</ele>
      </trkpt>
      <trkpt lat="49.20529" lon="22.32488">
        <ele>612.4</ele>
      </trkpt>
      <trkpt lat="49.20527" lon="22.32461">
        <ele>612.3</ele>
      </trkpt>
      <trkpt lat="49.20523" lon="22.3245">
        <ele>612.3</ele>
      </trkpt>
      <trkpt lat="49.20508" lon="22.32435">
        <ele>612.0</ele>
      </trkpt>
      <trkpt lat="49.20441" lon="22.324045">
        <ele>610.4</ele>
      </trkpt>
      <trkpt lat="49.20374" lon="22.32374">
        <ele>608.9</ele>
      </trkpt>
      <trkpt lat="49.20362" lon="22.32361">
        <ele>608.6</ele>
      </trkpt>
      <trkpt lat="49.20359" lon="22.32349">
        <ele>608.5</ele>
      </trkpt>
      <trkpt lat="49.20357" lon="22.3233">
        <ele>608.6</ele>
      </trkpt>
      <trkpt lat="49.20359" lon="22.32324">
        <ele>608.5</ele>
      </trkpt>
      <trkpt lat="49.20365" lon="22.32316">
        <ele>608.3</ele>
      </trkpt>
      <trkpt lat="49.20376" lon="22.32311">
        <ele>608.0</ele>
      </trkpt>
      <trkpt lat="49.2045" lon="22.32314">
        <ele>605.8</ele>
      </trkpt>
      <trkpt lat="49.20488" lon="22.32305">
        <ele>605.0</ele>
      </trkpt>
      <trkpt lat="49.20499" lon="22.3229">
        <ele>604.8</ele>
      </trkpt>
      <trkpt lat="49.20508" lon="22.322185">
        <ele>603.2</ele>
      </trkpt>
      <trkpt lat="49.20517" lon="22.32147">
        <ele>601.7</ele>
      </trkpt>
      <trkpt lat="49.20529" lon="22.32093">
        <ele>601.1</ele>
      </trkpt>
      <trkpt lat="49.20562" lon="22.31972">
        <ele>597.7</ele>
      </trkpt>
      <trkpt lat="49.20595" lon="22.31851">
        <ele>594.7</ele>
      </trkpt>
      <trkpt lat="49.20603" lon="22.31827">
        <ele>594.0</ele>
      </trkpt>
      <trkpt lat="49.20641" lon="22.31736">
        <ele>593.8</ele>
      </trkpt>
      <trkpt lat="49.2066" lon="22.31703">
        <ele>594.6</ele>
      </trkpt>
      <trkpt lat="49.2067" lon="22.3168">
        <ele>594.7</ele>
      </trkpt>
      <trkpt lat="49.20676" lon="22.31644">
        <ele>594.7</ele>
      </trkpt>
      <trkpt lat="49.20676" lon="22.31643">
        <ele>594.7</ele>
      </trkpt>
      <trkpt lat="49.20677" lon="22.31577">
        <ele>593.9</ele>
      </trkpt>
      <trkpt lat="49.206665" lon="22.31467">
        <ele>593.4</ele>
      </trkpt>
      <trkpt lat="49.20656" lon="22.31357">
        <ele>592.4</ele>
      </trkpt>
      <trkpt lat="49.20651" lon="22.31322">
        <ele>591.5</ele>
      </trkpt>
      <trkpt lat="49.20647" lon="22.31307">
        <ele>591.1</ele>
      </trkpt>
      <trkpt lat="49.20614" lon="22.312205">
        <ele>587.4</ele>
      </trkpt>
      <trkpt lat="49.20581" lon="22.31134">
        <ele>586.2</ele>
      </trkpt>
      <trkpt lat="49.20539" lon="22.310285">
        <ele>586.3</ele>
      </trkpt>
      <trkpt lat="49.20497" lon="22.30923">
        <ele>587.7</ele>
      </trkpt>
      <trkpt lat="49.20479" lon="22.30872">
        <ele>588.0</ele>
      </trkpt>
      <trkpt lat="49.20465" lon="22.30807">
        <ele>587.2</ele>
      </trkpt>
      <trkpt lat="49.20461" lon="22.30799">
        <ele>586.9</ele>
      </trkpt>
      <trkpt lat="49.20447" lon="22.30782">
        <ele>586.6</ele>
      </trkpt>
      <trkpt lat="49.20423" lon="22.30761">
        <ele>586.2</ele>
      </trkpt>
      <trkpt lat="49.20407" lon="22.30744">
        <ele>585.7</ele>
      </trkpt>
      <trkpt lat="49.20401" lon="22.30727">
        <ele>585.6</ele>
      </trkpt>
      <trkpt lat="49.20397" lon="22.30704">
        <ele>585.6</ele>
      </trkpt>
      <trkpt lat="49.20391" lon="22.30622">
        <ele>585.3</ele>
      </trkpt>
      <trkpt lat="49.203045" lon="22.306265">
        <ele>584.9</ele>
      </trkpt>
      <trkpt lat="49.20218" lon="22.30631">
        <ele>585.2</ele>
      </trkpt>
      <trkpt lat="49.201315" lon="22.306355">
        <ele>586.5</ele>
      </trkpt>
      <trkpt lat="49.20045" lon="22.3064">
        <ele>588.0</ele>
      </trkpt>
      <trkpt lat="49.199585" lon="22.306445">
        <ele>590.3</ele>
      </trkpt>
      <trkpt lat="49.19872" lon="22.30649">
        <ele>591.5</ele>
      </trkpt>
      <trkpt lat="49.19847" lon="22.30653">
        <ele>591.3</ele>
      </trkpt>
      <trkpt lat="49.19829" lon="22.30664">
        <ele>591.1</ele>
      </trkpt>
      <trkpt lat="49.19778" lon="22.30721">
        <ele>591.0</ele>
      </trkpt>
      <trkpt lat="49.19771" lon="22.30728">
        <ele>591.1</ele>
      </trkpt>
      <trkpt lat="49.19756" lon="22.30737">
        <ele>591.1</ele>
      </trkpt>
      <trkpt lat="49.19713" lon="22.30752">
        <ele>591.3</ele>
      </trkpt>
      <trkpt lat="49.19646" lon="22.3077">
        <ele>593.4</ele>
      </trkpt>
      <trkpt lat="49.19613" lon="22.30773">
        <ele>593.6</ele>
      </trkpt>
      <trkpt lat="49.19589" lon="22.30772">
        <ele>593.4</ele>
      </trkpt>
      <trkpt lat="49.19576" lon="22.30768">
        <ele>593.4</ele>
      </trkpt>
      <trkpt lat="49.19552" lon="22.30756">
        <ele>593.4</ele>
      </trkpt>
      <trkpt lat="49.19522" lon="22.30748">
        <ele>593.2</ele>
      </trkpt>
      <trkpt lat="49.19486" lon="22.30748">
        <ele>593.7</ele>
      </trkpt>
      <trkpt lat="49.1946" lon="22.30757">
        <ele>594.5</ele>
      </trkpt>
      <trkpt lat="49.19393" lon="22.30786">
        <ele>598.1</ele>
      </trkpt>
      <trkpt lat="49.19334" lon="22.30811">
        <ele>600.7</ele>
      </trkpt>
      <trkpt lat="49.19275" lon="22.30836">
        <ele>602.1</ele>
      </trkpt>
      <trkpt lat="49.1921" lon="22.308615">
        <ele>604.0</ele>
      </trkpt>
      <trkpt lat="49.19145" lon="22.30887">
        <ele>605.8</ele>
      </trkpt>
      <trkpt lat="49.19131" lon="22.30895">
        <ele>606.0</ele>
      </trkpt>
      <trkpt lat="49.19083" lon="22.30915">
        <ele>608.8</ele>
      </trkpt>
      <trkpt lat="49.19024" lon="22.30961">
        <ele>607.8</ele>
      </trkpt>
      <trkpt lat="49.18954" lon="22.31008">
        <ele>604.2</ele>
      </trkpt>
      <trkpt lat="49.18932" lon="22.3102">
        <ele>603.9</ele>
      </trkpt>
      <trkpt lat="49.18918" lon="22.31032">
        <ele>603.7</ele>
      </trkpt>
      <trkpt lat="49.18899" lon="22.3106">
        <ele>603.6</ele>
      </trkpt>
      <trkpt lat="49.18873" lon="22.31091">
        <ele>603.8</ele>
      </trkpt>
      <trkpt lat="49.18855" lon="22.31107">
        <ele>603.9</ele>
      </trkpt>
      <trkpt lat="49.18814" lon="22.31137">
        <ele>604.4</ele>
      </trkpt>
      <trkpt lat="49.18765" lon="22.31172">
        <ele>606.0</ele>
      </trkpt>
      <trkpt lat="49.18742" lon="22.3118">
        <ele>607.4</ele>
      </trkpt>
      <trkpt lat="49.18678" lon="22.311695">
        <ele>610.9</ele>
      </trkpt>
      <trkpt lat="49.18614" lon="22.31159">
        <ele>612.1</ele>
      </trkpt>
      <trkpt lat="49.18596" lon="22.31158">
        <ele>612.4</ele>
      </trkpt>
      <trkpt lat="49.18582" lon="22.3116">
        <ele>612.5</ele>
      </trkpt>
      <trkpt lat="49.18568" lon="22.31165">
        <ele>612.7</ele>
      </trkpt>
      <trkpt lat="49.185055" lon="22.31207">
        <ele>614.9</ele>
      </trkpt>
      <trkpt lat="49.18443" lon="22.31249">
        <ele>617.7</ele>
      </trkpt>
      <trkpt lat="49.183696" lon="22.312932">
        <ele>620.0</ele>
      </trkpt>
      <trkpt lat="49.182962" lon="22.313374">
        <ele>621.9</ele>
      </trkpt>
      <trkpt lat="49.182228" lon="22.313816">
        <ele>623.7</ele>
      </trkpt>
      <trkpt lat="49.181494" lon="22.314258">
        <ele>626.9</ele>
      </trkpt>
      <trkpt lat="49.18076" lon="22.3147">
        <ele>631.2</ele>
      </trkpt>
      <trkpt lat="49.18045" lon="22.31488">
        <ele>632.5</ele>
      </trkpt>
      <trkpt lat="49.18028" lon="22.31493">
        <ele>633.0</ele>
      </trkpt>
      <trkpt lat="49.18014" lon="22.31492">
        <ele>633.1</ele>
      </trkpt>
      <trkpt lat="49.1798" lon="22.31483">
        <ele>633.2</ele>
      </trkpt>
      <trkpt lat="49.17972" lon="22.31483">
        <ele>633.1</ele>
      </trkpt>
      <trkpt lat="49.17966" lon="22.31486">
        <ele>633.1</ele>
      </trkpt>
      <trkpt lat="49.17947" lon="22.31501">
        <ele>633.1</ele>
      </trkpt>
      <trkpt lat="49.178813" lon="22.31569">
        <ele>634.2</ele>
      </trkpt>
      <trkpt lat="49.178157" lon="22.31637">
        <ele>635.1</ele>
      </trkpt>
      <trkpt lat="49.1775" lon="22.31705">
        <ele>634.5</ele>
      </trkpt>
      <trkpt lat="49.17713" lon="22.31738">
        <ele>634.5</ele>
      </trkpt>
      <trkpt lat="49.17647" lon="22.31789">
        <ele>634.7</ele>
      </trkpt>
      <trkpt lat="49.17624" lon="22.31804">
        <ele>634.0</ele>
      </trkpt>
      <trkpt lat="49.1761" lon="22.31809">
        <ele>633.8</ele>
      </trkpt>
      <trkpt lat="49.17578" lon="22.31815">
        <ele>633.7</ele>
      </trkpt>
      <trkpt lat="49.17504" lon="22.31843">
        <ele>632.9</ele>
      </trkpt>
      <trkpt lat="49.17497" lon="22.31844">
        <ele>633.0</ele>
      </trkpt>
      <trkpt lat="49.17452" lon="22.31833">
        <ele>635.3</ele>
      </trkpt>
      <trkpt lat="49.17441" lon="22.31833">
        <ele>636.6</ele>
      </trkpt>
      <trkpt lat="49.1743" lon="22.31837">
        <ele>637.4</ele>
      </trkpt>
      <trkpt lat="49.17417" lon="22.31845">
        <ele>638.5</ele>
      </trkpt>
      <trkpt lat="49.17396" lon="22.31864">
        <ele>640.3</ele>
      </trkpt>
      <trkpt lat="49.17365" lon="22.31904">
        <ele>641.6</ele>
      </trkpt>
      <trkpt lat="49.17356" lon="22.31912">
        <ele>642.0</ele>
      </trkpt>
      <trkpt lat="49.17345" lon="22.31915">
        <ele>642.3</ele>
      </trkpt>
      <trkpt lat="49.17313" lon="22.3191">
        <ele>643.5</ele>
      </trkpt>
      <trkpt lat="49.17283" lon="22.31917">
        <ele>644.1</ele>
      </trkpt>
      <trkpt lat="49.17245" lon="22.31931">
        <ele>645.9</ele>
      </trkpt>
      <trkpt lat="49.17197" lon="22.31961">
        <ele>648.3</ele>
      </trkpt>
      <trkpt lat="49.17186" lon="22.31965">
        <ele>648.8</ele>
      </trkpt>
      <trkpt lat="49.17178" lon="22.31966">
        <ele>649.1</ele>
      </trkpt>
      <trkpt lat="49.17164" lon="22.31962">
        <ele>649.3</ele>
      </trkpt>
      <trkpt lat="49.17109" lon="22.31923">
        <ele>649.3</ele>
      </trkpt>
      <trkpt lat="49.17069" lon="22.31893">
        <ele>649.6</ele>
      </trkpt>
      <trkpt lat="49.17045" lon="22.31869">
        <ele>649.5</ele>
      </trkpt>
      <trkpt lat="49.17018" lon="22.31835">
        <ele>649.2</ele>
      </trkpt>
      <trkpt lat="49.17" lon="22.31816">
        <ele>648.6</ele>
      </trkpt>
      <trkpt lat="49.16989" lon="22.31808">
        <ele>648.2</ele>
      </trkpt>
      <trkpt lat="49.16974" lon="22.31801">
        <ele>647.8</ele>
      </trkpt>
      <trkpt lat="49.16935" lon="22.31791">
        <ele>645.9</ele>
      </trkpt>
      <trkpt lat="49.16877" lon="22.31773">
        <ele>647.0</ele>
      </trkpt>
      <trkpt lat="49.16858" lon="22.31771">
        <ele>648.8</ele>
      </trkpt>
      <trkpt lat="49.16849" lon="22.31772">
        <ele>649.3</ele>
      </trkpt>
      <trkpt lat="49.16832" lon="22.31782">
        <ele>650.5</ele>
      </trkpt>
      <trkpt lat="49.16816" lon="22.31799">
        <ele>651.6</ele>
      </trkpt>
      <trkpt lat="49.16763" lon="22.31907">
        <ele>658.1</ele>
      </trkpt>
      <trkpt lat="49.16755" lon="22.31921">
        <ele>659.2</ele>
      </trkpt>
      <trkpt lat="49.16745" lon="22.3193">
        <ele>659.9</ele>
      </trkpt>
      <trkpt lat="49.16738" lon="22.31933">
        <ele>659.9</ele>
      </trkpt>
      <trkpt lat="49.16714" lon="22.31937">
        <ele>662.8</ele>
      </trkpt>
      <trkpt lat="49.16701" lon="22.31942">
        <ele>664.1</ele>
      </trkpt>
      <trkpt lat="49.16688" lon="22.31951">
        <ele>664.1</ele>
      </trkpt>
      <trkpt lat="49.16649" lon="22.31989">
        <ele>668.1</ele>
      </trkpt>
      <trkpt lat="49.16623" lon="22.32009">
        <ele>669.2</ele>
      </trkpt>
      <trkpt lat="49.16587" lon="22.32011">
        <ele>670.1</ele>
      </trkpt>
      <trkpt lat="49.16564" lon="22.32025">
        <ele>669.6</ele>
      </trkpt>
      <trkpt lat="49.16559" lon="22.32026">
        <ele>669.6</ele>
      </trkpt>
      <trkpt lat="49.16553" lon="22.32023">
        <ele>668.9</ele>
      </trkpt>
      <trkpt lat="49.16533" lon="22.31998">
        <ele>668.4</ele>
      </trkpt>
      <trkpt lat="49.16525" lon="22.31991">
        <ele>668.1</ele>
      </trkpt>
      <trkpt lat="49.1651" lon="22.31986">
        <ele>668.0</ele>
      </trkpt>
      <trkpt lat="49.16484" lon="22.31984">
        <ele>667.7</ele>
      </trkpt>
      <trkpt lat="49.16476" lon="22.31984">
        <ele>667.7</ele>
      </trkpt>
      <trkpt lat="49.16458" lon="22.3199">
        <ele>667.7</ele>
      </trkpt>
      <trkpt lat="49.16442" lon="22.31989">
        <ele>668.1</ele>
      </trkpt>
      <trkpt lat="49.16437" lon="22.31987">
        <ele>668.2</ele>
      </trkpt>
      <trkpt lat="49.164" lon="22.31959">
        <ele>670.1</ele>
      </trkpt>
      <trkpt lat="49.16351" lon="22.31942">
        <ele>671.6</ele>
      </trkpt>
      <trkpt lat="49.16332" lon="22.31931">
        <ele>671.7</ele>
      </trkpt>
      <trkpt lat="49.16312" lon="22.31914">
        <ele>671.1</ele>
      </trkpt>
      <trkpt lat="49.16293" lon="22.31894">
        <ele>670.0</ele>
      </trkpt>
      <trkpt lat="49.1628" lon="22.31875">
        <ele>668.8</ele>
      </trkpt>
      <trkpt lat="49.1625" lon="22.31851">
        <ele>666.2</ele>
      </trkpt>
      <trkpt lat="49.16197" lon="22.318">
        <ele>662.4</ele>
      </trkpt>
      <trkpt lat="49.16188" lon="22.31788">
        <ele>662.1</ele>
      </trkpt>
      <trkpt lat="49.16167" lon="22.31747">
        <ele>661.9</ele>
      </trkpt>
      <trkpt lat="49.16163" lon="22.31745">
        <ele>661.9</ele>
      </trkpt>
      <trkpt lat="49.16138" lon="22.31742">
        <ele>662.0</ele>
      </trkpt>
      <trkpt lat="49.16129" lon="22.31736">
        <ele>662.0</ele>
      </trkpt>
      <trkpt lat="49.16119" lon="22.31715">
        <ele>662.4</ele>
      </trkpt>
      <trkpt lat="49.16113" lon="22.31678">
        <ele>663.0</ele>
      </trkpt>
      <trkpt lat="49.16106" lon="22.31654">
        <ele>663.8</ele>
      </trkpt>
      <trkpt lat="49.16099" lon="22.3164">
        <ele>664.1</ele>
      </trkpt>
      <trkpt lat="49.16089" lon="22.31628">
        <ele>664.4</ele>
      </trkpt>
      <trkpt lat="49.16079" lon="22.31622">
        <ele>664.4</ele>
      </trkpt>
      <trkpt lat="49.16068" lon="22.3162">
        <ele>664.7</ele>
      </trkpt>
      <trkpt lat="49.16037" lon="22.31627">
        <ele>665.0</ele>
      </trkpt>
      <trkpt lat="49.16026" lon="22.31627">
        <ele>665.2</ele>
      </trkpt>
      <trkpt lat="49.16014" lon="22.31624">
        <ele>665.7</ele>
      </trkpt>
      <trkpt lat="49.15997" lon="22.31609">
        <ele>666.4</ele>
      </trkpt>
      <trkpt lat="49.15986" lon="22.31589">
        <ele>667.7</ele>
      </trkpt>
      <trkpt lat="49.15971" lon="22.31536">
        <ele>669.5</ele>
      </trkpt>
      <trkpt lat="49.1596" lon="22.31515">
        <ele>671.2</ele>
      </trkpt>
      <trkpt lat="49.15948" lon="22.31501">
        <ele>671.2</ele>
      </trkpt>
      <trkpt lat="49.15936" lon="22.31494">
        <ele>672.7</ele>
      </trkpt>
      <trkpt lat="49.158765" lon="22.314805">
        <ele>674.8</ele>
      </trkpt>
      <trkpt lat="49.15817" lon="22.31467">
        <ele>678.2</ele>
      </trkpt>
      <trkpt lat="49.15801" lon="22.31459">
        <ele>678.9</ele>
      </trkpt>
      <trkpt lat="49.15778" lon="22.31443">
        <ele>680.0</ele>
      </trkpt>
      <trkpt lat="49.15717" lon="22.31393">
        <ele>683.1</ele>
      </trkpt>
      <trkpt lat="49.15707" lon="22.31386">
        <ele>683.2</ele>
      </trkpt>
      <trkpt lat="49.15698" lon="22.31383">
        <ele>683.3</ele>
      </trkpt>
      <trkpt lat="49.15679" lon="22.31383">
        <ele>683.0</ele>
      </trkpt>
      <trkpt lat="49.15668" lon="22.31388">
        <ele>682.7</ele>
      </trkpt>
      <trkpt lat="49.15657" lon="22.31398">
        <ele>682.5</ele>
      </trkpt>
      <trkpt lat="49.15614" lon="22.31456">
        <ele>682.4</ele>
      </trkpt>
      <trkpt lat="49.15606" lon="22.31464">
        <ele>682.8</ele>
      </trkpt>
      <trkpt lat="49.15595" lon="22.3147">
        <ele>683.3</ele>
      </trkpt>
      <trkpt lat="49.15568" lon="22.31477">
        <ele>684.4</ele>
      </trkpt>
      <trkpt lat="49.15531" lon="22.31479">
        <ele>685.9</ele>
      </trkpt>
      <trkpt lat="49.1552" lon="22.31484">
        <ele>686.4</ele>
      </trkpt>
      <trkpt lat="49.15515" lon="22.31488">
        <ele>686.4</ele>
      </trkpt>
      <trkpt lat="49.15507" lon="22.31486">
        <ele>687.5</ele>
      </trkpt>
      <trkpt lat="49.15469" lon="22.31465">
        <ele>688.2</ele>
      </trkpt>
      <trkpt lat="49.15459" lon="22.31458">
        <ele>688.2</ele>
      </trkpt>
      <trkpt lat="49.15423" lon="22.31417">
        <ele>688.4</ele>
      </trkpt>
      <trkpt lat="49.15402" lon="22.31388">
        <ele>688.9</ele>
      </trkpt>
      <trkpt lat="49.15367" lon="22.31328">
        <ele>690.9</ele>
      </trkpt>
      <trkpt lat="49.15326" lon="22.312543">
        <ele>693.4</ele>
      </trkpt>
      <trkpt lat="49.15285" lon="22.311807">
        <ele>695.9</ele>
      </trkpt>
      <trkpt lat="49.15244" lon="22.31107">
        <ele>699.6</ele>
      </trkpt>
      <trkpt lat="49.15201" lon="22.31048">
        <ele>704.3</ele>
      </trkpt>
      <trkpt lat="49.15167" lon="22.31008">
        <ele>708.9</ele>
      </trkpt>
      <trkpt lat="49.15157" lon="22.30988">
        <ele>709.9</ele>
      </trkpt>
      <trkpt lat="49.15151" lon="22.30967">
        <ele>710.7</ele>
      </trkpt>
      <trkpt lat="49.151355" lon="22.308895">
        <ele>712.1</ele>
      </trkpt>
      <trkpt lat="49.1512" lon="22.30812">
        <ele>713.7</ele>
      </trkpt>
      <trkpt lat="49.150937" lon="22.307057">
        <ele>719.5</ele>
      </trkpt>
      <trkpt lat="49.150673" lon="22.305993">
        <ele>725.2</ele>
      </trkpt>
      <trkpt lat="49.15041" lon="22.30493">
        <ele>733.2</ele>
      </trkpt>
      <trkpt lat="49.15029" lon="22.3042">
        <ele>738.9</ele>
      </trkpt>
      <trkpt lat="49.15016" lon="22.30302">
        <ele>751.3</ele>
      </trkpt>
      <trkpt lat="49.15014" lon="22.30262">
        <ele>754.6</ele>
      </trkpt>
      <trkpt lat="49.15015" lon="22.30242">
        <ele>755.9</ele>
      </trkpt>
      <trkpt lat="49.15021" lon="22.30197">
        <ele>761.1</ele>
      </trkpt>
      <trkpt lat="49.15033" lon="22.30145">
        <ele>765.0</ele>
      </trkpt>
      <trkpt lat="49.15049" lon="22.30095">
        <ele>770.6</ele>
      </trkpt>
      <trkpt lat="49.150725" lon="22.30031">
        <ele>775.7</ele>
      </trkpt>
      <trkpt lat="49.15096" lon="22.29967">
        <ele>780.9</ele>
      </trkpt>
      <trkpt lat="49.15104" lon="22.29935">
        <ele>784.1</ele>
      </trkpt>
      <trkpt lat="49.15106" lon="22.29907">
        <ele>784.1</ele>
      </trkpt>
      <trkpt lat="49.15099" lon="22.2979">
        <ele>794.3</ele>
      </trkpt>
      <trkpt lat="49.15091" lon="22.297125">
        <ele>800.6</ele>
      </trkpt>
      <trkpt lat="49.15083" lon="22.29635">
        <ele>808.6</ele>
      </trkpt>
      <trkpt lat="49.15066" lon="22.29563">
        <ele>816.5</ele>
      </trkpt>
      <trkpt lat="49.15049" lon="22.29491">
        <ele>822.8</ele>
      </trkpt>
      <trkpt lat="49.15045" lon="22.2945">
        <ele>825.0</ele>
      </trkpt>
      <trkpt lat="49.15043" lon="22.293585">
        <ele>828.7</ele>
      </trkpt>
      <trkpt lat="49.15041" lon="22.29267">
        <ele>831.8</ele>
      </trkpt>
      <trkpt lat="49.15042" lon="22.29221">
        <ele>833.3</ele>
      </trkpt>
      <trkpt lat="49.1505" lon="22.29135">
        <ele>836.2</ele>
      </trkpt>
      <trkpt lat="49.15058" lon="22.29049">
        <ele>839.4</ele>
      </trkpt>
      <trkpt lat="49.15066" lon="22.29002">
        <ele>839.6</ele>
      </trkpt>
      <trkpt lat="49.15087" lon="22.289215">
        <ele>835.9</ele>
      </trkpt>
      <trkpt lat="49.15108" lon="22.28841">
        <ele>832.0</ele>
      </trkpt>
      <trkpt lat="49.151345" lon="22.287555">
        <ele>826.9</ele>
      </trkpt>
      <trkpt lat="49.15161" lon="22.2867">
        <ele>820.6</ele>
      </trkpt>
      <trkpt lat="49.15192" lon="22.28574">
        <ele>815.6</ele>
      </trkpt>
      <trkpt lat="49.15223" lon="22.28459">
        <ele>806.9</ele>
      </trkpt>
      <trkpt lat="49.15239" lon="22.2839">
        <ele>804.4</ele>
      </trkpt>
      <trkpt lat="49.152595" lon="22.282835">
        <ele>798.7</ele>
      </trkpt>
      <trkpt lat="49.1528" lon="22.28177">
        <ele>792.4</ele>
      </trkpt>
      <trkpt lat="49.15297" lon="22.28114">
        <ele>788.5</ele>
      </trkpt>
      <trkpt lat="49.153233" lon="22.280083">
        <ele>782.6</ele>
      </trkpt>
      <trkpt lat="49.153497" lon="22.279027">
        <ele>780.0</ele>
      </trkpt>
      <trkpt lat="49.15376" lon="22.27797">
        <ele>780.7</ele>
      </trkpt>
      <trkpt lat="49.15398" lon="22.27696">
        <ele>778.6</ele>
      </trkpt>
      <trkpt lat="49.15412" lon="22.27623">
        <ele>775.1</ele>
      </trkpt>
      <trkpt lat="49.15426" lon="22.2755">
        <ele>771.4</ele>
      </trkpt>
      <trkpt lat="49.15444" lon="22.27474">
        <ele>767.3</ele>
      </trkpt>
      <trkpt lat="49.154635" lon="22.27404">
        <ele>765.1</ele>
      </trkpt>
      <trkpt lat="49.15483" lon="22.27334">
        <ele>764.9</ele>
      </trkpt>
      <trkpt lat="49.155" lon="22.27263">
        <ele>764.6</ele>
      </trkpt>
      <trkpt lat="49.155207" lon="22.271423">
        <ele>764.1</ele>
      </trkpt>
      <trkpt lat="49.155413" lon="22.270217">
        <ele>762.0</ele>
      </trkpt>
      <trkpt lat="49.15562" lon="22.26901">
        <ele>760.4</ele>
      </trkpt>
      <trkpt lat="49.15574" lon="22.26849">
        <ele>759.8</ele>
      </trkpt>
      <trkpt lat="49.15619" lon="22.26744">
        <ele>758.9</ele>
      </trkpt>
      <trkpt lat="49.15646" lon="22.26689">
        <ele>757.7</ele>
      </trkpt>
      <trkpt lat="49.15656" lon="22.26674">
        <ele>757.4</ele>
      </trkpt>
      <trkpt lat="49.156945" lon="22.266325">
        <ele>756.1</ele>
      </trkpt>
      <trkpt lat="49.15733" lon="22.26591">
        <ele>754.3</ele>
      </trkpt>
      <trkpt lat="49.157735" lon="22.26529">
        <ele>751.9</ele>
      </trkpt>
      <trkpt lat="49.15814" lon="22.26467">
        <ele>749.3</ele>
      </trkpt>
      <trkpt lat="49.1587" lon="22.263855">
        <ele>745.8</ele>
      </trkpt>
      <trkpt lat="49.15926" lon="22.26304">
        <ele>742.4</ele>
      </trkpt>
      <trkpt lat="49.15948" lon="22.26287">
        <ele>742.5</ele>
      </trkpt>
      <trkpt lat="49.15987" lon="22.26264">
        <ele>743.7</ele>
      </trkpt>
      <trkpt lat="49.16046" lon="22.26205">
        <ele>745.6</ele>
      </trkpt>
      <trkpt lat="49.16059" lon="22.26185">
        <ele>745.7</ele>
      </trkpt>
      <trkpt lat="49.160895" lon="22.260765">
        <ele>745.2</ele>
      </trkpt>
      <trkpt lat="49.1612" lon="22.25968">
        <ele>740.6</ele>
      </trkpt>
      <trkpt lat="49.1615" lon="22.258545">
        <ele>740.1</ele>
      </trkpt>
      <trkpt lat="49.1618" lon="22.25741">
        <ele>736.9</ele>
      </trkpt>
      <trkpt lat="49.16205" lon="22.25683">
        <ele>734.7</ele>
      </trkpt>
      <trkpt lat="49.16221" lon="22.25653">
        <ele>734.2</ele>
      </trkpt>
      <trkpt lat="49.16243" lon="22.25625">
        <ele>734.0</ele>
      </trkpt>
      <trkpt lat="49.16254" lon="22.25617">
        <ele>734.0</ele>
      </trkpt>
      <trkpt lat="49.16307" lon="22.25591">
        <ele>734.6</ele>
      </trkpt>
      <trkpt lat="49.16314" lon="22.25586">
        <ele>734.7</ele>
      </trkpt>
      <trkpt lat="49.16326" lon="22.25572">
        <ele>734.8</ele>
      </trkpt>
      <trkpt lat="49.16356" lon="22.25523">
        <ele>734.7</ele>
      </trkpt>
      <trkpt lat="49.16361" lon="22.25512">
        <ele>734.6</ele>
      </trkpt>
      <trkpt lat="49.16367" lon="22.25489">
        <ele>734.1</ele>
      </trkpt>
      <trkpt lat="49.16371" lon="22.25429">
        <ele>732.9</ele>
      </trkpt>
      <trkpt lat="49.16398" lon="22.253005">
        <ele>729.2</ele>
      </trkpt>
      <trkpt lat="49.16425" lon="22.25172">
        <ele>727.5</ele>
      </trkpt>
      <trkpt lat="49.16446" lon="22.25085">
        <ele>724.1</ele>
      </trkpt>
      <trkpt lat="49.16478" lon="22.25002">
        <ele>724.4</ele>
      </trkpt>
      <trkpt lat="49.1651" lon="22.24919">
        <ele>728.6</ele>
      </trkpt>
      <trkpt lat="49.16521" lon="22.24898">
        <ele>729.3</ele>
      </trkpt>
      <trkpt lat="49.16535" lon="22.24878">
        <ele>729.1</ele>
      </trkpt>
      <trkpt lat="49.16599" lon="22.24809">
        <ele>726.1</ele>
      </trkpt>
      <trkpt lat="49.166405" lon="22.24766">
        <ele>724.6</ele>
      </trkpt>
      <trkpt lat="49.16682" lon="22.24723">
        <ele>723.1</ele>
      </trkpt>
      <trkpt lat="49.16713" lon="22.246705">
        <ele>721.5</ele>
      </trkpt>
      <trkpt lat="49.16744" lon="22.24618">
        <ele>719.0</ele>
      </trkpt>
      <trkpt lat="49.16797" lon="22.24517">
        <ele>720.4</ele>
      </trkpt>
      <trkpt lat="49.16846" lon="22.2445">
        <ele>719.6</ele>
      </trkpt>
      <trkpt lat="49.16886" lon="22.24401">
        <ele>719.2</ele>
      </trkpt>
      <trkpt lat="49.16895" lon="22.24386">
        <ele>719.2</ele>
      </trkpt>
      <trkpt lat="49.16906" lon="22.2436">
        <ele>719.2</ele>
      </trkpt>
      <trkpt lat="49.16929" lon="22.24289">
        <ele>717.4</ele>
      </trkpt>
      <trkpt lat="49.16949" lon="22.2422">
        <ele>713.2</ele>
      </trkpt>
      <trkpt lat="49.16969" lon="22.24151">
        <ele>711.4</ele>
      </trkpt>
      <trkpt lat="49.1699" lon="22.24062">
        <ele>711.4</ele>
      </trkpt>
      <trkpt lat="49.16994" lon="22.24051">
        <ele>711.4</ele>
      </trkpt>
      <trkpt lat="49.17004" lon="22.2403">
        <ele>711.5</ele>
      </trkpt>
      <trkpt lat="49.1707" lon="22.23956">
        <ele>711.2</ele>
      </trkpt>
      <trkpt lat="49.17136" lon="22.23882">
        <ele>708.5</ele>
      </trkpt>
      <trkpt lat="49.17203" lon="22.23819">
        <ele>706.2</ele>
      </trkpt>
      <trkpt lat="49.17232" lon="22.23802">
        <ele>704.6</ele>
      </trkpt>
      <trkpt lat="49.17256" lon="22.23797">
        <ele>704.1</ele>
      </trkpt>
      <trkpt lat="49.17298" lon="22.23799">
        <ele>703.1</ele>
      </trkpt>
      <trkpt lat="49.17324" lon="22.23803">
        <ele>702.5</ele>
      </trkpt>
      <trkpt lat="49.17359" lon="22.23815">
        <ele>701.6</ele>
      </trkpt>
      <trkpt lat="49.174035" lon="22.23837">
        <ele>700.5</ele>
      </trkpt>
      <trkpt lat="49.17448" lon="22.23859">
        <ele>700.2</ele>
      </trkpt>
      <trkpt lat="49.17525" lon="22.23901">
        <ele>700.0</ele>
      </trkpt>
      <trkpt lat="49.17608" lon="22.23943">
        <ele>699.5</ele>
      </trkpt>
      <trkpt lat="49.17618" lon="22.23921">
        <ele>697.8</ele>
      </trkpt>
      <trkpt lat="49.17651" lon="22.238595">
        <ele>695.9</ele>
      </trkpt>
      <trkpt lat="49.17684" lon="22.23798">
        <ele>695.7</ele>
      </trkpt>
      <trkpt lat="49.17697" lon="22.23777">
        <ele>696.2</ele>
      </trkpt>
      <trkpt lat="49.17708" lon="22.23766">
        <ele>696.5</ele>
      </trkpt>
      <trkpt lat="49.17718" lon="22.2376">
        <ele>696.9</ele>
      </trkpt>
      <trkpt lat="49.17798" lon="22.23742">
        <ele>697.0</ele>
      </trkpt>
      <trkpt lat="49.17842" lon="22.23731">
        <ele>695.6</ele>
      </trkpt>
      <trkpt lat="49.178865" lon="22.237215">
        <ele>694.8</ele>
      </trkpt>
      <trkpt lat="49.17931" lon="22.23712">
        <ele>694.5</ele>
      </trkpt>
      <trkpt lat="49.17949" lon="22.23703">
        <ele>694.6</ele>
      </trkpt>
      <trkpt lat="49.18022" lon="22.23662">
        <ele>691.9</ele>
      </trkpt>
      <trkpt lat="49.18038" lon="22.23645">
        <ele>691.9</ele>
      </trkpt>
      <trkpt lat="49.18081" lon="22.23582">
        <ele>691.7</ele>
      </trkpt>
      <trkpt lat="49.18122" lon="22.23484">
        <ele>692.0</ele>
      </trkpt>
      <trkpt lat="49.18119" lon="22.23466">
        <ele>692.4</ele>
      </trkpt>
      <trkpt lat="49.18095" lon="22.23397">
        <ele>695.2</ele>
      </trkpt>
      <trkpt lat="49.18088" lon="22.2336">
        <ele>696.9</ele>
      </trkpt>
      <trkpt lat="49.18083" lon="22.23286">
        <ele>699.0</ele>
      </trkpt>
      <trkpt lat="49.18079" lon="22.23254">
        <ele>700.2</ele>
      </trkpt>
      <trkpt lat="49.1808" lon="22.23241">
        <ele>700.5</ele>
      </trkpt>
      <trkpt lat="49.18083" lon="22.23223">
        <ele>701.3</ele>
      </trkpt>
      <trkpt lat="49.18125" lon="22.23146">
        <ele>702.6</ele>
      </trkpt>
      <trkpt lat="49.18141" lon="22.23077">
        <ele>704.3</ele>
      </trkpt>
      <trkpt lat="49.18149" lon="22.2306">
        <ele>704.6</ele>
      </trkpt>
      <trkpt lat="49.18155" lon="22.23039">
        <ele>706.2</ele>
      </trkpt>
      <trkpt lat="49.18167" lon="22.23017">
        <ele>707.1</ele>
      </trkpt>
      <trkpt lat="49.18181" lon="22.22997">
        <ele>707.8</ele>
      </trkpt>
      <trkpt lat="49.18192" lon="22.22954">
        <ele>709.7</ele>
      </trkpt>
      <trkpt lat="49.18217" lon="22.22928">
        <ele>711.5</ele>
      </trkpt>
      <trkpt lat="49.18263" lon="22.22885">
        <ele>715.1</ele>
      </trkpt>
      <trkpt lat="49.18279" lon="22.22858">
        <ele>718.1</ele>
      </trkpt>
      <trkpt lat="49.18305" lon="22.22792">
        <ele>722.9</ele>
      </trkpt>
      <trkpt lat="49.1833" lon="22.22753">
        <ele>727.6</ele>
      </trkpt>
      <trkpt lat="49.18389" lon="22.22713">
        <ele>732.9</ele>
      </trkpt>
      <trkpt lat="49.18422" lon="22.22681">
        <ele>734.8</ele>
      </trkpt>
      <trkpt lat="49.18465" lon="22.22646">
        <ele>738.2</ele>
      </trkpt>
      <trkpt lat="49.18508" lon="22.22611">
        <ele>742.0</ele>
      </trkpt>
      <trkpt lat="49.18537" lon="22.22607">
        <ele>744.7</ele>
      </trkpt>
      <trkpt lat="49.18603" lon="22.22582">
        <ele>748.8</ele>
      </trkpt>
      <trkpt lat="49.18621" lon="22.22578">
        <ele>751.1</ele>
      </trkpt>
      <trkpt lat="49.18641" lon="22.2257">
        <ele>752.5</ele>
      </trkpt>
      <trkpt lat="49.18652" lon="22.22551">
        <ele>752.7</ele>
      </trkpt>
      <trkpt lat="49.18673" lon="22.22503">
        <ele>752.3</ele>
      </trkpt>
      <trkpt lat="49.187" lon="22.22432">
        <ele>752.4</ele>
      </trkpt>
      <trkpt lat="49.18714" lon="22.22376">
        <ele>751.8</ele>
      </trkpt>
      <trkpt lat="49.187227" lon="22.222803">
        <ele>751.3</ele>
      </trkpt>
      <trkpt lat="49.187313" lon="22.221847">
        <ele>749.5</ele>
      </trkpt>
      <trkpt lat="49.1874" lon="22.22089">
        <ele>749.1</ele>
      </trkpt>
      <trkpt lat="49.18699" lon="22.22036">
        <ele>743.0</ele>
      </trkpt>
      <trkpt lat="49.18679" lon="22.21995">
        <ele>739.7</ele>
      </trkpt>
      <trkpt lat="49.18654" lon="22.21936">
        <ele>733.7</ele>
      </trkpt>
      <trkpt lat="49.18604" lon="22.21839">
        <ele>723.3</ele>
      </trkpt>
      <trkpt lat="49.18568" lon="22.21781">
        <ele>716.6</ele>
      </trkpt>
      <trkpt lat="49.18549" lon="22.21761">
        <ele>713.9</ele>
      </trkpt>
      <trkpt lat="49.18542" lon="22.21729">
        <ele>711.8</ele>
      </trkpt>
      <trkpt lat="49.18544" lon="22.21701">
        <ele>707.7</ele>
      </trkpt>
      <trkpt lat="49.18547" lon="22.21685">
        <ele>707.7</ele>
      </trkpt>
      <trkpt lat="49.18531" lon="22.21664">
        <ele>706.8</ele>
      </trkpt>
      <trkpt lat="49.18516" lon="22.21657">
        <ele>706.7</ele>
      </trkpt>
      <trkpt lat="49.18511" lon="22.2165">
        <ele>706.7</ele>
      </trkpt>
      <trkpt lat="49.18499" lon="22.21604">
        <ele>706.5</ele>
      </trkpt>
      <trkpt lat="49.18502" lon="22.21592">
        <ele>706.5</ele>
      </trkpt>
      <trkpt lat="49.18533" lon="22.21522">
        <ele>707.3</ele>
      </trkpt>
      <trkpt lat="49.1854" lon="22.2145">
        <ele>710.0</ele>
      </trkpt>
      <trkpt lat="49.18544" lon="22.21438">
        <ele>710.1</ele>
      </trkpt>
      <trkpt lat="49.18549" lon="22.21431">
        <ele>710.1</ele>
      </trkpt>
      <trkpt lat="49.18562" lon="22.2142">
        <ele>710.0</ele>
      </trkpt>
      <trkpt lat="49.18569" lon="22.21406">
        <ele>709.8</ele>
      </trkpt>
      <trkpt lat="49.18577" lon="22.21379">
        <ele>709.8</ele>
      </trkpt>
      <trkpt lat="49.18589" lon="22.21316">
        <ele>710.1</ele>
      </trkpt>
      <trkpt lat="49.18596" lon="22.21294">
        <ele>709.8</ele>
      </trkpt>
      <trkpt lat="49.18617" lon="22.21263">
        <ele>708.5</ele>
      </trkpt>
      <trkpt lat="49.18645" lon="22.21195">
        <ele>707.2</ele>
      </trkpt>
      <trkpt lat="49.18676" lon="22.21134">
        <ele>705.7</ele>
      </trkpt>
      <trkpt lat="49.18687" lon="22.21106">
        <ele>705.5</ele>
      </trkpt>
      <trkpt lat="49.18707" lon="22.21089">
        <ele>705.5</ele>
      </trkpt>
      <trkpt lat="49.18757" lon="22.21039">
        <ele>704.7</ele>
      </trkpt>
      <trkpt lat="49.18776" lon="22.21042">
        <ele>702.8</ele>
      </trkpt>
      <trkpt lat="49.18788" lon="22.21038">
        <ele>701.7</ele>
      </trkpt>
      <trkpt lat="49.18864" lon="22.20988">
        <ele>698.6</ele>
      </trkpt>
      <trkpt lat="49.18881" lon="22.20975">
        <ele>698.3</ele>
      </trkpt>
      <trkpt lat="49.18893" lon="22.20962">
        <ele>698.0</ele>
      </trkpt>
      <trkpt lat="49.18913" lon="22.20903">
        <ele>696.7</ele>
      </trkpt>
      <trkpt lat="49.18922" lon="22.20884">
        <ele>696.4</ele>
      </trkpt>
      <trkpt lat="49.18931" lon="22.2087">
        <ele>695.9</ele>
      </trkpt>
      <trkpt lat="49.18957" lon="22.2084">
        <ele>694.3</ele>
      </trkpt>
      <trkpt lat="49.19007" lon="22.20771">
        <ele>692.6</ele>
      </trkpt>
      <trkpt lat="49.19023" lon="22.2076">
        <ele>691.3</ele>
      </trkpt>
      <trkpt lat="49.19099" lon="22.20725">
        <ele>690.3</ele>
      </trkpt>
      <trkpt lat="49.19116" lon="22.20689">
        <ele>691.4</ele>
      </trkpt>
      <trkpt lat="49.19119" lon="22.20676">
        <ele>691.4</ele>
      </trkpt>
      <trkpt lat="49.19114" lon="22.20629">
        <ele>689.8</ele>
      </trkpt>
      <trkpt lat="49.19121" lon="22.20593">
        <ele>687.1</ele>
      </trkpt>
      <trkpt lat="49.19129" lon="22.20572">
        <ele>686.4</ele>
      </trkpt>
      <trkpt lat="49.19151" lon="22.20527">
        <ele>682.2</ele>
      </trkpt>
      <trkpt lat="49.1916" lon="22.20484">
        <ele>681.0</ele>
      </trkpt>
      <trkpt lat="49.1916" lon="22.20469">
        <ele>680.7</ele>
      </trkpt>
      <trkpt lat="49.191407" lon="22.203523">
        <ele>674.1</ele>
      </trkpt>
      <trkpt lat="49.191213" lon="22.202357">
        <ele>669.1</ele>
      </trkpt>
      <trkpt lat="49.19102" lon="22.20119">
        <ele>662.0</ele>
      </trkpt>
      <trkpt lat="49.19085" lon="22.20052">
        <ele>659.6</ele>
      </trkpt>
      <trkpt lat="49.19078" lon="22.20012">
        <ele>658.1</ele>
      </trkpt>
      <trkpt lat="49.19074" lon="22.19965">
        <ele>655.2</ele>
      </trkpt>
      <trkpt lat="49.19075" lon="22.19908">
        <ele>653.2</ele>
      </trkpt>
      <trkpt lat="49.19086" lon="22.19829">
        <ele>645.5</ele>
      </trkpt>
      <trkpt lat="49.19092" lon="22.19814">
        <ele>644.8</ele>
      </trkpt>
      <trkpt lat="49.19101" lon="22.19801">
        <ele>643.9</ele>
      </trkpt>
      <trkpt lat="49.1914" lon="22.19765">
        <ele>641.7</ele>
      </trkpt>
      <trkpt lat="49.19156" lon="22.19748">
        <ele>641.4</ele>
      </trkpt>
      <trkpt lat="49.19187" lon="22.19702">
        <ele>641.6</ele>
      </trkpt>
      <trkpt lat="49.19195" lon="22.19678">
        <ele>642.0</ele>
      </trkpt>
      <trkpt lat="49.19209" lon="22.19675">
        <ele>642.2</ele>
      </trkpt>
      <trkpt lat="49.19226" lon="22.19659">
        <ele>643.0</ele>
      </trkpt>
      <trkpt lat="49.1924" lon="22.19635">
        <ele>643.7</ele>
      </trkpt>
      <trkpt lat="49.19251" lon="22.19607">
        <ele>644.0</ele>
      </trkpt>
      <trkpt lat="49.19266" lon="22.19554">
        <ele>644.2</ele>
      </trkpt>
      <trkpt lat="49.19308" lon="22.19456">
        <ele>644.0</ele>
      </trkpt>
      <trkpt lat="49.19359" lon="22.19389">
        <ele>642.2</ele>
      </trkpt>
      <trkpt lat="49.19395" lon="22.19347">
        <ele>641.5</ele>
      </trkpt>
      <trkpt lat="49.1942" lon="22.19325">
        <ele>640.9</ele>
      </trkpt>
      <trkpt lat="49.19494" lon="22.19271">
        <ele>637.7</ele>
      </trkpt>
      <trkpt lat="49.19529" lon="22.19251">
        <ele>636.8</ele>
      </trkpt>
      <trkpt lat="49.19544" lon="22.1924">
        <ele>636.8</ele>
      </trkpt>
      <trkpt lat="49.19578" lon="22.19203">
        <ele>634.3</ele>
      </trkpt>
      <trkpt lat="49.19617" lon="22.19166">
        <ele>629.8</ele>
      </trkpt>
      <trkpt lat="49.19669" lon="22.19124">
        <ele>627.9</ele>
      </trkpt>
      <trkpt lat="49.19714" lon="22.1911">
        <ele>626.1</ele>
      </trkpt>
      <trkpt lat="49.19734" lon="22.19108">
        <ele>625.5</ele>
      </trkpt>
      <trkpt lat="49.19765" lon="22.19115">
        <ele>625.6</ele>
      </trkpt>
      <trkpt lat="49.19788" lon="22.19118">
        <ele>625.7</ele>
      </trkpt>
      <trkpt lat="49.19819" lon="22.19112">
        <ele>625.8</ele>
      </trkpt>
      <trkpt lat="49.19847" lon="22.19104">
        <ele>626.7</ele>
      </trkpt>
      <trkpt lat="49.19867" lon="22.19093">
        <ele>626.7</ele>
      </trkpt>
      <trkpt lat="49.1992" lon="22.19047">
        <ele>627.6</ele>
      </trkpt>
      <trkpt lat="49.19949" lon="22.19016">
        <ele>627.4</ele>
      </trkpt>
      <trkpt lat="49.19967" lon="22.18991">
        <ele>626.4</ele>
      </trkpt>
      <trkpt lat="49.20005" lon="22.189175">
        <ele>625.0</ele>
      </trkpt>
      <trkpt lat="49.20043" lon="22.18844">
        <ele>623.5</ele>
      </trkpt>
      <trkpt lat="49.20063" lon="22.18792">
        <ele>621.0</ele>
      </trkpt>
      <trkpt lat="49.20073" lon="22.18775">
        <ele>620.4</ele>
      </trkpt>
      <trkpt lat="49.20106" lon="22.18737">
        <ele>619.7</ele>
      </trkpt>
      <trkpt lat="49.20122" lon="22.18703">
        <ele>619.5</ele>
      </trkpt>
      <trkpt lat="49.20139" lon="22.18644">
        <ele>619.1</ele>
      </trkpt>
      <trkpt lat="49.20162" lon="22.18588">
        <ele>618.1</ele>
      </trkpt>
      <trkpt lat="49.20194" lon="22.18538">
        <ele>617.7</ele>
      </trkpt>
      <trkpt lat="49.20217" lon="22.18481">
        <ele>615.3</ele>
      </trkpt>
      <trkpt lat="49.20238" lon="22.18421">
        <ele>612.5</ele>
      </trkpt>
      <trkpt lat="49.20267" lon="22.18328">
        <ele>609.3</ele>
      </trkpt>
      <trkpt lat="49.20279" lon="22.183">
        <ele>608.3</ele>
      </trkpt>
      <trkpt lat="49.20294" lon="22.18284">
        <ele>607.9</ele>
      </trkpt>
      <trkpt lat="49.2033" lon="22.18257">
        <ele>607.3</ele>
      </trkpt>
      <trkpt lat="49.20348" lon="22.18236">
        <ele>607.2</ele>
      </trkpt>
      <trkpt lat="49.2038" lon="22.18193">
        <ele>607.0</ele>
      </trkpt>
      <trkpt lat="49.20392" lon="22.18182">
        <ele>606.8</ele>
      </trkpt>
      <trkpt lat="49.20417" lon="22.18177">
        <ele>606.5</ele>
      </trkpt>
      <trkpt lat="49.2043" lon="22.18178">
        <ele>606.3</ele>
      </trkpt>
      <trkpt lat="49.20477" lon="22.18173">
        <ele>604.7</ele>
      </trkpt>
      <trkpt lat="49.20492" lon="22.18174">
        <ele>604.3</ele>
      </trkpt>
      <trkpt lat="49.20519" lon="22.18187">
        <ele>603.8</ele>
      </trkpt>
      <trkpt lat="49.20562" lon="22.18204">
        <ele>603.5</ele>
      </trkpt>
      <trkpt lat="49.20581" lon="22.18203">
        <ele>603.5</ele>
      </trkpt>
      <trkpt lat="49.20595" lon="22.18198">
        <ele>603.5</ele>
      </trkpt>
      <trkpt lat="49.20611" lon="22.18188">
        <ele>603.3</ele>
      </trkpt>
      <trkpt lat="49.20649" lon="22.18144">
        <ele>602.7</ele>
      </trkpt>
      <trkpt lat="49.20664" lon="22.18135">
        <ele>602.4</ele>
      </trkpt>
      <trkpt lat="49.20687" lon="22.18135">
        <ele>602.3</ele>
      </trkpt>
      <trkpt lat="49.20723" lon="22.18144">
        <ele>602.5</ele>
      </trkpt>
      <trkpt lat="49.20764" lon="22.18144">
        <ele>604.6</ele>
      </trkpt>
      <trkpt lat="49.20816" lon="22.18154">
        <ele>604.0</ele>
      </trkpt>
      <trkpt lat="49.20894" lon="22.18172">
        <ele>603.2</ele>
      </trkpt>
      <trkpt lat="49.20929" lon="22.1819">
        <ele>603.2</ele>
      </trkpt>
      <trkpt lat="49.20968" lon="22.18192">
        <ele>601.2</ele>
      </trkpt>
      <trkpt lat="49.21057" lon="22.18208">
        <ele>598.1</ele>
      </trkpt>
      <trkpt lat="49.21078" lon="22.18209">
        <ele>598.4</ele>
      </trkpt>
      <trkpt lat="49.21087" lon="22.18207">
        <ele>598.6</ele>
      </trkpt>
      <trkpt lat="49.21102" lon="22.18195">
        <ele>599.2</ele>
      </trkpt>
      <trkpt lat="49.21157" lon="22.181595">
        <ele>599.9</ele>
      </trkpt>
      <trkpt lat="49.21212" lon="22.18124">
        <ele>602.3</ele>
      </trkpt>
      <trkpt lat="49.21241" lon="22.18101">
        <ele>604.9</ele>
      </trkpt>
      <trkpt lat="49.2126" lon="22.18081">
        <ele>605.5</ele>
      </trkpt>
      <trkpt lat="49.213095" lon="22.180235">
        <ele>607.2</ele>
      </trkpt>
      <trkpt lat="49.21359" lon="22.17966">
        <ele>604.1</ele>
      </trkpt>
      <trkpt lat="49.21389" lon="22.17942">
        <ele>603.2</ele>
      </trkpt>
      <trkpt lat="49.21432" lon="22.17923">
        <ele>602.6</ele>
      </trkpt>
      <trkpt lat="49.21478" lon="22.17912">
        <ele>601.9</ele>
      </trkpt>
      <trkpt lat="49.21499" lon="22.17912">
        <ele>601.4</ele>
      </trkpt>
      <trkpt lat="49.2155" lon="22.17919">
        <ele>597.6</ele>
      </trkpt>
      <trkpt lat="49.21563" lon="22.17919">
        <ele>597.6</ele>
      </trkpt>
      <trkpt lat="49.21647" lon="22.17917">
        <ele>589.7</ele>
      </trkpt>
      <trkpt lat="49.21681" lon="22.17918">
        <ele>586.9</ele>
      </trkpt>
      <trkpt lat="49.21693" lon="22.17922">
        <ele>586.1</ele>
      </trkpt>
      <trkpt lat="49.21704" lon="22.17929">
        <ele>585.3</ele>
      </trkpt>
      <trkpt lat="49.21712" lon="22.17938">
        <ele>585.0</ele>
      </trkpt>
      <trkpt lat="49.21748" lon="22.18005">
        <ele>584.2</ele>
      </trkpt>
      <trkpt lat="49.21784" lon="22.18072">
        <ele>584.0</ele>
      </trkpt>
      <trkpt lat="49.21825" lon="22.18138">
        <ele>582.8</ele>
      </trkpt>
      <trkpt lat="49.21857" lon="22.18182">
        <ele>580.6</ele>
      </trkpt>
      <trkpt lat="49.21877" lon="22.18199">
        <ele>580.3</ele>
      </trkpt>
      <trkpt lat="49.2192" lon="22.182205">
        <ele>580.1</ele>
      </trkpt>
      <trkpt lat="49.21963" lon="22.18242">
        <ele>579.9</ele>
      </trkpt>
      <trkpt lat="49.21983" lon="22.18247">
        <ele>580.2</ele>
      </trkpt>
      <trkpt lat="49.2203" lon="22.18237">
        <ele>579.9</ele>
      </trkpt>
      <trkpt lat="49.22072" lon="22.18231">
        <ele>579.3</ele>
      </trkpt>
      <trkpt lat="49.221245" lon="22.182285">
        <ele>577.4</ele>
      </trkpt>
      <trkpt lat="49.22177" lon="22.18226">
        <ele>577.2</ele>
      </trkpt>
      <trkpt lat="49.22233" lon="22.18226">
        <ele>573.5</ele>
      </trkpt>
      <trkpt lat="49.22256" lon="22.18232">
        <ele>573.2</ele>
      </trkpt>
      <trkpt lat="49.22275" lon="22.18172">
        <ele>572.9</ele>
      </trkpt>
      <trkpt lat="49.22314" lon="22.18105">
        <ele>572.6</ele>
      </trkpt>
      <trkpt lat="49.223678" lon="22.18028">
        <ele>572.4</ele>
      </trkpt>
      <trkpt lat="49.224215" lon="22.17951">
        <ele>572.2</ele>
      </trkpt>
      <trkpt lat="49.224753" lon="22.17874">
        <ele>572.0</ele>
      </trkpt>
      <trkpt lat="49.22529" lon="22.17797">
        <ele>571.8</ele>
      </trkpt>
      <trkpt lat="49.22552" lon="22.17756">
        <ele>571.5</ele>
      </trkpt>
      <trkpt lat="49.22577" lon="22.17694">
        <ele>570.9</ele>
      </trkpt>
      <trkpt lat="49.22609" lon="22.17596">
        <ele>569.8</ele>
      </trkpt>
      <trkpt lat="49.226393" lon="22.17497">
        <ele>568.5</ele>
      </trkpt>
      <trkpt lat="49.226697" lon="22.17398">
        <ele>567.6</ele>
      </trkpt>
      <trkpt lat="49.227" lon="22.17299">
        <ele>566.4</ele>
      </trkpt>
      <trkpt lat="49.227358" lon="22.171853">
        <ele>565.0</ele>
      </trkpt>
      <trkpt lat="49.227715" lon="22.170715">
        <ele>564.4</ele>
      </trkpt>
      <trkpt lat="49.228073" lon="22.169578">
        <ele>563.8</ele>
      </trkpt>
      <trkpt lat="49.22843" lon="22.16844">
        <ele>563.0</ele>
      </trkpt>
      <trkpt lat="49.228788" lon="22.167303">
        <ele>561.6</ele>
      </trkpt>
      <trkpt lat="49.229145" lon="22.166165">
        <ele>561.0</ele>
      </trkpt>
      <trkpt lat="49.229503" lon="22.165028">
        <ele>559.1</ele>
      </trkpt>
      <trkpt lat="49.22986" lon="22.16389">
        <ele>558.2</ele>
      </trkpt>
      <trkpt lat="49.230218" lon="22.162753">
        <ele>556.0</ele>
      </trkpt>
      <trkpt lat="49.230575" lon="22.161615">
        <ele>555.1</ele>
      </trkpt>
      <trkpt lat="49.230933" lon="22.160478">
        <ele>554.6</ele>
      </trkpt>
      <trkpt lat="49.23129" lon="22.15934">
        <ele>554.4</ele>
      </trkpt>
      <trkpt lat="49.2318" lon="22.159795">
        <ele>553.5</ele>
      </trkpt>
      <trkpt lat="49.23231" lon="22.16025">
        <ele>555.7</ele>
      </trkpt>
      <trkpt lat="49.23256" lon="22.16052">
        <ele>556.8</ele>
      </trkpt>
      <trkpt lat="49.23267" lon="22.1607">
        <ele>557.3</ele>
      </trkpt>
      <trkpt lat="49.23276" lon="22.16093">
        <ele>558.0</ele>
      </trkpt>
      <trkpt lat="49.23308" lon="22.16192">
        <ele>561.5</ele>
      </trkpt>
      <trkpt lat="49.233485" lon="22.16281">
        <ele>562.6</ele>
      </trkpt>
      <trkpt lat="49.23389" lon="22.1637">
        <ele>562.4</ele>
      </trkpt>
      <trkpt lat="49.23406" lon="22.16393">
        <ele>562.4</ele>
      </trkpt>
      <trkpt lat="49.23444" lon="22.16439">
        <ele>563.8</ele>
      </trkpt>
      <trkpt lat="49.23488" lon="22.16503">
        <ele>566.3</ele>
      </trkpt>
      <trkpt lat="49.23506" lon="22.16535">
        <ele>567.2</ele>
      </trkpt>
      <trkpt lat="49.2352" lon="22.16556">
        <ele>568.0</ele>
      </trkpt>
      <trkpt lat="49.23547" lon="22.16586">
        <ele>568.3</ele>
      </trkpt>
      <trkpt lat="49.236085" lon="22.16635">
        <ele>569.1</ele>
      </trkpt>
      <trkpt lat="49.2367" lon="22.16684">
        <ele>569.6</ele>
      </trkpt>
      <trkpt lat="49.23708" lon="22.16703">
        <ele>570.3</ele>
      </trkpt>
      <trkpt lat="49.237805" lon="22.167285">
        <ele>572.5</ele>
      </trkpt>
      <trkpt lat="49.23853" lon="22.16754">
        <ele>575.6</ele>
      </trkpt>
      <trkpt lat="49.23899" lon="22.167775">
        <ele>577.8</ele>
      </trkpt>
      <trkpt lat="49.23945" lon="22.16801">
        <ele>579.9</ele>
      </trkpt>
      <trkpt lat="49.24014" lon="22.16852">
        <ele>582.3</ele>
      </trkpt>
      <trkpt lat="49.2403" lon="22.16859">
        <ele>582.6</ele>
      </trkpt>
      <trkpt lat="49.2405" lon="22.16865">
        <ele>583.1</ele>
      </trkpt>
      <trkpt lat="49.24064" lon="22.16866">
        <ele>584.6</ele>
      </trkpt>
      <trkpt lat="49.24137" lon="22.16863">
        <ele>586.4</ele>
      </trkpt>
      <trkpt lat="49.24167" lon="22.16867">
        <ele>586.9</ele>
      </trkpt>
      <trkpt lat="49.2419" lon="22.16861">
        <ele>587.6</ele>
      </trkpt>
      <trkpt lat="49.24266" lon="22.16808">
        <ele>589.5</ele>
      </trkpt>
      <trkpt lat="49.24299" lon="22.168">
        <ele>590.3</ele>
      </trkpt>
      <trkpt lat="49.243485" lon="22.16796">
        <ele>592.6</ele>
      </trkpt>
      <trkpt lat="49.24398" lon="22.16792">
        <ele>594.0</ele>
      </trkpt>
      <trkpt lat="49.24479" lon="22.16788">
        <ele>597.6</ele>
      </trkpt>
      <trkpt lat="49.24547" lon="22.16775">
        <ele>602.8</ele>
      </trkpt>
      <trkpt lat="49.24591" lon="22.1677">
        <ele>605.8</ele>
      </trkpt>
      <trkpt lat="49.24632" lon="22.1677">
        <ele>606.6</ele>
      </trkpt>
      <trkpt lat="49.24714" lon="22.16784">
        <ele>606.4</ele>
      </trkpt>
      <trkpt lat="49.24759" lon="22.1679">
        <ele>607.2</ele>
      </trkpt>
      <trkpt lat="49.24804" lon="22.16796">
        <ele>608.1</ele>
      </trkpt>
      <trkpt lat="49.2483" lon="22.16811">
        <ele>608.6</ele>
      </trkpt>
      <trkpt lat="49.248725" lon="22.168635">
        <ele>611.1</ele>
      </trkpt>
      <trkpt lat="49.24915" lon="22.16916">
        <ele>613.2</ele>
      </trkpt>
      <trkpt lat="49.24975" lon="22.169975">
        <ele>618.3</ele>
      </trkpt>
      <trkpt lat="49.25035" lon="22.17079">
        <ele>620.4</ele>
      </trkpt>
      <trkpt lat="49.2504" lon="22.17089">
        <ele>621.0</ele>
      </trkpt>
      <trkpt lat="49.25056" lon="22.1716">
        <ele>622.3</ele>
      </trkpt>
      <trkpt lat="49.25067" lon="22.17193">
        <ele>622.7</ele>
      </trkpt>
      <trkpt lat="49.25078" lon="22.17212">
        <ele>623.8</ele>
      </trkpt>
      <trkpt lat="49.25121" lon="22.172705">
        <ele>625.3</ele>
      </trkpt>
      <trkpt lat="49.25164" lon="22.17329">
        <ele>627.9</ele>
      </trkpt>
      <trkpt lat="49.252263" lon="22.174147">
        <ele>631.5</ele>
      </trkpt>
      <trkpt lat="49.252887" lon="22.175003">
        <ele>635.2</ele>
      </trkpt>
      <trkpt lat="49.25351" lon="22.17586">
        <ele>640.2</ele>
      </trkpt>
      <trkpt lat="49.25361" lon="22.17606">
        <ele>640.7</ele>
      </trkpt>
      <trkpt lat="49.25381" lon="22.17672">
        <ele>643.8</ele>
      </trkpt>
      <trkpt lat="49.25413" lon="22.17749">
        <ele>646.1</ele>
      </trkpt>
      <trkpt lat="49.254655" lon="22.17842">
        <ele>650.6</ele>
      </trkpt>
      <trkpt lat="49.25518" lon="22.17935">
        <ele>653.7</ele>
      </trkpt>
      <trkpt lat="49.25545" lon="22.1798">
        <ele>655.5</ele>
      </trkpt>
      <trkpt lat="49.25608" lon="22.18068">
        <ele>659.5</ele>
      </trkpt>
      <trkpt lat="49.256455" lon="22.181085">
        <ele>661.1</ele>
      </trkpt>
      <trkpt lat="49.25683" lon="22.18149">
        <ele>664.8</ele>
      </trkpt>
      <trkpt lat="49.25694" lon="22.18158">
        <ele>665.7</ele>
      </trkpt>
      <trkpt lat="49.25703" lon="22.18163">
        <ele>666.4</ele>
      </trkpt>
      <trkpt lat="49.25728" lon="22.18169">
        <ele>667.7</ele>
      </trkpt>
      <trkpt lat="49.25741" lon="22.18175">
        <ele>668.0</ele>
      </trkpt>
      <trkpt lat="49.25764" lon="22.1819">
        <ele>668.6</ele>
      </trkpt>
      <trkpt lat="49.25772" lon="22.18198">
        <ele>669.3</ele>
      </trkpt>
      <trkpt lat="49.25784" lon="22.18219">
        <ele>669.6</ele>
      </trkpt>
      <trkpt lat="49.2579" lon="22.18234">
        <ele>670.4</ele>
      </trkpt>
      <trkpt lat="49.25803" lon="22.18283">
        <ele>671.5</ele>
      </trkpt>
      <trkpt lat="49.25823" lon="22.18388">
        <ele>675.9</ele>
      </trkpt>
      <trkpt lat="49.25831" lon="22.18415">
        <ele>677.3</ele>
      </trkpt>
      <trkpt lat="49.25843" lon="22.18433">
        <ele>678.1</ele>
      </trkpt>
      <trkpt lat="49.25897" lon="22.18489">
        <ele>684.1</ele>
      </trkpt>
      <trkpt lat="49.25946" lon="22.18549">
        <ele>692.7</ele>
      </trkpt>
      <trkpt lat="49.25955" lon="22.18563">
        <ele>694.0</ele>
      </trkpt>
      <trkpt lat="49.25965" lon="22.18583">
        <ele>696.9</ele>
      </trkpt>
      <trkpt lat="49.25971" lon="22.18605">
        <ele>696.9</ele>
      </trkpt>
      <trkpt lat="49.25974" lon="22.18677">
        <ele>703.7</ele>
      </trkpt>
      <trkpt lat="49.25977" lon="22.18699">
        <ele>705.0</ele>
      </trkpt>
      <trkpt lat="49.25987" lon="22.18725">
        <ele>706.0</ele>
      </trkpt>
      <trkpt lat="49.26006" lon="22.18753">
        <ele>705.6</ele>
      </trkpt>
      <trkpt lat="49.26043" lon="22.18794">
        <ele>702.7</ele>
      </trkpt>
      <trkpt lat="49.26098" lon="22.1887">
        <ele>701.7</ele>
      </trkpt>
      <trkpt lat="49.26115" lon="22.18905">
        <ele>701.5</ele>
      </trkpt>
      <trkpt lat="49.26123" lon="22.18953">
        <ele>701.5</ele>
      </trkpt>
      <trkpt lat="49.26132" lon="22.19036">
        <ele>704.8</ele>
      </trkpt>
      <trkpt lat="49.26134" lon="22.19153">
        <ele>712.2</ele>
      </trkpt>
      <trkpt lat="49.26133" lon="22.19181">
        <ele>713.1</ele>
      </trkpt>
      <trkpt lat="49.26123" lon="22.19289">
        <ele>717.2</ele>
      </trkpt>
      <trkpt lat="49.26122" lon="22.19318">
        <ele>718.5</ele>
      </trkpt>
      <trkpt lat="49.26123" lon="22.19332">
        <ele>719.0</ele>
      </trkpt>
      <trkpt lat="49.26128" lon="22.1935">
        <ele>720.6</ele>
      </trkpt>
      <trkpt lat="49.26141" lon="22.19363">
        <ele>720.6</ele>
      </trkpt>
      <trkpt lat="49.26152" lon="22.19366">
        <ele>726.6</ele>
      </trkpt>
      <trkpt lat="49.26188" lon="22.1936">
        <ele>729.2</ele>
      </trkpt>
      <trkpt lat="49.26201" lon="22.19343">
        <ele>730.6</ele>
      </trkpt>
      <trkpt lat="49.26204" lon="22.19322">
        <ele>732.5</ele>
      </trkpt>
      <trkpt lat="49.26202" lon="22.1928">
        <ele>733.4</ele>
      </trkpt>
      <trkpt lat="49.26198" lon="22.19251">
        <ele>737.6</ele>
      </trkpt>
      <trkpt lat="49.26201" lon="22.19222">
        <ele>739.0</ele>
      </trkpt>
      <trkpt lat="49.2621" lon="22.19194">
        <ele>740.8</ele>
      </trkpt>
      <trkpt lat="49.26216" lon="22.19184">
        <ele>741.7</ele>
      </trkpt>
      <trkpt lat="49.26228" lon="22.1917">
        <ele>742.3</ele>
      </trkpt>
      <trkpt lat="49.26249" lon="22.19151">
        <ele>743.3</ele>
      </trkpt>
      <trkpt lat="49.26286" lon="22.19131">
        <ele>745.6</ele>
      </trkpt>
      <trkpt lat="49.26314" lon="22.19122">
        <ele>746.1</ele>
      </trkpt>
      <trkpt lat="49.26328" lon="22.19121">
        <ele>746.8</ele>
      </trkpt>
      <trkpt lat="49.2637" lon="22.19128">
        <ele>749.3</ele>
      </trkpt>
      <trkpt lat="49.26389" lon="22.19125">
        <ele>751.0</ele>
      </trkpt>
      <trkpt lat="49.264" lon="22.1912">
        <ele>751.7</ele>
      </trkpt>
      <trkpt lat="49.26417" lon="22.19109">
        <ele>752.8</ele>
      </trkpt>
      <trkpt lat="49.26469" lon="22.19069">
        <ele>758.4</ele>
      </trkpt>
      <trkpt lat="49.26492" lon="22.19054">
        <ele>761.7</ele>
      </trkpt>
      <trkpt lat="49.26503" lon="22.1905">
        <ele>762.7</ele>
      </trkpt>
      <trkpt lat="49.26512" lon="22.19049">
        <ele>764.2</ele>
      </trkpt>
      <trkpt lat="49.2652" lon="22.19051">
        <ele>765.2</ele>
      </trkpt>
      <trkpt lat="49.26554" lon="22.19082">
        <ele>769.4</ele>
      </trkpt>
      <trkpt lat="49.2658" lon="22.19123">
        <ele>772.4</ele>
      </trkpt>
      <trkpt lat="49.266105" lon="22.191835">
        <ele>778.4</ele>
      </trkpt>
      <trkpt lat="49.26641" lon="22.19244">
        <ele>784.5</ele>
      </trkpt>
      <trkpt lat="49.26678" lon="22.19296">
        <ele>790.9</ele>
      </trkpt>
      <trkpt lat="49.26706" lon="22.19328">
        <ele>794.8</ele>
      </trkpt>
      <trkpt lat="49.26712" lon="22.19333">
        <ele>795.4</ele>
      </trkpt>
      <trkpt lat="49.26719" lon="22.19336">
        <ele>795.4</ele>
      </trkpt>
      <trkpt lat="49.26732" lon="22.19338">
        <ele>797.5</ele>
      </trkpt>
      <trkpt lat="49.26745" lon="22.19332">
        <ele>797.5</ele>
      </trkpt>
      <trkpt lat="49.26756" lon="22.19323">
        <ele>798.8</ele>
      </trkpt>
      <trkpt lat="49.268045" lon="22.19266">
        <ele>804.5</ele>
      </trkpt>
      <trkpt lat="49.26853" lon="22.19209">
        <ele>805.8</ele>
      </trkpt>
      <trkpt lat="49.26887" lon="22.19175">
        <ele>802.7</ele>
      </trkpt>
      <trkpt lat="49.26921" lon="22.19136">
        <ele>800.8</ele>
      </trkpt>
      <trkpt lat="49.26932" lon="22.19128">
        <ele>800.8</ele>
      </trkpt>
      <trkpt lat="49.26947" lon="22.1913">
        <ele>801.3</ele>
      </trkpt>
      <trkpt lat="49.26956" lon="22.19141">
        <ele>801.4</ele>
      </trkpt>
      <trkpt lat="49.26966" lon="22.19157">
        <ele>800.9</ele>
      </trkpt>
      <trkpt lat="49.26972" lon="22.19171">
        <ele>800.9</ele>
      </trkpt>
      <trkpt lat="49.27043" lon="22.19098">
        <ele>796.0</ele>
      </trkpt>
      <trkpt lat="49.27057" lon="22.19087">
        <ele>795.0</ele>
      </trkpt>
      <trkpt lat="49.27083" lon="22.19074">
        <ele>791.7</ele>
      </trkpt>
      <trkpt lat="49.27156" lon="22.19047">
        <ele>785.1</ele>
      </trkpt>
      <trkpt lat="49.27167" lon="22.1904">
        <ele>784.5</ele>
      </trkpt>
      <trkpt lat="49.27179" lon="22.19028">
        <ele>783.2</ele>
      </trkpt>
      <trkpt lat="49.27186" lon="22.19003">
        <ele>782.4</ele>
      </trkpt>
      <trkpt lat="49.27193" lon="22.18962">
        <ele>780.8</ele>
      </trkpt>
      <trkpt lat="49.27197" lon="22.18952">
        <ele>779.5</ele>
      </trkpt>
      <trkpt lat="49.27202" lon="22.18945">
        <ele>779.5</ele>
      </trkpt>
      <trkpt lat="49.27208" lon="22.1894">
        <ele>779.5</ele>
      </trkpt>
      <trkpt lat="49.27221" lon="22.18937">
        <ele>778.2</ele>
      </trkpt>
      <trkpt lat="49.27269" lon="22.18943">
        <ele>774.7</ele>
      </trkpt>
      <trkpt lat="49.27279" lon="22.18941">
        <ele>774.7</ele>
      </trkpt>
      <trkpt lat="49.27309" lon="22.18923">
        <ele>773.0</ele>
      </trkpt>
      <trkpt lat="49.27318" lon="22.18913">
        <ele>773.0</ele>
      </trkpt>
      <trkpt lat="49.27319" lon="22.18912">
        <ele>773.0</ele>
      </trkpt>
      <trkpt lat="49.27324" lon="22.18896">
        <ele>771.9</ele>
      </trkpt>
      <trkpt lat="49.27324" lon="22.18887">
        <ele>770.9</ele>
      </trkpt>
      <trkpt lat="49.27318" lon="22.18865">
        <ele>768.5</ele>
      </trkpt>
      <trkpt lat="49.27309" lon="22.18846">
        <ele>768.5</ele>
      </trkpt>
      <trkpt lat="49.27305" lon="22.18828">
        <ele>765.4</ele>
      </trkpt>
      <trkpt lat="49.27305" lon="22.18818">
        <ele>764.2</ele>
      </trkpt>
      <trkpt lat="49.27308" lon="22.18809">
        <ele>764.2</ele>
      </trkpt>
      <trkpt lat="49.27313" lon="22.18801">
        <ele>762.5</ele>
      </trkpt>
      <trkpt lat="49.27359" lon="22.1876">
        <ele>757.1</ele>
      </trkpt>
      <trkpt lat="49.27369" lon="22.18747">
        <ele>755.6</ele>
      </trkpt>
      <trkpt lat="49.27378" lon="22.18729">
        <ele>754.2</ele>
      </trkpt>
      <trkpt lat="49.27398" lon="22.18659">
        <ele>750.1</ele>
      </trkpt>
      <trkpt lat="49.274175" lon="22.18589">
        <ele>746.1</ele>
      </trkpt>
      <trkpt lat="49.27437" lon="22.18519">
        <ele>744.1</ele>
      </trkpt>
      <trkpt lat="49.27446" lon="22.18501">
        <ele>744.2</ele>
      </trkpt>
      <trkpt lat="49.27456" lon="22.18491">
        <ele>744.0</ele>
      </trkpt>
      <trkpt lat="49.27497" lon="22.18461">
        <ele>741.2</ele>
      </trkpt>
      <trkpt lat="49.27536" lon="22.18417">
        <ele>739.0</ele>
      </trkpt>
      <trkpt lat="49.27549" lon="22.18407">
        <ele>738.7</ele>
      </trkpt>
      <trkpt lat="49.27564" lon="22.18399">
        <ele>738.1</ele>
      </trkpt>
      <trkpt lat="49.27629" lon="22.18378">
        <ele>736.7</ele>
      </trkpt>
      <trkpt lat="49.27645" lon="22.18369">
        <ele>736.7</ele>
      </trkpt>
      <trkpt lat="49.27667" lon="22.18339">
        <ele>736.2</ele>
      </trkpt>
      <trkpt lat="49.27708" lon="22.18243">
        <ele>736.1</ele>
      </trkpt>
      <trkpt lat="49.27746" lon="22.181645">
        <ele>729.7</ele>
      </trkpt>
      <trkpt lat="49.27784" lon="22.18086">
        <ele>722.3</ele>
      </trkpt>
      <trkpt lat="49.27789" lon="22.18079">
        <ele>721.5</ele>
      </trkpt>
      <trkpt lat="49.27797" lon="22.18076">
        <ele>720.9</ele>
      </trkpt>
      <trkpt lat="49.27801" lon="22.18077">
        <ele>720.9</ele>
      </trkpt>
      <trkpt lat="49.27806" lon="22.18081">
        <ele>720.0</ele>
      </trkpt>
      <trkpt lat="49.27809" lon="22.18089">
        <ele>720.0</ele>
      </trkpt>
      <trkpt lat="49.2781" lon="22.18101">
        <ele>719.3</ele>
      </trkpt>
      <trkpt lat="49.27808" lon="22.18118">
        <ele>718.6</ele>
      </trkpt>
      <trkpt lat="49.27795" lon="22.18173">
        <ele>716.3</ele>
      </trkpt>
      <trkpt lat="49.2779" lon="22.18207">
        <ele>712.3</ele>
      </trkpt>
      <trkpt lat="49.2779" lon="22.18224">
        <ele>712.3</ele>
      </trkpt>
      <trkpt lat="49.27793" lon="22.1824">
        <ele>711.4</ele>
      </trkpt>
      <trkpt lat="49.27798" lon="22.18254">
        <ele>710.0</ele>
      </trkpt>
      <trkpt lat="49.27805" lon="22.18258">
        <ele>709.2</ele>
      </trkpt>
      <trkpt lat="49.27814" lon="22.18259">
        <ele>708.4</ele>
      </trkpt>
      <trkpt lat="49.27822" lon="22.18256">
        <ele>707.4</ele>
      </trkpt>
      <trkpt lat="49.2783" lon="22.18248">
        <ele>707.4</ele>
      </trkpt>
      <trkpt lat="49.27883" lon="22.18157">
        <ele>701.1</ele>
      </trkpt>
      <trkpt lat="49.27927" lon="22.18095">
        <ele>695.3</ele>
      </trkpt>
      <trkpt lat="49.27956" lon="22.18052">
        <ele>691.2</ele>
      </trkpt>
      <trkpt lat="49.27979" lon="22.18008">
        <ele>688.1</ele>
      </trkpt>
      <trkpt lat="49.28002" lon="22.17946">
        <ele>681.6</ele>
      </trkpt>
      <trkpt lat="49.28018" lon="22.17861">
        <ele>675.9</ele>
      </trkpt>
      <trkpt lat="49.28027" lon="22.17828">
        <ele>672.3</ele>
      </trkpt>
      <trkpt lat="49.28039" lon="22.17798">
        <ele>669.7</ele>
      </trkpt>
      <trkpt lat="49.2805" lon="22.17774">
        <ele>666.9</ele>
      </trkpt>
      <trkpt lat="49.28111" lon="22.17702">
        <ele>666.0</ele>
      </trkpt>
      <trkpt lat="49.28127" lon="22.17677">
        <ele>666.6</ele>
      </trkpt>
      <trkpt lat="49.28136" lon="22.17657">
        <ele>666.6</ele>
      </trkpt>
      <trkpt lat="49.28153" lon="22.17608">
        <ele>664.8</ele>
      </trkpt>
      <trkpt lat="49.28193" lon="22.17524">
        <ele>658.0</ele>
      </trkpt>
      <trkpt lat="49.28203" lon="22.17478">
        <ele>655.7</ele>
      </trkpt>
      <trkpt lat="49.28222" lon="22.17345">
        <ele>651.4</ele>
      </trkpt>
      <trkpt lat="49.28225" lon="22.17334">
        <ele>650.9</ele>
      </trkpt>
      <trkpt lat="49.2823" lon="22.17323">
        <ele>650.2</ele>
      </trkpt>
      <trkpt lat="49.28242" lon="22.17306">
        <ele>648.5</ele>
      </trkpt>
      <trkpt lat="49.28293" lon="22.172425">
        <ele>643.4</ele>
      </trkpt>
      <trkpt lat="49.28344" lon="22.17179">
        <ele>637.9</ele>
      </trkpt>
      <trkpt lat="49.28356" lon="22.17161">
        <ele>634.7</ele>
      </trkpt>
      <trkpt lat="49.28363" lon="22.1714">
        <ele>632.3</ele>
      </trkpt>
      <trkpt lat="49.28381" lon="22.17034">
        <ele>626.1</ele>
      </trkpt>
      <trkpt lat="49.28381" lon="22.17014">
        <ele>624.3</ele>
      </trkpt>
      <trkpt lat="49.28373" lon="22.16987">
        <ele>622.8</ele>
      </trkpt>
      <trkpt lat="49.28341" lon="22.168865">
        <ele>618.1</ele>
      </trkpt>
      <trkpt lat="49.28309" lon="22.16786">
        <ele>616.4</ele>
      </trkpt>
      <trkpt lat="49.28306" lon="22.16768">
        <ele>615.9</ele>
      </trkpt>
      <trkpt lat="49.28306" lon="22.16752">
        <ele>615.7</ele>
      </trkpt>
      <trkpt lat="49.28311" lon="22.16734">
        <ele>615.1</ele>
      </trkpt>
      <trkpt lat="49.28336" lon="22.1667">
        <ele>610.7</ele>
      </trkpt>
      <trkpt lat="49.28361" lon="22.16606">
        <ele>605.3</ele>
      </trkpt>
      <trkpt lat="49.28367" lon="22.16583">
        <ele>604.0</ele>
      </trkpt>
      <trkpt lat="49.28386" lon="22.16464">
        <ele>599.5</ele>
      </trkpt>
      <trkpt lat="49.28391" lon="22.16441">
        <ele>598.9</ele>
      </trkpt>
      <trkpt lat="49.28415" lon="22.16395">
        <ele>597.8</ele>
      </trkpt>
      <trkpt lat="49.28484" lon="22.16317">
        <ele>599.7</ele>
      </trkpt>
      <trkpt lat="49.28509" lon="22.16282">
        <ele>602.5</ele>
      </trkpt>
      <trkpt lat="49.28545" lon="22.16219">
        <ele>604.4</ele>
      </trkpt>
      <trkpt lat="49.28559" lon="22.16187">
        <ele>603.7</ele>
      </trkpt>
      <trkpt lat="49.28561" lon="22.16167">
        <ele>602.7</ele>
      </trkpt>
      <trkpt lat="49.2856" lon="22.16149">
        <ele>600.7</ele>
      </trkpt>
      <trkpt lat="49.28555" lon="22.1612">
        <ele>599.0</ele>
      </trkpt>
      <trkpt lat="49.285365" lon="22.16041">
        <ele>592.0</ele>
      </trkpt>
      <trkpt lat="49.28518" lon="22.15962">
        <ele>589.3</ele>
      </trkpt>
      <trkpt lat="49.28513" lon="22.15929">
        <ele>589.3</ele>
      </trkpt>
      <trkpt lat="49.28513" lon="22.159">
        <ele>588.9</ele>
      </trkpt>
      <trkpt lat="49.28518" lon="22.1588">
        <ele>588.7</ele>
      </trkpt>
      <trkpt lat="49.28549" lon="22.1579">
        <ele>587.4</ele>
      </trkpt>
      <trkpt lat="49.2858" lon="22.157">
        <ele>586.9</ele>
      </trkpt>
      <trkpt lat="49.28611" lon="22.1561">
        <ele>586.0</ele>
      </trkpt>
      <trkpt lat="49.28634" lon="22.15556">
        <ele>584.9</ele>
      </trkpt>
      <trkpt lat="49.2866" lon="22.15507">
        <ele>583.8</ele>
      </trkpt>
      <trkpt lat="49.28686" lon="22.15456">
        <ele>582.3</ele>
      </trkpt>
      <trkpt lat="49.287" lon="22.15419">
        <ele>581.6</ele>
      </trkpt>
      <trkpt lat="49.28712" lon="22.15378">
        <ele>581.0</ele>
      </trkpt>
      <trkpt lat="49.2872" lon="22.15334">
        <ele>580.6</ele>
      </trkpt>
      <trkpt lat="49.287245" lon="22.152635">
        <ele>580.0</ele>
      </trkpt>
      <trkpt lat="49.28729" lon="22.15193">
        <ele>577.8</ele>
      </trkpt>
      <trkpt lat="49.28723" lon="22.15159">
        <ele>576.8</ele>
      </trkpt>
      <trkpt lat="49.28687" lon="22.15066">
        <ele>573.0</ele>
      </trkpt>
      <trkpt lat="49.28685" lon="22.15051">
        <ele>573.0</ele>
      </trkpt>
      <trkpt lat="49.28687" lon="22.15015">
        <ele>571.9</ele>
      </trkpt>
      <trkpt lat="49.28707" lon="22.14937">
        <ele>570.1</ele>
      </trkpt>
      <trkpt lat="49.28712" lon="22.1491">
        <ele>569.8</ele>
      </trkpt>
      <trkpt lat="49.28714" lon="22.14882">
        <ele>568.5</ele>
      </trkpt>
      <trkpt lat="49.28714" lon="22.14765">
        <ele>565.1</ele>
      </trkpt>
      <trkpt lat="49.28711" lon="22.14738">
        <ele>564.4</ele>
      </trkpt>
      <trkpt lat="49.28692" lon="22.14643">
        <ele>562.6</ele>
      </trkpt>
      <trkpt lat="49.28686" lon="22.14525">
        <ele>561.0</ele>
      </trkpt>
      <trkpt lat="49.2868" lon="22.14502">
        <ele>560.7</ele>
      </trkpt>
      <trkpt lat="49.28656" lon="22.14435">
        <ele>560.6</ele>
      </trkpt>
      <trkpt lat="49.28654" lon="22.14412">
        <ele>560.5</ele>
      </trkpt>
      <trkpt lat="49.28658" lon="22.1439">
        <ele>560.5</ele>
      </trkpt>
      <trkpt lat="49.28679" lon="22.14311">
        <ele>559.6</ele>
      </trkpt>
      <trkpt lat="49.28702" lon="22.1419">
        <ele>556.8</ele>
      </trkpt>
      <trkpt lat="49.28716" lon="22.14139">
        <ele>553.2</ele>
      </trkpt>
      <trkpt lat="49.28731" lon="22.1411">
        <ele>552.4</ele>
      </trkpt>
      <trkpt lat="49.28793" lon="22.14046">
        <ele>550.9</ele>
      </trkpt>
      <trkpt lat="49.28821" lon="22.14008">
        <ele>550.6</ele>
      </trkpt>
      <trkpt lat="49.28856" lon="22.139465">
        <ele>548.8</ele>
      </trkpt>
      <trkpt lat="49.28891" lon="22.13885">
        <ele>548.6</ele>
      </trkpt>
      <trkpt lat="49.28913" lon="22.13834">
        <ele>548.4</ele>
      </trkpt>
      <trkpt lat="49.28939" lon="22.13723">
        <ele>547.7</ele>
      </trkpt>
      <trkpt lat="49.2894" lon="22.13711">
        <ele>547.6</ele>
      </trkpt>
      <trkpt lat="49.28943" lon="22.13671">
        <ele>547.4</ele>
      </trkpt>
      <trkpt lat="49.2894" lon="22.1358">
        <ele>543.6</ele>
      </trkpt>
      <trkpt lat="49.28949" lon="22.13495">
        <ele>541.5</ele>
      </trkpt>
      <trkpt lat="49.28948" lon="22.13477">
        <ele>541.2</ele>
      </trkpt>
      <trkpt lat="49.28944" lon="22.13458">
        <ele>541.2</ele>
      </trkpt>
      <trkpt lat="49.289145" lon="22.133685">
        <ele>539.5</ele>
      </trkpt>
      <trkpt lat="49.28885" lon="22.13279">
        <ele>537.8</ele>
      </trkpt>
      <trkpt lat="49.28875" lon="22.1324">
        <ele>536.3</ele>
      </trkpt>
      <trkpt lat="49.28874" lon="22.13221">
        <ele>535.6</ele>
      </trkpt>
      <trkpt lat="49.28877" lon="22.13202">
        <ele>534.2</ele>
      </trkpt>
      <trkpt lat="49.28903" lon="22.13098">
        <ele>532.4</ele>
      </trkpt>
      <trkpt lat="49.28918" lon="22.130005">
        <ele>531.3</ele>
      </trkpt>
      <trkpt lat="49.28933" lon="22.12903">
        <ele>530.6</ele>
      </trkpt>
      <trkpt lat="49.289485" lon="22.12787">
        <ele>528.0</ele>
      </trkpt>
      <trkpt lat="49.28964" lon="22.12671">
        <ele>527.3</ele>
      </trkpt>
      <trkpt lat="49.28969" lon="22.12641">
        <ele>527.3</ele>
      </trkpt>
      <trkpt lat="49.28992" lon="22.12539">
        <ele>526.5</ele>
      </trkpt>
      <trkpt lat="49.28995" lon="22.12507">
        <ele>525.2</ele>
      </trkpt>
      <trkpt lat="49.28996" lon="22.12413">
        <ele>523.2</ele>
      </trkpt>
      <trkpt lat="49.28993" lon="22.1238">
        <ele>521.8</ele>
      </trkpt>
      <trkpt lat="49.28982" lon="22.12326">
        <ele>519.7</ele>
      </trkpt>
      <trkpt lat="49.28951" lon="22.12214">
        <ele>517.3</ele>
      </trkpt>
      <trkpt lat="49.28946" lon="22.12183">
        <ele>516.3</ele>
      </trkpt>
      <trkpt lat="49.28948" lon="22.12102">
        <ele>515.1</ele>
      </trkpt>
      <trkpt lat="49.2895" lon="22.12021">
        <ele>514.4</ele>
      </trkpt>
      <trkpt lat="49.28953" lon="22.11989">
        <ele>514.0</ele>
      </trkpt>
      <trkpt lat="49.28967" lon="22.11901">
        <ele>511.8</ele>
      </trkpt>
      <trkpt lat="49.2897" lon="22.11872">
        <ele>511.5</ele>
      </trkpt>
      <trkpt lat="49.28969" lon="22.11854">
        <ele>511.0</ele>
      </trkpt>
      <trkpt lat="49.28961" lon="22.1181">
        <ele>510.4</ele>
      </trkpt>
      <trkpt lat="49.2894" lon="22.11724">
        <ele>509.3</ele>
      </trkpt>
      <trkpt lat="49.28937" lon="22.117">
        <ele>509.3</ele>
      </trkpt>
      <trkpt lat="49.28937" lon="22.11682">
        <ele>508.9</ele>
      </trkpt>
      <trkpt lat="49.28943" lon="22.11594">
        <ele>508.9</ele>
      </trkpt>
      <trkpt lat="49.28949" lon="22.11506">
        <ele>508.9</ele>
      </trkpt>
      <trkpt lat="49.28972" lon="22.11381">
        <ele>507.8</ele>
      </trkpt>
      <trkpt lat="49.28975" lon="22.11344">
        <ele>507.0</ele>
      </trkpt>
      <trkpt lat="49.28976" lon="22.11303">
        <ele>506.5</ele>
      </trkpt>
      <trkpt lat="49.289695" lon="22.1117">
        <ele>503.9</ele>
      </trkpt>
      <trkpt lat="49.28963" lon="22.11037">
        <ele>502.2</ele>
      </trkpt>
      <trkpt lat="49.28968" lon="22.11015">
        <ele>502.0</ele>
      </trkpt>
      <trkpt lat="49.28976" lon="22.11">
        <ele>501.3</ele>
      </trkpt>
      <trkpt lat="49.28983" lon="22.10994">
        <ele>501.3</ele>
      </trkpt>
      <trkpt lat="49.28994" lon="22.10988">
        <ele>500.6</ele>
      </trkpt>
      <trkpt lat="49.29001" lon="22.10986">
        <ele>500.4</ele>
      </trkpt>
      <trkpt lat="49.29009" lon="22.10986">
        <ele>500.4</ele>
      </trkpt>
      <trkpt lat="49.29016" lon="22.10989">
        <ele>500.2</ele>
      </trkpt>
      <trkpt lat="49.290675" lon="22.1102">
        <ele>499.7</ele>
      </trkpt>
      <trkpt lat="49.29119" lon="22.11051">
        <ele>499.5</ele>
      </trkpt>
      <trkpt lat="49.29173" lon="22.11093">
        <ele>499.1</ele>
      </trkpt>
      <trkpt lat="49.29219" lon="22.11134">
        <ele>498.2</ele>
      </trkpt>
      <trkpt lat="49.2925" lon="22.11165">
        <ele>497.9</ele>
      </trkpt>
      <trkpt lat="49.29296" lon="22.11197">
        <ele>496.8</ele>
      </trkpt>
      <trkpt lat="49.29335" lon="22.11215">
        <ele>496.3</ele>
      </trkpt>
      <trkpt lat="49.29353" lon="22.11227">
        <ele>495.7</ele>
      </trkpt>
      <trkpt lat="49.29371" lon="22.11243">
        <ele>495.1</ele>
      </trkpt>
      <trkpt lat="49.29402" lon="22.11277">
        <ele>493.1</ele>
      </trkpt>
      <trkpt lat="49.29421" lon="22.11308">
        <ele>492.7</ele>
      </trkpt>
      <trkpt lat="49.29468" lon="22.11375">
        <ele>492.7</ele>
      </trkpt>
      <trkpt lat="49.29478" lon="22.11384">
        <ele>494.3</ele>
      </trkpt>
      <trkpt lat="49.29508" lon="22.114">
        <ele>495.5</ele>
      </trkpt>
      <trkpt lat="49.29525" lon="22.11414">
        <ele>495.7</ele>
      </trkpt>
      <trkpt lat="49.29547" lon="22.11441">
        <ele>495.1</ele>
      </trkpt>
      <trkpt lat="49.29564" lon="22.11475">
        <ele>494.8</ele>
      </trkpt>
      <trkpt lat="49.29569" lon="22.1153">
        <ele>494.8</ele>
      </trkpt>
      <trkpt lat="49.29573" lon="22.11552">
        <ele>494.6</ele>
      </trkpt>
      <trkpt lat="49.29593" lon="22.11622">
        <ele>494.4</ele>
      </trkpt>
      <trkpt lat="49.29613" lon="22.11692">
        <ele>494.0</ele>
      </trkpt>
      <trkpt lat="49.29621" lon="22.11708">
        <ele>493.6</ele>
      </trkpt>
      <trkpt lat="49.29637" lon="22.11725">
        <ele>493.6</ele>
      </trkpt>
      <trkpt lat="49.2969" lon="22.11753">
        <ele>493.3</ele>
      </trkpt>
      <trkpt lat="49.29718" lon="22.11778">
        <ele>492.9</ele>
      </trkpt>
      <trkpt lat="49.29738" lon="22.11788">
        <ele>492.9</ele>
      </trkpt>
      <trkpt lat="49.2976" lon="22.1179">
        <ele>492.6</ele>
      </trkpt>
      <trkpt lat="49.29776" lon="22.11787">
        <ele>492.6</ele>
      </trkpt>
      <trkpt lat="49.29809" lon="22.11767">
        <ele>492.6</ele>
      </trkpt>
      <trkpt lat="49.29822" lon="22.11764">
        <ele>492.6</ele>
      </trkpt>
      <trkpt lat="49.29847" lon="22.11764">
        <ele>492.5</ele>
      </trkpt>
      <trkpt lat="49.29897" lon="22.11772">
        <ele>491.2</ele>
      </trkpt>
      <trkpt lat="49.2992" lon="22.11784">
        <ele>490.9</ele>
      </trkpt>
      <trkpt lat="49.29937" lon="22.11788">
        <ele>490.5</ele>
      </trkpt>
      <trkpt lat="49.29952" lon="22.11788">
        <ele>490.5</ele>
      </trkpt>
      <trkpt lat="49.30009" lon="22.11775">
        <ele>489.9</ele>
      </trkpt>
      <trkpt lat="49.30043" lon="22.11756">
        <ele>489.1</ele>
      </trkpt>
      <trkpt lat="49.30058" lon="22.11753">
        <ele>489.1</ele>
      </trkpt>
      <trkpt lat="49.30085" lon="22.11753">
        <ele>488.9</ele>
      </trkpt>
      <trkpt lat="49.30099" lon="22.11747">
        <ele>488.9</ele>
      </trkpt>
      <trkpt lat="49.30117" lon="22.11731">
        <ele>488.8</ele>
      </trkpt>
      <trkpt lat="49.30133" lon="22.11714">
        <ele>488.8</ele>
      </trkpt>
      <trkpt lat="49.30148" lon="22.11704">
        <ele>488.7</ele>
      </trkpt>
      <trkpt lat="49.30157" lon="22.11701">
        <ele>488.7</ele>
      </trkpt>
      <trkpt lat="49.30212" lon="22.11699">
        <ele>488.7</ele>
      </trkpt>
      <trkpt lat="49.30247" lon="22.11709">
        <ele>489.4</ele>
      </trkpt>
      <trkpt lat="49.30268" lon="22.11721">
        <ele>489.5</ele>
      </trkpt>
      <trkpt lat="49.30305" lon="22.11748">
        <ele>489.1</ele>
      </trkpt>
      <trkpt lat="49.30324" lon="22.11757">
        <ele>488.8</ele>
      </trkpt>
      <trkpt lat="49.30354" lon="22.11763">
        <ele>488.7</ele>
      </trkpt>
      <trkpt lat="49.30379" lon="22.11772">
        <ele>488.4</ele>
      </trkpt>
      <trkpt lat="49.30406" lon="22.11785">
        <ele>487.9</ele>
      </trkpt>
      <trkpt lat="49.30432" lon="22.118">
        <ele>487.7</ele>
      </trkpt>
      <trkpt lat="49.30479" lon="22.11844">
        <ele>486.7</ele>
      </trkpt>
      <trkpt lat="49.30533" lon="22.11911">
        <ele>486.5</ele>
      </trkpt>
      <trkpt lat="49.30546" lon="22.11932">
        <ele>486.4</ele>
      </trkpt>
      <trkpt lat="49.3058" lon="22.12015">
        <ele>485.0</ele>
      </trkpt>
      <trkpt lat="49.30613" lon="22.12077">
        <ele>484.6</ele>
      </trkpt>
      <trkpt lat="49.30615" lon="22.12085">
        <ele>484.4</ele>
      </trkpt>
      <trkpt lat="49.30622" lon="22.12091">
        <ele>484.2</ele>
      </trkpt>
      <trkpt lat="49.30648" lon="22.12106">
        <ele>484.4</ele>
      </trkpt>
      <trkpt lat="49.30661" lon="22.1211">
        <ele>484.8</ele>
      </trkpt>
      <trkpt lat="49.30745" lon="22.12122">
        <ele>484.9</ele>
      </trkpt>
      <trkpt lat="49.30767" lon="22.12121">
        <ele>484.5</ele>
      </trkpt>
      <trkpt lat="49.30836" lon="22.12107">
        <ele>483.9</ele>
      </trkpt>
      <trkpt lat="49.30878" lon="22.12109">
        <ele>483.6</ele>
      </trkpt>
      <trkpt lat="49.3096" lon="22.12099">
        <ele>483.0</ele>
      </trkpt>
      <trkpt lat="49.30982" lon="22.12088">
        <ele>482.7</ele>
      </trkpt>
      <trkpt lat="49.30999" lon="22.12075">
        <ele>482.5</ele>
      </trkpt>
      <trkpt lat="49.31013" lon="22.12053">
        <ele>481.9</ele>
      </trkpt>
      <trkpt lat="49.31022" lon="22.1203">
        <ele>481.8</ele>
      </trkpt>
      <trkpt lat="49.31028" lon="22.11993">
        <ele>481.5</ele>
      </trkpt>
      <trkpt lat="49.3103" lon="22.11964">
        <ele>481.2</ele>
      </trkpt>
      <trkpt lat="49.31039" lon="22.11951">
        <ele>481.2</ele>
      </trkpt>
      <trkpt lat="49.310845" lon="22.11915">
        <ele>483.6</ele>
      </trkpt>
      <trkpt lat="49.3113" lon="22.11879">
        <ele>485.2</ele>
      </trkpt>
      <trkpt lat="49.31144" lon="22.11851">
        <ele>484.9</ele>
      </trkpt>
      <trkpt lat="49.31172" lon="22.11818">
        <ele>484.4</ele>
      </trkpt>
      <trkpt lat="49.31237" lon="22.11751">
        <ele>483.9</ele>
      </trkpt>
      <trkpt lat="49.31286" lon="22.11713">
        <ele>484.2</ele>
      </trkpt>
      <trkpt lat="49.31335" lon="22.11681">
        <ele>485.0</ele>
      </trkpt>
      <trkpt lat="49.31376" lon="22.11641">
        <ele>483.6</ele>
      </trkpt>
      <trkpt lat="49.31395" lon="22.11625">
        <ele>483.3</ele>
      </trkpt>
      <trkpt lat="49.31428" lon="22.11602">
        <ele>482.3</ele>
      </trkpt>
      <trkpt lat="49.31445" lon="22.11569">
        <ele>481.6</ele>
      </trkpt>
      <trkpt lat="49.31452" lon="22.11561">
        <ele>480.3</ele>
      </trkpt>
      <trkpt lat="49.31522" lon="22.11522">
        <ele>479.2</ele>
      </trkpt>
      <trkpt lat="49.31548" lon="22.11498">
        <ele>479.0</ele>
      </trkpt>
      <trkpt lat="49.31566" lon="22.11458">
        <ele>479.2</ele>
      </trkpt>
      <trkpt lat="49.31578" lon="22.11413">
        <ele>479.6</ele>
      </trkpt>
      <trkpt lat="49.31586" lon="22.11399">
        <ele>479.8</ele>
      </trkpt>
      <trkpt lat="49.31622" lon="22.11386">
        <ele>481.9</ele>
      </trkpt>
      <trkpt lat="49.31697" lon="22.11355">
        <ele>490.9</ele>
      </trkpt>
      <trkpt lat="49.31772" lon="22.11324">
        <ele>497.8</ele>
      </trkpt>
      <trkpt lat="49.31797" lon="22.11326">
        <ele>498.6</ele>
      </trkpt>
      <trkpt lat="49.31847" lon="22.11357">
        <ele>497.7</ele>
      </trkpt>
      <trkpt lat="49.31914" lon="22.11381">
        <ele>490.3</ele>
      </trkpt>
      <trkpt lat="49.31957" lon="22.11384">
        <ele>486.3</ele>
      </trkpt>
      <trkpt lat="49.31994" lon="22.11373">
        <ele>481.2</ele>
      </trkpt>
      <trkpt lat="49.32022" lon="22.11361">
        <ele>478.1</ele>
      </trkpt>
      <trkpt lat="49.32078" lon="22.11326">
        <ele>473.9</ele>
      </trkpt>
      <trkpt lat="49.32143" lon="22.113">
        <ele>473.7</ele>
      </trkpt>
      <trkpt lat="49.321855" lon="22.112605">
        <ele>471.4</ele>
      </trkpt>
      <trkpt lat="49.32228" lon="22.11221">
        <ele>467.4</ele>
      </trkpt>
      <trkpt lat="49.32272" lon="22.11191">
        <ele>465.9</ele>
      </trkpt>
      <trkpt lat="49.32316" lon="22.11161">
        <ele>464.6</ele>
      </trkpt>
      <trkpt lat="49.32356" lon="22.11122">
        <ele>463.5</ele>
      </trkpt>
      <trkpt lat="49.32396" lon="22.11083">
        <ele>463.5</ele>
      </trkpt>
      <trkpt lat="49.32474" lon="22.11021">
        <ele>463.4</ele>
      </trkpt>
      <trkpt lat="49.32517" lon="22.10992">
        <ele>463.2</ele>
      </trkpt>
      <trkpt lat="49.32583" lon="22.10936">
        <ele>462.5</ele>
      </trkpt>
      <trkpt lat="49.32604" lon="22.10921">
        <ele>461.7</ele>
      </trkpt>
      <trkpt lat="49.32662" lon="22.108915">
        <ele>460.5</ele>
      </trkpt>
      <trkpt lat="49.3272" lon="22.10862">
        <ele>459.9</ele>
      </trkpt>
      <trkpt lat="49.32739" lon="22.10851">
        <ele>459.7</ele>
      </trkpt>
      <trkpt lat="49.32763" lon="22.10829">
        <ele>459.7</ele>
      </trkpt>
      <trkpt lat="49.32791" lon="22.10787">
        <ele>459.9</ele>
      </trkpt>
      <trkpt lat="49.32807" lon="22.1076">
        <ele>460.4</ele>
      </trkpt>
      <trkpt lat="49.32823" lon="22.10725">
        <ele>461.2</ele>
      </trkpt>
      <trkpt lat="49.32851" lon="22.1062">
        <ele>459.3</ele>
      </trkpt>
      <trkpt lat="49.32875" lon="22.10571">
        <ele>458.5</ele>
      </trkpt>
      <trkpt lat="49.329165" lon="22.105035">
        <ele>458.3</ele>
      </trkpt>
      <trkpt lat="49.32958" lon="22.10436">
        <ele>458.6</ele>
      </trkpt>
      <trkpt lat="49.32966" lon="22.10424">
        <ele>458.6</ele>
      </trkpt>
      <trkpt lat="49.32979" lon="22.10411">
        <ele>458.6</ele>
      </trkpt>
      <trkpt lat="49.33057" lon="22.10384">
        <ele>458.6</ele>
      </trkpt>
      <trkpt lat="49.33075" lon="22.10381">
        <ele>458.3</ele>
      </trkpt>
      <trkpt lat="49.331465" lon="22.10384">
        <ele>458.2</ele>
      </trkpt>
      <trkpt lat="49.33218" lon="22.10387">
        <ele>458.0</ele>
      </trkpt>
      <trkpt lat="49.33242" lon="22.10391">
        <ele>458.0</ele>
      </trkpt>
      <trkpt lat="49.33264" lon="22.10397">
        <ele>457.9</ele>
      </trkpt>
      <trkpt lat="49.33301" lon="22.10428">
        <ele>457.5</ele>
      </trkpt>
      <trkpt lat="49.33311" lon="22.10432">
        <ele>457.3</ele>
      </trkpt>
      <trkpt lat="49.33317" lon="22.10432">
        <ele>457.3</ele>
      </trkpt>
      <trkpt lat="49.33322" lon="22.10428">
        <ele>456.9</ele>
      </trkpt>
      <trkpt lat="49.3336" lon="22.103835">
        <ele>456.9</ele>
      </trkpt>
      <trkpt lat="49.33398" lon="22.10339">
        <ele>456.9</ele>
      </trkpt>
      <trkpt lat="49.33431" lon="22.10295">
        <ele>456.9</ele>
      </trkpt>
      <trkpt lat="49.33439" lon="22.10279">
        <ele>456.9</ele>
      </trkpt>
      <trkpt lat="49.33441" lon="22.10271">
        <ele>456.9</ele>
      </trkpt>
      <trkpt lat="49.33441" lon="22.10241">
        <ele>457.4</ele>
      </trkpt>
      <trkpt lat="49.33437" lon="22.102">
        <ele>458.5</ele>
      </trkpt>
      <trkpt lat="49.33432" lon="22.10166">
        <ele>460.5</ele>
      </trkpt>
      <trkpt lat="49.33424" lon="22.1014">
        <ele>463.1</ele>
      </trkpt>
      <trkpt lat="49.33417" lon="22.10133">
        <ele>463.9</ele>
      </trkpt>
      <trkpt lat="49.33408" lon="22.10128">
        <ele>464.3</ele>
      </trkpt>
      <trkpt lat="49.33339" lon="22.10133">
        <ele>469.6</ele>
      </trkpt>
      <trkpt lat="49.33305" lon="22.10132">
        <ele>474.6</ele>
      </trkpt>
      <trkpt lat="49.33226" lon="22.10125">
        <ele>479.4</ele>
      </trkpt>
      <trkpt lat="49.33189" lon="22.10116">
        <ele>479.7</ele>
      </trkpt>
      <trkpt lat="49.33162" lon="22.101">
        <ele>480.7</ele>
      </trkpt>
      <trkpt lat="49.3315" lon="22.1007">
        <ele>481.6</ele>
      </trkpt>
      <trkpt lat="49.33143" lon="22.10027">
        <ele>484.8</ele>
      </trkpt>
      <trkpt lat="49.33145" lon="22.10003">
        <ele>485.8</ele>
      </trkpt>
      <trkpt lat="49.3317" lon="22.09965">
        <ele>487.8</ele>
      </trkpt>
      <trkpt lat="49.33231" lon="22.09892">
        <ele>489.8</ele>
      </trkpt>
      <trkpt lat="49.33254" lon="22.0986">
        <ele>490.4</ele>
      </trkpt>
      <trkpt lat="49.33258" lon="22.09841">
        <ele>491.4</ele>
      </trkpt>
      <trkpt lat="49.33247" lon="22.09762">
        <ele>499.2</ele>
      </trkpt>
      <trkpt lat="49.33241" lon="22.0973">
        <ele>501.2</ele>
      </trkpt>
      <trkpt lat="49.33191" lon="22.09666">
        <ele>508.1</ele>
      </trkpt>
      <trkpt lat="49.33133" lon="22.096085">
        <ele>512.9</ele>
      </trkpt>
      <trkpt lat="49.33075" lon="22.09551">
        <ele>526.7</ele>
      </trkpt>
      <trkpt lat="49.33007" lon="22.09515">
        <ele>533.5</ele>
      </trkpt>
      <trkpt lat="49.3293" lon="22.09497">
        <ele>538.2</ele>
      </trkpt>
      <trkpt lat="49.32895" lon="22.09484">
        <ele>539.6</ele>
      </trkpt>
      <trkpt lat="49.32877" lon="22.09465">
        <ele>539.4</ele>
      </trkpt>
      <trkpt lat="49.32868" lon="22.09447">
        <ele>539.4</ele>
      </trkpt>
      <trkpt lat="49.3287" lon="22.09424">
        <ele>540.2</ele>
      </trkpt>
      <trkpt lat="49.32887" lon="22.094">
        <ele>542.5</ele>
      </trkpt>
      <trkpt lat="49.32922" lon="22.09363">
        <ele>544.8</ele>
      </trkpt>
      <trkpt lat="49.32929" lon="22.09342">
        <ele>550.4</ele>
      </trkpt>
      <trkpt lat="49.32932" lon="22.09302">
        <ele>550.4</ele>
      </trkpt>
      <trkpt lat="49.3294" lon="22.09255">
        <ele>552.8</ele>
      </trkpt>
      <trkpt lat="49.32963" lon="22.09188">
        <ele>553.0</ele>
      </trkpt>
      <trkpt lat="49.32964" lon="22.09173">
        <ele>552.7</ele>
      </trkpt>
      <trkpt lat="49.32956" lon="22.09158">
        <ele>551.5</ele>
      </trkpt>
      <trkpt lat="49.32906" lon="22.09148">
        <ele>547.6</ele>
      </trkpt>
      <trkpt lat="49.32856" lon="22.09138">
        <ele>542.9</ele>
      </trkpt>
      <trkpt lat="49.32817" lon="22.09118">
        <ele>539.6</ele>
      </trkpt>
      <trkpt lat="49.32786" lon="22.09097">
        <ele>534.8</ele>
      </trkpt>
      <trkpt lat="49.32772" lon="22.09075">
        <ele>533.9</ele>
      </trkpt>
      <trkpt lat="49.32766" lon="22.09054">
        <ele>533.1</ele>
      </trkpt>
      <trkpt lat="49.32765" lon="22.09027">
        <ele>532.9</ele>
      </trkpt>
      <trkpt lat="49.32773" lon="22.08991">
        <ele>532.4</ele>
      </trkpt>
      <trkpt lat="49.32791" lon="22.08975">
        <ele>531.7</ele>
      </trkpt>
      <trkpt lat="49.32877" lon="22.08961">
        <ele>527.6</ele>
      </trkpt>
      <trkpt lat="49.32895" lon="22.08953">
        <ele>526.6</ele>
      </trkpt>
      <trkpt lat="49.32917" lon="22.08939">
        <ele>525.4</ele>
      </trkpt>
      <trkpt lat="49.32947" lon="22.08903">
        <ele>522.0</ele>
      </trkpt>
      <trkpt lat="49.32963" lon="22.08876">
        <ele>520.0</ele>
      </trkpt>
      <trkpt lat="49.32982" lon="22.08867">
        <ele>515.7</ele>
      </trkpt>
      <trkpt lat="49.33018" lon="22.08863">
        <ele>511.9</ele>
      </trkpt>
      <trkpt lat="49.33044" lon="22.08848">
        <ele>510.7</ele>
      </trkpt>
      <trkpt lat="49.33106" lon="22.08767">
        <ele>506.0</ele>
      </trkpt>
      <trkpt lat="49.33144" lon="22.08714">
        <ele>502.1</ele>
      </trkpt>
      <trkpt lat="49.33179" lon="22.08652">
        <ele>499.8</ele>
      </trkpt>
      <trkpt lat="49.33202" lon="22.08633">
        <ele>498.7</ele>
      </trkpt>
      <trkpt lat="49.33225" lon="22.08621">
        <ele>497.1</ele>
      </trkpt>
      <trkpt lat="49.33294" lon="22.08593">
        <ele>494.4</ele>
      </trkpt>
      <trkpt lat="49.3331" lon="22.0858">
        <ele>493.7</ele>
      </trkpt>
      <trkpt lat="49.33343" lon="22.08542">
        <ele>491.4</ele>
      </trkpt>
      <trkpt lat="49.33382" lon="22.08507">
        <ele>489.1</ele>
      </trkpt>
      <trkpt lat="49.33438" lon="22.08434">
        <ele>487.8</ele>
      </trkpt>
      <trkpt lat="49.33458" lon="22.08396">
        <ele>487.7</ele>
      </trkpt>
      <trkpt lat="49.33469" lon="22.08327">
        <ele>487.7</ele>
      </trkpt>
      <trkpt lat="49.3348" lon="22.08317">
        <ele>488.2</ele>
      </trkpt>
      <trkpt lat="49.335" lon="22.08315">
        <ele>488.5</ele>
      </trkpt>
      <trkpt lat="49.33524" lon="22.08305">
        <ele>489.1</ele>
      </trkpt>
      <trkpt lat="49.33537" lon="22.08292">
        <ele>489.3</ele>
      </trkpt>
      <trkpt lat="49.33598" lon="22.08194">
        <ele>491.4</ele>
      </trkpt>
      <trkpt lat="49.33619" lon="22.08147">
        <ele>491.4</ele>
      </trkpt>
      <trkpt lat="49.33636" lon="22.08085">
        <ele>488.9</ele>
      </trkpt>
      <trkpt lat="49.33668" lon="22.08031">
        <ele>486.0</ele>
      </trkpt>
      <trkpt lat="49.337" lon="22.07977">
        <ele>483.6</ele>
      </trkpt>
      <trkpt lat="49.33723" lon="22.07945">
        <ele>481.0</ele>
      </trkpt>
      <trkpt lat="49.33753" lon="22.07912">
        <ele>477.3</ele>
      </trkpt>
      <trkpt lat="49.33769" lon="22.07888">
        <ele>473.5</ele>
      </trkpt>
      <trkpt lat="49.33773" lon="22.07871">
        <ele>473.5</ele>
      </trkpt>
      <trkpt lat="49.33774" lon="22.07854">
        <ele>469.3</ele>
      </trkpt>
      <trkpt lat="49.337585" lon="22.07732">
        <ele>460.4</ele>
      </trkpt>
      <trkpt lat="49.33743" lon="22.0761">
        <ele>459.7</ele>
      </trkpt>
      <trkpt lat="49.33756" lon="22.075205">
        <ele>460.1</ele>
      </trkpt>
      <trkpt lat="49.33769" lon="22.07431">
        <ele>461.1</ele>
      </trkpt>
      <trkpt lat="49.337845" lon="22.07337">
        <ele>463.5</ele>
      </trkpt>
      <trkpt lat="49.338" lon="22.07243">
        <ele>465.1</ele>
      </trkpt>
      <trkpt lat="49.337315" lon="22.07199">
        <ele>464.5</ele>
      </trkpt>
      <trkpt lat="49.33663" lon="22.07155">
        <ele>464.0</ele>
      </trkpt>
      <trkpt lat="49.33638" lon="22.07134">
        <ele>463.5</ele>
      </trkpt>
      <trkpt lat="49.33601" lon="22.07094">
        <ele>463.3</ele>
      </trkpt>
      <trkpt lat="49.335625" lon="22.07049">
        <ele>463.1</ele>
      </trkpt>
      <trkpt lat="49.33524" lon="22.07004">
        <ele>463.2</ele>
      </trkpt>
      <trkpt lat="49.335" lon="22.06973">
        <ele>463.3</ele>
      </trkpt>
      <trkpt lat="49.33507" lon="22.06955">
        <ele>463.3</ele>
      </trkpt>
      <trkpt lat="49.33521" lon="22.06925">
        <ele>463.2</ele>
      </trkpt>
      <trkpt lat="49.33576" lon="22.06826">
        <ele>463.5</ele>
      </trkpt>
      <trkpt lat="49.33596" lon="22.06778">
        <ele>463.6</ele>
      </trkpt>
      <trkpt lat="49.33627" lon="22.06649">
        <ele>464.7</ele>
      </trkpt>
      <trkpt lat="49.33637" lon="22.06618">
        <ele>464.7</ele>
      </trkpt>
      <trkpt lat="49.33654" lon="22.0658">
        <ele>465.3</ele>
      </trkpt>
      <trkpt lat="49.33668" lon="22.06558">
        <ele>465.3</ele>
      </trkpt>
      <trkpt lat="49.33683" lon="22.06539">
        <ele>465.5</ele>
      </trkpt>
      <trkpt lat="49.337365" lon="22.06493">
        <ele>466.6</ele>
      </trkpt>
      <trkpt lat="49.3379" lon="22.06447">
        <ele>470.3</ele>
      </trkpt>
      <trkpt lat="49.33814" lon="22.06421">
        <ele>471.1</ele>
      </trkpt>
      <trkpt lat="49.33832" lon="22.06394">
        <ele>472.1</ele>
      </trkpt>
      <trkpt lat="49.33854" lon="22.06352">
        <ele>473.0</ele>
      </trkpt>
      <trkpt lat="49.339025" lon="22.06244">
        <ele>474.1</ele>
      </trkpt>
      <trkpt lat="49.33951" lon="22.06136">
        <ele>473.7</ele>
      </trkpt>
      <trkpt lat="49.33971" lon="22.06088">
        <ele>473.5</ele>
      </trkpt>
      <trkpt lat="49.33982" lon="22.06047">
        <ele>473.1</ele>
      </trkpt>
      <trkpt lat="49.33986" lon="22.0599">
        <ele>472.7</ele>
      </trkpt>
      <trkpt lat="49.339757" lon="22.058633">
        <ele>474.1</ele>
      </trkpt>
      <trkpt lat="49.339653" lon="22.057367">
        <ele>477.1</ele>
      </trkpt>
      <trkpt lat="49.33955" lon="22.0561">
        <ele>478.4</ele>
      </trkpt>
      <trkpt lat="49.33955" lon="22.05565">
        <ele>478.2</ele>
      </trkpt>
      <trkpt lat="49.339693" lon="22.054333">
        <ele>477.7</ele>
      </trkpt>
      <trkpt lat="49.339835" lon="22.053015">
        <ele>478.0</ele>
      </trkpt>
      <trkpt lat="49.339978" lon="22.051698">
        <ele>479.4</ele>
      </trkpt>
      <trkpt lat="49.34012" lon="22.05038">
        <ele>482.5</ele>
      </trkpt>
      <trkpt lat="49.34025" lon="22.04965">
        <ele>483.8</ele>
      </trkpt>
      <trkpt lat="49.34056" lon="22.04836">
        <ele>484.6</ele>
      </trkpt>
      <trkpt lat="49.34063" lon="22.0479">
        <ele>484.9</ele>
      </trkpt>
      <trkpt lat="49.34064" lon="22.04772">
        <ele>485.0</ele>
      </trkpt>
      <trkpt lat="49.3406" lon="22.04718">
        <ele>485.4</ele>
      </trkpt>
      <trkpt lat="49.3405" lon="22.04673">
        <ele>485.6</ele>
      </trkpt>
      <trkpt lat="49.340193" lon="22.045657">
        <ele>486.9</ele>
      </trkpt>
      <trkpt lat="49.339887" lon="22.044583">
        <ele>487.4</ele>
      </trkpt>
      <trkpt lat="49.33958" lon="22.04351">
        <ele>487.7</ele>
      </trkpt>
      <trkpt lat="49.33952" lon="22.04319">
        <ele>488.1</ele>
      </trkpt>
      <trkpt lat="49.33951" lon="22.04272">
        <ele>488.5</ele>
      </trkpt>
      <trkpt lat="49.33961" lon="22.04225">
        <ele>488.8</ele>
      </trkpt>
      <trkpt lat="49.33973" lon="22.04194">
        <ele>489.0</ele>
      </trkpt>
      <trkpt lat="49.33982" lon="22.04178">
        <ele>489.5</ele>
      </trkpt>
      <trkpt lat="49.34004" lon="22.0415">
        <ele>489.5</ele>
      </trkpt>
      <trkpt lat="49.340605" lon="22.040855">
        <ele>490.7</ele>
      </trkpt>
      <trkpt lat="49.34117" lon="22.04021">
        <ele>491.4</ele>
      </trkpt>
      <trkpt lat="49.34145" lon="22.03996">
        <ele>491.5</ele>
      </trkpt>
      <trkpt lat="49.342073" lon="22.03949">
        <ele>492.9</ele>
      </trkpt>
      <trkpt lat="49.342697" lon="22.03902">
        <ele>495.0</ele>
      </trkpt>
      <trkpt lat="49.34332" lon="22.03855">
        <ele>498.6</ele>
      </trkpt>
      <trkpt lat="49.34341" lon="22.03847">
        <ele>498.9</ele>
      </trkpt>
      <trkpt lat="49.34363" lon="22.03822">
        <ele>499.5</ele>
      </trkpt>
      <trkpt lat="49.34373" lon="22.03808">
        <ele>499.5</ele>
      </trkpt>
      <trkpt lat="49.34387" lon="22.03781">
        <ele>499.8</ele>
      </trkpt>
      <trkpt lat="49.34426" lon="22.03669">
        <ele>500.4</ele>
      </trkpt>
      <trkpt lat="49.34465" lon="22.03557">
        <ele>501.4</ele>
      </trkpt>
      <trkpt lat="49.34475" lon="22.03512">
        <ele>501.5</ele>
      </trkpt>
      <trkpt lat="49.34493" lon="22.03405">
        <ele>502.1</ele>
      </trkpt>
      <trkpt lat="49.34511" lon="22.03298">
        <ele>502.7</ele>
      </trkpt>
      <trkpt lat="49.34525" lon="22.03255">
        <ele>503.5</ele>
      </trkpt>
      <trkpt lat="49.34541" lon="22.03229">
        <ele>503.7</ele>
      </trkpt>
      <trkpt lat="49.34556" lon="22.03211">
        <ele>503.9</ele>
      </trkpt>
      <trkpt lat="49.34569" lon="22.03201">
        <ele>503.9</ele>
      </trkpt>
      <trkpt lat="49.34578" lon="22.03197">
        <ele>503.9</ele>
      </trkpt>
      <trkpt lat="49.34607" lon="22.03191">
        <ele>504.3</ele>
      </trkpt>
      <trkpt lat="49.34632" lon="22.03189">
        <ele>504.5</ele>
      </trkpt>
      <trkpt lat="49.347145" lon="22.031795">
        <ele>506.3</ele>
      </trkpt>
      <trkpt lat="49.34797" lon="22.0317">
        <ele>508.4</ele>
      </trkpt>
      <trkpt lat="49.34811" lon="22.03165">
        <ele>508.5</ele>
      </trkpt>
      <trkpt lat="49.34824" lon="22.03158">
        <ele>508.5</ele>
      </trkpt>
      <trkpt lat="49.34849" lon="22.03139">
        <ele>508.2</ele>
      </trkpt>
      <trkpt lat="49.34916" lon="22.03075">
        <ele>507.2</ele>
      </trkpt>
      <trkpt lat="49.34983" lon="22.03011">
        <ele>507.8</ele>
      </trkpt>
      <trkpt lat="49.35017" lon="22.02985">
        <ele>508.3</ele>
      </trkpt>
      <trkpt lat="49.350918" lon="22.029458">
        <ele>509.3</ele>
      </trkpt>
      <trkpt lat="49.351666" lon="22.029066">
        <ele>509.7</ele>
      </trkpt>
      <trkpt lat="49.352414" lon="22.028674">
        <ele>509.1</ele>
      </trkpt>
      <trkpt lat="49.353162" lon="22.028282">
        <ele>509.1</ele>
      </trkpt>
      <trkpt lat="49.35391" lon="22.02789">
        <ele>509.8</ele>
      </trkpt>
      <trkpt lat="49.35404" lon="22.02785">
        <ele>510.0</ele>
      </trkpt>
      <trkpt lat="49.35476" lon="22.027727">
        <ele>510.7</ele>
      </trkpt>
      <trkpt lat="49.35548" lon="22.027603">
        <ele>512.0</ele>
      </trkpt>
      <trkpt lat="49.3562" lon="22.02748">
        <ele>512.6</ele>
      </trkpt>
      <trkpt lat="49.35648" lon="22.02739">
        <ele>512.8</ele>
      </trkpt>
      <trkpt lat="49.35703" lon="22.027045">
        <ele>513.0</ele>
      </trkpt>
      <trkpt lat="49.35758" lon="22.0267">
        <ele>513.8</ele>
      </trkpt>
      <trkpt lat="49.35768" lon="22.02662">
        <ele>514.0</ele>
      </trkpt>
      <trkpt lat="49.35793" lon="22.02634">
        <ele>514.7</ele>
      </trkpt>
      <trkpt lat="49.35807" lon="22.0261">
        <ele>515.4</ele>
      </trkpt>
      <trkpt lat="49.35823" lon="22.02575">
        <ele>516.6</ele>
      </trkpt>
      <trkpt lat="49.35874" lon="22.02462">
        <ele>520.9</ele>
      </trkpt>
      <trkpt lat="49.35925" lon="22.02349">
        <ele>525.5</ele>
      </trkpt>
      <trkpt lat="49.35938" lon="22.02325">
        <ele>527.0</ele>
      </trkpt>
      <trkpt lat="49.3596" lon="22.02294">
        <ele>528.1</ele>
      </trkpt>
      <trkpt lat="49.360203" lon="22.022295">
        <ele>531.0</ele>
      </trkpt>
      <trkpt lat="49.360805" lon="22.02165">
        <ele>537.2</ele>
      </trkpt>
      <trkpt lat="49.361408" lon="22.021005">
        <ele>542.8</ele>
      </trkpt>
      <trkpt lat="49.36201" lon="22.02036">
        <ele>548.2</ele>
      </trkpt>
      <trkpt lat="49.36225" lon="22.02004">
        <ele>549.9</ele>
      </trkpt>
      <trkpt lat="49.36255" lon="22.01955">
        <ele>551.7</ele>
      </trkpt>
      <trkpt lat="49.36308" lon="22.01848">
        <ele>554.8</ele>
      </trkpt>
      <trkpt lat="49.36361" lon="22.01741">
        <ele>558.1</ele>
      </trkpt>
      <trkpt lat="49.364074" lon="22.016472">
        <ele>560.2</ele>
      </trkpt>
      <trkpt lat="49.364538" lon="22.015534">
        <ele>562.1</ele>
      </trkpt>
      <trkpt lat="49.365002" lon="22.014596">
        <ele>564.8</ele>
      </trkpt>
      <trkpt lat="49.365466" lon="22.013658">
        <ele>566.5</ele>
      </trkpt>
      <trkpt lat="49.36593" lon="22.01272">
        <ele>565.9</ele>
      </trkpt>
      <trkpt lat="49.36617" lon="22.01216">
        <ele>563.8</ele>
      </trkpt>
      <trkpt lat="49.36629" lon="22.01179">
        <ele>561.2</ele>
      </trkpt>
      <trkpt lat="49.366503" lon="22.010725">
        <ele>557.8</ele>
      </trkpt>
      <trkpt lat="49.366715" lon="22.00966">
        <ele>559.9</ele>
      </trkpt>
      <trkpt lat="49.366928" lon="22.008595">
        <ele>566.4</ele>
      </trkpt>
      <trkpt lat="49.36714" lon="22.00753">
        <ele>573.3</ele>
      </trkpt>
      <trkpt lat="49.36739" lon="22.00636">
        <ele>578.7</ele>
      </trkpt>
      <trkpt lat="49.36751" lon="22.00598">
        <ele>580.1</ele>
      </trkpt>
      <trkpt lat="49.36763" lon="22.00569">
        <ele>581.4</ele>
      </trkpt>
      <trkpt lat="49.36796" lon="22.00512">
        <ele>582.9</ele>
      </trkpt>
      <trkpt lat="49.368403" lon="22.004407">
        <ele>584.0</ele>
      </trkpt>
      <trkpt lat="49.368847" lon="22.003693">
        <ele>583.3</ele>
      </trkpt>
      <trkpt lat="49.36929" lon="22.00298">
        <ele>581.3</ele>
      </trkpt>
      <trkpt lat="49.36953" lon="22.00266">
        <ele>580.2</ele>
      </trkpt>
      <trkpt lat="49.3698" lon="22.00238">
        <ele>579.4</ele>
      </trkpt>
      <trkpt lat="49.3702" lon="22.00209">
        <ele>577.5</ele>
      </trkpt>
      <trkpt lat="49.370916" lon="22.001612">
        <ele>573.2</ele>
      </trkpt>
      <trkpt lat="49.371632" lon="22.001134">
        <ele>569.4</ele>
      </trkpt>
      <trkpt lat="49.372348" lon="22.000656">
        <ele>564.7</ele>
      </trkpt>
      <trkpt lat="49.373064" lon="22.000178">
        <ele>558.2</ele>
      </trkpt>
      <trkpt lat="49.37378" lon="21.9997">
        <ele>555.1</ele>
      </trkpt>
      <trkpt lat="49.37406" lon="21.99955">
        <ele>552.0</ele>
      </trkpt>
      <trkpt lat="49.3743" lon="21.99947">
        <ele>551.5</ele>
      </trkpt>
      <trkpt lat="49.37467" lon="21.99944">
        <ele>550.0</ele>
      </trkpt>
      <trkpt lat="49.37539" lon="21.999493">
        <ele>546.4</ele>
      </trkpt>
      <trkpt lat="49.37611" lon="21.999547">
        <ele>544.5</ele>
      </trkpt>
      <trkpt lat="49.37683" lon="21.9996">
        <ele>542.4</ele>
      </trkpt>
      <trkpt lat="49.377" lon="21.99957">
        <ele>542.2</ele>
      </trkpt>
      <trkpt lat="49.3772" lon="21.99949">
        <ele>541.9</ele>
      </trkpt>
      <trkpt lat="49.37744" lon="21.99934">
        <ele>541.0</ele>
      </trkpt>
      <trkpt lat="49.3777" lon="21.99911">
        <ele>540.5</ele>
      </trkpt>
      <trkpt lat="49.3782" lon="21.998615">
        <ele>540.2</ele>
      </trkpt>
      <trkpt lat="49.3787" lon="21.99812">
        <ele>540.4</ele>
      </trkpt>
      <trkpt lat="49.3791" lon="21.99782">
        <ele>540.3</ele>
      </trkpt>
      <trkpt lat="49.379835" lon="21.99735">
        <ele>542.4</ele>
      </trkpt>
      <trkpt lat="49.38057" lon="21.99688">
        <ele>546.0</ele>
      </trkpt>
      <trkpt lat="49.38105" lon="21.99656">
        <ele>549.3</ele>
      </trkpt>
      <trkpt lat="49.38153" lon="21.99624">
        <ele>551.3</ele>
      </trkpt>
      <trkpt lat="49.38193" lon="21.99601">
        <ele>552.2</ele>
      </trkpt>
      <trkpt lat="49.38261" lon="21.99568">
        <ele>550.4</ele>
      </trkpt>
      <trkpt lat="49.38329" lon="21.99535">
        <ele>546.1</ele>
      </trkpt>
      <trkpt lat="49.38372" lon="21.99504">
        <ele>546.1</ele>
      </trkpt>
      <trkpt lat="49.38401" lon="21.99475">
        <ele>542.7</ele>
      </trkpt>
      <trkpt lat="49.38467" lon="21.994043">
        <ele>538.8</ele>
      </trkpt>
      <trkpt lat="49.38533" lon="21.993337">
        <ele>534.4</ele>
      </trkpt>
      <trkpt lat="49.38599" lon="21.99263">
        <ele>528.2</ele>
      </trkpt>
      <trkpt lat="49.386565" lon="21.99206">
        <ele>524.0</ele>
      </trkpt>
      <trkpt lat="49.38714" lon="21.99149">
        <ele>519.9</ele>
      </trkpt>
      <trkpt lat="49.387823" lon="21.990803">
        <ele>514.7</ele>
      </trkpt>
      <trkpt lat="49.388507" lon="21.990117">
        <ele>513.7</ele>
      </trkpt>
      <trkpt lat="49.38919" lon="21.98943">
        <ele>512.7</ele>
      </trkpt>
      <trkpt lat="49.3895" lon="21.98904">
        <ele>512.2</ele>
      </trkpt>
      <trkpt lat="49.38975" lon="21.98865">
        <ele>512.1</ele>
      </trkpt>
      <trkpt lat="49.39023" lon="21.98778">
        <ele>511.5</ele>
      </trkpt>
      <trkpt lat="49.390647" lon="21.987007">
        <ele>510.7</ele>
      </trkpt>
      <trkpt lat="49.391063" lon="21.986233">
        <ele>509.2</ele>
      </trkpt>
      <trkpt lat="49.39148" lon="21.98546">
        <ele>508.2</ele>
      </trkpt>
      <trkpt lat="49.39169" lon="21.98511">
        <ele>508.2</ele>
      </trkpt>
      <trkpt lat="49.392" lon="21.9847">
        <ele>507.8</ele>
      </trkpt>
      <trkpt lat="49.39213" lon="21.98457">
        <ele>507.6</ele>
      </trkpt>
      <trkpt lat="49.39276" lon="21.98405">
        <ele>507.6</ele>
      </trkpt>
      <trkpt lat="49.3931" lon="21.98375">
        <ele>507.1</ele>
      </trkpt>
      <trkpt lat="49.39353" lon="21.98341">
        <ele>506.4</ele>
      </trkpt>
      <trkpt lat="49.39419" lon="21.98299">
        <ele>504.6</ele>
      </trkpt>
      <trkpt lat="49.394615" lon="21.982745">
        <ele>502.3</ele>
      </trkpt>
      <trkpt lat="49.39504" lon="21.9825">
        <ele>500.7</ele>
      </trkpt>
      <trkpt lat="49.395625" lon="21.98215">
        <ele>499.2</ele>
      </trkpt>
      <trkpt lat="49.39621" lon="21.9818">
        <ele>497.5</ele>
      </trkpt>
      <trkpt lat="49.3968" lon="21.98151">
        <ele>497.3</ele>
      </trkpt>
      <trkpt lat="49.39736" lon="21.98131">
        <ele>497.2</ele>
      </trkpt>
      <trkpt lat="49.39818" lon="21.98106">
        <ele>496.7</ele>
      </trkpt>
      <trkpt lat="49.399" lon="21.98081">
        <ele>495.3</ele>
      </trkpt>
      <trkpt lat="49.39934" lon="21.98067">
        <ele>493.7</ele>
      </trkpt>
      <trkpt lat="49.39957" lon="21.98049">
        <ele>492.8</ele>
      </trkpt>
      <trkpt lat="49.39971" lon="21.98033">
        <ele>492.0</ele>
      </trkpt>
      <trkpt lat="49.40009" lon="21.97977">
        <ele>490.0</ele>
      </trkpt>
      <trkpt lat="49.40047" lon="21.97921">
        <ele>490.0</ele>
      </trkpt>
      <trkpt lat="49.40083" lon="21.97866">
        <ele>489.9</ele>
      </trkpt>
      <trkpt lat="49.401" lon="21.97846">
        <ele>489.8</ele>
      </trkpt>
      <trkpt lat="49.40125" lon="21.97825">
        <ele>489.5</ele>
      </trkpt>
      <trkpt lat="49.40144" lon="21.97815">
        <ele>489.5</ele>
      </trkpt>
      <trkpt lat="49.40157" lon="21.97811">
        <ele>489.4</ele>
      </trkpt>
      <trkpt lat="49.40184" lon="21.97809">
        <ele>489.2</ele>
      </trkpt>
      <trkpt lat="49.40203" lon="21.97812">
        <ele>489.1</ele>
      </trkpt>
      <trkpt lat="49.402615" lon="21.978295">
        <ele>487.9</ele>
      </trkpt>
      <trkpt lat="49.4032" lon="21.97847">
        <ele>487.2</ele>
      </trkpt>
      <trkpt lat="49.40356" lon="21.97852">
        <ele>487.0</ele>
      </trkpt>
      <trkpt lat="49.40388" lon="21.97852">
        <ele>486.3</ele>
      </trkpt>
      <trkpt lat="49.40473" lon="21.978433">
        <ele>484.4</ele>
      </trkpt>
      <trkpt lat="49.40558" lon="21.978347">
        <ele>482.4</ele>
      </trkpt>
      <trkpt lat="49.40643" lon="21.97826">
        <ele>481.0</ele>
      </trkpt>
      <trkpt lat="49.40674" lon="21.97826">
        <ele>480.1</ele>
      </trkpt>
      <trkpt lat="49.40701" lon="21.97831">
        <ele>479.3</ele>
      </trkpt>
      <trkpt lat="49.40733" lon="21.97842">
        <ele>478.6</ele>
      </trkpt>
      <trkpt lat="49.40792" lon="21.978685">
        <ele>477.4</ele>
      </trkpt>
      <trkpt lat="49.40851" lon="21.97895">
        <ele>476.6</ele>
      </trkpt>
      <trkpt lat="49.40874" lon="21.97904">
        <ele>476.2</ele>
      </trkpt>
      <trkpt lat="49.40901" lon="21.97912">
        <ele>475.8</ele>
      </trkpt>
      <trkpt lat="49.40945" lon="21.97919">
        <ele>474.9</ele>
      </trkpt>
      <trkpt lat="49.40972" lon="21.97919">
        <ele>474.3</ele>
      </trkpt>
      <trkpt lat="49.40998" lon="21.97917">
        <ele>474.1</ele>
      </trkpt>
      <trkpt lat="49.41023" lon="21.97913">
        <ele>474.0</ele>
      </trkpt>
      <trkpt lat="49.41087" lon="21.978965">
        <ele>474.0</ele>
      </trkpt>
      <trkpt lat="49.41151" lon="21.9788">
        <ele>474.6</ele>
      </trkpt>
      <trkpt lat="49.41185" lon="21.97871">
        <ele>475.1</ele>
      </trkpt>
      <trkpt lat="49.41222" lon="21.97859">
        <ele>475.7</ele>
      </trkpt>
      <trkpt lat="49.41236" lon="21.97852">
        <ele>476.0</ele>
      </trkpt>
      <trkpt lat="49.41255" lon="21.97838">
        <ele>476.3</ele>
      </trkpt>
      <trkpt lat="49.4126" lon="21.9785">
        <ele>476.7</ele>
      </trkpt>
      <trkpt lat="49.41261" lon="21.9786">
        <ele>476.9</ele>
      </trkpt>
      <trkpt lat="49.41259" lon="21.97886">
        <ele>476.9</ele>
      </trkpt>
      <trkpt lat="49.412445" lon="21.979805">
        <ele>478.0</ele>
      </trkpt>
      <trkpt lat="49.4123" lon="21.98075">
        <ele>479.3</ele>
      </trkpt>
      <trkpt lat="49.41229" lon="21.98104">
        <ele>479.4</ele>
      </trkpt>
      <trkpt lat="49.41248" lon="21.98166">
        <ele>479.5</ele>
      </trkpt>
      <trkpt lat="49.41269" lon="21.98249">
        <ele>480.8</ele>
      </trkpt>
      <trkpt lat="49.41277" lon="21.98272">
        <ele>481.4</ele>
      </trkpt>
      <trkpt lat="49.41287" lon="21.98286">
        <ele>481.7</ele>
      </trkpt>
      <trkpt lat="49.41342" lon="21.98348">
        <ele>484.6</ele>
      </trkpt>
      <trkpt lat="49.41402" lon="21.98411">
        <ele>486.2</ele>
      </trkpt>
      <trkpt lat="49.4146" lon="21.98477">
        <ele>488.3</ele>
      </trkpt>
      <trkpt lat="49.41535" lon="21.98528">
        <ele>490.4</ele>
      </trkpt>
      <trkpt lat="49.41617" lon="21.985815">
        <ele>495.3</ele>
      </trkpt>
      <trkpt lat="49.41699" lon="21.98635">
        <ele>497.4</ele>
      </trkpt>
      <trkpt lat="49.41744" lon="21.98657">
        <ele>499.7</ele>
      </trkpt>
      <trkpt lat="49.4178" lon="21.98671">
        <ele>500.9</ele>
      </trkpt>
      <trkpt lat="49.41812" lon="21.98673">
        <ele>502.4</ele>
      </trkpt>
      <trkpt lat="49.41877" lon="21.98669">
        <ele>501.9</ele>
      </trkpt>
      <trkpt lat="49.41921" lon="21.98671">
        <ele>499.4</ele>
      </trkpt>
      <trkpt lat="49.41954" lon="21.98689">
        <ele>499.1</ele>
      </trkpt>
      <trkpt lat="49.41993" lon="21.98718">
        <ele>500.1</ele>
      </trkpt>
      <trkpt lat="49.42041" lon="21.98718">
        <ele>501.5</ele>
      </trkpt>
      <trkpt lat="49.42103" lon="21.98683">
        <ele>504.7</ele>
      </trkpt>
      <trkpt lat="49.42177" lon="21.98623">
        <ele>507.9</ele>
      </trkpt>
      <trkpt lat="49.42245" lon="21.98561">
        <ele>509.6</ele>
      </trkpt>
      <trkpt lat="49.42278" lon="21.98536">
        <ele>510.3</ele>
      </trkpt>
      <trkpt lat="49.42303" lon="21.98534">
        <ele>511.2</ele>
      </trkpt>
      <trkpt lat="49.42339" lon="21.98537">
        <ele>511.6</ele>
      </trkpt>
      <trkpt lat="49.4236" lon="21.98537">
        <ele>511.8</ele>
      </trkpt>
      <trkpt lat="49.42377" lon="21.98529">
        <ele>512.7</ele>
      </trkpt>
      <trkpt lat="49.42424" lon="21.98462">
        <ele>513.9</ele>
      </trkpt>
      <trkpt lat="49.42471" lon="21.98395">
        <ele>515.3</ele>
      </trkpt>
      <trkpt lat="49.42518" lon="21.98328">
        <ele>518.1</ele>
      </trkpt>
      <trkpt lat="49.42547" lon="21.98281">
        <ele>519.9</ele>
      </trkpt>
      <trkpt lat="49.42593" lon="21.981835">
        <ele>521.0</ele>
      </trkpt>
      <trkpt lat="49.42639" lon="21.98086">
        <ele>523.1</ele>
      </trkpt>
      <trkpt lat="49.42664" lon="21.9804">
        <ele>524.3</ele>
      </trkpt>
      <trkpt lat="49.42721" lon="21.97977">
        <ele>527.4</ele>
      </trkpt>
      <trkpt lat="49.42753" lon="21.97914">
        <ele>529.6</ele>
      </trkpt>
      <trkpt lat="49.42783" lon="21.97862">
        <ele>529.4</ele>
      </trkpt>
      <trkpt lat="49.428215" lon="21.977825">
        <ele>528.8</ele>
      </trkpt>
      <trkpt lat="49.4286" lon="21.97703">
        <ele>529.2</ele>
      </trkpt>
      <trkpt lat="49.428955" lon="21.97656">
        <ele>529.9</ele>
      </trkpt>
      <trkpt lat="49.42931" lon="21.97609">
        <ele>531.5</ele>
      </trkpt>
      <trkpt lat="49.42971" lon="21.9758">
        <ele>534.0</ele>
      </trkpt>
      <trkpt lat="49.42998" lon="21.97571">
        <ele>535.9</ele>
      </trkpt>
      <trkpt lat="49.43043" lon="21.97571">
        <ele>538.8</ele>
      </trkpt>
      <trkpt lat="49.4309" lon="21.9756">
        <ele>540.8</ele>
      </trkpt>
      <trkpt lat="49.43141" lon="21.97536">
        <ele>542.4</ele>
      </trkpt>
      <trkpt lat="49.43177" lon="21.97517">
        <ele>543.6</ele>
      </trkpt>
      <trkpt lat="49.432377" lon="21.97502">
        <ele>547.0</ele>
      </trkpt>
      <trkpt lat="49.432983" lon="21.97487">
        <ele>549.2</ele>
      </trkpt>
      <trkpt lat="49.43359" lon="21.97472">
        <ele>550.9</ele>
      </trkpt>
      <trkpt lat="49.43395" lon="21.97473">
        <ele>551.4</ele>
      </trkpt>
      <trkpt lat="49.43455" lon="21.97493">
        <ele>551.0</ele>
      </trkpt>
      <trkpt lat="49.43507" lon="21.97518">
        <ele>549.0</ele>
      </trkpt>
      <trkpt lat="49.43542" lon="21.97544">
        <ele>549.1</ele>
      </trkpt>
      <trkpt lat="49.43592" lon="21.97588">
        <ele>551.6</ele>
      </trkpt>
      <trkpt lat="49.43642" lon="21.97608">
        <ele>553.2</ele>
      </trkpt>
      <trkpt lat="49.43712" lon="21.97659">
        <ele>556.3</ele>
      </trkpt>
      <trkpt lat="49.43741" lon="21.97692">
        <ele>557.4</ele>
      </trkpt>
      <trkpt lat="49.43755" lon="21.9772">
        <ele>558.0</ele>
      </trkpt>
      <trkpt lat="49.43786" lon="21.97754">
        <ele>559.5</ele>
      </trkpt>
      <trkpt lat="49.438387" lon="21.977997">
        <ele>561.7</ele>
      </trkpt>
      <trkpt lat="49.438913" lon="21.978453">
        <ele>562.6</ele>
      </trkpt>
      <trkpt lat="49.43944" lon="21.97891">
        <ele>564.6</ele>
      </trkpt>
      <trkpt lat="49.44005" lon="21.97924">
        <ele>566.6</ele>
      </trkpt>
      <trkpt lat="49.4406" lon="21.979687">
        <ele>568.6</ele>
      </trkpt>
      <trkpt lat="49.44115" lon="21.980133">
        <ele>570.9</ele>
      </trkpt>
      <trkpt lat="49.4417" lon="21.98058">
        <ele>572.8</ele>
      </trkpt>
      <trkpt lat="49.44231" lon="21.98116">
        <ele>575.8</ele>
      </trkpt>
      <trkpt lat="49.44292" lon="21.98174">
        <ele>580.4</ele>
      </trkpt>
      <trkpt lat="49.44338" lon="21.982075">
        <ele>582.8</ele>
      </trkpt>
      <trkpt lat="49.44384" lon="21.98241">
        <ele>584.5</ele>
      </trkpt>
      <trkpt lat="49.44401" lon="21.9825">
        <ele>585.9</ele>
      </trkpt>
      <trkpt lat="49.44425" lon="21.98255">
        <ele>588.5</ele>
      </trkpt>
      <trkpt lat="49.44447" lon="21.98243">
        <ele>588.5</ele>
      </trkpt>
      <trkpt lat="49.44484" lon="21.98214">
        <ele>597.4</ele>
      </trkpt>
      <trkpt lat="49.44506" lon="21.98204">
        <ele>600.4</ele>
      </trkpt>
      <trkpt lat="49.44565" lon="21.98199">
        <ele>609.2</ele>
      </trkpt>
      <trkpt lat="49.44592" lon="21.98195">
        <ele>611.2</ele>
      </trkpt>
      <trkpt lat="49.4462" lon="21.98184">
        <ele>617.5</ele>
      </trkpt>
      <trkpt lat="49.44654" lon="21.98163">
        <ele>623.0</ele>
      </trkpt>
      <trkpt lat="49.44678" lon="21.98162">
        <ele>626.4</ele>
      </trkpt>
      <trkpt lat="49.44702" lon="21.98175">
        <ele>629.7</ele>
      </trkpt>
      <trkpt lat="49.44738" lon="21.98188">
        <ele>635.9</ele>
      </trkpt>
      <trkpt lat="49.44785" lon="21.98194">
        <ele>641.3</ele>
      </trkpt>
      <trkpt lat="49.44821" lon="21.98195">
        <ele>646.5</ele>
      </trkpt>
      <trkpt lat="49.44842" lon="21.98191">
        <ele>649.6</ele>
      </trkpt>
      <trkpt lat="49.44884" lon="21.98173">
        <ele>654.4</ele>
      </trkpt>
      <trkpt lat="49.44914" lon="21.98154">
        <ele>655.8</ele>
      </trkpt>
      <trkpt lat="49.4494" lon="21.98121">
        <ele>659.4</ele>
      </trkpt>
      <trkpt lat="49.44995" lon="21.98036">
        <ele>666.1</ele>
      </trkpt>
      <trkpt lat="49.45034" lon="21.97986">
        <ele>670.0</ele>
      </trkpt>
      <trkpt lat="49.4507" lon="21.97948">
        <ele>673.6</ele>
      </trkpt>
      <trkpt lat="49.45101" lon="21.9792">
        <ele>679.2</ele>
      </trkpt>
      <trkpt lat="49.45129" lon="21.979">
        <ele>682.4</ele>
      </trkpt>
      <trkpt lat="49.45153" lon="21.97887">
        <ele>684.4</ele>
      </trkpt>
      <trkpt lat="49.45189" lon="21.97861">
        <ele>687.4</ele>
      </trkpt>
      <trkpt lat="49.45215" lon="21.97839">
        <ele>688.5</ele>
      </trkpt>
      <trkpt lat="49.45228" lon="21.97834">
        <ele>688.5</ele>
      </trkpt>
      <trkpt lat="49.45288" lon="21.97853">
        <ele>686.0</ele>
      </trkpt>
      <trkpt lat="49.45329" lon="21.97869">
        <ele>686.2</ele>
      </trkpt>
      <trkpt lat="49.45371" lon="21.97891">
        <ele>688.9</ele>
      </trkpt>
      <trkpt lat="49.45391" lon="21.97906">
        <ele>689.9</ele>
      </trkpt>
      <trkpt lat="49.45409" lon="21.97913">
        <ele>690.7</ele>
      </trkpt>
      <trkpt lat="49.45421" lon="21.97912">
        <ele>691.1</ele>
      </trkpt>
      <trkpt lat="49.45436" lon="21.97899">
        <ele>691.8</ele>
      </trkpt>
      <trkpt lat="49.45452" lon="21.97879">
        <ele>692.3</ele>
      </trkpt>
      <trkpt lat="49.45465" lon="21.97855">
        <ele>692.4</ele>
      </trkpt>
      <trkpt lat="49.45474" lon="21.97825">
        <ele>691.9</ele>
      </trkpt>
      <trkpt lat="49.45482" lon="21.97774">
        <ele>689.7</ele>
      </trkpt>
      <trkpt lat="49.45499" lon="21.97715">
        <ele>684.8</ele>
      </trkpt>
      <trkpt lat="49.45519" lon="21.97658">
        <ele>681.1</ele>
      </trkpt>
      <trkpt lat="49.45537" lon="21.97597">
        <ele>679.1</ele>
      </trkpt>
      <trkpt lat="49.45551" lon="21.97559">
        <ele>678.8</ele>
      </trkpt>
      <trkpt lat="49.45562" lon="21.97537">
        <ele>679.0</ele>
      </trkpt>
      <trkpt lat="49.45622" lon="21.97494">
        <ele>682.7</ele>
      </trkpt>
      <trkpt lat="49.45637" lon="21.9748">
        <ele>683.9</ele>
      </trkpt>
      <trkpt lat="49.4565" lon="21.97459">
        <ele>687.0</ele>
      </trkpt>
      <trkpt lat="49.4567" lon="21.9741">
        <ele>689.0</ele>
      </trkpt>
      <trkpt lat="49.45708" lon="21.97353">
        <ele>691.2</ele>
      </trkpt>
      <trkpt lat="49.45746" lon="21.97292">
        <ele>692.3</ele>
      </trkpt>
      <trkpt lat="49.457795" lon="21.97245">
        <ele>693.7</ele>
      </trkpt>
      <trkpt lat="49.45813" lon="21.97198">
        <ele>693.2</ele>
      </trkpt>
      <trkpt lat="49.45845" lon="21.97145">
        <ele>690.2</ele>
      </trkpt>
      <trkpt lat="49.45856" lon="21.9712">
        <ele>689.5</ele>
      </trkpt>
      <trkpt lat="49.45857" lon="21.97119">
        <ele>689.5</ele>
      </trkpt>
      <trkpt lat="49.45861" lon="21.97098">
        <ele>688.9</ele>
      </trkpt>
      <trkpt lat="49.45857" lon="21.97034">
        <ele>685.8</ele>
      </trkpt>
      <trkpt lat="49.45863" lon="21.96999">
        <ele>685.0</ele>
      </trkpt>
      <trkpt lat="49.45875" lon="21.96978">
        <ele>683.8</ele>
      </trkpt>
      <trkpt lat="49.45905" lon="21.96969">
        <ele>681.5</ele>
      </trkpt>
      <trkpt lat="49.45915" lon="21.96958">
        <ele>679.4</ele>
      </trkpt>
      <trkpt lat="49.4592" lon="21.96936">
        <ele>679.4</ele>
      </trkpt>
      <trkpt lat="49.45919" lon="21.96884">
        <ele>675.9</ele>
      </trkpt>
      <trkpt lat="49.45921" lon="21.96847">
        <ele>674.3</ele>
      </trkpt>
      <trkpt lat="49.45931" lon="21.96788">
        <ele>670.3</ele>
      </trkpt>
      <trkpt lat="49.45948" lon="21.96725">
        <ele>669.3</ele>
      </trkpt>
      <trkpt lat="49.45949" lon="21.9665">
        <ele>669.2</ele>
      </trkpt>
      <trkpt lat="49.45946" lon="21.96636">
        <ele>669.5</ele>
      </trkpt>
      <trkpt lat="49.45939" lon="21.96622">
        <ele>670.5</ele>
      </trkpt>
      <trkpt lat="49.45923" lon="21.96614">
        <ele>671.9</ele>
      </trkpt>
      <trkpt lat="49.45896" lon="21.96625">
        <ele>674.7</ele>
      </trkpt>
      <trkpt lat="49.458575" lon="21.96664">
        <ele>678.5</ele>
      </trkpt>
      <trkpt lat="49.45819" lon="21.96703">
        <ele>680.4</ele>
      </trkpt>
      <trkpt lat="49.457645" lon="21.967525">
        <ele>679.4</ele>
      </trkpt>
      <trkpt lat="49.4571" lon="21.96802">
        <ele>676.6</ele>
      </trkpt>
      <trkpt lat="49.45694" lon="21.96802">
        <ele>675.6</ele>
      </trkpt>
      <trkpt lat="49.45685" lon="21.96787">
        <ele>675.0</ele>
      </trkpt>
      <trkpt lat="49.45679" lon="21.9676">
        <ele>673.3</ele>
      </trkpt>
      <trkpt lat="49.4568" lon="21.96624">
        <ele>665.2</ele>
      </trkpt>
      <trkpt lat="49.45677" lon="21.96555">
        <ele>660.6</ele>
      </trkpt>
      <trkpt lat="49.45682" lon="21.96511">
        <ele>659.9</ele>
      </trkpt>
      <trkpt lat="49.45696" lon="21.96462">
        <ele>656.6</ele>
      </trkpt>
      <trkpt lat="49.4571" lon="21.96428">
        <ele>653.2</ele>
      </trkpt>
      <trkpt lat="49.457265" lon="21.963615">
        <ele>649.3</ele>
      </trkpt>
      <trkpt lat="49.45743" lon="21.96295">
        <ele>645.1</ele>
      </trkpt>
      <trkpt lat="49.45753" lon="21.96277">
        <ele>644.4</ele>
      </trkpt>
      <trkpt lat="49.45763" lon="21.96272">
        <ele>643.1</ele>
      </trkpt>
      <trkpt lat="49.458" lon="21.96277">
        <ele>638.2</ele>
      </trkpt>
      <trkpt lat="49.4581" lon="21.96269">
        <ele>637.6</ele>
      </trkpt>
      <trkpt lat="49.45824" lon="21.96235">
        <ele>635.4</ele>
      </trkpt>
      <trkpt lat="49.45835" lon="21.96218">
        <ele>634.0</ele>
      </trkpt>
      <trkpt lat="49.45847" lon="21.96212">
        <ele>633.1</ele>
      </trkpt>
      <trkpt lat="49.45881" lon="21.96212">
        <ele>628.9</ele>
      </trkpt>
      <trkpt lat="49.45896" lon="21.96215">
        <ele>628.4</ele>
      </trkpt>
      <trkpt lat="49.45906" lon="21.96214">
        <ele>625.8</ele>
      </trkpt>
      <trkpt lat="49.45938" lon="21.96173">
        <ele>622.5</ele>
      </trkpt>
      <trkpt lat="49.45954" lon="21.9615">
        <ele>619.9</ele>
      </trkpt>
      <trkpt lat="49.45959" lon="21.96135">
        <ele>619.1</ele>
      </trkpt>
      <trkpt lat="49.45954" lon="21.96116">
        <ele>619.1</ele>
      </trkpt>
      <trkpt lat="49.45936" lon="21.9611">
        <ele>615.3</ele>
      </trkpt>
      <trkpt lat="49.45899" lon="21.96104">
        <ele>614.2</ele>
      </trkpt>
      <trkpt lat="49.45823" lon="21.96066">
        <ele>606.5</ele>
      </trkpt>
      <trkpt lat="49.45765" lon="21.96032">
        <ele>600.0</ele>
      </trkpt>
      <trkpt lat="49.4573" lon="21.9599">
        <ele>595.5</ele>
      </trkpt>
      <trkpt lat="49.45715" lon="21.95976">
        <ele>594.2</ele>
      </trkpt>
      <trkpt lat="49.45695" lon="21.95965">
        <ele>592.6</ele>
      </trkpt>
      <trkpt lat="49.45663" lon="21.95966">
        <ele>589.7</ele>
      </trkpt>
      <trkpt lat="49.45635" lon="21.95969">
        <ele>587.9</ele>
      </trkpt>
      <trkpt lat="49.45617" lon="21.95965">
        <ele>587.3</ele>
      </trkpt>
      <trkpt lat="49.45565" lon="21.9592">
        <ele>583.6</ele>
      </trkpt>
      <trkpt lat="49.45537" lon="21.95898">
        <ele>583.1</ele>
      </trkpt>
      <trkpt lat="49.45517" lon="21.95878">
        <ele>582.3</ele>
      </trkpt>
      <trkpt lat="49.45505" lon="21.95852">
        <ele>581.7</ele>
      </trkpt>
      <trkpt lat="49.45494" lon="21.95805">
        <ele>580.8</ele>
      </trkpt>
      <trkpt lat="49.45472" lon="21.9569">
        <ele>575.2</ele>
      </trkpt>
      <trkpt lat="49.45463" lon="21.95618">
        <ele>570.8</ele>
      </trkpt>
      <trkpt lat="49.45418" lon="21.95506">
        <ele>563.6</ele>
      </trkpt>
      <trkpt lat="49.45396" lon="21.95459">
        <ele>560.7</ele>
      </trkpt>
      <trkpt lat="49.45385" lon="21.95431">
        <ele>559.0</ele>
      </trkpt>
      <trkpt lat="49.4537" lon="21.95403">
        <ele>557.6</ele>
      </trkpt>
      <trkpt lat="49.45359" lon="21.95378">
        <ele>556.2</ele>
      </trkpt>
      <trkpt lat="49.45353" lon="21.95347">
        <ele>553.4</ele>
      </trkpt>
      <trkpt lat="49.45339" lon="21.95311">
        <ele>550.1</ele>
      </trkpt>
      <trkpt lat="49.45306" lon="21.95261">
        <ele>545.9</ele>
      </trkpt>
      <trkpt lat="49.45263" lon="21.95207">
        <ele>540.2</ele>
      </trkpt>
      <trkpt lat="49.45191" lon="21.95138">
        <ele>532.7</ele>
      </trkpt>
      <trkpt lat="49.45147" lon="21.95102">
        <ele>529.4</ele>
      </trkpt>
      <trkpt lat="49.45116" lon="21.95079">
        <ele>527.4</ele>
      </trkpt>
      <trkpt lat="49.45064" lon="21.95056">
        <ele>525.6</ele>
      </trkpt>
      <trkpt lat="49.45049" lon="21.95045">
        <ele>524.4</ele>
      </trkpt>
      <trkpt lat="49.45036" lon="21.95026">
        <ele>523.4</ele>
      </trkpt>
      <trkpt lat="49.45028" lon="21.95006">
        <ele>521.8</ele>
      </trkpt>
      <trkpt lat="49.45029" lon="21.94977">
        <ele>520.8</ele>
      </trkpt>
      <trkpt lat="49.45043" lon="21.94928">
        <ele>519.1</ele>
      </trkpt>
      <trkpt lat="49.45077" lon="21.94863">
        <ele>516.4</ele>
      </trkpt>
      <trkpt lat="49.45126" lon="21.94791">
        <ele>510.5</ele>
      </trkpt>
      <trkpt lat="49.45175" lon="21.94719">
        <ele>507.3</ele>
      </trkpt>
      <trkpt lat="49.45212" lon="21.94661">
        <ele>506.1</ele>
      </trkpt>
      <trkpt lat="49.45244" lon="21.945523">
        <ele>507.4</ele>
      </trkpt>
      <trkpt lat="49.45276" lon="21.944437">
        <ele>502.9</ele>
      </trkpt>
      <trkpt lat="49.45308" lon="21.94335">
        <ele>499.2</ele>
      </trkpt>
      <trkpt lat="49.453293" lon="21.942477">
        <ele>497.6</ele>
      </trkpt>
      <trkpt lat="49.453507" lon="21.941603">
        <ele>496.5</ele>
      </trkpt>
      <trkpt lat="49.45372" lon="21.94073">
        <ele>492.4</ele>
      </trkpt>
      <trkpt lat="49.45376" lon="21.94047">
        <ele>492.4</ele>
      </trkpt>
      <trkpt lat="49.45373" lon="21.9399">
        <ele>487.3</ele>
      </trkpt>
      <trkpt lat="49.45357" lon="21.93886">
        <ele>483.1</ele>
      </trkpt>
      <trkpt lat="49.45352" lon="21.93838">
        <ele>482.7</ele>
      </trkpt>
      <trkpt lat="49.45346" lon="21.93811">
        <ele>482.5</ele>
      </trkpt>
      <trkpt lat="49.45329" lon="21.93784">
        <ele>482.0</ele>
      </trkpt>
      <trkpt lat="49.45291" lon="21.93744">
        <ele>480.9</ele>
      </trkpt>
      <trkpt lat="49.45218" lon="21.9368">
        <ele>479.1</ele>
      </trkpt>
      <trkpt lat="49.45176" lon="21.93668">
        <ele>479.2</ele>
      </trkpt>
      <trkpt lat="49.45146" lon="21.93666">
        <ele>479.9</ele>
      </trkpt>
      <trkpt lat="49.45122" lon="21.93658">
        <ele>480.4</ele>
      </trkpt>
      <trkpt lat="49.451" lon="21.9363">
        <ele>481.1</ele>
      </trkpt>
      <trkpt lat="49.45087" lon="21.93602">
        <ele>482.3</ele>
      </trkpt>
      <trkpt lat="49.45077" lon="21.93587">
        <ele>482.6</ele>
      </trkpt>
      <trkpt lat="49.450225" lon="21.935555">
        <ele>483.0</ele>
      </trkpt>
      <trkpt lat="49.44968" lon="21.93524">
        <ele>480.8</ele>
      </trkpt>
      <trkpt lat="49.44944" lon="21.93502">
        <ele>479.7</ele>
      </trkpt>
      <trkpt lat="49.44894" lon="21.93444">
        <ele>477.6</ele>
      </trkpt>
      <trkpt lat="49.44832" lon="21.93368">
        <ele>473.7</ele>
      </trkpt>
      <trkpt lat="49.44797" lon="21.93316">
        <ele>470.6</ele>
      </trkpt>
      <trkpt lat="49.44777" lon="21.93277">
        <ele>470.3</ele>
      </trkpt>
      <trkpt lat="49.4476" lon="21.9325">
        <ele>469.8</ele>
      </trkpt>
      <trkpt lat="49.44709" lon="21.93193">
        <ele>468.7</ele>
      </trkpt>
      <trkpt lat="49.44671" lon="21.93147">
        <ele>467.0</ele>
      </trkpt>
      <trkpt lat="49.446405" lon="21.93096">
        <ele>467.8</ele>
      </trkpt>
      <trkpt lat="49.4461" lon="21.93045">
        <ele>469.3</ele>
      </trkpt>
      <trkpt lat="49.44573" lon="21.92945">
        <ele>471.0</ele>
      </trkpt>
      <trkpt lat="49.44557" lon="21.92907">
        <ele>471.9</ele>
      </trkpt>
      <trkpt lat="49.44515" lon="21.92835">
        <ele>473.1</ele>
      </trkpt>
      <trkpt lat="49.444895" lon="21.927635">
        <ele>474.9</ele>
      </trkpt>
      <trkpt lat="49.44464" lon="21.92692">
        <ele>476.3</ele>
      </trkpt>
      <trkpt lat="49.44451" lon="21.92634">
        <ele>475.9</ele>
      </trkpt>
      <trkpt lat="49.44454" lon="21.92501">
        <ele>471.0</ele>
      </trkpt>
      <trkpt lat="49.44458" lon="21.92468">
        <ele>469.8</ele>
      </trkpt>
      <trkpt lat="49.44482" lon="21.92338">
        <ele>463.4</ele>
      </trkpt>
      <trkpt lat="49.44489" lon="21.92292">
        <ele>462.3</ele>
      </trkpt>
      <trkpt lat="49.444885" lon="21.922225">
        <ele>459.0</ele>
      </trkpt>
      <trkpt lat="49.44488" lon="21.92153">
        <ele>452.3</ele>
      </trkpt>
      <trkpt lat="49.44487" lon="21.92131">
        <ele>452.3</ele>
      </trkpt>
      <trkpt lat="49.44457" lon="21.92008">
        <ele>444.6</ele>
      </trkpt>
      <trkpt lat="49.44459" lon="21.91972">
        <ele>444.6</ele>
      </trkpt>
      <trkpt lat="49.44466" lon="21.9194">
        <ele>444.6</ele>
      </trkpt>
      <trkpt lat="49.4448" lon="21.91902">
        <ele>444.9</ele>
      </trkpt>
      <trkpt lat="49.4449" lon="21.91868">
        <ele>444.3</ele>
      </trkpt>
      <trkpt lat="49.44495" lon="21.91831">
        <ele>442.5</ele>
      </trkpt>
      <trkpt lat="49.44492" lon="21.91792">
        <ele>441.2</ele>
      </trkpt>
      <trkpt lat="49.44475" lon="21.91692">
        <ele>437.4</ele>
      </trkpt>
      <trkpt lat="49.44458" lon="21.91592">
        <ele>433.8</ele>
      </trkpt>
      <trkpt lat="49.444503" lon="21.91481">
        <ele>430.2</ele>
      </trkpt>
      <trkpt lat="49.444425" lon="21.9137">
        <ele>429.2</ele>
      </trkpt>
      <trkpt lat="49.444348" lon="21.91259">
        <ele>428.5</ele>
      </trkpt>
      <trkpt lat="49.44427" lon="21.91148">
        <ele>428.2</ele>
      </trkpt>
      <trkpt lat="49.44419" lon="21.91114">
        <ele>428.5</ele>
      </trkpt>
      <trkpt lat="49.44411" lon="21.911">
        <ele>429.1</ele>
      </trkpt>
      <trkpt lat="49.44401" lon="21.91088">
        <ele>429.1</ele>
      </trkpt>
      <trkpt lat="49.44342" lon="21.91043">
        <ele>430.2</ele>
      </trkpt>
      <trkpt lat="49.442875" lon="21.910045">
        <ele>434.2</ele>
      </trkpt>
      <trkpt lat="49.44233" lon="21.90966">
        <ele>435.6</ele>
      </trkpt>
      <trkpt lat="49.44208" lon="21.90944">
        <ele>436.2</ele>
      </trkpt>
      <trkpt lat="49.44196" lon="21.90919">
        <ele>436.4</ele>
      </trkpt>
      <trkpt lat="49.44193" lon="21.90896">
        <ele>436.4</ele>
      </trkpt>
      <trkpt lat="49.44194" lon="21.90867">
        <ele>436.8</ele>
      </trkpt>
      <trkpt lat="49.44203" lon="21.90765">
        <ele>440.0</ele>
      </trkpt>
      <trkpt lat="49.44196" lon="21.90733">
        <ele>441.2</ele>
      </trkpt>
      <trkpt lat="49.4419" lon="21.90727">
        <ele>441.3</ele>
      </trkpt>
      <trkpt lat="49.441233" lon="21.907127">
        <ele>441.6</ele>
      </trkpt>
      <trkpt lat="49.440565" lon="21.906985">
        <ele>441.4</ele>
      </trkpt>
      <trkpt lat="49.439898" lon="21.906842">
        <ele>441.1</ele>
      </trkpt>
      <trkpt lat="49.43923" lon="21.9067">
        <ele>441.4</ele>
      </trkpt>
      <trkpt lat="49.43852" lon="21.90645">
        <ele>442.3</ele>
      </trkpt>
      <trkpt lat="49.437727" lon="21.905893">
        <ele>443.2</ele>
      </trkpt>
      <trkpt lat="49.436933" lon="21.905337">
        <ele>443.7</ele>
      </trkpt>
      <trkpt lat="49.43614" lon="21.90478">
        <ele>443.5</ele>
      </trkpt>
      <trkpt lat="49.435347" lon="21.904223">
        <ele>443.4</ele>
      </trkpt>
      <trkpt lat="49.434553" lon="21.903667">
        <ele>442.7</ele>
      </trkpt>
      <trkpt lat="49.43376" lon="21.90311">
        <ele>441.8</ele>
      </trkpt>
      <trkpt lat="49.43341" lon="21.90286">
        <ele>442.1</ele>
      </trkpt>
      <trkpt lat="49.43294" lon="21.90242">
        <ele>444.0</ele>
      </trkpt>
      <trkpt lat="49.43266" lon="21.90203">
        <ele>444.9</ele>
      </trkpt>
      <trkpt lat="49.43243" lon="21.90159">
        <ele>445.5</ele>
      </trkpt>
      <trkpt lat="49.431918" lon="21.900577">
        <ele>445.9</ele>
      </trkpt>
      <trkpt lat="49.431405" lon="21.899565">
        <ele>449.3</ele>
      </trkpt>
      <trkpt lat="49.430893" lon="21.898552">
        <ele>452.6</ele>
      </trkpt>
      <trkpt lat="49.43038" lon="21.89754">
        <ele>456.5</ele>
      </trkpt>
      <trkpt lat="49.42999" lon="21.89709">
        <ele>457.1</ele>
      </trkpt>
      <trkpt lat="49.42996" lon="21.89702">
        <ele>457.1</ele>
      </trkpt>
      <trkpt lat="49.42991" lon="21.89698">
        <ele>457.3</ele>
      </trkpt>
      <trkpt lat="49.42972" lon="21.8969">
        <ele>457.5</ele>
      </trkpt>
      <trkpt lat="49.4294" lon="21.89684">
        <ele>458.3</ele>
      </trkpt>
      <trkpt lat="49.42894" lon="21.8968">
        <ele>459.8</ele>
      </trkpt>
      <trkpt lat="49.42848" lon="21.89676">
        <ele>462.1</ele>
      </trkpt>
      <trkpt lat="49.427825" lon="21.896745">
        <ele>465.0</ele>
      </trkpt>
      <trkpt lat="49.42717" lon="21.89673">
        <ele>464.9</ele>
      </trkpt>
      <trkpt lat="49.426331" lon="21.896681">
        <ele>464.0</ele>
      </trkpt>
      <trkpt lat="49.425492" lon="21.896632">
        <ele>464.8</ele>
      </trkpt>
      <trkpt lat="49.424653" lon="21.896583">
        <ele>468.9</ele>
      </trkpt>
      <trkpt lat="49.423814" lon="21.896534">
        <ele>471.9</ele>
      </trkpt>
      <trkpt lat="49.422976" lon="21.896486">
        <ele>472.8</ele>
      </trkpt>
      <trkpt lat="49.422137" lon="21.896437">
        <ele>474.0</ele>
      </trkpt>
      <trkpt lat="49.421298" lon="21.896388">
        <ele>474.7</ele>
      </trkpt>
      <trkpt lat="49.420459" lon="21.896339">
        <ele>474.4</ele>
      </trkpt>
      <trkpt lat="49.41962" lon="21.89629">
        <ele>473.3</ele>
      </trkpt>
      <trkpt lat="49.41967" lon="21.895157">
        <ele>478.4</ele>
      </trkpt>
      <trkpt lat="49.41972" lon="21.894023">
        <ele>482.5</ele>
      </trkpt>
      <trkpt lat="49.41977" lon="21.89289">
        <ele>486.2</ele>
      </trkpt>
      <trkpt lat="49.41977" lon="21.89214">
        <ele>488.3</ele>
      </trkpt>
      <trkpt lat="49.41973" lon="21.89168">
        <ele>490.0</ele>
      </trkpt>
      <trkpt lat="49.419547" lon="21.89047">
        <ele>493.9</ele>
      </trkpt>
      <trkpt lat="49.419363" lon="21.88926">
        <ele>497.0</ele>
      </trkpt>
      <trkpt lat="49.41918" lon="21.88805">
        <ele>498.5</ele>
      </trkpt>
      <trkpt lat="49.41914" lon="21.8875">
        <ele>497.9</ele>
      </trkpt>
      <trkpt lat="49.41916" lon="21.88706">
        <ele>496.9</ele>
      </trkpt>
      <trkpt lat="49.4192" lon="21.88681">
        <ele>496.9</ele>
      </trkpt>
      <trkpt lat="49.41929" lon="21.88639">
        <ele>495.1</ele>
      </trkpt>
      <trkpt lat="49.419632" lon="21.885114">
        <ele>491.9</ele>
      </trkpt>
      <trkpt lat="49.419974" lon="21.883838">
        <ele>491.2</ele>
      </trkpt>
      <trkpt lat="49.420316" lon="21.882562">
        <ele>490.4</ele>
      </trkpt>
      <trkpt lat="49.420658" lon="21.881286">
        <ele>489.9</ele>
      </trkpt>
      <trkpt lat="49.421" lon="21.88001">
        <ele>491.6</ele>
      </trkpt>
      <trkpt lat="49.42113" lon="21.87942">
        <ele>493.1</ele>
      </trkpt>
      <trkpt lat="49.4212" lon="21.87897">
        <ele>493.9</ele>
      </trkpt>
      <trkpt lat="49.42129" lon="21.87808">
        <ele>496.3</ele>
      </trkpt>
      <trkpt lat="49.42138" lon="21.87719">
        <ele>499.4</ele>
      </trkpt>
      <trkpt lat="49.42146" lon="21.87673">
        <ele>500.3</ele>
      </trkpt>
      <trkpt lat="49.421703" lon="21.87581">
        <ele>502.5</ele>
      </trkpt>
      <trkpt lat="49.421947" lon="21.87489">
        <ele>503.5</ele>
      </trkpt>
      <trkpt lat="49.42219" lon="21.87397">
        <ele>504.3</ele>
      </trkpt>
      <trkpt lat="49.42234" lon="21.8735">
        <ele>505.2</ele>
      </trkpt>
      <trkpt lat="49.42252" lon="21.87311">
        <ele>505.5</ele>
      </trkpt>
      <trkpt lat="49.422977" lon="21.872473">
        <ele>505.8</ele>
      </trkpt>
      <trkpt lat="49.423433" lon="21.871837">
        <ele>505.8</ele>
      </trkpt>
      <trkpt lat="49.42389" lon="21.8712">
        <ele>505.8</ele>
      </trkpt>
      <trkpt lat="49.42419" lon="21.87077">
        <ele>505.9</ele>
      </trkpt>
      <trkpt lat="49.42437" lon="21.87047">
        <ele>506.1</ele>
      </trkpt>
      <trkpt lat="49.42463" lon="21.86988">
        <ele>506.5</ele>
      </trkpt>
      <trkpt lat="49.424925" lon="21.86911">
        <ele>507.0</ele>
      </trkpt>
      <trkpt lat="49.42522" lon="21.86834">
        <ele>507.6</ele>
      </trkpt>
      <trkpt lat="49.425525" lon="21.867375">
        <ele>505.7</ele>
      </trkpt>
      <trkpt lat="49.42583" lon="21.86641">
        <ele>502.3</ele>
      </trkpt>
      <trkpt lat="49.426135" lon="21.865445">
        <ele>499.3</ele>
      </trkpt>
      <trkpt lat="49.42644" lon="21.86448">
        <ele>496.2</ele>
      </trkpt>
      <trkpt lat="49.426792" lon="21.863347">
        <ele>491.4</ele>
      </trkpt>
      <trkpt lat="49.427143" lon="21.862213">
        <ele>488.6</ele>
      </trkpt>
      <trkpt lat="49.427495" lon="21.86108">
        <ele>484.8</ele>
      </trkpt>
      <trkpt lat="49.427847" lon="21.859947">
        <ele>480.3</ele>
      </trkpt>
      <trkpt lat="49.428198" lon="21.858813">
        <ele>478.1</ele>
      </trkpt>
      <trkpt lat="49.42855" lon="21.85768">
        <ele>478.1</ele>
      </trkpt>
      <trkpt lat="49.42878" lon="21.8569">
        <ele>478.1</ele>
      </trkpt>
      <trkpt lat="49.42883" lon="21.85657">
        <ele>478.1</ele>
      </trkpt>
      <trkpt lat="49.42885" lon="21.85625">
        <ele>478.1</ele>
      </trkpt>
      <trkpt lat="49.42881" lon="21.85561">
        <ele>477.7</ele>
      </trkpt>
      <trkpt lat="49.428683" lon="21.854537">
        <ele>475.3</ele>
      </trkpt>
      <trkpt lat="49.428557" lon="21.853463">
        <ele>472.2</ele>
      </trkpt>
      <trkpt lat="49.42843" lon="21.85239">
        <ele>470.3</ele>
      </trkpt>
      <trkpt lat="49.42842" lon="21.85211">
        <ele>469.9</ele>
      </trkpt>
      <trkpt lat="49.42844" lon="21.85183">
        <ele>469.7</ele>
      </trkpt>
      <trkpt lat="49.42853" lon="21.85133">
        <ele>469.4</ele>
      </trkpt>
      <trkpt lat="49.42887" lon="21.85007">
        <ele>468.3</ele>
      </trkpt>
      <trkpt lat="49.42921" lon="21.84881">
        <ele>467.5</ele>
      </trkpt>
      <trkpt lat="49.42944" lon="21.84818">
        <ele>466.8</ele>
      </trkpt>
      <trkpt lat="49.42979" lon="21.847373">
        <ele>466.0</ele>
      </trkpt>
      <trkpt lat="49.43014" lon="21.846567">
        <ele>465.7</ele>
      </trkpt>
      <trkpt lat="49.43049" lon="21.84576">
        <ele>465.4</ele>
      </trkpt>
      <trkpt lat="49.43057" lon="21.84538">
        <ele>465.1</ele>
      </trkpt>
      <trkpt lat="49.43061" lon="21.84506">
        <ele>465.1</ele>
      </trkpt>
      <trkpt lat="49.43061" lon="21.8447">
        <ele>464.7</ele>
      </trkpt>
      <trkpt lat="49.43058" lon="21.84437">
        <ele>464.5</ele>
      </trkpt>
      <trkpt lat="49.430436" lon="21.843198">
        <ele>463.5</ele>
      </trkpt>
      <trkpt lat="49.430292" lon="21.842026">
        <ele>463.0</ele>
      </trkpt>
      <trkpt lat="49.430148" lon="21.840854">
        <ele>462.3</ele>
      </trkpt>
      <trkpt lat="49.430004" lon="21.839682">
        <ele>461.4</ele>
      </trkpt>
      <trkpt lat="49.42986" lon="21.83851">
        <ele>460.6</ele>
      </trkpt>
      <trkpt lat="49.42983" lon="21.83811">
        <ele>460.4</ele>
      </trkpt>
      <trkpt lat="49.42983" lon="21.83769">
        <ele>460.2</ele>
      </trkpt>
      <trkpt lat="49.42986" lon="21.83736">
        <ele>459.8</ele>
      </trkpt>
      <trkpt lat="49.42992" lon="21.83699">
        <ele>459.4</ele>
      </trkpt>
      <trkpt lat="49.430115" lon="21.83614">
        <ele>458.4</ele>
      </trkpt>
      <trkpt lat="49.43031" lon="21.83529">
        <ele>457.9</ele>
      </trkpt>
      <trkpt lat="49.430605" lon="21.834235">
        <ele>457.3</ele>
      </trkpt>
      <trkpt lat="49.4309" lon="21.83318">
        <ele>455.9</ele>
      </trkpt>
      <trkpt lat="49.431165" lon="21.832325">
        <ele>455.3</ele>
      </trkpt>
      <trkpt lat="49.43143" lon="21.83147">
        <ele>454.9</ele>
      </trkpt>
      <trkpt lat="49.43169" lon="21.83056">
        <ele>454.0</ele>
      </trkpt>
      <trkpt lat="49.43177" lon="21.8296">
        <ele>453.4</ele>
      </trkpt>
      <trkpt lat="49.43185" lon="21.82825">
        <ele>452.7</ele>
      </trkpt>
      <trkpt lat="49.4319" lon="21.82765">
        <ele>452.1</ele>
      </trkpt>
      <trkpt lat="49.43196" lon="21.82734">
        <ele>451.8</ele>
      </trkpt>
      <trkpt lat="49.43209" lon="21.8269">
        <ele>451.0</ele>
      </trkpt>
      <trkpt lat="49.43239" lon="21.82604">
        <ele>450.2</ele>
      </trkpt>
      <trkpt lat="49.43269" lon="21.82518">
        <ele>449.4</ele>
      </trkpt>
      <trkpt lat="49.43283" lon="21.82483">
        <ele>449.1</ele>
      </trkpt>
      <trkpt lat="49.43299" lon="21.82447">
        <ele>448.6</ele>
      </trkpt>
      <trkpt lat="49.433455" lon="21.823585">
        <ele>448.2</ele>
      </trkpt>
      <trkpt lat="49.43392" lon="21.8227">
        <ele>448.2</ele>
      </trkpt>
      <trkpt lat="49.43415" lon="21.82235">
        <ele>448.0</ele>
      </trkpt>
      <trkpt lat="49.43436" lon="21.82212">
        <ele>447.9</ele>
      </trkpt>
      <trkpt lat="49.43484" lon="21.82171">
        <ele>447.0</ele>
      </trkpt>
      <trkpt lat="49.435503" lon="21.821178">
        <ele>446.2</ele>
      </trkpt>
      <trkpt lat="49.436165" lon="21.820645">
        <ele>445.2</ele>
      </trkpt>
      <trkpt lat="49.436828" lon="21.820113">
        <ele>444.1</ele>
      </trkpt>
      <trkpt lat="49.43749" lon="21.81958">
        <ele>442.5</ele>
      </trkpt>
      <trkpt lat="49.438" lon="21.81916">
        <ele>441.9</ele>
      </trkpt>
      <trkpt lat="49.43815" lon="21.81901">
        <ele>441.8</ele>
      </trkpt>
      <trkpt lat="49.43839" lon="21.81872">
        <ele>441.7</ele>
      </trkpt>
      <trkpt lat="49.43864" lon="21.81833">
        <ele>441.7</ele>
      </trkpt>
      <trkpt lat="49.43903" lon="21.81763">
        <ele>441.5</ele>
      </trkpt>
      <trkpt lat="49.43942" lon="21.81693">
        <ele>441.0</ele>
      </trkpt>
      <trkpt lat="49.43973" lon="21.81644">
        <ele>440.6</ele>
      </trkpt>
      <trkpt lat="49.44037" lon="21.81574">
        <ele>440.1</ele>
      </trkpt>
      <trkpt lat="49.44052" lon="21.81553">
        <ele>439.9</ele>
      </trkpt>
      <trkpt lat="49.44062" lon="21.81534">
        <ele>439.7</ele>
      </trkpt>
      <trkpt lat="49.44075" lon="21.81492">
        <ele>439.4</ele>
      </trkpt>
      <trkpt lat="49.44082" lon="21.81416">
        <ele>438.6</ele>
      </trkpt>
      <trkpt lat="49.44089" lon="21.8134">
        <ele>437.4</ele>
      </trkpt>
      <trkpt lat="49.44096" lon="21.81248">
        <ele>436.8</ele>
      </trkpt>
      <trkpt lat="49.44102" lon="21.81204">
        <ele>436.5</ele>
      </trkpt>
      <trkpt lat="49.44111" lon="21.81169">
        <ele>436.4</ele>
      </trkpt>
      <trkpt lat="49.44144" lon="21.810625">
        <ele>435.7</ele>
      </trkpt>
      <trkpt lat="49.44177" lon="21.80956">
        <ele>435.5</ele>
      </trkpt>
      <trkpt lat="49.442125" lon="21.808458">
        <ele>434.6</ele>
      </trkpt>
      <trkpt lat="49.44248" lon="21.807355">
        <ele>433.2</ele>
      </trkpt>
      <trkpt lat="49.442835" lon="21.806253">
        <ele>432.0</ele>
      </trkpt>
      <trkpt lat="49.44319" lon="21.80515">
        <ele>430.7</ele>
      </trkpt>
      <trkpt lat="49.44338" lon="21.80467">
        <ele>430.5</ele>
      </trkpt>
      <trkpt lat="49.4436" lon="21.80429">
        <ele>430.1</ele>
      </trkpt>
      <trkpt lat="49.44383" lon="21.80402">
        <ele>429.9</ele>
      </trkpt>
      <trkpt lat="49.444465" lon="21.803345">
        <ele>429.7</ele>
      </trkpt>
      <trkpt lat="49.4451" lon="21.80267">
        <ele>429.5</ele>
      </trkpt>
      <trkpt lat="49.44528" lon="21.80236">
        <ele>429.4</ele>
      </trkpt>
      <trkpt lat="49.4454" lon="21.80208">
        <ele>428.9</ele>
      </trkpt>
      <trkpt lat="49.44553" lon="21.80158">
        <ele>428.9</ele>
      </trkpt>
      <trkpt lat="49.44575" lon="21.800565">
        <ele>428.3</ele>
      </trkpt>
      <trkpt lat="49.44597" lon="21.79955">
        <ele>427.6</ele>
      </trkpt>
      <trkpt lat="49.44618" lon="21.79865">
        <ele>427.0</ele>
      </trkpt>
      <trkpt lat="49.44626" lon="21.79844">
        <ele>426.3</ele>
      </trkpt>
      <trkpt lat="49.44661" lon="21.797675">
        <ele>425.2</ele>
      </trkpt>
      <trkpt lat="49.44696" lon="21.79691">
        <ele>424.5</ele>
      </trkpt>
      <trkpt lat="49.44733" lon="21.79582">
        <ele>423.6</ele>
      </trkpt>
      <trkpt lat="49.44763" lon="21.794907">
        <ele>422.6</ele>
      </trkpt>
      <trkpt lat="49.44793" lon="21.793993">
        <ele>422.1</ele>
      </trkpt>
      <trkpt lat="49.44823" lon="21.79308">
        <ele>421.7</ele>
      </trkpt>
      <trkpt lat="49.44842" lon="21.79258">
        <ele>421.6</ele>
      </trkpt>
      <trkpt lat="49.448858" lon="21.791568">
        <ele>421.3</ele>
      </trkpt>
      <trkpt lat="49.449295" lon="21.790555">
        <ele>420.7</ele>
      </trkpt>
      <trkpt lat="49.449733" lon="21.789543">
        <ele>420.9</ele>
      </trkpt>
      <trkpt lat="49.45017" lon="21.78853">
        <ele>421.5</ele>
      </trkpt>
      <trkpt lat="49.45059" lon="21.78783">
        <ele>422.4</ele>
      </trkpt>
      <trkpt lat="49.45103" lon="21.78692">
        <ele>422.5</ele>
      </trkpt>
      <trkpt lat="49.45147" lon="21.78601">
        <ele>422.1</ele>
      </trkpt>
      <trkpt lat="49.45164" lon="21.78573">
        <ele>422.0</ele>
      </trkpt>
      <trkpt lat="49.45183" lon="21.78552">
        <ele>422.0</ele>
      </trkpt>
      <trkpt lat="49.45203" lon="21.78536">
        <ele>422.1</ele>
      </trkpt>
      <trkpt lat="49.45216" lon="21.78529">
        <ele>422.1</ele>
      </trkpt>
      <trkpt lat="49.452725" lon="21.78513">
        <ele>421.6</ele>
      </trkpt>
      <trkpt lat="49.45329" lon="21.78497">
        <ele>421.3</ele>
      </trkpt>
      <trkpt lat="49.45351" lon="21.78488">
        <ele>421.6</ele>
      </trkpt>
      <trkpt lat="49.45368" lon="21.78477">
        <ele>422.4</ele>
      </trkpt>
      <trkpt lat="49.45382" lon="21.78463">
        <ele>423.3</ele>
      </trkpt>
      <trkpt lat="49.454" lon="21.78441">
        <ele>424.5</ele>
      </trkpt>
      <trkpt lat="49.45415" lon="21.78413">
        <ele>426.7</ele>
      </trkpt>
      <trkpt lat="49.45426" lon="21.78388">
        <ele>427.2</ele>
      </trkpt>
      <trkpt lat="49.45449" lon="21.783135">
        <ele>429.1</ele>
      </trkpt>
      <trkpt lat="49.45472" lon="21.78239">
        <ele>429.5</ele>
      </trkpt>
      <trkpt lat="49.45485" lon="21.78191">
        <ele>429.2</ele>
      </trkpt>
      <trkpt lat="49.45492" lon="21.7813">
        <ele>428.3</ele>
      </trkpt>
      <trkpt lat="49.45495" lon="21.780113">
        <ele>426.1</ele>
      </trkpt>
      <trkpt lat="49.45498" lon="21.778927">
        <ele>423.8</ele>
      </trkpt>
      <trkpt lat="49.45501" lon="21.77774">
        <ele>421.2</ele>
      </trkpt>
      <trkpt lat="49.45504" lon="21.77713">
        <ele>419.4</ele>
      </trkpt>
      <trkpt lat="49.45522" lon="21.77582">
        <ele>416.1</ele>
      </trkpt>
      <trkpt lat="49.45537" lon="21.77515">
        <ele>414.8</ele>
      </trkpt>
      <trkpt lat="49.45582" lon="21.773965">
        <ele>413.9</ele>
      </trkpt>
      <trkpt lat="49.45627" lon="21.77278">
        <ele>413.6</ele>
      </trkpt>
      <trkpt lat="49.45649" lon="21.7718">
        <ele>414.4</ele>
      </trkpt>
      <trkpt lat="49.456762" lon="21.770514">
        <ele>415.7</ele>
      </trkpt>
      <trkpt lat="49.457034" lon="21.769228">
        <ele>419.7</ele>
      </trkpt>
      <trkpt lat="49.457306" lon="21.767942">
        <ele>425.7</ele>
      </trkpt>
      <trkpt lat="49.457578" lon="21.766656">
        <ele>433.2</ele>
      </trkpt>
      <trkpt lat="49.45785" lon="21.76537">
        <ele>439.9</ele>
      </trkpt>
      <trkpt lat="49.4581" lon="21.76434">
        <ele>440.7</ele>
      </trkpt>
      <trkpt lat="49.458435" lon="21.763158">
        <ele>437.3</ele>
      </trkpt>
      <trkpt lat="49.45877" lon="21.761977">
        <ele>432.6</ele>
      </trkpt>
      <trkpt lat="49.459105" lon="21.760795">
        <ele>426.1</ele>
      </trkpt>
      <trkpt lat="49.45944" lon="21.759613">
        <ele>418.2</ele>
      </trkpt>
      <trkpt lat="49.459775" lon="21.758432">
        <ele>415.4</ele>
      </trkpt>
      <trkpt lat="49.46011" lon="21.75725">
        <ele>418.1</ele>
      </trkpt>
      <trkpt lat="49.46041" lon="21.755975">
        <ele>419.8</ele>
      </trkpt>
      <trkpt lat="49.46071" lon="21.7547">
        <ele>421.0</ele>
      </trkpt>
      <trkpt lat="49.460903" lon="21.7538">
        <ele>421.4</ele>
      </trkpt>
      <trkpt lat="49.461097" lon="21.7529">
        <ele>423.5</ele>
      </trkpt>
      <trkpt lat="49.46129" lon="21.752">
        <ele>424.7</ele>
      </trkpt>
      <trkpt lat="49.46141" lon="21.75107">
        <ele>424.6</ele>
      </trkpt>
      <trkpt lat="49.46146" lon="21.75041">
        <ele>423.8</ele>
      </trkpt>
      <trkpt lat="49.46148" lon="21.74967">
        <ele>422.1</ele>
      </trkpt>
      <trkpt lat="49.461425" lon="21.74883">
        <ele>420.1</ele>
      </trkpt>
      <trkpt lat="49.46137" lon="21.74799">
        <ele>419.1</ele>
      </trkpt>
      <trkpt lat="49.461365" lon="21.747055">
        <ele>419.7</ele>
      </trkpt>
      <trkpt lat="49.46136" lon="21.74612">
        <ele>422.6</ele>
      </trkpt>
      <trkpt lat="49.4614" lon="21.74559">
        <ele>424.3</ele>
      </trkpt>
      <trkpt lat="49.46158" lon="21.74463">
        <ele>424.6</ele>
      </trkpt>
      <trkpt lat="49.46176" lon="21.74367">
        <ele>422.2</ele>
      </trkpt>
      <trkpt lat="49.4618" lon="21.74318">
        <ele>420.2</ele>
      </trkpt>
      <trkpt lat="49.46178" lon="21.74256">
        <ele>415.6</ele>
      </trkpt>
      <trkpt lat="49.46166" lon="21.74135">
        <ele>409.0</ele>
      </trkpt>
      <trkpt lat="49.46154" lon="21.74014">
        <ele>399.3</ele>
      </trkpt>
      <trkpt lat="49.46152" lon="21.73975">
        <ele>397.6</ele>
      </trkpt>
      <trkpt lat="49.46157" lon="21.738675">
        <ele>394.5</ele>
      </trkpt>
      <trkpt lat="49.46162" lon="21.7376">
        <ele>393.3</ele>
      </trkpt>
      <trkpt lat="49.4617" lon="21.73695">
        <ele>393.2</ele>
      </trkpt>
      <trkpt lat="49.4618" lon="21.73654">
        <ele>393.3</ele>
      </trkpt>
      <trkpt lat="49.46204" lon="21.73573">
        <ele>393.5</ele>
      </trkpt>
      <trkpt lat="49.46216" lon="21.73542">
        <ele>393.5</ele>
      </trkpt>
      <trkpt lat="49.46225" lon="21.73524">
        <ele>393.5</ele>
      </trkpt>
      <trkpt lat="49.46246" lon="21.73497">
        <ele>393.5</ele>
      </trkpt>
      <trkpt lat="49.46263" lon="21.73484">
        <ele>393.5</ele>
      </trkpt>
      <trkpt lat="49.46278" lon="21.73477">
        <ele>393.5</ele>
      </trkpt>
      <trkpt lat="49.463387" lon="21.734577">
        <ele>393.1</ele>
      </trkpt>
      <trkpt lat="49.463993" lon="21.734383">
        <ele>392.6</ele>
      </trkpt>
      <trkpt lat="49.4646" lon="21.73419">
        <ele>392.3</ele>
      </trkpt>
      <trkpt lat="49.46487" lon="21.73407">
        <ele>392.2</ele>
      </trkpt>
      <trkpt lat="49.46499" lon="21.73398">
        <ele>392.0</ele>
      </trkpt>
      <trkpt lat="49.46516" lon="21.73382">
        <ele>391.6</ele>
      </trkpt>
      <trkpt lat="49.46533" lon="21.73354">
        <ele>391.3</ele>
      </trkpt>
      <trkpt lat="49.46544" lon="21.73329">
        <ele>391.3</ele>
      </trkpt>
      <trkpt lat="49.46555" lon="21.73287">
        <ele>390.8</ele>
      </trkpt>
      <trkpt lat="49.46577" lon="21.73164">
        <ele>389.4</ele>
      </trkpt>
      <trkpt lat="49.46589" lon="21.73121">
        <ele>388.9</ele>
      </trkpt>
      <trkpt lat="49.46601" lon="21.73091">
        <ele>388.2</ele>
      </trkpt>
      <trkpt lat="49.466498" lon="21.729905">
        <ele>387.4</ele>
      </trkpt>
      <trkpt lat="49.466985" lon="21.7289">
        <ele>387.2</ele>
      </trkpt>
      <trkpt lat="49.467473" lon="21.727895">
        <ele>386.9</ele>
      </trkpt>
      <trkpt lat="49.46796" lon="21.72689">
        <ele>386.9</ele>
      </trkpt>
      <trkpt lat="49.46814" lon="21.72641">
        <ele>387.1</ele>
      </trkpt>
      <trkpt lat="49.46821" lon="21.72596">
        <ele>387.2</ele>
      </trkpt>
      <trkpt lat="49.46825" lon="21.72493">
        <ele>388.2</ele>
      </trkpt>
      <trkpt lat="49.46829" lon="21.72455">
        <ele>388.4</ele>
      </trkpt>
      <trkpt lat="49.46833" lon="21.72434">
        <ele>388.3</ele>
      </trkpt>
      <trkpt lat="49.4684" lon="21.72412">
        <ele>388.2</ele>
      </trkpt>
      <trkpt lat="49.46857" lon="21.72379">
        <ele>387.4</ele>
      </trkpt>
      <trkpt lat="49.46884" lon="21.72341">
        <ele>387.0</ele>
      </trkpt>
      <trkpt lat="49.469285" lon="21.722865">
        <ele>385.6</ele>
      </trkpt>
      <trkpt lat="49.46973" lon="21.72232">
        <ele>385.2</ele>
      </trkpt>
      <trkpt lat="49.47023" lon="21.72169">
        <ele>384.6</ele>
      </trkpt>
      <trkpt lat="49.47041" lon="21.72139">
        <ele>384.3</ele>
      </trkpt>
      <trkpt lat="49.47055" lon="21.72109">
        <ele>384.2</ele>
      </trkpt>
      <trkpt lat="49.4707" lon="21.72064">
        <ele>383.7</ele>
      </trkpt>
      <trkpt lat="49.4708" lon="21.72016">
        <ele>383.3</ele>
      </trkpt>
      <trkpt lat="49.470935" lon="21.719285">
        <ele>382.4</ele>
      </trkpt>
      <trkpt lat="49.47107" lon="21.71841">
        <ele>382.0</ele>
      </trkpt>
      <trkpt lat="49.47113" lon="21.71812">
        <ele>382.0</ele>
      </trkpt>
      <trkpt lat="49.47121" lon="21.71788">
        <ele>382.0</ele>
      </trkpt>
      <trkpt lat="49.47135" lon="21.71754">
        <ele>382.0</ele>
      </trkpt>
      <trkpt lat="49.47148" lon="21.71729">
        <ele>382.1</ele>
      </trkpt>
      <trkpt lat="49.472005" lon="21.716435">
        <ele>381.8</ele>
      </trkpt>
      <trkpt lat="49.47253" lon="21.71558">
        <ele>380.6</ele>
      </trkpt>
      <trkpt lat="49.473055" lon="21.714725">
        <ele>380.2</ele>
      </trkpt>
      <trkpt lat="49.47358" lon="21.71387">
        <ele>379.2</ele>
      </trkpt>
      <trkpt lat="49.473935" lon="21.713285">
        <ele>378.8</ele>
      </trkpt>
      <trkpt lat="49.47429" lon="21.7127">
        <ele>378.3</ele>
      </trkpt>
      <trkpt lat="49.4745" lon="21.71225">
        <ele>377.8</ele>
      </trkpt>
      <trkpt lat="49.47479" lon="21.71129">
        <ele>377.7</ele>
      </trkpt>
      <trkpt lat="49.47508" lon="21.71033">
        <ele>378.9</ele>
      </trkpt>
      <trkpt lat="49.47537" lon="21.70937">
        <ele>382.9</ele>
      </trkpt>
      <trkpt lat="49.47558" lon="21.70863">
        <ele>386.5</ele>
      </trkpt>
      <trkpt lat="49.47561" lon="21.70829">
        <ele>387.8</ele>
      </trkpt>
      <trkpt lat="49.47494" lon="21.70843">
        <ele>390.3</ele>
      </trkpt>
      <trkpt lat="49.47476" lon="21.70845">
        <ele>391.2</ele>
      </trkpt>
      <trkpt lat="49.47443" lon="21.70843">
        <ele>392.1</ele>
      </trkpt>
      <trkpt lat="49.47401" lon="21.70835">
        <ele>394.4</ele>
      </trkpt>
      <trkpt lat="49.47364" lon="21.70819">
        <ele>395.2</ele>
      </trkpt>
      <trkpt lat="49.47306" lon="21.70784">
        <ele>396.3</ele>
      </trkpt>
      <trkpt lat="49.47263" lon="21.707525">
        <ele>397.1</ele>
      </trkpt>
      <trkpt lat="49.4722" lon="21.70721">
        <ele>397.9</ele>
      </trkpt>
      <trkpt lat="49.47196" lon="21.70698">
        <ele>399.0</ele>
      </trkpt>
      <trkpt lat="49.47185" lon="21.70684">
        <ele>399.0</ele>
      </trkpt>
      <trkpt lat="49.471545" lon="21.706275">
        <ele>400.0</ele>
      </trkpt>
      <trkpt lat="49.47124" lon="21.70571">
        <ele>402.0</ele>
      </trkpt>
      <trkpt lat="49.47084" lon="21.70492">
        <ele>404.1</ele>
      </trkpt>
      <trkpt lat="49.470365" lon="21.703847">
        <ele>404.4</ele>
      </trkpt>
      <trkpt lat="49.46989" lon="21.702775">
        <ele>403.4</ele>
      </trkpt>
      <trkpt lat="49.469415" lon="21.701702">
        <ele>403.5</ele>
      </trkpt>
      <trkpt lat="49.46894" lon="21.70063">
        <ele>400.8</ele>
      </trkpt>
      <trkpt lat="49.4688" lon="21.70019">
        <ele>399.3</ele>
      </trkpt>
      <trkpt lat="49.4685" lon="21.699">
        <ele>391.5</ele>
      </trkpt>
      <trkpt lat="49.46825" lon="21.69813">
        <ele>387.7</ele>
      </trkpt>
      <trkpt lat="49.46796" lon="21.69758">
        <ele>386.7</ele>
      </trkpt>
      <trkpt lat="49.46778" lon="21.69734">
        <ele>387.1</ele>
      </trkpt>
      <trkpt lat="49.46763" lon="21.69716">
        <ele>387.0</ele>
      </trkpt>
      <trkpt lat="49.46743" lon="21.69699">
        <ele>386.9</ele>
      </trkpt>
      <trkpt lat="49.46728" lon="21.69689">
        <ele>386.9</ele>
      </trkpt>
      <trkpt lat="49.46758" lon="21.696145">
        <ele>386.7</ele>
      </trkpt>
      <trkpt lat="49.46788" lon="21.6954">
        <ele>387.6</ele>
      </trkpt>
      <trkpt lat="49.46798" lon="21.69497">
        <ele>387.8</ele>
      </trkpt>
      <trkpt lat="49.46803" lon="21.69463">
        <ele>388.3</ele>
      </trkpt>
      <trkpt lat="49.468147" lon="21.693563">
        <ele>388.7</ele>
      </trkpt>
      <trkpt lat="49.468263" lon="21.692497">
        <ele>390.0</ele>
      </trkpt>
      <trkpt lat="49.46838" lon="21.69143">
        <ele>391.2</ele>
      </trkpt>
      <trkpt lat="49.46843" lon="21.69129">
        <ele>391.1</ele>
      </trkpt>
      <trkpt lat="49.46856" lon="21.6911">
        <ele>391.1</ele>
      </trkpt>
      <trkpt lat="49.46915" lon="21.690695">
        <ele>391.1</ele>
      </trkpt>
      <trkpt lat="49.46974" lon="21.69029">
        <ele>392.4</ele>
      </trkpt>
      <trkpt lat="49.46984" lon="21.69018">
        <ele>393.3</ele>
      </trkpt>
      <trkpt lat="49.46995" lon="21.69001">
        <ele>394.2</ele>
      </trkpt>
      <trkpt lat="49.47013" lon="21.68931">
        <ele>396.5</ele>
      </trkpt>
      <trkpt lat="49.47031" lon="21.68861">
        <ele>397.4</ele>
      </trkpt>
      <trkpt lat="49.47034" lon="21.68791">
        <ele>395.7</ele>
      </trkpt>
      <trkpt lat="49.47041" lon="21.68763">
        <ele>395.2</ele>
      </trkpt>
      <trkpt lat="49.47052" lon="21.68742">
        <ele>394.9</ele>
      </trkpt>
      <trkpt lat="49.47107" lon="21.68663">
        <ele>395.8</ele>
      </trkpt>
      <trkpt lat="49.47127" lon="21.68627">
        <ele>396.1</ele>
      </trkpt>
      <trkpt lat="49.471663" lon="21.685318">
        <ele>397.2</ele>
      </trkpt>
      <trkpt lat="49.472055" lon="21.684365">
        <ele>397.9</ele>
      </trkpt>
      <trkpt lat="49.472448" lon="21.683413">
        <ele>399.3</ele>
      </trkpt>
      <trkpt lat="49.47284" lon="21.68246">
        <ele>400.4</ele>
      </trkpt>
      <trkpt lat="49.473095" lon="21.68182">
        <ele>401.6</ele>
      </trkpt>
      <trkpt lat="49.47335" lon="21.68118">
        <ele>402.4</ele>
      </trkpt>
      <trkpt lat="49.47371" lon="21.680057">
        <ele>403.6</ele>
      </trkpt>
      <trkpt lat="49.47407" lon="21.678933">
        <ele>405.2</ele>
      </trkpt>
      <trkpt lat="49.47443" lon="21.67781">
        <ele>406.9</ele>
      </trkpt>
      <trkpt lat="49.474685" lon="21.677195">
        <ele>407.1</ele>
      </trkpt>
      <trkpt lat="49.47494" lon="21.67658">
        <ele>407.0</ele>
      </trkpt>
      <trkpt lat="49.47517" lon="21.67589">
        <ele>406.1</ele>
      </trkpt>
      <trkpt lat="49.47526" lon="21.67573">
        <ele>405.9</ele>
      </trkpt>
      <trkpt lat="49.47537" lon="21.6756">
        <ele>405.7</ele>
      </trkpt>
      <trkpt lat="49.475765" lon="21.675255">
        <ele>405.4</ele>
      </trkpt>
      <trkpt lat="49.47616" lon="21.67491">
        <ele>404.9</ele>
      </trkpt>
      <trkpt lat="49.47625" lon="21.67468">
        <ele>404.8</ele>
      </trkpt>
      <trkpt lat="49.47636" lon="21.67421">
        <ele>404.7</ele>
      </trkpt>
      <trkpt lat="49.47663" lon="21.67364">
        <ele>404.7</ele>
      </trkpt>
      <trkpt lat="49.47695" lon="21.67319">
        <ele>405.0</ele>
      </trkpt>
      <trkpt lat="49.47736" lon="21.67273">
        <ele>405.6</ele>
      </trkpt>
      <trkpt lat="49.47761" lon="21.67254">
        <ele>406.3</ele>
      </trkpt>
      <trkpt lat="49.478135" lon="21.672275">
        <ele>407.4</ele>
      </trkpt>
      <trkpt lat="49.47866" lon="21.67201">
        <ele>408.5</ele>
      </trkpt>
      <trkpt lat="49.47928" lon="21.67162">
        <ele>409.3</ele>
      </trkpt>
      <trkpt lat="49.4799" lon="21.67123">
        <ele>410.0</ele>
      </trkpt>
      <trkpt lat="49.48025" lon="21.67095">
        <ele>410.2</ele>
      </trkpt>
      <trkpt lat="49.48043" lon="21.67075">
        <ele>410.4</ele>
      </trkpt>
      <trkpt lat="49.48061" lon="21.6705">
        <ele>410.4</ele>
      </trkpt>
      <trkpt lat="49.48073" lon="21.6703">
        <ele>410.6</ele>
      </trkpt>
      <trkpt lat="49.48099" lon="21.66968">
        <ele>410.8</ele>
      </trkpt>
      <trkpt lat="49.481373" lon="21.668607">
        <ele>412.8</ele>
      </trkpt>
      <trkpt lat="49.481757" lon="21.667533">
        <ele>413.9</ele>
      </trkpt>
      <trkpt lat="49.48214" lon="21.66646">
        <ele>416.3</ele>
      </trkpt>
      <trkpt lat="49.48223" lon="21.66626">
        <ele>416.8</ele>
      </trkpt>
      <trkpt lat="49.4825" lon="21.66586">
        <ele>417.4</ele>
      </trkpt>
      <trkpt lat="49.48266" lon="21.6657">
        <ele>419.7</ele>
      </trkpt>
      <trkpt lat="49.48282" lon="21.66559">
        <ele>419.7</ele>
      </trkpt>
      <trkpt lat="49.48328" lon="21.66534">
        <ele>422.0</ele>
      </trkpt>
      <trkpt lat="49.48374" lon="21.66509">
        <ele>423.7</ele>
      </trkpt>
      <trkpt lat="49.48394" lon="21.66498">
        <ele>423.7</ele>
      </trkpt>
      <trkpt lat="49.48412" lon="21.66485">
        <ele>424.5</ele>
      </trkpt>
      <trkpt lat="49.48424" lon="21.66474">
        <ele>425.1</ele>
      </trkpt>
      <trkpt lat="49.48441" lon="21.6645">
        <ele>425.3</ele>
      </trkpt>
      <trkpt lat="49.48476" lon="21.66389">
        <ele>425.3</ele>
      </trkpt>
      <trkpt lat="49.48486" lon="21.66377">
        <ele>425.2</ele>
      </trkpt>
      <trkpt lat="49.485543" lon="21.663193">
        <ele>425.1</ele>
      </trkpt>
      <trkpt lat="49.486227" lon="21.662617">
        <ele>427.7</ele>
      </trkpt>
      <trkpt lat="49.48691" lon="21.66204">
        <ele>431.2</ele>
      </trkpt>
      <trkpt lat="49.48702" lon="21.66193">
        <ele>431.4</ele>
      </trkpt>
      <trkpt lat="49.48713" lon="21.66178">
        <ele>431.7</ele>
      </trkpt>
      <trkpt lat="49.48738" lon="21.66131">
        <ele>432.4</ele>
      </trkpt>
      <trkpt lat="49.48762" lon="21.66081">
        <ele>433.0</ele>
      </trkpt>
      <trkpt lat="49.4879" lon="21.66016">
        <ele>433.8</ele>
      </trkpt>
      <trkpt lat="49.48818" lon="21.65951">
        <ele>435.9</ele>
      </trkpt>
      <trkpt lat="49.48861" lon="21.65874">
        <ele>437.4</ele>
      </trkpt>
      <trkpt lat="49.48872" lon="21.65847">
        <ele>437.0</ele>
      </trkpt>
      <trkpt lat="49.48884" lon="21.65785">
        <ele>434.4</ele>
      </trkpt>
      <trkpt lat="49.48906" lon="21.65656">
        <ele>432.3</ele>
      </trkpt>
      <trkpt lat="49.48911" lon="21.65606">
        <ele>431.3</ele>
      </trkpt>
      <trkpt lat="49.48912" lon="21.65573">
        <ele>431.3</ele>
      </trkpt>
      <trkpt lat="49.48909" lon="21.65441">
        <ele>430.9</ele>
      </trkpt>
      <trkpt lat="49.48912" lon="21.65402">
        <ele>430.4</ele>
      </trkpt>
      <trkpt lat="49.48926" lon="21.65351">
        <ele>430.0</ele>
      </trkpt>
      <trkpt lat="49.48942" lon="21.65309">
        <ele>429.8</ele>
      </trkpt>
      <trkpt lat="49.48958" lon="21.65281">
        <ele>429.9</ele>
      </trkpt>
      <trkpt lat="49.48968" lon="21.65267">
        <ele>430.1</ele>
      </trkpt>
      <trkpt lat="49.490055" lon="21.65226">
        <ele>430.5</ele>
      </trkpt>
      <trkpt lat="49.49043" lon="21.65185">
        <ele>430.9</ele>
      </trkpt>
      <trkpt lat="49.49108" lon="21.651205">
        <ele>431.0</ele>
      </trkpt>
      <trkpt lat="49.49173" lon="21.65056">
        <ele>432.1</ele>
      </trkpt>
      <trkpt lat="49.492165" lon="21.65004">
        <ele>433.6</ele>
      </trkpt>
      <trkpt lat="49.4926" lon="21.64952">
        <ele>435.5</ele>
      </trkpt>
      <trkpt lat="49.493" lon="21.64881">
        <ele>436.8</ele>
      </trkpt>
      <trkpt lat="49.49327" lon="21.64832">
        <ele>437.6</ele>
      </trkpt>
      <trkpt lat="49.49374" lon="21.64731">
        <ele>438.6</ele>
      </trkpt>
      <trkpt lat="49.49392" lon="21.64707">
        <ele>438.9</ele>
      </trkpt>
      <trkpt lat="49.49464" lon="21.64628">
        <ele>439.9</ele>
      </trkpt>
      <trkpt lat="49.49484" lon="21.64613">
        <ele>440.1</ele>
      </trkpt>
      <trkpt lat="49.49502" lon="21.64605">
        <ele>440.2</ele>
      </trkpt>
      <trkpt lat="49.49552" lon="21.6459">
        <ele>440.3</ele>
      </trkpt>
      <trkpt lat="49.49586" lon="21.64576">
        <ele>440.4</ele>
      </trkpt>
      <trkpt lat="49.49633" lon="21.64554">
        <ele>440.9</ele>
      </trkpt>
      <trkpt lat="49.49664" lon="21.64536">
        <ele>441.1</ele>
      </trkpt>
      <trkpt lat="49.49687" lon="21.64512">
        <ele>441.4</ele>
      </trkpt>
      <trkpt lat="49.4974" lon="21.64442">
        <ele>442.0</ele>
      </trkpt>
      <trkpt lat="49.49793" lon="21.64372">
        <ele>442.7</ele>
      </trkpt>
      <trkpt lat="49.49812" lon="21.64331">
        <ele>442.7</ele>
      </trkpt>
      <trkpt lat="49.49841" lon="21.64255">
        <ele>443.5</ele>
      </trkpt>
      <trkpt lat="49.4987" lon="21.64179">
        <ele>444.7</ele>
      </trkpt>
      <trkpt lat="49.49893" lon="21.6414">
        <ele>446.0</ele>
      </trkpt>
      <trkpt lat="49.49952" lon="21.64081">
        <ele>448.8</ele>
      </trkpt>
      <trkpt lat="49.49995" lon="21.64023">
        <ele>449.8</ele>
      </trkpt>
      <trkpt lat="49.50038" lon="21.63979">
        <ele>450.8</ele>
      </trkpt>
      <trkpt lat="49.5007" lon="21.63941">
        <ele>451.4</ele>
      </trkpt>
      <trkpt lat="49.501363" lon="21.638517">
        <ele>452.5</ele>
      </trkpt>
      <trkpt lat="49.502027" lon="21.637623">
        <ele>455.1</ele>
      </trkpt>
      <trkpt lat="49.50269" lon="21.63673">
        <ele>457.1</ele>
      </trkpt>
      <trkpt lat="49.50328" lon="21.63599">
        <ele>460.2</ele>
      </trkpt>
      <trkpt lat="49.50345" lon="21.63586">
        <ele>461.1</ele>
      </trkpt>
      <trkpt lat="49.504174" lon="21.635472">
        <ele>464.4</ele>
      </trkpt>
      <trkpt lat="49.504898" lon="21.635084">
        <ele>464.9</ele>
      </trkpt>
      <trkpt lat="49.505622" lon="21.634696">
        <ele>468.7</ele>
      </trkpt>
      <trkpt lat="49.506346" lon="21.634308">
        <ele>474.6</ele>
      </trkpt>
      <trkpt lat="49.50707" lon="21.63392">
        <ele>481.7</ele>
      </trkpt>
      <trkpt lat="49.50738" lon="21.63371">
        <ele>483.5</ele>
      </trkpt>
      <trkpt lat="49.50801" lon="21.633116">
        <ele>488.2</ele>
      </trkpt>
      <trkpt lat="49.50864" lon="21.632522">
        <ele>492.0</ele>
      </trkpt>
      <trkpt lat="49.50927" lon="21.631928">
        <ele>495.7</ele>
      </trkpt>
      <trkpt lat="49.5099" lon="21.631334">
        <ele>499.1</ele>
      </trkpt>
      <trkpt lat="49.51053" lon="21.63074">
        <ele>502.9</ele>
      </trkpt>
      <trkpt lat="49.51065" lon="21.63059">
        <ele>503.5</ele>
      </trkpt>
      <trkpt lat="49.51072" lon="21.63044">
        <ele>503.5</ele>
      </trkpt>
      <trkpt lat="49.51099" lon="21.62963">
        <ele>505.4</ele>
      </trkpt>
      <trkpt lat="49.51107" lon="21.62926">
        <ele>505.4</ele>
      </trkpt>
      <trkpt lat="49.51107" lon="21.62925">
        <ele>505.4</ele>
      </trkpt>
      <trkpt lat="49.51107" lon="21.6291">
        <ele>505.4</ele>
      </trkpt>
      <trkpt lat="49.51092" lon="21.62821">
        <ele>507.0</ele>
      </trkpt>
      <trkpt lat="49.51036" lon="21.62817">
        <ele>507.9</ele>
      </trkpt>
      <trkpt lat="49.50947" lon="21.628005">
        <ele>512.1</ele>
      </trkpt>
      <trkpt lat="49.50858" lon="21.62784">
        <ele>515.5</ele>
      </trkpt>
      <trkpt lat="49.50818" lon="21.62766">
        <ele>516.7</ele>
      </trkpt>
      <trkpt lat="49.50772" lon="21.627365">
        <ele>517.4</ele>
      </trkpt>
      <trkpt lat="49.50726" lon="21.62707">
        <ele>518.1</ele>
      </trkpt>
      <trkpt lat="49.50671" lon="21.62642">
        <ele>518.1</ele>
      </trkpt>
      <trkpt lat="49.50616" lon="21.62577">
        <ele>516.2</ele>
      </trkpt>
      <trkpt lat="49.50562" lon="21.6251">
        <ele>514.7</ele>
      </trkpt>
      <trkpt lat="49.50538" lon="21.62483">
        <ele>513.1</ele>
      </trkpt>
      <trkpt lat="49.504795" lon="21.624335">
        <ele>511.2</ele>
      </trkpt>
      <trkpt lat="49.50421" lon="21.62384">
        <ele>506.5</ele>
      </trkpt>
      <trkpt lat="49.503815" lon="21.623445">
        <ele>503.3</ele>
      </trkpt>
      <trkpt lat="49.50342" lon="21.62305">
        <ele>498.9</ele>
      </trkpt>
      <trkpt lat="49.502673" lon="21.622317">
        <ele>495.5</ele>
      </trkpt>
      <trkpt lat="49.501927" lon="21.621583">
        <ele>497.9</ele>
      </trkpt>
      <trkpt lat="49.50118" lon="21.62085">
        <ele>492.4</ele>
      </trkpt>
      <trkpt lat="49.50099" lon="21.62056">
        <ele>491.0</ele>
      </trkpt>
      <trkpt lat="49.50089" lon="21.62015">
        <ele>489.1</ele>
      </trkpt>
      <trkpt lat="49.500665" lon="21.61899">
        <ele>491.4</ele>
      </trkpt>
      <trkpt lat="49.50044" lon="21.61783">
        <ele>499.8</ele>
      </trkpt>
      <trkpt lat="49.50043" lon="21.61762">
        <ele>500.9</ele>
      </trkpt>
      <trkpt lat="49.50046" lon="21.61738">
        <ele>504.6</ele>
      </trkpt>
      <trkpt lat="49.50053" lon="21.61709">
        <ele>505.8</ele>
      </trkpt>
      <trkpt lat="49.50066" lon="21.61683">
        <ele>508.6</ele>
      </trkpt>
      <trkpt lat="49.50122" lon="21.61614">
        <ele>514.4</ele>
      </trkpt>
      <trkpt lat="49.50131" lon="21.61589">
        <ele>517.4</ele>
      </trkpt>
      <trkpt lat="49.50141" lon="21.61549">
        <ele>521.0</ele>
      </trkpt>
      <trkpt lat="49.50143" lon="21.61488">
        <ele>524.2</ele>
      </trkpt>
      <trkpt lat="49.50142" lon="21.61446">
        <ele>526.2</ele>
      </trkpt>
      <trkpt lat="49.50136" lon="21.61426">
        <ele>527.2</ele>
      </trkpt>
      <trkpt lat="49.50124" lon="21.61405">
        <ele>528.4</ele>
      </trkpt>
      <trkpt lat="49.50077" lon="21.61376">
        <ele>532.4</ele>
      </trkpt>
      <trkpt lat="49.50047" lon="21.6136">
        <ele>533.0</ele>
      </trkpt>
      <trkpt lat="49.50029" lon="21.61343">
        <ele>532.3</ele>
      </trkpt>
      <trkpt lat="49.50021" lon="21.61331">
        <ele>531.6</ele>
      </trkpt>
      <trkpt lat="49.50015" lon="21.61313">
        <ele>530.8</ele>
      </trkpt>
      <trkpt lat="49.50012" lon="21.61278">
        <ele>528.3</ele>
      </trkpt>
      <trkpt lat="49.50015" lon="21.61264">
        <ele>527.5</ele>
      </trkpt>
      <trkpt lat="49.50029" lon="21.61229">
        <ele>524.3</ele>
      </trkpt>
      <trkpt lat="49.50091" lon="21.6113">
        <ele>516.0</ele>
      </trkpt>
      <trkpt lat="49.501" lon="21.61108">
        <ele>513.7</ele>
      </trkpt>
      <trkpt lat="49.50102" lon="21.61088">
        <ele>512.5</ele>
      </trkpt>
      <trkpt lat="49.50102" lon="21.61066">
        <ele>511.7</ele>
      </trkpt>
      <trkpt lat="49.50084" lon="21.61006">
        <ele>509.5</ele>
      </trkpt>
      <trkpt lat="49.50075" lon="21.60968">
        <ele>504.4</ele>
      </trkpt>
      <trkpt lat="49.50072" lon="21.60948">
        <ele>504.0</ele>
      </trkpt>
      <trkpt lat="49.50082" lon="21.60848">
        <ele>500.6</ele>
      </trkpt>
      <trkpt lat="49.50088" lon="21.60735">
        <ele>498.5</ele>
      </trkpt>
      <trkpt lat="49.50082" lon="21.6069">
        <ele>497.8</ele>
      </trkpt>
      <trkpt lat="49.50067" lon="21.60619">
        <ele>495.6</ele>
      </trkpt>
      <trkpt lat="49.50046" lon="21.605245">
        <ele>491.7</ele>
      </trkpt>
      <trkpt lat="49.50025" lon="21.6043">
        <ele>486.5</ele>
      </trkpt>
      <trkpt lat="49.49999" lon="21.60355">
        <ele>477.2</ele>
      </trkpt>
      <trkpt lat="49.4999" lon="21.60321">
        <ele>477.2</ele>
      </trkpt>
      <trkpt lat="49.49988" lon="21.60293">
        <ele>476.2</ele>
      </trkpt>
      <trkpt lat="49.49987" lon="21.60215">
        <ele>470.3</ele>
      </trkpt>
      <trkpt lat="49.49983" lon="21.60192">
        <ele>470.7</ele>
      </trkpt>
      <trkpt lat="49.4998" lon="21.60175">
        <ele>470.2</ele>
      </trkpt>
      <trkpt lat="49.49948" lon="21.60073">
        <ele>463.8</ele>
      </trkpt>
      <trkpt lat="49.49936" lon="21.60007">
        <ele>460.5</ele>
      </trkpt>
      <trkpt lat="49.49931" lon="21.59964">
        <ele>457.9</ele>
      </trkpt>
      <trkpt lat="49.49937" lon="21.59902">
        <ele>452.3</ele>
      </trkpt>
      <trkpt lat="49.49957" lon="21.5979">
        <ele>446.1</ele>
      </trkpt>
      <trkpt lat="49.499605" lon="21.59698">
        <ele>440.2</ele>
      </trkpt>
      <trkpt lat="49.49964" lon="21.59606">
        <ele>434.8</ele>
      </trkpt>
      <trkpt lat="49.4997" lon="21.59572">
        <ele>433.5</ele>
      </trkpt>
      <trkpt lat="49.49978" lon="21.59516">
        <ele>431.8</ele>
      </trkpt>
      <trkpt lat="49.49981" lon="21.59473">
        <ele>430.8</ele>
      </trkpt>
      <trkpt lat="49.4998" lon="21.59432">
        <ele>429.6</ele>
      </trkpt>
      <trkpt lat="49.49974" lon="21.59394">
        <ele>428.3</ele>
      </trkpt>
      <trkpt lat="49.49964" lon="21.59348">
        <ele>427.7</ele>
      </trkpt>
      <trkpt lat="49.49932" lon="21.59242">
        <ele>424.2</ele>
      </trkpt>
      <trkpt lat="49.49911" lon="21.591805">
        <ele>423.5</ele>
      </trkpt>
      <trkpt lat="49.4989" lon="21.59119">
        <ele>421.8</ele>
      </trkpt>
      <trkpt lat="49.49886" lon="21.59079">
        <ele>420.6</ele>
      </trkpt>
      <trkpt lat="49.49889" lon="21.59041">
        <ele>419.5</ele>
      </trkpt>
      <trkpt lat="49.499065" lon="21.589235">
        <ele>416.7</ele>
      </trkpt>
      <trkpt lat="49.49924" lon="21.58806">
        <ele>414.7</ele>
      </trkpt>
      <trkpt lat="49.49926" lon="21.58769">
        <ele>414.1</ele>
      </trkpt>
      <trkpt lat="49.499245" lon="21.58654">
        <ele>411.5</ele>
      </trkpt>
      <trkpt lat="49.49923" lon="21.58539">
        <ele>410.2</ele>
      </trkpt>
      <trkpt lat="49.49926" lon="21.58493">
        <ele>409.7</ele>
      </trkpt>
      <trkpt lat="49.49941" lon="21.5841">
        <ele>408.4</ele>
      </trkpt>
      <trkpt lat="49.49942" lon="21.58361">
        <ele>406.9</ele>
      </trkpt>
      <trkpt lat="49.49937" lon="21.58325">
        <ele>406.6</ele>
      </trkpt>
      <trkpt lat="49.49924" lon="21.58274">
        <ele>405.7</ele>
      </trkpt>
      <trkpt lat="49.49896" lon="21.58178">
        <ele>404.1</ele>
      </trkpt>
      <trkpt lat="49.49875" lon="21.58116">
        <ele>402.8</ele>
      </trkpt>
      <trkpt lat="49.49863" lon="21.58097">
        <ele>402.1</ele>
      </trkpt>
      <trkpt lat="49.49808" lon="21.58031">
        <ele>399.3</ele>
      </trkpt>
      <trkpt lat="49.49794" lon="21.58004">
        <ele>398.2</ele>
      </trkpt>
      <trkpt lat="49.49785" lon="21.57974">
        <ele>397.8</ele>
      </trkpt>
      <trkpt lat="49.497605" lon="21.57843">
        <ele>398.6</ele>
      </trkpt>
      <trkpt lat="49.49736" lon="21.57712">
        <ele>400.4</ele>
      </trkpt>
      <trkpt lat="49.49723" lon="21.57655">
        <ele>401.2</ele>
      </trkpt>
      <trkpt lat="49.497005" lon="21.57578">
        <ele>398.6</ele>
      </trkpt>
      <trkpt lat="49.49678" lon="21.57501">
        <ele>393.6</ele>
      </trkpt>
      <trkpt lat="49.49671" lon="21.57467">
        <ele>391.7</ele>
      </trkpt>
      <trkpt lat="49.49668" lon="21.57445">
        <ele>391.7</ele>
      </trkpt>
      <trkpt lat="49.49668" lon="21.57425">
        <ele>389.6</ele>
      </trkpt>
      <trkpt lat="49.49677" lon="21.573035">
        <ele>385.5</ele>
      </trkpt>
      <trkpt lat="49.49686" lon="21.57182">
        <ele>383.2</ele>
      </trkpt>
      <trkpt lat="49.49688" lon="21.57132">
        <ele>381.5</ele>
      </trkpt>
      <trkpt lat="49.49681" lon="21.57061">
        <ele>380.5</ele>
      </trkpt>
      <trkpt lat="49.496675" lon="21.569765">
        <ele>379.2</ele>
      </trkpt>
      <trkpt lat="49.49654" lon="21.56892">
        <ele>377.7</ele>
      </trkpt>
      <trkpt lat="49.49644" lon="21.56851">
        <ele>377.1</ele>
      </trkpt>
      <trkpt lat="49.49637" lon="21.56829">
        <ele>376.9</ele>
      </trkpt>
      <trkpt lat="49.49623" lon="21.56801">
        <ele>376.1</ele>
      </trkpt>
      <trkpt lat="49.49573" lon="21.56731">
        <ele>374.8</ele>
      </trkpt>
      <trkpt lat="49.49553" lon="21.56712">
        <ele>374.4</ele>
      </trkpt>
      <trkpt lat="49.49518" lon="21.56684">
        <ele>373.9</ele>
      </trkpt>
      <trkpt lat="49.49487" lon="21.56657">
        <ele>373.3</ele>
      </trkpt>
      <trkpt lat="49.49479" lon="21.56641">
        <ele>373.1</ele>
      </trkpt>
      <trkpt lat="49.49476" lon="21.56627">
        <ele>372.6</ele>
      </trkpt>
      <trkpt lat="49.49474" lon="21.56595">
        <ele>372.5</ele>
      </trkpt>
      <trkpt lat="49.494753" lon="21.56487">
        <ele>371.3</ele>
      </trkpt>
      <trkpt lat="49.494767" lon="21.56379">
        <ele>370.8</ele>
      </trkpt>
      <trkpt lat="49.49478" lon="21.56271">
        <ele>369.2</ele>
      </trkpt>
      <trkpt lat="49.49478" lon="21.56187">
        <ele>368.5</ele>
      </trkpt>
      <trkpt lat="49.49483" lon="21.56176">
        <ele>368.0</ele>
      </trkpt>
      <trkpt lat="49.49528" lon="21.56132">
        <ele>366.0</ele>
      </trkpt>
      <trkpt lat="49.49539" lon="21.56115">
        <ele>365.6</ele>
      </trkpt>
      <trkpt lat="49.49575" lon="21.56042">
        <ele>365.2</ele>
      </trkpt>
      <trkpt lat="49.49586" lon="21.56007">
        <ele>364.8</ele>
      </trkpt>
      <trkpt lat="49.49592" lon="21.55974">
        <ele>364.7</ele>
      </trkpt>
      <trkpt lat="49.49596" lon="21.5587">
        <ele>363.9</ele>
      </trkpt>
      <trkpt lat="49.49598" lon="21.55755">
        <ele>363.7</ele>
      </trkpt>
      <trkpt lat="49.49603" lon="21.55714">
        <ele>363.5</ele>
      </trkpt>
      <trkpt lat="49.49612" lon="21.5568">
        <ele>363.3</ele>
      </trkpt>
      <trkpt lat="49.4965" lon="21.5559">
        <ele>362.8</ele>
      </trkpt>
      <trkpt lat="49.49686" lon="21.555">
        <ele>362.4</ele>
      </trkpt>
      <trkpt lat="49.49705" lon="21.55468">
        <ele>361.8</ele>
      </trkpt>
      <trkpt lat="49.49721" lon="21.55452">
        <ele>361.8</ele>
      </trkpt>
      <trkpt lat="49.49778" lon="21.55417">
        <ele>361.1</ele>
      </trkpt>
      <trkpt lat="49.49793" lon="21.55406">
        <ele>360.9</ele>
      </trkpt>
      <trkpt lat="49.49815" lon="21.55379">
        <ele>360.6</ele>
      </trkpt>
      <trkpt lat="49.49828" lon="21.55351">
        <ele>360.6</ele>
      </trkpt>
      <trkpt lat="49.4984" lon="21.55311">
        <ele>360.2</ele>
      </trkpt>
      <trkpt lat="49.49868" lon="21.55189">
        <ele>358.9</ele>
      </trkpt>
      <trkpt lat="49.49896" lon="21.55067">
        <ele>358.3</ele>
      </trkpt>
      <trkpt lat="49.49911" lon="21.549945">
        <ele>357.6</ele>
      </trkpt>
      <trkpt lat="49.49926" lon="21.54922">
        <ele>357.1</ele>
      </trkpt>
      <trkpt lat="49.49936" lon="21.54855">
        <ele>356.7</ele>
      </trkpt>
      <trkpt lat="49.49945" lon="21.5481">
        <ele>356.3</ele>
      </trkpt>
      <trkpt lat="49.49961" lon="21.54759">
        <ele>356.1</ele>
      </trkpt>
      <trkpt lat="49.499933" lon="21.546637">
        <ele>355.1</ele>
      </trkpt>
      <trkpt lat="49.500257" lon="21.545683">
        <ele>354.5</ele>
      </trkpt>
      <trkpt lat="49.50058" lon="21.54473">
        <ele>353.7</ele>
      </trkpt>
      <trkpt lat="49.50082" lon="21.54426">
        <ele>352.8</ele>
      </trkpt>
      <trkpt lat="49.50117" lon="21.5438">
        <ele>352.4</ele>
      </trkpt>
      <trkpt lat="49.50152" lon="21.54334">
        <ele>352.2</ele>
      </trkpt>
      <trkpt lat="49.50169" lon="21.54307">
        <ele>352.6</ele>
      </trkpt>
      <trkpt lat="49.5018" lon="21.54283">
        <ele>353.0</ele>
      </trkpt>
      <trkpt lat="49.502" lon="21.54203">
        <ele>354.7</ele>
      </trkpt>
      <trkpt lat="49.50216" lon="21.5417">
        <ele>355.0</ele>
      </trkpt>
      <trkpt lat="49.50233" lon="21.54143">
        <ele>354.7</ele>
      </trkpt>
      <trkpt lat="49.5027" lon="21.541">
        <ele>354.3</ele>
      </trkpt>
      <trkpt lat="49.50292" lon="21.54079">
        <ele>353.9</ele>
      </trkpt>
      <trkpt lat="49.50317" lon="21.54064">
        <ele>353.6</ele>
      </trkpt>
      <trkpt lat="49.5037" lon="21.54041">
        <ele>352.5</ele>
      </trkpt>
      <trkpt lat="49.50385" lon="21.54027">
        <ele>352.4</ele>
      </trkpt>
      <trkpt lat="49.50408" lon="21.53999">
        <ele>352.1</ele>
      </trkpt>
      <trkpt lat="49.50454" lon="21.53938">
        <ele>351.1</ele>
      </trkpt>
      <trkpt lat="49.505" lon="21.53877">
        <ele>350.5</ele>
      </trkpt>
      <trkpt lat="49.50509" lon="21.53855">
        <ele>350.4</ele>
      </trkpt>
      <trkpt lat="49.50511" lon="21.53835">
        <ele>350.3</ele>
      </trkpt>
      <trkpt lat="49.50507" lon="21.53764">
        <ele>350.1</ele>
      </trkpt>
      <trkpt lat="49.50505" lon="21.53728">
        <ele>350.0</ele>
      </trkpt>
      <trkpt lat="49.50502" lon="21.53712">
        <ele>350.0</ele>
      </trkpt>
      <trkpt lat="49.50493" lon="21.53685">
        <ele>350.0</ele>
      </trkpt>
      <trkpt lat="49.50482" lon="21.53663">
        <ele>349.7</ele>
      </trkpt>
      <trkpt lat="49.50469" lon="21.5364">
        <ele>349.7</ele>
      </trkpt>
      <trkpt lat="49.50422" lon="21.53588">
        <ele>349.3</ele>
      </trkpt>
      <trkpt lat="49.50401" lon="21.5355">
        <ele>349.4</ele>
      </trkpt>
      <trkpt lat="49.50393" lon="21.53525">
        <ele>349.4</ele>
      </trkpt>
      <trkpt lat="49.5038" lon="21.53471">
        <ele>349.7</ele>
      </trkpt>
      <trkpt lat="49.50371" lon="21.53403">
        <ele>350.5</ele>
      </trkpt>
      <trkpt lat="49.50368" lon="21.53325">
        <ele>350.8</ele>
      </trkpt>
      <trkpt lat="49.50365" lon="21.53247">
        <ele>351.2</ele>
      </trkpt>
      <trkpt lat="49.50371" lon="21.531735">
        <ele>352.7</ele>
      </trkpt>
      <trkpt lat="49.50377" lon="21.531">
        <ele>353.5</ele>
      </trkpt>
      <trkpt lat="49.50376" lon="21.53076">
        <ele>353.6</ele>
      </trkpt>
      <trkpt lat="49.50364" lon="21.52969">
        <ele>353.0</ele>
      </trkpt>
      <trkpt lat="49.50362" lon="21.52931">
        <ele>352.9</ele>
      </trkpt>
      <trkpt lat="49.503635" lon="21.528585">
        <ele>352.9</ele>
      </trkpt>
      <trkpt lat="49.50365" lon="21.52786">
        <ele>353.0</ele>
      </trkpt>
      <trkpt lat="49.50364" lon="21.52731">
        <ele>353.3</ele>
      </trkpt>
      <trkpt lat="49.50355" lon="21.52666">
        <ele>353.6</ele>
      </trkpt>
      <trkpt lat="49.503355" lon="21.52598">
        <ele>353.8</ele>
      </trkpt>
      <trkpt lat="49.50316" lon="21.5253">
        <ele>354.2</ele>
      </trkpt>
      <trkpt lat="49.50312" lon="21.52504">
        <ele>354.2</ele>
      </trkpt>
      <trkpt lat="49.50312" lon="21.52477">
        <ele>354.3</ele>
      </trkpt>
      <trkpt lat="49.50315" lon="21.52447">
        <ele>354.6</ele>
      </trkpt>
      <trkpt lat="49.50345" lon="21.52338">
        <ele>354.8</ele>
      </trkpt>
      <trkpt lat="49.50354" lon="21.52317">
        <ele>354.8</ele>
      </trkpt>
      <trkpt lat="49.50365" lon="21.523">
        <ele>355.1</ele>
      </trkpt>
      <trkpt lat="49.50378" lon="21.52284">
        <ele>355.1</ele>
      </trkpt>
      <trkpt lat="49.504185" lon="21.52245">
        <ele>355.5</ele>
      </trkpt>
      <trkpt lat="49.50459" lon="21.52206">
        <ele>355.9</ele>
      </trkpt>
      <trkpt lat="49.50478" lon="21.5219">
        <ele>356.0</ele>
      </trkpt>
      <trkpt lat="49.50509" lon="21.52168">
        <ele>356.9</ele>
      </trkpt>
      <trkpt lat="49.505715" lon="21.521335">
        <ele>358.2</ele>
      </trkpt>
      <trkpt lat="49.50634" lon="21.52099">
        <ele>358.4</ele>
      </trkpt>
      <trkpt lat="49.50645" lon="21.52089">
        <ele>358.3</ele>
      </trkpt>
      <trkpt lat="49.5066" lon="21.52063">
        <ele>357.7</ele>
      </trkpt>
      <trkpt lat="49.50668" lon="21.52045">
        <ele>357.6</ele>
      </trkpt>
      <trkpt lat="49.50685" lon="21.51973">
        <ele>357.7</ele>
      </trkpt>
      <trkpt lat="49.50687" lon="21.51933">
        <ele>357.8</ele>
      </trkpt>
      <trkpt lat="49.506733" lon="21.51821">
        <ele>358.0</ele>
      </trkpt>
      <trkpt lat="49.506597" lon="21.51709">
        <ele>358.5</ele>
      </trkpt>
      <trkpt lat="49.50646" lon="21.51597">
        <ele>358.7</ele>
      </trkpt>
      <trkpt lat="49.50645" lon="21.51541">
        <ele>358.8</ele>
      </trkpt>
      <trkpt lat="49.50646" lon="21.51513">
        <ele>358.8</ele>
      </trkpt>
      <trkpt lat="49.50653" lon="21.5147">
        <ele>358.9</ele>
      </trkpt>
      <trkpt lat="49.50685" lon="21.51344">
        <ele>359.7</ele>
      </trkpt>
      <trkpt lat="49.50742" lon="21.51257">
        <ele>360.0</ele>
      </trkpt>
      <trkpt lat="49.50767" lon="21.51214">
        <ele>360.3</ele>
      </trkpt>
      <trkpt lat="49.50816" lon="21.51112">
        <ele>361.1</ele>
      </trkpt>
      <trkpt lat="49.50868" lon="21.51002">
        <ele>361.4</ele>
      </trkpt>
      <trkpt lat="49.509" lon="21.50947">
        <ele>362.0</ele>
      </trkpt>
      <trkpt lat="49.50938" lon="21.50894">
        <ele>362.7</ele>
      </trkpt>
      <trkpt lat="49.50984" lon="21.50848">
        <ele>362.8</ele>
      </trkpt>
      <trkpt lat="49.50995" lon="21.50834">
        <ele>363.3</ele>
      </trkpt>
      <trkpt lat="49.51006" lon="21.50812">
        <ele>363.5</ele>
      </trkpt>
      <trkpt lat="49.51014" lon="21.50781">
        <ele>363.7</ele>
      </trkpt>
      <trkpt lat="49.51021" lon="21.50725">
        <ele>363.8</ele>
      </trkpt>
      <trkpt lat="49.51026" lon="21.50608">
        <ele>364.2</ele>
      </trkpt>
      <trkpt lat="49.51023" lon="21.5056">
        <ele>364.6</ele>
      </trkpt>
      <trkpt lat="49.51019" lon="21.50537">
        <ele>364.6</ele>
      </trkpt>
      <trkpt lat="49.51005" lon="21.50485">
        <ele>364.3</ele>
      </trkpt>
      <trkpt lat="49.51" lon="21.50459">
        <ele>364.3</ele>
      </trkpt>
      <trkpt lat="49.50998" lon="21.50431">
        <ele>364.2</ele>
      </trkpt>
      <trkpt lat="49.51001" lon="21.50398">
        <ele>364.4</ele>
      </trkpt>
      <trkpt lat="49.51021" lon="21.50291">
        <ele>365.0</ele>
      </trkpt>
      <trkpt lat="49.51027" lon="21.50271">
        <ele>365.0</ele>
      </trkpt>
      <trkpt lat="49.51051" lon="21.50218">
        <ele>365.5</ele>
      </trkpt>
      <trkpt lat="49.51061" lon="21.50203">
        <ele>365.9</ele>
      </trkpt>
      <trkpt lat="49.51085" lon="21.50176">
        <ele>366.6</ele>
      </trkpt>
      <trkpt lat="49.511" lon="21.50145">
        <ele>367.4</ele>
      </trkpt>
      <trkpt lat="49.511195" lon="21.50069">
        <ele>369.9</ele>
      </trkpt>
      <trkpt lat="49.51139" lon="21.49993">
        <ele>371.5</ele>
      </trkpt>
      <trkpt lat="49.51161" lon="21.499265">
        <ele>373.7</ele>
      </trkpt>
      <trkpt lat="49.51183" lon="21.4986">
        <ele>378.5</ele>
      </trkpt>
      <trkpt lat="49.51198" lon="21.4976">
        <ele>385.6</ele>
      </trkpt>
      <trkpt lat="49.51203" lon="21.49736">
        <ele>388.0</ele>
      </trkpt>
      <trkpt lat="49.51232" lon="21.49655">
        <ele>392.9</ele>
      </trkpt>
      <trkpt lat="49.51241" lon="21.4964">
        <ele>393.9</ele>
      </trkpt>
      <trkpt lat="49.51251" lon="21.4963">
        <ele>394.3</ele>
      </trkpt>
      <trkpt lat="49.51262" lon="21.49626">
        <ele>394.3</ele>
      </trkpt>
      <trkpt lat="49.513085" lon="21.49629">
        <ele>395.9</ele>
      </trkpt>
      <trkpt lat="49.51355" lon="21.49632">
        <ele>396.4</ele>
      </trkpt>
      <trkpt lat="49.51384" lon="21.49627">
        <ele>396.4</ele>
      </trkpt>
      <trkpt lat="49.51399" lon="21.49616">
        <ele>396.0</ele>
      </trkpt>
      <trkpt lat="49.51411" lon="21.49604">
        <ele>395.4</ele>
      </trkpt>
      <trkpt lat="49.51425" lon="21.49585">
        <ele>395.0</ele>
      </trkpt>
      <trkpt lat="49.51441" lon="21.49547">
        <ele>393.2</ele>
      </trkpt>
      <trkpt lat="49.51484" lon="21.4943">
        <ele>389.4</ele>
      </trkpt>
      <trkpt lat="49.51496" lon="21.49394">
        <ele>388.3</ele>
      </trkpt>
      <trkpt lat="49.51515" lon="21.49308">
        <ele>385.0</ele>
      </trkpt>
      <trkpt lat="49.51537" lon="21.49179">
        <ele>383.4</ele>
      </trkpt>
      <trkpt lat="49.51552" lon="21.49133">
        <ele>382.7</ele>
      </trkpt>
      <trkpt lat="49.51583" lon="21.490645">
        <ele>382.1</ele>
      </trkpt>
      <trkpt lat="49.51614" lon="21.48996">
        <ele>381.9</ele>
      </trkpt>
      <trkpt lat="49.51638" lon="21.48951">
        <ele>381.9</ele>
      </trkpt>
      <trkpt lat="49.51663" lon="21.48915">
        <ele>382.6</ele>
      </trkpt>
      <trkpt lat="49.51694" lon="21.4888">
        <ele>383.6</ele>
      </trkpt>
      <trkpt lat="49.51752" lon="21.48826">
        <ele>386.9</ele>
      </trkpt>
      <trkpt lat="49.51781" lon="21.48792">
        <ele>387.8</ele>
      </trkpt>
      <trkpt lat="49.51797" lon="21.48763">
        <ele>388.0</ele>
      </trkpt>
      <trkpt lat="49.51814" lon="21.48718">
        <ele>389.2</ele>
      </trkpt>
      <trkpt lat="49.518385" lon="21.48641">
        <ele>389.3</ele>
      </trkpt>
      <trkpt lat="49.51863" lon="21.48564">
        <ele>389.0</ele>
      </trkpt>
      <trkpt lat="49.51884" lon="21.48488">
        <ele>389.2</ele>
      </trkpt>
      <trkpt lat="49.51907" lon="21.48395">
        <ele>389.4</ele>
      </trkpt>
      <trkpt lat="49.5193" lon="21.48302">
        <ele>389.9</ele>
      </trkpt>
      <trkpt lat="49.51953" lon="21.48209">
        <ele>390.3</ele>
      </trkpt>
      <trkpt lat="49.5197" lon="21.48149">
        <ele>390.5</ele>
      </trkpt>
      <trkpt lat="49.52002" lon="21.48068">
        <ele>390.8</ele>
      </trkpt>
      <trkpt lat="49.52035" lon="21.47979">
        <ele>391.4</ele>
      </trkpt>
      <trkpt lat="49.52043" lon="21.4794">
        <ele>391.4</ele>
      </trkpt>
      <trkpt lat="49.52053" lon="21.478175">
        <ele>390.8</ele>
      </trkpt>
      <trkpt lat="49.52063" lon="21.47695">
        <ele>390.7</ele>
      </trkpt>
      <trkpt lat="49.5207" lon="21.47664">
        <ele>390.7</ele>
      </trkpt>
      <trkpt lat="49.5208" lon="21.47635">
        <ele>391.6</ele>
      </trkpt>
      <trkpt lat="49.52091" lon="21.47612">
        <ele>392.2</ele>
      </trkpt>
      <trkpt lat="49.52146" lon="21.47546">
        <ele>394.1</ele>
      </trkpt>
      <trkpt lat="49.52165" lon="21.47511">
        <ele>393.8</ele>
      </trkpt>
      <trkpt lat="49.52182" lon="21.47468">
        <ele>392.3</ele>
      </trkpt>
      <trkpt lat="49.52199" lon="21.47383">
        <ele>388.2</ele>
      </trkpt>
      <trkpt lat="49.52201" lon="21.47351">
        <ele>387.3</ele>
      </trkpt>
      <trkpt lat="49.522" lon="21.47332">
        <ele>386.5</ele>
      </trkpt>
      <trkpt lat="49.5219" lon="21.47295">
        <ele>386.1</ele>
      </trkpt>
      <trkpt lat="49.52153" lon="21.47216">
        <ele>384.0</ele>
      </trkpt>
      <trkpt lat="49.52116" lon="21.47137">
        <ele>383.8</ele>
      </trkpt>
      <trkpt lat="49.52102" lon="21.47095">
        <ele>383.7</ele>
      </trkpt>
      <trkpt lat="49.52089" lon="21.47026">
        <ele>383.2</ele>
      </trkpt>
      <trkpt lat="49.520733" lon="21.46921">
        <ele>383.5</ele>
      </trkpt>
      <trkpt lat="49.520575" lon="21.46816">
        <ele>383.4</ele>
      </trkpt>
      <trkpt lat="49.520418" lon="21.46711">
        <ele>383.6</ele>
      </trkpt>
      <trkpt lat="49.52026" lon="21.46606">
        <ele>384.1</ele>
      </trkpt>
      <trkpt lat="49.52017" lon="21.46568">
        <ele>384.9</ele>
      </trkpt>
      <trkpt lat="49.52001" lon="21.46532">
        <ele>385.9</ele>
      </trkpt>
      <trkpt lat="49.51979" lon="21.465">
        <ele>386.0</ele>
      </trkpt>
      <trkpt lat="49.51935" lon="21.46446">
        <ele>386.3</ele>
      </trkpt>
      <trkpt lat="49.51916" lon="21.46411">
        <ele>386.4</ele>
      </trkpt>
      <trkpt lat="49.5191" lon="21.46393">
        <ele>386.5</ele>
      </trkpt>
      <trkpt lat="49.51904" lon="21.4635">
        <ele>386.9</ele>
      </trkpt>
      <trkpt lat="49.51903" lon="21.46327">
        <ele>387.1</ele>
      </trkpt>
      <trkpt lat="49.51913" lon="21.46224">
        <ele>388.3</ele>
      </trkpt>
      <trkpt lat="49.51923" lon="21.46121">
        <ele>388.8</ele>
      </trkpt>
      <trkpt lat="49.51933" lon="21.46018">
        <ele>389.3</ele>
      </trkpt>
      <trkpt lat="49.51933" lon="21.45958">
        <ele>389.6</ele>
      </trkpt>
      <trkpt lat="49.51927" lon="21.45892">
        <ele>389.9</ele>
      </trkpt>
      <trkpt lat="49.51912" lon="21.458045">
        <ele>390.0</ele>
      </trkpt>
      <trkpt lat="49.51897" lon="21.45717">
        <ele>390.1</ele>
      </trkpt>
      <trkpt lat="49.5187" lon="21.456115">
        <ele>390.8</ele>
      </trkpt>
      <trkpt lat="49.51843" lon="21.45506">
        <ele>392.0</ele>
      </trkpt>
      <trkpt lat="49.51836" lon="21.4547">
        <ele>392.6</ele>
      </trkpt>
      <trkpt lat="49.51826" lon="21.45395">
        <ele>393.3</ele>
      </trkpt>
      <trkpt lat="49.518135" lon="21.452755">
        <ele>393.1</ele>
      </trkpt>
      <trkpt lat="49.51801" lon="21.45156">
        <ele>391.7</ele>
      </trkpt>
      <trkpt lat="49.51796" lon="21.45125">
        <ele>391.7</ele>
      </trkpt>
      <trkpt lat="49.5179" lon="21.45105">
        <ele>391.7</ele>
      </trkpt>
      <trkpt lat="49.51763" lon="21.45044">
        <ele>391.9</ele>
      </trkpt>
      <trkpt lat="49.51736" lon="21.44983">
        <ele>392.2</ele>
      </trkpt>
      <trkpt lat="49.5172" lon="21.44931">
        <ele>392.3</ele>
      </trkpt>
      <trkpt lat="49.51716" lon="21.44908">
        <ele>392.4</ele>
      </trkpt>
      <trkpt lat="49.517027" lon="21.44775">
        <ele>392.7</ele>
      </trkpt>
      <trkpt lat="49.516893" lon="21.44642">
        <ele>393.3</ele>
      </trkpt>
      <trkpt lat="49.51676" lon="21.44509">
        <ele>394.3</ele>
      </trkpt>
      <trkpt lat="49.51675" lon="21.44467">
        <ele>394.8</ele>
      </trkpt>
      <trkpt lat="49.51676" lon="21.44437">
        <ele>395.6</ele>
      </trkpt>
      <trkpt lat="49.51682" lon="21.44394">
        <ele>395.8</ele>
      </trkpt>
      <trkpt lat="49.51702" lon="21.4431">
        <ele>396.8</ele>
      </trkpt>
      <trkpt lat="49.517375" lon="21.441905">
        <ele>397.5</ele>
      </trkpt>
      <trkpt lat="49.51773" lon="21.44071">
        <ele>398.2</ele>
      </trkpt>
      <trkpt lat="49.51779" lon="21.44039">
        <ele>398.4</ele>
      </trkpt>
      <trkpt lat="49.51856" lon="21.44071">
        <ele>399.6</ele>
      </trkpt>
      <trkpt lat="49.519145" lon="21.44098">
        <ele>399.4</ele>
      </trkpt>
      <trkpt lat="49.51973" lon="21.44125">
        <ele>400.0</ele>
      </trkpt>
      <trkpt lat="49.52039" lon="21.44151">
        <ele>401.9</ele>
      </trkpt>
      <trkpt lat="49.52053" lon="21.44155">
        <ele>401.9</ele>
      </trkpt>
      <trkpt lat="49.52078" lon="21.44156">
        <ele>402.9</ele>
      </trkpt>
      <trkpt lat="49.52099" lon="21.4415">
        <ele>403.8</ele>
      </trkpt>
      <trkpt lat="49.52136" lon="21.44123">
        <ele>404.7</ele>
      </trkpt>
      <trkpt lat="49.52149" lon="21.44109">
        <ele>404.7</ele>
      </trkpt>
      <trkpt lat="49.52168" lon="21.44082">
        <ele>405.3</ele>
      </trkpt>
      <trkpt lat="49.52178" lon="21.44064">
        <ele>405.6</ele>
      </trkpt>
      <trkpt lat="49.52207" lon="21.43983">
        <ele>406.6</ele>
      </trkpt>
      <trkpt lat="49.52236" lon="21.43902">
        <ele>407.0</ele>
      </trkpt>
      <trkpt lat="49.522744" lon="21.437938">
        <ele>408.5</ele>
      </trkpt>
      <trkpt lat="49.523128" lon="21.436856">
        <ele>409.9</ele>
      </trkpt>
      <trkpt lat="49.523512" lon="21.435774">
        <ele>411.5</ele>
      </trkpt>
      <trkpt lat="49.523896" lon="21.434692">
        <ele>412.9</ele>
      </trkpt>
      <trkpt lat="49.52428" lon="21.43361">
        <ele>414.5</ele>
      </trkpt>
      <trkpt lat="49.524687" lon="21.432453">
        <ele>415.7</ele>
      </trkpt>
      <trkpt lat="49.525093" lon="21.431297">
        <ele>416.8</ele>
      </trkpt>
      <trkpt lat="49.5255" lon="21.43014">
        <ele>417.2</ele>
      </trkpt>
      <trkpt lat="49.5256" lon="21.4297">
        <ele>417.1</ele>
      </trkpt>
      <trkpt lat="49.52575" lon="21.42885">
        <ele>417.9</ele>
      </trkpt>
      <trkpt lat="49.52594" lon="21.427695">
        <ele>418.9</ele>
      </trkpt>
      <trkpt lat="49.52613" lon="21.42654">
        <ele>420.0</ele>
      </trkpt>
      <trkpt lat="49.52629" lon="21.42609">
        <ele>420.4</ele>
      </trkpt>
      <trkpt lat="49.52641" lon="21.42593">
        <ele>420.8</ele>
      </trkpt>
      <trkpt lat="49.52655" lon="21.42581">
        <ele>421.3</ele>
      </trkpt>
      <trkpt lat="49.52668" lon="21.42573">
        <ele>421.5</ele>
      </trkpt>
      <trkpt lat="49.52667" lon="21.42546">
        <ele>421.6</ele>
      </trkpt>
      <trkpt lat="49.526852" lon="21.424228">
        <ele>423.0</ele>
      </trkpt>
      <trkpt lat="49.527034" lon="21.422996">
        <ele>424.6</ele>
      </trkpt>
      <trkpt lat="49.527216" lon="21.421765">
        <ele>427.2</ele>
      </trkpt>
      <trkpt lat="49.527397" lon="21.420533">
        <ele>429.8</ele>
      </trkpt>
      <trkpt lat="49.527579" lon="21.419301">
        <ele>431.8</ele>
      </trkpt>
      <trkpt lat="49.527761" lon="21.418069">
        <ele>433.4</ele>
      </trkpt>
      <trkpt lat="49.527943" lon="21.416837">
        <ele>434.9</ele>
      </trkpt>
      <trkpt lat="49.528125" lon="21.415606">
        <ele>436.4</ele>
      </trkpt>
      <trkpt lat="49.528306" lon="21.414374">
        <ele>438.2</ele>
      </trkpt>
      <trkpt lat="49.528488" lon="21.413142">
        <ele>440.5</ele>
      </trkpt>
      <trkpt lat="49.52867" lon="21.41191">
        <ele>442.9</ele>
      </trkpt>
      <trkpt lat="49.52878" lon="21.411105">
        <ele>444.7</ele>
      </trkpt>
      <trkpt lat="49.52889" lon="21.4103">
        <ele>445.2</ele>
      </trkpt>
      <trkpt lat="49.528973" lon="21.408993">
        <ele>447.5</ele>
      </trkpt>
      <trkpt lat="49.529057" lon="21.407687">
        <ele>450.7</ele>
      </trkpt>
      <trkpt lat="49.52914" lon="21.40638">
        <ele>452.6</ele>
      </trkpt>
      <trkpt lat="49.52913" lon="21.40541">
        <ele>453.9</ele>
      </trkpt>
      <trkpt lat="49.52917" lon="21.4044">
        <ele>455.4</ele>
      </trkpt>
      <trkpt lat="49.52916" lon="21.404">
        <ele>455.6</ele>
      </trkpt>
      <trkpt lat="49.52905" lon="21.40347">
        <ele>456.2</ele>
      </trkpt>
      <trkpt lat="49.528818" lon="21.402485">
        <ele>458.0</ele>
      </trkpt>
      <trkpt lat="49.528585" lon="21.4015">
        <ele>460.4</ele>
      </trkpt>
      <trkpt lat="49.528353" lon="21.400515">
        <ele>463.3</ele>
      </trkpt>
      <trkpt lat="49.52812" lon="21.39953">
        <ele>469.2</ele>
      </trkpt>
      <trkpt lat="49.527967" lon="21.39858">
        <ele>472.6</ele>
      </trkpt>
      <trkpt lat="49.527813" lon="21.39763">
        <ele>478.7</ele>
      </trkpt>
      <trkpt lat="49.52766" lon="21.39668">
        <ele>483.9</ele>
      </trkpt>
      <trkpt lat="49.52769" lon="21.39578">
        <ele>489.4</ele>
      </trkpt>
      <trkpt lat="49.527635" lon="21.39456">
        <ele>496.4</ele>
      </trkpt>
      <trkpt lat="49.52758" lon="21.39334">
        <ele>500.4</ele>
      </trkpt>
      <trkpt lat="49.527525" lon="21.39212">
        <ele>502.0</ele>
      </trkpt>
      <trkpt lat="49.52747" lon="21.3909">
        <ele>503.6</ele>
      </trkpt>
      <trkpt lat="49.527415" lon="21.38968">
        <ele>505.0</ele>
      </trkpt>
      <trkpt lat="49.52736" lon="21.38846">
        <ele>505.5</ele>
      </trkpt>
      <trkpt lat="49.52727" lon="21.3878">
        <ele>505.2</ele>
      </trkpt>
      <trkpt lat="49.526965" lon="21.386795">
        <ele>512.2</ele>
      </trkpt>
      <trkpt lat="49.52666" lon="21.38579">
        <ele>521.6</ele>
      </trkpt>
      <trkpt lat="49.52622" lon="21.385115">
        <ele>529.4</ele>
      </trkpt>
      <trkpt lat="49.52578" lon="21.38444">
        <ele>536.2</ele>
      </trkpt>
      <trkpt lat="49.525453" lon="21.383563">
        <ele>540.2</ele>
      </trkpt>
      <trkpt lat="49.525127" lon="21.382687">
        <ele>546.3</ele>
      </trkpt>
      <trkpt lat="49.5248" lon="21.38181">
        <ele>553.5</ele>
      </trkpt>
      <trkpt lat="49.52458" lon="21.38101">
        <ele>558.4</ele>
      </trkpt>
      <trkpt lat="49.52436" lon="21.38021">
        <ele>565.6</ele>
      </trkpt>
      <trkpt lat="49.52425" lon="21.37943">
        <ele>568.7</ele>
      </trkpt>
      <trkpt lat="49.52437" lon="21.37838">
        <ele>570.5</ele>
      </trkpt>
      <trkpt lat="49.52408" lon="21.37744">
        <ele>572.0</ele>
      </trkpt>
      <trkpt lat="49.52401" lon="21.376675">
        <ele>572.1</ele>
      </trkpt>
      <trkpt lat="49.52394" lon="21.37591">
        <ele>567.7</ele>
      </trkpt>
      <trkpt lat="49.52393" lon="21.37533">
        <ele>565.2</ele>
      </trkpt>
      <trkpt lat="49.52396" lon="21.37483">
        <ele>564.1</ele>
      </trkpt>
      <trkpt lat="49.52411" lon="21.37429">
        <ele>564.1</ele>
      </trkpt>
      <trkpt lat="49.52425" lon="21.37392">
        <ele>562.8</ele>
      </trkpt>
      <trkpt lat="49.52429" lon="21.37377">
        <ele>562.8</ele>
      </trkpt>
      <trkpt lat="49.52431" lon="21.37356">
        <ele>561.2</ele>
      </trkpt>
      <trkpt lat="49.52429" lon="21.37273">
        <ele>559.8</ele>
      </trkpt>
      <trkpt lat="49.52446" lon="21.37167">
        <ele>557.9</ele>
      </trkpt>
      <trkpt lat="49.52466" lon="21.37122">
        <ele>556.2</ele>
      </trkpt>
      <trkpt lat="49.524825" lon="21.37049">
        <ele>554.1</ele>
      </trkpt>
      <trkpt lat="49.52499" lon="21.36976">
        <ele>550.1</ele>
      </trkpt>
      <trkpt lat="49.52509" lon="21.36939">
        <ele>549.8</ele>
      </trkpt>
      <trkpt lat="49.52537" lon="21.36903">
        <ele>550.8</ele>
      </trkpt>
      <trkpt lat="49.52574" lon="21.36932">
        <ele>554.6</ele>
      </trkpt>
      <trkpt lat="49.52599" lon="21.36944">
        <ele>557.8</ele>
      </trkpt>
      <trkpt lat="49.52617" lon="21.36948">
        <ele>560.5</ele>
      </trkpt>
      <trkpt lat="49.5263" lon="21.36947">
        <ele>561.5</ele>
      </trkpt>
      <trkpt lat="49.52642" lon="21.36942">
        <ele>563.3</ele>
      </trkpt>
      <trkpt lat="49.52682" lon="21.36919">
        <ele>566.8</ele>
      </trkpt>
      <trkpt lat="49.52693" lon="21.36917">
        <ele>567.6</ele>
      </trkpt>
      <trkpt lat="49.52768" lon="21.36928">
        <ele>575.3</ele>
      </trkpt>
      <trkpt lat="49.52811" lon="21.36926">
        <ele>580.8</ele>
      </trkpt>
      <trkpt lat="49.52825" lon="21.36928">
        <ele>581.7</ele>
      </trkpt>
      <trkpt lat="49.52882" lon="21.3695">
        <ele>587.8</ele>
      </trkpt>
      <trkpt lat="49.52897" lon="21.3696">
        <ele>590.1</ele>
      </trkpt>
      <trkpt lat="49.52933" lon="21.36996">
        <ele>592.4</ele>
      </trkpt>
      <trkpt lat="49.52944" lon="21.37004">
        <ele>594.6</ele>
      </trkpt>
      <trkpt lat="49.52995" lon="21.37031">
        <ele>600.1</ele>
      </trkpt>
      <trkpt lat="49.53007" lon="21.37033">
        <ele>601.2</ele>
      </trkpt>
      <trkpt lat="49.53029" lon="21.3703">
        <ele>605.1</ele>
      </trkpt>
      <trkpt lat="49.53053" lon="21.37022">
        <ele>607.4</ele>
      </trkpt>
      <trkpt lat="49.53068" lon="21.37019">
        <ele>609.6</ele>
      </trkpt>
      <trkpt lat="49.53096" lon="21.37019">
        <ele>612.3</ele>
      </trkpt>
      <trkpt lat="49.53118" lon="21.37021">
        <ele>613.4</ele>
      </trkpt>
      <trkpt lat="49.53127" lon="21.3702">
        <ele>614.2</ele>
      </trkpt>
      <trkpt lat="49.53148" lon="21.36994">
        <ele>616.5</ele>
      </trkpt>
      <trkpt lat="49.53159" lon="21.36973">
        <ele>618.4</ele>
      </trkpt>
      <trkpt lat="49.5318" lon="21.36923">
        <ele>625.0</ele>
      </trkpt>
      <trkpt lat="49.53189" lon="21.36911">
        <ele>625.0</ele>
      </trkpt>
      <trkpt lat="49.53204" lon="21.36899">
        <ele>625.0</ele>
      </trkpt>
      <trkpt lat="49.53237" lon="21.36878">
        <ele>629.7</ele>
      </trkpt>
      <trkpt lat="49.53262" lon="21.36855">
        <ele>633.6</ele>
      </trkpt>
      <trkpt lat="49.53278" lon="21.36843">
        <ele>634.2</ele>
      </trkpt>
      <trkpt lat="49.53286" lon="21.3684">
        <ele>634.6</ele>
      </trkpt>
      <trkpt lat="49.53296" lon="21.36845">
        <ele>634.9</ele>
      </trkpt>
      <trkpt lat="49.53321" lon="21.36883">
        <ele>637.5</ele>
      </trkpt>
      <trkpt lat="49.53338" lon="21.36899">
        <ele>640.2</ele>
      </trkpt>
      <trkpt lat="49.5335" lon="21.36905">
        <ele>642.2</ele>
      </trkpt>
      <trkpt lat="49.5336" lon="21.36907">
        <ele>642.2</ele>
      </trkpt>
      <trkpt lat="49.53369" lon="21.36907">
        <ele>644.4</ele>
      </trkpt>
      <trkpt lat="49.53379" lon="21.36903">
        <ele>644.9</ele>
      </trkpt>
      <trkpt lat="49.53415" lon="21.36874">
        <ele>648.7</ele>
      </trkpt>
      <trkpt lat="49.53453" lon="21.36854">
        <ele>652.3</ele>
      </trkpt>
      <trkpt lat="49.53471" lon="21.36841">
        <ele>655.8</ele>
      </trkpt>
      <trkpt lat="49.53498" lon="21.36815">
        <ele>658.0</ele>
      </trkpt>
      <trkpt lat="49.53544" lon="21.36756">
        <ele>663.8</ele>
      </trkpt>
      <trkpt lat="49.53565" lon="21.36712">
        <ele>665.8</ele>
      </trkpt>
      <trkpt lat="49.53572" lon="21.36686">
        <ele>666.3</ele>
      </trkpt>
      <trkpt lat="49.53578" lon="21.36616">
        <ele>666.5</ele>
      </trkpt>
      <trkpt lat="49.53577" lon="21.36592">
        <ele>667.1</ele>
      </trkpt>
      <trkpt lat="49.53571" lon="21.36568">
        <ele>667.8</ele>
      </trkpt>
      <trkpt lat="49.53558" lon="21.36537">
        <ele>669.3</ele>
      </trkpt>
      <trkpt lat="49.53547" lon="21.36502">
        <ele>671.6</ele>
      </trkpt>
      <trkpt lat="49.5354" lon="21.36442">
        <ele>674.7</ele>
      </trkpt>
      <trkpt lat="49.53536" lon="21.36425">
        <ele>675.7</ele>
      </trkpt>
      <trkpt lat="49.53528" lon="21.36412">
        <ele>676.2</ele>
      </trkpt>
      <trkpt lat="49.53499" lon="21.36384">
        <ele>678.2</ele>
      </trkpt>
      <trkpt lat="49.53485" lon="21.36362">
        <ele>679.1</ele>
      </trkpt>
      <trkpt lat="49.53462" lon="21.36295">
        <ele>681.2</ele>
      </trkpt>
      <trkpt lat="49.53453" lon="21.3628">
        <ele>681.2</ele>
      </trkpt>
      <trkpt lat="49.53401" lon="21.36225">
        <ele>680.0</ele>
      </trkpt>
      <trkpt lat="49.53379" lon="21.36193">
        <ele>678.1</ele>
      </trkpt>
      <trkpt lat="49.53336" lon="21.361">
        <ele>675.6</ele>
      </trkpt>
      <trkpt lat="49.53308" lon="21.36045">
        <ele>674.0</ele>
      </trkpt>
      <trkpt lat="49.5328" lon="21.3599">
        <ele>671.6</ele>
      </trkpt>
      <trkpt lat="49.532485" lon="21.35925">
        <ele>669.0</ele>
      </trkpt>
      <trkpt lat="49.53217" lon="21.3586">
        <ele>667.1</ele>
      </trkpt>
      <trkpt lat="49.53205" lon="21.35814">
        <ele>665.5</ele>
      </trkpt>
      <trkpt lat="49.532" lon="21.35787">
        <ele>665.1</ele>
      </trkpt>
      <trkpt lat="49.53199" lon="21.35763">
        <ele>664.3</ele>
      </trkpt>
      <trkpt lat="49.53204" lon="21.35687">
        <ele>662.6</ele>
      </trkpt>
      <trkpt lat="49.53204" lon="21.35622">
        <ele>661.5</ele>
      </trkpt>
      <trkpt lat="49.53209" lon="21.35583">
        <ele>659.7</ele>
      </trkpt>
      <trkpt lat="49.53223" lon="21.355005">
        <ele>657.9</ele>
      </trkpt>
      <trkpt lat="49.53237" lon="21.35418">
        <ele>656.1</ele>
      </trkpt>
      <trkpt lat="49.53243" lon="21.35372">
        <ele>654.9</ele>
      </trkpt>
      <trkpt lat="49.53249" lon="21.35271">
        <ele>651.9</ele>
      </trkpt>
      <trkpt lat="49.53253" lon="21.35234">
        <ele>651.1</ele>
      </trkpt>
      <trkpt lat="49.53264" lon="21.35184">
        <ele>650.2</ele>
      </trkpt>
      <trkpt lat="49.5329" lon="21.35107">
        <ele>647.1</ele>
      </trkpt>
      <trkpt lat="49.5332" lon="21.35009">
        <ele>645.2</ele>
      </trkpt>
      <trkpt lat="49.53335" lon="21.3498">
        <ele>644.5</ele>
      </trkpt>
      <trkpt lat="49.53375" lon="21.34917">
        <ele>642.5</ele>
      </trkpt>
      <trkpt lat="49.53414" lon="21.34868">
        <ele>640.3</ele>
      </trkpt>
      <trkpt lat="49.53432" lon="21.34838">
        <ele>639.2</ele>
      </trkpt>
      <trkpt lat="49.53448" lon="21.34816">
        <ele>638.6</ele>
      </trkpt>
      <trkpt lat="49.53475" lon="21.34786">
        <ele>637.4</ele>
      </trkpt>
      <trkpt lat="49.53541" lon="21.347225">
        <ele>634.1</ele>
      </trkpt>
      <trkpt lat="49.53607" lon="21.34659">
        <ele>629.7</ele>
      </trkpt>
      <trkpt lat="49.5367" lon="21.34614">
        <ele>626.8</ele>
      </trkpt>
      <trkpt lat="49.53723" lon="21.34579">
        <ele>622.8</ele>
      </trkpt>
      <trkpt lat="49.53758" lon="21.34558">
        <ele>621.0</ele>
      </trkpt>
      <trkpt lat="49.53774" lon="21.34546">
        <ele>621.0</ele>
      </trkpt>
      <trkpt lat="49.53782" lon="21.34536">
        <ele>620.0</ele>
      </trkpt>
      <trkpt lat="49.53791" lon="21.3452">
        <ele>620.0</ele>
      </trkpt>
      <trkpt lat="49.53828" lon="21.34441">
        <ele>617.5</ele>
      </trkpt>
      <trkpt lat="49.53849" lon="21.34418">
        <ele>617.0</ele>
      </trkpt>
      <trkpt lat="49.53888" lon="21.34395">
        <ele>614.8</ele>
      </trkpt>
      <trkpt lat="49.53902" lon="21.3438">
        <ele>613.7</ele>
      </trkpt>
      <trkpt lat="49.53915" lon="21.34357">
        <ele>613.7</ele>
      </trkpt>
      <trkpt lat="49.539425" lon="21.34301">
        <ele>611.4</ele>
      </trkpt>
      <trkpt lat="49.5397" lon="21.34245">
        <ele>609.9</ele>
      </trkpt>
      <trkpt lat="49.53978" lon="21.34223">
        <ele>609.7</ele>
      </trkpt>
      <trkpt lat="49.53987" lon="21.34166">
        <ele>610.4</ele>
      </trkpt>
      <trkpt lat="49.5399" lon="21.34132">
        <ele>611.1</ele>
      </trkpt>
      <trkpt lat="49.5399" lon="21.3411">
        <ele>611.1</ele>
      </trkpt>
      <trkpt lat="49.53985" lon="21.34055">
        <ele>612.0</ele>
      </trkpt>
      <trkpt lat="49.53979" lon="21.34017">
        <ele>612.4</ele>
      </trkpt>
      <trkpt lat="49.53973" lon="21.33997">
        <ele>612.3</ele>
      </trkpt>
      <trkpt lat="49.53965" lon="21.33982">
        <ele>612.2</ele>
      </trkpt>
      <trkpt lat="49.5396" lon="21.33977">
        <ele>612.0</ele>
      </trkpt>
      <trkpt lat="49.53922" lon="21.33951">
        <ele>610.9</ele>
      </trkpt>
      <trkpt lat="49.53884" lon="21.33913">
        <ele>607.8</ele>
      </trkpt>
      <trkpt lat="49.53857" lon="21.33868">
        <ele>606.6</ele>
      </trkpt>
      <trkpt lat="49.53843" lon="21.33852">
        <ele>606.4</ele>
      </trkpt>
      <trkpt lat="49.53795" lon="21.33812">
        <ele>604.8</ele>
      </trkpt>
      <trkpt lat="49.53776" lon="21.33785">
        <ele>605.8</ele>
      </trkpt>
      <trkpt lat="49.53768" lon="21.3377">
        <ele>607.0</ele>
      </trkpt>
      <trkpt lat="49.53755" lon="21.33732">
        <ele>608.6</ele>
      </trkpt>
      <trkpt lat="49.53732" lon="21.33635">
        <ele>612.9</ele>
      </trkpt>
      <trkpt lat="49.53725" lon="21.33552">
        <ele>616.7</ele>
      </trkpt>
      <trkpt lat="49.53723" lon="21.33466">
        <ele>618.3</ele>
      </trkpt>
      <trkpt lat="49.53716" lon="21.33427">
        <ele>619.2</ele>
      </trkpt>
      <trkpt lat="49.53711" lon="21.33408">
        <ele>619.8</ele>
      </trkpt>
      <trkpt lat="49.53698" lon="21.33376">
        <ele>620.7</ele>
      </trkpt>
      <trkpt lat="49.53673" lon="21.33338">
        <ele>620.3</ele>
      </trkpt>
      <trkpt lat="49.53648" lon="21.33314">
        <ele>619.5</ele>
      </trkpt>
      <trkpt lat="49.53629" lon="21.33305">
        <ele>618.5</ele>
      </trkpt>
      <trkpt lat="49.53568" lon="21.332645">
        <ele>614.9</ele>
      </trkpt>
      <trkpt lat="49.53507" lon="21.33224">
        <ele>612.5</ele>
      </trkpt>
      <trkpt lat="49.53491" lon="21.3321">
        <ele>611.3</ele>
      </trkpt>
      <trkpt lat="49.53482" lon="21.33196">
        <ele>610.5</ele>
      </trkpt>
      <trkpt lat="49.53477" lon="21.33174">
        <ele>610.0</ele>
      </trkpt>
      <trkpt lat="49.53476" lon="21.33062">
        <ele>607.8</ele>
      </trkpt>
      <trkpt lat="49.53478" lon="21.33039">
        <ele>607.2</ele>
      </trkpt>
      <trkpt lat="49.53484" lon="21.3301">
        <ele>606.4</ele>
      </trkpt>
      <trkpt lat="49.53487" lon="21.32985">
        <ele>605.2</ele>
      </trkpt>
      <trkpt lat="49.53486" lon="21.32977">
        <ele>605.2</ele>
      </trkpt>
      <trkpt lat="49.5348" lon="21.32961">
        <ele>604.6</ele>
      </trkpt>
      <trkpt lat="49.53469" lon="21.32953">
        <ele>602.5</ele>
      </trkpt>
      <trkpt lat="49.53462" lon="21.3295">
        <ele>602.5</ele>
      </trkpt>
      <trkpt lat="49.53451" lon="21.32951">
        <ele>602.5</ele>
      </trkpt>
      <trkpt lat="49.53444" lon="21.32954">
        <ele>602.0</ele>
      </trkpt>
      <trkpt lat="49.53432" lon="21.32963">
        <ele>601.6</ele>
      </trkpt>
      <trkpt lat="49.53397" lon="21.33005">
        <ele>599.3</ele>
      </trkpt>
      <trkpt lat="49.53381" lon="21.33021">
        <ele>599.1</ele>
      </trkpt>
      <trkpt lat="49.53319" lon="21.33065">
        <ele>604.5</ele>
      </trkpt>
      <trkpt lat="49.53301" lon="21.33073">
        <ele>604.9</ele>
      </trkpt>
      <trkpt lat="49.53284" lon="21.33076">
        <ele>607.2</ele>
      </trkpt>
      <trkpt lat="49.53262" lon="21.33077">
        <ele>607.2</ele>
      </trkpt>
      <trkpt lat="49.53247" lon="21.3308">
        <ele>607.9</ele>
      </trkpt>
      <trkpt lat="49.53188" lon="21.33099">
        <ele>612.8</ele>
      </trkpt>
      <trkpt lat="49.53171" lon="21.3311">
        <ele>613.8</ele>
      </trkpt>
      <trkpt lat="49.53145" lon="21.33135">
        <ele>614.6</ele>
      </trkpt>
      <trkpt lat="49.53102" lon="21.33162">
        <ele>615.3</ele>
      </trkpt>
      <trkpt lat="49.53091" lon="21.33167">
        <ele>615.7</ele>
      </trkpt>
      <trkpt lat="49.53071" lon="21.3317">
        <ele>616.0</ele>
      </trkpt>
      <trkpt lat="49.53057" lon="21.33168">
        <ele>615.7</ele>
      </trkpt>
      <trkpt lat="49.53039" lon="21.33161">
        <ele>615.1</ele>
      </trkpt>
      <trkpt lat="49.53019" lon="21.33147">
        <ele>613.6</ele>
      </trkpt>
      <trkpt lat="49.53007" lon="21.33135">
        <ele>613.0</ele>
      </trkpt>
      <trkpt lat="49.52991" lon="21.33109">
        <ele>613.0</ele>
      </trkpt>
      <trkpt lat="49.530547" lon="21.330227">
        <ele>615.6</ele>
      </trkpt>
      <trkpt lat="49.531183" lon="21.329363">
        <ele>622.8</ele>
      </trkpt>
      <trkpt lat="49.53182" lon="21.3285">
        <ele>630.3</ele>
      </trkpt>
      <trkpt lat="49.53216" lon="21.32774">
        <ele>635.1</ele>
      </trkpt>
      <trkpt lat="49.53233" lon="21.32697">
        <ele>636.7</ele>
      </trkpt>
      <trkpt lat="49.532417" lon="21.326037">
        <ele>637.5</ele>
      </trkpt>
      <trkpt lat="49.532503" lon="21.325103">
        <ele>637.6</ele>
      </trkpt>
      <trkpt lat="49.53259" lon="21.32417">
        <ele>635.4</ele>
      </trkpt>
      <trkpt lat="49.53285" lon="21.32325">
        <ele>629.2</ele>
      </trkpt>
      <trkpt lat="49.53329" lon="21.32227">
        <ele>620.9</ele>
      </trkpt>
      <trkpt lat="49.53372" lon="21.3212">
        <ele>616.0</ele>
      </trkpt>
      <trkpt lat="49.53381" lon="21.32069">
        <ele>614.5</ele>
      </trkpt>
      <trkpt lat="49.53378" lon="21.31996">
        <ele>614.4</ele>
      </trkpt>
      <trkpt lat="49.53371" lon="21.319145">
        <ele>615.9</ele>
      </trkpt>
      <trkpt lat="49.53364" lon="21.31833">
        <ele>618.5</ele>
      </trkpt>
      <trkpt lat="49.53404" lon="21.31864">
        <ele>622.0</ele>
      </trkpt>
      <trkpt lat="49.534675" lon="21.318925">
        <ele>627.5</ele>
      </trkpt>
      <trkpt lat="49.53531" lon="21.31921">
        <ele>636.3</ele>
      </trkpt>
      <trkpt lat="49.53578" lon="21.31962">
        <ele>641.4</ele>
      </trkpt>
      <trkpt lat="49.53633" lon="21.32023">
        <ele>645.7</ele>
      </trkpt>
      <trkpt lat="49.53676" lon="21.32097">
        <ele>649.7</ele>
      </trkpt>
      <trkpt lat="49.53691" lon="21.32119">
        <ele>650.6</ele>
      </trkpt>
      <trkpt lat="49.53705" lon="21.32133">
        <ele>652.5</ele>
      </trkpt>
      <trkpt lat="49.53768" lon="21.32172">
        <ele>658.2</ele>
      </trkpt>
      <trkpt lat="49.53798" lon="21.32184">
        <ele>661.8</ele>
      </trkpt>
      <trkpt lat="49.53809" lon="21.32195">
        <ele>663.5</ele>
      </trkpt>
      <trkpt lat="49.53826" lon="21.32237">
        <ele>667.6</ele>
      </trkpt>
      <trkpt lat="49.53841" lon="21.3229">
        <ele>671.1</ele>
      </trkpt>
      <trkpt lat="49.53849" lon="21.32331">
        <ele>674.5</ele>
      </trkpt>
      <trkpt lat="49.53863" lon="21.32421">
        <ele>678.5</ele>
      </trkpt>
      <trkpt lat="49.53886" lon="21.32492">
        <ele>682.4</ele>
      </trkpt>
      <trkpt lat="49.539035" lon="21.32556">
        <ele>685.7</ele>
      </trkpt>
      <trkpt lat="49.53921" lon="21.3262">
        <ele>688.4</ele>
      </trkpt>
      <trkpt lat="49.53952" lon="21.32695">
        <ele>691.3</ele>
      </trkpt>
      <trkpt lat="49.53968" lon="21.32745">
        <ele>692.1</ele>
      </trkpt>
      <trkpt lat="49.53984" lon="21.32779">
        <ele>692.7</ele>
      </trkpt>
      <trkpt lat="49.54009" lon="21.32822">
        <ele>693.9</ele>
      </trkpt>
      <trkpt lat="49.54032" lon="21.3287">
        <ele>693.7</ele>
      </trkpt>
      <trkpt lat="49.54056" lon="21.3291">
        <ele>693.8</ele>
      </trkpt>
      <trkpt lat="49.54096" lon="21.32951">
        <ele>694.3</ele>
      </trkpt>
      <trkpt lat="49.54118" lon="21.32965">
        <ele>694.5</ele>
      </trkpt>
      <trkpt lat="49.54161" lon="21.329865">
        <ele>694.7</ele>
      </trkpt>
      <trkpt lat="49.54204" lon="21.33008">
        <ele>694.7</ele>
      </trkpt>
      <trkpt lat="49.54224" lon="21.33023">
        <ele>694.0</ele>
      </trkpt>
      <trkpt lat="49.5424" lon="21.33046">
        <ele>692.4</ele>
      </trkpt>
      <trkpt lat="49.54258" lon="21.33081">
        <ele>690.4</ele>
      </trkpt>
      <trkpt lat="49.54308" lon="21.33086">
        <ele>690.1</ele>
      </trkpt>
      <trkpt lat="49.543645" lon="21.33105">
        <ele>688.1</ele>
      </trkpt>
      <trkpt lat="49.54421" lon="21.33124">
        <ele>684.3</ele>
      </trkpt>
      <trkpt lat="49.54462" lon="21.3313">
        <ele>680.8</ele>
      </trkpt>
      <trkpt lat="49.54525" lon="21.33117">
        <ele>678.5</ele>
      </trkpt>
      <trkpt lat="49.54587" lon="21.3311">
        <ele>677.2</ele>
      </trkpt>
      <trkpt lat="49.54616" lon="21.33124">
        <ele>675.4</ele>
      </trkpt>
      <trkpt lat="49.54646" lon="21.3318">
        <ele>668.7</ele>
      </trkpt>
      <trkpt lat="49.546665" lon="21.332515">
        <ele>664.4</ele>
      </trkpt>
      <trkpt lat="49.54687" lon="21.33323">
        <ele>659.1</ele>
      </trkpt>
      <trkpt lat="49.54742" lon="21.33345">
        <ele>653.1</ele>
      </trkpt>
      <trkpt lat="49.54778" lon="21.33426">
        <ele>647.3</ele>
      </trkpt>
      <trkpt lat="49.54825" lon="21.33464">
        <ele>640.3</ele>
      </trkpt>
      <trkpt lat="49.54878" lon="21.33479">
        <ele>636.5</ele>
      </trkpt>
      <trkpt lat="49.54917" lon="21.33478">
        <ele>632.3</ele>
      </trkpt>
      <trkpt lat="49.54956" lon="21.33461">
        <ele>627.0</ele>
      </trkpt>
      <trkpt lat="49.54997" lon="21.3342">
        <ele>622.5</ele>
      </trkpt>
      <trkpt lat="49.55055" lon="21.33376">
        <ele>618.1</ele>
      </trkpt>
      <trkpt lat="49.55085" lon="21.33378">
        <ele>616.9</ele>
      </trkpt>
      <trkpt lat="49.55122" lon="21.334385">
        <ele>609.7</ele>
      </trkpt>
      <trkpt lat="49.55159" lon="21.33499">
        <ele>604.8</ele>
      </trkpt>
      <trkpt lat="49.552065" lon="21.33522">
        <ele>601.2</ele>
      </trkpt>
      <trkpt lat="49.55254" lon="21.33545">
        <ele>597.0</ele>
      </trkpt>
      <trkpt lat="49.553335" lon="21.33494">
        <ele>591.7</ele>
      </trkpt>
      <trkpt lat="49.55413" lon="21.33443">
        <ele>589.7</ele>
      </trkpt>
      <trkpt lat="49.55429" lon="21.33418">
        <ele>587.7</ele>
      </trkpt>
      <trkpt lat="49.5545" lon="21.33398">
        <ele>586.9</ele>
      </trkpt>
      <trkpt lat="49.55491" lon="21.33378">
        <ele>583.0</ele>
      </trkpt>
      <trkpt lat="49.5552" lon="21.33368">
        <ele>581.0</ele>
      </trkpt>
      <trkpt lat="49.55583" lon="21.33312">
        <ele>576.9</ele>
      </trkpt>
      <trkpt lat="49.55612" lon="21.333">
        <ele>574.4</ele>
      </trkpt>
      <trkpt lat="49.55652" lon="21.33277">
        <ele>573.0</ele>
      </trkpt>
      <trkpt lat="49.55672" lon="21.33257">
        <ele>572.3</ele>
      </trkpt>
      <trkpt lat="49.55698" lon="21.33197">
        <ele>570.8</ele>
      </trkpt>
      <trkpt lat="49.5571" lon="21.33139">
        <ele>573.2</ele>
      </trkpt>
      <trkpt lat="49.55705" lon="21.33107">
        <ele>575.5</ele>
      </trkpt>
      <trkpt lat="49.5568" lon="21.33059">
        <ele>579.5</ele>
      </trkpt>
      <trkpt lat="49.55634" lon="21.32991">
        <ele>585.5</ele>
      </trkpt>
      <trkpt lat="49.55584" lon="21.32931">
        <ele>592.8</ele>
      </trkpt>
      <trkpt lat="49.55557" lon="21.32869">
        <ele>597.6</ele>
      </trkpt>
      <trkpt lat="49.55559" lon="21.32833">
        <ele>599.4</ele>
      </trkpt>
      <trkpt lat="49.55566" lon="21.32773">
        <ele>601.9</ele>
      </trkpt>
      <trkpt lat="49.5558" lon="21.32711">
        <ele>601.9</ele>
      </trkpt>
      <trkpt lat="49.55598" lon="21.32656">
        <ele>600.3</ele>
      </trkpt>
      <trkpt lat="49.5562" lon="21.32617">
        <ele>594.8</ele>
      </trkpt>
      <trkpt lat="49.55658" lon="21.32559">
        <ele>590.8</ele>
      </trkpt>
      <trkpt lat="49.55676" lon="21.3255">
        <ele>587.3</ele>
      </trkpt>
      <trkpt lat="49.55688" lon="21.32561">
        <ele>586.9</ele>
      </trkpt>
      <trkpt lat="49.55704" lon="21.3259">
        <ele>585.7</ele>
      </trkpt>
      <trkpt lat="49.55731" lon="21.32625">
        <ele>582.5</ele>
      </trkpt>
      <trkpt lat="49.55755" lon="21.32643">
        <ele>580.4</ele>
      </trkpt>
      <trkpt lat="49.55781" lon="21.32647">
        <ele>577.8</ele>
      </trkpt>
      <trkpt lat="49.55801" lon="21.32628">
        <ele>575.7</ele>
      </trkpt>
      <trkpt lat="49.55818" lon="21.32594">
        <ele>573.0</ele>
      </trkpt>
      <trkpt lat="49.55844" lon="21.32519">
        <ele>568.4</ele>
      </trkpt>
      <trkpt lat="49.55859" lon="21.32438">
        <ele>567.2</ele>
      </trkpt>
      <trkpt lat="49.55869" lon="21.32348">
        <ele>562.8</ele>
      </trkpt>
      <trkpt lat="49.55885" lon="21.32311">
        <ele>563.0</ele>
      </trkpt>
      <trkpt lat="49.559245" lon="21.322455">
        <ele>567.3</ele>
      </trkpt>
      <trkpt lat="49.55964" lon="21.3218">
        <ele>567.1</ele>
      </trkpt>
      <trkpt lat="49.56002" lon="21.32101">
        <ele>567.7</ele>
      </trkpt>
      <trkpt lat="49.56024" lon="21.32045">
        <ele>567.5</ele>
      </trkpt>
      <trkpt lat="49.56029" lon="21.32017">
        <ele>566.6</ele>
      </trkpt>
      <trkpt lat="49.56032" lon="21.3198">
        <ele>565.9</ele>
      </trkpt>
      <trkpt lat="49.56034" lon="21.31843">
        <ele>564.6</ele>
      </trkpt>
      <trkpt lat="49.5604" lon="21.31808">
        <ele>563.4</ele>
      </trkpt>
      <trkpt lat="49.5606" lon="21.31773">
        <ele>559.7</ele>
      </trkpt>
      <trkpt lat="49.56127" lon="21.31688">
        <ele>551.3</ele>
      </trkpt>
      <trkpt lat="49.56158" lon="21.31628">
        <ele>544.2</ele>
      </trkpt>
      <trkpt lat="49.56182" lon="21.31531">
        <ele>537.4</ele>
      </trkpt>
      <trkpt lat="49.56192" lon="21.31454">
        <ele>532.6</ele>
      </trkpt>
      <trkpt lat="49.5619" lon="21.31401">
        <ele>534.0</ele>
      </trkpt>
      <trkpt lat="49.5618" lon="21.3136">
        <ele>539.2</ele>
      </trkpt>
      <trkpt lat="49.56178" lon="21.31338">
        <ele>540.5</ele>
      </trkpt>
      <trkpt lat="49.56187" lon="21.31324">
        <ele>541.5</ele>
      </trkpt>
      <trkpt lat="49.56201" lon="21.3132">
        <ele>542.6</ele>
      </trkpt>
      <trkpt lat="49.56223" lon="21.31322">
        <ele>544.6</ele>
      </trkpt>
      <trkpt lat="49.5625" lon="21.31321">
        <ele>545.6</ele>
      </trkpt>
      <trkpt lat="49.56283" lon="21.31307">
        <ele>548.8</ele>
      </trkpt>
      <trkpt lat="49.56339" lon="21.31288">
        <ele>551.2</ele>
      </trkpt>
      <trkpt lat="49.56365" lon="21.31272">
        <ele>553.7</ele>
      </trkpt>
      <trkpt lat="49.56391" lon="21.31251">
        <ele>556.4</ele>
      </trkpt>
      <trkpt lat="49.5641" lon="21.31227">
        <ele>556.4</ele>
      </trkpt>
      <trkpt lat="49.5643" lon="21.31174">
        <ele>562.5</ele>
      </trkpt>
      <trkpt lat="49.56468" lon="21.31171">
        <ele>566.0</ele>
      </trkpt>
      <trkpt lat="49.56498" lon="21.31173">
        <ele>568.9</ele>
      </trkpt>
      <trkpt lat="49.56514" lon="21.31164">
        <ele>570.2</ele>
      </trkpt>
      <trkpt lat="49.56527" lon="21.31144">
        <ele>572.2</ele>
      </trkpt>
      <trkpt lat="49.56535" lon="21.31103">
        <ele>576.9</ele>
      </trkpt>
      <trkpt lat="49.56551" lon="21.31052">
        <ele>581.1</ele>
      </trkpt>
      <trkpt lat="49.56578" lon="21.31">
        <ele>584.4</ele>
      </trkpt>
      <trkpt lat="49.56622" lon="21.3091">
        <ele>592.0</ele>
      </trkpt>
      <trkpt lat="49.56637" lon="21.30885">
        <ele>593.7</ele>
      </trkpt>
      <trkpt lat="49.56652" lon="21.30867">
        <ele>594.8</ele>
      </trkpt>
      <trkpt lat="49.56688" lon="21.30839">
        <ele>595.2</ele>
      </trkpt>
      <trkpt lat="49.56704" lon="21.30833">
        <ele>594.8</ele>
      </trkpt>
      <trkpt lat="49.5679" lon="21.30816">
        <ele>588.6</ele>
      </trkpt>
      <trkpt lat="49.56852" lon="21.30812">
        <ele>584.3</ele>
      </trkpt>
      <trkpt lat="49.56892" lon="21.30806">
        <ele>581.6</ele>
      </trkpt>
      <trkpt lat="49.56949" lon="21.30778">
        <ele>579.5</ele>
      </trkpt>
      <trkpt lat="49.57006" lon="21.3075">
        <ele>575.0</ele>
      </trkpt>
      <trkpt lat="49.57053" lon="21.307405">
        <ele>572.0</ele>
      </trkpt>
      <trkpt lat="49.571" lon="21.30731">
        <ele>571.2</ele>
      </trkpt>
      <trkpt lat="49.571385" lon="21.306885">
        <ele>577.0</ele>
      </trkpt>
      <trkpt lat="49.57177" lon="21.30646">
        <ele>580.1</ele>
      </trkpt>
      <trkpt lat="49.5725" lon="21.30597">
        <ele>577.9</ele>
      </trkpt>
      <trkpt lat="49.57323" lon="21.30548">
        <ele>576.7</ele>
      </trkpt>
      <trkpt lat="49.573835" lon="21.30494">
        <ele>574.7</ele>
      </trkpt>
      <trkpt lat="49.57444" lon="21.3044">
        <ele>575.5</ele>
      </trkpt>
      <trkpt lat="49.57464" lon="21.30416">
        <ele>574.7</ele>
      </trkpt>
      <trkpt lat="49.57475" lon="21.30405">
        <ele>573.6</ele>
      </trkpt>
      <trkpt lat="49.57537" lon="21.30391">
        <ele>565.5</ele>
      </trkpt>
      <trkpt lat="49.5755" lon="21.30386">
        <ele>564.1</ele>
      </trkpt>
      <trkpt lat="49.576195" lon="21.303365">
        <ele>559.7</ele>
      </trkpt>
      <trkpt lat="49.57689" lon="21.30287">
        <ele>558.0</ele>
      </trkpt>
      <trkpt lat="49.57708" lon="21.3027">
        <ele>557.6</ele>
      </trkpt>
      <trkpt lat="49.57737" lon="21.30231">
        <ele>557.5</ele>
      </trkpt>
      <trkpt lat="49.57789" lon="21.301675">
        <ele>557.4</ele>
      </trkpt>
      <trkpt lat="49.57841" lon="21.30104">
        <ele>554.3</ele>
      </trkpt>
      <trkpt lat="49.57891" lon="21.30052">
        <ele>549.4</ele>
      </trkpt>
      <trkpt lat="49.579445" lon="21.29981">
        <ele>544.0</ele>
      </trkpt>
      <trkpt lat="49.57998" lon="21.2991">
        <ele>540.7</ele>
      </trkpt>
      <trkpt lat="49.58032" lon="21.2987">
        <ele>536.8</ele>
      </trkpt>
      <trkpt lat="49.58063" lon="21.29824">
        <ele>533.4</ele>
      </trkpt>
      <trkpt lat="49.58093" lon="21.29766">
        <ele>527.4</ele>
      </trkpt>
      <trkpt lat="49.58105" lon="21.2973">
        <ele>526.0</ele>
      </trkpt>
      <trkpt lat="49.58131" lon="21.29704">
        <ele>524.3</ele>
      </trkpt>
      <trkpt lat="49.58144" lon="21.29678">
        <ele>522.9</ele>
      </trkpt>
      <trkpt lat="49.58154" lon="21.2965">
        <ele>521.4</ele>
      </trkpt>
      <trkpt lat="49.58175" lon="21.29604">
        <ele>515.3</ele>
      </trkpt>
      <trkpt lat="49.58203" lon="21.29573">
        <ele>511.5</ele>
      </trkpt>
      <trkpt lat="49.58243" lon="21.29497">
        <ele>504.5</ele>
      </trkpt>
      <trkpt lat="49.58281" lon="21.29436">
        <ele>499.1</ele>
      </trkpt>
      <trkpt lat="49.58314" lon="21.29397">
        <ele>492.8</ele>
      </trkpt>
      <trkpt lat="49.583447" lon="21.292807">
        <ele>490.2</ele>
      </trkpt>
      <trkpt lat="49.583753" lon="21.291643">
        <ele>494.3</ele>
      </trkpt>
      <trkpt lat="49.58406" lon="21.29048">
        <ele>499.4</ele>
      </trkpt>
      <trkpt lat="49.58461" lon="21.28958">
        <ele>501.5</ele>
      </trkpt>
      <trkpt lat="49.584913" lon="21.288607">
        <ele>503.9</ele>
      </trkpt>
      <trkpt lat="49.585217" lon="21.287633">
        <ele>506.6</ele>
      </trkpt>
      <trkpt lat="49.58552" lon="21.28666">
        <ele>508.7</ele>
      </trkpt>
      <trkpt lat="49.585633" lon="21.285623">
        <ele>511.1</ele>
      </trkpt>
      <trkpt lat="49.585747" lon="21.284587">
        <ele>513.9</ele>
      </trkpt>
      <trkpt lat="49.58586" lon="21.28355">
        <ele>514.7</ele>
      </trkpt>
      <trkpt lat="49.58604" lon="21.282405">
        <ele>515.5</ele>
      </trkpt>
      <trkpt lat="49.58622" lon="21.28126">
        <ele>518.8</ele>
      </trkpt>
      <trkpt lat="49.58601" lon="21.28083">
        <ele>520.3</ele>
      </trkpt>
      <trkpt lat="49.58548" lon="21.28073">
        <ele>519.2</ele>
      </trkpt>
      <trkpt lat="49.58489" lon="21.27986">
        <ele>513.1</ele>
      </trkpt>
      <trkpt lat="49.58464" lon="21.2794">
        <ele>510.3</ele>
      </trkpt>
      <trkpt lat="49.58453" lon="21.27905">
        <ele>508.0</ele>
      </trkpt>
      <trkpt lat="49.58457" lon="21.27815">
        <ele>505.9</ele>
      </trkpt>
      <trkpt lat="49.58473" lon="21.27752">
        <ele>501.8</ele>
      </trkpt>
      <trkpt lat="49.584925" lon="21.276855">
        <ele>495.3</ele>
      </trkpt>
      <trkpt lat="49.58512" lon="21.27619">
        <ele>489.6</ele>
      </trkpt>
      <trkpt lat="49.58504" lon="21.27553">
        <ele>485.2</ele>
      </trkpt>
      <trkpt lat="49.5847" lon="21.274405">
        <ele>480.6</ele>
      </trkpt>
      <trkpt lat="49.58436" lon="21.27328">
        <ele>474.8</ele>
      </trkpt>
      <trkpt lat="49.58414" lon="21.2728">
        <ele>470.9</ele>
      </trkpt>
      <trkpt lat="49.58377" lon="21.27251">
        <ele>468.8</ele>
      </trkpt>
      <trkpt lat="49.5832" lon="21.27253">
        <ele>466.1</ele>
      </trkpt>
      <trkpt lat="49.58309" lon="21.27239">
        <ele>465.0</ele>
      </trkpt>
      <trkpt lat="49.58307" lon="21.27205">
        <ele>464.5</ele>
      </trkpt>
      <trkpt lat="49.58314" lon="21.27099">
        <ele>459.8</ele>
      </trkpt>
      <trkpt lat="49.58309" lon="21.27033">
        <ele>453.8</ele>
      </trkpt>
      <trkpt lat="49.5831" lon="21.26938">
        <ele>447.4</ele>
      </trkpt>
      <trkpt lat="49.58315" lon="21.26874">
        <ele>443.5</ele>
      </trkpt>
      <trkpt lat="49.58327" lon="21.26863">
        <ele>442.8</ele>
      </trkpt>
      <trkpt lat="49.58338" lon="21.26866">
        <ele>439.3</ele>
      </trkpt>
      <trkpt lat="49.5835" lon="21.26879">
        <ele>435.9</ele>
      </trkpt>
      <trkpt lat="49.58378" lon="21.26886">
        <ele>432.5</ele>
      </trkpt>
      <trkpt lat="49.58415" lon="21.26881">
        <ele>426.4</ele>
      </trkpt>
      <trkpt lat="49.58442" lon="21.26864">
        <ele>423.9</ele>
      </trkpt>
      <trkpt lat="49.58459" lon="21.26845">
        <ele>421.3</ele>
      </trkpt>
      <trkpt lat="49.58457" lon="21.26789">
        <ele>416.1</ele>
      </trkpt>
      <trkpt lat="49.58449" lon="21.26709">
        <ele>410.8</ele>
      </trkpt>
      <trkpt lat="49.58457" lon="21.26624">
        <ele>407.0</ele>
      </trkpt>
      <trkpt lat="49.58456" lon="21.26585">
        <ele>405.2</ele>
      </trkpt>
      <trkpt lat="49.58447" lon="21.26551">
        <ele>404.1</ele>
      </trkpt>
      <trkpt lat="49.58423" lon="21.26534">
        <ele>402.3</ele>
      </trkpt>
      <trkpt lat="49.58404" lon="21.26532">
        <ele>400.2</ele>
      </trkpt>
      <trkpt lat="49.58332" lon="21.26517">
        <ele>402.4</ele>
      </trkpt>
      <trkpt lat="49.58318" lon="21.26511">
        <ele>404.6</ele>
      </trkpt>
      <trkpt lat="49.58314" lon="21.26494">
        <ele>405.5</ele>
      </trkpt>
      <trkpt lat="49.58313" lon="21.26482">
        <ele>406.2</ele>
      </trkpt>
      <trkpt lat="49.5832" lon="21.26447">
        <ele>406.8</ele>
      </trkpt>
      <trkpt lat="49.58353" lon="21.26446">
        <ele>404.2</ele>
      </trkpt>
      <trkpt lat="49.58403" lon="21.26438">
        <ele>401.7</ele>
      </trkpt>
      <trkpt lat="49.58425" lon="21.26437">
        <ele>399.6</ele>
      </trkpt>
      <trkpt lat="49.58431" lon="21.26439">
        <ele>399.6</ele>
      </trkpt>
      <trkpt lat="49.58465" lon="21.2647">
        <ele>396.4</ele>
      </trkpt>
      <trkpt lat="49.58498" lon="21.26491">
        <ele>396.6</ele>
      </trkpt>
      <trkpt lat="49.58515" lon="21.26487">
        <ele>397.1</ele>
      </trkpt>
      <trkpt lat="49.58521" lon="21.26483">
        <ele>397.6</ele>
      </trkpt>
      <trkpt lat="49.58529" lon="21.26471">
        <ele>398.0</ele>
      </trkpt>
      <trkpt lat="49.58544" lon="21.26434">
        <ele>398.3</ele>
      </trkpt>
      <trkpt lat="49.5858" lon="21.26374">
        <ele>394.9</ele>
      </trkpt>
      <trkpt lat="49.58613" lon="21.26326">
        <ele>393.0</ele>
      </trkpt>
      <trkpt lat="49.58634" lon="21.26263">
        <ele>389.2</ele>
      </trkpt>
      <trkpt lat="49.5864" lon="21.26235">
        <ele>389.4</ele>
      </trkpt>
      <trkpt lat="49.58639" lon="21.26235">
        <ele>389.4</ele>
      </trkpt>
      <trkpt lat="49.5864" lon="21.26235">
        <ele>392.2</ele>
      </trkpt>
      <trkpt lat="49.5865" lon="21.2618">
        <ele>391.9</ele>
      </trkpt>
      <trkpt lat="49.58668" lon="21.26133">
        <ele>391.3</ele>
      </trkpt>
      <trkpt lat="49.58684" lon="21.2609">
        <ele>390.7</ele>
      </trkpt>
      <trkpt lat="49.58685" lon="21.26084">
        <ele>390.7</ele>
      </trkpt>
      <trkpt lat="49.58683" lon="21.26068">
        <ele>389.9</ele>
      </trkpt>
      <trkpt lat="49.58678" lon="21.26059">
        <ele>389.9</ele>
      </trkpt>
      <trkpt lat="49.58665" lon="21.26038">
        <ele>389.6</ele>
      </trkpt>
      <trkpt lat="49.58622" lon="21.25981">
        <ele>388.6</ele>
      </trkpt>
      <trkpt lat="49.58609" lon="21.2594">
        <ele>388.6</ele>
      </trkpt>
      <trkpt lat="49.58598" lon="21.25872">
        <ele>386.7</ele>
      </trkpt>
      <trkpt lat="49.58604" lon="21.25831">
        <ele>382.4</ele>
      </trkpt>
      <trkpt lat="49.58615" lon="21.25806">
        <ele>381.3</ele>
      </trkpt>
      <trkpt lat="49.58646" lon="21.2592">
        <ele>383.2</ele>
      </trkpt>
      <trkpt lat="49.586885" lon="21.260285">
        <ele>385.4</ele>
      </trkpt>
      <trkpt lat="49.58731" lon="21.26137">
        <ele>386.3</ele>
      </trkpt>
      <trkpt lat="49.58749" lon="21.26193">
        <ele>387.0</ele>
      </trkpt>
      <trkpt lat="49.58751" lon="21.26207">
        <ele>387.1</ele>
      </trkpt>
      <trkpt lat="49.58752" lon="21.26209">
        <ele>387.1</ele>
      </trkpt>
      <trkpt lat="49.58757" lon="21.26232">
        <ele>387.1</ele>
      </trkpt>
      <trkpt lat="49.5876" lon="21.26267">
        <ele>387.3</ele>
      </trkpt>
      <trkpt lat="49.58757" lon="21.26302">
        <ele>387.2</ele>
      </trkpt>
      <trkpt lat="49.58738" lon="21.26371">
        <ele>387.3</ele>
      </trkpt>
      <trkpt lat="49.587035" lon="21.264305">
        <ele>387.9</ele>
      </trkpt>
      <trkpt lat="49.58669" lon="21.2649">
        <ele>388.3</ele>
      </trkpt>
      <trkpt lat="49.58646" lon="21.26537">
        <ele>388.9</ele>
      </trkpt>
      <trkpt lat="49.58635" lon="21.26594">
        <ele>389.4</ele>
      </trkpt>
      <trkpt lat="49.58638" lon="21.26647">
        <ele>389.5</ele>
      </trkpt>
      <trkpt lat="49.58648" lon="21.26693">
        <ele>391.7</ele>
      </trkpt>
      <trkpt lat="49.586795" lon="21.2678">
        <ele>391.7</ele>
      </trkpt>
      <trkpt lat="49.58711" lon="21.26867">
        <ele>393.5</ele>
      </trkpt>
      <trkpt lat="49.58719" lon="21.26915">
        <ele>394.1</ele>
      </trkpt>
      <trkpt lat="49.58723" lon="21.26974">
        <ele>395.1</ele>
      </trkpt>
      <trkpt lat="49.587403" lon="21.270767">
        <ele>396.0</ele>
      </trkpt>
      <trkpt lat="49.587577" lon="21.271793">
        <ele>396.5</ele>
      </trkpt>
      <trkpt lat="49.58775" lon="21.27282">
        <ele>397.7</ele>
      </trkpt>
      <trkpt lat="49.58797" lon="21.27358">
        <ele>399.2</ele>
      </trkpt>
      <trkpt lat="49.58819" lon="21.27434">
        <ele>401.9</ele>
      </trkpt>
      <trkpt lat="49.588575" lon="21.27549">
        <ele>406.5</ele>
      </trkpt>
      <trkpt lat="49.58896" lon="21.27664">
        <ele>412.8</ele>
      </trkpt>
      <trkpt lat="49.58944" lon="21.27781">
        <ele>414.2</ele>
      </trkpt>
      <trkpt lat="49.58958" lon="21.27827">
        <ele>413.0</ele>
      </trkpt>
      <trkpt lat="49.58971" lon="21.27916">
        <ele>409.9</ele>
      </trkpt>
      <trkpt lat="49.58984" lon="21.28005">
        <ele>410.1</ele>
      </trkpt>
      <trkpt lat="49.58997" lon="21.28105">
        <ele>413.5</ele>
      </trkpt>
      <trkpt lat="49.59009" lon="21.28152">
        <ele>416.4</ele>
      </trkpt>
      <trkpt lat="49.590355" lon="21.282235">
        <ele>420.6</ele>
      </trkpt>
      <trkpt lat="49.59062" lon="21.28295">
        <ele>423.3</ele>
      </trkpt>
      <trkpt lat="49.59075" lon="21.28318">
        <ele>424.2</ele>
      </trkpt>
      <trkpt lat="49.59099" lon="21.28351">
        <ele>424.4</ele>
      </trkpt>
      <trkpt lat="49.59109" lon="21.2837">
        <ele>424.5</ele>
      </trkpt>
      <trkpt lat="49.59114" lon="21.28389">
        <ele>424.4</ele>
      </trkpt>
      <trkpt lat="49.59115" lon="21.28411">
        <ele>424.3</ele>
      </trkpt>
      <trkpt lat="49.59114" lon="21.28446">
        <ele>424.0</ele>
      </trkpt>
      <trkpt lat="49.59104" lon="21.28531">
        <ele>422.3</ele>
      </trkpt>
      <trkpt lat="49.59102" lon="21.28563">
        <ele>422.3</ele>
      </trkpt>
      <trkpt lat="49.59112" lon="21.28647">
        <ele>419.9</ele>
      </trkpt>
      <trkpt lat="49.59114" lon="21.28718">
        <ele>417.4</ele>
      </trkpt>
      <trkpt lat="49.5911" lon="21.28776">
        <ele>414.5</ele>
      </trkpt>
      <trkpt lat="49.59086" lon="21.28895">
        <ele>413.7</ele>
      </trkpt>
      <trkpt lat="49.59065" lon="21.28974">
        <ele>415.0</ele>
      </trkpt>
      <trkpt lat="49.59048" lon="21.290515">
        <ele>415.4</ele>
      </trkpt>
      <trkpt lat="49.59031" lon="21.29129">
        <ele>415.8</ele>
      </trkpt>
      <trkpt lat="49.590137" lon="21.29231">
        <ele>415.8</ele>
      </trkpt>
      <trkpt lat="49.589963" lon="21.29333">
        <ele>418.9</ele>
      </trkpt>
      <trkpt lat="49.58979" lon="21.29435">
        <ele>418.9</ele>
      </trkpt>
      <trkpt lat="49.58964" lon="21.29508">
        <ele>420.5</ele>
      </trkpt>
      <trkpt lat="49.58949" lon="21.29536">
        <ele>420.9</ele>
      </trkpt>
      <trkpt lat="49.58898" lon="21.29592">
        <ele>421.4</ele>
      </trkpt>
      <trkpt lat="49.58877" lon="21.29615">
        <ele>421.4</ele>
      </trkpt>
      <trkpt lat="49.58857" lon="21.29643">
        <ele>421.5</ele>
      </trkpt>
      <trkpt lat="49.58815" lon="21.29724">
        <ele>421.3</ele>
      </trkpt>
      <trkpt lat="49.58777" lon="21.29775">
        <ele>421.3</ele>
      </trkpt>
      <trkpt lat="49.58768" lon="21.298">
        <ele>421.6</ele>
      </trkpt>
      <trkpt lat="49.58754" lon="21.29885">
        <ele>425.4</ele>
      </trkpt>
      <trkpt lat="49.58733" lon="21.29964">
        <ele>432.8</ele>
      </trkpt>
      <trkpt lat="49.58696" lon="21.30037">
        <ele>434.3</ele>
      </trkpt>
      <trkpt lat="49.58647" lon="21.30107">
        <ele>436.6</ele>
      </trkpt>
      <trkpt lat="49.586155" lon="21.301675">
        <ele>442.9</ele>
      </trkpt>
      <trkpt lat="49.58584" lon="21.30228">
        <ele>444.9</ele>
      </trkpt>
      <trkpt lat="49.58552" lon="21.30301">
        <ele>441.0</ele>
      </trkpt>
      <trkpt lat="49.58519" lon="21.3037">
        <ele>440.7</ele>
      </trkpt>
      <trkpt lat="49.58489" lon="21.30489">
        <ele>439.6</ele>
      </trkpt>
      <trkpt lat="49.58477" lon="21.30516">
        <ele>439.5</ele>
      </trkpt>
      <trkpt lat="49.58442" lon="21.30578">
        <ele>439.6</ele>
      </trkpt>
      <trkpt lat="49.58424" lon="21.30618">
        <ele>438.7</ele>
      </trkpt>
      <trkpt lat="49.5838" lon="21.30663">
        <ele>438.8</ele>
      </trkpt>
      <trkpt lat="49.5833" lon="21.30694">
        <ele>438.2</ele>
      </trkpt>
      <trkpt lat="49.58299" lon="21.30709">
        <ele>438.3</ele>
      </trkpt>
      <trkpt lat="49.58276" lon="21.30727">
        <ele>439.0</ele>
      </trkpt>
      <trkpt lat="49.58254" lon="21.30756">
        <ele>440.5</ele>
      </trkpt>
      <trkpt lat="49.58235" lon="21.30778">
        <ele>442.5</ele>
      </trkpt>
      <trkpt lat="49.58214" lon="21.30794">
        <ele>443.4</ele>
      </trkpt>
      <trkpt lat="49.58197" lon="21.30812">
        <ele>445.0</ele>
      </trkpt>
      <trkpt lat="49.58181" lon="21.30839">
        <ele>447.4</ele>
      </trkpt>
      <trkpt lat="49.58162" lon="21.30879">
        <ele>450.6</ele>
      </trkpt>
      <trkpt lat="49.58136" lon="21.30928">
        <ele>453.0</ele>
      </trkpt>
      <trkpt lat="49.58113" lon="21.3096">
        <ele>455.2</ele>
      </trkpt>
      <trkpt lat="49.5809" lon="21.30976">
        <ele>455.2</ele>
      </trkpt>
      <trkpt lat="49.58043" lon="21.31002">
        <ele>457.5</ele>
      </trkpt>
      <trkpt lat="49.57992" lon="21.31021">
        <ele>459.3</ele>
      </trkpt>
      <trkpt lat="49.57963" lon="21.31035">
        <ele>459.6</ele>
      </trkpt>
      <trkpt lat="49.57922" lon="21.31084">
        <ele>459.6</ele>
      </trkpt>
      <trkpt lat="49.579" lon="21.31105">
        <ele>459.8</ele>
      </trkpt>
      <trkpt lat="49.57854" lon="21.31132">
        <ele>463.2</ele>
      </trkpt>
      <trkpt lat="49.57832" lon="21.31156">
        <ele>464.6</ele>
      </trkpt>
      <trkpt lat="49.57791" lon="21.31218">
        <ele>469.6</ele>
      </trkpt>
      <trkpt lat="49.57759" lon="21.3126">
        <ele>470.9</ele>
      </trkpt>
      <trkpt lat="49.57746" lon="21.31274">
        <ele>470.0</ele>
      </trkpt>
      <trkpt lat="49.57734" lon="21.31282">
        <ele>469.5</ele>
      </trkpt>
      <trkpt lat="49.57713" lon="21.31288">
        <ele>468.0</ele>
      </trkpt>
      <trkpt lat="49.57675" lon="21.31291">
        <ele>467.5</ele>
      </trkpt>
      <trkpt lat="49.57641" lon="21.31289">
        <ele>468.4</ele>
      </trkpt>
      <trkpt lat="49.57628" lon="21.31291">
        <ele>469.3</ele>
      </trkpt>
      <trkpt lat="49.5762" lon="21.31294">
        <ele>469.9</ele>
      </trkpt>
      <trkpt lat="49.57611" lon="21.31301">
        <ele>470.6</ele>
      </trkpt>
      <trkpt lat="49.57563" lon="21.3137">
        <ele>474.9</ele>
      </trkpt>
      <trkpt lat="49.57552" lon="21.31389">
        <ele>475.8</ele>
      </trkpt>
      <trkpt lat="49.57541" lon="21.31421">
        <ele>477.5</ele>
      </trkpt>
      <trkpt lat="49.57532" lon="21.31464">
        <ele>479.9</ele>
      </trkpt>
      <trkpt lat="49.57523" lon="21.31498">
        <ele>482.1</ele>
      </trkpt>
      <trkpt lat="49.57482" lon="21.31568">
        <ele>485.8</ele>
      </trkpt>
      <trkpt lat="49.57454" lon="21.31633">
        <ele>485.7</ele>
      </trkpt>
      <trkpt lat="49.57432" lon="21.31661">
        <ele>486.2</ele>
      </trkpt>
      <trkpt lat="49.57417" lon="21.31676">
        <ele>486.3</ele>
      </trkpt>
      <trkpt lat="49.57398" lon="21.31699">
        <ele>486.5</ele>
      </trkpt>
      <trkpt lat="49.57372" lon="21.31737">
        <ele>487.2</ele>
      </trkpt>
      <trkpt lat="49.57316" lon="21.31843">
        <ele>487.7</ele>
      </trkpt>
      <trkpt lat="49.57282" lon="21.319">
        <ele>486.1</ele>
      </trkpt>
      <trkpt lat="49.57248" lon="21.31957">
        <ele>483.9</ele>
      </trkpt>
      <trkpt lat="49.57221" lon="21.31998">
        <ele>482.2</ele>
      </trkpt>
      <trkpt lat="49.5721" lon="21.3201">
        <ele>482.2</ele>
      </trkpt>
      <trkpt lat="49.57189" lon="21.32023">
        <ele>481.3</ele>
      </trkpt>
      <trkpt lat="49.57157" lon="21.32029">
        <ele>480.5</ele>
      </trkpt>
      <trkpt lat="49.57145" lon="21.32036">
        <ele>480.0</ele>
      </trkpt>
      <trkpt lat="49.57134" lon="21.32049">
        <ele>479.9</ele>
      </trkpt>
      <trkpt lat="49.5711" lon="21.32097">
        <ele>479.9</ele>
      </trkpt>
      <trkpt lat="49.571" lon="21.32132">
        <ele>480.6</ele>
      </trkpt>
      <trkpt lat="49.57091" lon="21.32186">
        <ele>482.5</ele>
      </trkpt>
      <trkpt lat="49.57083" lon="21.32217">
        <ele>482.9</ele>
      </trkpt>
      <trkpt lat="49.5708" lon="21.32224">
        <ele>482.8</ele>
      </trkpt>
      <trkpt lat="49.57065" lon="21.32245">
        <ele>482.5</ele>
      </trkpt>
      <trkpt lat="49.57029" lon="21.32284">
        <ele>480.9</ele>
      </trkpt>
      <trkpt lat="49.57005" lon="21.32305">
        <ele>479.8</ele>
      </trkpt>
      <trkpt lat="49.56971" lon="21.3233">
        <ele>479.3</ele>
      </trkpt>
      <trkpt lat="49.56937" lon="21.32346">
        <ele>479.1</ele>
      </trkpt>
      <trkpt lat="49.56912" lon="21.32353">
        <ele>478.7</ele>
      </trkpt>
      <trkpt lat="49.56894" lon="21.32364">
        <ele>478.6</ele>
      </trkpt>
      <trkpt lat="49.56872" lon="21.32397">
        <ele>478.7</ele>
      </trkpt>
      <trkpt lat="49.5685" lon="21.32462">
        <ele>479.1</ele>
      </trkpt>
      <trkpt lat="49.56833" lon="21.32505">
        <ele>479.6</ele>
      </trkpt>
      <trkpt lat="49.56808" lon="21.32563">
        <ele>481.9</ele>
      </trkpt>
      <trkpt lat="49.56801" lon="21.32571">
        <ele>482.1</ele>
      </trkpt>
      <trkpt lat="49.56782" lon="21.32579">
        <ele>482.1</ele>
      </trkpt>
      <trkpt lat="49.56775" lon="21.32577">
        <ele>482.1</ele>
      </trkpt>
      <trkpt lat="49.56745" lon="21.32559">
        <ele>481.9</ele>
      </trkpt>
      <trkpt lat="49.56723" lon="21.32549">
        <ele>482.0</ele>
      </trkpt>
      <trkpt lat="49.56706" lon="21.32548">
        <ele>482.2</ele>
      </trkpt>
      <trkpt lat="49.56682" lon="21.3256">
        <ele>482.4</ele>
      </trkpt>
      <trkpt lat="49.56651" lon="21.32582">
        <ele>482.6</ele>
      </trkpt>
      <trkpt lat="49.56617" lon="21.32613">
        <ele>482.8</ele>
      </trkpt>
      <trkpt lat="49.56559" lon="21.32694">
        <ele>483.6</ele>
      </trkpt>
      <trkpt lat="49.56518" lon="21.32747">
        <ele>484.6</ele>
      </trkpt>
      <trkpt lat="49.56477" lon="21.328">
        <ele>485.1</ele>
      </trkpt>
      <trkpt lat="49.56454" lon="21.32854">
        <ele>486.1</ele>
      </trkpt>
      <trkpt lat="49.56444" lon="21.32899">
        <ele>486.1</ele>
      </trkpt>
      <trkpt lat="49.56437" lon="21.32949">
        <ele>486.4</ele>
      </trkpt>
      <trkpt lat="49.56441" lon="21.33039">
        <ele>488.3</ele>
      </trkpt>
      <trkpt lat="49.5644" lon="21.33061">
        <ele>488.3</ele>
      </trkpt>
      <trkpt lat="49.56432" lon="21.33115">
        <ele>489.4</ele>
      </trkpt>
      <trkpt lat="49.56412" lon="21.33175">
        <ele>489.8</ele>
      </trkpt>
      <trkpt lat="49.56409" lon="21.33188">
        <ele>489.8</ele>
      </trkpt>
      <trkpt lat="49.56408" lon="21.33205">
        <ele>489.9</ele>
      </trkpt>
      <trkpt lat="49.56411" lon="21.33274">
        <ele>490.5</ele>
      </trkpt>
      <trkpt lat="49.56409" lon="21.33299">
        <ele>490.7</ele>
      </trkpt>
      <trkpt lat="49.56402" lon="21.33322">
        <ele>491.2</ele>
      </trkpt>
      <trkpt lat="49.563795" lon="21.33382">
        <ele>491.6</ele>
      </trkpt>
      <trkpt lat="49.56357" lon="21.33442">
        <ele>492.6</ele>
      </trkpt>
      <trkpt lat="49.5634" lon="21.33478">
        <ele>495.3</ele>
      </trkpt>
      <trkpt lat="49.56271" lon="21.33544">
        <ele>494.2</ele>
      </trkpt>
      <trkpt lat="49.56258" lon="21.33559">
        <ele>494.8</ele>
      </trkpt>
      <trkpt lat="49.56249" lon="21.33581">
        <ele>495.5</ele>
      </trkpt>
      <trkpt lat="49.56248" lon="21.33593">
        <ele>495.5</ele>
      </trkpt>
      <trkpt lat="49.56251" lon="21.33625">
        <ele>496.7</ele>
      </trkpt>
      <trkpt lat="49.56262" lon="21.33677">
        <ele>498.5</ele>
      </trkpt>
      <trkpt lat="49.56263" lon="21.33691">
        <ele>499.5</ele>
      </trkpt>
      <trkpt lat="49.56261" lon="21.33711">
        <ele>499.5</ele>
      </trkpt>
      <trkpt lat="49.5625" lon="21.33754">
        <ele>500.2</ele>
      </trkpt>
      <trkpt lat="49.56237" lon="21.33792">
        <ele>501.2</ele>
      </trkpt>
      <trkpt lat="49.56225" lon="21.33836">
        <ele>502.5</ele>
      </trkpt>
      <trkpt lat="49.56215" lon="21.33925">
        <ele>510.2</ele>
      </trkpt>
      <trkpt lat="49.56207" lon="21.33951">
        <ele>510.7</ele>
      </trkpt>
      <trkpt lat="49.56201" lon="21.34016">
        <ele>512.3</ele>
      </trkpt>
      <trkpt lat="49.56187" lon="21.34126">
        <ele>516.4</ele>
      </trkpt>
      <trkpt lat="49.56191" lon="21.34213">
        <ele>519.3</ele>
      </trkpt>
      <trkpt lat="49.5619" lon="21.34242">
        <ele>519.6</ele>
      </trkpt>
      <trkpt lat="49.56179" lon="21.34349">
        <ele>522.4</ele>
      </trkpt>
      <trkpt lat="49.56168" lon="21.34406">
        <ele>521.4</ele>
      </trkpt>
      <trkpt lat="49.5616" lon="21.34434">
        <ele>519.5</ele>
      </trkpt>
      <trkpt lat="49.56146" lon="21.34473">
        <ele>517.8</ele>
      </trkpt>
      <trkpt lat="49.56129" lon="21.34514">
        <ele>516.6</ele>
      </trkpt>
      <trkpt lat="49.56114" lon="21.34544">
        <ele>516.8</ele>
      </trkpt>
      <trkpt lat="49.56109" lon="21.34559">
        <ele>517.0</ele>
      </trkpt>
      <trkpt lat="49.56104" lon="21.3459">
        <ele>517.6</ele>
      </trkpt>
      <trkpt lat="49.56105" lon="21.34611">
        <ele>518.1</ele>
      </trkpt>
      <trkpt lat="49.56105" lon="21.34639">
        <ele>518.6</ele>
      </trkpt>
      <trkpt lat="49.56096" lon="21.34691">
        <ele>520.1</ele>
      </trkpt>
      <trkpt lat="49.56095" lon="21.34728">
        <ele>521.4</ele>
      </trkpt>
      <trkpt lat="49.56099" lon="21.34752">
        <ele>521.8</ele>
      </trkpt>
      <trkpt lat="49.56112" lon="21.34807">
        <ele>523.3</ele>
      </trkpt>
      <trkpt lat="49.56129" lon="21.34928">
        <ele>526.0</ele>
      </trkpt>
      <trkpt lat="49.56142" lon="21.34983">
        <ele>529.8</ele>
      </trkpt>
      <trkpt lat="49.56153" lon="21.35047">
        <ele>533.4</ele>
      </trkpt>
      <trkpt lat="49.56157" lon="21.35064">
        <ele>533.5</ele>
      </trkpt>
      <trkpt lat="49.56177" lon="21.35119">
        <ele>534.8</ele>
      </trkpt>
      <trkpt lat="49.56176" lon="21.35129">
        <ele>535.2</ele>
      </trkpt>
      <trkpt lat="49.56143" lon="21.35209">
        <ele>539.2</ele>
      </trkpt>
      <trkpt lat="49.56137" lon="21.35266">
        <ele>542.6</ele>
      </trkpt>
      <trkpt lat="49.56137" lon="21.35319">
        <ele>544.8</ele>
      </trkpt>
      <trkpt lat="49.5613" lon="21.35407">
        <ele>547.8</ele>
      </trkpt>
      <trkpt lat="49.5613" lon="21.35428">
        <ele>548.0</ele>
      </trkpt>
      <trkpt lat="49.56141" lon="21.35509">
        <ele>548.0</ele>
      </trkpt>
      <trkpt lat="49.56144" lon="21.35562">
        <ele>552.1</ele>
      </trkpt>
      <trkpt lat="49.56151" lon="21.35601">
        <ele>555.3</ele>
      </trkpt>
      <trkpt lat="49.5615" lon="21.35631">
        <ele>556.7</ele>
      </trkpt>
      <trkpt lat="49.56147" lon="21.35652">
        <ele>556.2</ele>
      </trkpt>
      <trkpt lat="49.56132" lon="21.35707">
        <ele>553.9</ele>
      </trkpt>
      <trkpt lat="49.5613" lon="21.35721">
        <ele>553.7</ele>
      </trkpt>
      <trkpt lat="49.56137" lon="21.35773">
        <ele>554.7</ele>
      </trkpt>
      <trkpt lat="49.56133" lon="21.35877">
        <ele>565.4</ele>
      </trkpt>
      <trkpt lat="49.56128" lon="21.35896">
        <ele>567.0</ele>
      </trkpt>
      <trkpt lat="49.56098" lon="21.35931">
        <ele>572.8</ele>
      </trkpt>
      <trkpt lat="49.56081" lon="21.35957">
        <ele>576.0</ele>
      </trkpt>
      <trkpt lat="49.56068" lon="21.35983">
        <ele>577.0</ele>
      </trkpt>
      <trkpt lat="49.56062" lon="21.36018">
        <ele>579.8</ele>
      </trkpt>
      <trkpt lat="49.56048" lon="21.36128">
        <ele>586.7</ele>
      </trkpt>
      <trkpt lat="49.56034" lon="21.36238">
        <ele>592.5</ele>
      </trkpt>
      <trkpt lat="49.56024" lon="21.36356">
        <ele>597.6</ele>
      </trkpt>
      <trkpt lat="49.56026" lon="21.36466">
        <ele>604.8</ele>
      </trkpt>
      <trkpt lat="49.56025" lon="21.36539">
        <ele>610.3</ele>
      </trkpt>
      <trkpt lat="49.56024" lon="21.36612">
        <ele>614.7</ele>
      </trkpt>
      <trkpt lat="49.5603" lon="21.36729">
        <ele>620.1</ele>
      </trkpt>
      <trkpt lat="49.56042" lon="21.36807">
        <ele>625.6</ele>
      </trkpt>
      <trkpt lat="49.56044" lon="21.36847">
        <ele>626.1</ele>
      </trkpt>
      <trkpt lat="49.56036" lon="21.36929">
        <ele>623.2</ele>
      </trkpt>
      <trkpt lat="49.56028" lon="21.37011">
        <ele>620.6</ele>
      </trkpt>
      <trkpt lat="49.56024" lon="21.37118">
        <ele>617.0</ele>
      </trkpt>
      <trkpt lat="49.56019" lon="21.37152">
        <ele>615.6</ele>
      </trkpt>
      <trkpt lat="49.5601" lon="21.37172">
        <ele>614.6</ele>
      </trkpt>
      <trkpt lat="49.55955" lon="21.37243">
        <ele>608.2</ele>
      </trkpt>
      <trkpt lat="49.5594" lon="21.37271">
        <ele>606.8</ele>
      </trkpt>
      <trkpt lat="49.55903" lon="21.37318">
        <ele>602.7</ele>
      </trkpt>
      <trkpt lat="49.55863" lon="21.37355">
        <ele>594.0</ele>
      </trkpt>
      <trkpt lat="49.55841" lon="21.37394">
        <ele>597.1</ele>
      </trkpt>
      <trkpt lat="49.55836" lon="21.37403">
        <ele>592.4</ele>
      </trkpt>
      <trkpt lat="49.55828" lon="21.37412">
        <ele>590.7</ele>
      </trkpt>
      <trkpt lat="49.5579" lon="21.37434">
        <ele>586.8</ele>
      </trkpt>
      <trkpt lat="49.55772" lon="21.37457">
        <ele>585.3</ele>
      </trkpt>
      <trkpt lat="49.55754" lon="21.37487">
        <ele>583.6</ele>
      </trkpt>
      <trkpt lat="49.55722" lon="21.37571">
        <ele>581.0</ele>
      </trkpt>
      <trkpt lat="49.5569" lon="21.37655">
        <ele>577.7</ele>
      </trkpt>
      <trkpt lat="49.5564" lon="21.37745">
        <ele>572.2</ele>
      </trkpt>
      <trkpt lat="49.55619" lon="21.37823">
        <ele>567.7</ele>
      </trkpt>
      <trkpt lat="49.5561" lon="21.37842">
        <ele>566.3</ele>
      </trkpt>
      <trkpt lat="49.55589" lon="21.37875">
        <ele>565.0</ele>
      </trkpt>
      <trkpt lat="49.55567" lon="21.37899">
        <ele>561.7</ele>
      </trkpt>
      <trkpt lat="49.55559" lon="21.37912">
        <ele>560.9</ele>
      </trkpt>
      <trkpt lat="49.55504" lon="21.3802">
        <ele>552.4</ele>
      </trkpt>
      <trkpt lat="49.55497" lon="21.38039">
        <ele>550.7</ele>
      </trkpt>
      <trkpt lat="49.55477" lon="21.38071">
        <ele>546.8</ele>
      </trkpt>
      <trkpt lat="49.55471" lon="21.38085">
        <ele>544.6</ele>
      </trkpt>
      <trkpt lat="49.55452" lon="21.38186">
        <ele>541.0</ele>
      </trkpt>
      <trkpt lat="49.55441" lon="21.38235">
        <ele>539.6</ele>
      </trkpt>
      <trkpt lat="49.55436" lon="21.3827">
        <ele>538.9</ele>
      </trkpt>
      <trkpt lat="49.55434" lon="21.38301">
        <ele>538.4</ele>
      </trkpt>
      <trkpt lat="49.55426" lon="21.38336">
        <ele>537.4</ele>
      </trkpt>
      <trkpt lat="49.55414" lon="21.38349">
        <ele>537.4</ele>
      </trkpt>
      <trkpt lat="49.55403" lon="21.38357">
        <ele>535.7</ele>
      </trkpt>
      <trkpt lat="49.55396" lon="21.38368">
        <ele>535.7</ele>
      </trkpt>
      <trkpt lat="49.55392" lon="21.38381">
        <ele>535.3</ele>
      </trkpt>
      <trkpt lat="49.5539" lon="21.38424">
        <ele>533.6</ele>
      </trkpt>
      <trkpt lat="49.55386" lon="21.38437">
        <ele>533.6</ele>
      </trkpt>
      <trkpt lat="49.55381" lon="21.38448">
        <ele>533.3</ele>
      </trkpt>
      <trkpt lat="49.55373" lon="21.38454">
        <ele>533.3</ele>
      </trkpt>
      <trkpt lat="49.5536" lon="21.3846">
        <ele>532.9</ele>
      </trkpt>
      <trkpt lat="49.55333" lon="21.38479">
        <ele>532.2</ele>
      </trkpt>
      <trkpt lat="49.55326" lon="21.38513">
        <ele>531.2</ele>
      </trkpt>
      <trkpt lat="49.55319" lon="21.38558">
        <ele>529.7</ele>
      </trkpt>
      <trkpt lat="49.55296" lon="21.38605">
        <ele>527.2</ele>
      </trkpt>
      <trkpt lat="49.55264" lon="21.38674">
        <ele>526.1</ele>
      </trkpt>
      <trkpt lat="49.55238" lon="21.38723">
        <ele>525.0</ele>
      </trkpt>
      <trkpt lat="49.55234" lon="21.38745">
        <ele>524.7</ele>
      </trkpt>
      <trkpt lat="49.5522" lon="21.38768">
        <ele>523.4</ele>
      </trkpt>
      <trkpt lat="49.55195" lon="21.38799">
        <ele>522.8</ele>
      </trkpt>
      <trkpt lat="49.55182" lon="21.38802">
        <ele>522.7</ele>
      </trkpt>
      <trkpt lat="49.55173" lon="21.38812">
        <ele>522.5</ele>
      </trkpt>
      <trkpt lat="49.55167" lon="21.38827">
        <ele>522.3</ele>
      </trkpt>
      <trkpt lat="49.55163" lon="21.38847">
        <ele>521.4</ele>
      </trkpt>
      <trkpt lat="49.55166" lon="21.38866">
        <ele>520.4</ele>
      </trkpt>
      <trkpt lat="49.5517" lon="21.3888">
        <ele>519.6</ele>
      </trkpt>
      <trkpt lat="49.55176" lon="21.38905">
        <ele>518.9</ele>
      </trkpt>
      <trkpt lat="49.5517" lon="21.38943">
        <ele>518.9</ele>
      </trkpt>
      <trkpt lat="49.55164" lon="21.38962">
        <ele>518.7</ele>
      </trkpt>
      <trkpt lat="49.55141" lon="21.39015">
        <ele>517.7</ele>
      </trkpt>
      <trkpt lat="49.55135" lon="21.39035">
        <ele>517.7</ele>
      </trkpt>
      <trkpt lat="49.55125" lon="21.391">
        <ele>516.9</ele>
      </trkpt>
      <trkpt lat="49.55083" lon="21.39213">
        <ele>514.3</ele>
      </trkpt>
      <trkpt lat="49.55071" lon="21.3925">
        <ele>512.7</ele>
      </trkpt>
      <trkpt lat="49.55059" lon="21.39322">
        <ele>510.7</ele>
      </trkpt>
      <trkpt lat="49.55058" lon="21.39353">
        <ele>509.5</ele>
      </trkpt>
      <trkpt lat="49.55047" lon="21.39406">
        <ele>507.4</ele>
      </trkpt>
      <trkpt lat="49.55043" lon="21.39459">
        <ele>506.3</ele>
      </trkpt>
      <trkpt lat="49.55043" lon="21.39489">
        <ele>506.2</ele>
      </trkpt>
      <trkpt lat="49.55039" lon="21.39512">
        <ele>506.0</ele>
      </trkpt>
      <trkpt lat="49.55016" lon="21.39573">
        <ele>504.1</ele>
      </trkpt>
      <trkpt lat="49.55011" lon="21.396">
        <ele>503.9</ele>
      </trkpt>
      <trkpt lat="49.55014" lon="21.39645">
        <ele>503.5</ele>
      </trkpt>
      <trkpt lat="49.55026" lon="21.39684">
        <ele>503.4</ele>
      </trkpt>
      <trkpt lat="49.55026" lon="21.39699">
        <ele>503.3</ele>
      </trkpt>
      <trkpt lat="49.55019" lon="21.39729">
        <ele>502.9</ele>
      </trkpt>
      <trkpt lat="49.55002" lon="21.39758">
        <ele>501.5</ele>
      </trkpt>
      <trkpt lat="49.54997" lon="21.39775">
        <ele>501.5</ele>
      </trkpt>
      <trkpt lat="49.54988" lon="21.39819">
        <ele>500.2</ele>
      </trkpt>
      <trkpt lat="49.54987" lon="21.39872">
        <ele>499.6</ele>
      </trkpt>
      <trkpt lat="49.54985" lon="21.39885">
        <ele>499.6</ele>
      </trkpt>
      <trkpt lat="49.54979" lon="21.39909">
        <ele>499.3</ele>
      </trkpt>
      <trkpt lat="49.54958" lon="21.39952">
        <ele>498.4</ele>
      </trkpt>
      <trkpt lat="49.54944" lon="21.40016">
        <ele>495.5</ele>
      </trkpt>
      <trkpt lat="49.54927" lon="21.4007">
        <ele>496.3</ele>
      </trkpt>
      <trkpt lat="49.54927" lon="21.40143">
        <ele>495.6</ele>
      </trkpt>
      <trkpt lat="49.54915" lon="21.40237">
        <ele>493.2</ele>
      </trkpt>
      <trkpt lat="49.549" lon="21.40276">
        <ele>490.8</ele>
      </trkpt>
      <trkpt lat="49.54898" lon="21.40339">
        <ele>489.0</ele>
      </trkpt>
      <trkpt lat="49.54889" lon="21.4037">
        <ele>488.6</ele>
      </trkpt>
      <trkpt lat="49.54889" lon="21.40396">
        <ele>488.3</ele>
      </trkpt>
      <trkpt lat="49.54895" lon="21.40462">
        <ele>487.4</ele>
      </trkpt>
      <trkpt lat="49.54896" lon="21.40494">
        <ele>487.4</ele>
      </trkpt>
      <trkpt lat="49.54892" lon="21.40505">
        <ele>487.3</ele>
      </trkpt>
      <trkpt lat="49.5488" lon="21.40521">
        <ele>487.0</ele>
      </trkpt>
      <trkpt lat="49.54847" lon="21.40587">
        <ele>485.7</ele>
      </trkpt>
      <trkpt lat="49.54837" lon="21.40597">
        <ele>485.6</ele>
      </trkpt>
      <trkpt lat="49.5482" lon="21.40608">
        <ele>485.3</ele>
      </trkpt>
      <trkpt lat="49.54799" lon="21.40626">
        <ele>483.8</ele>
      </trkpt>
      <trkpt lat="49.54792" lon="21.40637">
        <ele>483.5</ele>
      </trkpt>
      <trkpt lat="49.54785" lon="21.40654">
        <ele>483.0</ele>
      </trkpt>
      <trkpt lat="49.54782" lon="21.40685">
        <ele>482.5</ele>
      </trkpt>
      <trkpt lat="49.54801" lon="21.40771">
        <ele>482.9</ele>
      </trkpt>
      <trkpt lat="49.54795" lon="21.40804">
        <ele>483.2</ele>
      </trkpt>
      <trkpt lat="49.54772" lon="21.40859">
        <ele>482.2</ele>
      </trkpt>
      <trkpt lat="49.54762" lon="21.40923">
        <ele>479.8</ele>
      </trkpt>
      <trkpt lat="49.54757" lon="21.40937">
        <ele>479.8</ele>
      </trkpt>
      <trkpt lat="49.54743" lon="21.40961">
        <ele>480.0</ele>
      </trkpt>
      <trkpt lat="49.54721" lon="21.41015">
        <ele>477.9</ele>
      </trkpt>
      <trkpt lat="49.5469" lon="21.41056">
        <ele>476.1</ele>
      </trkpt>
      <trkpt lat="49.54675" lon="21.41072">
        <ele>475.7</ele>
      </trkpt>
      <trkpt lat="49.54649" lon="21.4109">
        <ele>474.7</ele>
      </trkpt>
      <trkpt lat="49.54633" lon="21.41122">
        <ele>474.3</ele>
      </trkpt>
      <trkpt lat="49.54624" lon="21.41136">
        <ele>474.2</ele>
      </trkpt>
      <trkpt lat="49.54606" lon="21.41155">
        <ele>473.6</ele>
      </trkpt>
      <trkpt lat="49.54591" lon="21.41183">
        <ele>472.7</ele>
      </trkpt>
      <trkpt lat="49.54582" lon="21.41208">
        <ele>472.1</ele>
      </trkpt>
      <trkpt lat="49.54548" lon="21.41335">
        <ele>470.9</ele>
      </trkpt>
      <trkpt lat="49.54539" lon="21.41355">
        <ele>470.7</ele>
      </trkpt>
      <trkpt lat="49.54534" lon="21.41362">
        <ele>470.3</ele>
      </trkpt>
      <trkpt lat="49.54529" lon="21.41365">
        <ele>470.1</ele>
      </trkpt>
      <trkpt lat="49.54506" lon="21.41361">
        <ele>468.3</ele>
      </trkpt>
      <trkpt lat="49.5449" lon="21.4136">
        <ele>467.6</ele>
      </trkpt>
      <trkpt lat="49.54439" lon="21.41406">
        <ele>465.6</ele>
      </trkpt>
      <trkpt lat="49.54384" lon="21.4147">
        <ele>464.0</ele>
      </trkpt>
      <trkpt lat="49.54342" lon="21.41564">
        <ele>462.7</ele>
      </trkpt>
      <trkpt lat="49.54328" lon="21.41578">
        <ele>461.9</ele>
      </trkpt>
      <trkpt lat="49.54282" lon="21.416">
        <ele>461.2</ele>
      </trkpt>
      <trkpt lat="49.54268" lon="21.41605">
        <ele>461.0</ele>
      </trkpt>
      <trkpt lat="49.54248" lon="21.41607">
        <ele>460.7</ele>
      </trkpt>
      <trkpt lat="49.5423" lon="21.41614">
        <ele>460.5</ele>
      </trkpt>
      <trkpt lat="49.54206" lon="21.41635">
        <ele>460.1</ele>
      </trkpt>
      <trkpt lat="49.54189" lon="21.41653">
        <ele>459.3</ele>
      </trkpt>
      <trkpt lat="49.54153" lon="21.41686">
        <ele>458.4</ele>
      </trkpt>
      <trkpt lat="49.54087" lon="21.41758">
        <ele>456.3</ele>
      </trkpt>
      <trkpt lat="49.5406" lon="21.41785">
        <ele>454.1</ele>
      </trkpt>
      <trkpt lat="49.54048" lon="21.41802">
        <ele>453.5</ele>
      </trkpt>
      <trkpt lat="49.54026" lon="21.41845">
        <ele>452.8</ele>
      </trkpt>
      <trkpt lat="49.54006" lon="21.41876">
        <ele>452.7</ele>
      </trkpt>
      <trkpt lat="49.53999" lon="21.41902">
        <ele>452.9</ele>
      </trkpt>
      <trkpt lat="49.53989" lon="21.41991">
        <ele>452.9</ele>
      </trkpt>
      <trkpt lat="49.53984" lon="21.42004">
        <ele>452.5</ele>
      </trkpt>
      <trkpt lat="49.539475" lon="21.420475">
        <ele>452.0</ele>
      </trkpt>
      <trkpt lat="49.53911" lon="21.42091">
        <ele>452.8</ele>
      </trkpt>
      <trkpt lat="49.53903" lon="21.42108">
        <ele>452.8</ele>
      </trkpt>
      <trkpt lat="49.53888" lon="21.42163">
        <ele>454.2</ele>
      </trkpt>
      <trkpt lat="49.53849" lon="21.4225">
        <ele>457.2</ele>
      </trkpt>
      <trkpt lat="49.5383" lon="21.42289">
        <ele>456.5</ele>
      </trkpt>
      <trkpt lat="49.53822" lon="21.42301">
        <ele>455.2</ele>
      </trkpt>
      <trkpt lat="49.53792" lon="21.42332">
        <ele>453.7</ele>
      </trkpt>
      <trkpt lat="49.53763" lon="21.42372">
        <ele>453.5</ele>
      </trkpt>
      <trkpt lat="49.5374" lon="21.42385">
        <ele>452.4</ele>
      </trkpt>
      <trkpt lat="49.53706" lon="21.42398">
        <ele>448.9</ele>
      </trkpt>
      <trkpt lat="49.5368" lon="21.42411">
        <ele>447.4</ele>
      </trkpt>
      <trkpt lat="49.53666" lon="21.42413">
        <ele>447.4</ele>
      </trkpt>
      <trkpt lat="49.53608" lon="21.4241">
        <ele>444.3</ele>
      </trkpt>
      <trkpt lat="49.53582" lon="21.42412">
        <ele>442.0</ele>
      </trkpt>
      <trkpt lat="49.53516" lon="21.42428">
        <ele>440.1</ele>
      </trkpt>
      <trkpt lat="49.53504" lon="21.42434">
        <ele>439.5</ele>
      </trkpt>
      <trkpt lat="49.53513" lon="21.42436">
        <ele>440.0</ele>
      </trkpt>
      <trkpt lat="49.5352" lon="21.42441">
        <ele>440.5</ele>
      </trkpt>
      <trkpt lat="49.53525" lon="21.42449">
        <ele>440.5</ele>
      </trkpt>
      <trkpt lat="49.535067" lon="21.42567">
        <ele>444.3</ele>
      </trkpt>
      <trkpt lat="49.534883" lon="21.42685">
        <ele>450.2</ele>
      </trkpt>
      <trkpt lat="49.5347" lon="21.42803">
        <ele>452.8</ele>
      </trkpt>
      <trkpt lat="49.53463" lon="21.42829">
        <ele>449.5</ele>
      </trkpt>
      <trkpt lat="49.53456" lon="21.4286">
        <ele>451.8</ele>
      </trkpt>
      <trkpt lat="49.53445" lon="21.42899">
        <ele>450.3</ele>
      </trkpt>
      <trkpt lat="49.53422" lon="21.4296">
        <ele>447.2</ele>
      </trkpt>
      <trkpt lat="49.53387" lon="21.4304">
        <ele>444.5</ele>
      </trkpt>
      <trkpt lat="49.53348" lon="21.43149">
        <ele>439.3</ele>
      </trkpt>
      <trkpt lat="49.5333" lon="21.43222">
        <ele>432.8</ele>
      </trkpt>
      <trkpt lat="49.53306" lon="21.433513">
        <ele>432.8</ele>
      </trkpt>
      <trkpt lat="49.53282" lon="21.434805">
        <ele>436.1</ele>
      </trkpt>
      <trkpt lat="49.53258" lon="21.436098">
        <ele>436.1</ele>
      </trkpt>
      <trkpt lat="49.53234" lon="21.43739">
        <ele>436.1</ele>
      </trkpt>
      <trkpt lat="49.53226" lon="21.43818">
        <ele>437.9</ele>
      </trkpt>
      <trkpt lat="49.532265" lon="21.438975">
        <ele>439.6</ele>
      </trkpt>
      <trkpt lat="49.53227" lon="21.43977">
        <ele>441.8</ele>
      </trkpt>
      <trkpt lat="49.532268" lon="21.440994">
        <ele>445.0</ele>
      </trkpt>
      <trkpt lat="49.532266" lon="21.442218">
        <ele>448.3</ele>
      </trkpt>
      <trkpt lat="49.532264" lon="21.443442">
        <ele>453.1</ele>
      </trkpt>
      <trkpt lat="49.532262" lon="21.444666">
        <ele>456.7</ele>
      </trkpt>
      <trkpt lat="49.53226" lon="21.44589">
        <ele>461.2</ele>
      </trkpt>
      <trkpt lat="49.53229" lon="21.44641">
        <ele>463.2</ele>
      </trkpt>
      <trkpt lat="49.53247" lon="21.447715">
        <ele>466.8</ele>
      </trkpt>
      <trkpt lat="49.53265" lon="21.44902">
        <ele>473.7</ele>
      </trkpt>
      <trkpt lat="49.53269" lon="21.44975">
        <ele>475.0</ele>
      </trkpt>
      <trkpt lat="49.53277" lon="21.45004">
        <ele>477.2</ele>
      </trkpt>
      <trkpt lat="49.53288" lon="21.45022">
        <ele>478.6</ele>
      </trkpt>
      <trkpt lat="49.53328" lon="21.45069">
        <ele>481.7</ele>
      </trkpt>
      <trkpt lat="49.53368" lon="21.45116">
        <ele>484.6</ele>
      </trkpt>
      <trkpt lat="49.53435" lon="21.45201">
        <ele>489.6</ele>
      </trkpt>
      <trkpt lat="49.53461" lon="21.4525">
        <ele>491.7</ele>
      </trkpt>
      <trkpt lat="49.5348" lon="21.45334">
        <ele>495.4</ele>
      </trkpt>
      <trkpt lat="49.5349" lon="21.45402">
        <ele>496.8</ele>
      </trkpt>
      <trkpt lat="49.53496" lon="21.45466">
        <ele>499.9</ele>
      </trkpt>
      <trkpt lat="49.53506" lon="21.45492">
        <ele>500.7</ele>
      </trkpt>
      <trkpt lat="49.53523" lon="21.45523">
        <ele>501.0</ele>
      </trkpt>
      <trkpt lat="49.5354" lon="21.45544">
        <ele>501.1</ele>
      </trkpt>
      <trkpt lat="49.53563" lon="21.45561">
        <ele>500.9</ele>
      </trkpt>
      <trkpt lat="49.53611" lon="21.45577">
        <ele>501.0</ele>
      </trkpt>
      <trkpt lat="49.53638" lon="21.45581">
        <ele>501.1</ele>
      </trkpt>
      <trkpt lat="49.5369" lon="21.45578">
        <ele>501.7</ele>
      </trkpt>
      <trkpt lat="49.53723" lon="21.45593">
        <ele>501.0</ele>
      </trkpt>
      <trkpt lat="49.53794" lon="21.45653">
        <ele>496.4</ele>
      </trkpt>
      <trkpt lat="49.53812" lon="21.45678">
        <ele>494.5</ele>
      </trkpt>
      <trkpt lat="49.53827" lon="21.45711">
        <ele>493.6</ele>
      </trkpt>
      <trkpt lat="49.53858" lon="21.45797">
        <ele>492.8</ele>
      </trkpt>
      <trkpt lat="49.53881" lon="21.45828">
        <ele>492.3</ele>
      </trkpt>
      <trkpt lat="49.53941" lon="21.458775">
        <ele>492.2</ele>
      </trkpt>
      <trkpt lat="49.54001" lon="21.45927">
        <ele>493.2</ele>
      </trkpt>
      <trkpt lat="49.54057" lon="21.459705">
        <ele>494.9</ele>
      </trkpt>
      <trkpt lat="49.54113" lon="21.46014">
        <ele>495.6</ele>
      </trkpt>
      <trkpt lat="49.54124" lon="21.46038">
        <ele>495.0</ele>
      </trkpt>
      <trkpt lat="49.54128" lon="21.46063">
        <ele>494.8</ele>
      </trkpt>
      <trkpt lat="49.54125" lon="21.46113">
        <ele>494.7</ele>
      </trkpt>
      <trkpt lat="49.54116" lon="21.462055">
        <ele>493.1</ele>
      </trkpt>
      <trkpt lat="49.54107" lon="21.46298">
        <ele>489.4</ele>
      </trkpt>
      <trkpt lat="49.54099" lon="21.46328">
        <ele>488.9</ele>
      </trkpt>
      <trkpt lat="49.54086" lon="21.46356">
        <ele>487.6</ele>
      </trkpt>
      <trkpt lat="49.54075" lon="21.46402">
        <ele>484.9</ele>
      </trkpt>
      <trkpt lat="49.5407" lon="21.46453">
        <ele>484.3</ele>
      </trkpt>
      <trkpt lat="49.54074" lon="21.46474">
        <ele>483.8</ele>
      </trkpt>
      <trkpt lat="49.54084" lon="21.46493">
        <ele>483.5</ele>
      </trkpt>
      <trkpt lat="49.54118" lon="21.46528">
        <ele>482.9</ele>
      </trkpt>
      <trkpt lat="49.54138" lon="21.46553">
        <ele>482.1</ele>
      </trkpt>
      <trkpt lat="49.54143" lon="21.46577">
        <ele>481.2</ele>
      </trkpt>
      <trkpt lat="49.54142" lon="21.46601">
        <ele>480.6</ele>
      </trkpt>
      <trkpt lat="49.5413" lon="21.46677">
        <ele>477.9</ele>
      </trkpt>
      <trkpt lat="49.5413" lon="21.46697">
        <ele>476.3</ele>
      </trkpt>
      <trkpt lat="49.54132" lon="21.46713">
        <ele>476.3</ele>
      </trkpt>
      <trkpt lat="49.54151" lon="21.46776">
        <ele>473.9</ele>
      </trkpt>
      <trkpt lat="49.54168" lon="21.46822">
        <ele>471.8</ele>
      </trkpt>
      <trkpt lat="49.54172" lon="21.4685">
        <ele>470.7</ele>
      </trkpt>
      <trkpt lat="49.54172" lon="21.46904">
        <ele>468.6</ele>
      </trkpt>
      <trkpt lat="49.54174" lon="21.46922">
        <ele>467.5</ele>
      </trkpt>
      <trkpt lat="49.54185" lon="21.46945">
        <ele>466.1</ele>
      </trkpt>
      <trkpt lat="49.54201" lon="21.46958">
        <ele>465.5</ele>
      </trkpt>
      <trkpt lat="49.54237" lon="21.46981">
        <ele>462.8</ele>
      </trkpt>
      <trkpt lat="49.54269" lon="21.47006">
        <ele>461.1</ele>
      </trkpt>
      <trkpt lat="49.54286" lon="21.4703">
        <ele>460.2</ele>
      </trkpt>
      <trkpt lat="49.54317" lon="21.47095">
        <ele>456.4</ele>
      </trkpt>
      <trkpt lat="49.54334" lon="21.47123">
        <ele>455.0</ele>
      </trkpt>
      <trkpt lat="49.54359" lon="21.47141">
        <ele>452.9</ele>
      </trkpt>
      <trkpt lat="49.54407" lon="21.47163">
        <ele>449.6</ele>
      </trkpt>
      <trkpt lat="49.54455" lon="21.47185">
        <ele>447.5</ele>
      </trkpt>
      <trkpt lat="49.54482" lon="21.47199">
        <ele>445.1</ele>
      </trkpt>
      <trkpt lat="49.54496" lon="21.4721">
        <ele>445.1</ele>
      </trkpt>
      <trkpt lat="49.5451" lon="21.47229">
        <ele>443.5</ele>
      </trkpt>
      <trkpt lat="49.54541" lon="21.47277">
        <ele>441.1</ele>
      </trkpt>
      <trkpt lat="49.54566" lon="21.47305">
        <ele>439.1</ele>
      </trkpt>
      <trkpt lat="49.54601" lon="21.47337">
        <ele>436.4</ele>
      </trkpt>
      <trkpt lat="49.54647" lon="21.4742">
        <ele>432.8</ele>
      </trkpt>
      <trkpt lat="49.54694" lon="21.475">
        <ele>428.8</ele>
      </trkpt>
      <trkpt lat="49.54715" lon="21.47517">
        <ele>427.6</ele>
      </trkpt>
      <trkpt lat="49.54758" lon="21.47532">
        <ele>424.5</ele>
      </trkpt>
      <trkpt lat="49.54772" lon="21.47546">
        <ele>424.0</ele>
      </trkpt>
      <trkpt lat="49.54786" lon="21.47566">
        <ele>422.6</ele>
      </trkpt>
      <trkpt lat="49.54796" lon="21.4759">
        <ele>421.3</ele>
      </trkpt>
      <trkpt lat="49.54811" lon="21.47632">
        <ele>419.6</ele>
      </trkpt>
      <trkpt lat="49.54822" lon="21.47644">
        <ele>419.6</ele>
      </trkpt>
      <trkpt lat="49.54838" lon="21.47655">
        <ele>418.0</ele>
      </trkpt>
      <trkpt lat="49.54873" lon="21.47674">
        <ele>416.1</ele>
      </trkpt>
      <trkpt lat="49.54922" lon="21.47705">
        <ele>412.6</ele>
      </trkpt>
      <trkpt lat="49.54935" lon="21.4771">
        <ele>412.1</ele>
      </trkpt>
      <trkpt lat="49.54953" lon="21.47714">
        <ele>410.9</ele>
      </trkpt>
      <trkpt lat="49.55032" lon="21.47711">
        <ele>405.3</ele>
      </trkpt>
      <trkpt lat="49.55067" lon="21.47717">
        <ele>403.5</ele>
      </trkpt>
      <trkpt lat="49.55083" lon="21.47733">
        <ele>402.3</ele>
      </trkpt>
      <trkpt lat="49.55093" lon="21.47754">
        <ele>401.3</ele>
      </trkpt>
      <trkpt lat="49.55098" lon="21.47777">
        <ele>399.9</ele>
      </trkpt>
      <trkpt lat="49.55096" lon="21.47809">
        <ele>398.5</ele>
      </trkpt>
      <trkpt lat="49.5509" lon="21.47876">
        <ele>394.2</ele>
      </trkpt>
      <trkpt lat="49.55077" lon="21.479805">
        <ele>390.4</ele>
      </trkpt>
      <trkpt lat="49.55064" lon="21.48085">
        <ele>386.8</ele>
      </trkpt>
      <trkpt lat="49.55064" lon="21.48112">
        <ele>386.8</ele>
      </trkpt>
      <trkpt lat="49.55068" lon="21.48139">
        <ele>383.3</ele>
      </trkpt>
      <trkpt lat="49.550895" lon="21.482235">
        <ele>381.0</ele>
      </trkpt>
      <trkpt lat="49.55111" lon="21.48308">
        <ele>378.0</ele>
      </trkpt>
      <trkpt lat="49.55123" lon="21.48337">
        <ele>376.8</ele>
      </trkpt>
      <trkpt lat="49.55133" lon="21.48355">
        <ele>376.8</ele>
      </trkpt>
      <trkpt lat="49.55148" lon="21.48371">
        <ele>374.5</ele>
      </trkpt>
      <trkpt lat="49.55167" lon="21.48384">
        <ele>374.5</ele>
      </trkpt>
      <trkpt lat="49.55238" lon="21.484205">
        <ele>369.4</ele>
      </trkpt>
      <trkpt lat="49.55309" lon="21.48457">
        <ele>367.1</ele>
      </trkpt>
      <trkpt lat="49.55328" lon="21.4847">
        <ele>366.4</ele>
      </trkpt>
      <trkpt lat="49.55335" lon="21.48479">
        <ele>366.2</ele>
      </trkpt>
      <trkpt lat="49.5532" lon="21.48589">
        <ele>363.9</ele>
      </trkpt>
      <trkpt lat="49.55315" lon="21.48636">
        <ele>362.5</ele>
      </trkpt>
      <trkpt lat="49.55318" lon="21.48685">
        <ele>360.9</ele>
      </trkpt>
      <trkpt lat="49.55334" lon="21.48779">
        <ele>359.7</ele>
      </trkpt>
      <trkpt lat="49.5535" lon="21.48873">
        <ele>359.7</ele>
      </trkpt>
      <trkpt lat="49.55365" lon="21.48934">
        <ele>358.0</ele>
      </trkpt>
      <trkpt lat="49.55386" lon="21.4901">
        <ele>356.7</ele>
      </trkpt>
      <trkpt lat="49.55422" lon="21.49109">
        <ele>358.0</ele>
      </trkpt>
      <trkpt lat="49.55458" lon="21.49208">
        <ele>357.6</ele>
      </trkpt>
      <trkpt lat="49.55471" lon="21.49253">
        <ele>356.4</ele>
      </trkpt>
      <trkpt lat="49.5549" lon="21.49339">
        <ele>354.0</ele>
      </trkpt>
      <trkpt lat="49.555155" lon="21.49424">
        <ele>353.2</ele>
      </trkpt>
      <trkpt lat="49.55541" lon="21.49509">
        <ele>352.2</ele>
      </trkpt>
      <trkpt lat="49.55548" lon="21.49541">
        <ele>352.2</ele>
      </trkpt>
      <trkpt lat="49.555585" lon="21.49649">
        <ele>351.1</ele>
      </trkpt>
      <trkpt lat="49.55569" lon="21.49757">
        <ele>348.4</ele>
      </trkpt>
      <trkpt lat="49.55569" lon="21.49851">
        <ele>345.6</ele>
      </trkpt>
      <trkpt lat="49.555673" lon="21.499787">
        <ele>341.7</ele>
      </trkpt>
      <trkpt lat="49.555657" lon="21.501063">
        <ele>340.0</ele>
      </trkpt>
      <trkpt lat="49.55564" lon="21.50234">
        <ele>339.0</ele>
      </trkpt>
      <trkpt lat="49.55569" lon="21.50265">
        <ele>338.7</ele>
      </trkpt>
      <trkpt lat="49.55577" lon="21.50292">
        <ele>338.5</ele>
      </trkpt>
      <trkpt lat="49.55604" lon="21.50358">
        <ele>337.6</ele>
      </trkpt>
      <trkpt lat="49.55631" lon="21.50424">
        <ele>336.3</ele>
      </trkpt>
      <trkpt lat="49.55684" lon="21.5053">
        <ele>334.5</ele>
      </trkpt>
      <trkpt lat="49.55737" lon="21.50636">
        <ele>332.5</ele>
      </trkpt>
      <trkpt lat="49.55736" lon="21.50635">
        <ele>332.5</ele>
      </trkpt>
      <trkpt lat="49.55782" lon="21.50726">
        <ele>331.1</ele>
      </trkpt>
      <trkpt lat="49.55823" lon="21.50762">
        <ele>330.1</ele>
      </trkpt>
      <trkpt lat="49.55863" lon="21.50796">
        <ele>328.6</ele>
      </trkpt>
      <trkpt lat="49.55903" lon="21.5083">
        <ele>327.0</ele>
      </trkpt>
      <trkpt lat="49.55947" lon="21.50896">
        <ele>325.9</ele>
      </trkpt>
      <trkpt lat="49.56007" lon="21.50993">
        <ele>326.3</ele>
      </trkpt>
      <trkpt lat="49.56065" lon="21.51074">
        <ele>327.3</ele>
      </trkpt>
      <trkpt lat="49.56112" lon="21.51149">
        <ele>327.7</ele>
      </trkpt>
      <trkpt lat="49.56126" lon="21.51186">
        <ele>327.7</ele>
      </trkpt>
      <trkpt lat="49.56143" lon="21.51238">
        <ele>327.0</ele>
      </trkpt>
      <trkpt lat="49.56159" lon="21.5131">
        <ele>326.0</ele>
      </trkpt>
      <trkpt lat="49.56184" lon="21.513993">
        <ele>323.0</ele>
      </trkpt>
      <trkpt lat="49.56209" lon="21.514887">
        <ele>320.3</ele>
      </trkpt>
      <trkpt lat="49.56234" lon="21.51578">
        <ele>318.7</ele>
      </trkpt>
      <trkpt lat="49.56248" lon="21.51635">
        <ele>316.6</ele>
      </trkpt>
      <trkpt lat="49.56252" lon="21.5167">
        <ele>315.9</ele>
      </trkpt>
      <trkpt lat="49.56244" lon="21.51757">
        <ele>315.0</ele>
      </trkpt>
      <trkpt lat="49.56238" lon="21.51806">
        <ele>314.7</ele>
      </trkpt>
      <trkpt lat="49.56237" lon="21.51851">
        <ele>314.1</ele>
      </trkpt>
      <trkpt lat="49.56232" lon="21.51886">
        <ele>313.6</ele>
      </trkpt>
      <trkpt lat="49.56227" lon="21.519">
        <ele>313.6</ele>
      </trkpt>
      <trkpt lat="49.56219" lon="21.5191">
        <ele>313.6</ele>
      </trkpt>
      <trkpt lat="49.56173" lon="21.51948">
        <ele>313.0</ele>
      </trkpt>
      <trkpt lat="49.56127" lon="21.51986">
        <ele>313.8</ele>
      </trkpt>
      <trkpt lat="49.56094" lon="21.51978">
        <ele>314.3</ele>
      </trkpt>
      <trkpt lat="49.56078" lon="21.51977">
        <ele>315.0</ele>
      </trkpt>
      <trkpt lat="49.56066" lon="21.51983">
        <ele>316.0</ele>
      </trkpt>
      <trkpt lat="49.56056" lon="21.52">
        <ele>317.3</ele>
      </trkpt>
      <trkpt lat="49.56064" lon="21.52008">
        <ele>316.9</ele>
      </trkpt>
      <trkpt lat="49.561175" lon="21.52091">
        <ele>315.4</ele>
      </trkpt>
      <trkpt lat="49.56171" lon="21.52174">
        <ele>313.9</ele>
      </trkpt>
      <trkpt lat="49.56187" lon="21.52192">
        <ele>313.5</ele>
      </trkpt>
      <trkpt lat="49.56202" lon="21.52204">
        <ele>313.3</ele>
      </trkpt>
      <trkpt lat="49.56217" lon="21.52212">
        <ele>313.1</ele>
      </trkpt>
      <trkpt lat="49.56185" lon="21.522805">
        <ele>313.4</ele>
      </trkpt>
      <trkpt lat="49.56153" lon="21.52349">
        <ele>316.9</ele>
      </trkpt>
      <trkpt lat="49.5611" lon="21.52399">
        <ele>317.4</ele>
      </trkpt>
      <trkpt lat="49.5604" lon="21.52472">
        <ele>317.7</ele>
      </trkpt>
      <trkpt lat="49.55998" lon="21.52522">
        <ele>317.6</ele>
      </trkpt>
      <trkpt lat="49.55956" lon="21.52572">
        <ele>317.3</ele>
      </trkpt>
      <trkpt lat="49.559" lon="21.52642">
        <ele>317.8</ele>
      </trkpt>
      <trkpt lat="49.55844" lon="21.52712">
        <ele>318.6</ele>
      </trkpt>
      <trkpt lat="49.55788" lon="21.52782">
        <ele>319.8</ele>
      </trkpt>
      <trkpt lat="49.55798" lon="21.52807">
        <ele>319.8</ele>
      </trkpt>
      <trkpt lat="49.55807" lon="21.52843">
        <ele>320.9</ele>
      </trkpt>
      <trkpt lat="49.55814" lon="21.52902">
        <ele>321.3</ele>
      </trkpt>
      <trkpt lat="49.55811" lon="21.52921">
        <ele>320.9</ele>
      </trkpt>
      <trkpt lat="49.55795" lon="21.52955">
        <ele>320.3</ele>
      </trkpt>
      <trkpt lat="49.55746" lon="21.53019">
        <ele>318.9</ele>
      </trkpt>
      <trkpt lat="49.55756" lon="21.53048">
        <ele>318.5</ele>
      </trkpt>
      <trkpt lat="49.55787" lon="21.53118">
        <ele>318.7</ele>
      </trkpt>
      <trkpt lat="49.55812" lon="21.53186">
        <ele>319.5</ele>
      </trkpt>
      <trkpt lat="49.55832" lon="21.53271">
        <ele>319.0</ele>
      </trkpt>
      <trkpt lat="49.55837" lon="21.5332">
        <ele>318.8</ele>
      </trkpt>
      <trkpt lat="49.55838" lon="21.5336">
        <ele>318.6</ele>
      </trkpt>
      <trkpt lat="49.55829" lon="21.53414">
        <ele>318.6</ele>
      </trkpt>
      <trkpt lat="49.557985" lon="21.534925">
        <ele>319.0</ele>
      </trkpt>
      <trkpt lat="49.55768" lon="21.53571">
        <ele>319.9</ele>
      </trkpt>
      <trkpt lat="49.55707" lon="21.5365">
        <ele>320.8</ele>
      </trkpt>
      <trkpt lat="49.55675" lon="21.53676">
        <ele>320.4</ele>
      </trkpt>
      <trkpt lat="49.55648" lon="21.53684">
        <ele>319.6</ele>
      </trkpt>
      <trkpt lat="49.55619" lon="21.53691">
        <ele>317.6</ele>
      </trkpt>
      <trkpt lat="49.55593" lon="21.53704">
        <ele>316.4</ele>
      </trkpt>
      <trkpt lat="49.55554" lon="21.53719">
        <ele>316.2</ele>
      </trkpt>
      <trkpt lat="49.55516" lon="21.53724">
        <ele>316.6</ele>
      </trkpt>
      <trkpt lat="49.55453" lon="21.53741">
        <ele>317.0</ele>
      </trkpt>
      <trkpt lat="49.55394" lon="21.53746">
        <ele>317.8</ele>
      </trkpt>
      <trkpt lat="49.55378" lon="21.53751">
        <ele>318.1</ele>
      </trkpt>
      <trkpt lat="49.55378" lon="21.53791">
        <ele>318.6</ele>
      </trkpt>
      <trkpt lat="49.55371" lon="21.53804">
        <ele>318.6</ele>
      </trkpt>
      <trkpt lat="49.55378" lon="21.53894">
        <ele>319.9</ele>
      </trkpt>
      <trkpt lat="49.55372" lon="21.53927">
        <ele>320.4</ele>
      </trkpt>
      <trkpt lat="49.553" lon="21.54">
        <ele>322.4</ele>
      </trkpt>
      <trkpt lat="49.55228" lon="21.54073">
        <ele>325.5</ele>
      </trkpt>
      <trkpt lat="49.55199" lon="21.5411">
        <ele>326.7</ele>
      </trkpt>
      <trkpt lat="49.55161" lon="21.54165">
        <ele>328.9</ele>
      </trkpt>
      <trkpt lat="49.55137" lon="21.54206">
        <ele>330.7</ele>
      </trkpt>
      <trkpt lat="49.55102" lon="21.54258">
        <ele>332.8</ele>
      </trkpt>
      <trkpt lat="49.55075" lon="21.54291">
        <ele>335.5</ele>
      </trkpt>
      <trkpt lat="49.55012" lon="21.54353">
        <ele>337.8</ele>
      </trkpt>
      <trkpt lat="49.54949" lon="21.54415">
        <ele>340.3</ele>
      </trkpt>
      <trkpt lat="49.5493" lon="21.54448">
        <ele>342.2</ele>
      </trkpt>
      <trkpt lat="49.54895" lon="21.5457">
        <ele>349.4</ele>
      </trkpt>
      <trkpt lat="49.54883" lon="21.54604">
        <ele>349.4</ele>
      </trkpt>
      <trkpt lat="49.54879" lon="21.54615">
        <ele>348.5</ele>
      </trkpt>
      <trkpt lat="49.54867" lon="21.54631">
        <ele>347.6</ele>
      </trkpt>
      <trkpt lat="49.54829" lon="21.54665">
        <ele>347.5</ele>
      </trkpt>
      <trkpt lat="49.547685" lon="21.547315">
        <ele>347.4</ele>
      </trkpt>
      <trkpt lat="49.54708" lon="21.54798">
        <ele>348.8</ele>
      </trkpt>
      <trkpt lat="49.54699" lon="21.54819">
        <ele>350.1</ele>
      </trkpt>
      <trkpt lat="49.54679" lon="21.54895">
        <ele>353.6</ele>
      </trkpt>
      <trkpt lat="49.546655" lon="21.549655">
        <ele>357.8</ele>
      </trkpt>
      <trkpt lat="49.54652" lon="21.55036">
        <ele>360.6</ele>
      </trkpt>
      <trkpt lat="49.54644" lon="21.55067">
        <ele>361.2</ele>
      </trkpt>
      <trkpt lat="49.54633" lon="21.55088">
        <ele>361.1</ele>
      </trkpt>
      <trkpt lat="49.54622" lon="21.55097">
        <ele>360.6</ele>
      </trkpt>
      <trkpt lat="49.54608" lon="21.55098">
        <ele>359.9</ele>
      </trkpt>
      <trkpt lat="49.54577" lon="21.55093">
        <ele>357.6</ele>
      </trkpt>
      <trkpt lat="49.54557" lon="21.55093">
        <ele>354.8</ele>
      </trkpt>
      <trkpt lat="49.54545" lon="21.55099">
        <ele>354.8</ele>
      </trkpt>
      <trkpt lat="49.54535" lon="21.55107">
        <ele>353.6</ele>
      </trkpt>
      <trkpt lat="49.5452" lon="21.5513">
        <ele>352.8</ele>
      </trkpt>
      <trkpt lat="49.54494" lon="21.55156">
        <ele>353.2</ele>
      </trkpt>
      <trkpt lat="49.5447" lon="21.55185">
        <ele>352.8</ele>
      </trkpt>
      <trkpt lat="49.54458" lon="21.55191">
        <ele>352.8</ele>
      </trkpt>
      <trkpt lat="49.54417" lon="21.55195">
        <ele>354.3</ele>
      </trkpt>
      <trkpt lat="49.54395" lon="21.55199">
        <ele>354.1</ele>
      </trkpt>
      <trkpt lat="49.54347" lon="21.552185">
        <ele>354.2</ele>
      </trkpt>
      <trkpt lat="49.54299" lon="21.55238">
        <ele>354.6</ele>
      </trkpt>
      <trkpt lat="49.54218" lon="21.55262">
        <ele>347.1</ele>
      </trkpt>
      <trkpt lat="49.54182" lon="21.55259">
        <ele>341.1</ele>
      </trkpt>
      <trkpt lat="49.54164" lon="21.55265">
        <ele>339.7</ele>
      </trkpt>
      <trkpt lat="49.54091" lon="21.55271">
        <ele>332.0</ele>
      </trkpt>
      <trkpt lat="49.54082" lon="21.55265">
        <ele>331.7</ele>
      </trkpt>
      <trkpt lat="49.54059" lon="21.55238">
        <ele>331.2</ele>
      </trkpt>
      <trkpt lat="49.54024" lon="21.55187">
        <ele>329.6</ele>
      </trkpt>
      <trkpt lat="49.5401" lon="21.5516">
        <ele>328.7</ele>
      </trkpt>
      <trkpt lat="49.539825" lon="21.550925">
        <ele>328.1</ele>
      </trkpt>
      <trkpt lat="49.53955" lon="21.55025">
        <ele>327.3</ele>
      </trkpt>
      <trkpt lat="49.5394" lon="21.54996">
        <ele>327.2</ele>
      </trkpt>
      <trkpt lat="49.53921" lon="21.54971">
        <ele>327.3</ele>
      </trkpt>
      <trkpt lat="49.53879" lon="21.54926">
        <ele>327.9</ele>
      </trkpt>
      <trkpt lat="49.53832" lon="21.54884">
        <ele>328.1</ele>
      </trkpt>
      <trkpt lat="49.53823" lon="21.54881">
        <ele>328.5</ele>
      </trkpt>
      <trkpt lat="49.5381" lon="21.54879">
        <ele>328.5</ele>
      </trkpt>
      <trkpt lat="49.53795" lon="21.54879">
        <ele>328.2</ele>
      </trkpt>
      <trkpt lat="49.53777" lon="21.54885">
        <ele>328.2</ele>
      </trkpt>
      <trkpt lat="49.53776" lon="21.54884">
        <ele>329.7</ele>
      </trkpt>
      <trkpt lat="49.53716" lon="21.549045">
        <ele>331.1</ele>
      </trkpt>
      <trkpt lat="49.53656" lon="21.54925">
        <ele>330.7</ele>
      </trkpt>
      <trkpt lat="49.53643" lon="21.54931">
        <ele>330.5</ele>
      </trkpt>
      <trkpt lat="49.53625" lon="21.54947">
        <ele>330.3</ele>
      </trkpt>
      <trkpt lat="49.53603" lon="21.54963">
        <ele>330.1</ele>
      </trkpt>
      <trkpt lat="49.53564" lon="21.54997">
        <ele>330.5</ele>
      </trkpt>
      <trkpt lat="49.53499" lon="21.550355">
        <ele>330.5</ele>
      </trkpt>
      <trkpt lat="49.53434" lon="21.55074">
        <ele>330.5</ele>
      </trkpt>
      <trkpt lat="49.53391" lon="21.55092">
        <ele>331.0</ele>
      </trkpt>
      <trkpt lat="49.53355" lon="21.55105">
        <ele>331.7</ele>
      </trkpt>
      <trkpt lat="49.53335" lon="21.55109">
        <ele>331.9</ele>
      </trkpt>
      <trkpt lat="49.53292" lon="21.5511">
        <ele>332.1</ele>
      </trkpt>
      <trkpt lat="49.53218" lon="21.55136">
        <ele>332.6</ele>
      </trkpt>
      <trkpt lat="49.53169" lon="21.55157">
        <ele>332.5</ele>
      </trkpt>
      <trkpt lat="49.5311" lon="21.55196">
        <ele>332.7</ele>
      </trkpt>
      <trkpt lat="49.53071" lon="21.55227">
        <ele>333.1</ele>
      </trkpt>
      <trkpt lat="49.53056" lon="21.55242">
        <ele>333.1</ele>
      </trkpt>
      <trkpt lat="49.53012" lon="21.55302">
        <ele>334.1</ele>
      </trkpt>
      <trkpt lat="49.52955" lon="21.55388">
        <ele>334.6</ele>
      </trkpt>
      <trkpt lat="49.52898" lon="21.55474">
        <ele>337.2</ele>
      </trkpt>
      <trkpt lat="49.52888" lon="21.55486">
        <ele>337.3</ele>
      </trkpt>
      <trkpt lat="49.52907" lon="21.55525">
        <ele>337.2</ele>
      </trkpt>
      <trkpt lat="49.52923" lon="21.55571">
        <ele>337.6</ele>
      </trkpt>
      <trkpt lat="49.52926" lon="21.556">
        <ele>338.0</ele>
      </trkpt>
      <trkpt lat="49.52921" lon="21.5562">
        <ele>338.6</ele>
      </trkpt>
      <trkpt lat="49.528655" lon="21.5572">
        <ele>342.0</ele>
      </trkpt>
      <trkpt lat="49.5281" lon="21.5582">
        <ele>345.4</ele>
      </trkpt>
      <trkpt lat="49.52803" lon="21.55837">
        <ele>345.4</ele>
      </trkpt>
      <trkpt lat="49.52798" lon="21.55858">
        <ele>346.2</ele>
      </trkpt>
      <trkpt lat="49.527925" lon="21.559415">
        <ele>347.5</ele>
      </trkpt>
      <trkpt lat="49.52787" lon="21.56025">
        <ele>349.4</ele>
      </trkpt>
      <trkpt lat="49.52785" lon="21.56106">
        <ele>349.4</ele>
      </trkpt>
      <trkpt lat="49.52778" lon="21.56132">
        <ele>348.6</ele>
      </trkpt>
      <trkpt lat="49.52754" lon="21.56199">
        <ele>348.7</ele>
      </trkpt>
      <trkpt lat="49.52716" lon="21.5625">
        <ele>350.9</ele>
      </trkpt>
      <trkpt lat="49.526905" lon="21.56315">
        <ele>354.1</ele>
      </trkpt>
      <trkpt lat="49.52665" lon="21.5638">
        <ele>356.3</ele>
      </trkpt>
      <trkpt lat="49.52655" lon="21.56422">
        <ele>356.5</ele>
      </trkpt>
      <trkpt lat="49.52616" lon="21.56511">
        <ele>358.5</ele>
      </trkpt>
      <trkpt lat="49.52609" lon="21.56545">
        <ele>359.2</ele>
      </trkpt>
      <trkpt lat="49.52595" lon="21.5664">
        <ele>359.8</ele>
      </trkpt>
      <trkpt lat="49.52581" lon="21.56735">
        <ele>361.5</ele>
      </trkpt>
      <trkpt lat="49.52576" lon="21.56785">
        <ele>362.4</ele>
      </trkpt>
      <trkpt lat="49.52572" lon="21.56848">
        <ele>363.6</ele>
      </trkpt>
      <trkpt lat="49.52548" lon="21.56966">
        <ele>367.7</ele>
      </trkpt>
      <trkpt lat="49.52535" lon="21.56996">
        <ele>367.7</ele>
      </trkpt>
      <trkpt lat="49.52516" lon="21.57055">
        <ele>366.6</ele>
      </trkpt>
      <trkpt lat="49.5251" lon="21.57067">
        <ele>366.6</ele>
      </trkpt>
      <trkpt lat="49.52484" lon="21.57105">
        <ele>368.2</ele>
      </trkpt>
      <trkpt lat="49.52436" lon="21.57195">
        <ele>372.5</ele>
      </trkpt>
      <trkpt lat="49.52415" lon="21.57221">
        <ele>373.1</ele>
      </trkpt>
      <trkpt lat="49.52361" lon="21.5726">
        <ele>374.6</ele>
      </trkpt>
      <trkpt lat="49.52321" lon="21.57292">
        <ele>375.4</ele>
      </trkpt>
      <trkpt lat="49.5228" lon="21.57296">
        <ele>376.4</ele>
      </trkpt>
      <trkpt lat="49.52264" lon="21.57307">
        <ele>376.4</ele>
      </trkpt>
      <trkpt lat="49.52208" lon="21.57376">
        <ele>379.0</ele>
      </trkpt>
      <trkpt lat="49.52189" lon="21.57392">
        <ele>379.5</ele>
      </trkpt>
      <trkpt lat="49.52115" lon="21.57419">
        <ele>381.5</ele>
      </trkpt>
      <trkpt lat="49.52099" lon="21.57427">
        <ele>382.8</ele>
      </trkpt>
      <trkpt lat="49.52087" lon="21.57445">
        <ele>384.5</ele>
      </trkpt>
      <trkpt lat="49.52073" lon="21.57484">
        <ele>385.9</ele>
      </trkpt>
      <trkpt lat="49.52038" lon="21.57533">
        <ele>388.4</ele>
      </trkpt>
      <trkpt lat="49.51979" lon="21.57585">
        <ele>393.7</ele>
      </trkpt>
      <trkpt lat="49.51946" lon="21.57631">
        <ele>398.4</ele>
      </trkpt>
      <trkpt lat="49.51921" lon="21.57659">
        <ele>400.4</ele>
      </trkpt>
      <trkpt lat="49.5191" lon="21.57668">
        <ele>400.9</ele>
      </trkpt>
      <trkpt lat="49.51901" lon="21.57671">
        <ele>400.8</ele>
      </trkpt>
      <trkpt lat="49.51869" lon="21.57665">
        <ele>399.8</ele>
      </trkpt>
      <trkpt lat="49.51852" lon="21.57665">
        <ele>399.7</ele>
      </trkpt>
      <trkpt lat="49.51813" lon="21.57679">
        <ele>398.6</ele>
      </trkpt>
      <trkpt lat="49.51782" lon="21.57685">
        <ele>397.8</ele>
      </trkpt>
      <trkpt lat="49.51769" lon="21.57682">
        <ele>396.7</ele>
      </trkpt>
      <trkpt lat="49.5175" lon="21.57672">
        <ele>395.8</ele>
      </trkpt>
      <trkpt lat="49.5174" lon="21.57673">
        <ele>395.7</ele>
      </trkpt>
      <trkpt lat="49.51732" lon="21.57676">
        <ele>395.8</ele>
      </trkpt>
      <trkpt lat="49.51706" lon="21.57694">
        <ele>397.0</ele>
      </trkpt>
      <trkpt lat="49.51682" lon="21.57719">
        <ele>397.4</ele>
      </trkpt>
      <trkpt lat="49.51668" lon="21.57739">
        <ele>399.2</ele>
      </trkpt>
      <trkpt lat="49.51663" lon="21.57752">
        <ele>399.2</ele>
      </trkpt>
      <trkpt lat="49.51665" lon="21.57799">
        <ele>400.2</ele>
      </trkpt>
      <trkpt lat="49.51662" lon="21.57818">
        <ele>400.7</ele>
      </trkpt>
      <trkpt lat="49.51656" lon="21.57834">
        <ele>401.5</ele>
      </trkpt>
      <trkpt lat="49.51622" lon="21.57895">
        <ele>406.6</ele>
      </trkpt>
      <trkpt lat="49.51617" lon="21.57918">
        <ele>408.4</ele>
      </trkpt>
      <trkpt lat="49.51618" lon="21.57966">
        <ele>409.0</ele>
      </trkpt>
      <trkpt lat="49.51627" lon="21.58018">
        <ele>407.6</ele>
      </trkpt>
      <trkpt lat="49.51627" lon="21.5803">
        <ele>407.4</ele>
      </trkpt>
      <trkpt lat="49.5162" lon="21.58054">
        <ele>407.1</ele>
      </trkpt>
      <trkpt lat="49.51603" lon="21.58083">
        <ele>407.1</ele>
      </trkpt>
      <trkpt lat="49.51594" lon="21.58116">
        <ele>407.5</ele>
      </trkpt>
      <trkpt lat="49.51592" lon="21.58144">
        <ele>418.3</ele>
      </trkpt>
      <trkpt lat="49.51592" lon="21.5814">
        <ele>407.9</ele>
      </trkpt>
      <trkpt lat="49.51596" lon="21.58251">
        <ele>409.2</ele>
      </trkpt>
      <trkpt lat="49.516" lon="21.58295">
        <ele>409.8</ele>
      </trkpt>
      <trkpt lat="49.5161" lon="21.5837">
        <ele>411.8</ele>
      </trkpt>
      <trkpt lat="49.51616" lon="21.5839">
        <ele>412.6</ele>
      </trkpt>
      <trkpt lat="49.51643" lon="21.58454">
        <ele>414.0</ele>
      </trkpt>
      <trkpt lat="49.51664" lon="21.58524">
        <ele>415.3</ele>
      </trkpt>
      <trkpt lat="49.51667" lon="21.58542">
        <ele>415.6</ele>
      </trkpt>
      <trkpt lat="49.5167" lon="21.58583">
        <ele>416.6</ele>
      </trkpt>
      <trkpt lat="49.51676" lon="21.58595">
        <ele>417.0</ele>
      </trkpt>
      <trkpt lat="49.51692" lon="21.58617">
        <ele>418.1</ele>
      </trkpt>
      <trkpt lat="49.51698" lon="21.58632">
        <ele>418.7</ele>
      </trkpt>
      <trkpt lat="49.51712" lon="21.58728">
        <ele>422.2</ele>
      </trkpt>
      <trkpt lat="49.51727" lon="21.58773">
        <ele>423.0</ele>
      </trkpt>
      <trkpt lat="49.51734" lon="21.58804">
        <ele>423.6</ele>
      </trkpt>
      <trkpt lat="49.51738" lon="21.58838">
        <ele>424.7</ele>
      </trkpt>
      <trkpt lat="49.51758" lon="21.58909">
        <ele>426.5</ele>
      </trkpt>
      <trkpt lat="49.51764" lon="21.58936">
        <ele>426.9</ele>
      </trkpt>
      <trkpt lat="49.51766" lon="21.58959">
        <ele>427.5</ele>
      </trkpt>
      <trkpt lat="49.51766" lon="21.58999">
        <ele>429.3</ele>
      </trkpt>
      <trkpt lat="49.51772" lon="21.59032">
        <ele>430.5</ele>
      </trkpt>
      <trkpt lat="49.51802" lon="21.59106">
        <ele>433.6</ele>
      </trkpt>
      <trkpt lat="49.51813" lon="21.59174">
        <ele>438.8</ele>
      </trkpt>
      <trkpt lat="49.51821" lon="21.59199">
        <ele>442.3</ele>
      </trkpt>
      <trkpt lat="49.51833" lon="21.59224">
        <ele>445.4</ele>
      </trkpt>
      <trkpt lat="49.51838" lon="21.59231">
        <ele>448.0</ele>
      </trkpt>
      <trkpt lat="49.51847" lon="21.59235">
        <ele>449.7</ele>
      </trkpt>
      <trkpt lat="49.51854" lon="21.59236">
        <ele>451.2</ele>
      </trkpt>
      <trkpt lat="49.5188" lon="21.5923">
        <ele>454.5</ele>
      </trkpt>
      <trkpt lat="49.51891" lon="21.59235">
        <ele>455.6</ele>
      </trkpt>
      <trkpt lat="49.51901" lon="21.59242">
        <ele>457.5</ele>
      </trkpt>
      <trkpt lat="49.5191" lon="21.59256">
        <ele>458.6</ele>
      </trkpt>
      <trkpt lat="49.51916" lon="21.59269">
        <ele>459.8</ele>
      </trkpt>
      <trkpt lat="49.5192" lon="21.59282">
        <ele>461.2</ele>
      </trkpt>
      <trkpt lat="49.5192" lon="21.59298">
        <ele>462.6</ele>
      </trkpt>
      <trkpt lat="49.51912" lon="21.59366">
        <ele>470.7</ele>
      </trkpt>
      <trkpt lat="49.51913" lon="21.59403">
        <ele>475.7</ele>
      </trkpt>
      <trkpt lat="49.51918" lon="21.5943">
        <ele>479.5</ele>
      </trkpt>
      <trkpt lat="49.51928" lon="21.59465">
        <ele>482.7</ele>
      </trkpt>
      <trkpt lat="49.51962" lon="21.59561">
        <ele>493.8</ele>
      </trkpt>
      <trkpt lat="49.51996" lon="21.59657">
        <ele>504.6</ele>
      </trkpt>
      <trkpt lat="49.52" lon="21.59674">
        <ele>505.8</ele>
      </trkpt>
      <trkpt lat="49.51999" lon="21.59689">
        <ele>506.4</ele>
      </trkpt>
      <trkpt lat="49.51995" lon="21.59705">
        <ele>506.9</ele>
      </trkpt>
      <trkpt lat="49.51976" lon="21.59742">
        <ele>512.0</ele>
      </trkpt>
      <trkpt lat="49.5194" lon="21.598195">
        <ele>517.0</ele>
      </trkpt>
      <trkpt lat="49.51904" lon="21.59897">
        <ele>524.6</ele>
      </trkpt>
      <trkpt lat="49.51887" lon="21.59918">
        <ele>528.4</ele>
      </trkpt>
      <trkpt lat="49.51867" lon="21.59936">
        <ele>532.0</ele>
      </trkpt>
      <trkpt lat="49.51855" lon="21.59943">
        <ele>533.8</ele>
      </trkpt>
      <trkpt lat="49.51837" lon="21.59948">
        <ele>535.8</ele>
      </trkpt>
      <trkpt lat="49.51829" lon="21.59953">
        <ele>537.0</ele>
      </trkpt>
      <trkpt lat="49.51825" lon="21.59974">
        <ele>540.2</ele>
      </trkpt>
      <trkpt lat="49.5183" lon="21.59982">
        <ele>540.2</ele>
      </trkpt>
      <trkpt lat="49.51855" lon="21.59994">
        <ele>544.0</ele>
      </trkpt>
      <trkpt lat="49.51875" lon="21.60018">
        <ele>546.0</ele>
      </trkpt>
      <trkpt lat="49.51901" lon="21.60068">
        <ele>550.6</ele>
      </trkpt>
      <trkpt lat="49.51928" lon="21.60129">
        <ele>556.3</ele>
      </trkpt>
      <trkpt lat="49.51934" lon="21.6016">
        <ele>556.9</ele>
      </trkpt>
      <trkpt lat="49.51944" lon="21.6025">
        <ele>552.5</ele>
      </trkpt>
      <trkpt lat="49.51964" lon="21.60378">
        <ele>549.7</ele>
      </trkpt>
      <trkpt lat="49.51972" lon="21.60404">
        <ele>549.5</ele>
      </trkpt>
      <trkpt lat="49.51985" lon="21.60426">
        <ele>549.3</ele>
      </trkpt>
      <trkpt lat="49.52044" lon="21.60493">
        <ele>550.5</ele>
      </trkpt>
      <trkpt lat="49.52076" lon="21.60552">
        <ele>553.8</ele>
      </trkpt>
      <trkpt lat="49.52084" lon="21.60592">
        <ele>554.3</ele>
      </trkpt>
      <trkpt lat="49.52111" lon="21.606855">
        <ele>553.3</ele>
      </trkpt>
      <trkpt lat="49.52138" lon="21.60779">
        <ele>551.1</ele>
      </trkpt>
      <trkpt lat="49.52149" lon="21.60804">
        <ele>550.1</ele>
      </trkpt>
      <trkpt lat="49.52163" lon="21.6083">
        <ele>548.6</ele>
      </trkpt>
      <trkpt lat="49.5218" lon="21.60851">
        <ele>547.2</ele>
      </trkpt>
      <trkpt lat="49.5219" lon="21.60868">
        <ele>546.1</ele>
      </trkpt>
      <trkpt lat="49.52193" lon="21.60878">
        <ele>545.0</ele>
      </trkpt>
      <trkpt lat="49.52194" lon="21.60897">
        <ele>542.6</ele>
      </trkpt>
      <trkpt lat="49.52186" lon="21.6094">
        <ele>538.9</ele>
      </trkpt>
      <trkpt lat="49.52182" lon="21.60973">
        <ele>536.0</ele>
      </trkpt>
      <trkpt lat="49.52183" lon="21.61099">
        <ele>527.8</ele>
      </trkpt>
      <trkpt lat="49.52184" lon="21.61225">
        <ele>514.4</ele>
      </trkpt>
      <trkpt lat="49.52189" lon="21.61274">
        <ele>509.1</ele>
      </trkpt>
      <trkpt lat="49.52201" lon="21.61359">
        <ele>501.1</ele>
      </trkpt>
      <trkpt lat="49.522175" lon="21.614375">
        <ele>494.5</ele>
      </trkpt>
      <trkpt lat="49.52234" lon="21.61516">
        <ele>487.3</ele>
      </trkpt>
      <trkpt lat="49.52245" lon="21.61561">
        <ele>484.7</ele>
      </trkpt>
      <trkpt lat="49.522995" lon="21.615455">
        <ele>486.5</ele>
      </trkpt>
      <trkpt lat="49.52354" lon="21.6153">
        <ele>486.4</ele>
      </trkpt>
      <trkpt lat="49.52439" lon="21.61504">
        <ele>484.0</ele>
      </trkpt>
      <trkpt lat="49.52465" lon="21.61504">
        <ele>483.4</ele>
      </trkpt>
      <trkpt lat="49.52486" lon="21.61509">
        <ele>482.5</ele>
      </trkpt>
      <trkpt lat="49.52563" lon="21.61535">
        <ele>478.3</ele>
      </trkpt>
      <trkpt lat="49.526085" lon="21.61522">
        <ele>478.8</ele>
      </trkpt>
      <trkpt lat="49.52654" lon="21.61509">
        <ele>478.5</ele>
      </trkpt>
      <trkpt lat="49.52709" lon="21.61496">
        <ele>476.7</ele>
      </trkpt>
      <trkpt lat="49.52745" lon="21.61502">
        <ele>476.5</ele>
      </trkpt>
      <trkpt lat="49.52797" lon="21.61518">
        <ele>476.6</ele>
      </trkpt>
      <trkpt lat="49.52835" lon="21.61527">
        <ele>476.7</ele>
      </trkpt>
      <trkpt lat="49.529047" lon="21.61537">
        <ele>474.1</ele>
      </trkpt>
      <trkpt lat="49.529743" lon="21.61547">
        <ele>471.7</ele>
      </trkpt>
      <trkpt lat="49.53044" lon="21.61557">
        <ele>469.8</ele>
      </trkpt>
      <trkpt lat="49.53076" lon="21.61556">
        <ele>466.9</ele>
      </trkpt>
      <trkpt lat="49.53146" lon="21.61545">
        <ele>464.6</ele>
      </trkpt>
      <trkpt lat="49.53216" lon="21.61534">
        <ele>460.9</ele>
      </trkpt>
      <trkpt lat="49.5328" lon="21.615267">
        <ele>459.5</ele>
      </trkpt>
      <trkpt lat="49.53344" lon="21.615193">
        <ele>456.7</ele>
      </trkpt>
      <trkpt lat="49.53408" lon="21.61512">
        <ele>454.7</ele>
      </trkpt>
      <trkpt lat="49.53464" lon="21.61523">
        <ele>451.3</ele>
      </trkpt>
      <trkpt lat="49.535378" lon="21.615402">
        <ele>445.3</ele>
      </trkpt>
      <trkpt lat="49.536116" lon="21.615574">
        <ele>442.1</ele>
      </trkpt>
      <trkpt lat="49.536854" lon="21.615746">
        <ele>438.4</ele>
      </trkpt>
      <trkpt lat="49.537592" lon="21.615918">
        <ele>435.6</ele>
      </trkpt>
      <trkpt lat="49.53833" lon="21.61609">
        <ele>431.7</ele>
      </trkpt>
      <trkpt lat="49.53894" lon="21.61625">
        <ele>428.6</ele>
      </trkpt>
      <trkpt lat="49.53955" lon="21.61641">
        <ele>426.0</ele>
      </trkpt>
      <trkpt lat="49.5404" lon="21.61662">
        <ele>422.8</ele>
      </trkpt>
      <trkpt lat="49.54125" lon="21.61683">
        <ele>419.8</ele>
      </trkpt>
      <trkpt lat="49.54142" lon="21.6169">
        <ele>418.9</ele>
      </trkpt>
      <trkpt lat="49.54157" lon="21.617">
        <ele>417.6</ele>
      </trkpt>
      <trkpt lat="49.54168" lon="21.61712">
        <ele>417.6</ele>
      </trkpt>
      <trkpt lat="49.54181" lon="21.61731">
        <ele>415.9</ele>
      </trkpt>
      <trkpt lat="49.542245" lon="21.618225">
        <ele>411.7</ele>
      </trkpt>
      <trkpt lat="49.54268" lon="21.61914">
        <ele>411.2</ele>
      </trkpt>
      <trkpt lat="49.54274" lon="21.61925">
        <ele>411.2</ele>
      </trkpt>
      <trkpt lat="49.54293" lon="21.6195">
        <ele>411.2</ele>
      </trkpt>
      <trkpt lat="49.5431" lon="21.61963">
        <ele>411.2</ele>
      </trkpt>
      <trkpt lat="49.54374" lon="21.620007">
        <ele>410.0</ele>
      </trkpt>
      <trkpt lat="49.54438" lon="21.620383">
        <ele>408.7</ele>
      </trkpt>
      <trkpt lat="49.54502" lon="21.62076">
        <ele>406.3</ele>
      </trkpt>
      <trkpt lat="49.54575" lon="21.621173">
        <ele>404.3</ele>
      </trkpt>
      <trkpt lat="49.54648" lon="21.621587">
        <ele>402.2</ele>
      </trkpt>
      <trkpt lat="49.54721" lon="21.622">
        <ele>399.9</ele>
      </trkpt>
      <trkpt lat="49.54772" lon="21.62227">
        <ele>398.7</ele>
      </trkpt>
      <trkpt lat="49.5479" lon="21.62234">
        <ele>398.0</ele>
      </trkpt>
      <trkpt lat="49.54814" lon="21.6224">
        <ele>397.0</ele>
      </trkpt>
      <trkpt lat="49.54879" lon="21.62252">
        <ele>395.2</ele>
      </trkpt>
      <trkpt lat="49.54913" lon="21.62252">
        <ele>393.4</ele>
      </trkpt>
      <trkpt lat="49.54957" lon="21.622375">
        <ele>392.2</ele>
      </trkpt>
      <trkpt lat="49.55001" lon="21.62223">
        <ele>390.7</ele>
      </trkpt>
      <trkpt lat="49.55074" lon="21.62196">
        <ele>389.9</ele>
      </trkpt>
      <trkpt lat="49.55096" lon="21.62193">
        <ele>388.5</ele>
      </trkpt>
      <trkpt lat="49.55161" lon="21.62203">
        <ele>387.7</ele>
      </trkpt>
      <trkpt lat="49.55235" lon="21.62217">
        <ele>386.5</ele>
      </trkpt>
      <trkpt lat="49.5532" lon="21.62246">
        <ele>385.3</ele>
      </trkpt>
      <trkpt lat="49.55333" lon="21.62256">
        <ele>385.3</ele>
      </trkpt>
      <trkpt lat="49.55342" lon="21.62269">
        <ele>385.3</ele>
      </trkpt>
      <trkpt lat="49.5535" lon="21.62289">
        <ele>385.2</ele>
      </trkpt>
      <trkpt lat="49.55362" lon="21.62327">
        <ele>384.9</ele>
      </trkpt>
      <trkpt lat="49.55371" lon="21.62344">
        <ele>384.6</ele>
      </trkpt>
      <trkpt lat="49.55438" lon="21.62404">
        <ele>382.1</ele>
      </trkpt>
      <trkpt lat="49.55485" lon="21.62443">
        <ele>381.6</ele>
      </trkpt>
      <trkpt lat="49.55482" lon="21.62479">
        <ele>381.8</ele>
      </trkpt>
      <trkpt lat="49.55466" lon="21.62598">
        <ele>384.1</ele>
      </trkpt>
      <trkpt lat="49.554475" lon="21.626985">
        <ele>388.4</ele>
      </trkpt>
      <trkpt lat="49.55429" lon="21.62799">
        <ele>390.9</ele>
      </trkpt>
      <trkpt lat="49.55413" lon="21.62866">
        <ele>390.6</ele>
      </trkpt>
      <trkpt lat="49.5538" lon="21.62968">
        <ele>388.5</ele>
      </trkpt>
      <trkpt lat="49.553565" lon="21.63054">
        <ele>387.1</ele>
      </trkpt>
      <trkpt lat="49.55333" lon="21.6314">
        <ele>386.0</ele>
      </trkpt>
      <trkpt lat="49.553235" lon="21.63231">
        <ele>386.7</ele>
      </trkpt>
      <trkpt lat="49.55314" lon="21.63322">
        <ele>387.9</ele>
      </trkpt>
      <trkpt lat="49.55305" lon="21.63397">
        <ele>390.8</ele>
      </trkpt>
      <trkpt lat="49.55296" lon="21.63448">
        <ele>393.0</ele>
      </trkpt>
      <trkpt lat="49.5528" lon="21.63507">
        <ele>394.4</ele>
      </trkpt>
      <trkpt lat="49.55257" lon="21.63559">
        <ele>395.3</ele>
      </trkpt>
      <trkpt lat="49.55223" lon="21.6365">
        <ele>398.6</ele>
      </trkpt>
      <trkpt lat="49.55194" lon="21.637465">
        <ele>397.4</ele>
      </trkpt>
      <trkpt lat="49.55165" lon="21.63843">
        <ele>396.4</ele>
      </trkpt>
      <trkpt lat="49.55161" lon="21.63868">
        <ele>396.0</ele>
      </trkpt>
      <trkpt lat="49.55162" lon="21.63929">
        <ele>393.3</ele>
      </trkpt>
      <trkpt lat="49.55166" lon="21.63976">
        <ele>391.7</ele>
      </trkpt>
      <trkpt lat="49.55175" lon="21.64022">
        <ele>390.0</ele>
      </trkpt>
      <trkpt lat="49.552005" lon="21.641045">
        <ele>388.3</ele>
      </trkpt>
      <trkpt lat="49.55226" lon="21.64187">
        <ele>386.3</ele>
      </trkpt>
      <trkpt lat="49.552485" lon="21.642675">
        <ele>386.7</ele>
      </trkpt>
      <trkpt lat="49.55271" lon="21.64348">
        <ele>387.0</ele>
      </trkpt>
      <trkpt lat="49.55287" lon="21.64398">
        <ele>387.0</ele>
      </trkpt>
      <trkpt lat="49.55325" lon="21.64498">
        <ele>386.6</ele>
      </trkpt>
      <trkpt lat="49.55335" lon="21.64541">
        <ele>386.6</ele>
      </trkpt>
      <trkpt lat="49.55343" lon="21.64601">
        <ele>385.9</ele>
      </trkpt>
      <trkpt lat="49.55347" lon="21.64652">
        <ele>385.5</ele>
      </trkpt>
      <trkpt lat="49.55342" lon="21.64738">
        <ele>384.3</ele>
      </trkpt>
      <trkpt lat="49.55347" lon="21.64848">
        <ele>382.4</ele>
      </trkpt>
      <trkpt lat="49.55346" lon="21.64875">
        <ele>382.2</ele>
      </trkpt>
      <trkpt lat="49.55339" lon="21.64961">
        <ele>380.5</ele>
      </trkpt>
      <trkpt lat="49.55348" lon="21.65018">
        <ele>379.6</ele>
      </trkpt>
      <trkpt lat="49.55349" lon="21.65054">
        <ele>379.1</ele>
      </trkpt>
      <trkpt lat="49.55346" lon="21.65081">
        <ele>379.1</ele>
      </trkpt>
      <trkpt lat="49.55342" lon="21.65098">
        <ele>378.6</ele>
      </trkpt>
      <trkpt lat="49.55323" lon="21.65138">
        <ele>377.8</ele>
      </trkpt>
      <trkpt lat="49.55321" lon="21.65153">
        <ele>377.5</ele>
      </trkpt>
      <trkpt lat="49.55322" lon="21.65169">
        <ele>376.6</ele>
      </trkpt>
      <trkpt lat="49.55339" lon="21.65242">
        <ele>375.6</ele>
      </trkpt>
      <trkpt lat="49.55346" lon="21.653105">
        <ele>373.7</ele>
      </trkpt>
      <trkpt lat="49.55353" lon="21.65379">
        <ele>372.6</ele>
      </trkpt>
      <trkpt lat="49.55359" lon="21.65401">
        <ele>372.5</ele>
      </trkpt>
      <trkpt lat="49.55376" lon="21.65437">
        <ele>371.1</ele>
      </trkpt>
      <trkpt lat="49.55398" lon="21.65498">
        <ele>370.0</ele>
      </trkpt>
      <trkpt lat="49.55407" lon="21.65525">
        <ele>369.6</ele>
      </trkpt>
      <trkpt lat="49.55411" lon="21.65546">
        <ele>369.4</ele>
      </trkpt>
      <trkpt lat="49.55415" lon="21.65575">
        <ele>367.8</ele>
      </trkpt>
      <trkpt lat="49.55416" lon="21.65672">
        <ele>366.5</ele>
      </trkpt>
      <trkpt lat="49.55432" lon="21.65797">
        <ele>365.0</ele>
      </trkpt>
      <trkpt lat="49.55435" lon="21.65905">
        <ele>363.2</ele>
      </trkpt>
      <trkpt lat="49.55429" lon="21.65953">
        <ele>363.0</ele>
      </trkpt>
      <trkpt lat="49.55403" lon="21.66057">
        <ele>361.5</ele>
      </trkpt>
      <trkpt lat="49.55386" lon="21.661395">
        <ele>360.1</ele>
      </trkpt>
      <trkpt lat="49.55369" lon="21.66222">
        <ele>359.2</ele>
      </trkpt>
      <trkpt lat="49.5536" lon="21.66316">
        <ele>357.2</ele>
      </trkpt>
      <trkpt lat="49.55349" lon="21.66409">
        <ele>355.5</ele>
      </trkpt>
      <trkpt lat="49.553475" lon="21.664805">
        <ele>355.3</ele>
      </trkpt>
      <trkpt lat="49.55346" lon="21.66552">
        <ele>355.5</ele>
      </trkpt>
      <trkpt lat="49.5535" lon="21.66637">
        <ele>354.7</ele>
      </trkpt>
      <trkpt lat="49.5536" lon="21.66705">
        <ele>353.4</ele>
      </trkpt>
      <trkpt lat="49.55376" lon="21.66764">
        <ele>352.6</ele>
      </trkpt>
      <trkpt lat="49.55384" lon="21.66795">
        <ele>352.2</ele>
      </trkpt>
      <trkpt lat="49.55387" lon="21.66879">
        <ele>351.1</ele>
      </trkpt>
      <trkpt lat="49.55391" lon="21.66897">
        <ele>350.7</ele>
      </trkpt>
      <trkpt lat="49.5541" lon="21.66942">
        <ele>349.8</ele>
      </trkpt>
      <trkpt lat="49.554375" lon="21.670015">
        <ele>348.6</ele>
      </trkpt>
      <trkpt lat="49.55465" lon="21.67061">
        <ele>347.5</ele>
      </trkpt>
      <trkpt lat="49.55479" lon="21.67094">
        <ele>346.5</ele>
      </trkpt>
      <trkpt lat="49.55485" lon="21.67114">
        <ele>346.3</ele>
      </trkpt>
      <trkpt lat="49.55496" lon="21.67169">
        <ele>345.3</ele>
      </trkpt>
      <trkpt lat="49.55499" lon="21.67218">
        <ele>344.7</ele>
      </trkpt>
      <trkpt lat="49.55496" lon="21.67333">
        <ele>343.3</ele>
      </trkpt>
      <trkpt lat="49.55493" lon="21.67448">
        <ele>342.1</ele>
      </trkpt>
      <trkpt lat="49.554975" lon="21.675345">
        <ele>340.3</ele>
      </trkpt>
      <trkpt lat="49.55502" lon="21.67621">
        <ele>339.0</ele>
      </trkpt>
      <trkpt lat="49.55506" lon="21.67673">
        <ele>338.7</ele>
      </trkpt>
      <trkpt lat="49.55529" lon="21.67794">
        <ele>337.2</ele>
      </trkpt>
      <trkpt lat="49.5553" lon="21.67809">
        <ele>337.1</ele>
      </trkpt>
      <trkpt lat="49.55519" lon="21.67885">
        <ele>336.9</ele>
      </trkpt>
      <trkpt lat="49.5552" lon="21.67915">
        <ele>336.6</ele>
      </trkpt>
      <trkpt lat="49.55523" lon="21.67931">
        <ele>336.6</ele>
      </trkpt>
      <trkpt lat="49.55537" lon="21.67964">
        <ele>336.5</ele>
      </trkpt>
      <trkpt lat="49.55572" lon="21.68029">
        <ele>335.5</ele>
      </trkpt>
      <trkpt lat="49.55583" lon="21.68057">
        <ele>335.4</ele>
      </trkpt>
      <trkpt lat="49.55586" lon="21.68074">
        <ele>335.4</ele>
      </trkpt>
      <trkpt lat="49.55584" lon="21.68108">
        <ele>335.4</ele>
      </trkpt>
      <trkpt lat="49.55567" lon="21.682155">
        <ele>335.3</ele>
      </trkpt>
      <trkpt lat="49.5555" lon="21.68323">
        <ele>335.6</ele>
      </trkpt>
      <trkpt lat="49.555045" lon="21.683105">
        <ele>336.4</ele>
      </trkpt>
      <trkpt lat="49.55459" lon="21.68298">
        <ele>336.3</ele>
      </trkpt>
      <trkpt lat="49.5544" lon="21.68427">
        <ele>334.7</ele>
      </trkpt>
      <trkpt lat="49.55446" lon="21.68528">
        <ele>331.0</ele>
      </trkpt>
      <trkpt lat="49.55449" lon="21.68603">
        <ele>329.2</ele>
      </trkpt>
      <trkpt lat="49.55449" lon="21.68637">
        <ele>329.0</ele>
      </trkpt>
      <trkpt lat="49.55445" lon="21.68695">
        <ele>328.9</ele>
      </trkpt>
      <trkpt lat="49.5543" lon="21.68796">
        <ele>329.3</ele>
      </trkpt>
      <trkpt lat="49.55415" lon="21.68897">
        <ele>329.8</ele>
      </trkpt>
      <trkpt lat="49.55408" lon="21.68927">
        <ele>329.9</ele>
      </trkpt>
      <trkpt lat="49.55398" lon="21.68948">
        <ele>329.9</ele>
      </trkpt>
      <trkpt lat="49.55392" lon="21.68955">
        <ele>330.2</ele>
      </trkpt>
      <trkpt lat="49.55379" lon="21.68962">
        <ele>330.2</ele>
      </trkpt>
      <trkpt lat="49.553" lon="21.68969">
        <ele>330.8</ele>
      </trkpt>
      <trkpt lat="49.55221" lon="21.68976">
        <ele>331.0</ele>
      </trkpt>
      <trkpt lat="49.55183" lon="21.68983">
        <ele>331.0</ele>
      </trkpt>
      <trkpt lat="49.55174" lon="21.68989">
        <ele>331.0</ele>
      </trkpt>
      <trkpt lat="49.55167" lon="21.68997">
        <ele>331.1</ele>
      </trkpt>
      <trkpt lat="49.55164" lon="21.69012">
        <ele>331.1</ele>
      </trkpt>
      <trkpt lat="49.55167" lon="21.69097">
        <ele>331.9</ele>
      </trkpt>
      <trkpt lat="49.55175" lon="21.692203">
        <ele>332.9</ele>
      </trkpt>
      <trkpt lat="49.55183" lon="21.693437">
        <ele>333.1</ele>
      </trkpt>
      <trkpt lat="49.55191" lon="21.69467">
        <ele>333.0</ele>
      </trkpt>
      <trkpt lat="49.55196" lon="21.69535">
        <ele>333.0</ele>
      </trkpt>
      <trkpt lat="49.55195" lon="21.69562">
        <ele>332.9</ele>
      </trkpt>
      <trkpt lat="49.55187" lon="21.69594">
        <ele>332.9</ele>
      </trkpt>
      <trkpt lat="49.5515" lon="21.69701">
        <ele>333.1</ele>
      </trkpt>
      <trkpt lat="49.55142" lon="21.69737">
        <ele>333.3</ele>
      </trkpt>
      <trkpt lat="49.55139" lon="21.69867">
        <ele>333.5</ele>
      </trkpt>
      <trkpt lat="49.55136" lon="21.69997">
        <ele>333.9</ele>
      </trkpt>
      <trkpt lat="49.55128" lon="21.70049">
        <ele>334.0</ele>
      </trkpt>
      <trkpt lat="49.55109" lon="21.70121">
        <ele>334.4</ele>
      </trkpt>
      <trkpt lat="49.55106" lon="21.70152">
        <ele>334.4</ele>
      </trkpt>
      <trkpt lat="49.55107" lon="21.70287">
        <ele>335.0</ele>
      </trkpt>
      <trkpt lat="49.55106" lon="21.70355">
        <ele>335.4</ele>
      </trkpt>
      <trkpt lat="49.551" lon="21.70434">
        <ele>335.8</ele>
      </trkpt>
      <trkpt lat="49.55095" lon="21.70478">
        <ele>336.1</ele>
      </trkpt>
      <trkpt lat="49.55079" lon="21.70558">
        <ele>336.7</ele>
      </trkpt>
      <trkpt lat="49.55077" lon="21.70578">
        <ele>336.7</ele>
      </trkpt>
      <trkpt lat="49.55073" lon="21.70711">
        <ele>337.5</ele>
      </trkpt>
      <trkpt lat="49.55074" lon="21.70823">
        <ele>338.7</ele>
      </trkpt>
      <trkpt lat="49.55084" lon="21.70881">
        <ele>339.1</ele>
      </trkpt>
      <trkpt lat="49.551" lon="21.70948">
        <ele>339.5</ele>
      </trkpt>
      <trkpt lat="49.55116" lon="21.71015">
        <ele>339.9</ele>
      </trkpt>
      <trkpt lat="49.55122" lon="21.71049">
        <ele>340.1</ele>
      </trkpt>
      <trkpt lat="49.55122" lon="21.71071">
        <ele>340.2</ele>
      </trkpt>
      <trkpt lat="49.551145" lon="21.71193">
        <ele>341.0</ele>
      </trkpt>
      <trkpt lat="49.55107" lon="21.71315">
        <ele>341.8</ele>
      </trkpt>
      <trkpt lat="49.55096" lon="21.71361">
        <ele>342.3</ele>
      </trkpt>
      <trkpt lat="49.55067" lon="21.714575">
        <ele>343.6</ele>
      </trkpt>
      <trkpt lat="49.55038" lon="21.71554">
        <ele>345.1</ele>
      </trkpt>
      <trkpt lat="49.55015" lon="21.71616">
        <ele>345.6</ele>
      </trkpt>
      <trkpt lat="49.55004" lon="21.71658">
        <ele>346.1</ele>
      </trkpt>
      <trkpt lat="49.54986" lon="21.71722">
        <ele>347.0</ele>
      </trkpt>
      <trkpt lat="49.54949" lon="21.71787">
        <ele>348.5</ele>
      </trkpt>
      <trkpt lat="49.54917" lon="21.7184">
        <ele>349.6</ele>
      </trkpt>
      <trkpt lat="49.5491" lon="21.7186">
        <ele>350.4</ele>
      </trkpt>
      <trkpt lat="49.548995" lon="21.719485">
        <ele>351.2</ele>
      </trkpt>
      <trkpt lat="49.54889" lon="21.72037">
        <ele>352.9</ele>
      </trkpt>
      <trkpt lat="49.54884" lon="21.72065">
        <ele>353.6</ele>
      </trkpt>
      <trkpt lat="49.5487" lon="21.7211">
        <ele>354.9</ele>
      </trkpt>
      <trkpt lat="49.54852" lon="21.72146">
        <ele>355.1</ele>
      </trkpt>
      <trkpt lat="49.54828" lon="21.72183">
        <ele>355.7</ele>
      </trkpt>
      <trkpt lat="49.54776" lon="21.72253">
        <ele>357.7</ele>
      </trkpt>
      <trkpt lat="49.54762" lon="21.72275">
        <ele>358.1</ele>
      </trkpt>
      <trkpt lat="49.54732" lon="21.72339">
        <ele>359.7</ele>
      </trkpt>
      <trkpt lat="49.54689" lon="21.72447">
        <ele>362.1</ele>
      </trkpt>
      <trkpt lat="49.54658" lon="21.72532">
        <ele>363.3</ele>
      </trkpt>
      <trkpt lat="49.546195" lon="21.726055">
        <ele>365.3</ele>
      </trkpt>
      <trkpt lat="49.54581" lon="21.72679">
        <ele>366.1</ele>
      </trkpt>
      <trkpt lat="49.54534" lon="21.72779">
        <ele>368.6</ele>
      </trkpt>
      <trkpt lat="49.54507" lon="21.7282">
        <ele>369.9</ele>
      </trkpt>
      <trkpt lat="49.54477" lon="21.72858">
        <ele>371.1</ele>
      </trkpt>
      <trkpt lat="49.54464" lon="21.72877">
        <ele>371.4</ele>
      </trkpt>
      <trkpt lat="49.54456" lon="21.72903">
        <ele>371.5</ele>
      </trkpt>
      <trkpt lat="49.54456" lon="21.72927">
        <ele>371.0</ele>
      </trkpt>
      <trkpt lat="49.54458" lon="21.7294">
        <ele>371.0</ele>
      </trkpt>
      <trkpt lat="49.54481" lon="21.72984">
        <ele>370.8</ele>
      </trkpt>
      <trkpt lat="49.54514" lon="21.73035">
        <ele>370.5</ele>
      </trkpt>
      <trkpt lat="49.5452" lon="21.73047">
        <ele>370.5</ele>
      </trkpt>
      <trkpt lat="49.54523" lon="21.73063">
        <ele>370.4</ele>
      </trkpt>
      <trkpt lat="49.54522" lon="21.73134">
        <ele>370.8</ele>
      </trkpt>
      <trkpt lat="49.54518" lon="21.73178">
        <ele>370.9</ele>
      </trkpt>
      <trkpt lat="49.54509" lon="21.73207">
        <ele>370.9</ele>
      </trkpt>
      <trkpt lat="49.54501" lon="21.73222">
        <ele>371.1</ele>
      </trkpt>
      <trkpt lat="49.54485" lon="21.73245">
        <ele>371.6</ele>
      </trkpt>
      <trkpt lat="49.54441" lon="21.73273">
        <ele>373.7</ele>
      </trkpt>
      <trkpt lat="49.54433" lon="21.73281">
        <ele>374.3</ele>
      </trkpt>
      <trkpt lat="49.54427" lon="21.73304">
        <ele>375.2</ele>
      </trkpt>
      <trkpt lat="49.54415" lon="21.73333">
        <ele>376.9</ele>
      </trkpt>
      <trkpt lat="49.54396" lon="21.73352">
        <ele>378.2</ele>
      </trkpt>
      <trkpt lat="49.54344" lon="21.73396">
        <ele>380.4</ele>
      </trkpt>
      <trkpt lat="49.54334" lon="21.73414">
        <ele>381.4</ele>
      </trkpt>
      <trkpt lat="49.5432" lon="21.73467">
        <ele>383.8</ele>
      </trkpt>
      <trkpt lat="49.54322" lon="21.73481">
        <ele>384.7</ele>
      </trkpt>
      <trkpt lat="49.54342" lon="21.73526">
        <ele>388.7</ele>
      </trkpt>
      <trkpt lat="49.54342" lon="21.73537">
        <ele>389.6</ele>
      </trkpt>
      <trkpt lat="49.54336" lon="21.73556">
        <ele>390.7</ele>
      </trkpt>
      <trkpt lat="49.54299" lon="21.736">
        <ele>392.6</ele>
      </trkpt>
      <trkpt lat="49.54269" lon="21.73651">
        <ele>395.2</ele>
      </trkpt>
      <trkpt lat="49.54263" lon="21.73677">
        <ele>396.4</ele>
      </trkpt>
      <trkpt lat="49.5427" lon="21.7376">
        <ele>401.8</ele>
      </trkpt>
      <trkpt lat="49.54268" lon="21.73789">
        <ele>404.7</ele>
      </trkpt>
      <trkpt lat="49.54256" lon="21.73827">
        <ele>407.6</ele>
      </trkpt>
      <trkpt lat="49.54249" lon="21.73855">
        <ele>409.6</ele>
      </trkpt>
      <trkpt lat="49.54245" lon="21.73897">
        <ele>413.2</ele>
      </trkpt>
      <trkpt lat="49.54236" lon="21.73915">
        <ele>414.2</ele>
      </trkpt>
      <trkpt lat="49.541985" lon="21.739575">
        <ele>416.1</ele>
      </trkpt>
      <trkpt lat="49.54161" lon="21.74">
        <ele>417.5</ele>
      </trkpt>
      <trkpt lat="49.5415" lon="21.74022">
        <ele>418.4</ele>
      </trkpt>
      <trkpt lat="49.54131" lon="21.74077">
        <ele>420.6</ele>
      </trkpt>
      <trkpt lat="49.54094" lon="21.74166">
        <ele>426.0</ele>
      </trkpt>
      <trkpt lat="49.54084" lon="21.74202">
        <ele>427.1</ele>
      </trkpt>
      <trkpt lat="49.54075" lon="21.7422">
        <ele>428.1</ele>
      </trkpt>
      <trkpt lat="49.54062" lon="21.74237">
        <ele>429.6</ele>
      </trkpt>
      <trkpt lat="49.54037" lon="21.74258">
        <ele>432.2</ele>
      </trkpt>
      <trkpt lat="49.54029" lon="21.74269">
        <ele>433.0</ele>
      </trkpt>
      <trkpt lat="49.54023" lon="21.74281">
        <ele>434.5</ele>
      </trkpt>
      <trkpt lat="49.54021" lon="21.74294">
        <ele>434.5</ele>
      </trkpt>
      <trkpt lat="49.54021" lon="21.74312">
        <ele>436.2</ele>
      </trkpt>
      <trkpt lat="49.54024" lon="21.74357">
        <ele>441.1</ele>
      </trkpt>
      <trkpt lat="49.54023" lon="21.7437">
        <ele>442.2</ele>
      </trkpt>
      <trkpt lat="49.54017" lon="21.74383">
        <ele>443.1</ele>
      </trkpt>
      <trkpt lat="49.54007" lon="21.74393">
        <ele>443.4</ele>
      </trkpt>
      <trkpt lat="49.53945" lon="21.74435">
        <ele>449.0</ele>
      </trkpt>
      <trkpt lat="49.53926" lon="21.74454">
        <ele>449.4</ele>
      </trkpt>
      <trkpt lat="49.53906" lon="21.7448">
        <ele>449.7</ele>
      </trkpt>
      <trkpt lat="49.53893" lon="21.74505">
        <ele>450.2</ele>
      </trkpt>
      <trkpt lat="49.53847" lon="21.74619">
        <ele>457.1</ele>
      </trkpt>
      <trkpt lat="49.53838" lon="21.74636">
        <ele>457.9</ele>
      </trkpt>
      <trkpt lat="49.538005" lon="21.74683">
        <ele>457.6</ele>
      </trkpt>
      <trkpt lat="49.53763" lon="21.7473">
        <ele>457.2</ele>
      </trkpt>
      <trkpt lat="49.53736" lon="21.74773">
        <ele>457.2</ele>
      </trkpt>
      <trkpt lat="49.53693" lon="21.74854">
        <ele>457.5</ele>
      </trkpt>
      <trkpt lat="49.53666" lon="21.74894">
        <ele>458.7</ele>
      </trkpt>
      <trkpt lat="49.53652" lon="21.74919">
        <ele>459.7</ele>
      </trkpt>
      <trkpt lat="49.53648" lon="21.74935">
        <ele>460.3</ele>
      </trkpt>
      <trkpt lat="49.53646" lon="21.74958">
        <ele>461.0</ele>
      </trkpt>
      <trkpt lat="49.53649" lon="21.75027">
        <ele>461.9</ele>
      </trkpt>
      <trkpt lat="49.53676" lon="21.75125">
        <ele>464.0</ele>
      </trkpt>
      <trkpt lat="49.53693" lon="21.75235">
        <ele>465.9</ele>
      </trkpt>
      <trkpt lat="49.5371" lon="21.75345">
        <ele>468.1</ele>
      </trkpt>
      <trkpt lat="49.53726" lon="21.75397">
        <ele>469.3</ele>
      </trkpt>
      <trkpt lat="49.537665" lon="21.75492">
        <ele>469.9</ele>
      </trkpt>
      <trkpt lat="49.53807" lon="21.75587">
        <ele>468.1</ele>
      </trkpt>
      <trkpt lat="49.53832" lon="21.75631">
        <ele>466.7</ele>
      </trkpt>
      <trkpt lat="49.538883" lon="21.757143">
        <ele>459.2</ele>
      </trkpt>
      <trkpt lat="49.539447" lon="21.757977">
        <ele>448.0</ele>
      </trkpt>
      <trkpt lat="49.54001" lon="21.75881">
        <ele>438.2</ele>
      </trkpt>
      <trkpt lat="49.5402" lon="21.75916">
        <ele>435.5</ele>
      </trkpt>
      <trkpt lat="49.54031" lon="21.75948">
        <ele>432.2</ele>
      </trkpt>
      <trkpt lat="49.5404" lon="21.75986">
        <ele>429.5</ele>
      </trkpt>
      <trkpt lat="49.540555" lon="21.76102">
        <ele>417.9</ele>
      </trkpt>
      <trkpt lat="49.54071" lon="21.76218">
        <ele>410.2</ele>
      </trkpt>
      <trkpt lat="49.54077" lon="21.76249">
        <ele>408.3</ele>
      </trkpt>
      <trkpt lat="49.54123" lon="21.76227">
        <ele>405.2</ele>
      </trkpt>
      <trkpt lat="49.54133" lon="21.7622">
        <ele>404.9</ele>
      </trkpt>
      <trkpt lat="49.54193" lon="21.76156">
        <ele>403.4</ele>
      </trkpt>
      <trkpt lat="49.54222" lon="21.76136">
        <ele>403.1</ele>
      </trkpt>
      <trkpt lat="49.54276" lon="21.76103">
        <ele>402.0</ele>
      </trkpt>
      <trkpt lat="49.54345" lon="21.76074">
        <ele>401.7</ele>
      </trkpt>
      <trkpt lat="49.54353" lon="21.76098">
        <ele>402.9</ele>
      </trkpt>
      <trkpt lat="49.5437" lon="21.76125">
        <ele>405.1</ele>
      </trkpt>
      <trkpt lat="49.54378" lon="21.7613">
        <ele>407.5</ele>
      </trkpt>
      <trkpt lat="49.54385" lon="21.76131">
        <ele>407.5</ele>
      </trkpt>
      <trkpt lat="49.54428" lon="21.76131">
        <ele>412.3</ele>
      </trkpt>
      <trkpt lat="49.54437" lon="21.76145">
        <ele>412.3</ele>
      </trkpt>
      <trkpt lat="49.54442" lon="21.76168">
        <ele>415.5</ele>
      </trkpt>
      <trkpt lat="49.5444" lon="21.762">
        <ele>416.8</ele>
      </trkpt>
      <trkpt lat="49.54442" lon="21.76217">
        <ele>418.3</ele>
      </trkpt>
      <trkpt lat="49.54436" lon="21.76275">
        <ele>420.4</ele>
      </trkpt>
      <trkpt lat="49.54437" lon="21.76298">
        <ele>422.7</ele>
      </trkpt>
      <trkpt lat="49.54448" lon="21.76335">
        <ele>425.4</ele>
      </trkpt>
      <trkpt lat="49.54457" lon="21.76346">
        <ele>426.2</ele>
      </trkpt>
      <trkpt lat="49.54472" lon="21.76351">
        <ele>428.3</ele>
      </trkpt>
      <trkpt lat="49.54506" lon="21.76338">
        <ele>431.7</ele>
      </trkpt>
      <trkpt lat="49.54523" lon="21.76335">
        <ele>433.1</ele>
      </trkpt>
      <trkpt lat="49.54532" lon="21.76338">
        <ele>434.5</ele>
      </trkpt>
      <trkpt lat="49.54536" lon="21.76351">
        <ele>434.5</ele>
      </trkpt>
      <trkpt lat="49.5452" lon="21.76431">
        <ele>437.0</ele>
      </trkpt>
      <trkpt lat="49.545085" lon="21.765025">
        <ele>438.5</ele>
      </trkpt>
      <trkpt lat="49.54497" lon="21.76574">
        <ele>440.0</ele>
      </trkpt>
      <trkpt lat="49.54496" lon="21.76639">
        <ele>443.0</ele>
      </trkpt>
      <trkpt lat="49.54493" lon="21.76662">
        <ele>444.8</ele>
      </trkpt>
      <trkpt lat="49.54486" lon="21.76686">
        <ele>446.0</ele>
      </trkpt>
      <trkpt lat="49.54484" lon="21.76708">
        <ele>446.7</ele>
      </trkpt>
      <trkpt lat="49.54486" lon="21.76781">
        <ele>452.5</ele>
      </trkpt>
      <trkpt lat="49.54485" lon="21.76849">
        <ele>458.5</ele>
      </trkpt>
      <trkpt lat="49.54482" lon="21.76886">
        <ele>460.6</ele>
      </trkpt>
      <trkpt lat="49.54467" lon="21.77001">
        <ele>466.3</ele>
      </trkpt>
      <trkpt lat="49.54451" lon="21.77071">
        <ele>470.4</ele>
      </trkpt>
      <trkpt lat="49.54441" lon="21.77125">
        <ele>472.0</ele>
      </trkpt>
      <trkpt lat="49.5443" lon="21.77206">
        <ele>474.7</ele>
      </trkpt>
      <trkpt lat="49.54422" lon="21.7729">
        <ele>476.1</ele>
      </trkpt>
      <trkpt lat="49.5442" lon="21.77375">
        <ele>477.4</ele>
      </trkpt>
      <trkpt lat="49.54412" lon="21.77455">
        <ele>480.3</ele>
      </trkpt>
      <trkpt lat="49.54415" lon="21.77525">
        <ele>484.6</ele>
      </trkpt>
      <trkpt lat="49.54422" lon="21.77569">
        <ele>488.7</ele>
      </trkpt>
      <trkpt lat="49.54423" lon="21.77606">
        <ele>490.5</ele>
      </trkpt>
      <trkpt lat="49.54419" lon="21.776795">
        <ele>492.3</ele>
      </trkpt>
      <trkpt lat="49.54415" lon="21.77753">
        <ele>494.8</ele>
      </trkpt>
      <trkpt lat="49.54426" lon="21.77777">
        <ele>494.6</ele>
      </trkpt>
      <trkpt lat="49.54438" lon="21.77795">
        <ele>492.1</ele>
      </trkpt>
      <trkpt lat="49.54445" lon="21.7781">
        <ele>492.1</ele>
      </trkpt>
      <trkpt lat="49.54462" lon="21.77832">
        <ele>487.7</ele>
      </trkpt>
      <trkpt lat="49.54468" lon="21.77844">
        <ele>486.8</ele>
      </trkpt>
      <trkpt lat="49.54473" lon="21.77861">
        <ele>485.9</ele>
      </trkpt>
      <trkpt lat="49.54474" lon="21.77881">
        <ele>484.3</ele>
      </trkpt>
      <trkpt lat="49.54471" lon="21.77933">
        <ele>482.2</ele>
      </trkpt>
      <trkpt lat="49.54465" lon="21.77976">
        <ele>481.3</ele>
      </trkpt>
      <trkpt lat="49.54453" lon="21.77994">
        <ele>481.7</ele>
      </trkpt>
      <trkpt lat="49.54443" lon="21.78004">
        <ele>482.5</ele>
      </trkpt>
      <trkpt lat="49.54418" lon="21.78015">
        <ele>485.8</ele>
      </trkpt>
      <trkpt lat="49.54415" lon="21.78022">
        <ele>486.4</ele>
      </trkpt>
      <trkpt lat="49.54403" lon="21.780945">
        <ele>492.6</ele>
      </trkpt>
      <trkpt lat="49.54391" lon="21.78167">
        <ele>498.7</ele>
      </trkpt>
      <trkpt lat="49.5439" lon="21.78202">
        <ele>503.4</ele>
      </trkpt>
      <trkpt lat="49.54394" lon="21.78249">
        <ele>506.0</ele>
      </trkpt>
      <trkpt lat="49.54388" lon="21.78295">
        <ele>508.3</ele>
      </trkpt>
      <trkpt lat="49.54381" lon="21.78314">
        <ele>509.9</ele>
      </trkpt>
      <trkpt lat="49.54371" lon="21.78403">
        <ele>513.4</ele>
      </trkpt>
      <trkpt lat="49.543495" lon="21.78476">
        <ele>514.2</ele>
      </trkpt>
      <trkpt lat="49.54328" lon="21.78549">
        <ele>516.5</ele>
      </trkpt>
      <trkpt lat="49.54319" lon="21.78591">
        <ele>519.2</ele>
      </trkpt>
      <trkpt lat="49.54309" lon="21.78624">
        <ele>522.1</ele>
      </trkpt>
      <trkpt lat="49.54306" lon="21.78663">
        <ele>524.0</ele>
      </trkpt>
      <trkpt lat="49.54304" lon="21.78732">
        <ele>530.6</ele>
      </trkpt>
      <trkpt lat="49.54294" lon="21.78821">
        <ele>538.4</ele>
      </trkpt>
      <trkpt lat="49.54283" lon="21.78948">
        <ele>549.2</ele>
      </trkpt>
      <trkpt lat="49.54285" lon="21.79063">
        <ele>558.9</ele>
      </trkpt>
      <trkpt lat="49.54274" lon="21.79195">
        <ele>570.6</ele>
      </trkpt>
      <trkpt lat="49.54272" lon="21.79277">
        <ele>576.5</ele>
      </trkpt>
      <trkpt lat="49.54268" lon="21.79338">
        <ele>579.8</ele>
      </trkpt>
      <trkpt lat="49.54252" lon="21.79403">
        <ele>585.0</ele>
      </trkpt>
      <trkpt lat="49.54254" lon="21.79429">
        <ele>586.2</ele>
      </trkpt>
      <trkpt lat="49.54263" lon="21.79459">
        <ele>591.1</ele>
      </trkpt>
      <trkpt lat="49.54263" lon="21.7951">
        <ele>592.0</ele>
      </trkpt>
      <trkpt lat="49.5426" lon="21.79532">
        <ele>593.7</ele>
      </trkpt>
      <trkpt lat="49.54252" lon="21.79556">
        <ele>595.0</ele>
      </trkpt>
      <trkpt lat="49.54236" lon="21.79582">
        <ele>596.5</ele>
      </trkpt>
      <trkpt lat="49.54205" lon="21.79641">
        <ele>599.0</ele>
      </trkpt>
      <trkpt lat="49.54186" lon="21.7967">
        <ele>601.1</ele>
      </trkpt>
      <trkpt lat="49.54157" lon="21.79708">
        <ele>603.9</ele>
      </trkpt>
      <trkpt lat="49.54131" lon="21.79735">
        <ele>605.3</ele>
      </trkpt>
      <trkpt lat="49.54112" lon="21.7975">
        <ele>605.9</ele>
      </trkpt>
      <trkpt lat="49.54099" lon="21.79766">
        <ele>606.2</ele>
      </trkpt>
      <trkpt lat="49.54039" lon="21.79854">
        <ele>600.8</ele>
      </trkpt>
      <trkpt lat="49.54031" lon="21.79864">
        <ele>598.3</ele>
      </trkpt>
      <trkpt lat="49.53989" lon="21.79898">
        <ele>593.7</ele>
      </trkpt>
      <trkpt lat="49.539345" lon="21.7994">
        <ele>589.8</ele>
      </trkpt>
      <trkpt lat="49.5388" lon="21.79982">
        <ele>585.1</ele>
      </trkpt>
      <trkpt lat="49.53837" lon="21.80006">
        <ele>580.7</ele>
      </trkpt>
      <trkpt lat="49.53785" lon="21.800325">
        <ele>575.8</ele>
      </trkpt>
      <trkpt lat="49.53733" lon="21.80059">
        <ele>571.4</ele>
      </trkpt>
      <trkpt lat="49.53714" lon="21.80072">
        <ele>568.8</ele>
      </trkpt>
      <trkpt lat="49.53709" lon="21.8008">
        <ele>568.8</ele>
      </trkpt>
      <trkpt lat="49.537" lon="21.80121">
        <ele>564.0</ele>
      </trkpt>
      <trkpt lat="49.53696" lon="21.80132">
        <ele>564.0</ele>
      </trkpt>
      <trkpt lat="49.53638" lon="21.80226">
        <ele>551.6</ele>
      </trkpt>
      <trkpt lat="49.53607" lon="21.80271">
        <ele>546.9</ele>
      </trkpt>
      <trkpt lat="49.53593" lon="21.80287">
        <ele>545.3</ele>
      </trkpt>
      <trkpt lat="49.53581" lon="21.80295">
        <ele>545.3</ele>
      </trkpt>
      <trkpt lat="49.5357" lon="21.803">
        <ele>541.4</ele>
      </trkpt>
      <trkpt lat="49.53545" lon="21.803">
        <ele>539.4</ele>
      </trkpt>
      <trkpt lat="49.53509" lon="21.80291">
        <ele>533.2</ele>
      </trkpt>
      <trkpt lat="49.53435" lon="21.80261">
        <ele>528.1</ele>
      </trkpt>
      <trkpt lat="49.53384" lon="21.802285">
        <ele>520.4</ele>
      </trkpt>
      <trkpt lat="49.53333" lon="21.80196">
        <ele>514.9</ele>
      </trkpt>
      <trkpt lat="49.5331" lon="21.80188">
        <ele>512.8</ele>
      </trkpt>
      <trkpt lat="49.53295" lon="21.80187">
        <ele>512.8</ele>
      </trkpt>
      <trkpt lat="49.53282" lon="21.80189">
        <ele>507.3</ele>
      </trkpt>
      <trkpt lat="49.53268" lon="21.80195">
        <ele>507.3</ele>
      </trkpt>
      <trkpt lat="49.53216" lon="21.80229">
        <ele>498.3</ele>
      </trkpt>
      <trkpt lat="49.53188" lon="21.80243">
        <ele>495.4</ele>
      </trkpt>
      <trkpt lat="49.53131" lon="21.80246">
        <ele>488.9</ele>
      </trkpt>
      <trkpt lat="49.5307" lon="21.80262">
        <ele>481.5</ele>
      </trkpt>
      <trkpt lat="49.53045" lon="21.80261">
        <ele>480.0</ele>
      </trkpt>
      <trkpt lat="49.53009" lon="21.80252">
        <ele>478.5</ele>
      </trkpt>
      <trkpt lat="49.52996" lon="21.80253">
        <ele>478.6</ele>
      </trkpt>
      <trkpt lat="49.52987" lon="21.80256">
        <ele>478.8</ele>
      </trkpt>
      <trkpt lat="49.52916" lon="21.802965">
        <ele>482.1</ele>
      </trkpt>
      <trkpt lat="49.52845" lon="21.80337">
        <ele>483.5</ele>
      </trkpt>
      <trkpt lat="49.52791" lon="21.80366">
        <ele>482.6</ele>
      </trkpt>
      <trkpt lat="49.52737" lon="21.80395">
        <ele>480.2</ele>
      </trkpt>
      <trkpt lat="49.526725" lon="21.804195">
        <ele>473.9</ele>
      </trkpt>
      <trkpt lat="49.52608" lon="21.80444">
        <ele>467.5</ele>
      </trkpt>
      <trkpt lat="49.52597" lon="21.80456">
        <ele>464.8</ele>
      </trkpt>
      <trkpt lat="49.52593" lon="21.80477">
        <ele>463.1</ele>
      </trkpt>
      <trkpt lat="49.525977" lon="21.805743">
        <ele>459.2</ele>
      </trkpt>
      <trkpt lat="49.526023" lon="21.806717">
        <ele>454.6</ele>
      </trkpt>
      <trkpt lat="49.52607" lon="21.80769">
        <ele>449.6</ele>
      </trkpt>
      <trkpt lat="49.52605" lon="21.808385">
        <ele>445.8</ele>
      </trkpt>
      <trkpt lat="49.52603" lon="21.80908">
        <ele>442.9</ele>
      </trkpt>
      <trkpt lat="49.525985" lon="21.80992">
        <ele>439.5</ele>
      </trkpt>
      <trkpt lat="49.52594" lon="21.81076">
        <ele>438.2</ele>
      </trkpt>
      <trkpt lat="49.52592" lon="21.81096">
        <ele>437.9</ele>
      </trkpt>
      <trkpt lat="49.52571" lon="21.81176">
        <ele>436.6</ele>
      </trkpt>
      <trkpt lat="49.525425" lon="21.812555">
        <ele>435.9</ele>
      </trkpt>
      <trkpt lat="49.52514" lon="21.81335">
        <ele>434.8</ele>
      </trkpt>
      <trkpt lat="49.525" lon="21.81404">
        <ele>432.9</ele>
      </trkpt>
      <trkpt lat="49.52489" lon="21.815367">
        <ele>427.8</ele>
      </trkpt>
      <trkpt lat="49.52478" lon="21.816693">
        <ele>425.7</ele>
      </trkpt>
      <trkpt lat="49.52467" lon="21.81802">
        <ele>423.1</ele>
      </trkpt>
      <trkpt lat="49.52456" lon="21.819347">
        <ele>420.2</ele>
      </trkpt>
      <trkpt lat="49.52445" lon="21.820673">
        <ele>416.9</ele>
      </trkpt>
      <trkpt lat="49.52434" lon="21.822">
        <ele>416.6</ele>
      </trkpt>
      <trkpt lat="49.52431" lon="21.82209">
        <ele>416.6</ele>
      </trkpt>
      <trkpt lat="49.52441" lon="21.82216">
        <ele>416.6</ele>
      </trkpt>
      <trkpt lat="49.5247" lon="21.82249">
        <ele>415.7</ele>
      </trkpt>
      <trkpt lat="49.52523" lon="21.82328">
        <ele>414.0</ele>
      </trkpt>
      <trkpt lat="49.52489" lon="21.82388">
        <ele>419.3</ele>
      </trkpt>
      <trkpt lat="49.52443" lon="21.82475">
        <ele>431.2</ele>
      </trkpt>
      <trkpt lat="49.52433" lon="21.82486">
        <ele>433.4</ele>
      </trkpt>
      <trkpt lat="49.52418" lon="21.82493">
        <ele>434.4</ele>
      </trkpt>
      <trkpt lat="49.52354" lon="21.82513">
        <ele>441.8</ele>
      </trkpt>
      <trkpt lat="49.52343" lon="21.82519">
        <ele>442.8</ele>
      </trkpt>
      <trkpt lat="49.5233" lon="21.82531">
        <ele>444.6</ele>
      </trkpt>
      <trkpt lat="49.52305" lon="21.82561">
        <ele>450.3</ele>
      </trkpt>
      <trkpt lat="49.52277" lon="21.82601">
        <ele>455.8</ele>
      </trkpt>
      <trkpt lat="49.52231" lon="21.82653">
        <ele>463.9</ele>
      </trkpt>
      <trkpt lat="49.5221" lon="21.82685">
        <ele>467.4</ele>
      </trkpt>
      <trkpt lat="49.52152" lon="21.8279">
        <ele>473.0</ele>
      </trkpt>
      <trkpt lat="49.52094" lon="21.82895">
        <ele>482.8</ele>
      </trkpt>
      <trkpt lat="49.52084" lon="21.82919">
        <ele>485.7</ele>
      </trkpt>
      <trkpt lat="49.52076" lon="21.82949">
        <ele>487.0</ele>
      </trkpt>
      <trkpt lat="49.52066" lon="21.83016">
        <ele>489.7</ele>
      </trkpt>
      <trkpt lat="49.52055" lon="21.83105">
        <ele>490.8</ele>
      </trkpt>
      <trkpt lat="49.52044" lon="21.83194">
        <ele>489.8</ele>
      </trkpt>
      <trkpt lat="49.52032" lon="21.83264">
        <ele>488.6</ele>
      </trkpt>
      <trkpt lat="49.52009" lon="21.8334">
        <ele>486.6</ele>
      </trkpt>
      <trkpt lat="49.51976" lon="21.83425">
        <ele>483.0</ele>
      </trkpt>
      <trkpt lat="49.51943" lon="21.8351">
        <ele>476.6</ele>
      </trkpt>
      <trkpt lat="49.5191" lon="21.83595">
        <ele>468.8</ele>
      </trkpt>
      <trkpt lat="49.51904" lon="21.83616">
        <ele>469.2</ele>
      </trkpt>
      <trkpt lat="49.518895" lon="21.83683">
        <ele>475.7</ele>
      </trkpt>
      <trkpt lat="49.51875" lon="21.8375">
        <ele>481.5</ele>
      </trkpt>
      <trkpt lat="49.51851" lon="21.83833">
        <ele>489.2</ele>
      </trkpt>
      <trkpt lat="49.51845" lon="21.83852">
        <ele>490.1</ele>
      </trkpt>
      <trkpt lat="49.51821" lon="21.83895">
        <ele>493.7</ele>
      </trkpt>
      <trkpt lat="49.5179" lon="21.83942">
        <ele>497.3</ele>
      </trkpt>
      <trkpt lat="49.51772" lon="21.83973">
        <ele>498.5</ele>
      </trkpt>
      <trkpt lat="49.51739" lon="21.84045">
        <ele>504.3</ele>
      </trkpt>
      <trkpt lat="49.51712" lon="21.84092">
        <ele>510.1</ele>
      </trkpt>
      <trkpt lat="49.51669" lon="21.84186">
        <ele>522.5</ele>
      </trkpt>
      <trkpt lat="49.51653" lon="21.84232">
        <ele>527.7</ele>
      </trkpt>
      <trkpt lat="49.51638" lon="21.84264">
        <ele>530.5</ele>
      </trkpt>
      <trkpt lat="49.51579" lon="21.84352">
        <ele>539.7</ele>
      </trkpt>
      <trkpt lat="49.51536" lon="21.84448">
        <ele>549.0</ele>
      </trkpt>
      <trkpt lat="49.51518" lon="21.84474">
        <ele>552.8</ele>
      </trkpt>
      <trkpt lat="49.51474" lon="21.84512">
        <ele>557.7</ele>
      </trkpt>
      <trkpt lat="49.51452" lon="21.8454">
        <ele>563.4</ele>
      </trkpt>
      <trkpt lat="49.51407" lon="21.846035">
        <ele>570.5</ele>
      </trkpt>
      <trkpt lat="49.51362" lon="21.84667">
        <ele>579.4</ele>
      </trkpt>
      <trkpt lat="49.51346" lon="21.8468">
        <ele>580.4</ele>
      </trkpt>
      <trkpt lat="49.51293" lon="21.84703">
        <ele>586.8</ele>
      </trkpt>
      <trkpt lat="49.51277" lon="21.84716">
        <ele>589.2</ele>
      </trkpt>
      <trkpt lat="49.51225" lon="21.84768">
        <ele>594.3</ele>
      </trkpt>
      <trkpt lat="49.51208" lon="21.84782">
        <ele>595.6</ele>
      </trkpt>
      <trkpt lat="49.5119" lon="21.84786">
        <ele>596.3</ele>
      </trkpt>
      <trkpt lat="49.51135" lon="21.84777">
        <ele>601.3</ele>
      </trkpt>
      <trkpt lat="49.51119" lon="21.84781">
        <ele>602.7</ele>
      </trkpt>
      <trkpt lat="49.51062" lon="21.84827">
        <ele>612.1</ele>
      </trkpt>
      <trkpt lat="49.51018" lon="21.84865">
        <ele>616.9</ele>
      </trkpt>
      <trkpt lat="49.50994" lon="21.8489">
        <ele>618.5</ele>
      </trkpt>
      <trkpt lat="49.50956" lon="21.84934">
        <ele>617.2</ele>
      </trkpt>
      <trkpt lat="49.50943" lon="21.84944">
        <ele>615.4</ele>
      </trkpt>
      <trkpt lat="49.50928" lon="21.84951">
        <ele>614.7</ele>
      </trkpt>
      <trkpt lat="49.5091" lon="21.8495">
        <ele>614.1</ele>
      </trkpt>
      <trkpt lat="49.50886" lon="21.84941">
        <ele>614.0</ele>
      </trkpt>
      <trkpt lat="49.50862" lon="21.84927">
        <ele>614.3</ele>
      </trkpt>
      <trkpt lat="49.50847" lon="21.84916">
        <ele>614.3</ele>
      </trkpt>
      <trkpt lat="49.50795" lon="21.84894">
        <ele>613.9</ele>
      </trkpt>
      <trkpt lat="49.50743" lon="21.84872">
        <ele>613.6</ele>
      </trkpt>
      <trkpt lat="49.50694" lon="21.848555">
        <ele>613.5</ele>
      </trkpt>
      <trkpt lat="49.50645" lon="21.84839">
        <ele>614.3</ele>
      </trkpt>
      <trkpt lat="49.5061" lon="21.84833">
        <ele>614.3</ele>
      </trkpt>
      <trkpt lat="49.50581" lon="21.84834">
        <ele>615.0</ele>
      </trkpt>
      <trkpt lat="49.50506" lon="21.84844">
        <ele>616.2</ele>
      </trkpt>
      <trkpt lat="49.5047" lon="21.84843">
        <ele>616.8</ele>
      </trkpt>
      <trkpt lat="49.50401" lon="21.84832">
        <ele>617.2</ele>
      </trkpt>
      <trkpt lat="49.50347" lon="21.84819">
        <ele>617.7</ele>
      </trkpt>
      <trkpt lat="49.50325" lon="21.84811">
        <ele>617.7</ele>
      </trkpt>
      <trkpt lat="49.50313" lon="21.84802">
        <ele>617.6</ele>
      </trkpt>
      <trkpt lat="49.50276" lon="21.84821">
        <ele>617.2</ele>
      </trkpt>
      <trkpt lat="49.50196" lon="21.84834">
        <ele>617.8</ele>
      </trkpt>
      <trkpt lat="49.50173" lon="21.84834">
        <ele>618.6</ele>
      </trkpt>
      <trkpt lat="49.50139" lon="21.84843">
        <ele>620.3</ele>
      </trkpt>
      <trkpt lat="49.50089" lon="21.84863">
        <ele>622.0</ele>
      </trkpt>
      <trkpt lat="49.50061" lon="21.84872">
        <ele>622.7</ele>
      </trkpt>
      <trkpt lat="49.50024" lon="21.84891">
        <ele>623.7</ele>
      </trkpt>
      <trkpt lat="49.50003" lon="21.84895">
        <ele>623.9</ele>
      </trkpt>
      <trkpt lat="49.49939" lon="21.84901">
        <ele>626.4</ele>
      </trkpt>
      <trkpt lat="49.4989" lon="21.84909">
        <ele>627.3</ele>
      </trkpt>
      <trkpt lat="49.49872" lon="21.84915">
        <ele>626.9</ele>
      </trkpt>
      <trkpt lat="49.49858" lon="21.84923">
        <ele>626.2</ele>
      </trkpt>
      <trkpt lat="49.49838" lon="21.84939">
        <ele>625.7</ele>
      </trkpt>
      <trkpt lat="49.498015" lon="21.84982">
        <ele>624.6</ele>
      </trkpt>
      <trkpt lat="49.49765" lon="21.85025">
        <ele>622.6</ele>
      </trkpt>
      <trkpt lat="49.4975" lon="21.85038">
        <ele>620.3</ele>
      </trkpt>
      <trkpt lat="49.49707" lon="21.8507">
        <ele>617.4</ele>
      </trkpt>
      <trkpt lat="49.49685" lon="21.85082">
        <ele>614.6</ele>
      </trkpt>
      <trkpt lat="49.49665" lon="21.85087">
        <ele>613.2</ele>
      </trkpt>
      <trkpt lat="49.49588" lon="21.85094">
        <ele>610.5</ele>
      </trkpt>
      <trkpt lat="49.4951" lon="21.85111">
        <ele>608.4</ele>
      </trkpt>
      <trkpt lat="49.49499" lon="21.8512">
        <ele>607.7</ele>
      </trkpt>
      <trkpt lat="49.49475" lon="21.85132">
        <ele>606.1</ele>
      </trkpt>
      <trkpt lat="49.49459" lon="21.85142">
        <ele>604.1</ele>
      </trkpt>
      <trkpt lat="49.49446" lon="21.85158">
        <ele>600.1</ele>
      </trkpt>
      <trkpt lat="49.49436" lon="21.85176">
        <ele>599.0</ele>
      </trkpt>
      <trkpt lat="49.49411" lon="21.8523">
        <ele>594.4</ele>
      </trkpt>
      <trkpt lat="49.4938" lon="21.85276">
        <ele>589.9</ele>
      </trkpt>
      <trkpt lat="49.49371" lon="21.85296">
        <ele>589.9</ele>
      </trkpt>
      <trkpt lat="49.49345" lon="21.85389">
        <ele>583.3</ele>
      </trkpt>
      <trkpt lat="49.4938" lon="21.85408">
        <ele>581.6</ele>
      </trkpt>
      <trkpt lat="49.49405" lon="21.85424">
        <ele>579.5</ele>
      </trkpt>
      <trkpt lat="49.49414" lon="21.85437">
        <ele>578.9</ele>
      </trkpt>
      <trkpt lat="49.49444" lon="21.85498">
        <ele>575.2</ele>
      </trkpt>
      <trkpt lat="49.49451" lon="21.8552">
        <ele>573.6</ele>
      </trkpt>
      <trkpt lat="49.49452" lon="21.8554">
        <ele>572.2</ele>
      </trkpt>
      <trkpt lat="49.494495" lon="21.85629">
        <ele>565.1</ele>
      </trkpt>
      <trkpt lat="49.49447" lon="21.85718">
        <ele>560.1</ele>
      </trkpt>
      <trkpt lat="49.4945" lon="21.85749">
        <ele>557.1</ele>
      </trkpt>
      <trkpt lat="49.49454" lon="21.8577">
        <ele>555.6</ele>
      </trkpt>
      <trkpt lat="49.49461" lon="21.85792">
        <ele>553.5</ele>
      </trkpt>
      <trkpt lat="49.49471" lon="21.85813">
        <ele>553.5</ele>
      </trkpt>
      <trkpt lat="49.495055" lon="21.858675">
        <ele>546.1</ele>
      </trkpt>
      <trkpt lat="49.4954" lon="21.85922">
        <ele>542.8</ele>
      </trkpt>
      <trkpt lat="49.49568" lon="21.85984">
        <ele>541.4</ele>
      </trkpt>
      <trkpt lat="49.49583" lon="21.86009">
        <ele>540.5</ele>
      </trkpt>
      <trkpt lat="49.49636" lon="21.86076">
        <ele>539.3</ele>
      </trkpt>
      <trkpt lat="49.49689" lon="21.86143">
        <ele>537.3</ele>
      </trkpt>
      <trkpt lat="49.49739" lon="21.86211">
        <ele>532.8</ele>
      </trkpt>
      <trkpt lat="49.497755" lon="21.862555">
        <ele>528.3</ele>
      </trkpt>
      <trkpt lat="49.49812" lon="21.863">
        <ele>522.7</ele>
      </trkpt>
      <trkpt lat="49.498725" lon="21.863775">
        <ele>519.7</ele>
      </trkpt>
      <trkpt lat="49.49933" lon="21.86455">
        <ele>515.5</ele>
      </trkpt>
      <trkpt lat="49.499815" lon="21.86521">
        <ele>512.9</ele>
      </trkpt>
      <trkpt lat="49.5003" lon="21.86587">
        <ele>509.6</ele>
      </trkpt>
      <trkpt lat="49.50081" lon="21.86643">
        <ele>505.7</ele>
      </trkpt>
      <trkpt lat="49.50113" lon="21.86691">
        <ele>504.7</ele>
      </trkpt>
      <trkpt lat="49.50156" lon="21.86737">
        <ele>503.5</ele>
      </trkpt>
      <trkpt lat="49.50161" lon="21.86747">
        <ele>503.0</ele>
      </trkpt>
      <trkpt lat="49.50164" lon="21.86763">
        <ele>503.0</ele>
      </trkpt>
      <trkpt lat="49.50172" lon="21.86782">
        <ele>502.6</ele>
      </trkpt>
      <trkpt lat="49.50193" lon="21.86814">
        <ele>502.2</ele>
      </trkpt>
      <trkpt lat="49.502385" lon="21.869015">
        <ele>500.3</ele>
      </trkpt>
      <trkpt lat="49.50284" lon="21.86989">
        <ele>496.1</ele>
      </trkpt>
      <trkpt lat="49.50314" lon="21.87038">
        <ele>493.8</ele>
      </trkpt>
      <trkpt lat="49.50332" lon="21.87048">
        <ele>493.2</ele>
      </trkpt>
      <trkpt lat="49.50358" lon="21.87067">
        <ele>492.9</ele>
      </trkpt>
      <trkpt lat="49.5037" lon="21.87079">
        <ele>492.0</ele>
      </trkpt>
      <trkpt lat="49.50381" lon="21.87099">
        <ele>491.4</ele>
      </trkpt>
      <trkpt lat="49.50394" lon="21.87157">
        <ele>488.2</ele>
      </trkpt>
      <trkpt lat="49.50399" lon="21.87173">
        <ele>487.8</ele>
      </trkpt>
      <trkpt lat="49.50406" lon="21.87186">
        <ele>487.3</ele>
      </trkpt>
      <trkpt lat="49.50443" lon="21.87231">
        <ele>484.9</ele>
      </trkpt>
      <trkpt lat="49.50477" lon="21.87267">
        <ele>484.3</ele>
      </trkpt>
      <trkpt lat="49.50494" lon="21.87297">
        <ele>484.6</ele>
      </trkpt>
      <trkpt lat="49.50502" lon="21.87324">
        <ele>485.6</ele>
      </trkpt>
      <trkpt lat="49.50515" lon="21.87387">
        <ele>485.4</ele>
      </trkpt>
      <trkpt lat="49.50529" lon="21.87412">
        <ele>484.7</ele>
      </trkpt>
      <trkpt lat="49.50585" lon="21.87489">
        <ele>480.2</ele>
      </trkpt>
      <trkpt lat="49.50599" lon="21.87511">
        <ele>479.6</ele>
      </trkpt>
      <trkpt lat="49.50614" lon="21.87542">
        <ele>478.8</ele>
      </trkpt>
      <trkpt lat="49.50642" lon="21.87609">
        <ele>477.4</ele>
      </trkpt>
      <trkpt lat="49.50681" lon="21.87652">
        <ele>475.9</ele>
      </trkpt>
      <trkpt lat="49.50746" lon="21.877135">
        <ele>472.5</ele>
      </trkpt>
      <trkpt lat="49.50811" lon="21.87775">
        <ele>470.5</ele>
      </trkpt>
      <trkpt lat="49.5083" lon="21.87786">
        <ele>469.7</ele>
      </trkpt>
      <trkpt lat="49.50894" lon="21.87816">
        <ele>467.1</ele>
      </trkpt>
      <trkpt lat="49.50933" lon="21.87843">
        <ele>465.1</ele>
      </trkpt>
      <trkpt lat="49.50944" lon="21.87853">
        <ele>465.1</ele>
      </trkpt>
      <trkpt lat="49.5096" lon="21.87875">
        <ele>465.1</ele>
      </trkpt>
      <trkpt lat="49.50985" lon="21.87926">
        <ele>462.0</ele>
      </trkpt>
      <trkpt lat="49.50998" lon="21.87947">
        <ele>461.3</ele>
      </trkpt>
      <trkpt lat="49.510365" lon="21.8799">
        <ele>459.0</ele>
      </trkpt>
      <trkpt lat="49.51075" lon="21.88033">
        <ele>457.2</ele>
      </trkpt>
      <trkpt lat="49.51096" lon="21.88052">
        <ele>457.2</ele>
      </trkpt>
      <trkpt lat="49.5116" lon="21.88094">
        <ele>455.2</ele>
      </trkpt>
      <trkpt lat="49.51177" lon="21.88112">
        <ele>454.6</ele>
      </trkpt>
      <trkpt lat="49.51186" lon="21.88134">
        <ele>454.6</ele>
      </trkpt>
      <trkpt lat="49.51193" lon="21.88191">
        <ele>453.3</ele>
      </trkpt>
      <trkpt lat="49.512033" lon="21.883263">
        <ele>452.7</ele>
      </trkpt>
      <trkpt lat="49.512137" lon="21.884617">
        <ele>449.3</ele>
      </trkpt>
      <trkpt lat="49.51224" lon="21.88597">
        <ele>442.6</ele>
      </trkpt>
      <trkpt lat="49.51223" lon="21.88613">
        <ele>442.2</ele>
      </trkpt>
      <trkpt lat="49.51215" lon="21.88654">
        <ele>441.7</ele>
      </trkpt>
      <trkpt lat="49.51198" lon="21.88695">
        <ele>439.1</ele>
      </trkpt>
      <trkpt lat="49.51161" lon="21.88756">
        <ele>438.1</ele>
      </trkpt>
      <trkpt lat="49.51124" lon="21.88817">
        <ele>436.6</ele>
      </trkpt>
      <trkpt lat="49.51109" lon="21.88858">
        <ele>435.1</ele>
      </trkpt>
      <trkpt lat="49.510905" lon="21.88957">
        <ele>433.8</ele>
      </trkpt>
      <trkpt lat="49.51072" lon="21.89056">
        <ele>433.4</ele>
      </trkpt>
      <trkpt lat="49.510505" lon="21.8913">
        <ele>432.4</ele>
      </trkpt>
      <trkpt lat="49.51029" lon="21.89204">
        <ele>430.2</ele>
      </trkpt>
      <trkpt lat="49.5101" lon="21.893">
        <ele>428.1</ele>
      </trkpt>
      <trkpt lat="49.51005" lon="21.89378">
        <ele>427.8</ele>
      </trkpt>
      <trkpt lat="49.510085" lon="21.895055">
        <ele>427.2</ele>
      </trkpt>
      <trkpt lat="49.51012" lon="21.89633">
        <ele>423.9</ele>
      </trkpt>
      <trkpt lat="49.51011" lon="21.89717">
        <ele>420.7</ele>
      </trkpt>
      <trkpt lat="49.51001" lon="21.89841">
        <ele>415.5</ele>
      </trkpt>
      <trkpt lat="49.50991" lon="21.89965">
        <ele>410.8</ele>
      </trkpt>
      <trkpt lat="49.509885" lon="21.900565">
        <ele>412.6</ele>
      </trkpt>
      <trkpt lat="49.50986" lon="21.90148">
        <ele>414.2</ele>
      </trkpt>
      <trkpt lat="49.50983" lon="21.9021">
        <ele>414.7</ele>
      </trkpt>
      <trkpt lat="49.509725" lon="21.90315">
        <ele>415.4</ele>
      </trkpt>
      <trkpt lat="49.50962" lon="21.9042">
        <ele>415.2</ele>
      </trkpt>
      <trkpt lat="49.509505" lon="21.90515">
        <ele>412.5</ele>
      </trkpt>
      <trkpt lat="49.50939" lon="21.9061">
        <ele>411.5</ele>
      </trkpt>
      <trkpt lat="49.509378" lon="21.907213">
        <ele>407.6</ele>
      </trkpt>
      <trkpt lat="49.509365" lon="21.908325">
        <ele>403.3</ele>
      </trkpt>
      <trkpt lat="49.509353" lon="21.909438">
        <ele>400.0</ele>
      </trkpt>
      <trkpt lat="49.50934" lon="21.91055">
        <ele>397.3</ele>
      </trkpt>
      <trkpt lat="49.5093" lon="21.91148">
        <ele>394.7</ele>
      </trkpt>
      <trkpt lat="49.50924" lon="21.91208">
        <ele>392.7</ele>
      </trkpt>
      <trkpt lat="49.50915" lon="21.91259">
        <ele>388.5</ele>
      </trkpt>
      <trkpt lat="49.50901" lon="21.91321">
        <ele>387.4</ele>
      </trkpt>
      <trkpt lat="49.50867" lon="21.91446">
        <ele>383.1</ele>
      </trkpt>
      <trkpt lat="49.509125" lon="21.91485">
        <ele>378.0</ele>
      </trkpt>
      <trkpt lat="49.50958" lon="21.91524">
        <ele>379.6</ele>
      </trkpt>
      <trkpt lat="49.510265" lon="21.915875">
        <ele>384.5</ele>
      </trkpt>
      <trkpt lat="49.51095" lon="21.91651">
        <ele>383.8</ele>
      </trkpt>
      <trkpt lat="49.51109" lon="21.91672">
        <ele>383.2</ele>
      </trkpt>
      <trkpt lat="49.51141" lon="21.91737">
        <ele>382.5</ele>
      </trkpt>
      <trkpt lat="49.51192" lon="21.91848">
        <ele>381.8</ele>
      </trkpt>
      <trkpt lat="49.51243" lon="21.91959">
        <ele>381.4</ele>
      </trkpt>
      <trkpt lat="49.51255" lon="21.91979">
        <ele>380.8</ele>
      </trkpt>
      <trkpt lat="49.51315" lon="21.92041">
        <ele>380.3</ele>
      </trkpt>
      <trkpt lat="49.51375" lon="21.92103">
        <ele>379.7</ele>
      </trkpt>
      <trkpt lat="49.51399" lon="21.92127">
        <ele>379.6</ele>
      </trkpt>
      <trkpt lat="49.51441" lon="21.92155">
        <ele>379.0</ele>
      </trkpt>
      <trkpt lat="49.51492" lon="21.921835">
        <ele>378.0</ele>
      </trkpt>
      <trkpt lat="49.51543" lon="21.92212">
        <ele>377.6</ele>
      </trkpt>
      <trkpt lat="49.51601" lon="21.9224">
        <ele>376.7</ele>
      </trkpt>
      <trkpt lat="49.516745" lon="21.9228">
        <ele>375.9</ele>
      </trkpt>
      <trkpt lat="49.51748" lon="21.9232">
        <ele>375.2</ele>
      </trkpt>
      <trkpt lat="49.51778" lon="21.92331">
        <ele>375.0</ele>
      </trkpt>
      <trkpt lat="49.51851" lon="21.923535">
        <ele>374.5</ele>
      </trkpt>
      <trkpt lat="49.51924" lon="21.92376">
        <ele>373.8</ele>
      </trkpt>
      <trkpt lat="49.519893" lon="21.923957">
        <ele>373.2</ele>
      </trkpt>
      <trkpt lat="49.520547" lon="21.924153">
        <ele>372.9</ele>
      </trkpt>
      <trkpt lat="49.5212" lon="21.92435">
        <ele>372.0</ele>
      </trkpt>
      <trkpt lat="49.521775" lon="21.92452">
        <ele>371.4</ele>
      </trkpt>
      <trkpt lat="49.52235" lon="21.92469">
        <ele>370.6</ele>
      </trkpt>
      <trkpt lat="49.52262" lon="21.92475">
        <ele>370.6</ele>
      </trkpt>
      <trkpt lat="49.52322" lon="21.92482">
        <ele>369.4</ele>
      </trkpt>
      <trkpt lat="49.523942" lon="21.924856">
        <ele>368.6</ele>
      </trkpt>
      <trkpt lat="49.524664" lon="21.924892">
        <ele>367.7</ele>
      </trkpt>
      <trkpt lat="49.525386" lon="21.924928">
        <ele>362.9</ele>
      </trkpt>
      <trkpt lat="49.526108" lon="21.924964">
        <ele>357.5</ele>
      </trkpt>
      <trkpt lat="49.52683" lon="21.925">
        <ele>351.8</ele>
      </trkpt>
      <trkpt lat="49.52716" lon="21.92505">
        <ele>352.1</ele>
      </trkpt>
      <trkpt lat="49.52739" lon="21.92517">
        <ele>352.8</ele>
      </trkpt>
      <trkpt lat="49.52777" lon="21.9255">
        <ele>354.3</ele>
      </trkpt>
      <trkpt lat="49.5281" lon="21.92572">
        <ele>356.5</ele>
      </trkpt>
      <trkpt lat="49.52838" lon="21.9258">
        <ele>356.8</ele>
      </trkpt>
      <trkpt lat="49.52853" lon="21.9258">
        <ele>356.4</ele>
      </trkpt>
      <trkpt lat="49.52873" lon="21.92577">
        <ele>356.0</ele>
      </trkpt>
      <trkpt lat="49.52895" lon="21.92571">
        <ele>354.8</ele>
      </trkpt>
      <trkpt lat="49.529783" lon="21.92548">
        <ele>351.1</ele>
      </trkpt>
      <trkpt lat="49.530617" lon="21.92525">
        <ele>348.1</ele>
      </trkpt>
      <trkpt lat="49.53145" lon="21.92502">
        <ele>342.2</ele>
      </trkpt>
      <trkpt lat="49.53157" lon="21.92504">
        <ele>342.0</ele>
      </trkpt>
      <trkpt lat="49.53174" lon="21.92516">
        <ele>341.7</ele>
      </trkpt>
      <trkpt lat="49.53233" lon="21.92585">
        <ele>342.6</ele>
      </trkpt>
      <trkpt lat="49.53248" lon="21.92594">
        <ele>342.7</ele>
      </trkpt>
      <trkpt lat="49.53261" lon="21.92598">
        <ele>342.9</ele>
      </trkpt>
      <trkpt lat="49.53275" lon="21.92597">
        <ele>343.0</ele>
      </trkpt>
      <trkpt lat="49.53314" lon="21.92589">
        <ele>346.1</ele>
      </trkpt>
      <trkpt lat="49.53333" lon="21.92596">
        <ele>347.0</ele>
      </trkpt>
      <trkpt lat="49.53345" lon="21.92608">
        <ele>347.0</ele>
      </trkpt>
      <trkpt lat="49.533935" lon="21.926635">
        <ele>351.4</ele>
      </trkpt>
      <trkpt lat="49.53442" lon="21.92719">
        <ele>354.4</ele>
      </trkpt>
      <trkpt lat="49.53453" lon="21.92736">
        <ele>355.7</ele>
      </trkpt>
      <trkpt lat="49.53472" lon="21.92778">
        <ele>358.3</ele>
      </trkpt>
      <trkpt lat="49.53486" lon="21.92815">
        <ele>359.1</ele>
      </trkpt>
      <trkpt lat="49.53492" lon="21.92852">
        <ele>360.2</ele>
      </trkpt>
      <trkpt lat="49.53494" lon="21.92957">
        <ele>360.9</ele>
      </trkpt>
      <trkpt lat="49.53498" lon="21.92998">
        <ele>361.2</ele>
      </trkpt>
      <trkpt lat="49.53513" lon="21.93044">
        <ele>361.2</ele>
      </trkpt>
      <trkpt lat="49.53552" lon="21.931155">
        <ele>361.4</ele>
      </trkpt>
      <trkpt lat="49.53591" lon="21.93187">
        <ele>361.6</ele>
      </trkpt>
      <trkpt lat="49.53611" lon="21.93211">
        <ele>361.5</ele>
      </trkpt>
      <trkpt lat="49.53642" lon="21.93233">
        <ele>360.9</ele>
      </trkpt>
      <trkpt lat="49.536905" lon="21.93262">
        <ele>360.3</ele>
      </trkpt>
      <trkpt lat="49.53739" lon="21.93291">
        <ele>359.6</ele>
      </trkpt>
      <trkpt lat="49.53775" lon="21.93307">
        <ele>359.4</ele>
      </trkpt>
      <trkpt lat="49.538427" lon="21.93328">
        <ele>358.5</ele>
      </trkpt>
      <trkpt lat="49.539103" lon="21.93349">
        <ele>357.6</ele>
      </trkpt>
      <trkpt lat="49.53978" lon="21.9337">
        <ele>357.2</ele>
      </trkpt>
      <trkpt lat="49.54015" lon="21.93384">
        <ele>356.8</ele>
      </trkpt>
      <trkpt lat="49.540873" lon="21.934183">
        <ele>356.1</ele>
      </trkpt>
      <trkpt lat="49.541597" lon="21.934527">
        <ele>355.6</ele>
      </trkpt>
      <trkpt lat="49.54232" lon="21.93487">
        <ele>355.5</ele>
      </trkpt>
      <trkpt lat="49.5425" lon="21.93501">
        <ele>355.1</ele>
      </trkpt>
      <trkpt lat="49.54281" lon="21.93535">
        <ele>355.1</ele>
      </trkpt>
      <trkpt lat="49.54325" lon="21.9359">
        <ele>355.0</ele>
      </trkpt>
      <trkpt lat="49.543615" lon="21.93632">
        <ele>354.9</ele>
      </trkpt>
      <trkpt lat="49.54398" lon="21.93674">
        <ele>354.4</ele>
      </trkpt>
      <trkpt lat="49.54427" lon="21.93701">
        <ele>354.2</ele>
      </trkpt>
      <trkpt lat="49.54445" lon="21.93715">
        <ele>354.2</ele>
      </trkpt>
      <trkpt lat="49.54494" lon="21.93742">
        <ele>353.5</ele>
      </trkpt>
      <trkpt lat="49.545555" lon="21.93773">
        <ele>353.1</ele>
      </trkpt>
      <trkpt lat="49.54617" lon="21.93804">
        <ele>352.5</ele>
      </trkpt>
      <trkpt lat="49.546775" lon="21.938385">
        <ele>351.6</ele>
      </trkpt>
      <trkpt lat="49.54738" lon="21.93873">
        <ele>351.2</ele>
      </trkpt>
      <trkpt lat="49.548082" lon="21.939106">
        <ele>350.5</ele>
      </trkpt>
      <trkpt lat="49.548784" lon="21.939482">
        <ele>350.0</ele>
      </trkpt>
      <trkpt lat="49.549486" lon="21.939858">
        <ele>349.3</ele>
      </trkpt>
      <trkpt lat="49.550188" lon="21.940234">
        <ele>349.0</ele>
      </trkpt>
      <trkpt lat="49.55089" lon="21.94061">
        <ele>349.0</ele>
      </trkpt>
      <trkpt lat="49.55094" lon="21.94068">
        <ele>349.0</ele>
      </trkpt>
      <trkpt lat="49.55029" lon="21.9415">
        <ele>349.1</ele>
      </trkpt>
      <trkpt lat="49.549748" lon="21.942246">
        <ele>349.5</ele>
      </trkpt>
      <trkpt lat="49.549206" lon="21.942992">
        <ele>349.6</ele>
      </trkpt>
      <trkpt lat="49.548664" lon="21.943738">
        <ele>349.2</ele>
      </trkpt>
      <trkpt lat="49.548122" lon="21.944484">
        <ele>348.4</ele>
      </trkpt>
      <trkpt lat="49.54758" lon="21.94523">
        <ele>347.9</ele>
      </trkpt>
      <trkpt lat="49.547073" lon="21.945993">
        <ele>347.9</ele>
      </trkpt>
      <trkpt lat="49.546567" lon="21.946757">
        <ele>347.8</ele>
      </trkpt>
      <trkpt lat="49.54606" lon="21.94752">
        <ele>347.6</ele>
      </trkpt>
      <trkpt lat="49.54585" lon="21.94789">
        <ele>347.5</ele>
      </trkpt>
      <trkpt lat="49.54572" lon="21.94818">
        <ele>347.1</ele>
      </trkpt>
      <trkpt lat="49.54552" lon="21.94867">
        <ele>346.9</ele>
      </trkpt>
      <trkpt lat="49.54538" lon="21.94907">
        <ele>346.9</ele>
      </trkpt>
      <trkpt lat="49.54518" lon="21.94955">
        <ele>346.9</ele>
      </trkpt>
      <trkpt lat="49.54497" lon="21.95013">
        <ele>346.0</ele>
      </trkpt>
      <trkpt lat="49.5449" lon="21.95038">
        <ele>345.1</ele>
      </trkpt>
      <trkpt lat="49.54478" lon="21.951215">
        <ele>341.5</ele>
      </trkpt>
      <trkpt lat="49.54466" lon="21.95205">
        <ele>340.4</ele>
      </trkpt>
      <trkpt lat="49.54451" lon="21.95286">
        <ele>341.7</ele>
      </trkpt>
      <trkpt lat="49.54431" lon="21.95363">
        <ele>345.7</ele>
      </trkpt>
      <trkpt lat="49.54391" lon="21.95471">
        <ele>349.6</ele>
      </trkpt>
      <trkpt lat="49.543635" lon="21.955415">
        <ele>350.6</ele>
      </trkpt>
      <trkpt lat="49.54336" lon="21.95612">
        <ele>350.7</ele>
      </trkpt>
      <trkpt lat="49.54308" lon="21.9569">
        <ele>351.2</ele>
      </trkpt>
      <trkpt lat="49.5428" lon="21.95768">
        <ele>351.6</ele>
      </trkpt>
      <trkpt lat="49.542506" lon="21.958864">
        <ele>351.8</ele>
      </trkpt>
      <trkpt lat="49.542212" lon="21.960048">
        <ele>352.3</ele>
      </trkpt>
      <trkpt lat="49.541918" lon="21.961232">
        <ele>352.8</ele>
      </trkpt>
      <trkpt lat="49.541624" lon="21.962416">
        <ele>353.2</ele>
      </trkpt>
      <trkpt lat="49.54133" lon="21.9636">
        <ele>353.8</ele>
      </trkpt>
      <trkpt lat="49.54121" lon="21.96415">
        <ele>354.5</ele>
      </trkpt>
      <trkpt lat="49.540983" lon="21.96538">
        <ele>355.7</ele>
      </trkpt>
      <trkpt lat="49.540757" lon="21.96661">
        <ele>356.8</ele>
      </trkpt>
      <trkpt lat="49.54053" lon="21.96784">
        <ele>358.4</ele>
      </trkpt>
      <trkpt lat="49.54043" lon="21.96816">
        <ele>358.7</ele>
      </trkpt>
      <trkpt lat="49.54038" lon="21.96826">
        <ele>358.7</ele>
      </trkpt>
      <trkpt lat="49.54027" lon="21.96846">
        <ele>358.9</ele>
      </trkpt>
      <trkpt lat="49.53983" lon="21.96903">
        <ele>359.7</ele>
      </trkpt>
      <trkpt lat="49.53939" lon="21.9696">
        <ele>360.4</ele>
      </trkpt>
      <trkpt lat="49.53903" lon="21.97007">
        <ele>360.8</ele>
      </trkpt>
      <trkpt lat="49.5387" lon="21.97045">
        <ele>361.5</ele>
      </trkpt>
      <trkpt lat="49.53836" lon="21.97076">
        <ele>362.3</ele>
      </trkpt>
      <trkpt lat="49.5379" lon="21.9711">
        <ele>362.6</ele>
      </trkpt>
      <trkpt lat="49.53729" lon="21.97149">
        <ele>363.6</ele>
      </trkpt>
      <trkpt lat="49.536635" lon="21.971755">
        <ele>364.3</ele>
      </trkpt>
      <trkpt lat="49.53598" lon="21.97202">
        <ele>365.6</ele>
      </trkpt>
      <trkpt lat="49.535325" lon="21.972285">
        <ele>366.3</ele>
      </trkpt>
      <trkpt lat="49.53467" lon="21.97255">
        <ele>367.6</ele>
      </trkpt>
      <trkpt lat="49.53396" lon="21.9728">
        <ele>368.6</ele>
      </trkpt>
      <trkpt lat="49.533247" lon="21.97313">
        <ele>369.9</ele>
      </trkpt>
      <trkpt lat="49.532533" lon="21.97346">
        <ele>371.3</ele>
      </trkpt>
      <trkpt lat="49.53182" lon="21.97379">
        <ele>372.4</ele>
      </trkpt>
      <trkpt lat="49.53151" lon="21.97403">
        <ele>372.9</ele>
      </trkpt>
      <trkpt lat="49.53075" lon="21.97474">
        <ele>374.0</ele>
      </trkpt>
      <trkpt lat="49.530165" lon="21.97507">
        <ele>375.0</ele>
      </trkpt>
      <trkpt lat="49.52958" lon="21.9754">
        <ele>376.6</ele>
      </trkpt>
      <trkpt lat="49.52939" lon="21.97555">
        <ele>376.6</ele>
      </trkpt>
      <trkpt lat="49.52927" lon="21.97571">
        <ele>376.8</ele>
      </trkpt>
      <trkpt lat="49.52909" lon="21.97616">
        <ele>377.2</ele>
      </trkpt>
      <trkpt lat="49.528848" lon="21.97736">
        <ele>377.6</ele>
      </trkpt>
      <trkpt lat="49.528605" lon="21.97856">
        <ele>378.7</ele>
      </trkpt>
      <trkpt lat="49.528363" lon="21.97976">
        <ele>379.5</ele>
      </trkpt>
      <trkpt lat="49.52812" lon="21.98096">
        <ele>380.0</ele>
      </trkpt>
      <trkpt lat="49.52803" lon="21.98133">
        <ele>380.0</ele>
      </trkpt>
      <trkpt lat="49.52781" lon="21.98203">
        <ele>378.8</ele>
      </trkpt>
      <trkpt lat="49.52749" lon="21.982815">
        <ele>376.9</ele>
      </trkpt>
      <trkpt lat="49.52717" lon="21.9836">
        <ele>376.0</ele>
      </trkpt>
      <trkpt lat="49.52713" lon="21.98382">
        <ele>375.7</ele>
      </trkpt>
      <trkpt lat="49.52711" lon="21.98417">
        <ele>375.4</ele>
      </trkpt>
      <trkpt lat="49.52713" lon="21.985133">
        <ele>375.1</ele>
      </trkpt>
      <trkpt lat="49.52715" lon="21.986097">
        <ele>373.9</ele>
      </trkpt>
      <trkpt lat="49.52717" lon="21.98706">
        <ele>373.7</ele>
      </trkpt>
      <trkpt lat="49.52714" lon="21.98738">
        <ele>373.6</ele>
      </trkpt>
      <trkpt lat="49.52707" lon="21.9877">
        <ele>373.7</ele>
      </trkpt>
      <trkpt lat="49.52698" lon="21.98799">
        <ele>374.1</ele>
      </trkpt>
      <trkpt lat="49.526595" lon="21.988955">
        <ele>378.3</ele>
      </trkpt>
      <trkpt lat="49.52621" lon="21.98992">
        <ele>382.6</ele>
      </trkpt>
      <trkpt lat="49.525825" lon="21.990885">
        <ele>384.9</ele>
      </trkpt>
      <trkpt lat="49.52544" lon="21.99185">
        <ele>385.3</ele>
      </trkpt>
      <trkpt lat="49.52512" lon="21.99257">
        <ele>383.2</ele>
      </trkpt>
      <trkpt lat="49.5248" lon="21.99329">
        <ele>381.6</ele>
      </trkpt>
      <trkpt lat="49.524387" lon="21.994103">
        <ele>382.0</ele>
      </trkpt>
      <trkpt lat="49.523973" lon="21.994917">
        <ele>385.6</ele>
      </trkpt>
      <trkpt lat="49.52356" lon="21.99573">
        <ele>392.1</ele>
      </trkpt>
      <trkpt lat="49.52309" lon="21.99641">
        <ele>395.5</ele>
      </trkpt>
      <trkpt lat="49.5228" lon="21.99674">
        <ele>396.5</ele>
      </trkpt>
      <trkpt lat="49.52253" lon="21.99712">
        <ele>397.9</ele>
      </trkpt>
      <trkpt lat="49.521995" lon="21.997765">
        <ele>400.5</ele>
      </trkpt>
      <trkpt lat="49.52146" lon="21.99841">
        <ele>401.1</ele>
      </trkpt>
      <trkpt lat="49.52095" lon="21.99889">
        <ele>401.3</ele>
      </trkpt>
      <trkpt lat="49.52044" lon="21.99937">
        <ele>401.6</ele>
      </trkpt>
      <trkpt lat="49.52013" lon="21.99964">
        <ele>401.6</ele>
      </trkpt>
      <trkpt lat="49.51994" lon="21.99975">
        <ele>401.6</ele>
      </trkpt>
      <trkpt lat="49.51974" lon="21.99984">
        <ele>401.6</ele>
      </trkpt>
      <trkpt lat="49.51946" lon="21.99985">
        <ele>402.0</ele>
      </trkpt>
      <trkpt lat="49.518564" lon="21.999836">
        <ele>403.0</ele>
      </trkpt>
      <trkpt lat="49.517668" lon="21.999822">
        <ele>405.3</ele>
      </trkpt>
      <trkpt lat="49.516772" lon="21.999808">
        <ele>408.7</ele>
      </trkpt>
      <trkpt lat="49.515876" lon="21.999794">
        <ele>409.8</ele>
      </trkpt>
      <trkpt lat="49.51498" lon="21.99978">
        <ele>408.7</ele>
      </trkpt>
      <trkpt lat="49.51472" lon="21.9998">
        <ele>408.7</ele>
      </trkpt>
      <trkpt lat="49.51442" lon="21.99989">
        <ele>409.0</ele>
      </trkpt>
      <trkpt lat="49.51427" lon="21.99998">
        <ele>409.0</ele>
      </trkpt>
      <trkpt lat="49.51395" lon="22.00025">
        <ele>409.2</ele>
      </trkpt>
      <trkpt lat="49.51382" lon="22.00042">
        <ele>409.1</ele>
      </trkpt>
      <trkpt lat="49.51375" lon="22.00058">
        <ele>408.9</ele>
      </trkpt>
      <trkpt lat="49.51357" lon="22.00111">
        <ele>408.5</ele>
      </trkpt>
      <trkpt lat="49.51352" lon="22.00132">
        <ele>408.0</ele>
      </trkpt>
      <trkpt lat="49.5133" lon="22.00266">
        <ele>406.9</ele>
      </trkpt>
      <trkpt lat="49.51308" lon="22.004">
        <ele>405.5</ele>
      </trkpt>
      <trkpt lat="49.51281" lon="22.005258">
        <ele>401.1</ele>
      </trkpt>
      <trkpt lat="49.51254" lon="22.006515">
        <ele>399.6</ele>
      </trkpt>
      <trkpt lat="49.51227" lon="22.007773">
        <ele>399.6</ele>
      </trkpt>
      <trkpt lat="49.512" lon="22.00903">
        <ele>399.3</ele>
      </trkpt>
      <trkpt lat="49.51195" lon="22.00947">
        <ele>399.2</ele>
      </trkpt>
      <trkpt lat="49.51196" lon="22.00978">
        <ele>399.0</ele>
      </trkpt>
      <trkpt lat="49.51204" lon="22.01025">
        <ele>398.6</ele>
      </trkpt>
      <trkpt lat="49.51218" lon="22.01068">
        <ele>398.1</ele>
      </trkpt>
      <trkpt lat="49.51236" lon="22.01103">
        <ele>397.5</ele>
      </trkpt>
      <trkpt lat="49.51298" lon="22.01195">
        <ele>395.9</ele>
      </trkpt>
      <trkpt lat="49.5136" lon="22.01287">
        <ele>393.6</ele>
      </trkpt>
      <trkpt lat="49.5137" lon="22.01306">
        <ele>393.6</ele>
      </trkpt>
      <trkpt lat="49.5138" lon="22.01331">
        <ele>392.8</ele>
      </trkpt>
      <trkpt lat="49.51389" lon="22.0136">
        <ele>392.8</ele>
      </trkpt>
      <trkpt lat="49.51405" lon="22.01429">
        <ele>391.2</ele>
      </trkpt>
      <trkpt lat="49.51412" lon="22.01471">
        <ele>391.0</ele>
      </trkpt>
      <trkpt lat="49.514328" lon="22.015913">
        <ele>388.5</ele>
      </trkpt>
      <trkpt lat="49.514537" lon="22.017117">
        <ele>387.9</ele>
      </trkpt>
      <trkpt lat="49.514745" lon="22.01832">
        <ele>386.0</ele>
      </trkpt>
      <trkpt lat="49.514953" lon="22.019523">
        <ele>384.4</ele>
      </trkpt>
      <trkpt lat="49.515162" lon="22.020727">
        <ele>380.9</ele>
      </trkpt>
      <trkpt lat="49.51537" lon="22.02193">
        <ele>378.7</ele>
      </trkpt>
      <trkpt lat="49.51544" lon="22.02251">
        <ele>378.4</ele>
      </trkpt>
      <trkpt lat="49.51544" lon="22.02277">
        <ele>377.9</ele>
      </trkpt>
      <trkpt lat="49.51541" lon="22.02308">
        <ele>377.5</ele>
      </trkpt>
      <trkpt lat="49.51536" lon="22.02335">
        <ele>377.5</ele>
      </trkpt>
      <trkpt lat="49.51502" lon="22.024525">
        <ele>375.6</ele>
      </trkpt>
      <trkpt lat="49.51468" lon="22.0257">
        <ele>374.9</ele>
      </trkpt>
      <trkpt lat="49.514355" lon="22.0266">
        <ele>374.6</ele>
      </trkpt>
      <trkpt lat="49.51403" lon="22.0275">
        <ele>374.4</ele>
      </trkpt>
      <trkpt lat="49.513695" lon="22.02839">
        <ele>374.2</ele>
      </trkpt>
      <trkpt lat="49.51336" lon="22.02928">
        <ele>374.0</ele>
      </trkpt>
      <trkpt lat="49.51295" lon="22.03036">
        <ele>373.7</ele>
      </trkpt>
      <trkpt lat="49.51275" lon="22.03078">
        <ele>373.7</ele>
      </trkpt>
      <trkpt lat="49.51267" lon="22.03091">
        <ele>373.9</ele>
      </trkpt>
      <trkpt lat="49.51258" lon="22.031">
        <ele>373.9</ele>
      </trkpt>
      <trkpt lat="49.51248" lon="22.03106">
        <ele>374.1</ele>
      </trkpt>
      <trkpt lat="49.51219" lon="22.03115">
        <ele>374.7</ele>
      </trkpt>
      <trkpt lat="49.51188" lon="22.03117">
        <ele>375.5</ele>
      </trkpt>
      <trkpt lat="49.5116" lon="22.03116">
        <ele>375.7</ele>
      </trkpt>
      <trkpt lat="49.51128" lon="22.03111">
        <ele>376.6</ele>
      </trkpt>
      <trkpt lat="49.51053" lon="22.03087">
        <ele>379.7</ele>
      </trkpt>
      <trkpt lat="49.50978" lon="22.03063">
        <ele>382.9</ele>
      </trkpt>
      <trkpt lat="49.50903" lon="22.03039">
        <ele>385.0</ele>
      </trkpt>
      <trkpt lat="49.50885" lon="22.03035">
        <ele>385.1</ele>
      </trkpt>
      <trkpt lat="49.50872" lon="22.03035">
        <ele>385.1</ele>
      </trkpt>
      <trkpt lat="49.50858" lon="22.03039">
        <ele>384.8</ele>
      </trkpt>
      <trkpt lat="49.50834" lon="22.03057">
        <ele>383.9</ele>
      </trkpt>
      <trkpt lat="49.50822" lon="22.0307">
        <ele>383.2</ele>
      </trkpt>
      <trkpt lat="49.50807" lon="22.03091">
        <ele>382.0</ele>
      </trkpt>
      <trkpt lat="49.50763" lon="22.03162">
        <ele>379.7</ele>
      </trkpt>
      <trkpt lat="49.50719" lon="22.03233">
        <ele>380.1</ele>
      </trkpt>
      <trkpt lat="49.50706" lon="22.0325">
        <ele>380.1</ele>
      </trkpt>
      <trkpt lat="49.50696" lon="22.03259">
        <ele>380.0</ele>
      </trkpt>
      <trkpt lat="49.50682" lon="22.03267">
        <ele>379.9</ele>
      </trkpt>
      <trkpt lat="49.50669" lon="22.03271">
        <ele>379.9</ele>
      </trkpt>
      <trkpt lat="49.506095" lon="22.03283">
        <ele>379.9</ele>
      </trkpt>
      <trkpt lat="49.5055" lon="22.03295">
        <ele>380.1</ele>
      </trkpt>
      <trkpt lat="49.50513" lon="22.03298">
        <ele>380.3</ele>
      </trkpt>
      <trkpt lat="49.50448" lon="22.03287">
        <ele>380.8</ele>
      </trkpt>
      <trkpt lat="49.50383" lon="22.03276">
        <ele>381.2</ele>
      </trkpt>
      <trkpt lat="49.50355" lon="22.03276">
        <ele>381.6</ele>
      </trkpt>
      <trkpt lat="49.50335" lon="22.0328">
        <ele>381.9</ele>
      </trkpt>
      <trkpt lat="49.50316" lon="22.03287">
        <ele>382.3</ele>
      </trkpt>
      <trkpt lat="49.50307" lon="22.03293">
        <ele>382.3</ele>
      </trkpt>
      <trkpt lat="49.50288" lon="22.0331">
        <ele>382.5</ele>
      </trkpt>
      <trkpt lat="49.50251" lon="22.03359">
        <ele>383.7</ele>
      </trkpt>
      <trkpt lat="49.5023" lon="22.03396">
        <ele>384.4</ele>
      </trkpt>
      <trkpt lat="49.50217" lon="22.03424">
        <ele>384.9</ele>
      </trkpt>
      <trkpt lat="49.50191" lon="22.03496">
        <ele>387.0</ele>
      </trkpt>
      <trkpt lat="49.50178" lon="22.03524">
        <ele>388.0</ele>
      </trkpt>
      <trkpt lat="49.5015" lon="22.03563">
        <ele>389.2</ele>
      </trkpt>
      <trkpt lat="49.500848" lon="22.036403">
        <ele>392.0</ele>
      </trkpt>
      <trkpt lat="49.500196" lon="22.037177">
        <ele>396.3</ele>
      </trkpt>
      <trkpt lat="49.499543" lon="22.03795">
        <ele>401.4</ele>
      </trkpt>
      <trkpt lat="49.498891" lon="22.038724">
        <ele>403.5</ele>
      </trkpt>
      <trkpt lat="49.498239" lon="22.039497">
        <ele>404.0</ele>
      </trkpt>
      <trkpt lat="49.497587" lon="22.04027">
        <ele>407.6</ele>
      </trkpt>
      <trkpt lat="49.496934" lon="22.041043">
        <ele>410.4</ele>
      </trkpt>
      <trkpt lat="49.496282" lon="22.041817">
        <ele>414.8</ele>
      </trkpt>
      <trkpt lat="49.49563" lon="22.04259">
        <ele>420.1</ele>
      </trkpt>
      <trkpt lat="49.49534" lon="22.04285">
        <ele>420.2</ele>
      </trkpt>
      <trkpt lat="49.49508" lon="22.04306">
        <ele>419.2</ele>
      </trkpt>
      <trkpt lat="49.494349" lon="22.043585">
        <ele>414.4</ele>
      </trkpt>
      <trkpt lat="49.493618" lon="22.04411">
        <ele>408.8</ele>
      </trkpt>
      <trkpt lat="49.492886" lon="22.044635">
        <ele>404.4</ele>
      </trkpt>
      <trkpt lat="49.492155" lon="22.04516">
        <ele>399.7</ele>
      </trkpt>
      <trkpt lat="49.491424" lon="22.045685">
        <ele>396.8</ele>
      </trkpt>
      <trkpt lat="49.490693" lon="22.04621">
        <ele>397.2</ele>
      </trkpt>
      <trkpt lat="49.489961" lon="22.046735">
        <ele>399.1</ele>
      </trkpt>
      <trkpt lat="49.48923" lon="22.04726">
        <ele>399.6</ele>
      </trkpt>
      <trkpt lat="49.48873" lon="22.047605">
        <ele>400.9</ele>
      </trkpt>
      <trkpt lat="49.48823" lon="22.04795">
        <ele>405.3</ele>
      </trkpt>
      <trkpt lat="49.48803" lon="22.04813">
        <ele>406.7</ele>
      </trkpt>
      <trkpt lat="49.4879" lon="22.04829">
        <ele>407.9</ele>
      </trkpt>
      <trkpt lat="49.48778" lon="22.04849">
        <ele>408.7</ele>
      </trkpt>
      <trkpt lat="49.4873" lon="22.049383">
        <ele>410.3</ele>
      </trkpt>
      <trkpt lat="49.48682" lon="22.050275">
        <ele>409.7</ele>
      </trkpt>
      <trkpt lat="49.48634" lon="22.051168">
        <ele>408.7</ele>
      </trkpt>
      <trkpt lat="49.48586" lon="22.05206">
        <ele>407.1</ele>
      </trkpt>
      <trkpt lat="49.485347" lon="22.053033">
        <ele>404.0</ele>
      </trkpt>
      <trkpt lat="49.484833" lon="22.054007">
        <ele>404.6</ele>
      </trkpt>
      <trkpt lat="49.48432" lon="22.05498">
        <ele>407.9</ele>
      </trkpt>
      <trkpt lat="49.48403" lon="22.05557">
        <ele>408.2</ele>
      </trkpt>
      <trkpt lat="49.48359" lon="22.05665">
        <ele>403.7</ele>
      </trkpt>
      <trkpt lat="49.48337" lon="22.05708">
        <ele>401.7</ele>
      </trkpt>
      <trkpt lat="49.482884" lon="22.057908">
        <ele>401.6</ele>
      </trkpt>
      <trkpt lat="49.482398" lon="22.058736">
        <ele>402.8</ele>
      </trkpt>
      <trkpt lat="49.481912" lon="22.059564">
        <ele>400.9</ele>
      </trkpt>
      <trkpt lat="49.481426" lon="22.060392">
        <ele>396.4</ele>
      </trkpt>
      <trkpt lat="49.48094" lon="22.06122">
        <ele>393.6</ele>
      </trkpt>
      <trkpt lat="49.48077" lon="22.06148">
        <ele>393.7</ele>
      </trkpt>
      <trkpt lat="49.48057" lon="22.06156">
        <ele>394.0</ele>
      </trkpt>
      <trkpt lat="49.48043" lon="22.06158">
        <ele>394.3</ele>
      </trkpt>
      <trkpt lat="49.48021" lon="22.06158">
        <ele>394.6</ele>
      </trkpt>
      <trkpt lat="49.47991" lon="22.06155">
        <ele>394.1</ele>
      </trkpt>
      <trkpt lat="49.47992" lon="22.06172">
        <ele>394.1</ele>
      </trkpt>
      <trkpt lat="49.48014" lon="22.06268">
        <ele>393.0</ele>
      </trkpt>
      <trkpt lat="49.48024" lon="22.06294">
        <ele>392.9</ele>
      </trkpt>
      <trkpt lat="49.48033" lon="22.06311">
        <ele>392.9</ele>
      </trkpt>
      <trkpt lat="49.48055" lon="22.0633">
        <ele>393.1</ele>
      </trkpt>
      <trkpt lat="49.48069" lon="22.06336">
        <ele>393.1</ele>
      </trkpt>
      <trkpt lat="49.48133" lon="22.063435">
        <ele>392.7</ele>
      </trkpt>
      <trkpt lat="49.48197" lon="22.06351">
        <ele>392.0</ele>
      </trkpt>
      <trkpt lat="49.482657" lon="22.063597">
        <ele>391.3</ele>
      </trkpt>
      <trkpt lat="49.483343" lon="22.063683">
        <ele>390.6</ele>
      </trkpt>
      <trkpt lat="49.48403" lon="22.06377">
        <ele>390.7</ele>
      </trkpt>
      <trkpt lat="49.48469" lon="22.06388">
        <ele>390.9</ele>
      </trkpt>
      <trkpt lat="49.48486" lon="22.06392">
        <ele>391.0</ele>
      </trkpt>
      <trkpt lat="49.48508" lon="22.06402">
        <ele>390.8</ele>
      </trkpt>
      <trkpt lat="49.48537" lon="22.06418">
        <ele>390.3</ele>
      </trkpt>
      <trkpt lat="49.486146" lon="22.064634">
        <ele>388.6</ele>
      </trkpt>
      <trkpt lat="49.486922" lon="22.065088">
        <ele>386.3</ele>
      </trkpt>
      <trkpt lat="49.487698" lon="22.065542">
        <ele>383.8</ele>
      </trkpt>
      <trkpt lat="49.488474" lon="22.065996">
        <ele>382.2</ele>
      </trkpt>
      <trkpt lat="49.48925" lon="22.06645">
        <ele>381.9</ele>
      </trkpt>
      <trkpt lat="49.48985" lon="22.06678">
        <ele>381.5</ele>
      </trkpt>
      <trkpt lat="49.490554" lon="22.067196">
        <ele>380.9</ele>
      </trkpt>
      <trkpt lat="49.491258" lon="22.067612">
        <ele>380.3</ele>
      </trkpt>
      <trkpt lat="49.491962" lon="22.068028">
        <ele>379.4</ele>
      </trkpt>
      <trkpt lat="49.492666" lon="22.068444">
        <ele>378.9</ele>
      </trkpt>
      <trkpt lat="49.49337" lon="22.06886">
        <ele>378.4</ele>
      </trkpt>
      <trkpt lat="49.493855" lon="22.06916">
        <ele>377.7</ele>
      </trkpt>
      <trkpt lat="49.49434" lon="22.06946">
        <ele>377.2</ele>
      </trkpt>
      <trkpt lat="49.49465" lon="22.0697">
        <ele>376.0</ele>
      </trkpt>
      <trkpt lat="49.49487" lon="22.06994">
        <ele>375.6</ele>
      </trkpt>
      <trkpt lat="49.495545" lon="22.070772">
        <ele>373.7</ele>
      </trkpt>
      <trkpt lat="49.49622" lon="22.071603">
        <ele>373.1</ele>
      </trkpt>
      <trkpt lat="49.496895" lon="22.072435">
        <ele>373.1</ele>
      </trkpt>
      <trkpt lat="49.49757" lon="22.073267">
        <ele>371.8</ele>
      </trkpt>
      <trkpt lat="49.498245" lon="22.074098">
        <ele>371.0</ele>
      </trkpt>
      <trkpt lat="49.49892" lon="22.07493">
        <ele>369.7</ele>
      </trkpt>
      <trkpt lat="49.49941" lon="22.07551">
        <ele>368.6</ele>
      </trkpt>
      <trkpt lat="49.4999" lon="22.07609">
        <ele>368.4</ele>
      </trkpt>
      <trkpt lat="49.50025" lon="22.07653">
        <ele>368.2</ele>
      </trkpt>
      <trkpt lat="49.5006" lon="22.07697">
        <ele>368.3</ele>
      </trkpt>
      <trkpt lat="49.50087" lon="22.07725">
        <ele>368.3</ele>
      </trkpt>
      <trkpt lat="49.50135" lon="22.07755">
        <ele>368.0</ele>
      </trkpt>
      <trkpt lat="49.50157" lon="22.07762">
        <ele>367.9</ele>
      </trkpt>
      <trkpt lat="49.502362" lon="22.077822">
        <ele>367.0</ele>
      </trkpt>
      <trkpt lat="49.503154" lon="22.078024">
        <ele>364.9</ele>
      </trkpt>
      <trkpt lat="49.503946" lon="22.078226">
        <ele>363.0</ele>
      </trkpt>
      <trkpt lat="49.504738" lon="22.078428">
        <ele>360.8</ele>
      </trkpt>
      <trkpt lat="49.50553" lon="22.07863">
        <ele>360.4</ele>
      </trkpt>
      <trkpt lat="49.50579" lon="22.07873">
        <ele>360.4</ele>
      </trkpt>
      <trkpt lat="49.50606" lon="22.07898">
        <ele>360.4</ele>
      </trkpt>
      <trkpt lat="49.50615" lon="22.07909">
        <ele>360.4</ele>
      </trkpt>
      <trkpt lat="49.50641" lon="22.07961">
        <ele>359.8</ele>
      </trkpt>
      <trkpt lat="49.506913" lon="22.08064">
        <ele>358.8</ele>
      </trkpt>
      <trkpt lat="49.507417" lon="22.08167">
        <ele>357.7</ele>
      </trkpt>
      <trkpt lat="49.50792" lon="22.0827">
        <ele>356.7</ele>
      </trkpt>
      <trkpt lat="49.508423" lon="22.08373">
        <ele>356.5</ele>
      </trkpt>
      <trkpt lat="49.508927" lon="22.08476">
        <ele>356.4</ele>
      </trkpt>
      <trkpt lat="49.50943" lon="22.08579">
        <ele>355.3</ele>
      </trkpt>
      <trkpt lat="49.50994" lon="22.08689">
        <ele>353.5</ele>
      </trkpt>
      <trkpt lat="49.51007" lon="22.08721">
        <ele>352.9</ele>
      </trkpt>
      <trkpt lat="49.51012" lon="22.08736">
        <ele>352.9</ele>
      </trkpt>
      <trkpt lat="49.51016" lon="22.08758">
        <ele>352.8</ele>
      </trkpt>
      <trkpt lat="49.5102" lon="22.08863">
        <ele>352.7</ele>
      </trkpt>
      <trkpt lat="49.51026" lon="22.08901">
        <ele>352.8</ele>
      </trkpt>
      <trkpt lat="49.510717" lon="22.090143">
        <ele>351.9</ele>
      </trkpt>
      <trkpt lat="49.511173" lon="22.091277">
        <ele>350.2</ele>
      </trkpt>
      <trkpt lat="49.51163" lon="22.09241">
        <ele>349.4</ele>
      </trkpt>
      <trkpt lat="49.51178" lon="22.09269">
        <ele>349.5</ele>
      </trkpt>
      <trkpt lat="49.51209" lon="22.09309">
        <ele>349.4</ele>
      </trkpt>
      <trkpt lat="49.51178" lon="22.09362">
        <ele>349.0</ele>
      </trkpt>
      <trkpt lat="49.51177" lon="22.09363">
        <ele>349.0</ele>
      </trkpt>
      <trkpt lat="49.51169" lon="22.09371">
        <ele>349.2</ele>
      </trkpt>
      <trkpt lat="49.51153" lon="22.0938">
        <ele>350.0</ele>
      </trkpt>
      <trkpt lat="49.51098" lon="22.09382">
        <ele>355.5</ele>
      </trkpt>
      <trkpt lat="49.51085" lon="22.09384">
        <ele>357.3</ele>
      </trkpt>
      <trkpt lat="49.5102" lon="22.09428">
        <ele>366.4</ele>
      </trkpt>
      <trkpt lat="49.509725" lon="22.094555">
        <ele>371.6</ele>
      </trkpt>
      <trkpt lat="49.50925" lon="22.09483">
        <ele>377.9</ele>
      </trkpt>
      <trkpt lat="49.508585" lon="22.095195">
        <ele>388.2</ele>
      </trkpt>
      <trkpt lat="49.50792" lon="22.09556">
        <ele>394.4</ele>
      </trkpt>
      <trkpt lat="49.50746" lon="22.09578">
        <ele>398.9</ele>
      </trkpt>
      <trkpt lat="49.507" lon="22.096">
        <ele>403.5</ele>
      </trkpt>
      <trkpt lat="49.50641" lon="22.096465">
        <ele>404.5</ele>
      </trkpt>
      <trkpt lat="49.50582" lon="22.09693">
        <ele>403.2</ele>
      </trkpt>
      <trkpt lat="49.50539" lon="22.09721">
        <ele>403.5</ele>
      </trkpt>
      <trkpt lat="49.50511" lon="22.09732">
        <ele>404.5</ele>
      </trkpt>
      <trkpt lat="49.50481" lon="22.09734">
        <ele>405.9</ele>
      </trkpt>
      <trkpt lat="49.50446" lon="22.09722">
        <ele>409.2</ele>
      </trkpt>
      <trkpt lat="49.50417" lon="22.09709">
        <ele>413.3</ele>
      </trkpt>
      <trkpt lat="49.50378" lon="22.09706">
        <ele>418.1</ele>
      </trkpt>
      <trkpt lat="49.50356" lon="22.09701">
        <ele>419.7</ele>
      </trkpt>
      <trkpt lat="49.502885" lon="22.09674">
        <ele>427.4</ele>
      </trkpt>
      <trkpt lat="49.50221" lon="22.09647">
        <ele>431.6</ele>
      </trkpt>
      <trkpt lat="49.50193" lon="22.09628">
        <ele>432.2</ele>
      </trkpt>
      <trkpt lat="49.501343" lon="22.095857">
        <ele>434.4</ele>
      </trkpt>
      <trkpt lat="49.500757" lon="22.095433">
        <ele>437.1</ele>
      </trkpt>
      <trkpt lat="49.50017" lon="22.09501">
        <ele>441.3</ele>
      </trkpt>
      <trkpt lat="49.49989" lon="22.09488">
        <ele>443.2</ele>
      </trkpt>
      <trkpt lat="49.499245" lon="22.09482">
        <ele>449.0</ele>
      </trkpt>
      <trkpt lat="49.4986" lon="22.09476">
        <ele>448.5</ele>
      </trkpt>
      <trkpt lat="49.49828" lon="22.09461">
        <ele>448.6</ele>
      </trkpt>
      <trkpt lat="49.497795" lon="22.09423">
        <ele>450.6</ele>
      </trkpt>
      <trkpt lat="49.49731" lon="22.09385">
        <ele>452.3</ele>
      </trkpt>
      <trkpt lat="49.496693" lon="22.093347">
        <ele>455.4</ele>
      </trkpt>
      <trkpt lat="49.496077" lon="22.092843">
        <ele>457.9</ele>
      </trkpt>
      <trkpt lat="49.49546" lon="22.09234">
        <ele>465.1</ele>
      </trkpt>
      <trkpt lat="49.49532" lon="22.09226">
        <ele>466.2</ele>
      </trkpt>
      <trkpt lat="49.49479" lon="22.09215">
        <ele>469.4</ele>
      </trkpt>
      <trkpt lat="49.494265" lon="22.092065">
        <ele>471.3</ele>
      </trkpt>
      <trkpt lat="49.49374" lon="22.09198">
        <ele>476.5</ele>
      </trkpt>
      <trkpt lat="49.493057" lon="22.091677">
        <ele>484.7</ele>
      </trkpt>
      <trkpt lat="49.492373" lon="22.091373">
        <ele>488.4</ele>
      </trkpt>
      <trkpt lat="49.49169" lon="22.09107">
        <ele>496.1</ele>
      </trkpt>
      <trkpt lat="49.49156" lon="22.09099">
        <ele>498.0</ele>
      </trkpt>
      <trkpt lat="49.49084" lon="22.09027">
        <ele>514.5</ele>
      </trkpt>
      <trkpt lat="49.49068" lon="22.0902">
        <ele>516.0</ele>
      </trkpt>
      <trkpt lat="49.48984" lon="22.09035">
        <ele>525.7</ele>
      </trkpt>
      <trkpt lat="49.489097" lon="22.090513">
        <ele>534.8</ele>
      </trkpt>
      <trkpt lat="49.488353" lon="22.090677">
        <ele>547.8</ele>
      </trkpt>
      <trkpt lat="49.48761" lon="22.09084">
        <ele>562.6</ele>
      </trkpt>
      <trkpt lat="49.48741" lon="22.09082">
        <ele>566.2</ele>
      </trkpt>
      <trkpt lat="49.48698" lon="22.09066">
        <ele>571.1</ele>
      </trkpt>
      <trkpt lat="49.48668" lon="22.09154">
        <ele>574.4</ele>
      </trkpt>
      <trkpt lat="49.486475" lon="22.092465">
        <ele>578.8</ele>
      </trkpt>
      <trkpt lat="49.48627" lon="22.09339">
        <ele>583.3</ele>
      </trkpt>
      <trkpt lat="49.48612" lon="22.09346">
        <ele>583.7</ele>
      </trkpt>
      <trkpt lat="49.48593" lon="22.0935">
        <ele>583.6</ele>
      </trkpt>
      <trkpt lat="49.48546" lon="22.09352">
        <ele>582.1</ele>
      </trkpt>
      <trkpt lat="49.48516" lon="22.09356">
        <ele>581.6</ele>
      </trkpt>
      <trkpt lat="49.48468" lon="22.0935">
        <ele>581.5</ele>
      </trkpt>
      <trkpt lat="49.4842" lon="22.09327">
        <ele>582.7</ele>
      </trkpt>
      <trkpt lat="49.48376" lon="22.09313">
        <ele>583.0</ele>
      </trkpt>
      <trkpt lat="49.48367" lon="22.09312">
        <ele>582.9</ele>
      </trkpt>
      <trkpt lat="49.48328" lon="22.093">
        <ele>582.7</ele>
      </trkpt>
      <trkpt lat="49.48248" lon="22.09269">
        <ele>584.0</ele>
      </trkpt>
      <trkpt lat="49.481815" lon="22.092395">
        <ele>584.3</ele>
      </trkpt>
      <trkpt lat="49.48115" lon="22.0921">
        <ele>580.7</ele>
      </trkpt>
      <trkpt lat="49.480685" lon="22.092065">
        <ele>577.7</ele>
      </trkpt>
      <trkpt lat="49.48022" lon="22.09203">
        <ele>576.1</ele>
      </trkpt>
      <trkpt lat="49.47996" lon="22.09195">
        <ele>574.5</ele>
      </trkpt>
      <trkpt lat="49.47981" lon="22.09255">
        <ele>572.9</ele>
      </trkpt>
      <trkpt lat="49.47978" lon="22.09285">
        <ele>571.7</ele>
      </trkpt>
      <trkpt lat="49.47987" lon="22.09328">
        <ele>569.9</ele>
      </trkpt>
      <trkpt lat="49.47987" lon="22.09351">
        <ele>568.7</ele>
      </trkpt>
      <trkpt lat="49.47978" lon="22.09434">
        <ele>565.9</ele>
      </trkpt>
      <trkpt lat="49.47989" lon="22.09544">
        <ele>566.4</ele>
      </trkpt>
      <trkpt lat="49.47969" lon="22.09653">
        <ele>563.3</ele>
      </trkpt>
      <trkpt lat="49.47902" lon="22.09684">
        <ele>559.2</ele>
      </trkpt>
      <trkpt lat="49.478445" lon="22.096935">
        <ele>558.9</ele>
      </trkpt>
      <trkpt lat="49.47787" lon="22.09703">
        <ele>559.3</ele>
      </trkpt>
      <trkpt lat="49.4771" lon="22.097425">
        <ele>560.8</ele>
      </trkpt>
      <trkpt lat="49.47633" lon="22.09782">
        <ele>562.2</ele>
      </trkpt>
      <trkpt lat="49.47585" lon="22.09791">
        <ele>562.2</ele>
      </trkpt>
      <trkpt lat="49.47537" lon="22.098">
        <ele>563.9</ele>
      </trkpt>
      <trkpt lat="49.47488" lon="22.09805">
        <ele>567.9</ele>
      </trkpt>
      <trkpt lat="49.47461" lon="22.09812">
        <ele>572.0</ele>
      </trkpt>
      <trkpt lat="49.47455" lon="22.09828">
        <ele>572.9</ele>
      </trkpt>
      <trkpt lat="49.47411" lon="22.09885">
        <ele>577.8</ele>
      </trkpt>
      <trkpt lat="49.47371" lon="22.099653">
        <ele>581.7</ele>
      </trkpt>
      <trkpt lat="49.47331" lon="22.100457">
        <ele>585.4</ele>
      </trkpt>
      <trkpt lat="49.47291" lon="22.10126">
        <ele>591.2</ele>
      </trkpt>
      <trkpt lat="49.47244" lon="22.10183">
        <ele>597.8</ele>
      </trkpt>
      <trkpt lat="49.47229" lon="22.10227">
        <ele>601.0</ele>
      </trkpt>
      <trkpt lat="49.47186" lon="22.10301">
        <ele>606.1</ele>
      </trkpt>
      <trkpt lat="49.47166" lon="22.10325">
        <ele>607.0</ele>
      </trkpt>
      <trkpt lat="49.47136" lon="22.10344">
        <ele>608.6</ele>
      </trkpt>
      <trkpt lat="49.47098" lon="22.10348">
        <ele>609.6</ele>
      </trkpt>
      <trkpt lat="49.47075" lon="22.1035">
        <ele>610.6</ele>
      </trkpt>
      <trkpt lat="49.47045" lon="22.10356">
        <ele>611.8</ele>
      </trkpt>
      <trkpt lat="49.46974" lon="22.10386">
        <ele>620.4</ele>
      </trkpt>
      <trkpt lat="49.46944" lon="22.10403">
        <ele>624.1</ele>
      </trkpt>
      <trkpt lat="49.46912" lon="22.10428">
        <ele>626.4</ele>
      </trkpt>
      <trkpt lat="49.46896" lon="22.10445">
        <ele>627.6</ele>
      </trkpt>
      <trkpt lat="49.468665" lon="22.104995">
        <ele>629.3</ele>
      </trkpt>
      <trkpt lat="49.46837" lon="22.10554">
        <ele>628.4</ele>
      </trkpt>
      <trkpt lat="49.46778" lon="22.10646">
        <ele>623.2</ele>
      </trkpt>
      <trkpt lat="49.46756" lon="22.10705">
        <ele>621.4</ele>
      </trkpt>
      <trkpt lat="49.46737" lon="22.10742">
        <ele>619.9</ele>
      </trkpt>
      <trkpt lat="49.4673" lon="22.10772">
        <ele>619.1</ele>
      </trkpt>
      <trkpt lat="49.46723" lon="22.10813">
        <ele>618.9</ele>
      </trkpt>
      <trkpt lat="49.46717" lon="22.10834">
        <ele>618.8</ele>
      </trkpt>
      <trkpt lat="49.46698" lon="22.10861">
        <ele>618.5</ele>
      </trkpt>
      <trkpt lat="49.46668" lon="22.10871">
        <ele>619.0</ele>
      </trkpt>
      <trkpt lat="49.46654" lon="22.1089">
        <ele>619.5</ele>
      </trkpt>
      <trkpt lat="49.46623" lon="22.10956">
        <ele>622.9</ele>
      </trkpt>
      <trkpt lat="49.46609" lon="22.10982">
        <ele>625.2</ele>
      </trkpt>
      <trkpt lat="49.46593" lon="22.11005">
        <ele>626.7</ele>
      </trkpt>
      <trkpt lat="49.46534" lon="22.11103">
        <ele>637.7</ele>
      </trkpt>
      <trkpt lat="49.46491" lon="22.11168">
        <ele>642.2</ele>
      </trkpt>
      <trkpt lat="49.46449" lon="22.11217">
        <ele>645.8</ele>
      </trkpt>
      <trkpt lat="49.46398" lon="22.11256">
        <ele>649.8</ele>
      </trkpt>
      <trkpt lat="49.46374" lon="22.11269">
        <ele>650.5</ele>
      </trkpt>
      <trkpt lat="49.4632" lon="22.11288">
        <ele>652.9</ele>
      </trkpt>
      <trkpt lat="49.46274" lon="22.11292">
        <ele>654.3</ele>
      </trkpt>
      <trkpt lat="49.46241" lon="22.11306">
        <ele>654.0</ele>
      </trkpt>
      <trkpt lat="49.4621" lon="22.11281">
        <ele>650.5</ele>
      </trkpt>
      <trkpt lat="49.46169" lon="22.11224">
        <ele>639.8</ele>
      </trkpt>
      <trkpt lat="49.46128" lon="22.11167">
        <ele>634.4</ele>
      </trkpt>
      <trkpt lat="49.46073" lon="22.11111">
        <ele>626.0</ele>
      </trkpt>
      <trkpt lat="49.46028" lon="22.110735">
        <ele>619.4</ele>
      </trkpt>
      <trkpt lat="49.45983" lon="22.11036">
        <ele>615.6</ele>
      </trkpt>
      <trkpt lat="49.45901" lon="22.10987">
        <ele>606.7</ele>
      </trkpt>
      <trkpt lat="49.45836" lon="22.10964">
        <ele>600.5</ele>
      </trkpt>
      <trkpt lat="49.45756" lon="22.10951">
        <ele>591.5</ele>
      </trkpt>
      <trkpt lat="49.45679" lon="22.10964">
        <ele>581.6</ele>
      </trkpt>
      <trkpt lat="49.45607" lon="22.10982">
        <ele>574.8</ele>
      </trkpt>
      <trkpt lat="49.45542" lon="22.11008">
        <ele>570.2</ele>
      </trkpt>
      <trkpt lat="49.45465" lon="22.11025">
        <ele>562.5</ele>
      </trkpt>
      <trkpt lat="49.45379" lon="22.110305">
        <ele>554.7</ele>
      </trkpt>
      <trkpt lat="49.45293" lon="22.11036">
        <ele>549.2</ele>
      </trkpt>
      <trkpt lat="49.452415" lon="22.11024">
        <ele>544.1</ele>
      </trkpt>
      <trkpt lat="49.4519" lon="22.11012">
        <ele>541.2</ele>
      </trkpt>
      <trkpt lat="49.451405" lon="22.110035">
        <ele>539.6</ele>
      </trkpt>
      <trkpt lat="49.45091" lon="22.10995">
        <ele>537.9</ele>
      </trkpt>
      <trkpt lat="49.45032" lon="22.10968">
        <ele>534.8</ele>
      </trkpt>
      <trkpt lat="49.449765" lon="22.10947">
        <ele>529.3</ele>
      </trkpt>
      <trkpt lat="49.44921" lon="22.10926">
        <ele>522.0</ele>
      </trkpt>
      <trkpt lat="49.44892" lon="22.10918">
        <ele>518.9</ele>
      </trkpt>
      <trkpt lat="49.44812" lon="22.109096">
        <ele>507.1</ele>
      </trkpt>
      <trkpt lat="49.44732" lon="22.109012">
        <ele>495.1</ele>
      </trkpt>
      <trkpt lat="49.44652" lon="22.108928">
        <ele>484.2</ele>
      </trkpt>
      <trkpt lat="49.44572" lon="22.108844">
        <ele>478.2</ele>
      </trkpt>
      <trkpt lat="49.44492" lon="22.10876">
        <ele>469.3</ele>
      </trkpt>
      <trkpt lat="49.44443" lon="22.108725">
        <ele>464.1</ele>
      </trkpt>
      <trkpt lat="49.44394" lon="22.10869">
        <ele>459.3</ele>
      </trkpt>
      <trkpt lat="49.4436" lon="22.10877">
        <ele>457.2</ele>
      </trkpt>
      <trkpt lat="49.44323" lon="22.10903">
        <ele>454.9</ele>
      </trkpt>
      <trkpt lat="49.44289" lon="22.10944">
        <ele>450.5</ele>
      </trkpt>
      <trkpt lat="49.44242" lon="22.10967">
        <ele>443.8</ele>
      </trkpt>
      <trkpt lat="49.44207" lon="22.10965">
        <ele>438.9</ele>
      </trkpt>
      <trkpt lat="49.44193" lon="22.1096">
        <ele>438.9</ele>
      </trkpt>
      <trkpt lat="49.44167" lon="22.10946">
        <ele>435.8</ele>
      </trkpt>
      <trkpt lat="49.44101" lon="22.10883">
        <ele>430.5</ele>
      </trkpt>
      <trkpt lat="49.44059" lon="22.10836">
        <ele>428.0</ele>
      </trkpt>
      <trkpt lat="49.44044" lon="22.10816">
        <ele>427.0</ele>
      </trkpt>
      <trkpt lat="49.44008" lon="22.10758">
        <ele>423.9</ele>
      </trkpt>
      <trkpt lat="49.43993" lon="22.10729">
        <ele>421.6</ele>
      </trkpt>
      <trkpt lat="49.43962" lon="22.10635">
        <ele>416.2</ele>
      </trkpt>
      <trkpt lat="49.43953" lon="22.10626">
        <ele>415.3</ele>
      </trkpt>
      <trkpt lat="49.43943" lon="22.10623">
        <ele>414.6</ele>
      </trkpt>
      <trkpt lat="49.4393" lon="22.10629">
        <ele>414.0</ele>
      </trkpt>
      <trkpt lat="49.43914" lon="22.10658">
        <ele>412.9</ele>
      </trkpt>
      <trkpt lat="49.439" lon="22.10676">
        <ele>413.1</ele>
      </trkpt>
      <trkpt lat="49.43889" lon="22.10682">
        <ele>413.9</ele>
      </trkpt>
      <trkpt lat="49.43868" lon="22.10689">
        <ele>415.3</ele>
      </trkpt>
      <trkpt lat="49.43842" lon="22.10692">
        <ele>416.7</ele>
      </trkpt>
      <trkpt lat="49.43804" lon="22.10684">
        <ele>416.7</ele>
      </trkpt>
      <trkpt lat="49.43744" lon="22.10682">
        <ele>415.7</ele>
      </trkpt>
      <trkpt lat="49.43711" lon="22.10671">
        <ele>416.2</ele>
      </trkpt>
      <trkpt lat="49.43683" lon="22.10647">
        <ele>417.4</ele>
      </trkpt>
      <trkpt lat="49.43664" lon="22.10638">
        <ele>418.7</ele>
      </trkpt>
      <trkpt lat="49.43643" lon="22.10636">
        <ele>421.5</ele>
      </trkpt>
      <trkpt lat="49.43605" lon="22.10638">
        <ele>423.2</ele>
      </trkpt>
      <trkpt lat="49.43562" lon="22.10619">
        <ele>424.0</ele>
      </trkpt>
      <trkpt lat="49.4349" lon="22.10597">
        <ele>425.5</ele>
      </trkpt>
      <trkpt lat="49.43457" lon="22.10592">
        <ele>426.1</ele>
      </trkpt>
      <trkpt lat="49.43394" lon="22.10594">
        <ele>429.1</ele>
      </trkpt>
      <trkpt lat="49.43331" lon="22.10596">
        <ele>428.5</ele>
      </trkpt>
      <trkpt lat="49.43272" lon="22.10576">
        <ele>426.8</ele>
      </trkpt>
      <trkpt lat="49.43258" lon="22.10566">
        <ele>426.4</ele>
      </trkpt>
      <trkpt lat="49.43229" lon="22.10522">
        <ele>426.8</ele>
      </trkpt>
      <trkpt lat="49.43214" lon="22.10565">
        <ele>430.7</ele>
      </trkpt>
      <trkpt lat="49.43203" lon="22.10617">
        <ele>435.8</ele>
      </trkpt>
      <trkpt lat="49.43182" lon="22.10733">
        <ele>445.1</ele>
      </trkpt>
      <trkpt lat="49.43172" lon="22.10771">
        <ele>447.4</ele>
      </trkpt>
      <trkpt lat="49.431382" lon="22.108752">
        <ele>449.5</ele>
      </trkpt>
      <trkpt lat="49.431044" lon="22.109794">
        <ele>446.8</ele>
      </trkpt>
      <trkpt lat="49.430706" lon="22.110836">
        <ele>440.1</ele>
      </trkpt>
      <trkpt lat="49.430368" lon="22.111878">
        <ele>435.0</ele>
      </trkpt>
      <trkpt lat="49.43003" lon="22.11292">
        <ele>431.2</ele>
      </trkpt>
      <trkpt lat="49.42983" lon="22.11344">
        <ele>429.7</ele>
      </trkpt>
      <trkpt lat="49.42961" lon="22.11392">
        <ele>427.7</ele>
      </trkpt>
      <trkpt lat="49.42941" lon="22.11428">
        <ele>425.2</ele>
      </trkpt>
      <trkpt lat="49.42899" lon="22.114935">
        <ele>419.9</ele>
      </trkpt>
      <trkpt lat="49.42857" lon="22.11559">
        <ele>414.3</ele>
      </trkpt>
      <trkpt lat="49.42833" lon="22.11605">
        <ele>410.0</ele>
      </trkpt>
      <trkpt lat="49.427995" lon="22.116905">
        <ele>402.9</ele>
      </trkpt>
      <trkpt lat="49.42766" lon="22.11776">
        <ele>398.7</ele>
      </trkpt>
      <trkpt lat="49.42749" lon="22.11816">
        <ele>397.9</ele>
      </trkpt>
      <trkpt lat="49.42703" lon="22.11917">
        <ele>396.3</ele>
      </trkpt>
      <trkpt lat="49.42652" lon="22.1201">
        <ele>396.7</ele>
      </trkpt>
      <trkpt lat="49.42631" lon="22.12033">
        <ele>396.7</ele>
      </trkpt>
      <trkpt lat="49.42562" lon="22.12078">
        <ele>397.4</ele>
      </trkpt>
      <trkpt lat="49.42507" lon="22.12106">
        <ele>398.2</ele>
      </trkpt>
      <trkpt lat="49.42451" lon="22.121395">
        <ele>403.1</ele>
      </trkpt>
      <trkpt lat="49.42395" lon="22.12173">
        <ele>410.5</ele>
      </trkpt>
      <trkpt lat="49.423505" lon="22.12201">
        <ele>413.7</ele>
      </trkpt>
      <trkpt lat="49.42306" lon="22.12229">
        <ele>418.5</ele>
      </trkpt>
      <trkpt lat="49.42283" lon="22.12254">
        <ele>422.1</ele>
      </trkpt>
      <trkpt lat="49.42263" lon="22.12283">
        <ele>424.6</ele>
      </trkpt>
      <trkpt lat="49.42218" lon="22.12366">
        <ele>427.6</ele>
      </trkpt>
      <trkpt lat="49.42173" lon="22.12449">
        <ele>428.2</ele>
      </trkpt>
      <trkpt lat="49.42128" lon="22.12532">
        <ele>426.9</ele>
      </trkpt>
      <trkpt lat="49.42097" lon="22.12576">
        <ele>424.9</ele>
      </trkpt>
      <trkpt lat="49.42078" lon="22.12589">
        <ele>423.8</ele>
      </trkpt>
      <trkpt lat="49.42057" lon="22.12597">
        <ele>420.3</ele>
      </trkpt>
      <trkpt lat="49.42004" lon="22.12611">
        <ele>417.9</ele>
      </trkpt>
      <trkpt lat="49.4197" lon="22.12623">
        <ele>415.7</ele>
      </trkpt>
      <trkpt lat="49.41944" lon="22.12639">
        <ele>415.7</ele>
      </trkpt>
      <trkpt lat="49.418905" lon="22.12678">
        <ele>408.0</ele>
      </trkpt>
      <trkpt lat="49.41837" lon="22.12717">
        <ele>402.4</ele>
      </trkpt>
      <trkpt lat="49.41804" lon="22.12752">
        <ele>399.8</ele>
      </trkpt>
      <trkpt lat="49.41746" lon="22.12836">
        <ele>399.1</ele>
      </trkpt>
      <trkpt lat="49.41691" lon="22.12908">
        <ele>399.6</ele>
      </trkpt>
      <trkpt lat="49.41663" lon="22.12943">
        <ele>399.8</ele>
      </trkpt>
      <trkpt lat="49.41604" lon="22.13008">
        <ele>400.3</ele>
      </trkpt>
      <trkpt lat="49.41576" lon="22.13044">
        <ele>400.4</ele>
      </trkpt>
      <trkpt lat="49.41517" lon="22.13144">
        <ele>404.4</ele>
      </trkpt>
      <trkpt lat="49.41468" lon="22.132155">
        <ele>404.1</ele>
      </trkpt>
      <trkpt lat="49.41419" lon="22.13287">
        <ele>403.7</ele>
      </trkpt>
      <trkpt lat="49.4137" lon="22.133585">
        <ele>407.1</ele>
      </trkpt>
      <trkpt lat="49.41321" lon="22.1343">
        <ele>410.3</ele>
      </trkpt>
      <trkpt lat="49.41287" lon="22.13474">
        <ele>410.0</ele>
      </trkpt>
      <trkpt lat="49.41274" lon="22.13485">
        <ele>409.4</ele>
      </trkpt>
      <trkpt lat="49.41225" lon="22.13512">
        <ele>404.8</ele>
      </trkpt>
      <trkpt lat="49.41211" lon="22.13526">
        <ele>403.9</ele>
      </trkpt>
      <trkpt lat="49.41201" lon="22.13543">
        <ele>402.1</ele>
      </trkpt>
      <trkpt lat="49.41195" lon="22.13564">
        <ele>400.0</ele>
      </trkpt>
      <trkpt lat="49.41194" lon="22.13577">
        <ele>399.0</ele>
      </trkpt>
      <trkpt lat="49.412" lon="22.13624">
        <ele>397.2</ele>
      </trkpt>
      <trkpt lat="49.4123" lon="22.13739">
        <ele>392.7</ele>
      </trkpt>
      <trkpt lat="49.41232" lon="22.13752">
        <ele>392.7</ele>
      </trkpt>
      <trkpt lat="49.41232" lon="22.13779">
        <ele>392.7</ele>
      </trkpt>
      <trkpt lat="49.41219" lon="22.1387">
        <ele>392.4</ele>
      </trkpt>
      <trkpt lat="49.41211" lon="22.1391">
        <ele>393.0</ele>
      </trkpt>
      <trkpt lat="49.41199" lon="22.13941">
        <ele>393.3</ele>
      </trkpt>
      <trkpt lat="49.4118" lon="22.13977">
        <ele>393.5</ele>
      </trkpt>
      <trkpt lat="49.41163" lon="22.13997">
        <ele>393.7</ele>
      </trkpt>
      <trkpt lat="49.41107" lon="22.140415">
        <ele>394.6</ele>
      </trkpt>
      <trkpt lat="49.41051" lon="22.14086">
        <ele>395.1</ele>
      </trkpt>
      <trkpt lat="49.41002" lon="22.14124">
        <ele>395.5</ele>
      </trkpt>
      <trkpt lat="49.40953" lon="22.14162">
        <ele>395.8</ele>
      </trkpt>
      <trkpt lat="49.40909" lon="22.14196">
        <ele>396.2</ele>
      </trkpt>
      <trkpt lat="49.408567" lon="22.142467">
        <ele>396.5</ele>
      </trkpt>
      <trkpt lat="49.408043" lon="22.142973">
        <ele>397.3</ele>
      </trkpt>
      <trkpt lat="49.40752" lon="22.14348">
        <ele>398.1</ele>
      </trkpt>
      <trkpt lat="49.4069" lon="22.144135">
        <ele>397.5</ele>
      </trkpt>
      <trkpt lat="49.40628" lon="22.14479">
        <ele>397.2</ele>
      </trkpt>
      <trkpt lat="49.406" lon="22.14503">
        <ele>397.0</ele>
      </trkpt>
      <trkpt lat="49.40549" lon="22.1454">
        <ele>397.0</ele>
      </trkpt>
      <trkpt lat="49.40471" lon="22.1459">
        <ele>397.3</ele>
      </trkpt>
      <trkpt lat="49.40449" lon="22.14601">
        <ele>397.5</ele>
      </trkpt>
      <trkpt lat="49.40403" lon="22.14613">
        <ele>397.7</ele>
      </trkpt>
      <trkpt lat="49.40321" lon="22.14631">
        <ele>398.5</ele>
      </trkpt>
      <trkpt lat="49.4031" lon="22.14638">
        <ele>398.5</ele>
      </trkpt>
      <trkpt lat="49.40292" lon="22.14659">
        <ele>398.5</ele>
      </trkpt>
      <trkpt lat="49.40273" lon="22.14685">
        <ele>398.5</ele>
      </trkpt>
      <trkpt lat="49.40288" lon="22.14708">
        <ele>398.3</ele>
      </trkpt>
      <trkpt lat="49.40296" lon="22.14725">
        <ele>398.3</ele>
      </trkpt>
      <trkpt lat="49.4031" lon="22.1477">
        <ele>397.8</ele>
      </trkpt>
      <trkpt lat="49.40318" lon="22.14823">
        <ele>397.6</ele>
      </trkpt>
      <trkpt lat="49.403304" lon="22.149362">
        <ele>397.7</ele>
      </trkpt>
      <trkpt lat="49.403428" lon="22.150494">
        <ele>398.5</ele>
      </trkpt>
      <trkpt lat="49.403552" lon="22.151626">
        <ele>399.3</ele>
      </trkpt>
      <trkpt lat="49.403676" lon="22.152758">
        <ele>400.1</ele>
      </trkpt>
      <trkpt lat="49.4038" lon="22.15389">
        <ele>405.6</ele>
      </trkpt>
      <trkpt lat="49.40388" lon="22.15424">
        <ele>406.7</ele>
      </trkpt>
      <trkpt lat="49.40396" lon="22.15445">
        <ele>407.2</ele>
      </trkpt>
      <trkpt lat="49.40404" lon="22.1546">
        <ele>408.0</ele>
      </trkpt>
      <trkpt lat="49.40414" lon="22.15472">
        <ele>408.0</ele>
      </trkpt>
      <trkpt lat="49.40429" lon="22.15487">
        <ele>409.5</ele>
      </trkpt>
      <trkpt lat="49.40497" lon="22.155295">
        <ele>414.7</ele>
      </trkpt>
      <trkpt lat="49.40565" lon="22.15572">
        <ele>417.0</ele>
      </trkpt>
      <trkpt lat="49.40559" lon="22.15593">
        <ele>416.8</ele>
      </trkpt>
      <trkpt lat="49.40529" lon="22.15647">
        <ele>416.7</ele>
      </trkpt>
      <trkpt lat="49.40487" lon="22.15697">
        <ele>418.3</ele>
      </trkpt>
      <trkpt lat="49.40445" lon="22.15747">
        <ele>421.7</ele>
      </trkpt>
      <trkpt lat="49.403833" lon="22.158397">
        <ele>431.9</ele>
      </trkpt>
      <trkpt lat="49.403217" lon="22.159323">
        <ele>438.8</ele>
      </trkpt>
      <trkpt lat="49.4026" lon="22.16025">
        <ele>442.3</ele>
      </trkpt>
      <trkpt lat="49.40248" lon="22.1605">
        <ele>443.5</ele>
      </trkpt>
      <trkpt lat="49.40204" lon="22.16164">
        <ele>447.0</ele>
      </trkpt>
      <trkpt lat="49.4016" lon="22.16278">
        <ele>447.9</ele>
      </trkpt>
      <trkpt lat="49.40116" lon="22.16392">
        <ele>451.9</ele>
      </trkpt>
      <trkpt lat="49.400775" lon="22.16489">
        <ele>455.4</ele>
      </trkpt>
      <trkpt lat="49.40039" lon="22.16586">
        <ele>458.9</ele>
      </trkpt>
      <trkpt lat="49.40024" lon="22.16607">
        <ele>459.2</ele>
      </trkpt>
      <trkpt lat="49.40013" lon="22.16619">
        <ele>459.4</ele>
      </trkpt>
      <trkpt lat="49.40002" lon="22.16625">
        <ele>459.1</ele>
      </trkpt>
      <trkpt lat="49.39963" lon="22.1664">
        <ele>459.6</ele>
      </trkpt>
      <trkpt lat="49.39893" lon="22.16657">
        <ele>467.3</ele>
      </trkpt>
      <trkpt lat="49.39876" lon="22.16685">
        <ele>468.9</ele>
      </trkpt>
      <trkpt lat="49.398295" lon="22.16789">
        <ele>471.0</ele>
      </trkpt>
      <trkpt lat="49.39783" lon="22.16893">
        <ele>476.0</ele>
      </trkpt>
      <trkpt lat="49.39727" lon="22.16993">
        <ele>481.6</ele>
      </trkpt>
      <trkpt lat="49.39706" lon="22.17027">
        <ele>482.5</ele>
      </trkpt>
      <trkpt lat="49.39657" lon="22.17088">
        <ele>484.8</ele>
      </trkpt>
      <trkpt lat="49.39616" lon="22.17128">
        <ele>488.7</ele>
      </trkpt>
      <trkpt lat="49.39582" lon="22.17154">
        <ele>493.2</ele>
      </trkpt>
      <trkpt lat="49.39538" lon="22.17183">
        <ele>500.9</ele>
      </trkpt>
      <trkpt lat="49.39488" lon="22.17207">
        <ele>504.7</ele>
      </trkpt>
      <trkpt lat="49.39442" lon="22.17225">
        <ele>506.1</ele>
      </trkpt>
      <trkpt lat="49.39394" lon="22.17241">
        <ele>505.5</ele>
      </trkpt>
      <trkpt lat="49.39344" lon="22.1727">
        <ele>506.6</ele>
      </trkpt>
      <trkpt lat="49.39311" lon="22.17299">
        <ele>510.6</ele>
      </trkpt>
      <trkpt lat="49.39287" lon="22.17311">
        <ele>515.4</ele>
      </trkpt>
      <trkpt lat="49.39212" lon="22.17329">
        <ele>525.9</ele>
      </trkpt>
      <trkpt lat="49.39191" lon="22.17336">
        <ele>527.9</ele>
      </trkpt>
      <trkpt lat="49.39171" lon="22.17346">
        <ele>529.3</ele>
      </trkpt>
      <trkpt lat="49.39135" lon="22.1738">
        <ele>531.6</ele>
      </trkpt>
      <trkpt lat="49.39128" lon="22.17391">
        <ele>532.3</ele>
      </trkpt>
      <trkpt lat="49.39121" lon="22.17422">
        <ele>535.8</ele>
      </trkpt>
      <trkpt lat="49.39115" lon="22.17476">
        <ele>538.6</ele>
      </trkpt>
      <trkpt lat="49.39115" lon="22.17511">
        <ele>540.0</ele>
      </trkpt>
      <trkpt lat="49.39125" lon="22.17585">
        <ele>539.5</ele>
      </trkpt>
      <trkpt lat="49.39132" lon="22.17615">
        <ele>539.1</ele>
      </trkpt>
      <trkpt lat="49.39143" lon="22.17643">
        <ele>539.9</ele>
      </trkpt>
      <trkpt lat="49.39156" lon="22.17658">
        <ele>541.1</ele>
      </trkpt>
      <trkpt lat="49.39172" lon="22.17665">
        <ele>542.2</ele>
      </trkpt>
      <trkpt lat="49.39203" lon="22.1767">
        <ele>544.6</ele>
      </trkpt>
      <trkpt lat="49.39224" lon="22.17683">
        <ele>544.8</ele>
      </trkpt>
      <trkpt lat="49.39237" lon="22.17698">
        <ele>544.4</ele>
      </trkpt>
      <trkpt lat="49.3928" lon="22.17756">
        <ele>543.8</ele>
      </trkpt>
      <trkpt lat="49.39323" lon="22.17814">
        <ele>547.0</ele>
      </trkpt>
      <trkpt lat="49.39338" lon="22.17838">
        <ele>549.6</ele>
      </trkpt>
      <trkpt lat="49.39374" lon="22.17904">
        <ele>552.3</ele>
      </trkpt>
      <trkpt lat="49.39398" lon="22.17955">
        <ele>551.2</ele>
      </trkpt>
      <trkpt lat="49.39437" lon="22.180465">
        <ele>547.1</ele>
      </trkpt>
      <trkpt lat="49.39476" lon="22.18138">
        <ele>546.6</ele>
      </trkpt>
      <trkpt lat="49.39484" lon="22.1817">
        <ele>546.6</ele>
      </trkpt>
      <trkpt lat="49.39484" lon="22.18184">
        <ele>546.6</ele>
      </trkpt>
      <trkpt lat="49.39479" lon="22.18209">
        <ele>546.3</ele>
      </trkpt>
      <trkpt lat="49.39465" lon="22.18231">
        <ele>545.1</ele>
      </trkpt>
      <trkpt lat="49.39415" lon="22.18294">
        <ele>539.5</ele>
      </trkpt>
      <trkpt lat="49.39378" lon="22.18374">
        <ele>535.6</ele>
      </trkpt>
      <trkpt lat="49.39345" lon="22.18459">
        <ele>532.3</ele>
      </trkpt>
      <trkpt lat="49.3933" lon="22.18484">
        <ele>527.6</ele>
      </trkpt>
      <trkpt lat="49.39324" lon="22.18494">
        <ele>526.7</ele>
      </trkpt>
      <trkpt lat="49.39304" lon="22.18505">
        <ele>523.2</ele>
      </trkpt>
      <trkpt lat="49.39256" lon="22.18536">
        <ele>518.6</ele>
      </trkpt>
      <trkpt lat="49.39233" lon="22.18557">
        <ele>516.5</ele>
      </trkpt>
      <trkpt lat="49.3922" lon="22.18586">
        <ele>515.8</ele>
      </trkpt>
      <trkpt lat="49.39205" lon="22.1863">
        <ele>515.9</ele>
      </trkpt>
      <trkpt lat="49.3918" lon="22.18724">
        <ele>516.9</ele>
      </trkpt>
      <trkpt lat="49.39159" lon="22.18795">
        <ele>518.0</ele>
      </trkpt>
      <trkpt lat="49.39145" lon="22.18835">
        <ele>519.9</ele>
      </trkpt>
      <trkpt lat="49.39132" lon="22.18858">
        <ele>520.4</ele>
      </trkpt>
      <trkpt lat="49.39111" lon="22.18889">
        <ele>519.0</ele>
      </trkpt>
      <trkpt lat="49.390675" lon="22.189415">
        <ele>510.4</ele>
      </trkpt>
      <trkpt lat="49.39024" lon="22.18994">
        <ele>504.9</ele>
      </trkpt>
      <trkpt lat="49.38993" lon="22.19048">
        <ele>504.9</ele>
      </trkpt>
      <trkpt lat="49.38981" lon="22.19079">
        <ele>504.9</ele>
      </trkpt>
      <trkpt lat="49.38969" lon="22.1914">
        <ele>504.9</ele>
      </trkpt>
      <trkpt lat="49.38961" lon="22.19247">
        <ele>504.9</ele>
      </trkpt>
      <trkpt lat="49.3896" lon="22.19341">
        <ele>504.9</ele>
      </trkpt>
      <trkpt lat="49.38959" lon="22.19435">
        <ele>476.3</ele>
      </trkpt>
      <trkpt lat="49.38955" lon="22.19546">
        <ele>476.3</ele>
      </trkpt>
      <trkpt lat="49.38959" lon="22.19563">
        <ele>476.3</ele>
      </trkpt>
      <trkpt lat="49.38965" lon="22.19576">
        <ele>476.3</ele>
      </trkpt>
      <trkpt lat="49.38981" lon="22.19599">
        <ele>476.3</ele>
      </trkpt>
      <trkpt lat="49.38994" lon="22.19611">
        <ele>476.3</ele>
      </trkpt>
      <trkpt lat="49.39046" lon="22.19638">
        <ele>476.3</ele>
      </trkpt>
      <trkpt lat="49.391" lon="22.19671">
        <ele>476.3</ele>
      </trkpt>
      <trkpt lat="49.39121" lon="22.19689">
        <ele>476.3</ele>
      </trkpt>
      <trkpt lat="49.39143" lon="22.19724">
        <ele>477.8</ele>
      </trkpt>
      <trkpt lat="49.39162" lon="22.19764">
        <ele>479.3</ele>
      </trkpt>
      <trkpt lat="49.39163" lon="22.19778">
        <ele>479.7</ele>
      </trkpt>
      <trkpt lat="49.39161" lon="22.19795">
        <ele>480.3</ele>
      </trkpt>
      <trkpt lat="49.391345" lon="22.198675">
        <ele>482.6</ele>
      </trkpt>
      <trkpt lat="49.39108" lon="22.1994">
        <ele>485.0</ele>
      </trkpt>
      <trkpt lat="49.39062" lon="22.2005">
        <ele>483.2</ele>
      </trkpt>
      <trkpt lat="49.390095" lon="22.20027">
        <ele>479.0</ele>
      </trkpt>
      <trkpt lat="49.38957" lon="22.20004">
        <ele>474.3</ele>
      </trkpt>
      <trkpt lat="49.38939" lon="22.20001">
        <ele>473.6</ele>
      </trkpt>
      <trkpt lat="49.38855" lon="22.200035">
        <ele>466.5</ele>
      </trkpt>
      <trkpt lat="49.38771" lon="22.20006">
        <ele>458.7</ele>
      </trkpt>
      <trkpt lat="49.38759" lon="22.20009">
        <ele>456.4</ele>
      </trkpt>
      <trkpt lat="49.38753" lon="22.20023">
        <ele>454.9</ele>
      </trkpt>
      <trkpt lat="49.38753" lon="22.20045">
        <ele>453.1</ele>
      </trkpt>
      <trkpt lat="49.38757" lon="22.20054">
        <ele>452.7</ele>
      </trkpt>
      <trkpt lat="49.38784" lon="22.20089">
        <ele>450.8</ele>
      </trkpt>
      <trkpt lat="49.38793" lon="22.20103">
        <ele>450.3</ele>
      </trkpt>
      <trkpt lat="49.38801" lon="22.20122">
        <ele>449.4</ele>
      </trkpt>
      <trkpt lat="49.38822" lon="22.20195">
        <ele>444.2</ele>
      </trkpt>
      <trkpt lat="49.38823" lon="22.20209">
        <ele>444.2</ele>
      </trkpt>
      <trkpt lat="49.38814" lon="22.20253">
        <ele>441.6</ele>
      </trkpt>
      <trkpt lat="49.38812" lon="22.20273">
        <ele>439.8</ele>
      </trkpt>
      <trkpt lat="49.38813" lon="22.20289">
        <ele>439.0</ele>
      </trkpt>
      <trkpt lat="49.38818" lon="22.20307">
        <ele>437.5</ele>
      </trkpt>
      <trkpt lat="49.38826" lon="22.20326">
        <ele>436.3</ele>
      </trkpt>
      <trkpt lat="49.38858" lon="22.20372">
        <ele>432.8</ele>
      </trkpt>
      <trkpt lat="49.38879" lon="22.20407">
        <ele>430.6</ele>
      </trkpt>
      <trkpt lat="49.38905" lon="22.20469">
        <ele>428.8</ele>
      </trkpt>
      <trkpt lat="49.38914" lon="22.20495">
        <ele>427.9</ele>
      </trkpt>
      <trkpt lat="49.38929" lon="22.20616">
        <ele>426.3</ele>
      </trkpt>
      <trkpt lat="49.38942" lon="22.20649">
        <ele>426.8</ele>
      </trkpt>
      <trkpt lat="49.38945" lon="22.20661">
        <ele>426.9</ele>
      </trkpt>
      <trkpt lat="49.38941" lon="22.20672">
        <ele>426.9</ele>
      </trkpt>
      <trkpt lat="49.38876" lon="22.2072">
        <ele>430.7</ele>
      </trkpt>
      <trkpt lat="49.38884" lon="22.20744">
        <ele>430.6</ele>
      </trkpt>
      <trkpt lat="49.3885" lon="22.20636">
        <ele>429.3</ele>
      </trkpt>
      <trkpt lat="49.38819" lon="22.20524">
        <ele>430.0</ele>
      </trkpt>
      <trkpt lat="49.38792" lon="22.20471">
        <ele>430.5</ele>
      </trkpt>
      <trkpt lat="49.38779" lon="22.20456">
        <ele>430.7</ele>
      </trkpt>
      <trkpt lat="49.387125" lon="22.20388">
        <ele>432.1</ele>
      </trkpt>
      <trkpt lat="49.38646" lon="22.2032">
        <ele>434.7</ele>
      </trkpt>
      <trkpt lat="49.38601" lon="22.20276">
        <ele>435.6</ele>
      </trkpt>
      <trkpt lat="49.38576" lon="22.20244">
        <ele>436.3</ele>
      </trkpt>
      <trkpt lat="49.385385" lon="22.201565">
        <ele>439.5</ele>
      </trkpt>
      <trkpt lat="49.38501" lon="22.20069">
        <ele>442.0</ele>
      </trkpt>
      <trkpt lat="49.384645" lon="22.19961">
        <ele>443.4</ele>
      </trkpt>
      <trkpt lat="49.38428" lon="22.19853">
        <ele>444.9</ele>
      </trkpt>
      <trkpt lat="49.383908" lon="22.19756">
        <ele>446.6</ele>
      </trkpt>
      <trkpt lat="49.383535" lon="22.19659">
        <ele>448.9</ele>
      </trkpt>
      <trkpt lat="49.383163" lon="22.19562">
        <ele>452.7</ele>
      </trkpt>
      <trkpt lat="49.38279" lon="22.19465">
        <ele>455.9</ele>
      </trkpt>
      <trkpt lat="49.38267" lon="22.19444">
        <ele>456.2</ele>
      </trkpt>
      <trkpt lat="49.3825" lon="22.19431">
        <ele>456.3</ele>
      </trkpt>
      <trkpt lat="49.38175" lon="22.19411">
        <ele>456.2</ele>
      </trkpt>
      <trkpt lat="49.38131" lon="22.19396">
        <ele>457.7</ele>
      </trkpt>
      <trkpt lat="49.380705" lon="22.193715">
        <ele>461.4</ele>
      </trkpt>
      <trkpt lat="49.3801" lon="22.19347">
        <ele>466.6</ele>
      </trkpt>
      <trkpt lat="49.37973" lon="22.19338">
        <ele>469.3</ele>
      </trkpt>
      <trkpt lat="49.37928" lon="22.19336">
        <ele>470.6</ele>
      </trkpt>
      <trkpt lat="49.37905" lon="22.19337">
        <ele>471.7</ele>
      </trkpt>
      <trkpt lat="49.378495" lon="22.193485">
        <ele>473.3</ele>
      </trkpt>
      <trkpt lat="49.37794" lon="22.1936">
        <ele>474.3</ele>
      </trkpt>
      <trkpt lat="49.37755" lon="22.19373">
        <ele>473.5</ele>
      </trkpt>
      <trkpt lat="49.37698" lon="22.19405">
        <ele>470.7</ele>
      </trkpt>
      <trkpt lat="49.37675" lon="22.19421">
        <ele>468.9</ele>
      </trkpt>
      <trkpt lat="49.37626" lon="22.19465">
        <ele>463.2</ele>
      </trkpt>
      <trkpt lat="49.37607" lon="22.19474">
        <ele>461.7</ele>
      </trkpt>
      <trkpt lat="49.37592" lon="22.19479">
        <ele>460.6</ele>
      </trkpt>
      <trkpt lat="49.37573" lon="22.1948">
        <ele>460.0</ele>
      </trkpt>
      <trkpt lat="49.375047" lon="22.19476">
        <ele>458.8</ele>
      </trkpt>
      <trkpt lat="49.374363" lon="22.19472">
        <ele>459.0</ele>
      </trkpt>
      <trkpt lat="49.37368" lon="22.19468">
        <ele>460.1</ele>
      </trkpt>
      <trkpt lat="49.37342" lon="22.19473">
        <ele>461.0</ele>
      </trkpt>
      <trkpt lat="49.37265" lon="22.19506">
        <ele>463.4</ele>
      </trkpt>
      <trkpt lat="49.37245" lon="22.19518">
        <ele>463.7</ele>
      </trkpt>
      <trkpt lat="49.37184" lon="22.19558">
        <ele>464.4</ele>
      </trkpt>
      <trkpt lat="49.37123" lon="22.19598">
        <ele>464.6</ele>
      </trkpt>
      <trkpt lat="49.37083" lon="22.19631">
        <ele>464.8</ele>
      </trkpt>
      <trkpt lat="49.370178" lon="22.197105">
        <ele>464.7</ele>
      </trkpt>
      <trkpt lat="49.369527" lon="22.1979">
        <ele>464.8</ele>
      </trkpt>
      <trkpt lat="49.368875" lon="22.198695">
        <ele>467.1</ele>
      </trkpt>
      <trkpt lat="49.368223" lon="22.19949">
        <ele>469.2</ele>
      </trkpt>
      <trkpt lat="49.367572" lon="22.200285">
        <ele>471.6</ele>
      </trkpt>
      <trkpt lat="49.36692" lon="22.20108">
        <ele>472.8</ele>
      </trkpt>
      <trkpt lat="49.36636" lon="22.20168">
        <ele>473.0</ele>
      </trkpt>
      <trkpt lat="49.36581" lon="22.20205">
        <ele>473.4</ele>
      </trkpt>
      <trkpt lat="49.36528" lon="22.20222">
        <ele>472.9</ele>
      </trkpt>
      <trkpt lat="49.36459" lon="22.202355">
        <ele>473.2</ele>
      </trkpt>
      <trkpt lat="49.3639" lon="22.20249">
        <ele>473.9</ele>
      </trkpt>
      <trkpt lat="49.363425" lon="22.20265">
        <ele>474.7</ele>
      </trkpt>
      <trkpt lat="49.36295" lon="22.20281">
        <ele>475.7</ele>
      </trkpt>
      <trkpt lat="49.3625" lon="22.20301">
        <ele>476.5</ele>
      </trkpt>
      <trkpt lat="49.36215" lon="22.20309">
        <ele>476.8</ele>
      </trkpt>
      <trkpt lat="49.36177" lon="22.2031">
        <ele>477.5</ele>
      </trkpt>
      <trkpt lat="49.36101" lon="22.20306">
        <ele>479.5</ele>
      </trkpt>
      <trkpt lat="49.36025" lon="22.20302">
        <ele>483.6</ele>
      </trkpt>
      <trkpt lat="49.35949" lon="22.20298">
        <ele>485.6</ele>
      </trkpt>
      <trkpt lat="49.35917" lon="22.20294">
        <ele>486.4</ele>
      </trkpt>
      <trkpt lat="49.358485" lon="22.20272">
        <ele>488.1</ele>
      </trkpt>
      <trkpt lat="49.3578" lon="22.2025">
        <ele>489.0</ele>
      </trkpt>
      <trkpt lat="49.35779" lon="22.2025">
        <ele>489.0</ele>
      </trkpt>
      <trkpt lat="49.35778" lon="22.20354">
        <ele>486.3</ele>
      </trkpt>
      <trkpt lat="49.35782" lon="22.20405">
        <ele>487.1</ele>
      </trkpt>
      <trkpt lat="49.35789" lon="22.20438">
        <ele>487.7</ele>
      </trkpt>
      <trkpt lat="49.35818" lon="22.205115">
        <ele>489.2</ele>
      </trkpt>
      <trkpt lat="49.35847" lon="22.20585">
        <ele>492.3</ele>
      </trkpt>
      <trkpt lat="49.35894" lon="22.20668">
        <ele>493.7</ele>
      </trkpt>
      <trkpt lat="49.35908" lon="22.20699">
        <ele>495.1</ele>
      </trkpt>
      <trkpt lat="49.35914" lon="22.20737">
        <ele>496.3</ele>
      </trkpt>
      <trkpt lat="49.359085" lon="22.20826">
        <ele>500.0</ele>
      </trkpt>
      <trkpt lat="49.35903" lon="22.20915">
        <ele>498.6</ele>
      </trkpt>
      <trkpt lat="49.359015" lon="22.20997">
        <ele>497.8</ele>
      </trkpt>
      <trkpt lat="49.359" lon="22.21079">
        <ele>497.6</ele>
      </trkpt>
      <trkpt lat="49.35898" lon="22.21101">
        <ele>497.7</ele>
      </trkpt>
      <trkpt lat="49.35874" lon="22.21189">
        <ele>499.6</ele>
      </trkpt>
      <trkpt lat="49.35863" lon="22.21242">
        <ele>501.3</ele>
      </trkpt>
      <trkpt lat="49.35863" lon="22.21259">
        <ele>501.0</ele>
      </trkpt>
      <trkpt lat="49.35875" lon="22.21323">
        <ele>499.0</ele>
      </trkpt>
      <trkpt lat="49.35875" lon="22.21344">
        <ele>498.8</ele>
      </trkpt>
      <trkpt lat="49.35871" lon="22.21373">
        <ele>498.9</ele>
      </trkpt>
      <trkpt lat="49.35841" lon="22.214698">
        <ele>501.2</ele>
      </trkpt>
      <trkpt lat="49.35811" lon="22.215665">
        <ele>504.1</ele>
      </trkpt>
      <trkpt lat="49.35781" lon="22.216633">
        <ele>506.1</ele>
      </trkpt>
      <trkpt lat="49.35751" lon="22.2176">
        <ele>509.6</ele>
      </trkpt>
      <trkpt lat="49.35747" lon="22.21796">
        <ele>510.2</ele>
      </trkpt>
      <trkpt lat="49.35749" lon="22.21811">
        <ele>510.4</ele>
      </trkpt>
      <trkpt lat="49.35779" lon="22.21932">
        <ele>516.9</ele>
      </trkpt>
      <trkpt lat="49.35809" lon="22.22053">
        <ele>521.6</ele>
      </trkpt>
      <trkpt lat="49.35809" lon="22.22081">
        <ele>522.6</ele>
      </trkpt>
      <trkpt lat="49.35803" lon="22.22127">
        <ele>525.3</ele>
      </trkpt>
      <trkpt lat="49.35801" lon="22.22155">
        <ele>526.3</ele>
      </trkpt>
      <trkpt lat="49.35804" lon="22.22193">
        <ele>528.6</ele>
      </trkpt>
      <trkpt lat="49.35803" lon="22.22226">
        <ele>530.8</ele>
      </trkpt>
      <trkpt lat="49.35796" lon="22.22253">
        <ele>532.4</ele>
      </trkpt>
      <trkpt lat="49.35763" lon="22.22336">
        <ele>538.9</ele>
      </trkpt>
      <trkpt lat="49.35756" lon="22.22359">
        <ele>541.2</ele>
      </trkpt>
      <trkpt lat="49.35754" lon="22.22386">
        <ele>542.1</ele>
      </trkpt>
      <trkpt lat="49.35758" lon="22.22421">
        <ele>543.7</ele>
      </trkpt>
      <trkpt lat="49.35765" lon="22.22447">
        <ele>545.8</ele>
      </trkpt>
      <trkpt lat="49.35784" lon="22.22486">
        <ele>548.6</ele>
      </trkpt>
      <trkpt lat="49.3581" lon="22.22517">
        <ele>551.4</ele>
      </trkpt>
      <trkpt lat="49.35844" lon="22.22536">
        <ele>554.3</ele>
      </trkpt>
      <trkpt lat="49.35851" lon="22.22547">
        <ele>555.2</ele>
      </trkpt>
      <trkpt lat="49.35854" lon="22.22562">
        <ele>556.1</ele>
      </trkpt>
      <trkpt lat="49.35852" lon="22.22579">
        <ele>556.1</ele>
      </trkpt>
      <trkpt lat="49.35845" lon="22.22591">
        <ele>560.0</ele>
      </trkpt>
      <trkpt lat="49.35835" lon="22.22595">
        <ele>560.0</ele>
      </trkpt>
      <trkpt lat="49.35806" lon="22.22595">
        <ele>562.5</ele>
      </trkpt>
      <trkpt lat="49.35795" lon="22.22601">
        <ele>564.5</ele>
      </trkpt>
      <trkpt lat="49.35786" lon="22.22616">
        <ele>565.2</ele>
      </trkpt>
      <trkpt lat="49.35781" lon="22.22637">
        <ele>565.9</ele>
      </trkpt>
      <trkpt lat="49.35785" lon="22.2268">
        <ele>565.8</ele>
      </trkpt>
      <trkpt lat="49.35797" lon="22.22762">
        <ele>562.4</ele>
      </trkpt>
      <trkpt lat="49.35809" lon="22.22827">
        <ele>558.6</ele>
      </trkpt>
      <trkpt lat="49.35809" lon="22.22853">
        <ele>557.3</ele>
      </trkpt>
      <trkpt lat="49.35804" lon="22.22876">
        <ele>555.0</ele>
      </trkpt>
      <trkpt lat="49.35799" lon="22.2289">
        <ele>554.7</ele>
      </trkpt>
      <trkpt lat="49.35763" lon="22.229675">
        <ele>552.0</ele>
      </trkpt>
      <trkpt lat="49.35727" lon="22.23045">
        <ele>548.4</ele>
      </trkpt>
      <trkpt lat="49.35698" lon="22.23106">
        <ele>546.1</ele>
      </trkpt>
      <trkpt lat="49.35681" lon="22.23131">
        <ele>545.6</ele>
      </trkpt>
      <trkpt lat="49.35659" lon="22.23157">
        <ele>545.0</ele>
      </trkpt>
      <trkpt lat="49.35608" lon="22.232145">
        <ele>542.6</ele>
      </trkpt>
      <trkpt lat="49.35557" lon="22.23272">
        <ele>537.9</ele>
      </trkpt>
      <trkpt lat="49.35534" lon="22.23307">
        <ele>533.2</ele>
      </trkpt>
      <trkpt lat="49.354985" lon="22.233745">
        <ele>528.2</ele>
      </trkpt>
      <trkpt lat="49.35463" lon="22.23442">
        <ele>521.9</ele>
      </trkpt>
      <trkpt lat="49.35403" lon="22.23527">
        <ele>512.9</ele>
      </trkpt>
      <trkpt lat="49.35355" lon="22.23576">
        <ele>506.5</ele>
      </trkpt>
      <trkpt lat="49.35317" lon="22.23612">
        <ele>504.0</ele>
      </trkpt>
      <trkpt lat="49.3524" lon="22.23679">
        <ele>495.7</ele>
      </trkpt>
      <trkpt lat="49.3523" lon="22.23686">
        <ele>493.4</ele>
      </trkpt>
      <trkpt lat="49.35173" lon="22.23708">
        <ele>487.0</ele>
      </trkpt>
      <trkpt lat="49.35155" lon="22.2372">
        <ele>487.0</ele>
      </trkpt>
      <trkpt lat="49.35124" lon="22.23746">
        <ele>481.4</ele>
      </trkpt>
      <trkpt lat="49.35105" lon="22.2376">
        <ele>479.0</ele>
      </trkpt>
      <trkpt lat="49.35078" lon="22.23776">
        <ele>476.2</ele>
      </trkpt>
      <trkpt lat="49.35057" lon="22.23795">
        <ele>475.7</ele>
      </trkpt>
      <trkpt lat="49.35049" lon="22.23811">
        <ele>474.6</ele>
      </trkpt>
      <trkpt lat="49.35027" lon="22.23876">
        <ele>472.7</ele>
      </trkpt>
      <trkpt lat="49.35016" lon="22.23917">
        <ele>472.4</ele>
      </trkpt>
      <trkpt lat="49.35003" lon="22.23979">
        <ele>472.3</ele>
      </trkpt>
      <trkpt lat="49.34987" lon="22.24019">
        <ele>471.4</ele>
      </trkpt>
      <trkpt lat="49.3498" lon="22.24042">
        <ele>470.9</ele>
      </trkpt>
      <trkpt lat="49.34974" lon="22.24073">
        <ele>470.7</ele>
      </trkpt>
      <trkpt lat="49.34968" lon="22.24128">
        <ele>470.5</ele>
      </trkpt>
      <trkpt lat="49.34961" lon="22.24161">
        <ele>470.2</ele>
      </trkpt>
      <trkpt lat="49.34947" lon="22.24203">
        <ele>469.1</ele>
      </trkpt>
      <trkpt lat="49.34936" lon="22.24225">
        <ele>468.6</ele>
      </trkpt>
      <trkpt lat="49.348863" lon="22.24309">
        <ele>466.0</ele>
      </trkpt>
      <trkpt lat="49.348367" lon="22.24393">
        <ele>463.9</ele>
      </trkpt>
      <trkpt lat="49.34787" lon="22.24477">
        <ele>463.8</ele>
      </trkpt>
      <trkpt lat="49.34772" lon="22.24521">
        <ele>464.7</ele>
      </trkpt>
      <trkpt lat="49.34762" lon="22.24562">
        <ele>471.0</ele>
      </trkpt>
      <trkpt lat="49.34761" lon="22.2456">
        <ele>464.9</ele>
      </trkpt>
      <trkpt lat="49.34742" lon="22.24639">
        <ele>463.0</ele>
      </trkpt>
      <trkpt lat="49.34739" lon="22.2466">
        <ele>462.4</ele>
      </trkpt>
      <trkpt lat="49.3474" lon="22.24682">
        <ele>460.9</ele>
      </trkpt>
      <trkpt lat="49.34731" lon="22.2468">
        <ele>460.8</ele>
      </trkpt>
      <trkpt lat="49.34682" lon="22.246775">
        <ele>461.6</ele>
      </trkpt>
      <trkpt lat="49.34633" lon="22.24675">
        <ele>463.3</ele>
      </trkpt>
      <trkpt lat="49.34613" lon="22.24668">
        <ele>463.8</ele>
      </trkpt>
      <trkpt lat="49.34568" lon="22.24647">
        <ele>464.0</ele>
      </trkpt>
      <trkpt lat="49.34521" lon="22.24635">
        <ele>465.3</ele>
      </trkpt>
      <trkpt lat="49.34456" lon="22.246305">
        <ele>467.3</ele>
      </trkpt>
      <trkpt lat="49.34391" lon="22.24626">
        <ele>470.5</ele>
      </trkpt>
      <trkpt lat="49.34339" lon="22.2462">
        <ele>471.4</ele>
      </trkpt>
      <trkpt lat="49.34287" lon="22.24614">
        <ele>472.4</ele>
      </trkpt>
      <trkpt lat="49.34273" lon="22.24615">
        <ele>472.8</ele>
      </trkpt>
      <trkpt lat="49.34263" lon="22.2462">
        <ele>473.2</ele>
      </trkpt>
      <trkpt lat="49.34228" lon="22.24648">
        <ele>474.3</ele>
      </trkpt>
      <trkpt lat="49.34204" lon="22.24663">
        <ele>475.1</ele>
      </trkpt>
      <trkpt lat="49.3419" lon="22.24665">
        <ele>475.3</ele>
      </trkpt>
      <trkpt lat="49.3418" lon="22.24664">
        <ele>475.3</ele>
      </trkpt>
      <trkpt lat="49.34168" lon="22.24656">
        <ele>475.3</ele>
      </trkpt>
      <trkpt lat="49.34157" lon="22.24642">
        <ele>475.4</ele>
      </trkpt>
      <trkpt lat="49.34149" lon="22.24617">
        <ele>475.6</ele>
      </trkpt>
      <trkpt lat="49.34145" lon="22.24598">
        <ele>476.0</ele>
      </trkpt>
      <trkpt lat="49.34143" lon="22.24576">
        <ele>476.2</ele>
      </trkpt>
      <trkpt lat="49.34138" lon="22.2455">
        <ele>476.7</ele>
      </trkpt>
      <trkpt lat="49.34128" lon="22.24533">
        <ele>477.3</ele>
      </trkpt>
      <trkpt lat="49.34095" lon="22.24511">
        <ele>478.6</ele>
      </trkpt>
      <trkpt lat="49.34037" lon="22.244675">
        <ele>480.0</ele>
      </trkpt>
      <trkpt lat="49.33979" lon="22.24424">
        <ele>483.7</ele>
      </trkpt>
      <trkpt lat="49.33966" lon="22.24407">
        <ele>486.5</ele>
      </trkpt>
      <trkpt lat="49.33958" lon="22.24392">
        <ele>486.5</ele>
      </trkpt>
      <trkpt lat="49.33939" lon="22.24305">
        <ele>490.4</ele>
      </trkpt>
      <trkpt lat="49.339245" lon="22.24226">
        <ele>490.9</ele>
      </trkpt>
      <trkpt lat="49.3391" lon="22.24147">
        <ele>491.0</ele>
      </trkpt>
      <trkpt lat="49.33899" lon="22.24107">
        <ele>490.3</ele>
      </trkpt>
      <trkpt lat="49.33882" lon="22.24063">
        <ele>490.2</ele>
      </trkpt>
      <trkpt lat="49.33869" lon="22.2404">
        <ele>490.4</ele>
      </trkpt>
      <trkpt lat="49.33855" lon="22.24026">
        <ele>491.1</ele>
      </trkpt>
      <trkpt lat="49.33806" lon="22.23985">
        <ele>493.4</ele>
      </trkpt>
      <trkpt lat="49.33779" lon="22.23948">
        <ele>495.5</ele>
      </trkpt>
      <trkpt lat="49.33734" lon="22.23865">
        <ele>501.1</ele>
      </trkpt>
      <trkpt lat="49.33697" lon="22.23775">
        <ele>504.9</ele>
      </trkpt>
      <trkpt lat="49.3366" lon="22.23685">
        <ele>508.1</ele>
      </trkpt>
      <trkpt lat="49.33627" lon="22.23593">
        <ele>510.8</ele>
      </trkpt>
      <trkpt lat="49.33601" lon="22.235255">
        <ele>513.5</ele>
      </trkpt>
      <trkpt lat="49.33575" lon="22.23458">
        <ele>514.9</ele>
      </trkpt>
      <trkpt lat="49.33565" lon="22.23428">
        <ele>517.3</ele>
      </trkpt>
      <trkpt lat="49.3354" lon="22.23341">
        <ele>522.5</ele>
      </trkpt>
      <trkpt lat="49.33512" lon="22.23277">
        <ele>525.1</ele>
      </trkpt>
      <trkpt lat="49.33498" lon="22.23252">
        <ele>527.0</ele>
      </trkpt>
      <trkpt lat="49.33473" lon="22.23194">
        <ele>529.6</ele>
      </trkpt>
      <trkpt lat="49.3346" lon="22.23168">
        <ele>531.6</ele>
      </trkpt>
      <trkpt lat="49.33455" lon="22.23166">
        <ele>531.7</ele>
      </trkpt>
      <trkpt lat="49.33449" lon="22.23165">
        <ele>531.8</ele>
      </trkpt>
      <trkpt lat="49.33444" lon="22.23167">
        <ele>531.8</ele>
      </trkpt>
      <trkpt lat="49.33438" lon="22.23173">
        <ele>531.9</ele>
      </trkpt>
      <trkpt lat="49.33436" lon="22.23182">
        <ele>531.9</ele>
      </trkpt>
      <trkpt lat="49.33436" lon="22.23196">
        <ele>532.2</ele>
      </trkpt>
      <trkpt lat="49.33441" lon="22.23246">
        <ele>533.9</ele>
      </trkpt>
      <trkpt lat="49.33441" lon="22.23262">
        <ele>534.3</ele>
      </trkpt>
      <trkpt lat="49.33434" lon="22.233405">
        <ele>538.0</ele>
      </trkpt>
      <trkpt lat="49.33427" lon="22.23419">
        <ele>542.9</ele>
      </trkpt>
      <trkpt lat="49.3343" lon="22.235">
        <ele>547.2</ele>
      </trkpt>
      <trkpt lat="49.33426" lon="22.23545">
        <ele>548.3</ele>
      </trkpt>
      <trkpt lat="49.33416" lon="22.23587">
        <ele>550.8</ele>
      </trkpt>
      <trkpt lat="49.3341" lon="22.23602">
        <ele>551.5</ele>
      </trkpt>
      <trkpt lat="49.33378" lon="22.23663">
        <ele>555.7</ele>
      </trkpt>
      <trkpt lat="49.33362" lon="22.23708">
        <ele>559.4</ele>
      </trkpt>
      <trkpt lat="49.33331" lon="22.23751">
        <ele>561.6</ele>
      </trkpt>
      <trkpt lat="49.33315" lon="22.23765">
        <ele>561.5</ele>
      </trkpt>
      <trkpt lat="49.33306" lon="22.23768">
        <ele>561.1</ele>
      </trkpt>
      <trkpt lat="49.33298" lon="22.23768">
        <ele>560.5</ele>
      </trkpt>
      <trkpt lat="49.33283" lon="22.23763">
        <ele>559.7</ele>
      </trkpt>
      <trkpt lat="49.33218" lon="22.23727">
        <ele>553.5</ele>
      </trkpt>
      <trkpt lat="49.33201" lon="22.23712">
        <ele>553.0</ele>
      </trkpt>
      <trkpt lat="49.33195" lon="22.23709">
        <ele>552.2</ele>
      </trkpt>
      <trkpt lat="49.33186" lon="22.23707">
        <ele>552.2</ele>
      </trkpt>
      <trkpt lat="49.33178" lon="22.23709">
        <ele>551.7</ele>
      </trkpt>
      <trkpt lat="49.33172" lon="22.23713">
        <ele>551.0</ele>
      </trkpt>
      <trkpt lat="49.33168" lon="22.23719">
        <ele>550.8</ele>
      </trkpt>
      <trkpt lat="49.33164" lon="22.23738">
        <ele>550.3</ele>
      </trkpt>
      <trkpt lat="49.33168" lon="22.23758">
        <ele>550.6</ele>
      </trkpt>
      <trkpt lat="49.33194" lon="22.23802">
        <ele>553.4</ele>
      </trkpt>
      <trkpt lat="49.33209" lon="22.23836">
        <ele>556.0</ele>
      </trkpt>
      <trkpt lat="49.33213" lon="22.23866">
        <ele>557.5</ele>
      </trkpt>
      <trkpt lat="49.33212" lon="22.23891">
        <ele>558.3</ele>
      </trkpt>
      <trkpt lat="49.33208" lon="22.23917">
        <ele>559.2</ele>
      </trkpt>
      <trkpt lat="49.33181" lon="22.24026">
        <ele>564.9</ele>
      </trkpt>
      <trkpt lat="49.33169" lon="22.24067">
        <ele>567.4</ele>
      </trkpt>
      <trkpt lat="49.33152" lon="22.241">
        <ele>570.0</ele>
      </trkpt>
      <trkpt lat="49.33099" lon="22.24178">
        <ele>575.3</ele>
      </trkpt>
      <trkpt lat="49.33057" lon="22.24242">
        <ele>580.5</ele>
      </trkpt>
      <trkpt lat="49.33045" lon="22.24255">
        <ele>581.6</ele>
      </trkpt>
      <trkpt lat="49.33032" lon="22.24264">
        <ele>582.5</ele>
      </trkpt>
      <trkpt lat="49.33003" lon="22.24273">
        <ele>584.1</ele>
      </trkpt>
      <trkpt lat="49.32923" lon="22.24293">
        <ele>589.6</ele>
      </trkpt>
      <trkpt lat="49.3289" lon="22.24305">
        <ele>593.9</ele>
      </trkpt>
      <trkpt lat="49.32829" lon="22.2431">
        <ele>600.1</ele>
      </trkpt>
      <trkpt lat="49.32813" lon="22.24307">
        <ele>601.4</ele>
      </trkpt>
      <trkpt lat="49.32795" lon="22.24294">
        <ele>603.2</ele>
      </trkpt>
      <trkpt lat="49.32775" lon="22.2427">
        <ele>604.7</ele>
      </trkpt>
      <trkpt lat="49.327365" lon="22.242305">
        <ele>607.1</ele>
      </trkpt>
      <trkpt lat="49.32698" lon="22.24191">
        <ele>608.1</ele>
      </trkpt>
      <trkpt lat="49.32687" lon="22.24182">
        <ele>608.2</ele>
      </trkpt>
      <trkpt lat="49.32649" lon="22.24158">
        <ele>607.7</ele>
      </trkpt>
      <trkpt lat="49.32613" lon="22.24129">
        <ele>606.1</ele>
      </trkpt>
      <trkpt lat="49.3254" lon="22.24094">
        <ele>603.1</ele>
      </trkpt>
      <trkpt lat="49.32525" lon="22.24089">
        <ele>602.0</ele>
      </trkpt>
      <trkpt lat="49.32516" lon="22.2409">
        <ele>601.6</ele>
      </trkpt>
      <trkpt lat="49.32501" lon="22.24099">
        <ele>601.1</ele>
      </trkpt>
      <trkpt lat="49.32496" lon="22.24106">
        <ele>601.1</ele>
      </trkpt>
      <trkpt lat="49.32493" lon="22.24125">
        <ele>601.3</ele>
      </trkpt>
      <trkpt lat="49.32495" lon="22.24143">
        <ele>601.9</ele>
      </trkpt>
      <trkpt lat="49.32508" lon="22.24168">
        <ele>603.6</ele>
      </trkpt>
      <trkpt lat="49.32518" lon="22.24182">
        <ele>604.2</ele>
      </trkpt>
      <trkpt lat="49.32578" lon="22.24249">
        <ele>609.2</ele>
      </trkpt>
      <trkpt lat="49.32587" lon="22.24268">
        <ele>609.6</ele>
      </trkpt>
      <trkpt lat="49.3259" lon="22.24296">
        <ele>609.9</ele>
      </trkpt>
      <trkpt lat="49.32596" lon="22.24307">
        <ele>610.1</ele>
      </trkpt>
      <trkpt lat="49.32601" lon="22.2431">
        <ele>610.1</ele>
      </trkpt>
      <trkpt lat="49.32625" lon="22.24316">
        <ele>613.4</ele>
      </trkpt>
      <trkpt lat="49.32631" lon="22.2432">
        <ele>613.4</ele>
      </trkpt>
      <trkpt lat="49.32637" lon="22.24327">
        <ele>613.4</ele>
      </trkpt>
      <trkpt lat="49.32647" lon="22.24357">
        <ele>614.6</ele>
      </trkpt>
      <trkpt lat="49.32648" lon="22.24369">
        <ele>615.1</ele>
      </trkpt>
      <trkpt lat="49.32646" lon="22.244">
        <ele>615.6</ele>
      </trkpt>
      <trkpt lat="49.32633" lon="22.2448">
        <ele>614.3</ele>
      </trkpt>
      <trkpt lat="49.32625" lon="22.24504">
        <ele>614.1</ele>
      </trkpt>
      <trkpt lat="49.32603" lon="22.24549">
        <ele>613.9</ele>
      </trkpt>
      <trkpt lat="49.32581" lon="22.24613">
        <ele>614.1</ele>
      </trkpt>
      <trkpt lat="49.32564" lon="22.24656">
        <ele>613.8</ele>
      </trkpt>
      <trkpt lat="49.32559" lon="22.24682">
        <ele>612.7</ele>
      </trkpt>
      <trkpt lat="49.32558" lon="22.24702">
        <ele>610.7</ele>
      </trkpt>
      <trkpt lat="49.32563" lon="22.24729">
        <ele>608.6</ele>
      </trkpt>
      <trkpt lat="49.32579" lon="22.24757">
        <ele>606.2</ele>
      </trkpt>
      <trkpt lat="49.32592" lon="22.24771">
        <ele>605.3</ele>
      </trkpt>
      <trkpt lat="49.32641" lon="22.24802">
        <ele>599.8</ele>
      </trkpt>
      <trkpt lat="49.32652" lon="22.24812">
        <ele>598.7</ele>
      </trkpt>
      <trkpt lat="49.32662" lon="22.24829">
        <ele>598.7</ele>
      </trkpt>
      <trkpt lat="49.32664" lon="22.24835">
        <ele>593.0</ele>
      </trkpt>
      <trkpt lat="49.32667" lon="22.249045">
        <ele>589.5</ele>
      </trkpt>
      <trkpt lat="49.3267" lon="22.24974">
        <ele>583.5</ele>
      </trkpt>
      <trkpt lat="49.32668" lon="22.25003">
        <ele>580.4</ele>
      </trkpt>
      <trkpt lat="49.3266" lon="22.25017">
        <ele>578.4</ele>
      </trkpt>
      <trkpt lat="49.325995" lon="22.250895">
        <ele>571.9</ele>
      </trkpt>
      <trkpt lat="49.32539" lon="22.25162">
        <ele>561.7</ele>
      </trkpt>
      <trkpt lat="49.32492" lon="22.25215">
        <ele>559.6</ele>
      </trkpt>
      <trkpt lat="49.32444" lon="22.25253">
        <ele>553.8</ele>
      </trkpt>
      <trkpt lat="49.32403" lon="22.25278">
        <ele>548.3</ele>
      </trkpt>
      <trkpt lat="49.32369" lon="22.25311">
        <ele>545.6</ele>
      </trkpt>
      <trkpt lat="49.3234" lon="22.25335">
        <ele>541.2</ele>
      </trkpt>
      <trkpt lat="49.32304" lon="22.2536">
        <ele>539.4</ele>
      </trkpt>
      <trkpt lat="49.32296" lon="22.2537">
        <ele>538.9</ele>
      </trkpt>
      <trkpt lat="49.32265" lon="22.254375">
        <ele>537.1</ele>
      </trkpt>
      <trkpt lat="49.32234" lon="22.25505">
        <ele>535.5</ele>
      </trkpt>
      <trkpt lat="49.321875" lon="22.25591">
        <ele>533.6</ele>
      </trkpt>
      <trkpt lat="49.32141" lon="22.25677">
        <ele>532.2</ele>
      </trkpt>
      <trkpt lat="49.32111" lon="22.25728">
        <ele>532.1</ele>
      </trkpt>
      <trkpt lat="49.32056" lon="22.25804">
        <ele>531.6</ele>
      </trkpt>
      <trkpt lat="49.32037" lon="22.25825">
        <ele>531.5</ele>
      </trkpt>
      <trkpt lat="49.319773" lon="22.258673">
        <ele>530.5</ele>
      </trkpt>
      <trkpt lat="49.319177" lon="22.259097">
        <ele>521.8</ele>
      </trkpt>
      <trkpt lat="49.31858" lon="22.25952">
        <ele>512.6</ele>
      </trkpt>
      <trkpt lat="49.31836" lon="22.25972">
        <ele>512.6</ele>
      </trkpt>
      <trkpt lat="49.31806" lon="22.26004">
        <ele>505.6</ele>
      </trkpt>
      <trkpt lat="49.31769" lon="22.2605">
        <ele>499.2</ele>
      </trkpt>
      <trkpt lat="49.31732" lon="22.26096">
        <ele>496.7</ele>
      </trkpt>
      <trkpt lat="49.3171" lon="22.26118">
        <ele>492.4</ele>
      </trkpt>
      <trkpt lat="49.31694" lon="22.26129">
        <ele>491.5</ele>
      </trkpt>
      <trkpt lat="49.31684" lon="22.2613">
        <ele>490.6</ele>
      </trkpt>
      <trkpt lat="49.31673" lon="22.26127">
        <ele>490.1</ele>
      </trkpt>
      <trkpt lat="49.316795" lon="22.26217">
        <ele>489.5</ele>
      </trkpt>
      <trkpt lat="49.31686" lon="22.26307">
        <ele>488.5</ele>
      </trkpt>
      <trkpt lat="49.31687" lon="22.26402">
        <ele>486.2</ele>
      </trkpt>
      <trkpt lat="49.31688" lon="22.26497">
        <ele>484.1</ele>
      </trkpt>
      <trkpt lat="49.31689" lon="22.26592">
        <ele>482.0</ele>
      </trkpt>
      <trkpt lat="49.31689" lon="22.26641">
        <ele>479.0</ele>
      </trkpt>
      <trkpt lat="49.316845" lon="22.26741">
        <ele>475.0</ele>
      </trkpt>
      <trkpt lat="49.3168" lon="22.26841">
        <ele>473.6</ele>
      </trkpt>
      <trkpt lat="49.31679" lon="22.269595">
        <ele>471.3</ele>
      </trkpt>
      <trkpt lat="49.31678" lon="22.27078">
        <ele>471.3</ele>
      </trkpt>
      <trkpt lat="49.31678" lon="22.272025">
        <ele>470.4</ele>
      </trkpt>
      <trkpt lat="49.31678" lon="22.27327">
        <ele>470.1</ele>
      </trkpt>
      <trkpt lat="49.31675" lon="22.27365">
        <ele>470.1</ele>
      </trkpt>
      <trkpt lat="49.31672" lon="22.27378">
        <ele>470.1</ele>
      </trkpt>
      <trkpt lat="49.31666" lon="22.27389">
        <ele>470.1</ele>
      </trkpt>
      <trkpt lat="49.31658" lon="22.27397">
        <ele>470.1</ele>
      </trkpt>
      <trkpt lat="49.31652" lon="22.27403">
        <ele>470.1</ele>
      </trkpt>
      <trkpt lat="49.31615" lon="22.27421">
        <ele>469.6</ele>
      </trkpt>
      <trkpt lat="49.3161" lon="22.27427">
        <ele>469.6</ele>
      </trkpt>
      <trkpt lat="49.31599" lon="22.27454">
        <ele>469.4</ele>
      </trkpt>
      <trkpt lat="49.31591" lon="22.27498">
        <ele>469.0</ele>
      </trkpt>
      <trkpt lat="49.3159" lon="22.27516">
        <ele>468.1</ele>
      </trkpt>
      <trkpt lat="49.31611" lon="22.27512">
        <ele>467.4</ele>
      </trkpt>
      <trkpt lat="49.31629" lon="22.27505">
        <ele>466.9</ele>
      </trkpt>
      <trkpt lat="49.3166" lon="22.2749">
        <ele>466.3</ele>
      </trkpt>
      <trkpt lat="49.31682" lon="22.27482">
        <ele>466.3</ele>
      </trkpt>
      <trkpt lat="49.31734" lon="22.27473">
        <ele>466.5</ele>
      </trkpt>
      <trkpt lat="49.31751" lon="22.27475">
        <ele>467.0</ele>
      </trkpt>
      <trkpt lat="49.31773" lon="22.27489">
        <ele>467.1</ele>
      </trkpt>
      <trkpt lat="49.318353" lon="22.275433">
        <ele>467.1</ele>
      </trkpt>
      <trkpt lat="49.318977" lon="22.275977">
        <ele>466.2</ele>
      </trkpt>
      <trkpt lat="49.3196" lon="22.27652">
        <ele>465.5</ele>
      </trkpt>
      <trkpt lat="49.31983" lon="22.2767">
        <ele>466.0</ele>
      </trkpt>
      <trkpt lat="49.32037" lon="22.27695">
        <ele>466.1</ele>
      </trkpt>
      <trkpt lat="49.32091" lon="22.2772">
        <ele>465.3</ele>
      </trkpt>
      <trkpt lat="49.32124" lon="22.27738">
        <ele>464.9</ele>
      </trkpt>
      <trkpt lat="49.321745" lon="22.277715">
        <ele>463.8</ele>
      </trkpt>
      <trkpt lat="49.32225" lon="22.27805">
        <ele>462.4</ele>
      </trkpt>
      <trkpt lat="49.32258" lon="22.2782">
        <ele>462.1</ele>
      </trkpt>
      <trkpt lat="49.32329" lon="22.27844">
        <ele>461.5</ele>
      </trkpt>
      <trkpt lat="49.3235" lon="22.27856">
        <ele>461.2</ele>
      </trkpt>
      <trkpt lat="49.32361" lon="22.27866">
        <ele>460.9</ele>
      </trkpt>
      <trkpt lat="49.32373" lon="22.27882">
        <ele>460.9</ele>
      </trkpt>
      <trkpt lat="49.324225" lon="22.279602">
        <ele>460.2</ele>
      </trkpt>
      <trkpt lat="49.32472" lon="22.280385">
        <ele>459.5</ele>
      </trkpt>
      <trkpt lat="49.325215" lon="22.281167">
        <ele>459.4</ele>
      </trkpt>
      <trkpt lat="49.32571" lon="22.28195">
        <ele>459.4</ele>
      </trkpt>
      <trkpt lat="49.32634" lon="22.28292">
        <ele>459.0</ele>
      </trkpt>
      <trkpt lat="49.32697" lon="22.28389">
        <ele>456.9</ele>
      </trkpt>
      <trkpt lat="49.32709" lon="22.28404">
        <ele>456.5</ele>
      </trkpt>
      <trkpt lat="49.32723" lon="22.28416">
        <ele>454.9</ele>
      </trkpt>
      <trkpt lat="49.32743" lon="22.28425">
        <ele>454.9</ele>
      </trkpt>
      <trkpt lat="49.32827" lon="22.284575">
        <ele>453.4</ele>
      </trkpt>
      <trkpt lat="49.32911" lon="22.2849">
        <ele>452.5</ele>
      </trkpt>
      <trkpt lat="49.32995" lon="22.285225">
        <ele>451.4</ele>
      </trkpt>
      <trkpt lat="49.33079" lon="22.28555">
        <ele>450.1</ele>
      </trkpt>
      <trkpt lat="49.330625" lon="22.28635">
        <ele>448.6</ele>
      </trkpt>
      <trkpt lat="49.33046" lon="22.28715">
        <ele>448.3</ele>
      </trkpt>
      <trkpt lat="49.33043" lon="22.28756">
        <ele>447.8</ele>
      </trkpt>
      <trkpt lat="49.33041" lon="22.28835">
        <ele>448.0</ele>
      </trkpt>
      <trkpt lat="49.33039" lon="22.28914">
        <ele>448.2</ele>
      </trkpt>
      <trkpt lat="49.33036" lon="22.28958">
        <ele>448.3</ele>
      </trkpt>
      <trkpt lat="49.33025" lon="22.28989">
        <ele>448.8</ele>
      </trkpt>
      <trkpt lat="49.33005" lon="22.29024">
        <ele>450.3</ele>
      </trkpt>
      <trkpt lat="49.32979" lon="22.2905">
        <ele>453.3</ele>
      </trkpt>
      <trkpt lat="49.32924" lon="22.291">
        <ele>455.7</ele>
      </trkpt>
      <trkpt lat="49.32902" lon="22.29129">
        <ele>457.0</ele>
      </trkpt>
      <trkpt lat="49.32889" lon="22.29156">
        <ele>457.8</ele>
      </trkpt>
      <trkpt lat="49.328635" lon="22.29229">
        <ele>458.7</ele>
      </trkpt>
      <trkpt lat="49.32838" lon="22.29302">
        <ele>460.1</ele>
      </trkpt>
      <trkpt lat="49.32824" lon="22.29349">
        <ele>460.8</ele>
      </trkpt>
      <trkpt lat="49.32819" lon="22.29376">
        <ele>461.0</ele>
      </trkpt>
      <trkpt lat="49.32816" lon="22.29406">
        <ele>461.2</ele>
      </trkpt>
      <trkpt lat="49.32814" lon="22.29491">
        <ele>462.4</ele>
      </trkpt>
      <trkpt lat="49.32819" lon="22.29587">
        <ele>464.3</ele>
      </trkpt>
      <trkpt lat="49.32824" lon="22.29588">
        <ele>464.3</ele>
      </trkpt>
      <trkpt lat="49.32831" lon="22.29599">
        <ele>463.9</ele>
      </trkpt>
      <trkpt lat="49.328675" lon="22.29683">
        <ele>462.9</ele>
      </trkpt>
      <trkpt lat="49.32904" lon="22.29767">
        <ele>462.9</ele>
      </trkpt>
      <trkpt lat="49.32907" lon="22.29779">
        <ele>463.0</ele>
      </trkpt>
      <trkpt lat="49.32907" lon="22.29795">
        <ele>463.0</ele>
      </trkpt>
      <trkpt lat="49.32902" lon="22.2987">
        <ele>464.1</ele>
      </trkpt>
      <trkpt lat="49.32902" lon="22.29901">
        <ele>464.9</ele>
      </trkpt>
      <trkpt lat="49.32919" lon="22.29929">
        <ele>467.5</ele>
      </trkpt>
      <trkpt lat="49.329747" lon="22.30004">
        <ele>473.8</ele>
      </trkpt>
      <trkpt lat="49.330303" lon="22.30079">
        <ele>477.6</ele>
      </trkpt>
      <trkpt lat="49.33086" lon="22.30154">
        <ele>479.4</ele>
      </trkpt>
      <trkpt lat="49.33121" lon="22.3021">
        <ele>481.3</ele>
      </trkpt>
      <trkpt lat="49.33132" lon="22.30225">
        <ele>482.4</ele>
      </trkpt>
      <trkpt lat="49.33179" lon="22.30261">
        <ele>483.6</ele>
      </trkpt>
      <trkpt lat="49.33192" lon="22.30283">
        <ele>483.8</ele>
      </trkpt>
      <trkpt lat="49.33198" lon="22.30306">
        <ele>484.2</ele>
      </trkpt>
      <trkpt lat="49.33202" lon="22.30342">
        <ele>484.9</ele>
      </trkpt>
      <trkpt lat="49.33206" lon="22.30413">
        <ele>487.3</ele>
      </trkpt>
      <trkpt lat="49.3321" lon="22.30439">
        <ele>488.8</ele>
      </trkpt>
      <trkpt lat="49.33218" lon="22.30464">
        <ele>490.1</ele>
      </trkpt>
      <trkpt lat="49.3324" lon="22.305">
        <ele>491.5</ele>
      </trkpt>
      <trkpt lat="49.33281" lon="22.30596">
        <ele>498.3</ele>
      </trkpt>
      <trkpt lat="49.3329" lon="22.30621">
        <ele>500.5</ele>
      </trkpt>
      <trkpt lat="49.33294" lon="22.30655">
        <ele>502.4</ele>
      </trkpt>
      <trkpt lat="49.33287" lon="22.30774">
        <ele>510.2</ele>
      </trkpt>
      <trkpt lat="49.33289" lon="22.30834">
        <ele>516.7</ele>
      </trkpt>
      <trkpt lat="49.33296" lon="22.30896">
        <ele>521.5</ele>
      </trkpt>
      <trkpt lat="49.333115" lon="22.310075">
        <ele>528.3</ele>
      </trkpt>
      <trkpt lat="49.33327" lon="22.31119">
        <ele>538.2</ele>
      </trkpt>
      <trkpt lat="49.33332" lon="22.31145">
        <ele>540.4</ele>
      </trkpt>
      <trkpt lat="49.33341" lon="22.31173">
        <ele>542.8</ele>
      </trkpt>
      <trkpt lat="49.333755" lon="22.31245">
        <ele>550.2</ele>
      </trkpt>
      <trkpt lat="49.3341" lon="22.31317">
        <ele>555.5</ele>
      </trkpt>
      <trkpt lat="49.33441" lon="22.313915">
        <ele>560.0</ele>
      </trkpt>
      <trkpt lat="49.33472" lon="22.31466">
        <ele>564.0</ele>
      </trkpt>
      <trkpt lat="49.33485" lon="22.31559">
        <ele>568.3</ele>
      </trkpt>
      <trkpt lat="49.33491" lon="22.31588">
        <ele>570.1</ele>
      </trkpt>
      <trkpt lat="49.33511" lon="22.31661">
        <ele>573.7</ele>
      </trkpt>
      <trkpt lat="49.33558" lon="22.31771">
        <ele>586.5</ele>
      </trkpt>
      <trkpt lat="49.33572" lon="22.31828">
        <ele>589.2</ele>
      </trkpt>
      <trkpt lat="49.33572" lon="22.31845">
        <ele>590.3</ele>
      </trkpt>
      <trkpt lat="49.33569" lon="22.31875">
        <ele>591.5</ele>
      </trkpt>
      <trkpt lat="49.33569" lon="22.31902">
        <ele>592.2</ele>
      </trkpt>
      <trkpt lat="49.335755" lon="22.31981">
        <ele>598.6</ele>
      </trkpt>
      <trkpt lat="49.33582" lon="22.3206">
        <ele>602.2</ele>
      </trkpt>
      <trkpt lat="49.335815" lon="22.321355">
        <ele>606.3</ele>
      </trkpt>
      <trkpt lat="49.33581" lon="22.32211">
        <ele>612.3</ele>
      </trkpt>
      <trkpt lat="49.33587" lon="22.323075">
        <ele>620.3</ele>
      </trkpt>
      <trkpt lat="49.33593" lon="22.32404">
        <ele>626.3</ele>
      </trkpt>
      <trkpt lat="49.33593" lon="22.32463">
        <ele>629.6</ele>
      </trkpt>
      <trkpt lat="49.33588" lon="22.32492">
        <ele>630.9</ele>
      </trkpt>
      <trkpt lat="49.33568" lon="22.32571">
        <ele>637.2</ele>
      </trkpt>
      <trkpt lat="49.33548" lon="22.3265">
        <ele>640.8</ele>
      </trkpt>
      <trkpt lat="49.33522" lon="22.3274">
        <ele>643.8</ele>
      </trkpt>
      <trkpt lat="49.335" lon="22.32839">
        <ele>649.4</ele>
      </trkpt>
      <trkpt lat="49.334615" lon="22.32939">
        <ele>656.9</ele>
      </trkpt>
      <trkpt lat="49.33423" lon="22.33039">
        <ele>664.8</ele>
      </trkpt>
      <trkpt lat="49.33419" lon="22.33065">
        <ele>667.3</ele>
      </trkpt>
      <trkpt lat="49.33416" lon="22.3312">
        <ele>673.5</ele>
      </trkpt>
      <trkpt lat="49.33418" lon="22.33171">
        <ele>676.9</ele>
      </trkpt>
      <trkpt lat="49.3343" lon="22.33217">
        <ele>679.8</ele>
      </trkpt>
      <trkpt lat="49.33447" lon="22.33262">
        <ele>683.1</ele>
      </trkpt>
      <trkpt lat="49.33476" lon="22.33329">
        <ele>687.8</ele>
      </trkpt>
      <trkpt lat="49.33502" lon="22.3338">
        <ele>691.4</ele>
      </trkpt>
      <trkpt lat="49.33515" lon="22.3341">
        <ele>695.6</ele>
      </trkpt>
      <trkpt lat="49.33521" lon="22.33436">
        <ele>697.1</ele>
      </trkpt>
      <trkpt lat="49.33518" lon="22.33447">
        <ele>697.1</ele>
      </trkpt>
      <trkpt lat="49.3351" lon="22.33457">
        <ele>697.5</ele>
      </trkpt>
      <trkpt lat="49.33458" lon="22.33454">
        <ele>700.0</ele>
      </trkpt>
      <trkpt lat="49.33411" lon="22.33471">
        <ele>702.5</ele>
      </trkpt>
      <trkpt lat="49.333555" lon="22.33507">
        <ele>701.2</ele>
      </trkpt>
      <trkpt lat="49.333" lon="22.33543">
        <ele>700.8</ele>
      </trkpt>
      <trkpt lat="49.33295" lon="22.33553">
        <ele>700.8</ele>
      </trkpt>
      <trkpt lat="49.33293" lon="22.33565">
        <ele>700.8</ele>
      </trkpt>
      <trkpt lat="49.33293" lon="22.33596">
        <ele>700.9</ele>
      </trkpt>
      <trkpt lat="49.33297" lon="22.33626">
        <ele>701.8</ele>
      </trkpt>
      <trkpt lat="49.33302" lon="22.33646">
        <ele>702.1</ele>
      </trkpt>
      <trkpt lat="49.33308" lon="22.33662">
        <ele>702.2</ele>
      </trkpt>
      <trkpt lat="49.33339" lon="22.33714">
        <ele>701.2</ele>
      </trkpt>
      <trkpt lat="49.33342" lon="22.33731">
        <ele>700.7</ele>
      </trkpt>
      <trkpt lat="49.33341" lon="22.33747">
        <ele>700.7</ele>
      </trkpt>
      <trkpt lat="49.33335" lon="22.33768">
        <ele>699.8</ele>
      </trkpt>
      <trkpt lat="49.33308" lon="22.33825">
        <ele>698.2</ele>
      </trkpt>
      <trkpt lat="49.33267" lon="22.33903">
        <ele>699.4</ele>
      </trkpt>
      <trkpt lat="49.33249" lon="22.33949">
        <ele>700.1</ele>
      </trkpt>
      <trkpt lat="49.33244" lon="22.33996">
        <ele>700.7</ele>
      </trkpt>
      <trkpt lat="49.33243" lon="22.34106">
        <ele>700.1</ele>
      </trkpt>
      <trkpt lat="49.3324" lon="22.34138">
        <ele>698.1</ele>
      </trkpt>
      <trkpt lat="49.33231" lon="22.34192">
        <ele>693.5</ele>
      </trkpt>
      <trkpt lat="49.33211" lon="22.34251">
        <ele>689.4</ele>
      </trkpt>
      <trkpt lat="49.33204" lon="22.3428">
        <ele>688.5</ele>
      </trkpt>
      <trkpt lat="49.331925" lon="22.344095">
        <ele>686.1</ele>
      </trkpt>
      <trkpt lat="49.33181" lon="22.34539">
        <ele>681.4</ele>
      </trkpt>
      <trkpt lat="49.33181" lon="22.34563">
        <ele>680.5</ele>
      </trkpt>
      <trkpt lat="49.33186" lon="22.34583">
        <ele>679.8</ele>
      </trkpt>
      <trkpt lat="49.33195" lon="22.34606">
        <ele>679.3</ele>
      </trkpt>
      <trkpt lat="49.33246" lon="22.34669">
        <ele>679.5</ele>
      </trkpt>
      <trkpt lat="49.33292" lon="22.3472">
        <ele>679.8</ele>
      </trkpt>
      <trkpt lat="49.33324" lon="22.34769">
        <ele>679.7</ele>
      </trkpt>
      <trkpt lat="49.33391" lon="22.34797">
        <ele>679.7</ele>
      </trkpt>
      <trkpt lat="49.334365" lon="22.348055">
        <ele>678.8</ele>
      </trkpt>
      <trkpt lat="49.33482" lon="22.34814">
        <ele>675.8</ele>
      </trkpt>
      <trkpt lat="49.3353" lon="22.34854">
        <ele>668.9</ele>
      </trkpt>
      <trkpt lat="49.3356" lon="22.34894">
        <ele>666.6</ele>
      </trkpt>
      <trkpt lat="49.33597" lon="22.34934">
        <ele>663.6</ele>
      </trkpt>
      <trkpt lat="49.33638" lon="22.34944">
        <ele>659.9</ele>
      </trkpt>
      <trkpt lat="49.33648" lon="22.3495">
        <ele>658.9</ele>
      </trkpt>
      <trkpt lat="49.33662" lon="22.34979">
        <ele>657.2</ele>
      </trkpt>
      <trkpt lat="49.33667" lon="22.35016">
        <ele>653.4</ele>
      </trkpt>
      <trkpt lat="49.33668" lon="22.35103">
        <ele>645.9</ele>
      </trkpt>
      <trkpt lat="49.3367" lon="22.35133">
        <ele>642.7</ele>
      </trkpt>
      <trkpt lat="49.33676" lon="22.35165">
        <ele>641.7</ele>
      </trkpt>
      <trkpt lat="49.33705" lon="22.35261">
        <ele>635.3</ele>
      </trkpt>
      <trkpt lat="49.33724" lon="22.35316">
        <ele>632.8</ele>
      </trkpt>
      <trkpt lat="49.33715" lon="22.35384">
        <ele>630.5</ele>
      </trkpt>
      <trkpt lat="49.33698" lon="22.35464">
        <ele>624.5</ele>
      </trkpt>
      <trkpt lat="49.33695" lon="22.35489">
        <ele>621.5</ele>
      </trkpt>
      <trkpt lat="49.33707" lon="22.35565">
        <ele>616.6</ele>
      </trkpt>
      <trkpt lat="49.33719" lon="22.35641">
        <ele>612.9</ele>
      </trkpt>
      <trkpt lat="49.33741" lon="22.35727">
        <ele>606.8</ele>
      </trkpt>
      <trkpt lat="49.33757" lon="22.35776">
        <ele>604.4</ele>
      </trkpt>
      <trkpt lat="49.33797" lon="22.35869">
        <ele>601.0</ele>
      </trkpt>
      <trkpt lat="49.33816" lon="22.35894">
        <ele>598.0</ele>
      </trkpt>
      <trkpt lat="49.33862" lon="22.35938">
        <ele>596.2</ele>
      </trkpt>
      <trkpt lat="49.33914" lon="22.36008">
        <ele>595.6</ele>
      </trkpt>
      <trkpt lat="49.33926" lon="22.36033">
        <ele>595.4</ele>
      </trkpt>
      <trkpt lat="49.339515" lon="22.361265">
        <ele>593.3</ele>
      </trkpt>
      <trkpt lat="49.33977" lon="22.3622">
        <ele>588.5</ele>
      </trkpt>
      <trkpt lat="49.33988" lon="22.36253">
        <ele>586.1</ele>
      </trkpt>
      <trkpt lat="49.34008" lon="22.363">
        <ele>584.6</ele>
      </trkpt>
      <trkpt lat="49.34012" lon="22.36314">
        <ele>584.4</ele>
      </trkpt>
      <trkpt lat="49.34012" lon="22.36331">
        <ele>584.4</ele>
      </trkpt>
      <trkpt lat="49.34009" lon="22.36345">
        <ele>584.5</ele>
      </trkpt>
      <trkpt lat="49.34002" lon="22.36361">
        <ele>584.9</ele>
      </trkpt>
      <trkpt lat="49.33987" lon="22.36388">
        <ele>586.2</ele>
      </trkpt>
      <trkpt lat="49.33923" lon="22.36454">
        <ele>591.9</ele>
      </trkpt>
      <trkpt lat="49.33905" lon="22.36478">
        <ele>596.9</ele>
      </trkpt>
      <trkpt lat="49.33883" lon="22.36512">
        <ele>599.6</ele>
      </trkpt>
      <trkpt lat="49.33862" lon="22.3655">
        <ele>602.7</ele>
      </trkpt>
      <trkpt lat="49.33815" lon="22.36621">
        <ele>597.8</ele>
      </trkpt>
      <trkpt lat="49.33772" lon="22.36697">
        <ele>588.0</ele>
      </trkpt>
      <trkpt lat="49.33762" lon="22.36687">
        <ele>587.6</ele>
      </trkpt>
      <trkpt lat="49.33747" lon="22.36661">
        <ele>584.9</ele>
      </trkpt>
      <trkpt lat="49.33724" lon="22.366005">
        <ele>579.6</ele>
      </trkpt>
      <trkpt lat="49.33701" lon="22.3654">
        <ele>576.8</ele>
      </trkpt>
      <trkpt lat="49.33683" lon="22.36506">
        <ele>575.0</ele>
      </trkpt>
      <trkpt lat="49.33638" lon="22.36467">
        <ele>568.8</ele>
      </trkpt>
      <trkpt lat="49.33628" lon="22.3645">
        <ele>568.8</ele>
      </trkpt>
      <trkpt lat="49.3363" lon="22.36431">
        <ele>566.2</ele>
      </trkpt>
      <trkpt lat="49.3368" lon="22.36344">
        <ele>555.1</ele>
      </trkpt>
      <trkpt lat="49.33694" lon="22.36316">
        <ele>553.2</ele>
      </trkpt>
      <trkpt lat="49.33693" lon="22.36305">
        <ele>553.2</ele>
      </trkpt>
      <trkpt lat="49.33686" lon="22.363">
        <ele>550.3</ele>
      </trkpt>
      <trkpt lat="49.33677" lon="22.36301">
        <ele>549.6</ele>
      </trkpt>
      <trkpt lat="49.33628" lon="22.36319">
        <ele>544.8</ele>
      </trkpt>
      <trkpt lat="49.33579" lon="22.36337">
        <ele>540.9</ele>
      </trkpt>
      <trkpt lat="49.33538" lon="22.36364">
        <ele>536.4</ele>
      </trkpt>
      <trkpt lat="49.33484" lon="22.36416">
        <ele>532.3</ele>
      </trkpt>
      <trkpt lat="49.33434" lon="22.36485">
        <ele>527.3</ele>
      </trkpt>
      <trkpt lat="49.33353" lon="22.36513">
        <ele>524.2</ele>
      </trkpt>
      <trkpt lat="49.33279" lon="22.36563">
        <ele>517.3</ele>
      </trkpt>
      <trkpt lat="49.33214" lon="22.3662">
        <ele>509.3</ele>
      </trkpt>
      <trkpt lat="49.33194" lon="22.36632">
        <ele>508.6</ele>
      </trkpt>
      <trkpt lat="49.33187" lon="22.3664">
        <ele>508.6</ele>
      </trkpt>
      <trkpt lat="49.33154" lon="22.36741">
        <ele>507.4</ele>
      </trkpt>
      <trkpt lat="49.33146" lon="22.36759">
        <ele>507.4</ele>
      </trkpt>
      <trkpt lat="49.33121" lon="22.36781">
        <ele>507.1</ele>
      </trkpt>
      <trkpt lat="49.330775" lon="22.36814">
        <ele>505.3</ele>
      </trkpt>
      <trkpt lat="49.33034" lon="22.36847">
        <ele>499.6</ele>
      </trkpt>
      <trkpt lat="49.32984" lon="22.36894">
        <ele>495.1</ele>
      </trkpt>
      <trkpt lat="49.32959" lon="22.36905">
        <ele>493.6</ele>
      </trkpt>
      <trkpt lat="49.3291" lon="22.36916">
        <ele>490.9</ele>
      </trkpt>
      <trkpt lat="49.32861" lon="22.36927">
        <ele>488.5</ele>
      </trkpt>
      <trkpt lat="49.3284" lon="22.36937">
        <ele>486.8</ele>
      </trkpt>
      <trkpt lat="49.32821" lon="22.36949">
        <ele>486.3</ele>
      </trkpt>
      <trkpt lat="49.32795" lon="22.36975">
        <ele>484.3</ele>
      </trkpt>
      <trkpt lat="49.32781" lon="22.36995">
        <ele>483.9</ele>
      </trkpt>
      <trkpt lat="49.327367" lon="22.370957">
        <ele>481.7</ele>
      </trkpt>
      <trkpt lat="49.326923" lon="22.371963">
        <ele>480.8</ele>
      </trkpt>
      <trkpt lat="49.32648" lon="22.37297">
        <ele>478.0</ele>
      </trkpt>
      <trkpt lat="49.32627" lon="22.37374">
        <ele>475.6</ele>
      </trkpt>
      <trkpt lat="49.32618" lon="22.37448">
        <ele>473.2</ele>
      </trkpt>
      <trkpt lat="49.3262" lon="22.3752">
        <ele>472.0</ele>
      </trkpt>
      <trkpt lat="49.3263" lon="22.37534">
        <ele>471.3</ele>
      </trkpt>
      <trkpt lat="49.32675" lon="22.37617">
        <ele>469.9</ele>
      </trkpt>
      <trkpt lat="49.32696" lon="22.37658">
        <ele>469.6</ele>
      </trkpt>
      <trkpt lat="49.32715" lon="22.37703">
        <ele>470.7</ele>
      </trkpt>
      <trkpt lat="49.327578" lon="22.378202">
        <ele>470.7</ele>
      </trkpt>
      <trkpt lat="49.328005" lon="22.379375">
        <ele>460.3</ele>
      </trkpt>
      <trkpt lat="49.328433" lon="22.380547">
        <ele>460.3</ele>
      </trkpt>
      <trkpt lat="49.32886" lon="22.38172">
        <ele>460.3</ele>
      </trkpt>
      <trkpt lat="49.32903" lon="22.38233">
        <ele>459.2</ele>
      </trkpt>
      <trkpt lat="49.32906" lon="22.38251">
        <ele>459.0</ele>
      </trkpt>
      <trkpt lat="49.32908" lon="22.38279">
        <ele>458.9</ele>
      </trkpt>
      <trkpt lat="49.329085" lon="22.383555">
        <ele>459.1</ele>
      </trkpt>
      <trkpt lat="49.32909" lon="22.38432">
        <ele>459.5</ele>
      </trkpt>
      <trkpt lat="49.32912" lon="22.3846">
        <ele>459.5</ele>
      </trkpt>
      <trkpt lat="49.32927" lon="22.38511">
        <ele>458.1</ele>
      </trkpt>
      <trkpt lat="49.32981" lon="22.38612">
        <ele>454.7</ele>
      </trkpt>
      <trkpt lat="49.33035" lon="22.38713">
        <ele>454.7</ele>
      </trkpt>
      <trkpt lat="49.33058" lon="22.38757">
        <ele>453.3</ele>
      </trkpt>
      <trkpt lat="49.33068" lon="22.38782">
        <ele>453.3</ele>
      </trkpt>
      <trkpt lat="49.33074" lon="22.38825">
        <ele>452.8</ele>
      </trkpt>
      <trkpt lat="49.33069" lon="22.38903">
        <ele>452.4</ele>
      </trkpt>
      <trkpt lat="49.3307" lon="22.38929">
        <ele>452.3</ele>
      </trkpt>
      <trkpt lat="49.33073" lon="22.38948">
        <ele>452.1</ele>
      </trkpt>
      <trkpt lat="49.33076" lon="22.38957">
        <ele>452.1</ele>
      </trkpt>
      <trkpt lat="49.33087" lon="22.38976">
        <ele>452.1</ele>
      </trkpt>
      <trkpt lat="49.33139" lon="22.39048">
        <ele>451.7</ele>
      </trkpt>
      <trkpt lat="49.33151" lon="22.39068">
        <ele>451.7</ele>
      </trkpt>
      <trkpt lat="49.33165" lon="22.39093">
        <ele>451.2</ele>
      </trkpt>
      <trkpt lat="49.3318" lon="22.39128">
        <ele>451.2</ele>
      </trkpt>
      <trkpt lat="49.332093" lon="22.392527">
        <ele>449.4</ele>
      </trkpt>
      <trkpt lat="49.332387" lon="22.393773">
        <ele>448.2</ele>
      </trkpt>
      <trkpt lat="49.33268" lon="22.39502">
        <ele>446.4</ele>
      </trkpt>
      <trkpt lat="49.3327" lon="22.39521">
        <ele>446.4</ele>
      </trkpt>
      <trkpt lat="49.33272" lon="22.39583">
        <ele>445.5</ele>
      </trkpt>
      <trkpt lat="49.33269" lon="22.39638">
        <ele>444.3</ele>
      </trkpt>
      <trkpt lat="49.332625" lon="22.397105">
        <ele>442.2</ele>
      </trkpt>
      <trkpt lat="49.33256" lon="22.39783">
        <ele>440.1</ele>
      </trkpt>
      <trkpt lat="49.33257" lon="22.39819">
        <ele>438.4</ele>
      </trkpt>
      <trkpt lat="49.33262" lon="22.3986">
        <ele>438.0</ele>
      </trkpt>
      <trkpt lat="49.33288" lon="22.399577">
        <ele>439.0</ele>
      </trkpt>
      <trkpt lat="49.33314" lon="22.400553">
        <ele>440.7</ele>
      </trkpt>
      <trkpt lat="49.3334" lon="22.40153">
        <ele>441.4</ele>
      </trkpt>
      <trkpt lat="49.33352" lon="22.40221">
        <ele>440.1</ele>
      </trkpt>
      <trkpt lat="49.333675" lon="22.40319">
        <ele>437.6</ele>
      </trkpt>
      <trkpt lat="49.33383" lon="22.40417">
        <ele>435.8</ele>
      </trkpt>
      <trkpt lat="49.33397" lon="22.405093">
        <ele>434.6</ele>
      </trkpt>
      <trkpt lat="49.33411" lon="22.406017">
        <ele>434.2</ele>
      </trkpt>
      <trkpt lat="49.33425" lon="22.40694">
        <ele>435.8</ele>
      </trkpt>
      <trkpt lat="49.33438" lon="22.4074">
        <ele>436.8</ele>
      </trkpt>
      <trkpt lat="49.33473" lon="22.40845">
        <ele>439.3</ele>
      </trkpt>
      <trkpt lat="49.33487" lon="22.40893">
        <ele>439.4</ele>
      </trkpt>
      <trkpt lat="49.33489" lon="22.40913">
        <ele>439.3</ele>
      </trkpt>
      <trkpt lat="49.33489" lon="22.40998">
        <ele>438.1</ele>
      </trkpt>
      <trkpt lat="49.33485" lon="22.41027">
        <ele>436.6</ele>
      </trkpt>
      <trkpt lat="49.334657" lon="22.411287">
        <ele>432.7</ele>
      </trkpt>
      <trkpt lat="49.334463" lon="22.412303">
        <ele>428.1</ele>
      </trkpt>
      <trkpt lat="49.33427" lon="22.41332">
        <ele>426.1</ele>
      </trkpt>
      <trkpt lat="49.33416" lon="22.41441">
        <ele>425.7</ele>
      </trkpt>
      <trkpt lat="49.33405" lon="22.4155">
        <ele>425.8</ele>
      </trkpt>
      <trkpt lat="49.33391" lon="22.41638">
        <ele>428.0</ele>
      </trkpt>
      <trkpt lat="49.33375" lon="22.41673">
        <ele>426.0</ele>
      </trkpt>
      <trkpt lat="49.33375" lon="22.41672">
        <ele>424.6</ele>
      </trkpt>
      <trkpt lat="49.33361" lon="22.4165">
        <ele>424.4</ele>
      </trkpt>
      <trkpt lat="49.3335" lon="22.41635">
        <ele>424.1</ele>
      </trkpt>
      <trkpt lat="49.33334" lon="22.4162">
        <ele>424.0</ele>
      </trkpt>
      <trkpt lat="49.3331" lon="22.41606">
        <ele>424.1</ele>
      </trkpt>
      <trkpt lat="49.33287" lon="22.41602">
        <ele>424.1</ele>
      </trkpt>
      <trkpt lat="49.33275" lon="22.41602">
        <ele>424.5</ele>
      </trkpt>
      <trkpt lat="49.33246" lon="22.41613">
        <ele>424.8</ele>
      </trkpt>
      <trkpt lat="49.33226" lon="22.41627">
        <ele>425.0</ele>
      </trkpt>
      <trkpt lat="49.33201" lon="22.41657">
        <ele>425.3</ele>
      </trkpt>
      <trkpt lat="49.331503" lon="22.417317">
        <ele>428.4</ele>
      </trkpt>
      <trkpt lat="49.330997" lon="22.418063">
        <ele>433.9</ele>
      </trkpt>
      <trkpt lat="49.33049" lon="22.41881">
        <ele>438.6</ele>
      </trkpt>
      <trkpt lat="49.33032" lon="22.41905">
        <ele>439.1</ele>
      </trkpt>
      <trkpt lat="49.33015" lon="22.41924">
        <ele>441.1</ele>
      </trkpt>
      <trkpt lat="49.33" lon="22.41934">
        <ele>441.6</ele>
      </trkpt>
      <trkpt lat="49.32979" lon="22.41942">
        <ele>442.5</ele>
      </trkpt>
      <trkpt lat="49.32957" lon="22.41945">
        <ele>443.7</ele>
      </trkpt>
      <trkpt lat="49.32931" lon="22.41941">
        <ele>444.4</ele>
      </trkpt>
      <trkpt lat="49.32911" lon="22.41929">
        <ele>444.9</ele>
      </trkpt>
      <trkpt lat="49.32898" lon="22.41916">
        <ele>444.9</ele>
      </trkpt>
      <trkpt lat="49.328565" lon="22.41864">
        <ele>445.6</ele>
      </trkpt>
      <trkpt lat="49.32815" lon="22.41812">
        <ele>446.2</ele>
      </trkpt>
      <trkpt lat="49.3278" lon="22.41776">
        <ele>446.4</ele>
      </trkpt>
      <trkpt lat="49.32761" lon="22.41763">
        <ele>446.4</ele>
      </trkpt>
      <trkpt lat="49.32741" lon="22.41752">
        <ele>446.1</ele>
      </trkpt>
      <trkpt lat="49.32719" lon="22.41743">
        <ele>445.6</ele>
      </trkpt>
      <trkpt lat="49.3268" lon="22.41723">
        <ele>443.9</ele>
      </trkpt>
      <trkpt lat="49.32666" lon="22.41712">
        <ele>443.2</ele>
      </trkpt>
      <trkpt lat="49.32655" lon="22.41702">
        <ele>442.6</ele>
      </trkpt>
      <trkpt lat="49.326065" lon="22.416465">
        <ele>438.9</ele>
      </trkpt>
      <trkpt lat="49.32558" lon="22.41591">
        <ele>437.7</ele>
      </trkpt>
      <trkpt lat="49.32547" lon="22.41581">
        <ele>437.6</ele>
      </trkpt>
      <trkpt lat="49.3251" lon="22.41567">
        <ele>437.5</ele>
      </trkpt>
      <trkpt lat="49.324308" lon="22.415607">
        <ele>436.9</ele>
      </trkpt>
      <trkpt lat="49.323515" lon="22.415545">
        <ele>435.7</ele>
      </trkpt>
      <trkpt lat="49.322723" lon="22.415482">
        <ele>434.4</ele>
      </trkpt>
      <trkpt lat="49.32193" lon="22.41542">
        <ele>433.7</ele>
      </trkpt>
      <trkpt lat="49.32161" lon="22.41536">
        <ele>433.2</ele>
      </trkpt>
      <trkpt lat="49.32076" lon="22.415035">
        <ele>431.2</ele>
      </trkpt>
      <trkpt lat="49.31991" lon="22.41471">
        <ele>429.5</ele>
      </trkpt>
      <trkpt lat="49.31951" lon="22.41453">
        <ele>428.5</ele>
      </trkpt>
      <trkpt lat="49.31892" lon="22.4142">
        <ele>427.1</ele>
      </trkpt>
      <trkpt lat="49.31846" lon="22.41392">
        <ele>426.5</ele>
      </trkpt>
      <trkpt lat="49.318" lon="22.41364">
        <ele>425.9</ele>
      </trkpt>
      <trkpt lat="49.317218" lon="22.413185">
        <ele>425.0</ele>
      </trkpt>
      <trkpt lat="49.316437" lon="22.41273">
        <ele>425.3</ele>
      </trkpt>
      <trkpt lat="49.315655" lon="22.412275">
        <ele>425.2</ele>
      </trkpt>
      <trkpt lat="49.314873" lon="22.41182">
        <ele>426.8</ele>
      </trkpt>
      <trkpt lat="49.314092" lon="22.411365">
        <ele>428.4</ele>
      </trkpt>
      <trkpt lat="49.31331" lon="22.41091">
        <ele>430.0</ele>
      </trkpt>
      <trkpt lat="49.31305" lon="22.41078">
        <ele>431.3</ele>
      </trkpt>
      <trkpt lat="49.31307" lon="22.41066">
        <ele>432.2</ele>
      </trkpt>
      <trkpt lat="49.31311" lon="22.41058">
        <ele>432.7</ele>
      </trkpt>
      <trkpt lat="49.31327" lon="22.41037">
        <ele>433.3</ele>
      </trkpt>
      <trkpt lat="49.31365" lon="22.40975">
        <ele>432.3</ele>
      </trkpt>
      <trkpt lat="49.31383" lon="22.40943">
        <ele>430.7</ele>
      </trkpt>
      <trkpt lat="49.31403" lon="22.40915">
        <ele>428.6</ele>
      </trkpt>
      <trkpt lat="49.31419" lon="22.40909">
        <ele>427.6</ele>
      </trkpt>
      <trkpt lat="49.31449" lon="22.40908">
        <ele>427.0</ele>
      </trkpt>
      <trkpt lat="49.31481" lon="22.40925">
        <ele>430.0</ele>
      </trkpt>
      <trkpt lat="49.31499" lon="22.40931">
        <ele>431.9</ele>
      </trkpt>
      <trkpt lat="49.31529" lon="22.40937">
        <ele>432.9</ele>
      </trkpt>
      <trkpt lat="49.3156" lon="22.40933">
        <ele>434.6</ele>
      </trkpt>
      <trkpt lat="49.31601" lon="22.40922">
        <ele>435.2</ele>
      </trkpt>
      <trkpt lat="49.31621" lon="22.4092">
        <ele>434.5</ele>
      </trkpt>
      <trkpt lat="49.31646" lon="22.40922">
        <ele>434.4</ele>
      </trkpt>
      <trkpt lat="49.31709" lon="22.40936">
        <ele>438.6</ele>
      </trkpt>
      <trkpt lat="49.31716" lon="22.40935">
        <ele>439.8</ele>
      </trkpt>
      <trkpt lat="49.3172" lon="22.4093">
        <ele>439.8</ele>
      </trkpt>
      <trkpt lat="49.31726" lon="22.4092">
        <ele>440.4</ele>
      </trkpt>
      <trkpt lat="49.31733" lon="22.40881">
        <ele>441.3</ele>
      </trkpt>
      <trkpt lat="49.31739" lon="22.40864">
        <ele>442.1</ele>
      </trkpt>
      <trkpt lat="49.31744" lon="22.40855">
        <ele>442.1</ele>
      </trkpt>
      <trkpt lat="49.3175" lon="22.40849">
        <ele>443.2</ele>
      </trkpt>
      <trkpt lat="49.31763" lon="22.40843">
        <ele>443.7</ele>
      </trkpt>
      <trkpt lat="49.3177" lon="22.40836">
        <ele>444.0</ele>
      </trkpt>
      <trkpt lat="49.31824" lon="22.40743">
        <ele>446.5</ele>
      </trkpt>
      <trkpt lat="49.318875" lon="22.406475">
        <ele>448.9</ele>
      </trkpt>
      <trkpt lat="49.31951" lon="22.40552">
        <ele>450.5</ele>
      </trkpt>
      <trkpt lat="49.3199" lon="22.40508">
        <ele>452.0</ele>
      </trkpt>
      <trkpt lat="49.32022" lon="22.40476">
        <ele>452.8</ele>
      </trkpt>
      <trkpt lat="49.32068" lon="22.40441">
        <ele>454.3</ele>
      </trkpt>
      <trkpt lat="49.32079" lon="22.40428">
        <ele>454.8</ele>
      </trkpt>
      <trkpt lat="49.32092" lon="22.404">
        <ele>455.9</ele>
      </trkpt>
      <trkpt lat="49.32099" lon="22.40393">
        <ele>456.5</ele>
      </trkpt>
      <trkpt lat="49.32107" lon="22.40392">
        <ele>457.1</ele>
      </trkpt>
      <trkpt lat="49.32114" lon="22.40389">
        <ele>457.1</ele>
      </trkpt>
      <trkpt lat="49.32121" lon="22.40364">
        <ele>459.1</ele>
      </trkpt>
      <trkpt lat="49.32123" lon="22.40342">
        <ele>460.8</ele>
      </trkpt>
      <trkpt lat="49.32123" lon="22.40314">
        <ele>462.3</ele>
      </trkpt>
      <trkpt lat="49.32113" lon="22.40236">
        <ele>465.8</ele>
      </trkpt>
      <trkpt lat="49.32108" lon="22.40213">
        <ele>468.4</ele>
      </trkpt>
      <trkpt lat="49.32081" lon="22.40141">
        <ele>473.0</ele>
      </trkpt>
      <trkpt lat="49.3207" lon="22.4012">
        <ele>475.8</ele>
      </trkpt>
      <trkpt lat="49.32051" lon="22.40092">
        <ele>479.6</ele>
      </trkpt>
      <trkpt lat="49.32015" lon="22.40048">
        <ele>483.3</ele>
      </trkpt>
      <trkpt lat="49.31996" lon="22.4002">
        <ele>485.4</ele>
      </trkpt>
      <trkpt lat="49.31983" lon="22.39995">
        <ele>491.0</ele>
      </trkpt>
      <trkpt lat="49.31967" lon="22.3996">
        <ele>494.2</ele>
      </trkpt>
      <trkpt lat="49.31959" lon="22.39934">
        <ele>496.4</ele>
      </trkpt>
      <trkpt lat="49.31954" lon="22.39911">
        <ele>497.3</ele>
      </trkpt>
      <trkpt lat="49.3195" lon="22.39796">
        <ele>505.3</ele>
      </trkpt>
      <trkpt lat="49.31953" lon="22.39771">
        <ele>506.2</ele>
      </trkpt>
      <trkpt lat="49.3196" lon="22.39752">
        <ele>506.7</ele>
      </trkpt>
      <trkpt lat="49.32002" lon="22.39672">
        <ele>502.7</ele>
      </trkpt>
      <trkpt lat="49.32005" lon="22.3966">
        <ele>502.5</ele>
      </trkpt>
      <trkpt lat="49.32005" lon="22.39647">
        <ele>502.5</ele>
      </trkpt>
      <trkpt lat="49.32001" lon="22.39639">
        <ele>502.5</ele>
      </trkpt>
      <trkpt lat="49.31969" lon="22.39614">
        <ele>504.5</ele>
      </trkpt>
      <trkpt lat="49.31958" lon="22.39598">
        <ele>506.8</ele>
      </trkpt>
      <trkpt lat="49.31954" lon="22.39582">
        <ele>507.5</ele>
      </trkpt>
      <trkpt lat="49.31951" lon="22.39542">
        <ele>509.1</ele>
      </trkpt>
      <trkpt lat="49.31954" lon="22.39485">
        <ele>511.1</ele>
      </trkpt>
      <trkpt lat="49.31959" lon="22.39466">
        <ele>512.8</ele>
      </trkpt>
      <trkpt lat="49.31987" lon="22.394095">
        <ele>515.1</ele>
      </trkpt>
      <trkpt lat="49.32015" lon="22.39353">
        <ele>517.6</ele>
      </trkpt>
      <trkpt lat="49.32017" lon="22.39329">
        <ele>518.2</ele>
      </trkpt>
      <trkpt lat="49.32011" lon="22.39321">
        <ele>518.2</ele>
      </trkpt>
      <trkpt lat="49.32003" lon="22.39317">
        <ele>518.4</ele>
      </trkpt>
      <trkpt lat="49.31993" lon="22.39317">
        <ele>518.6</ele>
      </trkpt>
      <trkpt lat="49.3193" lon="22.39365">
        <ele>522.3</ele>
      </trkpt>
      <trkpt lat="49.31917" lon="22.39372">
        <ele>522.7</ele>
      </trkpt>
      <trkpt lat="49.31901" lon="22.39376">
        <ele>522.8</ele>
      </trkpt>
      <trkpt lat="49.3189" lon="22.39384">
        <ele>522.8</ele>
      </trkpt>
      <trkpt lat="49.3188" lon="22.39404">
        <ele>523.1</ele>
      </trkpt>
      <trkpt lat="49.31865" lon="22.39472">
        <ele>525.7</ele>
      </trkpt>
      <trkpt lat="49.31858" lon="22.39489">
        <ele>525.7</ele>
      </trkpt>
      <trkpt lat="49.3185" lon="22.39499">
        <ele>526.1</ele>
      </trkpt>
      <trkpt lat="49.3184" lon="22.39502">
        <ele>526.3</ele>
      </trkpt>
      <trkpt lat="49.31803" lon="22.39494">
        <ele>527.6</ele>
      </trkpt>
      <trkpt lat="49.31728" lon="22.39493">
        <ele>532.1</ele>
      </trkpt>
      <trkpt lat="49.31714" lon="22.39499">
        <ele>533.5</ele>
      </trkpt>
      <trkpt lat="49.31698" lon="22.39517">
        <ele>534.4</ele>
      </trkpt>
      <trkpt lat="49.31642" lon="22.39589">
        <ele>540.1</ele>
      </trkpt>
      <trkpt lat="49.31634" lon="22.396">
        <ele>541.9</ele>
      </trkpt>
      <trkpt lat="49.31602" lon="22.39629">
        <ele>543.2</ele>
      </trkpt>
      <trkpt lat="49.31582" lon="22.39624">
        <ele>542.4</ele>
      </trkpt>
      <trkpt lat="49.31566" lon="22.39616">
        <ele>540.2</ele>
      </trkpt>
      <trkpt lat="49.3154" lon="22.39578">
        <ele>537.3</ele>
      </trkpt>
      <trkpt lat="49.31517" lon="22.39509">
        <ele>533.1</ele>
      </trkpt>
      <trkpt lat="49.31501" lon="22.39433">
        <ele>526.2</ele>
      </trkpt>
      <trkpt lat="49.31502" lon="22.39323">
        <ele>517.7</ele>
      </trkpt>
      <trkpt lat="49.3149" lon="22.39209">
        <ele>510.5</ele>
      </trkpt>
      <trkpt lat="49.314965" lon="22.391325">
        <ele>505.2</ele>
      </trkpt>
      <trkpt lat="49.31503" lon="22.39056">
        <ele>500.3</ele>
      </trkpt>
      <trkpt lat="49.31505" lon="22.38965">
        <ele>494.2</ele>
      </trkpt>
      <trkpt lat="49.315" lon="22.38943">
        <ele>493.3</ele>
      </trkpt>
      <trkpt lat="49.31488" lon="22.3894">
        <ele>493.0</ele>
      </trkpt>
      <trkpt lat="49.31468" lon="22.38943">
        <ele>492.8</ele>
      </trkpt>
      <trkpt lat="49.31408" lon="22.39017">
        <ele>492.8</ele>
      </trkpt>
      <trkpt lat="49.31385" lon="22.39033">
        <ele>492.7</ele>
      </trkpt>
      <trkpt lat="49.31367" lon="22.39048">
        <ele>492.4</ele>
      </trkpt>
      <trkpt lat="49.313415" lon="22.391065">
        <ele>492.4</ele>
      </trkpt>
      <trkpt lat="49.31316" lon="22.39165">
        <ele>492.6</ele>
      </trkpt>
      <trkpt lat="49.31303" lon="22.39234">
        <ele>491.6</ele>
      </trkpt>
      <trkpt lat="49.3129" lon="22.39265">
        <ele>490.3</ele>
      </trkpt>
      <trkpt lat="49.31275" lon="22.39268">
        <ele>488.8</ele>
      </trkpt>
      <trkpt lat="49.31264" lon="22.39259">
        <ele>488.8</ele>
      </trkpt>
      <trkpt lat="49.312385" lon="22.391855">
        <ele>486.0</ele>
      </trkpt>
      <trkpt lat="49.31213" lon="22.39112">
        <ele>486.9</ele>
      </trkpt>
      <trkpt lat="49.311885" lon="22.39009">
        <ele>491.8</ele>
      </trkpt>
      <trkpt lat="49.31164" lon="22.38906">
        <ele>498.8</ele>
      </trkpt>
      <trkpt lat="49.31142" lon="22.38873">
        <ele>502.4</ele>
      </trkpt>
      <trkpt lat="49.31097" lon="22.38827">
        <ele>506.4</ele>
      </trkpt>
      <trkpt lat="49.31082" lon="22.388">
        <ele>509.0</ele>
      </trkpt>
      <trkpt lat="49.31071" lon="22.38764">
        <ele>510.6</ele>
      </trkpt>
      <trkpt lat="49.31035" lon="22.38711">
        <ele>515.6</ele>
      </trkpt>
      <trkpt lat="49.30999" lon="22.38658">
        <ele>520.5</ele>
      </trkpt>
      <trkpt lat="49.30963" lon="22.38615">
        <ele>526.0</ele>
      </trkpt>
      <trkpt lat="49.30957" lon="22.38586">
        <ele>527.9</ele>
      </trkpt>
      <trkpt lat="49.30963" lon="22.3852">
        <ele>532.3</ele>
      </trkpt>
      <trkpt lat="49.30984" lon="22.38424">
        <ele>536.0</ele>
      </trkpt>
      <trkpt lat="49.30989" lon="22.38383">
        <ele>537.2</ele>
      </trkpt>
      <trkpt lat="49.3099" lon="22.38357">
        <ele>537.3</ele>
      </trkpt>
      <trkpt lat="49.30987" lon="22.38349">
        <ele>537.3</ele>
      </trkpt>
      <trkpt lat="49.30983" lon="22.38345">
        <ele>537.3</ele>
      </trkpt>
      <trkpt lat="49.30972" lon="22.38343">
        <ele>537.2</ele>
      </trkpt>
      <trkpt lat="49.30947" lon="22.3835">
        <ele>536.6</ele>
      </trkpt>
      <trkpt lat="49.30939" lon="22.3835">
        <ele>535.9</ele>
      </trkpt>
      <trkpt lat="49.30929" lon="22.38341">
        <ele>535.0</ele>
      </trkpt>
      <trkpt lat="49.30907" lon="22.38305">
        <ele>530.9</ele>
      </trkpt>
      <trkpt lat="49.30892" lon="22.38294">
        <ele>529.3</ele>
      </trkpt>
      <trkpt lat="49.30871" lon="22.38297">
        <ele>528.9</ele>
      </trkpt>
      <trkpt lat="49.30863" lon="22.38306">
        <ele>529.2</ele>
      </trkpt>
      <trkpt lat="49.30858" lon="22.38316">
        <ele>529.2</ele>
      </trkpt>
      <trkpt lat="49.30846" lon="22.38386">
        <ele>531.7</ele>
      </trkpt>
      <trkpt lat="49.30836" lon="22.38401">
        <ele>532.1</ele>
      </trkpt>
      <trkpt lat="49.30821" lon="22.38415">
        <ele>532.6</ele>
      </trkpt>
      <trkpt lat="49.30815" lon="22.38423">
        <ele>532.8</ele>
      </trkpt>
      <trkpt lat="49.30812" lon="22.38444">
        <ele>533.6</ele>
      </trkpt>
      <trkpt lat="49.30812" lon="22.38508">
        <ele>535.9</ele>
      </trkpt>
      <trkpt lat="49.30808" lon="22.38565">
        <ele>534.8</ele>
      </trkpt>
      <trkpt lat="49.30791" lon="22.3861">
        <ele>532.4</ele>
      </trkpt>
      <trkpt lat="49.30778" lon="22.38629">
        <ele>531.2</ele>
      </trkpt>
      <trkpt lat="49.30759" lon="22.38644">
        <ele>529.7</ele>
      </trkpt>
      <trkpt lat="49.30723" lon="22.38652">
        <ele>528.8</ele>
      </trkpt>
      <trkpt lat="49.30688" lon="22.38638">
        <ele>531.1</ele>
      </trkpt>
      <trkpt lat="49.306287" lon="22.38607">
        <ele>538.0</ele>
      </trkpt>
      <trkpt lat="49.305693" lon="22.38576">
        <ele>543.4</ele>
      </trkpt>
      <trkpt lat="49.3051" lon="22.38545">
        <ele>547.4</ele>
      </trkpt>
      <trkpt lat="49.30466" lon="22.38509">
        <ele>550.3</ele>
      </trkpt>
      <trkpt lat="49.30401" lon="22.38451">
        <ele>557.6</ele>
      </trkpt>
      <trkpt lat="49.30384" lon="22.38432">
        <ele>560.1</ele>
      </trkpt>
      <trkpt lat="49.30334" lon="22.38346">
        <ele>566.4</ele>
      </trkpt>
      <trkpt lat="49.30297" lon="22.38299">
        <ele>573.4</ele>
      </trkpt>
      <trkpt lat="49.30288" lon="22.38281">
        <ele>574.7</ele>
      </trkpt>
      <trkpt lat="49.30253" lon="22.38173">
        <ele>580.5</ele>
      </trkpt>
      <trkpt lat="49.30236" lon="22.38138">
        <ele>581.1</ele>
      </trkpt>
      <trkpt lat="49.30226" lon="22.38131">
        <ele>581.1</ele>
      </trkpt>
      <trkpt lat="49.30212" lon="22.38139">
        <ele>581.2</ele>
      </trkpt>
      <trkpt lat="49.30206" lon="22.38155">
        <ele>581.5</ele>
      </trkpt>
      <trkpt lat="49.30207" lon="22.38198">
        <ele>582.0</ele>
      </trkpt>
      <trkpt lat="49.30214" lon="22.38246">
        <ele>581.8</ele>
      </trkpt>
      <trkpt lat="49.30215" lon="22.38264">
        <ele>581.3</ele>
      </trkpt>
      <trkpt lat="49.3021" lon="22.3832">
        <ele>580.9</ele>
      </trkpt>
      <trkpt lat="49.30215" lon="22.38367">
        <ele>582.6</ele>
      </trkpt>
      <trkpt lat="49.30215" lon="22.38421">
        <ele>586.7</ele>
      </trkpt>
      <trkpt lat="49.30212" lon="22.38449">
        <ele>588.0</ele>
      </trkpt>
      <trkpt lat="49.30197" lon="22.38546">
        <ele>592.6</ele>
      </trkpt>
      <trkpt lat="49.30182" lon="22.38643">
        <ele>598.2</ele>
      </trkpt>
      <trkpt lat="49.30171" lon="22.38662">
        <ele>597.9</ele>
      </trkpt>
      <trkpt lat="49.3015" lon="22.38677">
        <ele>596.5</ele>
      </trkpt>
      <trkpt lat="49.30068" lon="22.38717">
        <ele>586.8</ele>
      </trkpt>
      <trkpt lat="49.30047" lon="22.38723">
        <ele>586.8</ele>
      </trkpt>
      <trkpt lat="49.30004" lon="22.38719">
        <ele>581.3</ele>
      </trkpt>
      <trkpt lat="49.29977" lon="22.38721">
        <ele>578.4</ele>
      </trkpt>
      <trkpt lat="49.2995" lon="22.38728">
        <ele>577.2</ele>
      </trkpt>
      <trkpt lat="49.29933" lon="22.38718">
        <ele>575.0</ele>
      </trkpt>
      <trkpt lat="49.29908" lon="22.38686">
        <ele>571.7</ele>
      </trkpt>
      <trkpt lat="49.29881" lon="22.38682">
        <ele>569.3</ele>
      </trkpt>
      <trkpt lat="49.29837" lon="22.38671">
        <ele>565.7</ele>
      </trkpt>
      <trkpt lat="49.29806" lon="22.38654">
        <ele>565.5</ele>
      </trkpt>
      <trkpt lat="49.29763" lon="22.38585">
        <ele>567.3</ele>
      </trkpt>
      <trkpt lat="49.29755" lon="22.3858">
        <ele>567.3</ele>
      </trkpt>
      <trkpt lat="49.29749" lon="22.38581">
        <ele>567.4</ele>
      </trkpt>
      <trkpt lat="49.29742" lon="22.38595">
        <ele>567.6</ele>
      </trkpt>
      <trkpt lat="49.29742" lon="22.38625">
        <ele>568.0</ele>
      </trkpt>
      <trkpt lat="49.29765" lon="22.38715">
        <ele>568.5</ele>
      </trkpt>
      <trkpt lat="49.29773" lon="22.3879">
        <ele>570.1</ele>
      </trkpt>
      <trkpt lat="49.29778" lon="22.38857">
        <ele>572.3</ele>
      </trkpt>
      <trkpt lat="49.29771" lon="22.38982">
        <ele>576.2</ele>
      </trkpt>
      <trkpt lat="49.2976" lon="22.39021">
        <ele>576.5</ele>
      </trkpt>
      <trkpt lat="49.29732" lon="22.39086">
        <ele>574.4</ele>
      </trkpt>
      <trkpt lat="49.29713" lon="22.39107">
        <ele>571.1</ele>
      </trkpt>
      <trkpt lat="49.29692" lon="22.39109">
        <ele>568.8</ele>
      </trkpt>
      <trkpt lat="49.29625" lon="22.39076">
        <ele>564.8</ele>
      </trkpt>
      <trkpt lat="49.29583" lon="22.390275">
        <ele>559.5</ele>
      </trkpt>
      <trkpt lat="49.29541" lon="22.38979">
        <ele>555.8</ele>
      </trkpt>
      <trkpt lat="49.29533" lon="22.38975">
        <ele>555.6</ele>
      </trkpt>
      <trkpt lat="49.29526" lon="22.38977">
        <ele>555.4</ele>
      </trkpt>
      <trkpt lat="49.29521" lon="22.38981">
        <ele>555.4</ele>
      </trkpt>
      <trkpt lat="49.29518" lon="22.38987">
        <ele>555.4</ele>
      </trkpt>
      <trkpt lat="49.29517" lon="22.39015">
        <ele>554.2</ele>
      </trkpt>
      <trkpt lat="49.29537" lon="22.39093">
        <ele>551.8</ele>
      </trkpt>
      <trkpt lat="49.29533" lon="22.39103">
        <ele>552.2</ele>
      </trkpt>
      <trkpt lat="49.29532" lon="22.39116">
        <ele>552.4</ele>
      </trkpt>
      <trkpt lat="49.29535" lon="22.39143">
        <ele>553.1</ele>
      </trkpt>
      <trkpt lat="49.29548" lon="22.39223">
        <ele>558.0</ele>
      </trkpt>
      <trkpt lat="49.2955" lon="22.39255">
        <ele>560.2</ele>
      </trkpt>
      <trkpt lat="49.29548" lon="22.39287">
        <ele>561.7</ele>
      </trkpt>
      <trkpt lat="49.29528" lon="22.39388">
        <ele>563.8</ele>
      </trkpt>
      <trkpt lat="49.2952" lon="22.3942">
        <ele>563.9</ele>
      </trkpt>
      <trkpt lat="49.29509" lon="22.39447">
        <ele>564.2</ele>
      </trkpt>
      <trkpt lat="49.29495" lon="22.39467">
        <ele>564.8</ele>
      </trkpt>
      <trkpt lat="49.29474" lon="22.39482">
        <ele>565.8</ele>
      </trkpt>
      <trkpt lat="49.29458" lon="22.39482">
        <ele>567.1</ele>
      </trkpt>
      <trkpt lat="49.29407" lon="22.39471">
        <ele>572.5</ele>
      </trkpt>
      <trkpt lat="49.29372" lon="22.39458">
        <ele>576.2</ele>
      </trkpt>
      <trkpt lat="49.29311" lon="22.39429">
        <ele>582.0</ele>
      </trkpt>
      <trkpt lat="49.29256" lon="22.39408">
        <ele>586.5</ele>
      </trkpt>
      <trkpt lat="49.29233" lon="22.39405">
        <ele>587.4</ele>
      </trkpt>
      <trkpt lat="49.29229" lon="22.39407">
        <ele>587.5</ele>
      </trkpt>
      <trkpt lat="49.29224" lon="22.39427">
        <ele>587.6</ele>
      </trkpt>
      <trkpt lat="49.29231" lon="22.39444">
        <ele>587.7</ele>
      </trkpt>
      <trkpt lat="49.29252" lon="22.3947">
        <ele>588.1</ele>
      </trkpt>
      <trkpt lat="49.29292" lon="22.3955">
        <ele>591.0</ele>
      </trkpt>
      <trkpt lat="49.29292" lon="22.3956">
        <ele>593.6</ele>
      </trkpt>
      <trkpt lat="49.29277" lon="22.39691">
        <ele>601.0</ele>
      </trkpt>
      <trkpt lat="49.2928" lon="22.39735">
        <ele>605.1</ele>
      </trkpt>
      <trkpt lat="49.29287" lon="22.39778">
        <ele>608.3</ele>
      </trkpt>
      <trkpt lat="49.29287" lon="22.39796">
        <ele>609.1</ele>
      </trkpt>
      <trkpt lat="49.2928" lon="22.39842">
        <ele>612.5</ele>
      </trkpt>
      <trkpt lat="49.29275" lon="22.3992">
        <ele>616.9</ele>
      </trkpt>
      <trkpt lat="49.29269" lon="22.39951">
        <ele>618.9</ele>
      </trkpt>
      <trkpt lat="49.2926" lon="22.39963">
        <ele>619.7</ele>
      </trkpt>
      <trkpt lat="49.29248" lon="22.39964">
        <ele>619.7</ele>
      </trkpt>
      <trkpt lat="49.29221" lon="22.39952">
        <ele>622.7</ele>
      </trkpt>
      <trkpt lat="49.29155" lon="22.39913">
        <ele>631.1</ele>
      </trkpt>
      <trkpt lat="49.291105" lon="22.39894">
        <ele>639.3</ele>
      </trkpt>
      <trkpt lat="49.29066" lon="22.39875">
        <ele>644.6</ele>
      </trkpt>
      <trkpt lat="49.290195" lon="22.398615">
        <ele>651.0</ele>
      </trkpt>
      <trkpt lat="49.28973" lon="22.39848">
        <ele>656.2</ele>
      </trkpt>
      <trkpt lat="49.28925" lon="22.39855">
        <ele>660.1</ele>
      </trkpt>
      <trkpt lat="49.28899" lon="22.39872">
        <ele>660.8</ele>
      </trkpt>
      <trkpt lat="49.28865" lon="22.39908">
        <ele>661.2</ele>
      </trkpt>
      <trkpt lat="49.28851" lon="22.3993">
        <ele>661.3</ele>
      </trkpt>
      <trkpt lat="49.28836" lon="22.39969">
        <ele>662.2</ele>
      </trkpt>
      <trkpt lat="49.28818" lon="22.40047">
        <ele>664.2</ele>
      </trkpt>
      <trkpt lat="49.28809" lon="22.40067">
        <ele>664.1</ele>
      </trkpt>
      <trkpt lat="49.28797" lon="22.40077">
        <ele>663.6</ele>
      </trkpt>
      <trkpt lat="49.28783" lon="22.40083">
        <ele>663.0</ele>
      </trkpt>
      <trkpt lat="49.28733" lon="22.40092">
        <ele>656.9</ele>
      </trkpt>
      <trkpt lat="49.2872" lon="22.40089">
        <ele>655.8</ele>
      </trkpt>
      <trkpt lat="49.28693" lon="22.40073">
        <ele>652.4</ele>
      </trkpt>
      <trkpt lat="49.28666" lon="22.40065">
        <ele>648.8</ele>
      </trkpt>
      <trkpt lat="49.28579" lon="22.40057">
        <ele>645.6</ele>
      </trkpt>
      <trkpt lat="49.2857" lon="22.40053">
        <ele>645.3</ele>
      </trkpt>
      <trkpt lat="49.28509" lon="22.40013">
        <ele>640.0</ele>
      </trkpt>
      <trkpt lat="49.28504" lon="22.39997">
        <ele>637.8</ele>
      </trkpt>
      <trkpt lat="49.28515" lon="22.3995">
        <ele>634.6</ele>
      </trkpt>
      <trkpt lat="49.28521" lon="22.39909">
        <ele>631.2</ele>
      </trkpt>
      <trkpt lat="49.28527" lon="22.39827">
        <ele>625.9</ele>
      </trkpt>
      <trkpt lat="49.28549" lon="22.39713">
        <ele>617.7</ele>
      </trkpt>
      <trkpt lat="49.28559" lon="22.39672">
        <ele>615.4</ele>
      </trkpt>
      <trkpt lat="49.28558" lon="22.39662">
        <ele>615.2</ele>
      </trkpt>
      <trkpt lat="49.28545" lon="22.39627">
        <ele>615.5</ele>
      </trkpt>
      <trkpt lat="49.28535" lon="22.39589">
        <ele>616.0</ele>
      </trkpt>
      <trkpt lat="49.2853" lon="22.3955">
        <ele>617.1</ele>
      </trkpt>
      <trkpt lat="49.28532" lon="22.39523">
        <ele>617.4</ele>
      </trkpt>
      <trkpt lat="49.28551" lon="22.39471">
        <ele>618.2</ele>
      </trkpt>
      <trkpt lat="49.28543" lon="22.39452">
        <ele>618.1</ele>
      </trkpt>
      <trkpt lat="49.28529" lon="22.39434">
        <ele>617.4</ele>
      </trkpt>
      <trkpt lat="49.28522" lon="22.39416">
        <ele>616.0</ele>
      </trkpt>
      <trkpt lat="49.2851" lon="22.39369">
        <ele>612.7</ele>
      </trkpt>
      <trkpt lat="49.2848" lon="22.39269">
        <ele>607.5</ele>
      </trkpt>
      <trkpt lat="49.28467" lon="22.39185">
        <ele>603.3</ele>
      </trkpt>
      <trkpt lat="49.28455" lon="22.39168">
        <ele>603.2</ele>
      </trkpt>
      <trkpt lat="49.28407" lon="22.39134">
        <ele>602.5</ele>
      </trkpt>
      <trkpt lat="49.28376" lon="22.39119">
        <ele>600.5</ele>
      </trkpt>
      <trkpt lat="49.28358" lon="22.39108">
        <ele>599.6</ele>
      </trkpt>
      <trkpt lat="49.28348" lon="22.39108">
        <ele>599.5</ele>
      </trkpt>
      <trkpt lat="49.2834" lon="22.39111">
        <ele>599.7</ele>
      </trkpt>
      <trkpt lat="49.28335" lon="22.39118">
        <ele>599.8</ele>
      </trkpt>
      <trkpt lat="49.28331" lon="22.39131">
        <ele>600.4</ele>
      </trkpt>
      <trkpt lat="49.28331" lon="22.39213">
        <ele>601.5</ele>
      </trkpt>
      <trkpt lat="49.28327" lon="22.39261">
        <ele>601.3</ele>
      </trkpt>
      <trkpt lat="49.283125" lon="22.39341">
        <ele>599.4</ele>
      </trkpt>
      <trkpt lat="49.28298" lon="22.39421">
        <ele>597.4</ele>
      </trkpt>
      <trkpt lat="49.28293" lon="22.39493">
        <ele>595.7</ele>
      </trkpt>
      <trkpt lat="49.28288" lon="22.39565">
        <ele>592.5</ele>
      </trkpt>
      <trkpt lat="49.28272" lon="22.39595">
        <ele>591.7</ele>
      </trkpt>
      <trkpt lat="49.28248" lon="22.39607">
        <ele>589.7</ele>
      </trkpt>
      <trkpt lat="49.28202" lon="22.39617">
        <ele>587.6</ele>
      </trkpt>
      <trkpt lat="49.28169" lon="22.39616">
        <ele>583.4</ele>
      </trkpt>
      <trkpt lat="49.2815" lon="22.39634">
        <ele>581.0</ele>
      </trkpt>
      <trkpt lat="49.28125" lon="22.39702">
        <ele>575.9</ele>
      </trkpt>
      <trkpt lat="49.28102" lon="22.39732">
        <ele>572.0</ele>
      </trkpt>
      <trkpt lat="49.28065" lon="22.397745">
        <ele>568.7</ele>
      </trkpt>
      <trkpt lat="49.28028" lon="22.39817">
        <ele>565.0</ele>
      </trkpt>
      <trkpt lat="49.28003" lon="22.39841">
        <ele>562.2</ele>
      </trkpt>
      <trkpt lat="49.27982" lon="22.39848">
        <ele>561.3</ele>
      </trkpt>
      <trkpt lat="49.27962" lon="22.39844">
        <ele>560.0</ele>
      </trkpt>
      <trkpt lat="49.27889" lon="22.39807">
        <ele>552.7</ele>
      </trkpt>
      <trkpt lat="49.27856" lon="22.39775">
        <ele>549.8</ele>
      </trkpt>
      <trkpt lat="49.27813" lon="22.39709">
        <ele>547.2</ele>
      </trkpt>
      <trkpt lat="49.27785" lon="22.39652">
        <ele>547.2</ele>
      </trkpt>
      <trkpt lat="49.27757" lon="22.39595">
        <ele>546.6</ele>
      </trkpt>
      <trkpt lat="49.27743" lon="22.39573">
        <ele>546.6</ele>
      </trkpt>
      <trkpt lat="49.27738" lon="22.3957">
        <ele>546.5</ele>
      </trkpt>
      <trkpt lat="49.27732" lon="22.39573">
        <ele>546.6</ele>
      </trkpt>
      <trkpt lat="49.27722" lon="22.39588">
        <ele>546.6</ele>
      </trkpt>
      <trkpt lat="49.27721" lon="22.39589">
        <ele>546.6</ele>
      </trkpt>
      <trkpt lat="49.27706" lon="22.39663">
        <ele>547.8</ele>
      </trkpt>
      <trkpt lat="49.27686" lon="22.39743">
        <ele>547.3</ele>
      </trkpt>
      <trkpt lat="49.27664" lon="22.39778">
        <ele>546.2</ele>
      </trkpt>
      <trkpt lat="49.27639" lon="22.39812">
        <ele>545.4</ele>
      </trkpt>
      <trkpt lat="49.27634" lon="22.3984">
        <ele>545.5</ele>
      </trkpt>
      <trkpt lat="49.27643" lon="22.39855">
        <ele>545.6</ele>
      </trkpt>
      <trkpt lat="49.27688" lon="22.398825">
        <ele>544.5</ele>
      </trkpt>
      <trkpt lat="49.27733" lon="22.3991">
        <ele>540.5</ele>
      </trkpt>
      <trkpt lat="49.27756" lon="22.39943">
        <ele>536.3</ele>
      </trkpt>
      <trkpt lat="49.27761" lon="22.3997">
        <ele>535.3</ele>
      </trkpt>
      <trkpt lat="49.27756" lon="22.400575">
        <ele>529.0</ele>
      </trkpt>
      <trkpt lat="49.27751" lon="22.40145">
        <ele>522.7</ele>
      </trkpt>
      <trkpt lat="49.27755" lon="22.40242">
        <ele>511.8</ele>
      </trkpt>
      <trkpt lat="49.27752" lon="22.40309">
        <ele>506.4</ele>
      </trkpt>
      <trkpt lat="49.27762" lon="22.4036">
        <ele>504.1</ele>
      </trkpt>
      <trkpt lat="49.27783" lon="22.40443">
        <ele>496.9</ele>
      </trkpt>
      <trkpt lat="49.27804" lon="22.40526">
        <ele>488.5</ele>
      </trkpt>
      <trkpt lat="49.27808" lon="22.40583">
        <ele>483.2</ele>
      </trkpt>
      <trkpt lat="49.27804" lon="22.40619">
        <ele>481.0</ele>
      </trkpt>
      <trkpt lat="49.27791" lon="22.40637">
        <ele>479.4</ele>
      </trkpt>
      <trkpt lat="49.27736" lon="22.40695">
        <ele>471.3</ele>
      </trkpt>
      <trkpt lat="49.27697" lon="22.40724">
        <ele>466.5</ele>
      </trkpt>
      <trkpt lat="49.27687" lon="22.40739">
        <ele>465.5</ele>
      </trkpt>
      <trkpt lat="49.27672" lon="22.40858">
        <ele>460.5</ele>
      </trkpt>
      <trkpt lat="49.27682" lon="22.40865">
        <ele>460.4</ele>
      </trkpt>
      <trkpt lat="49.27732" lon="22.40939">
        <ele>460.0</ele>
      </trkpt>
      <trkpt lat="49.27742" lon="22.40944">
        <ele>460.0</ele>
      </trkpt>
      <trkpt lat="49.27751" lon="22.4094">
        <ele>459.9</ele>
      </trkpt>
      <trkpt lat="49.27794" lon="22.40901">
        <ele>459.7</ele>
      </trkpt>
      <trkpt lat="49.27861" lon="22.40863">
        <ele>457.3</ele>
      </trkpt>
      <trkpt lat="49.279173" lon="22.408293">
        <ele>455.7</ele>
      </trkpt>
      <trkpt lat="49.279737" lon="22.407957">
        <ele>455.4</ele>
      </trkpt>
      <trkpt lat="49.2803" lon="22.40762">
        <ele>455.9</ele>
      </trkpt>
      <trkpt lat="49.281083" lon="22.407473">
        <ele>456.9</ele>
      </trkpt>
      <trkpt lat="49.281867" lon="22.407327">
        <ele>456.0</ele>
      </trkpt>
      <trkpt lat="49.28265" lon="22.40718">
        <ele>455.9</ele>
      </trkpt>
      <trkpt lat="49.28288" lon="22.40719">
        <ele>455.9</ele>
      </trkpt>
      <trkpt lat="49.28311" lon="22.40724">
        <ele>456.1</ele>
      </trkpt>
      <trkpt lat="49.2833" lon="22.40731">
        <ele>456.2</ele>
      </trkpt>
      <trkpt lat="49.28386" lon="22.40769">
        <ele>456.6</ele>
      </trkpt>
      <trkpt lat="49.28442" lon="22.40807">
        <ele>456.6</ele>
      </trkpt>
      <trkpt lat="49.28498" lon="22.40845">
        <ele>456.1</ele>
      </trkpt>
      <trkpt lat="49.28538" lon="22.40875">
        <ele>455.3</ele>
      </trkpt>
      <trkpt lat="49.28557" lon="22.40895">
        <ele>454.9</ele>
      </trkpt>
      <trkpt lat="49.28572" lon="22.40917">
        <ele>454.9</ele>
      </trkpt>
      <trkpt lat="49.28594" lon="22.40956">
        <ele>454.0</ele>
      </trkpt>
      <trkpt lat="49.28634" lon="22.41038">
        <ele>453.1</ele>
      </trkpt>
      <trkpt lat="49.28674" lon="22.4112">
        <ele>451.5</ele>
      </trkpt>
      <trkpt lat="49.28702" lon="22.412173">
        <ele>450.7</ele>
      </trkpt>
      <trkpt lat="49.2873" lon="22.413147">
        <ele>450.5</ele>
      </trkpt>
      <trkpt lat="49.28758" lon="22.41412">
        <ele>450.0</ele>
      </trkpt>
      <trkpt lat="49.28784" lon="22.41496">
        <ele>449.4</ele>
      </trkpt>
      <trkpt lat="49.28812" lon="22.4156">
        <ele>449.2</ele>
      </trkpt>
      <trkpt lat="49.288603" lon="22.41652">
        <ele>448.9</ele>
      </trkpt>
      <trkpt lat="49.289085" lon="22.41744">
        <ele>448.2</ele>
      </trkpt>
      <trkpt lat="49.289568" lon="22.41836">
        <ele>447.9</ele>
      </trkpt>
      <trkpt lat="49.29005" lon="22.41928">
        <ele>448.3</ele>
      </trkpt>
      <trkpt lat="49.29019" lon="22.41951">
        <ele>448.4</ele>
      </trkpt>
      <trkpt lat="49.29039" lon="22.41974">
        <ele>448.6</ele>
      </trkpt>
      <trkpt lat="49.291053" lon="22.420353">
        <ele>455.1</ele>
      </trkpt>
      <trkpt lat="49.291717" lon="22.420967">
        <ele>461.6</ele>
      </trkpt>
      <trkpt lat="49.29238" lon="22.42158">
        <ele>461.9</ele>
      </trkpt>
      <trkpt lat="49.29258" lon="22.42187">
        <ele>461.8</ele>
      </trkpt>
      <trkpt lat="49.29307" lon="22.42275">
        <ele>460.5</ele>
      </trkpt>
      <trkpt lat="49.29356" lon="22.42363">
        <ele>459.6</ele>
      </trkpt>
      <trkpt lat="49.294083" lon="22.424383">
        <ele>460.9</ele>
      </trkpt>
      <trkpt lat="49.294607" lon="22.425137">
        <ele>463.4</ele>
      </trkpt>
      <trkpt lat="49.29513" lon="22.42589">
        <ele>462.8</ele>
      </trkpt>
      <trkpt lat="49.29539" lon="22.4262">
        <ele>459.0</ele>
      </trkpt>
      <trkpt lat="49.29557" lon="22.42636">
        <ele>457.8</ele>
      </trkpt>
      <trkpt lat="49.29574" lon="22.42646">
        <ele>457.0</ele>
      </trkpt>
      <trkpt lat="49.296407" lon="22.426797">
        <ele>453.0</ele>
      </trkpt>
      <trkpt lat="49.297073" lon="22.427133">
        <ele>449.2</ele>
      </trkpt>
      <trkpt lat="49.29774" lon="22.42747">
        <ele>446.9</ele>
      </trkpt>
      <trkpt lat="49.29785" lon="22.42748">
        <ele>445.0</ele>
      </trkpt>
      <trkpt lat="49.29795" lon="22.42745">
        <ele>445.0</ele>
      </trkpt>
      <trkpt lat="49.29805" lon="22.42739">
        <ele>444.5</ele>
      </trkpt>
      <trkpt lat="49.2982" lon="22.42722">
        <ele>444.3</ele>
      </trkpt>
      <trkpt lat="49.29871" lon="22.42645">
        <ele>443.7</ele>
      </trkpt>
      <trkpt lat="49.29893" lon="22.42619">
        <ele>443.5</ele>
      </trkpt>
      <trkpt lat="49.29907" lon="22.42615">
        <ele>443.4</ele>
      </trkpt>
      <trkpt lat="49.29919" lon="22.42618">
        <ele>443.3</ele>
      </trkpt>
      <trkpt lat="49.2993" lon="22.42629">
        <ele>443.3</ele>
      </trkpt>
      <trkpt lat="49.2994" lon="22.42643">
        <ele>443.3</ele>
      </trkpt>
      <trkpt lat="49.29991" lon="22.42731">
        <ele>443.0</ele>
      </trkpt>
      <trkpt lat="49.30009" lon="22.42773">
        <ele>442.9</ele>
      </trkpt>
      <trkpt lat="49.30022" lon="22.42822">
        <ele>442.0</ele>
      </trkpt>
      <trkpt lat="49.300415" lon="22.429415">
        <ele>439.5</ele>
      </trkpt>
      <trkpt lat="49.30061" lon="22.43061">
        <ele>438.1</ele>
      </trkpt>
      <trkpt lat="49.30073" lon="22.43106">
        <ele>438.5</ele>
      </trkpt>
      <trkpt lat="49.30087" lon="22.43136">
        <ele>439.4</ele>
      </trkpt>
      <trkpt lat="49.301195" lon="22.43189">
        <ele>443.5</ele>
      </trkpt>
      <trkpt lat="49.30152" lon="22.43242">
        <ele>449.8</ele>
      </trkpt>
      <trkpt lat="49.30164" lon="22.43255">
        <ele>451.1</ele>
      </trkpt>
      <trkpt lat="49.30177" lon="22.43259">
        <ele>452.4</ele>
      </trkpt>
      <trkpt lat="49.30187" lon="22.43256">
        <ele>452.9</ele>
      </trkpt>
      <trkpt lat="49.30203" lon="22.43243">
        <ele>453.4</ele>
      </trkpt>
      <trkpt lat="49.30241" lon="22.4319">
        <ele>455.8</ele>
      </trkpt>
      <trkpt lat="49.30263" lon="22.43158">
        <ele>457.9</ele>
      </trkpt>
      <trkpt lat="49.30272" lon="22.43136">
        <ele>458.8</ele>
      </trkpt>
      <trkpt lat="49.30278" lon="22.43107">
        <ele>462.3</ele>
      </trkpt>
      <trkpt lat="49.30278" lon="22.43091">
        <ele>462.8</ele>
      </trkpt>
      <trkpt lat="49.30275" lon="22.43077">
        <ele>463.6</ele>
      </trkpt>
      <trkpt lat="49.30268" lon="22.43062">
        <ele>464.7</ele>
      </trkpt>
      <trkpt lat="49.302283" lon="22.42992">
        <ele>468.7</ele>
      </trkpt>
      <trkpt lat="49.301887" lon="22.42922">
        <ele>471.8</ele>
      </trkpt>
      <trkpt lat="49.30149" lon="22.42852">
        <ele>475.4</ele>
      </trkpt>
      <trkpt lat="49.30133" lon="22.42816">
        <ele>477.5</ele>
      </trkpt>
      <trkpt lat="49.30123" lon="22.42785">
        <ele>479.3</ele>
      </trkpt>
      <trkpt lat="49.301" lon="22.42691">
        <ele>479.7</ele>
      </trkpt>
      <trkpt lat="49.30098" lon="22.4267">
        <ele>479.7</ele>
      </trkpt>
      <trkpt lat="49.30101" lon="22.42641">
        <ele>479.5</ele>
      </trkpt>
      <trkpt lat="49.30113" lon="22.42601">
        <ele>479.0</ele>
      </trkpt>
      <trkpt lat="49.301573" lon="22.425025">
        <ele>477.0</ele>
      </trkpt>
      <trkpt lat="49.302015" lon="22.42404">
        <ele>475.2</ele>
      </trkpt>
      <trkpt lat="49.302458" lon="22.423055">
        <ele>472.1</ele>
      </trkpt>
      <trkpt lat="49.3029" lon="22.42207">
        <ele>468.8</ele>
      </trkpt>
      <trkpt lat="49.30343" lon="22.4211">
        <ele>463.9</ele>
      </trkpt>
      <trkpt lat="49.30376" lon="22.42025">
        <ele>456.2</ele>
      </trkpt>
      <trkpt lat="49.30403" lon="22.41947">
        <ele>446.7</ele>
      </trkpt>
      <trkpt lat="49.3041" lon="22.41917">
        <ele>444.7</ele>
      </trkpt>
      <trkpt lat="49.30414" lon="22.41877">
        <ele>441.6</ele>
      </trkpt>
      <trkpt lat="49.304255" lon="22.41745">
        <ele>436.2</ele>
      </trkpt>
      <trkpt lat="49.30437" lon="22.41613">
        <ele>435.8</ele>
      </trkpt>
      <trkpt lat="49.305145" lon="22.416657">
        <ele>434.7</ele>
      </trkpt>
      <trkpt lat="49.30592" lon="22.417185">
        <ele>433.9</ele>
      </trkpt>
      <trkpt lat="49.306695" lon="22.417712">
        <ele>433.9</ele>
      </trkpt>
      <trkpt lat="49.30747" lon="22.41824">
        <ele>433.8</ele>
      </trkpt>
      <trkpt lat="49.30804" lon="22.41865">
        <ele>433.8</ele>
      </trkpt>
      <trkpt lat="49.30824" lon="22.41885">
        <ele>433.7</ele>
      </trkpt>
      <trkpt lat="49.30848" lon="22.41922">
        <ele>433.7</ele>
      </trkpt>
      <trkpt lat="49.30857" lon="22.41944">
        <ele>433.7</ele>
      </trkpt>
      <trkpt lat="49.30866" lon="22.41972">
        <ele>433.7</ele>
      </trkpt>
      <trkpt lat="49.30871" lon="22.41996">
        <ele>433.7</ele>
      </trkpt>
      <trkpt lat="49.30875" lon="22.42045">
        <ele>433.7</ele>
      </trkpt>
      <trkpt lat="49.30874" lon="22.4207">
        <ele>433.7</ele>
      </trkpt>
      <trkpt lat="49.30868" lon="22.42108">
        <ele>433.8</ele>
      </trkpt>
      <trkpt lat="49.30867" lon="22.42109">
        <ele>433.8</ele>
      </trkpt>
      <trkpt lat="49.30832" lon="22.422345">
        <ele>434.2</ele>
      </trkpt>
      <trkpt lat="49.30797" lon="22.4236">
        <ele>434.6</ele>
      </trkpt>
      <trkpt lat="49.30791" lon="22.42407">
        <ele>434.7</ele>
      </trkpt>
      <trkpt lat="49.30792" lon="22.42422">
        <ele>434.7</ele>
      </trkpt>
      <trkpt lat="49.30776" lon="22.42423">
        <ele>434.7</ele>
      </trkpt>
      <trkpt lat="49.30748" lon="22.42411">
        <ele>434.2</ele>
      </trkpt>
      <trkpt lat="49.30731" lon="22.4241">
        <ele>434.2</ele>
      </trkpt>
      <trkpt lat="49.3069" lon="22.42441">
        <ele>434.5</ele>
      </trkpt>
      <trkpt lat="49.3067" lon="22.42458">
        <ele>434.5</ele>
      </trkpt>
      <trkpt lat="49.30615" lon="22.42518">
        <ele>435.1</ele>
      </trkpt>
      <trkpt lat="49.30591" lon="22.42551">
        <ele>435.8</ele>
      </trkpt>
      <trkpt lat="49.30572" lon="22.42583">
        <ele>436.0</ele>
      </trkpt>
      <trkpt lat="49.30537" lon="22.42671">
        <ele>436.7</ele>
      </trkpt>
      <trkpt lat="49.30512" lon="22.42796">
        <ele>438.0</ele>
      </trkpt>
      <trkpt lat="49.30494" lon="22.42862">
        <ele>438.4</ele>
      </trkpt>
      <trkpt lat="49.30455" lon="22.42974">
        <ele>439.6</ele>
      </trkpt>
      <trkpt lat="49.30452" lon="22.42995">
        <ele>440.2</ele>
      </trkpt>
      <trkpt lat="49.3045" lon="22.43038">
        <ele>441.5</ele>
      </trkpt>
      <trkpt lat="49.30455" lon="22.4313">
        <ele>444.7</ele>
      </trkpt>
      <trkpt lat="49.30467" lon="22.43189">
        <ele>448.6</ele>
      </trkpt>
      <trkpt lat="49.30478" lon="22.43316">
        <ele>459.7</ele>
      </trkpt>
      <trkpt lat="49.30487" lon="22.43384">
        <ele>463.1</ele>
      </trkpt>
      <trkpt lat="49.30497" lon="22.43441">
        <ele>466.5</ele>
      </trkpt>
      <trkpt lat="49.30499" lon="22.43489">
        <ele>470.8</ele>
      </trkpt>
      <trkpt lat="49.30498" lon="22.43524">
        <ele>472.1</ele>
      </trkpt>
      <trkpt lat="49.30494" lon="22.4355">
        <ele>472.6</ele>
      </trkpt>
      <trkpt lat="49.30488" lon="22.43566">
        <ele>473.2</ele>
      </trkpt>
      <trkpt lat="49.30474" lon="22.43587">
        <ele>473.5</ele>
      </trkpt>
      <trkpt lat="49.30441" lon="22.43615">
        <ele>473.8</ele>
      </trkpt>
      <trkpt lat="49.30418" lon="22.43629">
        <ele>474.1</ele>
      </trkpt>
      <trkpt lat="49.30387" lon="22.43636">
        <ele>474.3</ele>
      </trkpt>
      <trkpt lat="49.30374" lon="22.43637">
        <ele>474.3</ele>
      </trkpt>
      <trkpt lat="49.30355" lon="22.43632">
        <ele>474.2</ele>
      </trkpt>
      <trkpt lat="49.30348" lon="22.43636">
        <ele>473.9</ele>
      </trkpt>
      <trkpt lat="49.30339" lon="22.43653">
        <ele>473.2</ele>
      </trkpt>
      <trkpt lat="49.30313" lon="22.43744">
        <ele>467.6</ele>
      </trkpt>
      <trkpt lat="49.30301" lon="22.43775">
        <ele>465.5</ele>
      </trkpt>
      <trkpt lat="49.30294" lon="22.43786">
        <ele>465.1</ele>
      </trkpt>
      <trkpt lat="49.30288" lon="22.43792">
        <ele>465.0</ele>
      </trkpt>
      <trkpt lat="49.30282" lon="22.43792">
        <ele>464.9</ele>
      </trkpt>
      <trkpt lat="49.30275" lon="22.43789">
        <ele>465.0</ele>
      </trkpt>
      <trkpt lat="49.30267" lon="22.43764">
        <ele>465.9</ele>
      </trkpt>
      <trkpt lat="49.3026" lon="22.43739">
        <ele>467.5</ele>
      </trkpt>
      <trkpt lat="49.30251" lon="22.43664">
        <ele>470.0</ele>
      </trkpt>
      <trkpt lat="49.30247" lon="22.43643">
        <ele>470.2</ele>
      </trkpt>
      <trkpt lat="49.30242" lon="22.43634">
        <ele>470.1</ele>
      </trkpt>
      <trkpt lat="49.30231" lon="22.43627">
        <ele>469.5</ele>
      </trkpt>
      <trkpt lat="49.30184" lon="22.436105">
        <ele>466.2</ele>
      </trkpt>
      <trkpt lat="49.30137" lon="22.43594">
        <ele>460.8</ele>
      </trkpt>
      <trkpt lat="49.30088" lon="22.43572">
        <ele>460.2</ele>
      </trkpt>
      <trkpt lat="49.30068" lon="22.43567">
        <ele>461.1</ele>
      </trkpt>
      <trkpt lat="49.3005" lon="22.43567">
        <ele>462.0</ele>
      </trkpt>
      <trkpt lat="49.30025" lon="22.43576">
        <ele>462.7</ele>
      </trkpt>
      <trkpt lat="49.30011" lon="22.43588">
        <ele>463.2</ele>
      </trkpt>
      <trkpt lat="49.29995" lon="22.43609">
        <ele>465.0</ele>
      </trkpt>
      <trkpt lat="49.29976" lon="22.43642">
        <ele>468.4</ele>
      </trkpt>
      <trkpt lat="49.29958" lon="22.43682">
        <ele>470.2</ele>
      </trkpt>
      <trkpt lat="49.29909" lon="22.43774">
        <ele>478.1</ele>
      </trkpt>
      <trkpt lat="49.29891" lon="22.43817">
        <ele>480.2</ele>
      </trkpt>
      <trkpt lat="49.29849" lon="22.43936">
        <ele>492.9</ele>
      </trkpt>
      <trkpt lat="49.2982" lon="22.440355">
        <ele>498.5</ele>
      </trkpt>
      <trkpt lat="49.29791" lon="22.44135">
        <ele>507.0</ele>
      </trkpt>
      <trkpt lat="49.29789" lon="22.44157">
        <ele>507.5</ele>
      </trkpt>
      <trkpt lat="49.29821" lon="22.44285">
        <ele>519.1</ele>
      </trkpt>
      <trkpt lat="49.29833" lon="22.4432">
        <ele>524.0</ele>
      </trkpt>
      <trkpt lat="49.29851" lon="22.44357">
        <ele>529.2</ele>
      </trkpt>
      <trkpt lat="49.29874" lon="22.44399">
        <ele>538.1</ele>
      </trkpt>
      <trkpt lat="49.29881" lon="22.44418">
        <ele>540.0</ele>
      </trkpt>
      <trkpt lat="49.29882" lon="22.44434">
        <ele>541.3</ele>
      </trkpt>
      <trkpt lat="49.29881" lon="22.44444">
        <ele>541.3</ele>
      </trkpt>
      <trkpt lat="49.29872" lon="22.44458">
        <ele>542.5</ele>
      </trkpt>
      <trkpt lat="49.29866" lon="22.44459">
        <ele>542.5</ele>
      </trkpt>
      <trkpt lat="49.29787" lon="22.44409">
        <ele>550.8</ele>
      </trkpt>
      <trkpt lat="49.29768" lon="22.44404">
        <ele>551.7</ele>
      </trkpt>
      <trkpt lat="49.297185" lon="22.44425">
        <ele>550.3</ele>
      </trkpt>
      <trkpt lat="49.29669" lon="22.44446">
        <ele>550.6</ele>
      </trkpt>
      <trkpt lat="49.29589" lon="22.44477">
        <ele>560.5</ele>
      </trkpt>
      <trkpt lat="49.29538" lon="22.444885">
        <ele>564.7</ele>
      </trkpt>
      <trkpt lat="49.29487" lon="22.445">
        <ele>569.0</ele>
      </trkpt>
      <trkpt lat="49.29454" lon="22.44517">
        <ele>570.1</ele>
      </trkpt>
      <trkpt lat="49.29442" lon="22.44529">
        <ele>570.1</ele>
      </trkpt>
      <trkpt lat="49.29439" lon="22.44539">
        <ele>570.1</ele>
      </trkpt>
      <trkpt lat="49.2944" lon="22.44554">
        <ele>569.3</ele>
      </trkpt>
      <trkpt lat="49.29445" lon="22.4457">
        <ele>568.6</ele>
      </trkpt>
      <trkpt lat="49.29464" lon="22.44614">
        <ele>565.5</ele>
      </trkpt>
      <trkpt lat="49.295055" lon="22.446885">
        <ele>562.3</ele>
      </trkpt>
      <trkpt lat="49.29547" lon="22.44763">
        <ele>559.1</ele>
      </trkpt>
      <trkpt lat="49.29551" lon="22.44774">
        <ele>558.7</ele>
      </trkpt>
      <trkpt lat="49.29549" lon="22.44786">
        <ele>558.4</ele>
      </trkpt>
      <trkpt lat="49.29543" lon="22.44793">
        <ele>558.0</ele>
      </trkpt>
      <trkpt lat="49.29534" lon="22.44797">
        <ele>558.0</ele>
      </trkpt>
      <trkpt lat="49.29466" lon="22.44803">
        <ele>553.6</ele>
      </trkpt>
      <trkpt lat="49.29411" lon="22.4482">
        <ele>547.2</ele>
      </trkpt>
      <trkpt lat="49.29346" lon="22.4485">
        <ele>540.4</ele>
      </trkpt>
      <trkpt lat="49.29338" lon="22.44856">
        <ele>539.5</ele>
      </trkpt>
      <trkpt lat="49.29331" lon="22.44873">
        <ele>537.9</ele>
      </trkpt>
      <trkpt lat="49.2931" lon="22.44951">
        <ele>532.1</ele>
      </trkpt>
      <trkpt lat="49.29302" lon="22.44972">
        <ele>530.9</ele>
      </trkpt>
      <trkpt lat="49.292695" lon="22.450325">
        <ele>528.3</ele>
      </trkpt>
      <trkpt lat="49.29237" lon="22.45093">
        <ele>522.5</ele>
      </trkpt>
      <trkpt lat="49.292015" lon="22.45148">
        <ele>515.1</ele>
      </trkpt>
      <trkpt lat="49.29166" lon="22.45203">
        <ele>508.3</ele>
      </trkpt>
      <trkpt lat="49.29151" lon="22.45216">
        <ele>505.1</ele>
      </trkpt>
      <trkpt lat="49.29129" lon="22.45225">
        <ele>501.5</ele>
      </trkpt>
      <trkpt lat="49.29115" lon="22.45233">
        <ele>498.4</ele>
      </trkpt>
      <trkpt lat="49.29103" lon="22.45245">
        <ele>495.4</ele>
      </trkpt>
      <trkpt lat="49.29082" lon="22.45273">
        <ele>492.6</ele>
      </trkpt>
      <trkpt lat="49.29054" lon="22.45316">
        <ele>488.2</ele>
      </trkpt>
      <trkpt lat="49.29031" lon="22.45356">
        <ele>486.0</ele>
      </trkpt>
      <trkpt lat="49.2899" lon="22.45466">
        <ele>480.6</ele>
      </trkpt>
      <trkpt lat="49.289645" lon="22.455395">
        <ele>477.8</ele>
      </trkpt>
      <trkpt lat="49.28939" lon="22.45613">
        <ele>474.7</ele>
      </trkpt>
      <trkpt lat="49.28909" lon="22.45708">
        <ele>471.4</ele>
      </trkpt>
      <trkpt lat="49.28874" lon="22.45808">
        <ele>465.4</ele>
      </trkpt>
      <trkpt lat="49.28858" lon="22.45848">
        <ele>463.7</ele>
      </trkpt>
      <trkpt lat="49.288265" lon="22.459155">
        <ele>459.2</ele>
      </trkpt>
      <trkpt lat="49.28795" lon="22.45983">
        <ele>458.0</ele>
      </trkpt>
      <trkpt lat="49.28782" lon="22.46015">
        <ele>458.0</ele>
      </trkpt>
      <trkpt lat="49.28775" lon="22.46037">
        <ele>458.1</ele>
      </trkpt>
      <trkpt lat="49.28773" lon="22.4606">
        <ele>458.0</ele>
      </trkpt>
      <trkpt lat="49.28774" lon="22.46076">
        <ele>457.6</ele>
      </trkpt>
      <trkpt lat="49.28779" lon="22.46089">
        <ele>456.9</ele>
      </trkpt>
      <trkpt lat="49.28794" lon="22.46112">
        <ele>454.6</ele>
      </trkpt>
      <trkpt lat="49.28825" lon="22.4615">
        <ele>451.1</ele>
      </trkpt>
      <trkpt lat="49.288675" lon="22.46195">
        <ele>446.2</ele>
      </trkpt>
      <trkpt lat="49.2891" lon="22.4624">
        <ele>440.0</ele>
      </trkpt>
      <trkpt lat="49.28985" lon="22.46301">
        <ele>432.0</ele>
      </trkpt>
      <trkpt lat="49.28986" lon="22.46314">
        <ele>432.0</ele>
      </trkpt>
      <trkpt lat="49.28904" lon="22.46259">
        <ele>433.4</ele>
      </trkpt>
      <trkpt lat="49.28843" lon="22.46228">
        <ele>432.1</ele>
      </trkpt>
      <trkpt lat="49.28808" lon="22.462">
        <ele>431.0</ele>
      </trkpt>
      <trkpt lat="49.28773" lon="22.46163">
        <ele>430.6</ele>
      </trkpt>
      <trkpt lat="49.28744" lon="22.46127">
        <ele>430.6</ele>
      </trkpt>
      <trkpt lat="49.28717" lon="22.461">
        <ele>430.6</ele>
      </trkpt>
      <trkpt lat="49.28659" lon="22.46069">
        <ele>432.1</ele>
      </trkpt>
      <trkpt lat="49.28628" lon="22.46062">
        <ele>432.3</ele>
      </trkpt>
      <trkpt lat="49.28594" lon="22.46061">
        <ele>432.7</ele>
      </trkpt>
      <trkpt lat="49.28565" lon="22.46067">
        <ele>431.9</ele>
      </trkpt>
      <trkpt lat="49.28486" lon="22.46097">
        <ele>430.6</ele>
      </trkpt>
      <trkpt lat="49.28462" lon="22.46113">
        <ele>430.5</ele>
      </trkpt>
      <trkpt lat="49.284145" lon="22.461575">
        <ele>430.4</ele>
      </trkpt>
      <trkpt lat="49.28367" lon="22.46202">
        <ele>432.7</ele>
      </trkpt>
      <trkpt lat="49.28327" lon="22.46246">
        <ele>434.6</ele>
      </trkpt>
      <trkpt lat="49.28347" lon="22.46271">
        <ele>434.5</ele>
      </trkpt>
      <trkpt lat="49.28401" lon="22.463145">
        <ele>434.5</ele>
      </trkpt>
      <trkpt lat="49.28455" lon="22.46358">
        <ele>434.6</ele>
      </trkpt>
      <trkpt lat="49.28461" lon="22.46378">
        <ele>434.6</ele>
      </trkpt>
      <trkpt lat="49.28465" lon="22.46413">
        <ele>434.7</ele>
      </trkpt>
      <trkpt lat="49.28433" lon="22.46485">
        <ele>434.7</ele>
      </trkpt>
      <trkpt lat="49.28426" lon="22.46513">
        <ele>434.7</ele>
      </trkpt>
      <trkpt lat="49.28423" lon="22.46544">
        <ele>434.4</ele>
      </trkpt>
      <trkpt lat="49.2842" lon="22.46619">
        <ele>434.0</ele>
      </trkpt>
      <trkpt lat="49.28422" lon="22.46689">
        <ele>432.9</ele>
      </trkpt>
      <trkpt lat="49.284325" lon="22.46761">
        <ele>432.8</ele>
      </trkpt>
      <trkpt lat="49.28443" lon="22.46833">
        <ele>433.9</ele>
      </trkpt>
      <trkpt lat="49.28442" lon="22.46876">
        <ele>432.9</ele>
      </trkpt>
      <trkpt lat="49.2843" lon="22.4701">
        <ele>433.2</ele>
      </trkpt>
      <trkpt lat="49.28424" lon="22.47048">
        <ele>435.1</ele>
      </trkpt>
      <trkpt lat="49.28413" lon="22.47113">
        <ele>439.8</ele>
      </trkpt>
      <trkpt lat="49.28404" lon="22.4714">
        <ele>442.2</ele>
      </trkpt>
      <trkpt lat="49.283635" lon="22.47223">
        <ele>449.4</ele>
      </trkpt>
      <trkpt lat="49.28323" lon="22.47306">
        <ele>454.2</ele>
      </trkpt>
      <trkpt lat="49.28318" lon="22.4734">
        <ele>454.6</ele>
      </trkpt>
      <trkpt lat="49.28303" lon="22.47371">
        <ele>455.3</ele>
      </trkpt>
      <trkpt lat="49.28285" lon="22.47378">
        <ele>456.6</ele>
      </trkpt>
      <trkpt lat="49.28225" lon="22.47373">
        <ele>457.9</ele>
      </trkpt>
      <trkpt lat="49.28165" lon="22.47368">
        <ele>460.0</ele>
      </trkpt>
      <trkpt lat="49.28141" lon="22.47374">
        <ele>461.5</ele>
      </trkpt>
      <trkpt lat="49.281" lon="22.47422">
        <ele>463.0</ele>
      </trkpt>
      <trkpt lat="49.28064" lon="22.47454">
        <ele>467.7</ele>
      </trkpt>
      <trkpt lat="49.279965" lon="22.47492">
        <ele>473.2</ele>
      </trkpt>
      <trkpt lat="49.27929" lon="22.4753">
        <ele>476.1</ele>
      </trkpt>
      <trkpt lat="49.27885" lon="22.47543">
        <ele>481.8</ele>
      </trkpt>
      <trkpt lat="49.27874" lon="22.47553">
        <ele>482.9</ele>
      </trkpt>
      <trkpt lat="49.27865" lon="22.47563">
        <ele>482.9</ele>
      </trkpt>
      <trkpt lat="49.27835" lon="22.476285">
        <ele>489.1</ele>
      </trkpt>
      <trkpt lat="49.27805" lon="22.47694">
        <ele>496.3</ele>
      </trkpt>
      <trkpt lat="49.27802" lon="22.47706">
        <ele>496.8</ele>
      </trkpt>
      <trkpt lat="49.27796" lon="22.47723">
        <ele>497.5</ele>
      </trkpt>
      <trkpt lat="49.27779" lon="22.47846">
        <ele>492.2</ele>
      </trkpt>
      <trkpt lat="49.27765" lon="22.4791">
        <ele>489.0</ele>
      </trkpt>
      <trkpt lat="49.277195" lon="22.479965">
        <ele>482.7</ele>
      </trkpt>
      <trkpt lat="49.27674" lon="22.48083">
        <ele>486.2</ele>
      </trkpt>
      <trkpt lat="49.27647" lon="22.48158">
        <ele>489.3</ele>
      </trkpt>
      <trkpt lat="49.27619" lon="22.48253">
        <ele>492.0</ele>
      </trkpt>
      <trkpt lat="49.2756" lon="22.48342">
        <ele>495.4</ele>
      </trkpt>
      <trkpt lat="49.27517" lon="22.48423">
        <ele>499.9</ele>
      </trkpt>
      <trkpt lat="49.27502" lon="22.48477">
        <ele>503.4</ele>
      </trkpt>
      <trkpt lat="49.27503" lon="22.4852">
        <ele>504.8</ele>
      </trkpt>
      <trkpt lat="49.27527" lon="22.48559">
        <ele>504.2</ele>
      </trkpt>
      <trkpt lat="49.2756" lon="22.4864">
        <ele>503.4</ele>
      </trkpt>
      <trkpt lat="49.27618" lon="22.48724">
        <ele>496.5</ele>
      </trkpt>
      <trkpt lat="49.27631" lon="22.48752">
        <ele>495.2</ele>
      </trkpt>
      <trkpt lat="49.27634" lon="22.48771">
        <ele>494.7</ele>
      </trkpt>
      <trkpt lat="49.27633" lon="22.4878">
        <ele>494.6</ele>
      </trkpt>
      <trkpt lat="49.27626" lon="22.48793">
        <ele>494.7</ele>
      </trkpt>
      <trkpt lat="49.27621" lon="22.48796">
        <ele>494.7</ele>
      </trkpt>
      <trkpt lat="49.27607" lon="22.48793">
        <ele>494.6</ele>
      </trkpt>
      <trkpt lat="49.27584" lon="22.48773">
        <ele>493.2</ele>
      </trkpt>
      <trkpt lat="49.27525" lon="22.4873">
        <ele>488.7</ele>
      </trkpt>
      <trkpt lat="49.27494" lon="22.48728">
        <ele>485.4</ele>
      </trkpt>
      <trkpt lat="49.27468" lon="22.48734">
        <ele>483.9</ele>
      </trkpt>
      <trkpt lat="49.27442" lon="22.48758">
        <ele>482.5</ele>
      </trkpt>
      <trkpt lat="49.27431" lon="22.48789">
        <ele>482.2</ele>
      </trkpt>
      <trkpt lat="49.27417" lon="22.48845">
        <ele>482.6</ele>
      </trkpt>
      <trkpt lat="49.2741" lon="22.48925">
        <ele>480.7</ele>
      </trkpt>
      <trkpt lat="49.27405" lon="22.48959">
        <ele>477.9</ele>
      </trkpt>
      <trkpt lat="49.27376" lon="22.49074">
        <ele>474.8</ele>
      </trkpt>
      <trkpt lat="49.27359" lon="22.49116">
        <ele>475.4</ele>
      </trkpt>
      <trkpt lat="49.27322" lon="22.49172">
        <ele>479.5</ele>
      </trkpt>
      <trkpt lat="49.272825" lon="22.492365">
        <ele>486.1</ele>
      </trkpt>
      <trkpt lat="49.27243" lon="22.49301">
        <ele>491.9</ele>
      </trkpt>
      <trkpt lat="49.27238" lon="22.49334">
        <ele>493.9</ele>
      </trkpt>
      <trkpt lat="49.27251" lon="22.49367">
        <ele>495.5</ele>
      </trkpt>
      <trkpt lat="49.2728" lon="22.49396">
        <ele>497.5</ele>
      </trkpt>
      <trkpt lat="49.27316" lon="22.49405">
        <ele>500.7</ele>
      </trkpt>
      <trkpt lat="49.27345" lon="22.49407">
        <ele>503.3</ele>
      </trkpt>
      <trkpt lat="49.27379" lon="22.49396">
        <ele>503.6</ele>
      </trkpt>
      <trkpt lat="49.27395" lon="22.49399">
        <ele>502.9</ele>
      </trkpt>
      <trkpt lat="49.27413" lon="22.49407">
        <ele>502.0</ele>
      </trkpt>
      <trkpt lat="49.27422" lon="22.49425">
        <ele>502.3</ele>
      </trkpt>
      <trkpt lat="49.27422" lon="22.49437">
        <ele>502.7</ele>
      </trkpt>
      <trkpt lat="49.27419" lon="22.49451">
        <ele>502.7</ele>
      </trkpt>
      <trkpt lat="49.27413" lon="22.49463">
        <ele>503.8</ele>
      </trkpt>
      <trkpt lat="49.273515" lon="22.495395">
        <ele>511.1</ele>
      </trkpt>
      <trkpt lat="49.2729" lon="22.49616">
        <ele>517.6</ele>
      </trkpt>
      <trkpt lat="49.27284" lon="22.49631">
        <ele>517.7</ele>
      </trkpt>
      <trkpt lat="49.27278" lon="22.49643">
        <ele>517.9</ele>
      </trkpt>
      <trkpt lat="49.27285" lon="22.49749">
        <ele>518.8</ele>
      </trkpt>
      <trkpt lat="49.27292" lon="22.49855">
        <ele>523.2</ele>
      </trkpt>
      <trkpt lat="49.27318" lon="22.49922">
        <ele>529.8</ele>
      </trkpt>
      <trkpt lat="49.27344" lon="22.49989">
        <ele>534.9</ele>
      </trkpt>
      <trkpt lat="49.27364" lon="22.50052">
        <ele>536.8</ele>
      </trkpt>
      <trkpt lat="49.27354" lon="22.50074">
        <ele>537.4</ele>
      </trkpt>
      <trkpt lat="49.27329" lon="22.50068">
        <ele>537.7</ele>
      </trkpt>
      <trkpt lat="49.27263" lon="22.50044">
        <ele>537.1</ele>
      </trkpt>
      <trkpt lat="49.27244" lon="22.50046">
        <ele>536.0</ele>
      </trkpt>
      <trkpt lat="49.27198" lon="22.50093">
        <ele>532.6</ele>
      </trkpt>
      <trkpt lat="49.27156" lon="22.50114">
        <ele>534.1</ele>
      </trkpt>
      <trkpt lat="49.27073" lon="22.50111">
        <ele>532.1</ele>
      </trkpt>
      <trkpt lat="49.27035" lon="22.50106">
        <ele>529.6</ele>
      </trkpt>
      <trkpt lat="49.26985" lon="22.50067">
        <ele>526.9</ele>
      </trkpt>
      <trkpt lat="49.26948" lon="22.50033">
        <ele>523.5</ele>
      </trkpt>
      <trkpt lat="49.2692" lon="22.50039">
        <ele>522.2</ele>
      </trkpt>
      <trkpt lat="49.2688" lon="22.50095">
        <ele>516.9</ele>
      </trkpt>
      <trkpt lat="49.26837" lon="22.50166">
        <ele>509.7</ele>
      </trkpt>
      <trkpt lat="49.26794" lon="22.50237">
        <ele>502.8</ele>
      </trkpt>
      <trkpt lat="49.26771" lon="22.50297">
        <ele>499.9</ele>
      </trkpt>
      <trkpt lat="49.26754" lon="22.5035">
        <ele>497.9</ele>
      </trkpt>
      <trkpt lat="49.26732" lon="22.50387">
        <ele>497.0</ele>
      </trkpt>
      <trkpt lat="49.26681" lon="22.50436">
        <ele>494.6</ele>
      </trkpt>
      <trkpt lat="49.26659" lon="22.50461">
        <ele>493.8</ele>
      </trkpt>
      <trkpt lat="49.26632" lon="22.50528">
        <ele>493.4</ele>
      </trkpt>
      <trkpt lat="49.26617" lon="22.506155">
        <ele>493.2</ele>
      </trkpt>
      <trkpt lat="49.26602" lon="22.50703">
        <ele>495.3</ele>
      </trkpt>
      <trkpt lat="49.26604" lon="22.50758">
        <ele>497.5</ele>
      </trkpt>
      <trkpt lat="49.26621" lon="22.50808">
        <ele>498.2</ele>
      </trkpt>
      <trkpt lat="49.26648" lon="22.508645">
        <ele>498.9</ele>
      </trkpt>
      <trkpt lat="49.26675" lon="22.50921">
        <ele>499.8</ele>
      </trkpt>
      <trkpt lat="49.26708" lon="22.50984">
        <ele>501.6</ele>
      </trkpt>
      <trkpt lat="49.26735" lon="22.51015">
        <ele>503.4</ele>
      </trkpt>
      <trkpt lat="49.26741" lon="22.51027">
        <ele>503.6</ele>
      </trkpt>
      <trkpt lat="49.26743" lon="22.51041">
        <ele>503.7</ele>
      </trkpt>
      <trkpt lat="49.2674" lon="22.51052">
        <ele>503.9</ele>
      </trkpt>
      <trkpt lat="49.26735" lon="22.51059">
        <ele>503.9</ele>
      </trkpt>
      <trkpt lat="49.26728" lon="22.51061">
        <ele>504.4</ele>
      </trkpt>
      <trkpt lat="49.26677" lon="22.51063">
        <ele>507.5</ele>
      </trkpt>
      <trkpt lat="49.2664" lon="22.51071">
        <ele>509.6</ele>
      </trkpt>
      <trkpt lat="49.26627" lon="22.5108">
        <ele>509.8</ele>
      </trkpt>
      <trkpt lat="49.2662" lon="22.51094">
        <ele>509.9</ele>
      </trkpt>
      <trkpt lat="49.26622" lon="22.51113">
        <ele>509.8</ele>
      </trkpt>
      <trkpt lat="49.26636" lon="22.51178">
        <ele>509.2</ele>
      </trkpt>
      <trkpt lat="49.26637" lon="22.51197">
        <ele>509.6</ele>
      </trkpt>
      <trkpt lat="49.26629" lon="22.51218">
        <ele>510.4</ele>
      </trkpt>
      <trkpt lat="49.26618" lon="22.51235">
        <ele>511.8</ele>
      </trkpt>
      <trkpt lat="49.26606" lon="22.51243">
        <ele>512.8</ele>
      </trkpt>
      <trkpt lat="49.26566" lon="22.51243">
        <ele>514.4</ele>
      </trkpt>
      <trkpt lat="49.26547" lon="22.51254">
        <ele>513.8</ele>
      </trkpt>
      <trkpt lat="49.26515" lon="22.51303">
        <ele>512.3</ele>
      </trkpt>
      <trkpt lat="49.26465" lon="22.51334">
        <ele>515.5</ele>
      </trkpt>
      <trkpt lat="49.26407" lon="22.51344">
        <ele>519.1</ele>
      </trkpt>
      <trkpt lat="49.26393" lon="22.5135">
        <ele>519.0</ele>
      </trkpt>
      <trkpt lat="49.26361" lon="22.51391">
        <ele>516.9</ele>
      </trkpt>
      <trkpt lat="49.26314" lon="22.51426">
        <ele>514.5</ele>
      </trkpt>
      <trkpt lat="49.262665" lon="22.51438">
        <ele>511.3</ele>
      </trkpt>
      <trkpt lat="49.26219" lon="22.5145">
        <ele>509.2</ele>
      </trkpt>
      <trkpt lat="49.26179" lon="22.51472">
        <ele>505.8</ele>
      </trkpt>
      <trkpt lat="49.261175" lon="22.515315">
        <ele>501.7</ele>
      </trkpt>
      <trkpt lat="49.26056" lon="22.51591">
        <ele>501.6</ele>
      </trkpt>
      <trkpt lat="49.26043" lon="22.51605">
        <ele>502.4</ele>
      </trkpt>
      <trkpt lat="49.26018" lon="22.51655">
        <ele>503.1</ele>
      </trkpt>
      <trkpt lat="49.26012" lon="22.51675">
        <ele>503.0</ele>
      </trkpt>
      <trkpt lat="49.26006" lon="22.51744">
        <ele>501.8</ele>
      </trkpt>
      <trkpt lat="49.26031" lon="22.51826">
        <ele>499.6</ele>
      </trkpt>
      <trkpt lat="49.260775" lon="22.51886">
        <ele>499.1</ele>
      </trkpt>
      <trkpt lat="49.26124" lon="22.51946">
        <ele>500.0</ele>
      </trkpt>
      <trkpt lat="49.26126" lon="22.51956">
        <ele>500.9</ele>
      </trkpt>
      <trkpt lat="49.2612" lon="22.51971">
        <ele>500.9</ele>
      </trkpt>
      <trkpt lat="49.26113" lon="22.51978">
        <ele>502.7</ele>
      </trkpt>
      <trkpt lat="49.26103" lon="22.5198">
        <ele>503.3</ele>
      </trkpt>
      <trkpt lat="49.26028" lon="22.51979">
        <ele>506.3</ele>
      </trkpt>
      <trkpt lat="49.26018" lon="22.51982">
        <ele>506.2</ele>
      </trkpt>
      <trkpt lat="49.2601" lon="22.5199">
        <ele>506.2</ele>
      </trkpt>
      <trkpt lat="49.26003" lon="22.52003">
        <ele>506.2</ele>
      </trkpt>
      <trkpt lat="49.25973" lon="22.52087">
        <ele>507.6</ele>
      </trkpt>
      <trkpt lat="49.25943" lon="22.52171">
        <ele>506.6</ele>
      </trkpt>
      <trkpt lat="49.25936" lon="22.52183">
        <ele>506.1</ele>
      </trkpt>
      <trkpt lat="49.2592" lon="22.52202">
        <ele>504.2</ele>
      </trkpt>
      <trkpt lat="49.25889" lon="22.52227">
        <ele>502.6</ele>
      </trkpt>
      <trkpt lat="49.25878" lon="22.52241">
        <ele>500.8</ele>
      </trkpt>
      <trkpt lat="49.25851" lon="22.52296">
        <ele>499.1</ele>
      </trkpt>
      <trkpt lat="49.2584" lon="22.52311">
        <ele>499.5</ele>
      </trkpt>
      <trkpt lat="49.2583" lon="22.52317">
        <ele>499.5</ele>
      </trkpt>
      <trkpt lat="49.25817" lon="22.52322">
        <ele>499.8</ele>
      </trkpt>
      <trkpt lat="49.25783" lon="22.52326">
        <ele>499.4</ele>
      </trkpt>
      <trkpt lat="49.257053" lon="22.52331">
        <ele>496.3</ele>
      </trkpt>
      <trkpt lat="49.256275" lon="22.52336">
        <ele>495.5</ele>
      </trkpt>
      <trkpt lat="49.255498" lon="22.52341">
        <ele>492.0</ele>
      </trkpt>
      <trkpt lat="49.25472" lon="22.52346">
        <ele>488.5</ele>
      </trkpt>
      <trkpt lat="49.25462" lon="22.52349">
        <ele>488.1</ele>
      </trkpt>
      <trkpt lat="49.25452" lon="22.52356">
        <ele>487.4</ele>
      </trkpt>
      <trkpt lat="49.25435" lon="22.52371">
        <ele>486.6</ele>
      </trkpt>
      <trkpt lat="49.25422" lon="22.52389">
        <ele>486.3</ele>
      </trkpt>
      <trkpt lat="49.25414" lon="22.52404">
        <ele>486.3</ele>
      </trkpt>
      <trkpt lat="49.25398" lon="22.52446">
        <ele>486.7</ele>
      </trkpt>
      <trkpt lat="49.25389" lon="22.52475">
        <ele>487.0</ele>
      </trkpt>
      <trkpt lat="49.25384" lon="22.52504">
        <ele>487.0</ele>
      </trkpt>
      <trkpt lat="49.25384" lon="22.52543">
        <ele>486.7</ele>
      </trkpt>
      <trkpt lat="49.2539" lon="22.52568">
        <ele>486.2</ele>
      </trkpt>
      <trkpt lat="49.25399" lon="22.52599">
        <ele>484.8</ele>
      </trkpt>
      <trkpt lat="49.25431" lon="22.52688">
        <ele>477.0</ele>
      </trkpt>
      <trkpt lat="49.25452" lon="22.52712">
        <ele>473.8</ele>
      </trkpt>
      <trkpt lat="49.25468" lon="22.52723">
        <ele>472.3</ele>
      </trkpt>
      <trkpt lat="49.2554" lon="22.52755">
        <ele>471.4</ele>
      </trkpt>
      <trkpt lat="49.25563" lon="22.52773">
        <ele>472.4</ele>
      </trkpt>
      <trkpt lat="49.25578" lon="22.52787">
        <ele>473.8</ele>
      </trkpt>
      <trkpt lat="49.25598" lon="22.52813">
        <ele>474.7</ele>
      </trkpt>
      <trkpt lat="49.25626" lon="22.52872">
        <ele>475.7</ele>
      </trkpt>
      <trkpt lat="49.25635" lon="22.52898">
        <ele>475.7</ele>
      </trkpt>
      <trkpt lat="49.25644" lon="22.52937">
        <ele>475.5</ele>
      </trkpt>
      <trkpt lat="49.25649" lon="22.5297">
        <ele>475.1</ele>
      </trkpt>
      <trkpt lat="49.25654" lon="22.53026">
        <ele>474.6</ele>
      </trkpt>
      <trkpt lat="49.25652" lon="22.53095">
        <ele>475.4</ele>
      </trkpt>
      <trkpt lat="49.25636" lon="22.53167">
        <ele>477.5</ele>
      </trkpt>
      <trkpt lat="49.2562" lon="22.53239">
        <ele>481.1</ele>
      </trkpt>
      <trkpt lat="49.25591" lon="22.53348">
        <ele>488.4</ele>
      </trkpt>
      <trkpt lat="49.25555" lon="22.53459">
        <ele>487.8</ele>
      </trkpt>
      <trkpt lat="49.2554" lon="22.53488">
        <ele>487.5</ele>
      </trkpt>
      <trkpt lat="49.2548" lon="22.5358">
        <ele>490.6</ele>
      </trkpt>
      <trkpt lat="49.25454" lon="22.5361">
        <ele>491.5</ele>
      </trkpt>
      <trkpt lat="49.25437" lon="22.53621">
        <ele>491.5</ele>
      </trkpt>
      <trkpt lat="49.25364" lon="22.53657">
        <ele>494.0</ele>
      </trkpt>
      <trkpt lat="49.252903" lon="22.537163">
        <ele>496.3</ele>
      </trkpt>
      <trkpt lat="49.252165" lon="22.537755">
        <ele>496.6</ele>
      </trkpt>
      <trkpt lat="49.251428" lon="22.538348">
        <ele>497.6</ele>
      </trkpt>
      <trkpt lat="49.25069" lon="22.53894">
        <ele>502.2</ele>
      </trkpt>
      <trkpt lat="49.25057" lon="22.53906">
        <ele>502.6</ele>
      </trkpt>
      <trkpt lat="49.25045" lon="22.53923">
        <ele>502.9</ele>
      </trkpt>
      <trkpt lat="49.25037" lon="22.53939">
        <ele>502.9</ele>
      </trkpt>
      <trkpt lat="49.25031" lon="22.5396">
        <ele>502.7</ele>
      </trkpt>
      <trkpt lat="49.25027" lon="22.53986">
        <ele>502.1</ele>
      </trkpt>
      <trkpt lat="49.25025" lon="22.54016">
        <ele>501.5</ele>
      </trkpt>
      <trkpt lat="49.25027" lon="22.541">
        <ele>499.5</ele>
      </trkpt>
      <trkpt lat="49.25029" lon="22.54184">
        <ele>497.4</ele>
      </trkpt>
      <trkpt lat="49.25029" lon="22.54201">
        <ele>497.4</ele>
      </trkpt>
      <trkpt lat="49.25034" lon="22.54237">
        <ele>495.7</ele>
      </trkpt>
      <trkpt lat="49.2504" lon="22.54251">
        <ele>495.7</ele>
      </trkpt>
      <trkpt lat="49.2506" lon="22.54285">
        <ele>494.2</ele>
      </trkpt>
      <trkpt lat="49.25087" lon="22.54355">
        <ele>490.5</ele>
      </trkpt>
      <trkpt lat="49.251" lon="22.54399">
        <ele>488.9</ele>
      </trkpt>
      <trkpt lat="49.25109" lon="22.54446">
        <ele>485.0</ele>
      </trkpt>
      <trkpt lat="49.2511" lon="22.54511">
        <ele>481.2</ele>
      </trkpt>
      <trkpt lat="49.25107" lon="22.54598">
        <ele>480.1</ele>
      </trkpt>
      <trkpt lat="49.25104" lon="22.54685">
        <ele>480.5</ele>
      </trkpt>
      <trkpt lat="49.25102" lon="22.54719">
        <ele>480.7</ele>
      </trkpt>
      <trkpt lat="49.25098" lon="22.54752">
        <ele>480.7</ele>
      </trkpt>
      <trkpt lat="49.25093" lon="22.54775">
        <ele>480.8</ele>
      </trkpt>
      <trkpt lat="49.25088" lon="22.5479">
        <ele>480.8</ele>
      </trkpt>
      <trkpt lat="49.25077" lon="22.54812">
        <ele>480.9</ele>
      </trkpt>
      <trkpt lat="49.2507" lon="22.54822">
        <ele>480.9</ele>
      </trkpt>
      <trkpt lat="49.25034" lon="22.54854">
        <ele>482.1</ele>
      </trkpt>
      <trkpt lat="49.25011" lon="22.5488">
        <ele>483.2</ele>
      </trkpt>
      <trkpt lat="49.25002" lon="22.54888">
        <ele>483.7</ele>
      </trkpt>
      <trkpt lat="49.24991" lon="22.54894">
        <ele>484.5</ele>
      </trkpt>
      <trkpt lat="49.2495" lon="22.54897">
        <ele>488.2</ele>
      </trkpt>
      <trkpt lat="49.2494" lon="22.54901">
        <ele>489.3</ele>
      </trkpt>
      <trkpt lat="49.24925" lon="22.54916">
        <ele>492.8</ele>
      </trkpt>
      <trkpt lat="49.24916" lon="22.54938">
        <ele>493.9</ele>
      </trkpt>
      <trkpt lat="49.24913" lon="22.54967">
        <ele>495.9</ele>
      </trkpt>
      <trkpt lat="49.24915" lon="22.54983">
        <ele>498.1</ele>
      </trkpt>
      <trkpt lat="49.24934" lon="22.5504">
        <ele>501.0</ele>
      </trkpt>
      <trkpt lat="49.24941" lon="22.5507">
        <ele>504.3</ele>
      </trkpt>
      <trkpt lat="49.24944" lon="22.55103">
        <ele>506.8</ele>
      </trkpt>
      <trkpt lat="49.24942" lon="22.55135">
        <ele>508.3</ele>
      </trkpt>
      <trkpt lat="49.24939" lon="22.55151">
        <ele>508.9</ele>
      </trkpt>
      <trkpt lat="49.24931" lon="22.55177">
        <ele>510.2</ele>
      </trkpt>
      <trkpt lat="49.24919" lon="22.55199">
        <ele>511.1</ele>
      </trkpt>
      <trkpt lat="49.24903" lon="22.55221">
        <ele>512.7</ele>
      </trkpt>
      <trkpt lat="49.2489" lon="22.55235">
        <ele>514.8</ele>
      </trkpt>
      <trkpt lat="49.24872" lon="22.55249">
        <ele>515.6</ele>
      </trkpt>
      <trkpt lat="49.24825" lon="22.55283">
        <ele>518.5</ele>
      </trkpt>
      <trkpt lat="49.24814" lon="22.55294">
        <ele>518.8</ele>
      </trkpt>
      <trkpt lat="49.24782" lon="22.55337">
        <ele>521.3</ele>
      </trkpt>
      <trkpt lat="49.24766" lon="22.55354">
        <ele>523.5</ele>
      </trkpt>
      <trkpt lat="49.24748" lon="22.55364">
        <ele>524.7</ele>
      </trkpt>
      <trkpt lat="49.24736" lon="22.55368">
        <ele>524.7</ele>
      </trkpt>
      <trkpt lat="49.24681" lon="22.55381">
        <ele>528.6</ele>
      </trkpt>
      <trkpt lat="49.24664" lon="22.55387">
        <ele>528.9</ele>
      </trkpt>
      <trkpt lat="49.24645" lon="22.554">
        <ele>529.7</ele>
      </trkpt>
      <trkpt lat="49.24635" lon="22.55412">
        <ele>530.0</ele>
      </trkpt>
      <trkpt lat="49.24588" lon="22.55484">
        <ele>531.4</ele>
      </trkpt>
      <trkpt lat="49.24569" lon="22.55508">
        <ele>531.0</ele>
      </trkpt>
      <trkpt lat="49.2456" lon="22.55516">
        <ele>530.6</ele>
      </trkpt>
      <trkpt lat="49.24548" lon="22.55524">
        <ele>529.6</ele>
      </trkpt>
      <trkpt lat="49.24534" lon="22.5553">
        <ele>528.3</ele>
      </trkpt>
      <trkpt lat="49.24476" lon="22.55552">
        <ele>525.2</ele>
      </trkpt>
      <trkpt lat="49.24459" lon="22.55552">
        <ele>524.4</ele>
      </trkpt>
      <trkpt lat="49.24446" lon="22.55539">
        <ele>524.2</ele>
      </trkpt>
      <trkpt lat="49.24441" lon="22.5552">
        <ele>524.4</ele>
      </trkpt>
      <trkpt lat="49.24441" lon="22.55503">
        <ele>524.6</ele>
      </trkpt>
      <trkpt lat="49.24446" lon="22.5545">
        <ele>525.4</ele>
      </trkpt>
      <trkpt lat="49.2444" lon="22.55387">
        <ele>529.3</ele>
      </trkpt>
      <trkpt lat="49.24436" lon="22.55372">
        <ele>529.3</ele>
      </trkpt>
      <trkpt lat="49.24431" lon="22.55364">
        <ele>529.3</ele>
      </trkpt>
      <trkpt lat="49.24422" lon="22.55359">
        <ele>531.6</ele>
      </trkpt>
      <trkpt lat="49.24417" lon="22.55358">
        <ele>531.6</ele>
      </trkpt>
      <trkpt lat="49.2441" lon="22.55361">
        <ele>531.6</ele>
      </trkpt>
      <trkpt lat="49.24403" lon="22.55368">
        <ele>531.6</ele>
      </trkpt>
      <trkpt lat="49.24399" lon="22.55376">
        <ele>532.5</ele>
      </trkpt>
      <trkpt lat="49.24371" lon="22.55503">
        <ele>540.2</ele>
      </trkpt>
      <trkpt lat="49.24365" lon="22.55521">
        <ele>541.4</ele>
      </trkpt>
      <trkpt lat="49.24352" lon="22.55542">
        <ele>543.3</ele>
      </trkpt>
      <trkpt lat="49.24308" lon="22.55601">
        <ele>546.8</ele>
      </trkpt>
      <trkpt lat="49.24328" lon="22.55685">
        <ele>550.7</ele>
      </trkpt>
      <trkpt lat="49.24339" lon="22.55744">
        <ele>554.0</ele>
      </trkpt>
      <trkpt lat="49.24345" lon="22.55799">
        <ele>555.7</ele>
      </trkpt>
      <trkpt lat="49.24343" lon="22.558805">
        <ele>560.2</ele>
      </trkpt>
      <trkpt lat="49.24341" lon="22.55962">
        <ele>564.3</ele>
      </trkpt>
      <trkpt lat="49.24333" lon="22.56079">
        <ele>568.5</ele>
      </trkpt>
      <trkpt lat="49.24338" lon="22.56122">
        <ele>568.7</ele>
      </trkpt>
      <trkpt lat="49.24338" lon="22.56123">
        <ele>568.7</ele>
      </trkpt>
      <trkpt lat="49.2435" lon="22.56158">
        <ele>568.7</ele>
      </trkpt>
      <trkpt lat="49.24359" lon="22.56172">
        <ele>568.7</ele>
      </trkpt>
      <trkpt lat="49.24382" lon="22.56189">
        <ele>569.6</ele>
      </trkpt>
      <trkpt lat="49.24392" lon="22.56193">
        <ele>570.5</ele>
      </trkpt>
      <trkpt lat="49.244" lon="22.56192">
        <ele>571.1</ele>
      </trkpt>
      <trkpt lat="49.24407" lon="22.56189">
        <ele>571.1</ele>
      </trkpt>
      <trkpt lat="49.24462" lon="22.56153">
        <ele>575.4</ele>
      </trkpt>
      <trkpt lat="49.24504" lon="22.56116">
        <ele>579.3</ele>
      </trkpt>
      <trkpt lat="49.24542" lon="22.5609">
        <ele>579.9</ele>
      </trkpt>
      <trkpt lat="49.24552" lon="22.56086">
        <ele>583.8</ele>
      </trkpt>
      <trkpt lat="49.24607" lon="22.56076">
        <ele>585.3</ele>
      </trkpt>
      <trkpt lat="49.24632" lon="22.56067">
        <ele>586.8</ele>
      </trkpt>
      <trkpt lat="49.24645" lon="22.56054">
        <ele>587.3</ele>
      </trkpt>
      <trkpt lat="49.24651" lon="22.56044">
        <ele>588.1</ele>
      </trkpt>
      <trkpt lat="49.24654" lon="22.56032">
        <ele>588.8</ele>
      </trkpt>
      <trkpt lat="49.24661" lon="22.55978">
        <ele>592.0</ele>
      </trkpt>
      <trkpt lat="49.24665" lon="22.55969">
        <ele>592.6</ele>
      </trkpt>
      <trkpt lat="49.24674" lon="22.5596">
        <ele>593.4</ele>
      </trkpt>
      <trkpt lat="49.24732" lon="22.5592">
        <ele>596.8</ele>
      </trkpt>
      <trkpt lat="49.24808" lon="22.55857">
        <ele>602.0</ele>
      </trkpt>
      <trkpt lat="49.2483" lon="22.55842">
        <ele>603.4</ele>
      </trkpt>
      <trkpt lat="49.24889" lon="22.5579">
        <ele>608.2</ele>
      </trkpt>
      <trkpt lat="49.24922" lon="22.55776">
        <ele>611.3</ele>
      </trkpt>
      <trkpt lat="49.24943" lon="22.55771">
        <ele>612.6</ele>
      </trkpt>
      <trkpt lat="49.2495" lon="22.55771">
        <ele>614.4</ele>
      </trkpt>
      <trkpt lat="49.24956" lon="22.55773">
        <ele>614.4</ele>
      </trkpt>
      <trkpt lat="49.24961" lon="22.55778">
        <ele>614.8</ele>
      </trkpt>
      <trkpt lat="49.24972" lon="22.5586">
        <ele>618.0</ele>
      </trkpt>
      <trkpt lat="49.24979" lon="22.55891">
        <ele>620.6</ele>
      </trkpt>
      <trkpt lat="49.24987" lon="22.55912">
        <ele>620.6</ele>
      </trkpt>
      <trkpt lat="49.25016" lon="22.55963">
        <ele>625.9</ele>
      </trkpt>
      <trkpt lat="49.2502" lon="22.55974">
        <ele>627.0</ele>
      </trkpt>
      <trkpt lat="49.25027" lon="22.56039">
        <ele>630.2</ele>
      </trkpt>
      <trkpt lat="49.25035" lon="22.56054">
        <ele>630.4</ele>
      </trkpt>
      <trkpt lat="49.2505" lon="22.56058">
        <ele>631.4</ele>
      </trkpt>
      <trkpt lat="49.25068" lon="22.56056">
        <ele>632.4</ele>
      </trkpt>
      <trkpt lat="49.25079" lon="22.56058">
        <ele>632.8</ele>
      </trkpt>
      <trkpt lat="49.2509" lon="22.56063">
        <ele>633.2</ele>
      </trkpt>
      <trkpt lat="49.251" lon="22.5607">
        <ele>633.2</ele>
      </trkpt>
      <trkpt lat="49.25134" lon="22.56106">
        <ele>635.3</ele>
      </trkpt>
      <trkpt lat="49.25157" lon="22.56127">
        <ele>636.5</ele>
      </trkpt>
      <trkpt lat="49.25173" lon="22.56148">
        <ele>637.7</ele>
      </trkpt>
      <trkpt lat="49.25183" lon="22.56166">
        <ele>638.6</ele>
      </trkpt>
      <trkpt lat="49.25194" lon="22.56204">
        <ele>640.6</ele>
      </trkpt>
      <trkpt lat="49.25204" lon="22.56254">
        <ele>641.3</ele>
      </trkpt>
      <trkpt lat="49.25209" lon="22.56263">
        <ele>641.7</ele>
      </trkpt>
      <trkpt lat="49.25216" lon="22.5627">
        <ele>642.2</ele>
      </trkpt>
      <trkpt lat="49.25224" lon="22.56275">
        <ele>642.9</ele>
      </trkpt>
      <trkpt lat="49.25255" lon="22.5628">
        <ele>645.3</ele>
      </trkpt>
      <trkpt lat="49.2531" lon="22.56305">
        <ele>648.8</ele>
      </trkpt>
      <trkpt lat="49.25336" lon="22.5633">
        <ele>650.4</ele>
      </trkpt>
      <trkpt lat="49.25383" lon="22.56383">
        <ele>651.7</ele>
      </trkpt>
      <trkpt lat="49.25419" lon="22.56416">
        <ele>652.8</ele>
      </trkpt>
      <trkpt lat="49.25452" lon="22.56426">
        <ele>654.7</ele>
      </trkpt>
      <trkpt lat="49.2551" lon="22.56467">
        <ele>656.7</ele>
      </trkpt>
      <trkpt lat="49.25565" lon="22.56525">
        <ele>660.5</ele>
      </trkpt>
      <trkpt lat="49.25577" lon="22.56535">
        <ele>661.2</ele>
      </trkpt>
      <trkpt lat="49.25587" lon="22.56541">
        <ele>661.2</ele>
      </trkpt>
      <trkpt lat="49.25669" lon="22.56565">
        <ele>662.1</ele>
      </trkpt>
      <trkpt lat="49.25676" lon="22.56564">
        <ele>661.6</ele>
      </trkpt>
      <trkpt lat="49.2568" lon="22.5656">
        <ele>661.5</ele>
      </trkpt>
      <trkpt lat="49.25684" lon="22.56552">
        <ele>661.4</ele>
      </trkpt>
      <trkpt lat="49.25685" lon="22.56544">
        <ele>661.4</ele>
      </trkpt>
      <trkpt lat="49.25684" lon="22.56534">
        <ele>661.4</ele>
      </trkpt>
      <trkpt lat="49.25679" lon="22.56519">
        <ele>661.7</ele>
      </trkpt>
      <trkpt lat="49.25629" lon="22.564195">
        <ele>664.3</ele>
      </trkpt>
      <trkpt lat="49.25579" lon="22.5632">
        <ele>664.5</ele>
      </trkpt>
      <trkpt lat="49.25548" lon="22.56248">
        <ele>665.4</ele>
      </trkpt>
      <trkpt lat="49.2549" lon="22.56145">
        <ele>671.6</ele>
      </trkpt>
      <trkpt lat="49.25478" lon="22.56119">
        <ele>673.2</ele>
      </trkpt>
      <trkpt lat="49.25474" lon="22.56106">
        <ele>673.7</ele>
      </trkpt>
      <trkpt lat="49.25473" lon="22.56096">
        <ele>673.7</ele>
      </trkpt>
      <trkpt lat="49.25475" lon="22.56084">
        <ele>675.0</ele>
      </trkpt>
      <trkpt lat="49.25479" lon="22.56076">
        <ele>675.0</ele>
      </trkpt>
      <trkpt lat="49.25494" lon="22.56069">
        <ele>675.8</ele>
      </trkpt>
      <trkpt lat="49.25503" lon="22.56069">
        <ele>676.5</ele>
      </trkpt>
      <trkpt lat="49.25585" lon="22.561">
        <ele>681.2</ele>
      </trkpt>
      <trkpt lat="49.25618" lon="22.5611">
        <ele>682.6</ele>
      </trkpt>
      <trkpt lat="49.25704" lon="22.56114">
        <ele>684.5</ele>
      </trkpt>
      <trkpt lat="49.25758" lon="22.56124">
        <ele>686.1</ele>
      </trkpt>
      <trkpt lat="49.25778" lon="22.56123">
        <ele>686.5</ele>
      </trkpt>
      <trkpt lat="49.25795" lon="22.56119">
        <ele>686.5</ele>
      </trkpt>
      <trkpt lat="49.25803" lon="22.56115">
        <ele>686.6</ele>
      </trkpt>
      <trkpt lat="49.25812" lon="22.56086">
        <ele>686.8</ele>
      </trkpt>
      <trkpt lat="49.25819" lon="22.56041">
        <ele>687.8</ele>
      </trkpt>
      <trkpt lat="49.25818" lon="22.56028">
        <ele>688.3</ele>
      </trkpt>
      <trkpt lat="49.25801" lon="22.55954">
        <ele>692.3</ele>
      </trkpt>
      <trkpt lat="49.25792" lon="22.55863">
        <ele>694.5</ele>
      </trkpt>
      <trkpt lat="49.25788" lon="22.55846">
        <ele>695.2</ele>
      </trkpt>
      <trkpt lat="49.25769" lon="22.558">
        <ele>698.5</ele>
      </trkpt>
      <trkpt lat="49.25758" lon="22.55782">
        <ele>700.5</ele>
      </trkpt>
      <trkpt lat="49.25748" lon="22.55773">
        <ele>701.3</ele>
      </trkpt>
      <trkpt lat="49.25739" lon="22.55768">
        <ele>702.7</ele>
      </trkpt>
      <trkpt lat="49.25724" lon="22.55767">
        <ele>703.4</ele>
      </trkpt>
      <trkpt lat="49.25711" lon="22.55763">
        <ele>704.0</ele>
      </trkpt>
      <trkpt lat="49.25672" lon="22.5572">
        <ele>705.5</ele>
      </trkpt>
      <trkpt lat="49.25612" lon="22.55658">
        <ele>707.7</ele>
      </trkpt>
      <trkpt lat="49.2559" lon="22.55627">
        <ele>709.7</ele>
      </trkpt>
      <trkpt lat="49.25549" lon="22.55576">
        <ele>710.8</ele>
      </trkpt>
      <trkpt lat="49.25538" lon="22.55549">
        <ele>709.8</ele>
      </trkpt>
      <trkpt lat="49.25533" lon="22.55524">
        <ele>708.3</ele>
      </trkpt>
      <trkpt lat="49.25531" lon="22.55496">
        <ele>706.3</ele>
      </trkpt>
      <trkpt lat="49.25533" lon="22.55478">
        <ele>705.1</ele>
      </trkpt>
      <trkpt lat="49.25547" lon="22.55435">
        <ele>703.8</ele>
      </trkpt>
      <trkpt lat="49.25548" lon="22.55421">
        <ele>703.5</ele>
      </trkpt>
      <trkpt lat="49.25543" lon="22.55373">
        <ele>702.3</ele>
      </trkpt>
      <trkpt lat="49.25544" lon="22.55344">
        <ele>701.9</ele>
      </trkpt>
      <trkpt lat="49.25547" lon="22.55318">
        <ele>701.8</ele>
      </trkpt>
      <trkpt lat="49.25553" lon="22.55303">
        <ele>701.9</ele>
      </trkpt>
      <trkpt lat="49.25562" lon="22.55289">
        <ele>701.9</ele>
      </trkpt>
      <trkpt lat="49.25571" lon="22.5528">
        <ele>701.9</ele>
      </trkpt>
      <trkpt lat="49.25581" lon="22.55274">
        <ele>701.9</ele>
      </trkpt>
      <trkpt lat="49.25595" lon="22.55275">
        <ele>702.1</ele>
      </trkpt>
      <trkpt lat="49.25609" lon="22.55279">
        <ele>702.6</ele>
      </trkpt>
      <trkpt lat="49.25625" lon="22.55288">
        <ele>703.9</ele>
      </trkpt>
      <trkpt lat="49.25644" lon="22.55305">
        <ele>705.7</ele>
      </trkpt>
      <trkpt lat="49.25693" lon="22.55384">
        <ele>705.5</ele>
      </trkpt>
      <trkpt lat="49.257" lon="22.55391">
        <ele>705.5</ele>
      </trkpt>
      <trkpt lat="49.25723" lon="22.55397">
        <ele>703.9</ele>
      </trkpt>
      <trkpt lat="49.25757" lon="22.55416">
        <ele>702.8</ele>
      </trkpt>
      <trkpt lat="49.25779" lon="22.55423">
        <ele>703.0</ele>
      </trkpt>
      <trkpt lat="49.25829" lon="22.55421">
        <ele>705.3</ele>
      </trkpt>
      <trkpt lat="49.25843" lon="22.55424">
        <ele>705.7</ele>
      </trkpt>
      <trkpt lat="49.2586" lon="22.55435">
        <ele>705.9</ele>
      </trkpt>
      <trkpt lat="49.259175" lon="22.554635">
        <ele>707.7</ele>
      </trkpt>
      <trkpt lat="49.25975" lon="22.55492">
        <ele>711.8</ele>
      </trkpt>
      <trkpt lat="49.25985" lon="22.55491">
        <ele>712.6</ele>
      </trkpt>
      <trkpt lat="49.2601" lon="22.55476">
        <ele>714.7</ele>
      </trkpt>
      <trkpt lat="49.26027" lon="22.55456">
        <ele>716.0</ele>
      </trkpt>
      <trkpt lat="49.2603" lon="22.55444">
        <ele>716.8</ele>
      </trkpt>
      <trkpt lat="49.26031" lon="22.5543">
        <ele>718.0</ele>
      </trkpt>
      <trkpt lat="49.26028" lon="22.55396">
        <ele>719.6</ele>
      </trkpt>
      <trkpt lat="49.26029" lon="22.55371">
        <ele>720.1</ele>
      </trkpt>
      <trkpt lat="49.26038" lon="22.5535">
        <ele>721.2</ele>
      </trkpt>
      <trkpt lat="49.26067" lon="22.55298">
        <ele>723.5</ele>
      </trkpt>
      <trkpt lat="49.26092" lon="22.55264">
        <ele>726.4</ele>
      </trkpt>
      <trkpt lat="49.26109" lon="22.55251">
        <ele>727.7</ele>
      </trkpt>
      <trkpt lat="49.26116" lon="22.55243">
        <ele>727.7</ele>
      </trkpt>
      <trkpt lat="49.26141" lon="22.5515">
        <ele>727.7</ele>
      </trkpt>
      <trkpt lat="49.26144" lon="22.55125">
        <ele>726.3</ele>
      </trkpt>
      <trkpt lat="49.26142" lon="22.55114">
        <ele>725.4</ele>
      </trkpt>
      <trkpt lat="49.26119" lon="22.55075">
        <ele>724.4</ele>
      </trkpt>
      <trkpt lat="49.26109" lon="22.55053">
        <ele>724.4</ele>
      </trkpt>
      <trkpt lat="49.26089" lon="22.54993">
        <ele>725.1</ele>
      </trkpt>
      <trkpt lat="49.26075" lon="22.54969">
        <ele>725.6</ele>
      </trkpt>
      <trkpt lat="49.26052" lon="22.54939">
        <ele>725.7</ele>
      </trkpt>
      <trkpt lat="49.26013" lon="22.54875">
        <ele>726.7</ele>
      </trkpt>
      <trkpt lat="49.26007" lon="22.54861">
        <ele>727.2</ele>
      </trkpt>
      <trkpt lat="49.26006" lon="22.5483">
        <ele>728.0</ele>
      </trkpt>
      <trkpt lat="49.26022" lon="22.54772">
        <ele>731.3</ele>
      </trkpt>
      <trkpt lat="49.26035" lon="22.54802">
        <ele>733.9</ele>
      </trkpt>
      <trkpt lat="49.26039" lon="22.54816">
        <ele>733.9</ele>
      </trkpt>
      <trkpt lat="49.26043" lon="22.54847">
        <ele>736.0</ele>
      </trkpt>
      <trkpt lat="49.26047" lon="22.54863">
        <ele>736.9</ele>
      </trkpt>
      <trkpt lat="49.26092" lon="22.54937">
        <ele>741.0</ele>
      </trkpt>
      <trkpt lat="49.26113" lon="22.54962">
        <ele>743.6</ele>
      </trkpt>
      <trkpt lat="49.26125" lon="22.54983">
        <ele>747.2</ele>
      </trkpt>
      <trkpt lat="49.26148" lon="22.55014">
        <ele>748.1</ele>
      </trkpt>
      <trkpt lat="49.26195" lon="22.55073">
        <ele>756.9</ele>
      </trkpt>
      <trkpt lat="49.26247" lon="22.55151">
        <ele>763.9</ele>
      </trkpt>
      <trkpt lat="49.26256" lon="22.55175">
        <ele>767.9</ele>
      </trkpt>
      <trkpt lat="49.26261" lon="22.55203">
        <ele>767.9</ele>
      </trkpt>
      <trkpt lat="49.26283" lon="22.55265">
        <ele>774.5</ele>
      </trkpt>
      <trkpt lat="49.26294" lon="22.55317">
        <ele>779.5</ele>
      </trkpt>
      <trkpt lat="49.26336" lon="22.55426">
        <ele>782.8</ele>
      </trkpt>
      <trkpt lat="49.26353" lon="22.55484">
        <ele>783.1</ele>
      </trkpt>
      <trkpt lat="49.26354" lon="22.55494">
        <ele>782.7</ele>
      </trkpt>
      <trkpt lat="49.26351" lon="22.55509">
        <ele>782.1</ele>
      </trkpt>
      <trkpt lat="49.26336" lon="22.55558">
        <ele>779.4</ele>
      </trkpt>
      <trkpt lat="49.2632" lon="22.5564">
        <ele>773.7</ele>
      </trkpt>
      <trkpt lat="49.26301" lon="22.55675">
        <ele>771.8</ele>
      </trkpt>
      <trkpt lat="49.26295" lon="22.55689">
        <ele>771.8</ele>
      </trkpt>
      <trkpt lat="49.26291" lon="22.55704">
        <ele>768.4</ele>
      </trkpt>
      <trkpt lat="49.26286" lon="22.55761">
        <ele>765.6</ele>
      </trkpt>
      <trkpt lat="49.26286" lon="22.5579">
        <ele>763.8</ele>
      </trkpt>
      <trkpt lat="49.26288" lon="22.55817">
        <ele>762.8</ele>
      </trkpt>
      <trkpt lat="49.26295" lon="22.5586">
        <ele>761.7</ele>
      </trkpt>
      <trkpt lat="49.26318" lon="22.55951">
        <ele>758.9</ele>
      </trkpt>
      <trkpt lat="49.2633" lon="22.56034">
        <ele>756.5</ele>
      </trkpt>
      <trkpt lat="49.26338" lon="22.56062">
        <ele>755.6</ele>
      </trkpt>
      <trkpt lat="49.26346" lon="22.56079">
        <ele>755.3</ele>
      </trkpt>
      <trkpt lat="49.26349" lon="22.56098">
        <ele>754.9</ele>
      </trkpt>
      <trkpt lat="49.26357" lon="22.56116">
        <ele>753.8</ele>
      </trkpt>
      <trkpt lat="49.26367" lon="22.56118">
        <ele>753.2</ele>
      </trkpt>
      <trkpt lat="49.2638" lon="22.56116">
        <ele>751.7</ele>
      </trkpt>
      <trkpt lat="49.26389" lon="22.56109">
        <ele>751.0</ele>
      </trkpt>
      <trkpt lat="49.26394" lon="22.56101">
        <ele>750.4</ele>
      </trkpt>
      <trkpt lat="49.26406" lon="22.56073">
        <ele>748.9</ele>
      </trkpt>
      <trkpt lat="49.26416" lon="22.5606">
        <ele>748.9</ele>
      </trkpt>
      <trkpt lat="49.26464" lon="22.55976">
        <ele>739.8</ele>
      </trkpt>
      <trkpt lat="49.2648" lon="22.55965">
        <ele>738.7</ele>
      </trkpt>
      <trkpt lat="49.26536" lon="22.55939">
        <ele>731.3</ele>
      </trkpt>
      <trkpt lat="49.26567" lon="22.55935">
        <ele>726.9</ele>
      </trkpt>
      <trkpt lat="49.2658" lon="22.5593">
        <ele>726.9</ele>
      </trkpt>
      <trkpt lat="49.26599" lon="22.55916">
        <ele>722.3</ele>
      </trkpt>
      <trkpt lat="49.26618" lon="22.5591">
        <ele>722.3</ele>
      </trkpt>
      <trkpt lat="49.26651" lon="22.55908">
        <ele>713.8</ele>
      </trkpt>
      <trkpt lat="49.26674" lon="22.55903">
        <ele>712.7</ele>
      </trkpt>
      <trkpt lat="49.26692" lon="22.55894">
        <ele>709.5</ele>
      </trkpt>
      <trkpt lat="49.26703" lon="22.55885">
        <ele>709.5</ele>
      </trkpt>
      <trkpt lat="49.26724" lon="22.55861">
        <ele>705.8</ele>
      </trkpt>
      <trkpt lat="49.26739" lon="22.55848">
        <ele>703.5</ele>
      </trkpt>
      <trkpt lat="49.26807" lon="22.55844">
        <ele>696.2</ele>
      </trkpt>
      <trkpt lat="49.26848" lon="22.55833">
        <ele>691.5</ele>
      </trkpt>
      <trkpt lat="49.26908" lon="22.55805">
        <ele>685.9</ele>
      </trkpt>
      <trkpt lat="49.2696" lon="22.558">
        <ele>679.2</ele>
      </trkpt>
      <trkpt lat="49.26998" lon="22.5579">
        <ele>673.4</ele>
      </trkpt>
      <trkpt lat="49.27032" lon="22.5579">
        <ele>672.5</ele>
      </trkpt>
      <trkpt lat="49.27047" lon="22.55787">
        <ele>672.5</ele>
      </trkpt>
      <trkpt lat="49.27068" lon="22.55772">
        <ele>665.4</ele>
      </trkpt>
      <trkpt lat="49.27076" lon="22.5577">
        <ele>665.4</ele>
      </trkpt>
      <trkpt lat="49.27086" lon="22.55775">
        <ele>665.4</ele>
      </trkpt>
      <trkpt lat="49.27096" lon="22.55822">
        <ele>663.6</ele>
      </trkpt>
      <trkpt lat="49.27094" lon="22.55838">
        <ele>662.4</ele>
      </trkpt>
      <trkpt lat="49.27085" lon="22.55851">
        <ele>662.4</ele>
      </trkpt>
      <trkpt lat="49.2704" lon="22.55882">
        <ele>658.0</ele>
      </trkpt>
      <trkpt lat="49.27006" lon="22.5592">
        <ele>655.5</ele>
      </trkpt>
      <trkpt lat="49.26991" lon="22.5594">
        <ele>654.8</ele>
      </trkpt>
      <trkpt lat="49.26965" lon="22.55983">
        <ele>652.4</ele>
      </trkpt>
      <trkpt lat="49.26954" lon="22.56009">
        <ele>651.3</ele>
      </trkpt>
      <trkpt lat="49.26955" lon="22.56032">
        <ele>649.8</ele>
      </trkpt>
      <trkpt lat="49.26971" lon="22.56084">
        <ele>646.9</ele>
      </trkpt>
      <trkpt lat="49.26982" lon="22.5615">
        <ele>644.2</ele>
      </trkpt>
      <trkpt lat="49.26986" lon="22.56196">
        <ele>642.9</ele>
      </trkpt>
      <trkpt lat="49.26985" lon="22.56211">
        <ele>642.9</ele>
      </trkpt>
      <trkpt lat="49.2699" lon="22.56234">
        <ele>644.0</ele>
      </trkpt>
      <trkpt lat="49.27001" lon="22.56335">
        <ele>650.9</ele>
      </trkpt>
      <trkpt lat="49.26996" lon="22.56369">
        <ele>651.8</ele>
      </trkpt>
      <trkpt lat="49.26982" lon="22.56419">
        <ele>651.1</ele>
      </trkpt>
      <trkpt lat="49.26979" lon="22.56445">
        <ele>650.0</ele>
      </trkpt>
      <trkpt lat="49.26986" lon="22.565335">
        <ele>639.5</ele>
      </trkpt>
      <trkpt lat="49.26993" lon="22.56622">
        <ele>634.1</ele>
      </trkpt>
      <trkpt lat="49.26999" lon="22.56644">
        <ele>631.6</ele>
      </trkpt>
      <trkpt lat="49.27011" lon="22.56675">
        <ele>629.2</ele>
      </trkpt>
      <trkpt lat="49.27051" lon="22.567415">
        <ele>621.1</ele>
      </trkpt>
      <trkpt lat="49.27091" lon="22.56808">
        <ele>617.0</ele>
      </trkpt>
      <trkpt lat="49.271513" lon="22.56872">
        <ele>611.8</ele>
      </trkpt>
      <trkpt lat="49.272117" lon="22.56936">
        <ele>608.6</ele>
      </trkpt>
      <trkpt lat="49.27272" lon="22.57">
        <ele>605.8</ele>
      </trkpt>
      <trkpt lat="49.27285" lon="22.57016">
        <ele>605.7</ele>
      </trkpt>
      <trkpt lat="49.27315" lon="22.57066">
        <ele>604.7</ele>
      </trkpt>
      <trkpt lat="49.27322" lon="22.57056">
        <ele>604.5</ele>
      </trkpt>
      <trkpt lat="49.27327" lon="22.57029">
        <ele>603.0</ele>
      </trkpt>
      <trkpt lat="49.27326" lon="22.56985">
        <ele>600.8</ele>
      </trkpt>
      <trkpt lat="49.27315" lon="22.56959">
        <ele>597.9</ele>
      </trkpt>
      <trkpt lat="49.2728" lon="22.5689">
        <ele>591.3</ele>
      </trkpt>
      <trkpt lat="49.27273" lon="22.56862">
        <ele>590.1</ele>
      </trkpt>
      <trkpt lat="49.272645" lon="22.56791">
        <ele>584.9</ele>
      </trkpt>
      <trkpt lat="49.27256" lon="22.5672">
        <ele>581.9</ele>
      </trkpt>
      <trkpt lat="49.27248" lon="22.56679">
        <ele>579.3</ele>
      </trkpt>
      <trkpt lat="49.27217" lon="22.56603">
        <ele>573.6</ele>
      </trkpt>
      <trkpt lat="49.27215" lon="22.56581">
        <ele>573.5</ele>
      </trkpt>
      <trkpt lat="49.27223" lon="22.56552">
        <ele>574.2</ele>
      </trkpt>
      <trkpt lat="49.272795" lon="22.565015">
        <ele>578.3</ele>
      </trkpt>
      <trkpt lat="49.27336" lon="22.56451">
        <ele>578.9</ele>
      </trkpt>
      <trkpt lat="49.27344" lon="22.5642">
        <ele>578.5</ele>
      </trkpt>
      <trkpt lat="49.27325" lon="22.56366">
        <ele>576.0</ele>
      </trkpt>
      <trkpt lat="49.27315" lon="22.56328">
        <ele>573.4</ele>
      </trkpt>
      <trkpt lat="49.27321" lon="22.56305">
        <ele>569.8</ele>
      </trkpt>
      <trkpt lat="49.27355" lon="22.562505">
        <ele>563.8</ele>
      </trkpt>
      <trkpt lat="49.27389" lon="22.56196">
        <ele>564.4</ele>
      </trkpt>
      <trkpt lat="49.27428" lon="22.56168">
        <ele>569.6</ele>
      </trkpt>
      <trkpt lat="49.27453" lon="22.56138">
        <ele>572.3</ele>
      </trkpt>
      <trkpt lat="49.27464" lon="22.56107">
        <ele>575.7</ele>
      </trkpt>
      <trkpt lat="49.27463" lon="22.56078">
        <ele>577.1</ele>
      </trkpt>
      <trkpt lat="49.27431" lon="22.56025">
        <ele>579.2</ele>
      </trkpt>
      <trkpt lat="49.27399" lon="22.55972">
        <ele>579.9</ele>
      </trkpt>
      <trkpt lat="49.27372" lon="22.55886">
        <ele>577.7</ele>
      </trkpt>
      <trkpt lat="49.27373" lon="22.55801">
        <ele>575.7</ele>
      </trkpt>
      <trkpt lat="49.27377" lon="22.55751">
        <ele>575.6</ele>
      </trkpt>
      <trkpt lat="49.274005" lon="22.55678">
        <ele>575.7</ele>
      </trkpt>
      <trkpt lat="49.27424" lon="22.55605">
        <ele>579.6</ele>
      </trkpt>
      <trkpt lat="49.27455" lon="22.55593">
        <ele>583.7</ele>
      </trkpt>
      <trkpt lat="49.27487" lon="22.55594">
        <ele>585.9</ele>
      </trkpt>
      <trkpt lat="49.27514" lon="22.55567">
        <ele>589.3</ele>
      </trkpt>
      <trkpt lat="49.27531" lon="22.55535">
        <ele>590.8</ele>
      </trkpt>
      <trkpt lat="49.27532" lon="22.55512">
        <ele>591.0</ele>
      </trkpt>
      <trkpt lat="49.27515" lon="22.55452">
        <ele>589.7</ele>
      </trkpt>
      <trkpt lat="49.27492" lon="22.55387">
        <ele>585.9</ele>
      </trkpt>
      <trkpt lat="49.27492" lon="22.55342">
        <ele>584.4</ele>
      </trkpt>
      <trkpt lat="49.27519" lon="22.55276">
        <ele>583.7</ele>
      </trkpt>
      <trkpt lat="49.27543" lon="22.55231">
        <ele>587.2</ele>
      </trkpt>
      <trkpt lat="49.275865" lon="22.552085">
        <ele>589.8</ele>
      </trkpt>
      <trkpt lat="49.2763" lon="22.55186">
        <ele>591.9</ele>
      </trkpt>
      <trkpt lat="49.27647" lon="22.55144">
        <ele>592.4</ele>
      </trkpt>
      <trkpt lat="49.27647" lon="22.55103">
        <ele>592.3</ele>
      </trkpt>
      <trkpt lat="49.27611" lon="22.55006">
        <ele>588.9</ele>
      </trkpt>
      <trkpt lat="49.2757" lon="22.54939">
        <ele>585.8</ele>
      </trkpt>
      <trkpt lat="49.27566" lon="22.54907">
        <ele>585.9</ele>
      </trkpt>
      <trkpt lat="49.27577" lon="22.54868">
        <ele>585.3</ele>
      </trkpt>
      <trkpt lat="49.27602" lon="22.54828">
        <ele>583.2</ele>
      </trkpt>
      <trkpt lat="49.27608" lon="22.54771">
        <ele>579.9</ele>
      </trkpt>
      <trkpt lat="49.27592" lon="22.54722">
        <ele>579.0</ele>
      </trkpt>
      <trkpt lat="49.27578" lon="22.54661">
        <ele>577.7</ele>
      </trkpt>
      <trkpt lat="49.27587" lon="22.54589">
        <ele>574.0</ele>
      </trkpt>
      <trkpt lat="49.276" lon="22.54529">
        <ele>572.8</ele>
      </trkpt>
      <trkpt lat="49.27659" lon="22.5449">
        <ele>573.8</ele>
      </trkpt>
      <trkpt lat="49.27727" lon="22.54497">
        <ele>576.5</ele>
      </trkpt>
      <trkpt lat="49.277725" lon="22.545065">
        <ele>578.4</ele>
      </trkpt>
      <trkpt lat="49.27818" lon="22.54516">
        <ele>581.3</ele>
      </trkpt>
      <trkpt lat="49.2784" lon="22.54505">
        <ele>582.4</ele>
      </trkpt>
      <trkpt lat="49.27857" lon="22.54476">
        <ele>585.7</ele>
      </trkpt>
      <trkpt lat="49.27868" lon="22.54422">
        <ele>589.0</ele>
      </trkpt>
      <trkpt lat="49.2787" lon="22.54383">
        <ele>590.4</ele>
      </trkpt>
      <trkpt lat="49.27867" lon="22.54358">
        <ele>591.1</ele>
      </trkpt>
      <trkpt lat="49.2786" lon="22.5433">
        <ele>591.6</ele>
      </trkpt>
      <trkpt lat="49.27837" lon="22.54265">
        <ele>594.4</ele>
      </trkpt>
      <trkpt lat="49.27832" lon="22.54242">
        <ele>595.3</ele>
      </trkpt>
      <trkpt lat="49.27821" lon="22.54169">
        <ele>600.1</ele>
      </trkpt>
      <trkpt lat="49.27811" lon="22.5414">
        <ele>601.2</ele>
      </trkpt>
      <trkpt lat="49.27772" lon="22.54109">
        <ele>600.2</ele>
      </trkpt>
      <trkpt lat="49.27765" lon="22.54075">
        <ele>598.7</ele>
      </trkpt>
      <trkpt lat="49.27773" lon="22.540035">
        <ele>598.3</ele>
      </trkpt>
      <trkpt lat="49.27781" lon="22.53932">
        <ele>598.7</ele>
      </trkpt>
      <trkpt lat="49.27805" lon="22.53802">
        <ele>599.0</ele>
      </trkpt>
      <trkpt lat="49.27829" lon="22.53672">
        <ele>594.6</ele>
      </trkpt>
      <trkpt lat="49.27855" lon="22.53641">
        <ele>595.0</ele>
      </trkpt>
      <trkpt lat="49.27913" lon="22.53604">
        <ele>596.7</ele>
      </trkpt>
      <trkpt lat="49.27937" lon="22.53561">
        <ele>601.3</ele>
      </trkpt>
      <trkpt lat="49.27943" lon="22.53538">
        <ele>602.4</ele>
      </trkpt>
      <trkpt lat="49.27945" lon="22.53484">
        <ele>606.4</ele>
      </trkpt>
      <trkpt lat="49.27942" lon="22.53447">
        <ele>608.7</ele>
      </trkpt>
      <trkpt lat="49.27937" lon="22.53418">
        <ele>610.3</ele>
      </trkpt>
      <trkpt lat="49.27931" lon="22.53397">
        <ele>611.7</ele>
      </trkpt>
      <trkpt lat="49.27887" lon="22.5331">
        <ele>616.4</ele>
      </trkpt>
      <trkpt lat="49.27843" lon="22.53223">
        <ele>613.9</ele>
      </trkpt>
      <trkpt lat="49.27799" lon="22.53136">
        <ele>616.4</ele>
      </trkpt>
      <trkpt lat="49.27798" lon="22.53103">
        <ele>617.4</ele>
      </trkpt>
      <trkpt lat="49.27802" lon="22.53075">
        <ele>619.7</ele>
      </trkpt>
      <trkpt lat="49.27821" lon="22.53021">
        <ele>620.5</ele>
      </trkpt>
      <trkpt lat="49.278535" lon="22.52963">
        <ele>616.9</ele>
      </trkpt>
      <trkpt lat="49.27886" lon="22.52905">
        <ele>616.1</ele>
      </trkpt>
      <trkpt lat="49.27892" lon="22.52899">
        <ele>616.7</ele>
      </trkpt>
      <trkpt lat="49.27902" lon="22.52897">
        <ele>617.3</ele>
      </trkpt>
      <trkpt lat="49.27923" lon="22.52905">
        <ele>617.9</ele>
      </trkpt>
      <trkpt lat="49.27988" lon="22.5292">
        <ele>619.5</ele>
      </trkpt>
      <trkpt lat="49.28016" lon="22.52921">
        <ele>622.0</ele>
      </trkpt>
      <trkpt lat="49.28035" lon="22.52913">
        <ele>625.2</ele>
      </trkpt>
      <trkpt lat="49.28057" lon="22.5289">
        <ele>626.7</ele>
      </trkpt>
      <trkpt lat="49.2807" lon="22.52865">
        <ele>629.4</ele>
      </trkpt>
      <trkpt lat="49.28078" lon="22.52821">
        <ele>633.4</ele>
      </trkpt>
      <trkpt lat="49.28078" lon="22.52772">
        <ele>635.9</ele>
      </trkpt>
      <trkpt lat="49.28088" lon="22.52642">
        <ele>641.7</ele>
      </trkpt>
      <trkpt lat="49.28083" lon="22.52608">
        <ele>641.5</ele>
      </trkpt>
      <trkpt lat="49.28076" lon="22.52585">
        <ele>641.1</ele>
      </trkpt>
      <trkpt lat="49.28066" lon="22.52493">
        <ele>638.7</ele>
      </trkpt>
      <trkpt lat="49.28066" lon="22.52409">
        <ele>642.1</ele>
      </trkpt>
      <trkpt lat="49.28072" lon="22.52297">
        <ele>638.7</ele>
      </trkpt>
      <trkpt lat="49.28097" lon="22.52245">
        <ele>638.8</ele>
      </trkpt>
      <trkpt lat="49.28131" lon="22.52204">
        <ele>640.0</ele>
      </trkpt>
      <trkpt lat="49.28158" lon="22.52176">
        <ele>640.0</ele>
      </trkpt>
      <trkpt lat="49.28178" lon="22.52149">
        <ele>639.4</ele>
      </trkpt>
      <trkpt lat="49.28207" lon="22.52078">
        <ele>636.1</ele>
      </trkpt>
      <trkpt lat="49.28217" lon="22.52043">
        <ele>633.7</ele>
      </trkpt>
      <trkpt lat="49.28219" lon="22.52023">
        <ele>633.1</ele>
      </trkpt>
      <trkpt lat="49.28215" lon="22.51934">
        <ele>627.9</ele>
      </trkpt>
      <trkpt lat="49.28225" lon="22.51882">
        <ele>623.2</ele>
      </trkpt>
      <trkpt lat="49.28226" lon="22.51862">
        <ele>622.8</ele>
      </trkpt>
      <trkpt lat="49.28224" lon="22.51847">
        <ele>623.0</ele>
      </trkpt>
      <trkpt lat="49.28204" lon="22.51759">
        <ele>625.9</ele>
      </trkpt>
      <trkpt lat="49.28177" lon="22.51663">
        <ele>622.2</ele>
      </trkpt>
      <trkpt lat="49.28177" lon="22.51638">
        <ele>619.9</ele>
      </trkpt>
      <trkpt lat="49.28182" lon="22.51622">
        <ele>619.1</ele>
      </trkpt>
      <trkpt lat="49.28189" lon="22.51619">
        <ele>619.1</ele>
      </trkpt>
      <trkpt lat="49.28223" lon="22.5162">
        <ele>616.1</ele>
      </trkpt>
      <trkpt lat="49.28246" lon="22.51611">
        <ele>615.3</ele>
      </trkpt>
      <trkpt lat="49.28283" lon="22.51621">
        <ele>614.6</ele>
      </trkpt>
      <trkpt lat="49.28303" lon="22.51617">
        <ele>615.4</ele>
      </trkpt>
      <trkpt lat="49.283475" lon="22.51597">
        <ele>618.4</ele>
      </trkpt>
      <trkpt lat="49.28392" lon="22.51577">
        <ele>618.2</ele>
      </trkpt>
      <trkpt lat="49.28402" lon="22.5157">
        <ele>617.4</ele>
      </trkpt>
      <trkpt lat="49.28451" lon="22.51513">
        <ele>610.6</ele>
      </trkpt>
      <trkpt lat="49.285" lon="22.51456">
        <ele>603.5</ele>
      </trkpt>
      <trkpt lat="49.28541" lon="22.51421">
        <ele>598.0</ele>
      </trkpt>
      <trkpt lat="49.28582" lon="22.51386">
        <ele>592.6</ele>
      </trkpt>
      <trkpt lat="49.2859" lon="22.51358">
        <ele>590.1</ele>
      </trkpt>
      <trkpt lat="49.2858" lon="22.51252">
        <ele>586.4</ele>
      </trkpt>
      <trkpt lat="49.28581" lon="22.51164">
        <ele>583.7</ele>
      </trkpt>
      <trkpt lat="49.28575" lon="22.5108">
        <ele>582.1</ele>
      </trkpt>
      <trkpt lat="49.28562" lon="22.5097">
        <ele>581.0</ele>
      </trkpt>
      <trkpt lat="49.28559" lon="22.50911">
        <ele>579.1</ele>
      </trkpt>
      <trkpt lat="49.28561" lon="22.50895">
        <ele>578.8</ele>
      </trkpt>
      <trkpt lat="49.28574" lon="22.50867">
        <ele>578.4</ele>
      </trkpt>
      <trkpt lat="49.28588" lon="22.50854">
        <ele>578.4</ele>
      </trkpt>
      <trkpt lat="49.28605" lon="22.5085">
        <ele>578.0</ele>
      </trkpt>
      <trkpt lat="49.28629" lon="22.50853">
        <ele>576.9</ele>
      </trkpt>
      <trkpt lat="49.28673" lon="22.50864">
        <ele>574.8</ele>
      </trkpt>
      <trkpt lat="49.28748" lon="22.50858">
        <ele>572.0</ele>
      </trkpt>
      <trkpt lat="49.28807" lon="22.50887">
        <ele>571.9</ele>
      </trkpt>
      <trkpt lat="49.28856" lon="22.50926">
        <ele>570.5</ele>
      </trkpt>
      <trkpt lat="49.28905" lon="22.50965">
        <ele>568.1</ele>
      </trkpt>
      <trkpt lat="49.28928" lon="22.50979">
        <ele>567.3</ele>
      </trkpt>
      <trkpt lat="49.28981" lon="22.51">
        <ele>565.0</ele>
      </trkpt>
      <trkpt lat="49.29053" lon="22.51036">
        <ele>562.2</ele>
      </trkpt>
      <trkpt lat="49.29106" lon="22.51057">
        <ele>562.0</ele>
      </trkpt>
      <trkpt lat="49.291645" lon="22.510845">
        <ele>557.0</ele>
      </trkpt>
      <trkpt lat="49.29223" lon="22.51112">
        <ele>552.1</ele>
      </trkpt>
      <trkpt lat="49.29238" lon="22.51117">
        <ele>551.4</ele>
      </trkpt>
      <trkpt lat="49.29254" lon="22.51117">
        <ele>550.2</ele>
      </trkpt>
      <trkpt lat="49.29261" lon="22.51166">
        <ele>551.0</ele>
      </trkpt>
      <trkpt lat="49.29273" lon="22.51209">
        <ele>552.5</ele>
      </trkpt>
      <trkpt lat="49.2928" lon="22.51225">
        <ele>553.3</ele>
      </trkpt>
      <trkpt lat="49.29301" lon="22.5126">
        <ele>553.8</ele>
      </trkpt>
      <trkpt lat="49.293613" lon="22.513315">
        <ele>554.0</ele>
      </trkpt>
      <trkpt lat="49.294215" lon="22.51403">
        <ele>550.6</ele>
      </trkpt>
      <trkpt lat="49.294818" lon="22.514745">
        <ele>543.8</ele>
      </trkpt>
      <trkpt lat="49.29542" lon="22.51546">
        <ele>538.0</ele>
      </trkpt>
      <trkpt lat="49.29559" lon="22.51563">
        <ele>534.9</ele>
      </trkpt>
      <trkpt lat="49.29585" lon="22.51583">
        <ele>532.1</ele>
      </trkpt>
      <trkpt lat="49.29608" lon="22.51593">
        <ele>529.0</ele>
      </trkpt>
      <trkpt lat="49.29627" lon="22.51598">
        <ele>527.7</ele>
      </trkpt>
      <trkpt lat="49.29689" lon="22.516055">
        <ele>520.6</ele>
      </trkpt>
      <trkpt lat="49.29751" lon="22.51613">
        <ele>516.1</ele>
      </trkpt>
      <trkpt lat="49.29797" lon="22.51623">
        <ele>512.6</ele>
      </trkpt>
      <trkpt lat="49.29818" lon="22.51632">
        <ele>511.2</ele>
      </trkpt>
      <trkpt lat="49.29867" lon="22.51664">
        <ele>509.0</ele>
      </trkpt>
      <trkpt lat="49.29893" lon="22.51688">
        <ele>507.7</ele>
      </trkpt>
      <trkpt lat="49.29916" lon="22.51716">
        <ele>505.4</ele>
      </trkpt>
      <trkpt lat="49.29937" lon="22.51746">
        <ele>504.6</ele>
      </trkpt>
      <trkpt lat="49.29964" lon="22.51799">
        <ele>500.6</ele>
      </trkpt>
      <trkpt lat="49.30004" lon="22.518877">
        <ele>496.6</ele>
      </trkpt>
      <trkpt lat="49.30044" lon="22.519765">
        <ele>490.7</ele>
      </trkpt>
      <trkpt lat="49.30084" lon="22.520652">
        <ele>486.1</ele>
      </trkpt>
      <trkpt lat="49.30124" lon="22.52154">
        <ele>482.2</ele>
      </trkpt>
      <trkpt lat="49.30127" lon="22.52177">
        <ele>482.2</ele>
      </trkpt>
      <trkpt lat="49.30126" lon="22.52199">
        <ele>478.9</ele>
      </trkpt>
      <trkpt lat="49.30121" lon="22.52216">
        <ele>478.9</ele>
      </trkpt>
      <trkpt lat="49.30113" lon="22.52233">
        <ele>477.7</ele>
      </trkpt>
      <trkpt lat="49.30102" lon="22.52243">
        <ele>477.2</ele>
      </trkpt>
      <trkpt lat="49.30088" lon="22.5225">
        <ele>476.5</ele>
      </trkpt>
      <trkpt lat="49.30075" lon="22.52248">
        <ele>475.6</ele>
      </trkpt>
      <trkpt lat="49.30063" lon="22.52241">
        <ele>475.6</ele>
      </trkpt>
      <trkpt lat="49.30054" lon="22.52231">
        <ele>475.1</ele>
      </trkpt>
      <trkpt lat="49.30011" lon="22.52162">
        <ele>473.4</ele>
      </trkpt>
      <trkpt lat="49.30001" lon="22.52154">
        <ele>472.6</ele>
      </trkpt>
      <trkpt lat="49.29994" lon="22.52153">
        <ele>472.6</ele>
      </trkpt>
      <trkpt lat="49.29983" lon="22.5216">
        <ele>472.6</ele>
      </trkpt>
      <trkpt lat="49.29977" lon="22.5217">
        <ele>471.9</ele>
      </trkpt>
      <trkpt lat="49.29975" lon="22.52182">
        <ele>471.9</ele>
      </trkpt>
      <trkpt lat="49.29977" lon="22.52199">
        <ele>471.3</ele>
      </trkpt>
      <trkpt lat="49.29981" lon="22.52209">
        <ele>470.7</ele>
      </trkpt>
      <trkpt lat="49.300325" lon="22.522755">
        <ele>468.2</ele>
      </trkpt>
      <trkpt lat="49.30084" lon="22.52342">
        <ele>460.4</ele>
      </trkpt>
      <trkpt lat="49.30103" lon="22.52361">
        <ele>460.4</ele>
      </trkpt>
      <trkpt lat="49.30123" lon="22.52377">
        <ele>458.7</ele>
      </trkpt>
      <trkpt lat="49.30141" lon="22.52384">
        <ele>456.8</ele>
      </trkpt>
      <trkpt lat="49.30164" lon="22.52388">
        <ele>453.5</ele>
      </trkpt>
      <trkpt lat="49.302243" lon="22.523827">
        <ele>447.6</ele>
      </trkpt>
      <trkpt lat="49.302847" lon="22.523773">
        <ele>443.7</ele>
      </trkpt>
      <trkpt lat="49.30345" lon="22.52372">
        <ele>443.3</ele>
      </trkpt>
      <trkpt lat="49.30394" lon="22.52359">
        <ele>441.8</ele>
      </trkpt>
      <trkpt lat="49.304608" lon="22.523308">
        <ele>439.9</ele>
      </trkpt>
      <trkpt lat="49.305275" lon="22.523025">
        <ele>439.2</ele>
      </trkpt>
      <trkpt lat="49.305943" lon="22.522743">
        <ele>439.1</ele>
      </trkpt>
      <trkpt lat="49.30661" lon="22.52246">
        <ele>438.7</ele>
      </trkpt>
      <trkpt lat="49.30698" lon="22.52235">
        <ele>437.8</ele>
      </trkpt>
      <trkpt lat="49.30716" lon="22.52234">
        <ele>437.3</ele>
      </trkpt>
      <trkpt lat="49.30735" lon="22.52236">
        <ele>436.4</ele>
      </trkpt>
      <trkpt lat="49.30755" lon="22.52241">
        <ele>434.8</ele>
      </trkpt>
      <trkpt lat="49.30774" lon="22.52249">
        <ele>434.8</ele>
      </trkpt>
      <trkpt lat="49.30807" lon="22.52272">
        <ele>432.7</ele>
      </trkpt>
      <trkpt lat="49.30826" lon="22.52291">
        <ele>432.3</ele>
      </trkpt>
      <trkpt lat="49.30872" lon="22.52357">
        <ele>432.2</ele>
      </trkpt>
      <trkpt lat="49.309163" lon="22.52426">
        <ele>432.3</ele>
      </trkpt>
      <trkpt lat="49.309607" lon="22.52495">
        <ele>432.8</ele>
      </trkpt>
      <trkpt lat="49.31005" lon="22.52564">
        <ele>433.5</ele>
      </trkpt>
      <trkpt lat="49.31017" lon="22.52586">
        <ele>433.5</ele>
      </trkpt>
      <trkpt lat="49.31031" lon="22.52631">
        <ele>433.8</ele>
      </trkpt>
      <trkpt lat="49.31033" lon="22.52667">
        <ele>434.0</ele>
      </trkpt>
      <trkpt lat="49.31029" lon="22.52709">
        <ele>434.2</ele>
      </trkpt>
      <trkpt lat="49.31007" lon="22.52763">
        <ele>434.2</ele>
      </trkpt>
      <trkpt lat="49.309665" lon="22.52823">
        <ele>433.6</ele>
      </trkpt>
      <trkpt lat="49.30926" lon="22.52883">
        <ele>435.3</ele>
      </trkpt>
      <trkpt lat="49.30913" lon="22.52907">
        <ele>437.7</ele>
      </trkpt>
      <trkpt lat="49.30894" lon="22.52958">
        <ele>439.0</ele>
      </trkpt>
      <trkpt lat="49.30883" lon="22.53016">
        <ele>441.3</ele>
      </trkpt>
      <trkpt lat="49.3088" lon="22.5305">
        <ele>442.3</ele>
      </trkpt>
      <trkpt lat="49.30882" lon="22.53113">
        <ele>444.4</ele>
      </trkpt>
      <trkpt lat="49.30889" lon="22.532025">
        <ele>447.0</ele>
      </trkpt>
      <trkpt lat="49.30896" lon="22.53292">
        <ele>448.4</ele>
      </trkpt>
      <trkpt lat="49.309" lon="22.53321">
        <ele>448.6</ele>
      </trkpt>
      <trkpt lat="49.30913" lon="22.53363">
        <ele>449.1</ele>
      </trkpt>
      <trkpt lat="49.30921" lon="22.53382">
        <ele>449.1</ele>
      </trkpt>
      <trkpt lat="49.30938" lon="22.5341">
        <ele>449.0</ele>
      </trkpt>
      <trkpt lat="49.31009" lon="22.5349">
        <ele>448.2</ele>
      </trkpt>
      <trkpt lat="49.31017" lon="22.53505">
        <ele>448.0</ele>
      </trkpt>
      <trkpt lat="49.31024" lon="22.53524">
        <ele>447.7</ele>
      </trkpt>
      <trkpt lat="49.31029" lon="22.5355">
        <ele>447.5</ele>
      </trkpt>
      <trkpt lat="49.31029" lon="22.53573">
        <ele>446.8</ele>
      </trkpt>
      <trkpt lat="49.31029" lon="22.53575">
        <ele>446.8</ele>
      </trkpt>
      <trkpt lat="49.31027" lon="22.53593">
        <ele>446.5</ele>
      </trkpt>
      <trkpt lat="49.31022" lon="22.53611">
        <ele>445.7</ele>
      </trkpt>
      <trkpt lat="49.31015" lon="22.53627">
        <ele>445.7</ele>
      </trkpt>
      <trkpt lat="49.31007" lon="22.53639">
        <ele>445.2</ele>
      </trkpt>
      <trkpt lat="49.30994" lon="22.53651">
        <ele>444.2</ele>
      </trkpt>
      <trkpt lat="49.30982" lon="22.53659">
        <ele>444.2</ele>
      </trkpt>
      <trkpt lat="49.3096" lon="22.53665">
        <ele>443.0</ele>
      </trkpt>
      <trkpt lat="49.308737" lon="22.53677">
        <ele>440.8</ele>
      </trkpt>
      <trkpt lat="49.307873" lon="22.53689">
        <ele>439.4</ele>
      </trkpt>
      <trkpt lat="49.30701" lon="22.53701">
        <ele>438.9</ele>
      </trkpt>
      <trkpt lat="49.30671" lon="22.53719">
        <ele>438.7</ele>
      </trkpt>
      <trkpt lat="49.30642" lon="22.5375">
        <ele>437.8</ele>
      </trkpt>
      <trkpt lat="49.30626" lon="22.53776">
        <ele>437.4</ele>
      </trkpt>
      <trkpt lat="49.305805" lon="22.538598">
        <ele>433.2</ele>
      </trkpt>
      <trkpt lat="49.30535" lon="22.539435">
        <ele>428.8</ele>
      </trkpt>
      <trkpt lat="49.304895" lon="22.540273">
        <ele>426.8</ele>
      </trkpt>
      <trkpt lat="49.30444" lon="22.54111">
        <ele>425.7</ele>
      </trkpt>
      <trkpt lat="49.30432" lon="22.54142">
        <ele>425.7</ele>
      </trkpt>
      <trkpt lat="49.30427" lon="22.54168">
        <ele>426.0</ele>
      </trkpt>
      <trkpt lat="49.30425" lon="22.5421">
        <ele>426.0</ele>
      </trkpt>
      <trkpt lat="49.30427" lon="22.54232">
        <ele>426.1</ele>
      </trkpt>
      <trkpt lat="49.304485" lon="22.543065">
        <ele>426.3</ele>
      </trkpt>
      <trkpt lat="49.3047" lon="22.54381">
        <ele>427.7</ele>
      </trkpt>
      <trkpt lat="49.30481" lon="22.54436">
        <ele>429.5</ele>
      </trkpt>
      <trkpt lat="49.30487" lon="22.54489">
        <ele>430.8</ele>
      </trkpt>
      <trkpt lat="49.30486" lon="22.54536">
        <ele>431.2</ele>
      </trkpt>
      <trkpt lat="49.30478" lon="22.54591">
        <ele>431.3</ele>
      </trkpt>
      <trkpt lat="49.30458" lon="22.54639">
        <ele>431.5</ele>
      </trkpt>
      <trkpt lat="49.303995" lon="22.54712">
        <ele>431.9</ele>
      </trkpt>
      <trkpt lat="49.30341" lon="22.54785">
        <ele>432.2</ele>
      </trkpt>
      <trkpt lat="49.30327" lon="22.54808">
        <ele>432.5</ele>
      </trkpt>
      <trkpt lat="49.30312" lon="22.5484">
        <ele>432.7</ele>
      </trkpt>
      <trkpt lat="49.30299" lon="22.54874">
        <ele>432.7</ele>
      </trkpt>
      <trkpt lat="49.302735" lon="22.549535">
        <ele>432.8</ele>
      </trkpt>
      <trkpt lat="49.30248" lon="22.55033">
        <ele>432.6</ele>
      </trkpt>
      <trkpt lat="49.30228" lon="22.55082">
        <ele>432.6</ele>
      </trkpt>
      <trkpt lat="49.301853" lon="22.551607">
        <ele>432.7</ele>
      </trkpt>
      <trkpt lat="49.301427" lon="22.552393">
        <ele>433.1</ele>
      </trkpt>
      <trkpt lat="49.301" lon="22.55318">
        <ele>433.5</ele>
      </trkpt>
      <trkpt lat="49.30075" lon="22.55369">
        <ele>433.9</ele>
      </trkpt>
      <trkpt lat="49.30059" lon="22.55425">
        <ele>434.7</ele>
      </trkpt>
      <trkpt lat="49.300375" lon="22.555205">
        <ele>435.2</ele>
      </trkpt>
      <trkpt lat="49.30016" lon="22.55616">
        <ele>436.1</ele>
      </trkpt>
      <trkpt lat="49.30002" lon="22.55676">
        <ele>435.9</ele>
      </trkpt>
      <trkpt lat="49.29995" lon="22.55695">
        <ele>436.0</ele>
      </trkpt>
      <trkpt lat="49.29987" lon="22.55711">
        <ele>436.0</ele>
      </trkpt>
      <trkpt lat="49.29976" lon="22.55727">
        <ele>436.0</ele>
      </trkpt>
      <trkpt lat="49.29963" lon="22.5574">
        <ele>436.1</ele>
      </trkpt>
      <trkpt lat="49.29908" lon="22.55787">
        <ele>436.3</ele>
      </trkpt>
      <trkpt lat="49.29896" lon="22.558">
        <ele>436.3</ele>
      </trkpt>
      <trkpt lat="49.29887" lon="22.55816">
        <ele>436.8</ele>
      </trkpt>
      <trkpt lat="49.2988" lon="22.55836">
        <ele>436.8</ele>
      </trkpt>
      <trkpt lat="49.29876" lon="22.55857">
        <ele>436.8</ele>
      </trkpt>
      <trkpt lat="49.29875" lon="22.55878">
        <ele>437.2</ele>
      </trkpt>
      <trkpt lat="49.29877" lon="22.55899">
        <ele>437.3</ele>
      </trkpt>
      <trkpt lat="49.29885" lon="22.55926">
        <ele>437.7</ele>
      </trkpt>
      <trkpt lat="49.299" lon="22.55953">
        <ele>437.9</ele>
      </trkpt>
      <trkpt lat="49.29923" lon="22.55972">
        <ele>438.1</ele>
      </trkpt>
      <trkpt lat="49.29986" lon="22.56003">
        <ele>438.6</ele>
      </trkpt>
      <trkpt lat="49.30016" lon="22.56026">
        <ele>438.7</ele>
      </trkpt>
      <trkpt lat="49.300755" lon="22.5609">
        <ele>438.9</ele>
      </trkpt>
      <trkpt lat="49.30135" lon="22.56154">
        <ele>439.7</ele>
      </trkpt>
      <trkpt lat="49.30184" lon="22.56197">
        <ele>440.4</ele>
      </trkpt>
      <trkpt lat="49.30196" lon="22.56214">
        <ele>440.5</ele>
      </trkpt>
      <trkpt lat="49.30213" lon="22.56251">
        <ele>440.6</ele>
      </trkpt>
      <trkpt lat="49.30218" lon="22.56276">
        <ele>440.6</ele>
      </trkpt>
      <trkpt lat="49.3022" lon="22.56309">
        <ele>440.7</ele>
      </trkpt>
      <trkpt lat="49.30219" lon="22.56325">
        <ele>440.9</ele>
      </trkpt>
      <trkpt lat="49.302045" lon="22.564015">
        <ele>441.1</ele>
      </trkpt>
      <trkpt lat="49.3019" lon="22.56478">
        <ele>441.6</ele>
      </trkpt>
      <trkpt lat="49.30117" lon="22.56441">
        <ele>442.8</ele>
      </trkpt>
      <trkpt lat="49.30103" lon="22.56443">
        <ele>443.6</ele>
      </trkpt>
      <trkpt lat="49.30093" lon="22.56457">
        <ele>444.0</ele>
      </trkpt>
      <trkpt lat="49.30084" lon="22.5649">
        <ele>445.1</ele>
      </trkpt>
      <trkpt lat="49.30073" lon="22.56544">
        <ele>447.0</ele>
      </trkpt>
      <trkpt lat="49.30062" lon="22.56578">
        <ele>448.9</ele>
      </trkpt>
      <trkpt lat="49.30053" lon="22.56593">
        <ele>449.8</ele>
      </trkpt>
      <trkpt lat="49.30034" lon="22.56608">
        <ele>452.2</ele>
      </trkpt>
      <trkpt lat="49.299835" lon="22.566405">
        <ele>458.8</ele>
      </trkpt>
      <trkpt lat="49.29933" lon="22.56673">
        <ele>461.6</ele>
      </trkpt>
      <trkpt lat="49.29887" lon="22.56709">
        <ele>464.1</ele>
      </trkpt>
      <trkpt lat="49.29862" lon="22.56721">
        <ele>465.4</ele>
      </trkpt>
      <trkpt lat="49.29852" lon="22.56723">
        <ele>465.4</ele>
      </trkpt>
      <trkpt lat="49.29829" lon="22.5672">
        <ele>466.9</ele>
      </trkpt>
      <trkpt lat="49.2981" lon="22.56713">
        <ele>467.8</ele>
      </trkpt>
      <trkpt lat="49.297555" lon="22.566835">
        <ele>469.9</ele>
      </trkpt>
      <trkpt lat="49.29701" lon="22.56654">
        <ele>473.8</ele>
      </trkpt>
      <trkpt lat="49.29685" lon="22.56642">
        <ele>473.8</ele>
      </trkpt>
      <trkpt lat="49.29675" lon="22.5663">
        <ele>476.7</ele>
      </trkpt>
      <trkpt lat="49.29657" lon="22.56602">
        <ele>478.2</ele>
      </trkpt>
      <trkpt lat="49.29614" lon="22.56507">
        <ele>486.8</ele>
      </trkpt>
      <trkpt lat="49.29608" lon="22.56498">
        <ele>488.0</ele>
      </trkpt>
      <trkpt lat="49.29601" lon="22.56491">
        <ele>488.0</ele>
      </trkpt>
      <trkpt lat="49.29592" lon="22.56488">
        <ele>489.8</ele>
      </trkpt>
      <trkpt lat="49.29582" lon="22.56489">
        <ele>491.8</ele>
      </trkpt>
      <trkpt lat="49.29572" lon="22.56496">
        <ele>491.8</ele>
      </trkpt>
      <trkpt lat="49.29563" lon="22.56507">
        <ele>496.8</ele>
      </trkpt>
      <trkpt lat="49.29552" lon="22.5653">
        <ele>498.8</ele>
      </trkpt>
      <trkpt lat="49.29552" lon="22.56556">
        <ele>500.7</ele>
      </trkpt>
      <trkpt lat="49.29569" lon="22.56619">
        <ele>505.8</ele>
      </trkpt>
      <trkpt lat="49.29571" lon="22.56635">
        <ele>507.9</ele>
      </trkpt>
      <trkpt lat="49.29571" lon="22.56652">
        <ele>509.3</ele>
      </trkpt>
      <trkpt lat="49.29563" lon="22.56671">
        <ele>512.3</ele>
      </trkpt>
      <trkpt lat="49.29554" lon="22.56681">
        <ele>514.4</ele>
      </trkpt>
      <trkpt lat="49.29507" lon="22.56705">
        <ele>518.9</ele>
      </trkpt>
      <trkpt lat="49.29488" lon="22.5672">
        <ele>520.6</ele>
      </trkpt>
      <trkpt lat="49.29438" lon="22.56766">
        <ele>522.8</ele>
      </trkpt>
      <trkpt lat="49.29427" lon="22.56773">
        <ele>523.1</ele>
      </trkpt>
      <trkpt lat="49.29411" lon="22.56778">
        <ele>524.3</ele>
      </trkpt>
      <trkpt lat="49.2939" lon="22.56779">
        <ele>525.7</ele>
      </trkpt>
      <trkpt lat="49.29315" lon="22.56776">
        <ele>534.7</ele>
      </trkpt>
      <trkpt lat="49.2924" lon="22.56773">
        <ele>543.3</ele>
      </trkpt>
      <trkpt lat="49.29197" lon="22.56758">
        <ele>548.0</ele>
      </trkpt>
      <trkpt lat="49.29125" lon="22.56727">
        <ele>556.3</ele>
      </trkpt>
      <trkpt lat="49.29053" lon="22.56696">
        <ele>560.9</ele>
      </trkpt>
      <trkpt lat="49.28981" lon="22.56665">
        <ele>561.6</ele>
      </trkpt>
      <trkpt lat="49.28909" lon="22.56634">
        <ele>560.6</ele>
      </trkpt>
      <trkpt lat="49.2888" lon="22.56624">
        <ele>560.4</ele>
      </trkpt>
      <trkpt lat="49.28801" lon="22.56626">
        <ele>558.6</ele>
      </trkpt>
      <trkpt lat="49.28762" lon="22.56622">
        <ele>558.2</ele>
      </trkpt>
      <trkpt lat="49.28731" lon="22.56616">
        <ele>559.4</ele>
      </trkpt>
      <trkpt lat="49.28645" lon="22.56579">
        <ele>563.4</ele>
      </trkpt>
      <trkpt lat="49.28633" lon="22.56578">
        <ele>564.5</ele>
      </trkpt>
      <trkpt lat="49.28589" lon="22.56583">
        <ele>566.4</ele>
      </trkpt>
      <trkpt lat="49.2857" lon="22.56589">
        <ele>566.9</ele>
      </trkpt>
      <trkpt lat="49.28551" lon="22.56604">
        <ele>567.4</ele>
      </trkpt>
      <trkpt lat="49.2854" lon="22.56624">
        <ele>568.5</ele>
      </trkpt>
      <trkpt lat="49.28527" lon="22.56667">
        <ele>570.3</ele>
      </trkpt>
      <trkpt lat="49.28514" lon="22.56733">
        <ele>574.0</ele>
      </trkpt>
      <trkpt lat="49.28501" lon="22.56799">
        <ele>577.1</ele>
      </trkpt>
      <trkpt lat="49.28492" lon="22.56836">
        <ele>578.4</ele>
      </trkpt>
      <trkpt lat="49.28482" lon="22.56868">
        <ele>578.4</ele>
      </trkpt>
      <trkpt lat="49.28467" lon="22.56892">
        <ele>577.0</ele>
      </trkpt>
      <trkpt lat="49.28453" lon="22.56904">
        <ele>575.2</ele>
      </trkpt>
      <trkpt lat="49.28425" lon="22.56917">
        <ele>573.5</ele>
      </trkpt>
      <trkpt lat="49.283563" lon="22.569427">
        <ele>570.9</ele>
      </trkpt>
      <trkpt lat="49.282877" lon="22.569683">
        <ele>571.1</ele>
      </trkpt>
      <trkpt lat="49.28219" lon="22.56994">
        <ele>570.5</ele>
      </trkpt>
      <trkpt lat="49.28156" lon="22.57024">
        <ele>569.4</ele>
      </trkpt>
      <trkpt lat="49.28142" lon="22.57033">
        <ele>569.5</ele>
      </trkpt>
      <trkpt lat="49.28126" lon="22.57047">
        <ele>569.6</ele>
      </trkpt>
      <trkpt lat="49.28117" lon="22.57064">
        <ele>569.6</ele>
      </trkpt>
      <trkpt lat="49.28112" lon="22.57079">
        <ele>569.8</ele>
      </trkpt>
      <trkpt lat="49.28108" lon="22.57125">
        <ele>570.8</ele>
      </trkpt>
      <trkpt lat="49.28106" lon="22.57204">
        <ele>574.4</ele>
      </trkpt>
      <trkpt lat="49.28103" lon="22.57221">
        <ele>575.0</ele>
      </trkpt>
      <trkpt lat="49.28097" lon="22.57237">
        <ele>575.7</ele>
      </trkpt>
      <trkpt lat="49.28089" lon="22.5725">
        <ele>576.3</ele>
      </trkpt>
      <trkpt lat="49.28073" lon="22.57269">
        <ele>576.6</ele>
      </trkpt>
      <trkpt lat="49.28017" lon="22.57311">
        <ele>578.9</ele>
      </trkpt>
      <trkpt lat="49.2795" lon="22.57347">
        <ele>579.7</ele>
      </trkpt>
      <trkpt lat="49.27919" lon="22.57359">
        <ele>579.2</ele>
      </trkpt>
      <trkpt lat="49.27867" lon="22.57373">
        <ele>577.7</ele>
      </trkpt>
      <trkpt lat="49.278077" lon="22.57388">
        <ele>577.2</ele>
      </trkpt>
      <trkpt lat="49.277483" lon="22.57403">
        <ele>576.7</ele>
      </trkpt>
      <trkpt lat="49.27689" lon="22.57418">
        <ele>576.9</ele>
      </trkpt>
      <trkpt lat="49.27663" lon="22.57419">
        <ele>577.4</ele>
      </trkpt>
      <trkpt lat="49.27651" lon="22.57416">
        <ele>577.7</ele>
      </trkpt>
      <trkpt lat="49.27634" lon="22.57408">
        <ele>578.9</ele>
      </trkpt>
      <trkpt lat="49.27621" lon="22.57397">
        <ele>579.9</ele>
      </trkpt>
      <trkpt lat="49.27557" lon="22.57334">
        <ele>585.3</ele>
      </trkpt>
      <trkpt lat="49.27509" lon="22.57302">
        <ele>586.5</ele>
      </trkpt>
      <trkpt lat="49.27449" lon="22.57267">
        <ele>590.5</ele>
      </trkpt>
      <trkpt lat="49.27433" lon="22.57256">
        <ele>592.9</ele>
      </trkpt>
      <trkpt lat="49.27422" lon="22.57245">
        <ele>595.5</ele>
      </trkpt>
      <trkpt lat="49.27384" lon="22.57191">
        <ele>599.6</ele>
      </trkpt>
      <trkpt lat="49.27329" lon="22.57098">
        <ele>604.2</ele>
      </trkpt>
      <trkpt lat="49.27315" lon="22.57066">
        <ele>604.9</ele>
      </trkpt>
      <trkpt lat="49.27285" lon="22.57016">
        <ele>605.8</ele>
      </trkpt>
      <trkpt lat="49.27272" lon="22.57">
        <ele>606.1</ele>
      </trkpt>
      <trkpt lat="49.272117" lon="22.56936">
        <ele>608.6</ele>
      </trkpt>
      <trkpt lat="49.271513" lon="22.56872">
        <ele>613.2</ele>
      </trkpt>
      <trkpt lat="49.27091" lon="22.56808">
        <ele>617.9</ele>
      </trkpt>
      <trkpt lat="49.27051" lon="22.567415">
        <ele>626.3</ele>
      </trkpt>
      <trkpt lat="49.27011" lon="22.56675">
        <ele>629.3</ele>
      </trkpt>
      <trkpt lat="49.26966" lon="22.56693">
        <ele>626.1</ele>
      </trkpt>
      <trkpt lat="49.26954" lon="22.56704">
        <ele>625.2</ele>
      </trkpt>
      <trkpt lat="49.26942" lon="22.56727">
        <ele>622.8</ele>
      </trkpt>
      <trkpt lat="49.26935" lon="22.56754">
        <ele>621.7</ele>
      </trkpt>
      <trkpt lat="49.26932" lon="22.56809">
        <ele>622.6</ele>
      </trkpt>
      <trkpt lat="49.2695" lon="22.56898">
        <ele>623.4</ele>
      </trkpt>
      <trkpt lat="49.26959" lon="22.56963">
        <ele>621.8</ele>
      </trkpt>
      <trkpt lat="49.26957" lon="22.57032">
        <ele>621.4</ele>
      </trkpt>
      <trkpt lat="49.26959" lon="22.57084">
        <ele>622.3</ele>
      </trkpt>
      <trkpt lat="49.269815" lon="22.57196">
        <ele>625.4</ele>
      </trkpt>
      <trkpt lat="49.27004" lon="22.57308">
        <ele>624.8</ele>
      </trkpt>
      <trkpt lat="49.27007" lon="22.57345">
        <ele>623.4</ele>
      </trkpt>
      <trkpt lat="49.27001" lon="22.5745">
        <ele>617.3</ele>
      </trkpt>
      <trkpt lat="49.27004" lon="22.57488">
        <ele>614.6</ele>
      </trkpt>
      <trkpt lat="49.27017" lon="22.57534">
        <ele>611.0</ele>
      </trkpt>
      <trkpt lat="49.27039" lon="22.57578">
        <ele>611.8</ele>
      </trkpt>
      <trkpt lat="49.27091" lon="22.57632">
        <ele>616.0</ele>
      </trkpt>
      <trkpt lat="49.27105" lon="22.57662">
        <ele>616.8</ele>
      </trkpt>
      <trkpt lat="49.27107" lon="22.57695">
        <ele>616.8</ele>
      </trkpt>
      <trkpt lat="49.27091" lon="22.57743">
        <ele>615.6</ele>
      </trkpt>
      <trkpt lat="49.27051" lon="22.5784">
        <ele>617.6</ele>
      </trkpt>
      <trkpt lat="49.27023" lon="22.5789">
        <ele>620.2</ele>
      </trkpt>
      <trkpt lat="49.26954" lon="22.57949">
        <ele>621.6</ele>
      </trkpt>
      <trkpt lat="49.26885" lon="22.58008">
        <ele>625.0</ele>
      </trkpt>
      <trkpt lat="49.26844" lon="22.580645">
        <ele>628.1</ele>
      </trkpt>
      <trkpt lat="49.26803" lon="22.58121">
        <ele>627.5</ele>
      </trkpt>
      <trkpt lat="49.26785" lon="22.58154">
        <ele>627.0</ele>
      </trkpt>
      <trkpt lat="49.26777" lon="22.582">
        <ele>625.8</ele>
      </trkpt>
      <trkpt lat="49.26781" lon="22.58239">
        <ele>626.7</ele>
      </trkpt>
      <trkpt lat="49.268" lon="22.58266">
        <ele>629.2</ele>
      </trkpt>
      <trkpt lat="49.26855" lon="22.58313">
        <ele>634.1</ele>
      </trkpt>
      <trkpt lat="49.2688" lon="22.58351">
        <ele>636.6</ele>
      </trkpt>
      <trkpt lat="49.26884" lon="22.58393">
        <ele>637.1</ele>
      </trkpt>
      <trkpt lat="49.26877" lon="22.58421">
        <ele>637.1</ele>
      </trkpt>
      <trkpt lat="49.26836" lon="22.585185">
        <ele>641.0</ele>
      </trkpt>
      <trkpt lat="49.26795" lon="22.58616">
        <ele>644.4</ele>
      </trkpt>
      <trkpt lat="49.26774" lon="22.58647">
        <ele>644.7</ele>
      </trkpt>
      <trkpt lat="49.26745" lon="22.58654">
        <ele>644.4</ele>
      </trkpt>
      <trkpt lat="49.26671" lon="22.58621">
        <ele>644.6</ele>
      </trkpt>
      <trkpt lat="49.26635" lon="22.58623">
        <ele>643.6</ele>
      </trkpt>
      <trkpt lat="49.2657" lon="22.58651">
        <ele>637.7</ele>
      </trkpt>
      <trkpt lat="49.26544" lon="22.58674">
        <ele>634.7</ele>
      </trkpt>
      <trkpt lat="49.26528" lon="22.58718">
        <ele>632.4</ele>
      </trkpt>
      <trkpt lat="49.26524" lon="22.58741">
        <ele>632.3</ele>
      </trkpt>
      <trkpt lat="49.2653" lon="22.58762">
        <ele>632.8</ele>
      </trkpt>
      <trkpt lat="49.26542" lon="22.5879">
        <ele>633.7</ele>
      </trkpt>
      <trkpt lat="49.2656" lon="22.58815">
        <ele>634.5</ele>
      </trkpt>
      <trkpt lat="49.26584" lon="22.58861">
        <ele>637.5</ele>
      </trkpt>
      <trkpt lat="49.26591" lon="22.58908">
        <ele>637.9</ele>
      </trkpt>
      <trkpt lat="49.26598" lon="22.59041">
        <ele>637.4</ele>
      </trkpt>
      <trkpt lat="49.26618" lon="22.59128">
        <ele>636.2</ele>
      </trkpt>
      <trkpt lat="49.26632" lon="22.59241">
        <ele>634.7</ele>
      </trkpt>
      <trkpt lat="49.26638" lon="22.59317">
        <ele>631.4</ele>
      </trkpt>
      <trkpt lat="49.26632" lon="22.59344">
        <ele>630.6</ele>
      </trkpt>
      <trkpt lat="49.26617" lon="22.5937">
        <ele>628.0</ele>
      </trkpt>
      <trkpt lat="49.26583" lon="22.5939">
        <ele>625.8</ele>
      </trkpt>
      <trkpt lat="49.26569" lon="22.59394">
        <ele>624.8</ele>
      </trkpt>
      <trkpt lat="49.26552" lon="22.59388">
        <ele>623.2</ele>
      </trkpt>
      <trkpt lat="49.26501" lon="22.59343">
        <ele>617.1</ele>
      </trkpt>
      <trkpt lat="49.26482" lon="22.59336">
        <ele>615.8</ele>
      </trkpt>
      <trkpt lat="49.2646" lon="22.5935">
        <ele>615.5</ele>
      </trkpt>
      <trkpt lat="49.26445" lon="22.59387">
        <ele>616.9</ele>
      </trkpt>
      <trkpt lat="49.26442" lon="22.59437">
        <ele>619.3</ele>
      </trkpt>
      <trkpt lat="49.26445" lon="22.59511">
        <ele>623.5</ele>
      </trkpt>
      <trkpt lat="49.26441" lon="22.59536">
        <ele>623.5</ele>
      </trkpt>
      <trkpt lat="49.26421" lon="22.59558">
        <ele>626.3</ele>
      </trkpt>
      <trkpt lat="49.26397" lon="22.59558">
        <ele>627.5</ele>
      </trkpt>
      <trkpt lat="49.26364" lon="22.59537">
        <ele>627.4</ele>
      </trkpt>
      <trkpt lat="49.26344" lon="22.59533">
        <ele>626.3</ele>
      </trkpt>
      <trkpt lat="49.26324" lon="22.59544">
        <ele>625.9</ele>
      </trkpt>
      <trkpt lat="49.2631" lon="22.59567">
        <ele>626.2</ele>
      </trkpt>
      <trkpt lat="49.26314" lon="22.59603">
        <ele>626.3</ele>
      </trkpt>
      <trkpt lat="49.26322" lon="22.59633">
        <ele>626.5</ele>
      </trkpt>
      <trkpt lat="49.26339" lon="22.59659">
        <ele>627.1</ele>
      </trkpt>
      <trkpt lat="49.26409" lon="22.59734">
        <ele>628.3</ele>
      </trkpt>
      <trkpt lat="49.26449" lon="22.597675">
        <ele>629.4</ele>
      </trkpt>
      <trkpt lat="49.26489" lon="22.59801">
        <ele>630.5</ele>
      </trkpt>
      <trkpt lat="49.26508" lon="22.59846">
        <ele>628.6</ele>
      </trkpt>
      <trkpt lat="49.26524" lon="22.59907">
        <ele>627.0</ele>
      </trkpt>
      <trkpt lat="49.26539" lon="22.59927">
        <ele>626.1</ele>
      </trkpt>
      <trkpt lat="49.26571" lon="22.59959">
        <ele>625.0</ele>
      </trkpt>
      <trkpt lat="49.26594" lon="22.59989">
        <ele>623.7</ele>
      </trkpt>
      <trkpt lat="49.26607" lon="22.60031">
        <ele>622.3</ele>
      </trkpt>
      <trkpt lat="49.26619" lon="22.60091">
        <ele>621.4</ele>
      </trkpt>
      <trkpt lat="49.26622" lon="22.60125">
        <ele>621.1</ele>
      </trkpt>
      <trkpt lat="49.26615" lon="22.60154">
        <ele>621.0</ele>
      </trkpt>
      <trkpt lat="49.26612" lon="22.60159">
        <ele>620.7</ele>
      </trkpt>
      <trkpt lat="49.26585" lon="22.60192">
        <ele>620.1</ele>
      </trkpt>
      <trkpt lat="49.26549" lon="22.60225">
        <ele>618.5</ele>
      </trkpt>
      <trkpt lat="49.26531" lon="22.60227">
        <ele>617.8</ele>
      </trkpt>
      <trkpt lat="49.26513" lon="22.60218">
        <ele>616.5</ele>
      </trkpt>
      <trkpt lat="49.26481" lon="22.60169">
        <ele>612.6</ele>
      </trkpt>
      <trkpt lat="49.2646" lon="22.60142">
        <ele>611.4</ele>
      </trkpt>
      <trkpt lat="49.26426" lon="22.60131">
        <ele>609.4</ele>
      </trkpt>
      <trkpt lat="49.2641" lon="22.60138">
        <ele>609.1</ele>
      </trkpt>
      <trkpt lat="49.26387" lon="22.60185">
        <ele>611.1</ele>
      </trkpt>
      <trkpt lat="49.26367" lon="22.60237">
        <ele>615.8</ele>
      </trkpt>
      <trkpt lat="49.26361" lon="22.60271">
        <ele>617.0</ele>
      </trkpt>
      <trkpt lat="49.2637" lon="22.60324">
        <ele>618.2</ele>
      </trkpt>
      <trkpt lat="49.26383" lon="22.60369">
        <ele>619.2</ele>
      </trkpt>
      <trkpt lat="49.26404" lon="22.60424">
        <ele>622.7</ele>
      </trkpt>
      <trkpt lat="49.26405" lon="22.60447">
        <ele>623.6</ele>
      </trkpt>
      <trkpt lat="49.26398" lon="22.60464">
        <ele>624.4</ele>
      </trkpt>
      <trkpt lat="49.26352" lon="22.60496">
        <ele>626.5</ele>
      </trkpt>
      <trkpt lat="49.26326" lon="22.60501">
        <ele>626.9</ele>
      </trkpt>
      <trkpt lat="49.26304" lon="22.60491">
        <ele>626.9</ele>
      </trkpt>
      <trkpt lat="49.26276" lon="22.60472">
        <ele>626.8</ele>
      </trkpt>
      <trkpt lat="49.26236" lon="22.60492">
        <ele>629.8</ele>
      </trkpt>
      <trkpt lat="49.26209" lon="22.6051">
        <ele>631.3</ele>
      </trkpt>
      <trkpt lat="49.26198" lon="22.6054">
        <ele>632.3</ele>
      </trkpt>
      <trkpt lat="49.26202" lon="22.60568">
        <ele>633.9</ele>
      </trkpt>
      <trkpt lat="49.26238" lon="22.60654">
        <ele>636.9</ele>
      </trkpt>
      <trkpt lat="49.26247" lon="22.60685">
        <ele>637.3</ele>
      </trkpt>
      <trkpt lat="49.26243" lon="22.6072">
        <ele>638.2</ele>
      </trkpt>
      <trkpt lat="49.26229" lon="22.60742">
        <ele>638.3</ele>
      </trkpt>
      <trkpt lat="49.26211" lon="22.60746">
        <ele>638.2</ele>
      </trkpt>
      <trkpt lat="49.261585" lon="22.607215">
        <ele>638.7</ele>
      </trkpt>
      <trkpt lat="49.26106" lon="22.60697">
        <ele>639.4</ele>
      </trkpt>
      <trkpt lat="49.26068" lon="22.60666">
        <ele>638.4</ele>
      </trkpt>
      <trkpt lat="49.26043" lon="22.60658">
        <ele>636.8</ele>
      </trkpt>
      <trkpt lat="49.26025" lon="22.60675">
        <ele>636.6</ele>
      </trkpt>
      <trkpt lat="49.26022" lon="22.60691">
        <ele>636.8</ele>
      </trkpt>
      <trkpt lat="49.26023" lon="22.6071">
        <ele>637.5</ele>
      </trkpt>
      <trkpt lat="49.260485" lon="22.608155">
        <ele>639.7</ele>
      </trkpt>
      <trkpt lat="49.26074" lon="22.60921">
        <ele>639.4</ele>
      </trkpt>
      <trkpt lat="49.261055" lon="22.609765">
        <ele>637.6</ele>
      </trkpt>
      <trkpt lat="49.26137" lon="22.61032">
        <ele>636.8</ele>
      </trkpt>
      <trkpt lat="49.26144" lon="22.61064">
        <ele>636.1</ele>
      </trkpt>
      <trkpt lat="49.26146" lon="22.611">
        <ele>634.5</ele>
      </trkpt>
      <trkpt lat="49.26134" lon="22.61127">
        <ele>633.2</ele>
      </trkpt>
      <trkpt lat="49.26071" lon="22.61168">
        <ele>625.9</ele>
      </trkpt>
      <trkpt lat="49.26053" lon="22.61191">
        <ele>623.2</ele>
      </trkpt>
      <trkpt lat="49.26045" lon="22.61241">
        <ele>622.8</ele>
      </trkpt>
      <trkpt lat="49.26045" lon="22.61285">
        <ele>624.2</ele>
      </trkpt>
      <trkpt lat="49.26058" lon="22.61346">
        <ele>625.5</ele>
      </trkpt>
      <trkpt lat="49.26061" lon="22.61382">
        <ele>625.8</ele>
      </trkpt>
      <trkpt lat="49.26058" lon="22.61468">
        <ele>627.8</ele>
      </trkpt>
      <trkpt lat="49.26048" lon="22.61513">
        <ele>629.6</ele>
      </trkpt>
      <trkpt lat="49.2604" lon="22.61579">
        <ele>633.2</ele>
      </trkpt>
      <trkpt lat="49.26046" lon="22.61651">
        <ele>636.3</ele>
      </trkpt>
      <trkpt lat="49.2604" lon="22.61707">
        <ele>638.2</ele>
      </trkpt>
      <trkpt lat="49.26027" lon="22.61747">
        <ele>641.7</ele>
      </trkpt>
      <trkpt lat="49.25988" lon="22.6178">
        <ele>643.8</ele>
      </trkpt>
      <trkpt lat="49.259235" lon="22.618015">
        <ele>642.7</ele>
      </trkpt>
      <trkpt lat="49.25859" lon="22.61823">
        <ele>639.6</ele>
      </trkpt>
      <trkpt lat="49.2582" lon="22.61853">
        <ele>640.0</ele>
      </trkpt>
      <trkpt lat="49.25797" lon="22.61902">
        <ele>644.4</ele>
      </trkpt>
      <trkpt lat="49.25789" lon="22.61953">
        <ele>646.5</ele>
      </trkpt>
      <trkpt lat="49.25794" lon="22.62024">
        <ele>649.5</ele>
      </trkpt>
      <trkpt lat="49.25811" lon="22.62126">
        <ele>650.9</ele>
      </trkpt>
      <trkpt lat="49.25827" lon="22.62191">
        <ele>650.6</ele>
      </trkpt>
      <trkpt lat="49.25831" lon="22.62257">
        <ele>650.0</ele>
      </trkpt>
      <trkpt lat="49.25829" lon="22.62337">
        <ele>649.5</ele>
      </trkpt>
      <trkpt lat="49.257915" lon="22.624165">
        <ele>642.7</ele>
      </trkpt>
      <trkpt lat="49.25754" lon="22.62496">
        <ele>637.6</ele>
      </trkpt>
      <trkpt lat="49.25723" lon="22.62585">
        <ele>635.8</ele>
      </trkpt>
      <trkpt lat="49.25721" lon="22.62629">
        <ele>638.0</ele>
      </trkpt>
      <trkpt lat="49.25757" lon="22.62677">
        <ele>642.7</ele>
      </trkpt>
      <trkpt lat="49.25791" lon="22.62766">
        <ele>640.1</ele>
      </trkpt>
      <trkpt lat="49.25793" lon="22.62813">
        <ele>637.6</ele>
      </trkpt>
      <trkpt lat="49.25787" lon="22.62831">
        <ele>636.7</ele>
      </trkpt>
      <trkpt lat="49.25775" lon="22.62842">
        <ele>636.0</ele>
      </trkpt>
      <trkpt lat="49.25716" lon="22.62854">
        <ele>634.4</ele>
      </trkpt>
      <trkpt lat="49.25675" lon="22.6287">
        <ele>633.4</ele>
      </trkpt>
      <trkpt lat="49.25653" lon="22.6292">
        <ele>637.1</ele>
      </trkpt>
      <trkpt lat="49.25631" lon="22.63038">
        <ele>649.5</ele>
      </trkpt>
      <trkpt lat="49.25617" lon="22.63066">
        <ele>651.9</ele>
      </trkpt>
      <trkpt lat="49.25597" lon="22.63082">
        <ele>653.6</ele>
      </trkpt>
      <trkpt lat="49.25552" lon="22.630845">
        <ele>653.5</ele>
      </trkpt>
      <trkpt lat="49.25507" lon="22.63087">
        <ele>649.8</ele>
      </trkpt>
      <trkpt lat="49.25482" lon="22.63095">
        <ele>648.8</ele>
      </trkpt>
      <trkpt lat="49.25465" lon="22.63126">
        <ele>649.0</ele>
      </trkpt>
      <trkpt lat="49.25461" lon="22.63179">
        <ele>653.1</ele>
      </trkpt>
      <trkpt lat="49.25463" lon="22.63233">
        <ele>655.7</ele>
      </trkpt>
      <trkpt lat="49.25472" lon="22.63281">
        <ele>657.9</ele>
      </trkpt>
      <trkpt lat="49.25474" lon="22.63327">
        <ele>663.2</ele>
      </trkpt>
      <trkpt lat="49.25469" lon="22.63362">
        <ele>664.6</ele>
      </trkpt>
      <trkpt lat="49.25453" lon="22.63382">
        <ele>664.0</ele>
      </trkpt>
      <trkpt lat="49.25426" lon="22.63382">
        <ele>662.5</ele>
      </trkpt>
      <trkpt lat="49.25404" lon="22.63375">
        <ele>660.7</ele>
      </trkpt>
      <trkpt lat="49.25372" lon="22.63372">
        <ele>658.4</ele>
      </trkpt>
      <trkpt lat="49.25351" lon="22.63398">
        <ele>655.7</ele>
      </trkpt>
      <trkpt lat="49.25333" lon="22.63441">
        <ele>654.6</ele>
      </trkpt>
      <trkpt lat="49.25317" lon="22.63502">
        <ele>654.7</ele>
      </trkpt>
      <trkpt lat="49.2532" lon="22.63628">
        <ele>654.2</ele>
      </trkpt>
      <trkpt lat="49.253343" lon="22.637517">
        <ele>657.1</ele>
      </trkpt>
      <trkpt lat="49.253487" lon="22.638753">
        <ele>653.2</ele>
      </trkpt>
      <trkpt lat="49.25363" lon="22.63999">
        <ele>648.7</ele>
      </trkpt>
      <trkpt lat="49.253885" lon="22.641153">
        <ele>642.2</ele>
      </trkpt>
      <trkpt lat="49.25414" lon="22.642317">
        <ele>635.0</ele>
      </trkpt>
      <trkpt lat="49.254395" lon="22.64348">
        <ele>628.3</ele>
      </trkpt>
      <trkpt lat="49.25465" lon="22.644643">
        <ele>619.5</ele>
      </trkpt>
      <trkpt lat="49.254905" lon="22.645807">
        <ele>612.6</ele>
      </trkpt>
      <trkpt lat="49.25516" lon="22.64697">
        <ele>615.3</ele>
      </trkpt>
      <trkpt lat="49.25516" lon="22.64733">
        <ele>617.6</ele>
      </trkpt>
      <trkpt lat="49.254835" lon="22.64825">
        <ele>621.6</ele>
      </trkpt>
      <trkpt lat="49.25451" lon="22.64917">
        <ele>622.9</ele>
      </trkpt>
      <trkpt lat="49.2542" lon="22.64955">
        <ele>625.3</ele>
      </trkpt>
      <trkpt lat="49.25354" lon="22.65048">
        <ele>636.2</ele>
      </trkpt>
      <trkpt lat="49.25338" lon="22.65062">
        <ele>639.1</ele>
      </trkpt>
      <trkpt lat="49.25317" lon="22.65062">
        <ele>641.1</ele>
      </trkpt>
      <trkpt lat="49.25277" lon="22.65028">
        <ele>644.7</ele>
      </trkpt>
      <trkpt lat="49.2524" lon="22.64991">
        <ele>646.6</ele>
      </trkpt>
      <trkpt lat="49.25214" lon="22.64977">
        <ele>646.0</ele>
      </trkpt>
      <trkpt lat="49.25168" lon="22.649825">
        <ele>644.4</ele>
      </trkpt>
      <trkpt lat="49.25122" lon="22.64988">
        <ele>645.1</ele>
      </trkpt>
      <trkpt lat="49.25054" lon="22.65048">
        <ele>653.4</ele>
      </trkpt>
      <trkpt lat="49.24997" lon="22.65085">
        <ele>660.0</ele>
      </trkpt>
      <trkpt lat="49.24956" lon="22.65145">
        <ele>664.3</ele>
      </trkpt>
      <trkpt lat="49.24932" lon="22.6519">
        <ele>665.3</ele>
      </trkpt>
      <trkpt lat="49.24921" lon="22.65227">
        <ele>664.5</ele>
      </trkpt>
      <trkpt lat="49.24911" lon="22.653325">
        <ele>660.9</ele>
      </trkpt>
      <trkpt lat="49.24901" lon="22.65438">
        <ele>655.1</ele>
      </trkpt>
      <trkpt lat="49.24895" lon="22.6546">
        <ele>654.1</ele>
      </trkpt>
      <trkpt lat="49.24888" lon="22.65477">
        <ele>653.1</ele>
      </trkpt>
      <trkpt lat="49.24834" lon="22.65523">
        <ele>656.0</ele>
      </trkpt>
      <trkpt lat="49.24787" lon="22.6556">
        <ele>658.8</ele>
      </trkpt>
      <trkpt lat="49.247183" lon="22.65589">
        <ele>664.5</ele>
      </trkpt>
      <trkpt lat="49.246497" lon="22.65618">
        <ele>669.4</ele>
      </trkpt>
      <trkpt lat="49.24581" lon="22.65647">
        <ele>676.5</ele>
      </trkpt>
      <trkpt lat="49.245037" lon="22.656773">
        <ele>680.9</ele>
      </trkpt>
      <trkpt lat="49.244263" lon="22.657077">
        <ele>685.1</ele>
      </trkpt>
      <trkpt lat="49.24349" lon="22.65738">
        <ele>689.5</ele>
      </trkpt>
      <trkpt lat="49.243" lon="22.65781">
        <ele>692.1</ele>
      </trkpt>
      <trkpt lat="49.24286" lon="22.65801">
        <ele>694.3</ele>
      </trkpt>
      <trkpt lat="49.24263" lon="22.65857">
        <ele>696.3</ele>
      </trkpt>
      <trkpt lat="49.2424" lon="22.65923">
        <ele>697.5</ele>
      </trkpt>
      <trkpt lat="49.24205" lon="22.65976">
        <ele>699.2</ele>
      </trkpt>
      <trkpt lat="49.241545" lon="22.66037">
        <ele>705.5</ele>
      </trkpt>
      <trkpt lat="49.24104" lon="22.66098">
        <ele>710.1</ele>
      </trkpt>
      <trkpt lat="49.2409" lon="22.66131">
        <ele>709.9</ele>
      </trkpt>
      <trkpt lat="49.24073" lon="22.66213">
        <ele>705.4</ele>
      </trkpt>
      <trkpt lat="49.24056" lon="22.66295">
        <ele>700.3</ele>
      </trkpt>
      <trkpt lat="49.240375" lon="22.66369">
        <ele>695.5</ele>
      </trkpt>
      <trkpt lat="49.24019" lon="22.66443">
        <ele>691.3</ele>
      </trkpt>
      <trkpt lat="49.2401" lon="22.66487">
        <ele>688.8</ele>
      </trkpt>
      <trkpt lat="49.24017" lon="22.66565">
        <ele>684.8</ele>
      </trkpt>
      <trkpt lat="49.2402" lon="22.66641">
        <ele>679.4</ele>
      </trkpt>
      <trkpt lat="49.240093" lon="22.667493">
        <ele>672.4</ele>
      </trkpt>
      <trkpt lat="49.239987" lon="22.668577">
        <ele>667.3</ele>
      </trkpt>
      <trkpt lat="49.23988" lon="22.66966">
        <ele>662.4</ele>
      </trkpt>
      <trkpt lat="49.2398" lon="22.67031">
        <ele>659.0</ele>
      </trkpt>
      <trkpt lat="49.23954" lon="22.67083">
        <ele>658.0</ele>
      </trkpt>
      <trkpt lat="49.23919" lon="22.671265">
        <ele>660.0</ele>
      </trkpt>
      <trkpt lat="49.23884" lon="22.6717">
        <ele>662.3</ele>
      </trkpt>
      <trkpt lat="49.23858" lon="22.67227">
        <ele>663.7</ele>
      </trkpt>
      <trkpt lat="49.238207" lon="22.673273">
        <ele>662.3</ele>
      </trkpt>
      <trkpt lat="49.237833" lon="22.674277">
        <ele>659.0</ele>
      </trkpt>
      <trkpt lat="49.23746" lon="22.67528">
        <ele>656.3</ele>
      </trkpt>
      <trkpt lat="49.23729" lon="22.67553">
        <ele>655.9</ele>
      </trkpt>
      <trkpt lat="49.23691" lon="22.67578">
        <ele>655.9</ele>
      </trkpt>
      <trkpt lat="49.23663" lon="22.67604">
        <ele>654.7</ele>
      </trkpt>
      <trkpt lat="49.236265" lon="22.676725">
        <ele>651.9</ele>
      </trkpt>
      <trkpt lat="49.2359" lon="22.67741">
        <ele>647.7</ele>
      </trkpt>
      <trkpt lat="49.23555" lon="22.67777">
        <ele>646.2</ele>
      </trkpt>
      <trkpt lat="49.234875" lon="22.67801">
        <ele>646.7</ele>
      </trkpt>
      <trkpt lat="49.2342" lon="22.67825">
        <ele>649.2</ele>
      </trkpt>
      <trkpt lat="49.23403" lon="22.67841">
        <ele>649.3</ele>
      </trkpt>
      <trkpt lat="49.23362" lon="22.679445">
        <ele>651.0</ele>
      </trkpt>
      <trkpt lat="49.23321" lon="22.68048">
        <ele>651.4</ele>
      </trkpt>
      <trkpt lat="49.2332" lon="22.68047">
        <ele>651.4</ele>
      </trkpt>
      <trkpt lat="49.232793" lon="22.681473">
        <ele>651.4</ele>
      </trkpt>
      <trkpt lat="49.232385" lon="22.682475">
        <ele>628.7</ele>
      </trkpt>
      <trkpt lat="49.231978" lon="22.683478">
        <ele>628.7</ele>
      </trkpt>
      <trkpt lat="49.23157" lon="22.68448">
        <ele>627.0</ele>
      </trkpt>
      <trkpt lat="49.231268" lon="22.685463">
        <ele>622.6</ele>
      </trkpt>
      <trkpt lat="49.230965" lon="22.686445">
        <ele>617.9</ele>
      </trkpt>
      <trkpt lat="49.230663" lon="22.687428">
        <ele>611.8</ele>
      </trkpt>
      <trkpt lat="49.23036" lon="22.68841">
        <ele>607.9</ele>
      </trkpt>
      <trkpt lat="49.23009" lon="22.68896">
        <ele>604.6</ele>
      </trkpt>
      <trkpt lat="49.22953" lon="22.6899">
        <ele>604.5</ele>
      </trkpt>
      <trkpt lat="49.22908" lon="22.69046">
        <ele>605.5</ele>
      </trkpt>
      <trkpt lat="49.22863" lon="22.69102">
        <ele>604.1</ele>
      </trkpt>
      <trkpt lat="49.22856" lon="22.69121">
        <ele>603.5</ele>
      </trkpt>
      <trkpt lat="49.2286" lon="22.69147">
        <ele>602.1</ele>
      </trkpt>
      <trkpt lat="49.22888" lon="22.69257">
        <ele>596.4</ele>
      </trkpt>
      <trkpt lat="49.22912" lon="22.6936">
        <ele>592.8</ele>
      </trkpt>
      <trkpt lat="49.22936" lon="22.69463">
        <ele>590.7</ele>
      </trkpt>
      <trkpt lat="49.22945" lon="22.69545">
        <ele>589.5</ele>
      </trkpt>
      <trkpt lat="49.22943" lon="22.69576">
        <ele>588.2</ele>
      </trkpt>
      <trkpt lat="49.22909" lon="22.696655">
        <ele>586.1</ele>
      </trkpt>
      <trkpt lat="49.22875" lon="22.69755">
        <ele>585.1</ele>
      </trkpt>
      <trkpt lat="49.22872" lon="22.69765">
        <ele>585.0</ele>
      </trkpt>
      <trkpt lat="49.22842" lon="22.69843">
        <ele>583.8</ele>
      </trkpt>
      <trkpt lat="49.22805" lon="22.69925">
        <ele>578.5</ele>
      </trkpt>
      <trkpt lat="49.228463" lon="22.700053">
        <ele>575.4</ele>
      </trkpt>
      <trkpt lat="49.228877" lon="22.700857">
        <ele>573.3</ele>
      </trkpt>
      <trkpt lat="49.22929" lon="22.70166">
        <ele>572.1</ele>
      </trkpt>
      <trkpt lat="49.22939" lon="22.70181">
        <ele>572.1</ele>
      </trkpt>
      <trkpt lat="49.2295" lon="22.70193">
        <ele>572.1</ele>
      </trkpt>
      <trkpt lat="49.22968" lon="22.70202">
        <ele>572.2</ele>
      </trkpt>
      <trkpt lat="49.22988" lon="22.70202">
        <ele>572.2</ele>
      </trkpt>
      <trkpt lat="49.230587" lon="22.701937">
        <ele>573.0</ele>
      </trkpt>
      <trkpt lat="49.231293" lon="22.701853">
        <ele>574.3</ele>
      </trkpt>
      <trkpt lat="49.232" lon="22.70177">
        <ele>574.0</ele>
      </trkpt>
      <trkpt lat="49.23229" lon="22.7017">
        <ele>574.6</ele>
      </trkpt>
      <trkpt lat="49.23313" lon="22.70126">
        <ele>576.3</ele>
      </trkpt>
      <trkpt lat="49.23397" lon="22.70082">
        <ele>578.1</ele>
      </trkpt>
      <trkpt lat="49.23468" lon="22.70042">
        <ele>582.2</ele>
      </trkpt>
      <trkpt lat="49.235327" lon="22.70001">
        <ele>584.3</ele>
      </trkpt>
      <trkpt lat="49.235973" lon="22.6996">
        <ele>586.6</ele>
      </trkpt>
      <trkpt lat="49.23662" lon="22.69919">
        <ele>588.1</ele>
      </trkpt>
      <trkpt lat="49.237295" lon="22.6988">
        <ele>588.0</ele>
      </trkpt>
      <trkpt lat="49.23797" lon="22.69841">
        <ele>584.5</ele>
      </trkpt>
      <trkpt lat="49.23824" lon="22.69828">
        <ele>584.4</ele>
      </trkpt>
      <trkpt lat="49.23837" lon="22.69825">
        <ele>584.6</ele>
      </trkpt>
      <trkpt lat="49.23857" lon="22.69831">
        <ele>585.1</ele>
      </trkpt>
      <trkpt lat="49.23865" lon="22.69837">
        <ele>585.1</ele>
      </trkpt>
      <trkpt lat="49.23881" lon="22.69854">
        <ele>586.6</ele>
      </trkpt>
      <trkpt lat="49.2392" lon="22.69913">
        <ele>588.4</ele>
      </trkpt>
      <trkpt lat="49.23959" lon="22.69972">
        <ele>589.1</ele>
      </trkpt>
      <trkpt lat="49.23975" lon="22.69991">
        <ele>589.3</ele>
      </trkpt>
      <trkpt lat="49.23984" lon="22.69999">
        <ele>589.3</ele>
      </trkpt>
      <trkpt lat="49.23996" lon="22.70006">
        <ele>590.6</ele>
      </trkpt>
      <trkpt lat="49.24018" lon="22.70013">
        <ele>590.6</ele>
      </trkpt>
      <trkpt lat="49.24027" lon="22.70013">
        <ele>590.9</ele>
      </trkpt>
      <trkpt lat="49.24047" lon="22.70009">
        <ele>591.2</ele>
      </trkpt>
      <trkpt lat="49.24057" lon="22.70005">
        <ele>591.2</ele>
      </trkpt>
      <trkpt lat="49.24074" lon="22.69994">
        <ele>591.6</ele>
      </trkpt>
      <trkpt lat="49.24085" lon="22.69984">
        <ele>591.6</ele>
      </trkpt>
      <trkpt lat="49.24131" lon="22.69934">
        <ele>593.0</ele>
      </trkpt>
      <trkpt lat="49.241845" lon="22.69871">
        <ele>593.4</ele>
      </trkpt>
      <trkpt lat="49.24238" lon="22.69808">
        <ele>592.9</ele>
      </trkpt>
      <trkpt lat="49.24248" lon="22.69791">
        <ele>592.8</ele>
      </trkpt>
      <trkpt lat="49.24256" lon="22.69765">
        <ele>592.7</ele>
      </trkpt>
      <trkpt lat="49.24268" lon="22.69668">
        <ele>593.0</ele>
      </trkpt>
      <trkpt lat="49.2428" lon="22.69571">
        <ele>595.0</ele>
      </trkpt>
      <trkpt lat="49.2429" lon="22.69539">
        <ele>596.2</ele>
      </trkpt>
      <trkpt lat="49.243" lon="22.69519">
        <ele>597.1</ele>
      </trkpt>
      <trkpt lat="49.24355" lon="22.69446">
        <ele>602.5</ele>
      </trkpt>
      <trkpt lat="49.2441" lon="22.69373">
        <ele>603.3</ele>
      </trkpt>
      <trkpt lat="49.24433" lon="22.69351">
        <ele>603.0</ele>
      </trkpt>
      <trkpt lat="49.24465" lon="22.69333">
        <ele>602.8</ele>
      </trkpt>
      <trkpt lat="49.2448" lon="22.6933">
        <ele>602.4</ele>
      </trkpt>
      <trkpt lat="49.24493" lon="22.69329">
        <ele>602.4</ele>
      </trkpt>
      <trkpt lat="49.24559" lon="22.69338">
        <ele>601.5</ele>
      </trkpt>
      <trkpt lat="49.246365" lon="22.69352">
        <ele>602.9</ele>
      </trkpt>
      <trkpt lat="49.24714" lon="22.69366">
        <ele>604.3</ele>
      </trkpt>
      <trkpt lat="49.24739" lon="22.69377">
        <ele>604.7</ele>
      </trkpt>
      <trkpt lat="49.24758" lon="22.69393">
        <ele>606.0</ele>
      </trkpt>
      <trkpt lat="49.24826" lon="22.69473">
        <ele>608.5</ele>
      </trkpt>
      <trkpt lat="49.24841" lon="22.69486">
        <ele>608.2</ele>
      </trkpt>
      <trkpt lat="49.248975" lon="22.69525">
        <ele>605.6</ele>
      </trkpt>
      <trkpt lat="49.24954" lon="22.69564">
        <ele>606.0</ele>
      </trkpt>
      <trkpt lat="49.25001" lon="22.69594">
        <ele>610.3</ele>
      </trkpt>
      <trkpt lat="49.25022" lon="22.69604">
        <ele>611.4</ele>
      </trkpt>
      <trkpt lat="49.25039" lon="22.69606">
        <ele>612.5</ele>
      </trkpt>
      <trkpt lat="49.25054" lon="22.69604">
        <ele>613.2</ele>
      </trkpt>
      <trkpt lat="49.25064" lon="22.69599">
        <ele>615.0</ele>
      </trkpt>
      <trkpt lat="49.25088" lon="22.6958">
        <ele>617.3</ele>
      </trkpt>
      <trkpt lat="49.2512" lon="22.69532">
        <ele>621.8</ele>
      </trkpt>
      <trkpt lat="49.25177" lon="22.694397">
        <ele>627.5</ele>
      </trkpt>
      <trkpt lat="49.25234" lon="22.693473">
        <ele>633.4</ele>
      </trkpt>
      <trkpt lat="49.25291" lon="22.69255">
        <ele>637.7</ele>
      </trkpt>
      <trkpt lat="49.25338" lon="22.691823">
        <ele>641.6</ele>
      </trkpt>
      <trkpt lat="49.25385" lon="22.691097">
        <ele>645.2</ele>
      </trkpt>
      <trkpt lat="49.25432" lon="22.69037">
        <ele>648.7</ele>
      </trkpt>
      <trkpt lat="49.25484" lon="22.689628">
        <ele>651.6</ele>
      </trkpt>
      <trkpt lat="49.25536" lon="22.688885">
        <ele>651.7</ele>
      </trkpt>
      <trkpt lat="49.25588" lon="22.688143">
        <ele>650.9</ele>
      </trkpt>
      <trkpt lat="49.2564" lon="22.6874">
        <ele>651.4</ele>
      </trkpt>
      <trkpt lat="49.256945" lon="22.686645">
        <ele>655.1</ele>
      </trkpt>
      <trkpt lat="49.25749" lon="22.68589">
        <ele>660.7</ele>
      </trkpt>
      <trkpt lat="49.257895" lon="22.685365">
        <ele>664.4</ele>
      </trkpt>
      <trkpt lat="49.2583" lon="22.68484">
        <ele>666.3</ele>
      </trkpt>
      <trkpt lat="49.25853" lon="22.68458">
        <ele>668.2</ele>
      </trkpt>
      <trkpt lat="49.25882" lon="22.68433">
        <ele>671.5</ele>
      </trkpt>
      <trkpt lat="49.25942" lon="22.68403">
        <ele>679.2</ele>
      </trkpt>
      <trkpt lat="49.25953" lon="22.68395">
        <ele>680.5</ele>
      </trkpt>
      <trkpt lat="49.25999" lon="22.68337">
        <ele>684.9</ele>
      </trkpt>
      <trkpt lat="49.26024" lon="22.68319">
        <ele>686.0</ele>
      </trkpt>
      <trkpt lat="49.26047" lon="22.68311">
        <ele>688.1</ele>
      </trkpt>
      <trkpt lat="49.26082" lon="22.68304">
        <ele>690.7</ele>
      </trkpt>
      <trkpt lat="49.26107" lon="22.68303">
        <ele>692.6</ele>
      </trkpt>
      <trkpt lat="49.2613" lon="22.68305">
        <ele>693.5</ele>
      </trkpt>
      <trkpt lat="49.2614" lon="22.68274">
        <ele>694.9</ele>
      </trkpt>
      <trkpt lat="49.26219" lon="22.68288">
        <ele>693.1</ele>
      </trkpt>
      <trkpt lat="49.26261" lon="22.68297">
        <ele>694.1</ele>
      </trkpt>
      <trkpt lat="49.26266" lon="22.68309">
        <ele>694.1</ele>
      </trkpt>
      <trkpt lat="49.26277" lon="22.68301">
        <ele>694.2</ele>
      </trkpt>
      <trkpt lat="49.26296" lon="22.68304">
        <ele>694.8</ele>
      </trkpt>
      <trkpt lat="49.26321" lon="22.68327">
        <ele>696.8</ele>
      </trkpt>
    </trkseg>
  </trk>
</gpx>
