<?xml version="1.0" encoding="UTF-8"?>
<gpx creator="StravaGPX" version="1.1" xmlns="http://www.topografix.com/GPX/1/1" xmlns:xsi="http://www.w3.org/2001/XMLSchema-instance" xsi:schemaLocation="http://www.topografix.com/GPX/1/1 http://www.topografix.com/GPX/1/1/gpx.xsd">
 <metadata>
  <name>GLG SPRINT 12.09.2025</name>
  <author>
   <name>Filip Raczkowski</name>
   <link href="https://www.strava.com/athletes/20645033"/>
  </author>
  <copyright author="OpenStreetMap contributors">
   <year>2020</year>
   <license>https://www.openstreetmap.org/copyright</license>
  </copyright>
  <link href="https://www.strava.com/routes/3398637935254385922"/>
 </metadata>
 <trk>
  <name>GLG SPRINT 12.09.2025</name>
  <link href="https://www.strava.com/routes/3398637935254385922"/>
  <type>cycling</type>
  <trkseg>
   <trkpt lat="53.800360000000005" lon="21.573300000000003">
    <ele>120.25000000000001</ele>
   </trkpt>
   <trkpt lat="53.799760000000006" lon="21.574250000000003">
    <ele>119.58</ele>
   </trkpt>
   <trkpt lat="53.799240000000005" lon="21.575100000000003">
    <ele>119.67000000000002</ele>
   </trkpt>
   <trkpt lat="53.79878000000001" lon="21.5758">
    <ele>122.57000000000001</ele>
   </trkpt>
   <trkpt lat="53.79865" lon="21.576030000000003">
    <ele>123.33000000000001</ele>
   </trkpt>
   <trkpt lat="53.79833000000001" lon="21.576770000000003">
    <ele>122.99000000000001</ele>
   </trkpt>
   <trkpt lat="53.79784500230752" lon="21.57751000851228">
    <ele>122.04</ele>
   </trkpt>
   <trkpt lat="53.797360000000005" lon="21.57825">
    <ele>121.09</ele>
   </trkpt>
   <trkpt lat="53.797140000000006" lon="21.5787">
    <ele>120.78000000000002</ele>
   </trkpt>
   <trkpt lat="53.79674500522386" lon="21.579820010530103">
    <ele>121.68</ele>
   </trkpt>
   <trkpt lat="53.796350000000004" lon="21.580940000000002">
    <ele>122.58000000000001</ele>
   </trkpt>
   <trkpt lat="53.79623" lon="21.58116">
    <ele>122.64000000000001</ele>
   </trkpt>
   <trkpt lat="53.79607000000001" lon="21.58135">
    <ele>122.82000000000001</ele>
   </trkpt>
   <trkpt lat="53.795485001579365" lon="21.58198000886427">
    <ele>124.02</ele>
   </trkpt>
   <trkpt lat="53.794900000000005" lon="21.582610000000003">
    <ele>125.99000000000001</ele>
   </trkpt>
   <trkpt lat="53.79468000000001" lon="21.58292">
    <ele>126.21000000000001</ele>
   </trkpt>
   <trkpt lat="53.794070000000005" lon="21.583840000000002">
    <ele>127.34</ele>
   </trkpt>
   <trkpt lat="53.793850000000006" lon="21.584120000000002">
    <ele>126.96000000000001</ele>
   </trkpt>
   <trkpt lat="53.79345000000001" lon="21.584480000000003">
    <ele>125.59</ele>
   </trkpt>
   <trkpt lat="53.79294" lon="21.584770000000002">
    <ele>124.9</ele>
   </trkpt>
   <trkpt lat="53.79271000000001" lon="21.58492">
    <ele>124.43</ele>
   </trkpt>
   <trkpt lat="53.792350000000006" lon="21.585250000000002">
    <ele>124.56</ele>
   </trkpt>
   <trkpt lat="53.792210000000004" lon="21.58549">
    <ele>124.80000000000001</ele>
   </trkpt>
   <trkpt lat="53.79205" lon="21.585890000000003">
    <ele>125.35000000000001</ele>
   </trkpt>
   <trkpt lat="53.791790004855706" lon="21.586975006895923">
    <ele>124.29</ele>
   </trkpt>
   <trkpt lat="53.79153" lon="21.588060000000002">
    <ele>122.45</ele>
   </trkpt>
   <trkpt lat="53.79125667686724" lon="21.589166681039416">
    <ele>122.47000000000001</ele>
   </trkpt>
   <trkpt lat="53.79098334354601" lon="21.590273347656783">
    <ele>124.38</ele>
   </trkpt>
   <trkpt lat="53.790710000000004" lon="21.59138">
    <ele>125.79</ele>
   </trkpt>
   <trkpt lat="53.79063000000001" lon="21.59193">
    <ele>125.74000000000001</ele>
   </trkpt>
   <trkpt lat="53.79054500284096" lon="21.592755001575746">
    <ele>125.36</ele>
   </trkpt>
   <trkpt lat="53.79046" lon="21.593580000000003">
    <ele>124.9</ele>
   </trkpt>
   <trkpt lat="53.7903" lon="21.59502">
    <ele>124.04</ele>
   </trkpt>
   <trkpt lat="53.79017" lon="21.595840000000003">
    <ele>123.48</ele>
   </trkpt>
   <trkpt lat="53.790060000000004" lon="21.596300000000003">
    <ele>123.10000000000001</ele>
   </trkpt>
   <trkpt lat="53.7897" lon="21.59739">
    <ele>122.05</ele>
   </trkpt>
   <trkpt lat="53.78934" lon="21.598180000000003">
    <ele>120.87</ele>
   </trkpt>
   <trkpt lat="53.78889667155046" lon="21.598946682881117">
    <ele>120.65</ele>
   </trkpt>
   <trkpt lat="53.788453338211006" lon="21.599713349558144">
    <ele>120.60000000000001</ele>
   </trkpt>
   <trkpt lat="53.78801000000001" lon="21.60048">
    <ele>120.71000000000001</ele>
   </trkpt>
   <trkpt lat="53.78806" lon="21.601270000000003">
    <ele>120.8</ele>
   </trkpt>
   <trkpt lat="53.78821000907982" lon="21.602744995021393">
    <ele>120.11</ele>
   </trkpt>
   <trkpt lat="53.788360000000004" lon="21.60422">
    <ele>118.97</ele>
   </trkpt>
   <trkpt lat="53.78844" lon="21.60432">
    <ele>119.12</ele>
   </trkpt>
   <trkpt lat="53.788920000000005" lon="21.604390000000002">
    <ele>120.20000000000002</ele>
   </trkpt>
   <trkpt lat="53.789590000000004" lon="21.604000000000003">
    <ele>120.83</ele>
   </trkpt>
   <trkpt lat="53.78999500263274" lon="21.604779992666106">
    <ele>121.3</ele>
   </trkpt>
   <trkpt lat="53.790400000000005" lon="21.60556">
    <ele>122.57000000000001</ele>
   </trkpt>
   <trkpt lat="53.790620000000004" lon="21.60592">
    <ele>122.28000000000002</ele>
   </trkpt>
   <trkpt lat="53.791070000000005" lon="21.605990000000002">
    <ele>125.64</ele>
   </trkpt>
   <trkpt lat="53.79167" lon="21.606260000000002">
    <ele>128.27</ele>
   </trkpt>
   <trkpt lat="53.79168000000001" lon="21.606260000000002">
    <ele>128.27</ele>
   </trkpt>
   <trkpt lat="53.79204000000001" lon="21.606360000000002">
    <ele>129.11</ele>
   </trkpt>
   <trkpt lat="53.79251000007498" lon="21.606225001512907">
    <ele>128.62</ele>
   </trkpt>
   <trkpt lat="53.79298000000001" lon="21.606090000000002">
    <ele>128.44</ele>
   </trkpt>
   <trkpt lat="53.79354500010752" lon="21.605945001948044">
    <ele>127.33</ele>
   </trkpt>
   <trkpt lat="53.79411" lon="21.605800000000002">
    <ele>126.48</ele>
   </trkpt>
   <trkpt lat="53.79412000000001" lon="21.605800000000002">
    <ele>126.48</ele>
   </trkpt>
   <trkpt lat="53.793803346323394" lon="21.607050018906087">
    <ele>122.99000000000001</ele>
   </trkpt>
   <trkpt lat="53.79348667964858" lon="21.608300018937896">
    <ele>120.63000000000001</ele>
   </trkpt>
   <trkpt lat="53.79317" lon="21.609550000000002">
    <ele>119.27000000000001</ele>
   </trkpt>
   <trkpt lat="53.79309000000001" lon="21.610120000000002">
    <ele>119.51</ele>
   </trkpt>
   <trkpt lat="53.793040000000005" lon="21.61088">
    <ele>120.66</ele>
   </trkpt>
   <trkpt lat="53.79308" lon="21.61135">
    <ele>121.12</ele>
   </trkpt>
   <trkpt lat="53.793350000000004" lon="21.612560000000002">
    <ele>120.87</ele>
   </trkpt>
   <trkpt lat="53.79370668133211" lon="21.61388664419404">
    <ele>120.77000000000001</ele>
   </trkpt>
   <trkpt lat="53.794063348023116" lon="21.6152133109508">
    <ele>121.85000000000001</ele>
   </trkpt>
   <trkpt lat="53.79442" lon="21.61654">
    <ele>122.16</ele>
   </trkpt>
   <trkpt lat="53.794720000000005" lon="21.617420000000003">
    <ele>121.73</ele>
   </trkpt>
   <trkpt lat="53.7950500032128" lon="21.61829999305435">
    <ele>121.96000000000001</ele>
   </trkpt>
   <trkpt lat="53.79538" lon="21.61918">
    <ele>121.17000000000002</ele>
   </trkpt>
   <trkpt lat="53.79570000842048" lon="21.62018665127594">
    <ele>121.79</ele>
   </trkpt>
   <trkpt lat="53.79602000841125" lon="21.621193317913306">
    <ele>121.39000000000001</ele>
   </trkpt>
   <trkpt lat="53.79634000000001" lon="21.622200000000003">
    <ele>117.92</ele>
   </trkpt>
   <trkpt lat="53.7967500052366" lon="21.62332498892663">
    <ele>116.97</ele>
   </trkpt>
   <trkpt lat="53.797160000000005" lon="21.624450000000003">
    <ele>116.93</ele>
   </trkpt>
   <trkpt lat="53.79724" lon="21.624930000000003">
    <ele>116.86</ele>
   </trkpt>
   <trkpt lat="53.7973480362446" lon="21.626405984798616">
    <ele>116.18</ele>
   </trkpt>
   <trkpt lat="53.79745605436722" lon="21.627881977201117">
    <ele>116.66000000000001</ele>
   </trkpt>
   <trkpt lat="53.797564054367676" lon="21.629357977206304">
    <ele>117.13000000000001</ele>
   </trkpt>
   <trkpt lat="53.797672036245814" lon="21.63083398481297">
    <ele>116.9</ele>
   </trkpt>
   <trkpt lat="53.79778" lon="21.63231">
    <ele>116.42</ele>
   </trkpt>
   <trkpt lat="53.79784000000001" lon="21.63269">
    <ele>116.41000000000001</ele>
   </trkpt>
   <trkpt lat="53.79796" lon="21.63288">
    <ele>116.30000000000001</ele>
   </trkpt>
   <trkpt lat="53.798640000000006" lon="21.633670000000002">
    <ele>116.62000000000002</ele>
   </trkpt>
   <trkpt lat="53.79883" lon="21.633940000000003">
    <ele>116.4</ele>
   </trkpt>
   <trkpt lat="53.798970000000004" lon="21.634420000000002">
    <ele>116.26000000000002</ele>
   </trkpt>
   <trkpt lat="53.799020000000006" lon="21.634780000000003">
    <ele>116.21000000000001</ele>
   </trkpt>
   <trkpt lat="53.79901" lon="21.63512">
    <ele>116.28</ele>
   </trkpt>
   <trkpt lat="53.79894" lon="21.63566">
    <ele>116.74000000000001</ele>
   </trkpt>
   <trkpt lat="53.798730000000006" lon="21.636660000000003">
    <ele>116.58</ele>
   </trkpt>
   <trkpt lat="53.798660000000005" lon="21.63763">
    <ele>116.48000000000002</ele>
   </trkpt>
   <trkpt lat="53.798680000000004" lon="21.638260000000002">
    <ele>116.67</ele>
   </trkpt>
   <trkpt lat="53.79867" lon="21.638910000000003">
    <ele>116.94000000000001</ele>
   </trkpt>
   <trkpt lat="53.798585004897774" lon="21.639995002179788">
    <ele>116.58</ele>
   </trkpt>
   <trkpt lat="53.798500000000004" lon="21.641080000000002">
    <ele>116.68</ele>
   </trkpt>
   <trkpt lat="53.79844000000001" lon="21.6417">
    <ele>116.89</ele>
   </trkpt>
   <trkpt lat="53.79816500321595" lon="21.642575005637294">
    <ele>117.0</ele>
   </trkpt>
   <trkpt lat="53.79789" lon="21.64345">
    <ele>117.33</ele>
   </trkpt>
   <trkpt lat="53.79768000217187" lon="21.64418000381032">
    <ele>117.4</ele>
   </trkpt>
   <trkpt lat="53.797470000000004" lon="21.644910000000003">
    <ele>117.35000000000001</ele>
   </trkpt>
   <trkpt lat="53.79739000000001" lon="21.645300000000002">
    <ele>117.38000000000001</ele>
   </trkpt>
   <trkpt lat="53.797290000000004" lon="21.645950000000003">
    <ele>117.69</ele>
   </trkpt>
   <trkpt lat="53.797270000000005" lon="21.646690000000003">
    <ele>118.21000000000001</ele>
   </trkpt>
   <trkpt lat="53.797320000000006" lon="21.64758">
    <ele>118.52000000000001</ele>
   </trkpt>
   <trkpt lat="53.797380000000004" lon="21.64806">
    <ele>118.51</ele>
   </trkpt>
   <trkpt lat="53.79751" lon="21.64854">
    <ele>118.33</ele>
   </trkpt>
   <trkpt lat="53.79774000196286" lon="21.649204996710157">
    <ele>118.63000000000001</ele>
   </trkpt>
   <trkpt lat="53.79797000000001" lon="21.649870000000004">
    <ele>118.57000000000001</ele>
   </trkpt>
   <trkpt lat="53.79821500187823" lon="21.650539996116375">
    <ele>118.34000000000002</ele>
   </trkpt>
   <trkpt lat="53.798460000000006" lon="21.651210000000003">
    <ele>118.35000000000001</ele>
   </trkpt>
   <trkpt lat="53.798590000000004" lon="21.65172">
    <ele>118.39</ele>
   </trkpt>
   <trkpt lat="53.79869000000001" lon="21.652260000000002">
    <ele>118.37</ele>
   </trkpt>
   <trkpt lat="53.79874" lon="21.65283">
    <ele>118.79</ele>
   </trkpt>
   <trkpt lat="53.798750000000005" lon="21.65342">
    <ele>118.97</ele>
   </trkpt>
   <trkpt lat="53.79869334775224" lon="21.654736670265837">
    <ele>118.99000000000001</ele>
   </trkpt>
   <trkpt lat="53.79863668108379" lon="21.6560533369738">
    <ele>119.58</ele>
   </trkpt>
   <trkpt lat="53.79858" lon="21.65737">
    <ele>119.92000000000002</ele>
   </trkpt>
   <trkpt lat="53.7986833462623" lon="21.65861666053371">
    <ele>120.08</ele>
   </trkpt>
   <trkpt lat="53.79878667959659" lon="21.659863327211514">
    <ele>120.33</ele>
   </trkpt>
   <trkpt lat="53.79889000000001" lon="21.66111">
    <ele>121.60000000000001</ele>
   </trkpt>
   <trkpt lat="53.799017521248956" lon="21.662414988094145">
    <ele>123.04</ele>
   </trkpt>
   <trkpt lat="53.79914502833187" lon="21.663719984124484">
    <ele>125.98</ele>
   </trkpt>
   <trkpt lat="53.79927252124864" lon="21.665024988090227">
    <ele>128.32000000000002</ele>
   </trkpt>
   <trkpt lat="53.799400000000006" lon="21.666330000000002">
    <ele>126.59</ele>
   </trkpt>
   <trkpt lat="53.79957" lon="21.667430000000003">
    <ele>123.75000000000001</ele>
   </trkpt>
   <trkpt lat="53.79984837409152" lon="21.668829953536648">
    <ele>122.46000000000001</ele>
   </trkpt>
   <trkpt lat="53.800126731880276" lon="21.67022992565956">
    <ele>122.51</ele>
   </trkpt>
   <trkpt lat="53.80040507336591" lon="21.671629916368083">
    <ele>123.19000000000001</ele>
   </trkpt>
   <trkpt lat="53.800683398548024" lon="21.673029925661567">
    <ele>123.81</ele>
   </trkpt>
   <trkpt lat="53.80096170742624" lon="21.674429953539356">
    <ele>124.25000000000001</ele>
   </trkpt>
   <trkpt lat="53.80124000000001" lon="21.67583">
    <ele>124.88</ele>
   </trkpt>
   <trkpt lat="53.80143" lon="21.676710000000003">
    <ele>125.03</ele>
   </trkpt>
   <trkpt lat="53.801670001837955" lon="21.677384995976276">
    <ele>125.82000000000001</ele>
   </trkpt>
   <trkpt lat="53.80191000000001" lon="21.678060000000002">
    <ele>126.0</ele>
   </trkpt>
   <trkpt lat="53.80247000000001" lon="21.67921">
    <ele>126.52000000000002</ele>
   </trkpt>
   <trkpt lat="53.80247000000001" lon="21.6792">
    <ele>126.52000000000002</ele>
   </trkpt>
   <trkpt lat="53.80236000000001" lon="21.678980000000003">
    <ele>126.31</ele>
   </trkpt>
   <trkpt lat="53.80223334917607" lon="21.680360008315827">
    <ele>124.37</ele>
   </trkpt>
   <trkpt lat="53.80210668251132" lon="21.68174000829459">
    <ele>121.3</ele>
   </trkpt>
   <trkpt lat="53.80198000000001" lon="21.683120000000002">
    <ele>120.05</ele>
   </trkpt>
   <trkpt lat="53.80198000000001" lon="21.683110000000003">
    <ele>120.05</ele>
   </trkpt>
   <trkpt lat="53.80185" lon="21.68399">
    <ele>122.49000000000001</ele>
   </trkpt>
   <trkpt lat="53.80187" lon="21.68409">
    <ele>122.49000000000001</ele>
   </trkpt>
   <trkpt lat="53.802400000000006" lon="21.684350000000002">
    <ele>123.7</ele>
   </trkpt>
   <trkpt lat="53.80298000017084" lon="21.684539997378568">
    <ele>125.15</ele>
   </trkpt>
   <trkpt lat="53.803560000000004" lon="21.684730000000002">
    <ele>122.77</ele>
   </trkpt>
   <trkpt lat="53.80355" lon="21.684730000000002">
    <ele>122.83000000000001</ele>
   </trkpt>
   <trkpt lat="53.803560000000004" lon="21.684730000000002">
    <ele>122.77</ele>
   </trkpt>
   <trkpt lat="53.8038" lon="21.685470000000002">
    <ele>122.49000000000001</ele>
   </trkpt>
   <trkpt lat="53.804120000000005" lon="21.68636">
    <ele>123.18</ele>
   </trkpt>
   <trkpt lat="53.804170000000006" lon="21.686680000000003">
    <ele>122.85000000000001</ele>
   </trkpt>
   <trkpt lat="53.80413000000001" lon="21.687">
    <ele>122.19</ele>
   </trkpt>
   <trkpt lat="53.80393" lon="21.687700000000003">
    <ele>121.55</ele>
   </trkpt>
   <trkpt lat="53.803740000000005" lon="21.68861">
    <ele>121.12</ele>
   </trkpt>
   <trkpt lat="53.803700000000006" lon="21.68907">
    <ele>121.08</ele>
   </trkpt>
   <trkpt lat="53.80389" lon="21.690140000000003">
    <ele>120.87</ele>
   </trkpt>
   <trkpt lat="53.80387" lon="21.69031">
    <ele>121.06000000000002</ele>
   </trkpt>
   <trkpt lat="53.803450000000005" lon="21.69134">
    <ele>120.71000000000001</ele>
   </trkpt>
   <trkpt lat="53.80312000000001" lon="21.692480000000003">
    <ele>120.83</ele>
   </trkpt>
   <trkpt lat="53.802725013764984" lon="21.693530029650113">
    <ele>121.29</ele>
   </trkpt>
   <trkpt lat="53.802330018359136" lon="21.694580039517334">
    <ele>120.54</ele>
   </trkpt>
   <trkpt lat="53.80193501378276" lon="21.69563002960186">
    <ele>120.35000000000001</ele>
   </trkpt>
   <trkpt lat="53.80154" lon="21.69668">
    <ele>121.24000000000001</ele>
   </trkpt>
   <trkpt lat="53.8012" lon="21.698030000000003">
    <ele>121.02000000000001</ele>
   </trkpt>
   <trkpt lat="53.800965001886766" lon="21.698700003698477">
    <ele>121.71000000000001</ele>
   </trkpt>
   <trkpt lat="53.80073" lon="21.699370000000002">
    <ele>121.58</ele>
   </trkpt>
   <trkpt lat="53.800330004512944" lon="21.70041000988275">
    <ele>121.92000000000002</ele>
   </trkpt>
   <trkpt lat="53.79993" lon="21.70145">
    <ele>122.27</ele>
   </trkpt>
   <trkpt lat="53.79962500161354" lon="21.702090004843757">
    <ele>120.51</ele>
   </trkpt>
   <trkpt lat="53.79932" lon="21.702730000000003">
    <ele>117.99000000000001</ele>
   </trkpt>
   <trkpt lat="53.79919" lon="21.703390000000002">
    <ele>118.23000000000002</ele>
   </trkpt>
   <trkpt lat="53.79920000559608" lon="21.704549999673898">
    <ele>118.36</ele>
   </trkpt>
   <trkpt lat="53.79921" lon="21.705710000000003">
    <ele>118.21000000000001</ele>
   </trkpt>
   <trkpt lat="53.79927000000001" lon="21.707140000000003">
    <ele>117.60000000000001</ele>
   </trkpt>
   <trkpt lat="53.799150000000004" lon="21.70814">
    <ele>117.26</ele>
   </trkpt>
   <trkpt lat="53.799110000000006" lon="21.70906">
    <ele>117.54</ele>
   </trkpt>
   <trkpt lat="53.79907000000001" lon="21.70934">
    <ele>117.54</ele>
   </trkpt>
   <trkpt lat="53.7989" lon="21.71011">
    <ele>117.68</ele>
   </trkpt>
   <trkpt lat="53.798840000000006" lon="21.710620000000002">
    <ele>117.94</ele>
   </trkpt>
   <trkpt lat="53.798860000000005" lon="21.71148">
    <ele>119.12</ele>
   </trkpt>
   <trkpt lat="53.79898334485589" lon="21.712656659798746">
    <ele>120.54</ele>
   </trkpt>
   <trkpt lat="53.79910667819486" lon="21.713833326518973">
    <ele>123.62</ele>
   </trkpt>
   <trkpt lat="53.79923" lon="21.715010000000003">
    <ele>128.74</ele>
   </trkpt>
   <trkpt lat="53.79921" lon="21.715380000000003">
    <ele>129.95000000000002</ele>
   </trkpt>
   <trkpt lat="53.79907000000001" lon="21.71612">
    <ele>131.24</ele>
   </trkpt>
   <trkpt lat="53.79899500781509" lon="21.717490002289086">
    <ele>133.4</ele>
   </trkpt>
   <trkpt lat="53.79892" lon="21.718860000000003">
    <ele>131.04000000000002</ele>
   </trkpt>
   <trkpt lat="53.798910003039985" lon="21.719715000242978">
    <ele>132.15</ele>
   </trkpt>
   <trkpt lat="53.7989" lon="21.720570000000002">
    <ele>132.49</ele>
   </trkpt>
   <trkpt lat="53.798865002975695" lon="21.721415000561063">
    <ele>132.98999999999998</ele>
   </trkpt>
   <trkpt lat="53.79883" lon="21.722260000000002">
    <ele>134.61</ele>
   </trkpt>
   <trkpt lat="53.798805003125906" lon="21.723125000033793">
    <ele>134.64000000000001</ele>
   </trkpt>
   <trkpt lat="53.79878000000001" lon="21.72399">
    <ele>133.60000000000002</ele>
   </trkpt>
   <trkpt lat="53.79847" lon="21.72418">
    <ele>133.55</ele>
   </trkpt>
   <trkpt lat="53.79802" lon="21.724600000000002">
    <ele>133.67000000000002</ele>
   </trkpt>
   <trkpt lat="53.79791" lon="21.7249">
    <ele>133.36</ele>
   </trkpt>
   <trkpt lat="53.797900000000006" lon="21.72528">
    <ele>132.72</ele>
   </trkpt>
   <trkpt lat="53.79793" lon="21.726260000000003">
    <ele>131.28</ele>
   </trkpt>
   <trkpt lat="53.79791500502999" lon="21.72736000058466">
    <ele>132.96</ele>
   </trkpt>
   <trkpt lat="53.797900000000006" lon="21.728460000000002">
    <ele>128.81</ele>
   </trkpt>
   <trkpt lat="53.797880000000006" lon="21.728990000000003">
    <ele>126.93</ele>
   </trkpt>
   <trkpt lat="53.79778" lon="21.73016">
    <ele>124.99</ele>
   </trkpt>
   <trkpt lat="53.797760000000004" lon="21.73083">
    <ele>124.36000000000001</ele>
   </trkpt>
   <trkpt lat="53.79777000000001" lon="21.73128">
    <ele>124.10000000000001</ele>
   </trkpt>
   <trkpt lat="53.797850000000004" lon="21.73185">
    <ele>123.95</ele>
   </trkpt>
   <trkpt lat="53.798700000000004" lon="21.73149">
    <ele>125.67</ele>
   </trkpt>
   <trkpt lat="53.79912" lon="21.731250000000003">
    <ele>125.95</ele>
   </trkpt>
   <trkpt lat="53.799310000000006" lon="21.7311">
    <ele>125.96000000000001</ele>
   </trkpt>
   <trkpt lat="53.799960000000006" lon="21.73034">
    <ele>125.64</ele>
   </trkpt>
   <trkpt lat="53.800180000000005" lon="21.73016">
    <ele>125.63000000000002</ele>
   </trkpt>
   <trkpt lat="53.80062" lon="21.729920000000003">
    <ele>126.30000000000003</ele>
   </trkpt>
   <trkpt lat="53.801030000000004" lon="21.72982">
    <ele>126.51</ele>
   </trkpt>
   <trkpt lat="53.801550000000006" lon="21.72981">
    <ele>126.55000000000003</ele>
   </trkpt>
   <trkpt lat="53.801880000000004" lon="21.729870000000002">
    <ele>126.07000000000001</ele>
   </trkpt>
   <trkpt lat="53.80243" lon="21.729920000000003">
    <ele>125.13000000000001</ele>
   </trkpt>
   <trkpt lat="53.80259" lon="21.72999">
    <ele>125.32000000000001</ele>
   </trkpt>
   <trkpt lat="53.80293" lon="21.73017">
    <ele>125.95</ele>
   </trkpt>
   <trkpt lat="53.803610000000006" lon="21.73048">
    <ele>126.30000000000003</ele>
   </trkpt>
   <trkpt lat="53.80434" lon="21.730870000000003">
    <ele>127.99000000000002</ele>
   </trkpt>
   <trkpt lat="53.804550000000006" lon="21.730960000000003">
    <ele>127.89</ele>
   </trkpt>
   <trkpt lat="53.80482000000001" lon="21.73102">
    <ele>127.92</ele>
   </trkpt>
   <trkpt lat="53.80552" lon="21.730980000000002">
    <ele>129.28</ele>
   </trkpt>
   <trkpt lat="53.80561" lon="21.73101">
    <ele>129.28</ele>
   </trkpt>
   <trkpt lat="53.80612000000001" lon="21.73128">
    <ele>129.25</ele>
   </trkpt>
   <trkpt lat="53.80639000000001" lon="21.73138">
    <ele>128.35000000000002</ele>
   </trkpt>
   <trkpt lat="53.80664" lon="21.731450000000002">
    <ele>127.94</ele>
   </trkpt>
   <trkpt lat="53.807050000000004" lon="21.7315">
    <ele>127.33</ele>
   </trkpt>
   <trkpt lat="53.80789000000001" lon="21.73156">
    <ele>125.64</ele>
   </trkpt>
   <trkpt lat="53.808060000000005" lon="21.731640000000002">
    <ele>125.53</ele>
   </trkpt>
   <trkpt lat="53.808260000000004" lon="21.731800000000003">
    <ele>125.64</ele>
   </trkpt>
   <trkpt lat="53.80856000000001" lon="21.732200000000002">
    <ele>126.45</ele>
   </trkpt>
   <trkpt lat="53.8087" lon="21.73234">
    <ele>126.7</ele>
   </trkpt>
   <trkpt lat="53.80897" lon="21.732560000000003">
    <ele>127.60000000000002</ele>
   </trkpt>
   <trkpt lat="53.809270000000005" lon="21.73269">
    <ele>127.41000000000003</ele>
   </trkpt>
   <trkpt lat="53.80941000000001" lon="21.73279">
    <ele>126.48</ele>
   </trkpt>
   <trkpt lat="53.810035001424986" lon="21.733384991083657">
    <ele>123.27</ele>
   </trkpt>
   <trkpt lat="53.810660000000006" lon="21.733980000000003">
    <ele>122.12</ele>
   </trkpt>
   <trkpt lat="53.81128500150678" lon="21.7345849909643">
    <ele>121.56000000000002</ele>
   </trkpt>
   <trkpt lat="53.811910000000005" lon="21.735190000000003">
    <ele>122.54</ele>
   </trkpt>
   <trkpt lat="53.8119" lon="21.735190000000003">
    <ele>122.53000000000002</ele>
   </trkpt>
   <trkpt lat="53.81257715386557" lon="21.735854221321976">
    <ele>123.80000000000001</ele>
   </trkpt>
   <trkpt lat="53.81325430406164" lon="21.73651846410584">
    <ele>125.09</ele>
   </trkpt>
   <trkpt lat="53.813931450588" lon="21.737182728352707">
    <ele>125.15</ele>
   </trkpt>
   <trkpt lat="53.814608593444454" lon="21.73784701406368">
    <ele>124.82000000000001</ele>
   </trkpt>
   <trkpt lat="53.81528573263078" lon="21.738511321239876">
    <ele>124.4</ele>
   </trkpt>
   <trkpt lat="53.81596286814676" lon="21.739175649882394">
    <ele>123.9</ele>
   </trkpt>
   <trkpt lat="53.81664000000001" lon="21.73984">
    <ele>123.17000000000002</ele>
   </trkpt>
   <trkpt lat="53.81714" lon="21.74031">
    <ele>122.94000000000001</ele>
   </trkpt>
   <trkpt lat="53.81774000000001" lon="21.74098">
    <ele>122.43</ele>
   </trkpt>
   <trkpt lat="53.81805000000001" lon="21.741500000000002">
    <ele>122.11000000000001</ele>
   </trkpt>
   <trkpt lat="53.818420007808136" lon="21.74246664969303">
    <ele>122.10000000000001</ele>
   </trkpt>
   <trkpt lat="53.81879000784512" lon="21.743433316456077">
    <ele>121.89000000000001</ele>
   </trkpt>
   <trkpt lat="53.819160000000004" lon="21.744400000000002">
    <ele>121.91</ele>
   </trkpt>
   <trkpt lat="53.81936" lon="21.744220000000002">
    <ele>121.82000000000001</ele>
   </trkpt>
   <trkpt lat="53.819410000000005" lon="21.74415">
    <ele>121.87</ele>
   </trkpt>
   <trkpt lat="53.81955000000001" lon="21.74397">
    <ele>122.14000000000001</ele>
   </trkpt>
   <trkpt lat="53.81973000000001" lon="21.74378">
    <ele>122.02</ele>
   </trkpt>
   <trkpt lat="53.81994" lon="21.743650000000002">
    <ele>121.25000000000001</ele>
   </trkpt>
   <trkpt lat="53.820150000000005" lon="21.74358">
    <ele>120.76</ele>
   </trkpt>
   <trkpt lat="53.820310000000006" lon="21.7436">
    <ele>120.49000000000001</ele>
   </trkpt>
   <trkpt lat="53.8207" lon="21.743810000000003">
    <ele>120.55</ele>
   </trkpt>
   <trkpt lat="53.821195000032134" lon="21.744044997130096">
    <ele>120.94</ele>
   </trkpt>
   <trkpt lat="53.821690000000004" lon="21.744280000000003">
    <ele>122.62</ele>
   </trkpt>
   <trkpt lat="53.82218" lon="21.744600000000002">
    <ele>123.55000000000001</ele>
   </trkpt>
   <trkpt lat="53.82284000000001" lon="21.74493">
    <ele>123.84</ele>
   </trkpt>
   <trkpt lat="53.82312500225693" lon="21.744210004641317">
    <ele>123.25000000000001</ele>
   </trkpt>
   <trkpt lat="53.82341" lon="21.74349">
    <ele>124.09</ele>
   </trkpt>
   <trkpt lat="53.824020000000004" lon="21.742440000000002">
    <ele>124.94000000000001</ele>
   </trkpt>
   <trkpt lat="53.824650000000005" lon="21.74161">
    <ele>125.41000000000003</ele>
   </trkpt>
   <trkpt lat="53.82525500578658" lon="21.740927529594273">
    <ele>128.43</ele>
   </trkpt>
   <trkpt lat="53.8258600076998" lon="21.740245039477394">
    <ele>128.26000000000002</ele>
   </trkpt>
   <trkpt lat="53.826465005739486" lon="21.73956252964849">
    <ele>128.37</ele>
   </trkpt>
   <trkpt lat="53.827070000000006" lon="21.73888">
    <ele>130.33</ele>
   </trkpt>
   <trkpt lat="53.82757000174454" lon="21.738215008062337">
    <ele>130.17000000000002</ele>
   </trkpt>
   <trkpt lat="53.828070000000004" lon="21.737550000000002">
    <ele>130.51000000000002</ele>
   </trkpt>
   <trkpt lat="53.82833" lon="21.737550000000002">
    <ele>130.03</ele>
   </trkpt>
   <trkpt lat="53.82882000000001" lon="21.73797">
    <ele>127.94</ele>
   </trkpt>
   <trkpt lat="53.82918" lon="21.738190000000003">
    <ele>127.87</ele>
   </trkpt>
   <trkpt lat="53.82984333349352" lon="21.738279997162156">
    <ele>129.43</ele>
   </trkpt>
   <trkpt lat="53.8305066669197" lon="21.7383699971747">
    <ele>131.59</ele>
   </trkpt>
   <trkpt lat="53.83117000000001" lon="21.738460000000003">
    <ele>129.18</ele>
   </trkpt>
   <trkpt lat="53.83155000000001" lon="21.73842">
    <ele>129.60000000000002</ele>
   </trkpt>
   <trkpt lat="53.831680000000006" lon="21.73853">
    <ele>129.77</ele>
   </trkpt>
   <trkpt lat="53.831720000000004" lon="21.73879">
    <ele>129.59</ele>
   </trkpt>
   <trkpt lat="53.831810000000004" lon="21.739130000000003">
    <ele>129.45000000000002</ele>
   </trkpt>
   <trkpt lat="53.832010000000004" lon="21.739230000000003">
    <ele>129.43</ele>
   </trkpt>
   <trkpt lat="53.83216" lon="21.73908">
    <ele>129.67000000000002</ele>
   </trkpt>
   <trkpt lat="53.832510000000006" lon="21.7388">
    <ele>130.16</ele>
   </trkpt>
   <trkpt lat="53.832820000000005" lon="21.7387">
    <ele>129.74</ele>
   </trkpt>
   <trkpt lat="53.83357" lon="21.738740000000004">
    <ele>129.65</ele>
   </trkpt>
   <trkpt lat="53.83382" lon="21.73871">
    <ele>129.32000000000002</ele>
   </trkpt>
   <trkpt lat="53.83458" lon="21.738380000000003">
    <ele>128.45000000000002</ele>
   </trkpt>
   <trkpt lat="53.834900000000005" lon="21.738370000000003">
    <ele>129.23000000000002</ele>
   </trkpt>
   <trkpt lat="53.83574" lon="21.73852">
    <ele>131.28</ele>
   </trkpt>
   <trkpt lat="53.836265000633155" lon="21.738879995551642">
    <ele>131.33</ele>
   </trkpt>
   <trkpt lat="53.83679000000001" lon="21.739240000000002">
    <ele>131.84</ele>
   </trkpt>
   <trkpt lat="53.83749" lon="21.739620000000002">
    <ele>131.86</ele>
   </trkpt>
   <trkpt lat="53.837700000000005" lon="21.73995">
    <ele>131.55</ele>
   </trkpt>
   <trkpt lat="53.837900000000005" lon="21.74061">
    <ele>130.84</ele>
   </trkpt>
   <trkpt lat="53.838060000000006" lon="21.74104">
    <ele>130.74</ele>
   </trkpt>
   <trkpt lat="53.83856500261702" lon="21.741844990169167">
    <ele>132.28</ele>
   </trkpt>
   <trkpt lat="53.83907000000001" lon="21.74265">
    <ele>130.91</ele>
   </trkpt>
   <trkpt lat="53.83967333440789" lon="21.74301998929857">
    <ele>130.43</ele>
   </trkpt>
   <trkpt lat="53.840276667677536" lon="21.743389989259327">
    <ele>128.31</ele>
   </trkpt>
   <trkpt lat="53.840880000000006" lon="21.74376">
    <ele>129.77</ele>
   </trkpt>
   <trkpt lat="53.841370000000005" lon="21.743630000000003">
    <ele>131.5</ele>
   </trkpt>
   <trkpt lat="53.841730000000005" lon="21.743190000000002">
    <ele>132.21</ele>
   </trkpt>
   <trkpt lat="53.842195000786006" lon="21.742750004904433">
    <ele>133.10000000000002</ele>
   </trkpt>
   <trkpt lat="53.84266" lon="21.742310000000003">
    <ele>132.18</ele>
   </trkpt>
   <trkpt lat="53.8432" lon="21.74154">
    <ele>130.66</ele>
   </trkpt>
   <trkpt lat="53.843520000000005" lon="21.741130000000002">
    <ele>130.99</ele>
   </trkpt>
   <trkpt lat="53.84394" lon="21.74096">
    <ele>131.59</ele>
   </trkpt>
   <trkpt lat="53.844770000000004" lon="21.74089">
    <ele>132.55</ele>
   </trkpt>
   <trkpt lat="53.84512" lon="21.7407">
    <ele>132.11</ele>
   </trkpt>
   <trkpt lat="53.84572000000001" lon="21.74024">
    <ele>131.74</ele>
   </trkpt>
   <trkpt lat="53.846210000000006" lon="21.739980000000003">
    <ele>130.39000000000001</ele>
   </trkpt>
   <trkpt lat="53.84644" lon="21.739630000000002">
    <ele>130.54999999999998</ele>
   </trkpt>
   <trkpt lat="53.846810000000005" lon="21.73985">
    <ele>130.19</ele>
   </trkpt>
   <trkpt lat="53.84711000000001" lon="21.74021">
    <ele>130.64000000000001</ele>
   </trkpt>
   <trkpt lat="53.84743" lon="21.74049">
    <ele>131.39000000000001</ele>
   </trkpt>
   <trkpt lat="53.84817" lon="21.740910000000003">
    <ele>133.19</ele>
   </trkpt>
   <trkpt lat="53.84845000000001" lon="21.741030000000002">
    <ele>133.14000000000001</ele>
   </trkpt>
   <trkpt lat="53.84874000000001" lon="21.74123">
    <ele>133.29000000000002</ele>
   </trkpt>
   <trkpt lat="53.84908000000001" lon="21.74107">
    <ele>132.0</ele>
   </trkpt>
   <trkpt lat="53.84931" lon="21.740920000000003">
    <ele>131.24</ele>
   </trkpt>
   <trkpt lat="53.84998000317409" lon="21.740303353063332">
    <ele>129.03</ele>
   </trkpt>
   <trkpt lat="53.85065000318682" lon="21.739686686385337">
    <ele>129.84</ele>
   </trkpt>
   <trkpt lat="53.85132" lon="21.73907">
    <ele>130.33</ele>
   </trkpt>
   <trkpt lat="53.85206500152799" lon="21.73847501054584">
    <ele>131.63</ele>
   </trkpt>
   <trkpt lat="53.852810000000005" lon="21.73788">
    <ele>134.0</ele>
   </trkpt>
   <trkpt lat="53.85333000068731" lon="21.73826999519572">
    <ele>133.28</ele>
   </trkpt>
   <trkpt lat="53.85385" lon="21.738660000000003">
    <ele>132.42000000000002</ele>
   </trkpt>
   <trkpt lat="53.85437000301398" lon="21.73926665153764">
    <ele>130.92000000000002</ele>
   </trkpt>
   <trkpt lat="53.85489000296845" lon="21.73987331815093">
    <ele>129.57000000000002</ele>
   </trkpt>
   <trkpt lat="53.855410000000006" lon="21.74048">
    <ele>130.09</ele>
   </trkpt>
   <trkpt lat="53.85562" lon="21.74078">
    <ele>130.26000000000002</ele>
   </trkpt>
   <trkpt lat="53.855720000000005" lon="21.741110000000003">
    <ele>130.47</ele>
   </trkpt>
   <trkpt lat="53.855720000000005" lon="21.74155">
    <ele>131.08</ele>
   </trkpt>
   <trkpt lat="53.8556" lon="21.74265">
    <ele>133.53</ele>
   </trkpt>
   <trkpt lat="53.85569" lon="21.74293">
    <ele>134.41</ele>
   </trkpt>
   <trkpt lat="53.85578" lon="21.74295">
    <ele>134.41</ele>
   </trkpt>
   <trkpt lat="53.856" lon="21.74305">
    <ele>134.88</ele>
   </trkpt>
   <trkpt lat="53.85624000000001" lon="21.74304">
    <ele>135.5</ele>
   </trkpt>
   <trkpt lat="53.856770000000004" lon="21.74295">
    <ele>137.09</ele>
   </trkpt>
   <trkpt lat="53.857215000169695" lon="21.742685002890816">
    <ele>137.09</ele>
   </trkpt>
   <trkpt lat="53.85766" lon="21.742420000000003">
    <ele>136.82000000000002</ele>
   </trkpt>
   <trkpt lat="53.857870000000005" lon="21.742340000000002">
    <ele>136.86</ele>
   </trkpt>
   <trkpt lat="53.85806" lon="21.74236">
    <ele>137.05</ele>
   </trkpt>
   <trkpt lat="53.858250000000005" lon="21.742440000000002">
    <ele>137.25</ele>
   </trkpt>
   <trkpt lat="53.859030000000004" lon="21.742710000000002">
    <ele>135.01000000000002</ele>
   </trkpt>
   <trkpt lat="53.859320000000004" lon="21.74275">
    <ele>134.12</ele>
   </trkpt>
   <trkpt lat="53.859700000000004" lon="21.74275">
    <ele>131.57000000000002</ele>
   </trkpt>
   <trkpt lat="53.86036000000001" lon="21.742810000000002">
    <ele>129.37</ele>
   </trkpt>
   <trkpt lat="53.860730000000004" lon="21.742910000000002">
    <ele>128.62</ele>
   </trkpt>
   <trkpt lat="53.86133" lon="21.7432">
    <ele>128.29999999999998</ele>
   </trkpt>
   <trkpt lat="53.86151" lon="21.743380000000002">
    <ele>128.28</ele>
   </trkpt>
   <trkpt lat="53.862030000000004" lon="21.743850000000002">
    <ele>128.81</ele>
   </trkpt>
   <trkpt lat="53.86256" lon="21.74405">
    <ele>128.23000000000002</ele>
   </trkpt>
   <trkpt lat="53.863150000000005" lon="21.744300000000003">
    <ele>127.95</ele>
   </trkpt>
   <trkpt lat="53.863640000000004" lon="21.744600000000002">
    <ele>127.17</ele>
   </trkpt>
   <trkpt lat="53.86379" lon="21.744750000000003">
    <ele>126.99000000000002</ele>
   </trkpt>
   <trkpt lat="53.864290000000004" lon="21.74556">
    <ele>124.80000000000001</ele>
   </trkpt>
   <trkpt lat="53.864380000000004" lon="21.74565">
    <ele>124.68</ele>
   </trkpt>
   <trkpt lat="53.86455" lon="21.74577">
    <ele>124.23</ele>
   </trkpt>
   <trkpt lat="53.86466000000001" lon="21.745800000000003">
    <ele>123.91</ele>
   </trkpt>
   <trkpt lat="53.864700000000006" lon="21.745790000000003">
    <ele>123.91</ele>
   </trkpt>
   <trkpt lat="53.86473" lon="21.74586">
    <ele>123.91</ele>
   </trkpt>
   <trkpt lat="53.86488000000001" lon="21.746090000000002">
    <ele>124.12</ele>
   </trkpt>
   <trkpt lat="53.86495000000001" lon="21.746280000000002">
    <ele>124.41000000000001</ele>
   </trkpt>
   <trkpt lat="53.86509" lon="21.7463">
    <ele>124.41000000000001</ele>
   </trkpt>
   <trkpt lat="53.8654" lon="21.746540000000003">
    <ele>124.01</ele>
   </trkpt>
   <trkpt lat="53.8654" lon="21.746530000000003">
    <ele>124.01</ele>
   </trkpt>
   <trkpt lat="53.86581" lon="21.746830000000003">
    <ele>124.01</ele>
   </trkpt>
   <trkpt lat="53.865930000000006" lon="21.746830000000003">
    <ele>124.01</ele>
   </trkpt>
   <trkpt lat="53.866290000000006" lon="21.74643">
    <ele>122.54</ele>
   </trkpt>
   <trkpt lat="53.86641" lon="21.7462">
    <ele>122.54</ele>
   </trkpt>
   <trkpt lat="53.866490000000006" lon="21.745630000000002">
    <ele>122.54</ele>
   </trkpt>
   <trkpt lat="53.866670000000006" lon="21.74528">
    <ele>122.54</ele>
   </trkpt>
   <trkpt lat="53.86724" lon="21.744560000000003">
    <ele>122.16</ele>
   </trkpt>
   <trkpt lat="53.8676" lon="21.744190000000003">
    <ele>122.23</ele>
   </trkpt>
   <trkpt lat="53.867960000000004" lon="21.743910000000003">
    <ele>121.81000000000002</ele>
   </trkpt>
   <trkpt lat="53.86834" lon="21.743640000000003">
    <ele>120.81000000000002</ele>
   </trkpt>
   <trkpt lat="53.86903" lon="21.74313">
    <ele>120.58</ele>
   </trkpt>
   <trkpt lat="53.86972000139341" lon="21.74255000957183">
    <ele>121.24000000000001</ele>
   </trkpt>
   <trkpt lat="53.87041000000001" lon="21.741970000000002">
    <ele>120.17000000000002</ele>
   </trkpt>
   <trkpt lat="53.87114000133789" lon="21.741405009852617">
    <ele>120.99000000000001</ele>
   </trkpt>
   <trkpt lat="53.87187" lon="21.740840000000002">
    <ele>123.50000000000001</ele>
   </trkpt>
   <trkpt lat="53.872476669435216" lon="21.740270016472362">
    <ele>123.68</ele>
   </trkpt>
   <trkpt lat="53.873083336170104" lon="21.73970001640855">
    <ele>124.63</ele>
   </trkpt>
   <trkpt lat="53.87369" lon="21.739130000000003">
    <ele>127.35000000000002</ele>
   </trkpt>
   <trkpt lat="53.87433000282221" lon="21.738546684526355">
    <ele>129.92000000000002</ele>
   </trkpt>
   <trkpt lat="53.874970002816355" lon="21.737963351198697">
    <ele>130.57000000000002</ele>
   </trkpt>
   <trkpt lat="53.87561" lon="21.73738">
    <ele>132.98000000000002</ele>
   </trkpt>
   <trkpt lat="53.875750000000004" lon="21.73722">
    <ele>132.98000000000002</ele>
   </trkpt>
   <trkpt lat="53.8760800013086" lon="21.7366700042544">
    <ele>133.74</ele>
   </trkpt>
   <trkpt lat="53.87641000000001" lon="21.736120000000003">
    <ele>132.63</ele>
   </trkpt>
   <trkpt lat="53.877045004011066" lon="21.735135014989954">
    <ele>128.79999999999998</ele>
   </trkpt>
   <trkpt lat="53.877680000000005" lon="21.734150000000003">
    <ele>127.29</ele>
   </trkpt>
   <trkpt lat="53.877680000000005" lon="21.73414">
    <ele>127.29</ele>
   </trkpt>
   <trkpt lat="53.87832" lon="21.7332">
    <ele>125.56</ele>
   </trkpt>
   <trkpt lat="53.8789" lon="21.732110000000002">
    <ele>124.9</ele>
   </trkpt>
   <trkpt lat="53.87883000000001" lon="21.73158">
    <ele>124.80000000000001</ele>
   </trkpt>
   <trkpt lat="53.87888" lon="21.731250000000003">
    <ele>123.9</ele>
   </trkpt>
   <trkpt lat="53.87906" lon="21.730680000000003">
    <ele>123.37</ele>
   </trkpt>
   <trkpt lat="53.879110000000004" lon="21.73038">
    <ele>123.08000000000001</ele>
   </trkpt>
   <trkpt lat="53.87906" lon="21.7297">
    <ele>122.4</ele>
   </trkpt>
   <trkpt lat="53.87916000451945" lon="21.72866000222771">
    <ele>123.05</ele>
   </trkpt>
   <trkpt lat="53.87926" lon="21.72762">
    <ele>122.74000000000001</ele>
   </trkpt>
   <trkpt lat="53.87953" lon="21.72669">
    <ele>123.81</ele>
   </trkpt>
   <trkpt lat="53.87977000000001" lon="21.726020000000002">
    <ele>122.9</ele>
   </trkpt>
   <trkpt lat="53.880190000000006" lon="21.72511">
    <ele>122.78000000000002</ele>
   </trkpt>
   <trkpt lat="53.88035000000001" lon="21.72447">
    <ele>123.07000000000001</ele>
   </trkpt>
   <trkpt lat="53.88046000000001" lon="21.723930000000003">
    <ele>123.19000000000001</ele>
   </trkpt>
   <trkpt lat="53.88083" lon="21.72266">
    <ele>122.75000000000001</ele>
   </trkpt>
   <trkpt lat="53.88082000453479" lon="21.721614999443016">
    <ele>124.19000000000001</ele>
   </trkpt>
   <trkpt lat="53.880810000000004" lon="21.720570000000002">
    <ele>124.98</ele>
   </trkpt>
   <trkpt lat="53.880840002863735" lon="21.71974000056436">
    <ele>124.59</ele>
   </trkpt>
   <trkpt lat="53.88087" lon="21.71891">
    <ele>124.16000000000001</ele>
   </trkpt>
   <trkpt lat="53.880840000000006" lon="21.718230000000002">
    <ele>124.29</ele>
   </trkpt>
   <trkpt lat="53.88088500247848" lon="21.71745500113275">
    <ele>123.84</ele>
   </trkpt>
   <trkpt lat="53.880930000000006" lon="21.71668">
    <ele>123.36000000000001</ele>
   </trkpt>
   <trkpt lat="53.88098" lon="21.71637">
    <ele>123.09</ele>
   </trkpt>
   <trkpt lat="53.881060000000005" lon="21.716060000000002">
    <ele>122.85000000000001</ele>
   </trkpt>
   <trkpt lat="53.88116" lon="21.715880000000002">
    <ele>122.84</ele>
   </trkpt>
   <trkpt lat="53.881420000000006" lon="21.715600000000002">
    <ele>122.73</ele>
   </trkpt>
   <trkpt lat="53.8815" lon="21.71545">
    <ele>122.76</ele>
   </trkpt>
   <trkpt lat="53.88156000000001" lon="21.71525">
    <ele>122.76</ele>
   </trkpt>
   <trkpt lat="53.881640000000004" lon="21.71458">
    <ele>123.02</ele>
   </trkpt>
   <trkpt lat="53.88168" lon="21.71383">
    <ele>123.74000000000001</ele>
   </trkpt>
   <trkpt lat="53.881820000000005" lon="21.712390000000003">
    <ele>122.18</ele>
   </trkpt>
   <trkpt lat="53.881910002396204" lon="21.71162500194923">
    <ele>122.06000000000002</ele>
   </trkpt>
   <trkpt lat="53.882000000000005" lon="21.71086">
    <ele>122.19</ele>
   </trkpt>
   <trkpt lat="53.88248" lon="21.71055">
    <ele>121.73</ele>
   </trkpt>
   <trkpt lat="53.883050000000004" lon="21.710220000000003">
    <ele>123.16</ele>
   </trkpt>
   <trkpt lat="53.88313" lon="21.71007">
    <ele>123.28000000000002</ele>
   </trkpt>
   <trkpt lat="53.882740000000005" lon="21.709840000000003">
    <ele>123.93</ele>
   </trkpt>
   <trkpt lat="53.88221000000001" lon="21.709290000000003">
    <ele>124.79</ele>
   </trkpt>
   <trkpt lat="53.88196000000001" lon="21.70899">
    <ele>124.62</ele>
   </trkpt>
   <trkpt lat="53.881510000000006" lon="21.70833">
    <ele>124.42000000000002</ele>
   </trkpt>
   <trkpt lat="53.881130000000006" lon="21.70754">
    <ele>123.51</ele>
   </trkpt>
   <trkpt lat="53.88082000000001" lon="21.706850000000003">
    <ele>122.60000000000001</ele>
   </trkpt>
   <trkpt lat="53.8804450034797" lon="21.705934991795118">
    <ele>121.65</ele>
   </trkpt>
   <trkpt lat="53.88007" lon="21.70502">
    <ele>121.10000000000001</ele>
   </trkpt>
   <trkpt lat="53.879830000000005" lon="21.70463">
    <ele>121.28000000000002</ele>
   </trkpt>
   <trkpt lat="53.87950000000001" lon="21.704320000000003">
    <ele>121.85000000000001</ele>
   </trkpt>
   <trkpt lat="53.878915000272535" lon="21.704024995827776">
    <ele>122.82000000000001</ele>
   </trkpt>
   <trkpt lat="53.878330000000005" lon="21.70373">
    <ele>124.37</ele>
   </trkpt>
   <trkpt lat="53.878440000000005" lon="21.703780000000002">
    <ele>124.10000000000001</ele>
   </trkpt>
   <trkpt lat="53.87859" lon="21.702640000000002">
    <ele>123.24000000000001</ele>
   </trkpt>
   <trkpt lat="53.87867000000001" lon="21.702250000000003">
    <ele>122.83000000000001</ele>
   </trkpt>
   <trkpt lat="53.87877" lon="21.70194">
    <ele>121.8</ele>
   </trkpt>
   <trkpt lat="53.878910000000005" lon="21.701580000000003">
    <ele>121.29</ele>
   </trkpt>
   <trkpt lat="53.87903000000001" lon="21.70137">
    <ele>121.18</ele>
   </trkpt>
   <trkpt lat="53.879090000000005" lon="21.701230000000002">
    <ele>121.23</ele>
   </trkpt>
   <trkpt lat="53.879400000000004" lon="21.69997">
    <ele>119.93</ele>
   </trkpt>
   <trkpt lat="53.87974000367165" lon="21.69903500749612">
    <ele>119.63000000000001</ele>
   </trkpt>
   <trkpt lat="53.88008000000001" lon="21.6981">
    <ele>121.17000000000002</ele>
   </trkpt>
   <trkpt lat="53.88026000000001" lon="21.697740000000003">
    <ele>122.03000000000002</ele>
   </trkpt>
   <trkpt lat="53.8804" lon="21.69759">
    <ele>122.49000000000001</ele>
   </trkpt>
   <trkpt lat="53.880570000000006" lon="21.69744">
    <ele>122.53000000000002</ele>
   </trkpt>
   <trkpt lat="53.88065" lon="21.697360000000003">
    <ele>122.22000000000001</ele>
   </trkpt>
   <trkpt lat="53.88085" lon="21.69705">
    <ele>120.3</ele>
   </trkpt>
   <trkpt lat="53.88111000000001" lon="21.69629">
    <ele>118.91000000000001</ele>
   </trkpt>
   <trkpt lat="53.881280000000004" lon="21.6959">
    <ele>118.67000000000002</ele>
   </trkpt>
   <trkpt lat="53.88158000000001" lon="21.69544">
    <ele>119.52000000000001</ele>
   </trkpt>
   <trkpt lat="53.8819" lon="21.695040000000002">
    <ele>118.70000000000002</ele>
   </trkpt>
   <trkpt lat="53.8821" lon="21.694660000000002">
    <ele>118.04</ele>
   </trkpt>
   <trkpt lat="53.88250000000001" lon="21.693620000000003">
    <ele>119.29</ele>
   </trkpt>
   <trkpt lat="53.88279000000001" lon="21.69255">
    <ele>120.88000000000001</ele>
   </trkpt>
   <trkpt lat="53.882920003193384" lon="21.691675002639887">
    <ele>120.68</ele>
   </trkpt>
   <trkpt lat="53.883050000000004" lon="21.690800000000003">
    <ele>120.0</ele>
   </trkpt>
   <trkpt lat="53.88333000000001" lon="21.68965">
    <ele>118.31000000000002</ele>
   </trkpt>
   <trkpt lat="53.88351" lon="21.6888">
    <ele>118.43</ele>
   </trkpt>
   <trkpt lat="53.88371000000001" lon="21.688180000000003">
    <ele>120.14000000000001</ele>
   </trkpt>
   <trkpt lat="53.88393000000001" lon="21.68701">
    <ele>120.44</ele>
   </trkpt>
   <trkpt lat="53.884170000000005" lon="21.68599">
    <ele>119.44</ele>
   </trkpt>
   <trkpt lat="53.88458000000001" lon="21.68468">
    <ele>118.70000000000002</ele>
   </trkpt>
   <trkpt lat="53.88494000000001" lon="21.68365">
    <ele>118.42000000000002</ele>
   </trkpt>
   <trkpt lat="53.88517" lon="21.68288">
    <ele>119.46000000000001</ele>
   </trkpt>
   <trkpt lat="53.885290000000005" lon="21.682370000000002">
    <ele>119.27000000000001</ele>
   </trkpt>
   <trkpt lat="53.88532000000001" lon="21.681900000000002">
    <ele>119.53000000000002</ele>
   </trkpt>
   <trkpt lat="53.88532000000001" lon="21.6813">
    <ele>120.88000000000001</ele>
   </trkpt>
   <trkpt lat="53.88524" lon="21.68007">
    <ele>127.29</ele>
   </trkpt>
   <trkpt lat="53.88506" lon="21.678690000000003">
    <ele>128.03</ele>
   </trkpt>
   <trkpt lat="53.88497500248968" lon="21.6779149983694">
    <ele>125.4</ele>
   </trkpt>
   <trkpt lat="53.884890000000006" lon="21.67714">
    <ele>123.36000000000001</ele>
   </trkpt>
   <trkpt lat="53.88488" lon="21.6765">
    <ele>122.48</ele>
   </trkpt>
   <trkpt lat="53.88479334186865" lon="21.675486662487337">
    <ele>121.73</ele>
   </trkpt>
   <trkpt lat="53.884706675203866" lon="21.674473329176095">
    <ele>120.81000000000002</ele>
   </trkpt>
   <trkpt lat="53.884620000000005" lon="21.673460000000002">
    <ele>120.11</ele>
   </trkpt>
   <trkpt lat="53.884520003862626" lon="21.67249499762617">
    <ele>120.23</ele>
   </trkpt>
   <trkpt lat="53.884420000000006" lon="21.67153">
    <ele>120.45000000000002</ele>
   </trkpt>
   <trkpt lat="53.88438000000001" lon="21.671370000000003">
    <ele>120.45000000000002</ele>
   </trkpt>
   <trkpt lat="53.88461" lon="21.670540000000003">
    <ele>119.97</ele>
   </trkpt>
   <trkpt lat="53.884820000000005" lon="21.670050000000003">
    <ele>119.86</ele>
   </trkpt>
   <trkpt lat="53.88542" lon="21.66907">
    <ele>119.66000000000001</ele>
   </trkpt>
   <trkpt lat="53.885850000000005" lon="21.66851">
    <ele>120.12</ele>
   </trkpt>
   <trkpt lat="53.886210000000005" lon="21.668190000000003">
    <ele>120.38000000000001</ele>
   </trkpt>
   <trkpt lat="53.886610000000005" lon="21.667900000000003">
    <ele>120.57000000000001</ele>
   </trkpt>
   <trkpt lat="53.88696" lon="21.66769">
    <ele>120.97</ele>
   </trkpt>
   <trkpt lat="53.88761" lon="21.667420000000003">
    <ele>121.3</ele>
   </trkpt>
   <trkpt lat="53.88837" lon="21.667170000000002">
    <ele>121.18</ele>
   </trkpt>
   <trkpt lat="53.88915000000001" lon="21.66684">
    <ele>122.28000000000002</ele>
   </trkpt>
   <trkpt lat="53.889410000000005" lon="21.666680000000003">
    <ele>122.47000000000001</ele>
   </trkpt>
   <trkpt lat="53.88971" lon="21.66644">
    <ele>122.66</ele>
   </trkpt>
   <trkpt lat="53.890060000000005" lon="21.666120000000003">
    <ele>122.93</ele>
   </trkpt>
   <trkpt lat="53.890550000000005" lon="21.665680000000002">
    <ele>123.17000000000002</ele>
   </trkpt>
   <trkpt lat="53.89083" lon="21.6654">
    <ele>123.12</ele>
   </trkpt>
   <trkpt lat="53.89112000000001" lon="21.665080000000003">
    <ele>123.12</ele>
   </trkpt>
   <trkpt lat="53.89158500120603" lon="21.664520006347338">
    <ele>123.67000000000002</ele>
   </trkpt>
   <trkpt lat="53.892050000000005" lon="21.663960000000003">
    <ele>124.06</ele>
   </trkpt>
   <trkpt lat="53.892500000000005" lon="21.66354">
    <ele>124.21000000000001</ele>
   </trkpt>
   <trkpt lat="53.89273000000001" lon="21.66336">
    <ele>124.18</ele>
   </trkpt>
   <trkpt lat="53.893550000000005" lon="21.662840000000003">
    <ele>124.01</ele>
   </trkpt>
   <trkpt lat="53.89367000000001" lon="21.66279">
    <ele>124.01</ele>
   </trkpt>
   <trkpt lat="53.893800000000006" lon="21.662770000000002">
    <ele>123.66</ele>
   </trkpt>
   <trkpt lat="53.894270000000006" lon="21.662750000000003">
    <ele>123.3</ele>
   </trkpt>
   <trkpt lat="53.894830000000006" lon="21.662670000000002">
    <ele>122.78000000000002</ele>
   </trkpt>
   <trkpt lat="53.894940000000005" lon="21.66261">
    <ele>122.79</ele>
   </trkpt>
   <trkpt lat="53.894980000000004" lon="21.662550000000003">
    <ele>122.79</ele>
   </trkpt>
   <trkpt lat="53.89504" lon="21.662360000000003">
    <ele>122.86000000000001</ele>
   </trkpt>
   <trkpt lat="53.895320000000005" lon="21.6625">
    <ele>122.06000000000002</ele>
   </trkpt>
   <trkpt lat="53.895480000000006" lon="21.66252">
    <ele>121.8</ele>
   </trkpt>
   <trkpt lat="53.896150000000006" lon="21.66243">
    <ele>120.77000000000001</ele>
   </trkpt>
   <trkpt lat="53.896370000000005" lon="21.66243">
    <ele>120.66</ele>
   </trkpt>
   <trkpt lat="53.897000000000006" lon="21.66252">
    <ele>119.84000000000002</ele>
   </trkpt>
   <trkpt lat="53.89715" lon="21.6625">
    <ele>119.79</ele>
   </trkpt>
   <trkpt lat="53.897240000000004" lon="21.662460000000003">
    <ele>119.79</ele>
   </trkpt>
   <trkpt lat="53.897310000000004" lon="21.6624">
    <ele>119.75</ele>
   </trkpt>
   <trkpt lat="53.897490000000005" lon="21.662170000000003">
    <ele>119.70000000000002</ele>
   </trkpt>
   <trkpt lat="53.89762" lon="21.66195">
    <ele>119.56000000000002</ele>
   </trkpt>
   <trkpt lat="53.89811" lon="21.660980000000002">
    <ele>118.96000000000001</ele>
   </trkpt>
   <trkpt lat="53.89819000000001" lon="21.660890000000002">
    <ele>118.96000000000001</ele>
   </trkpt>
   <trkpt lat="53.898340000000005" lon="21.660770000000003">
    <ele>118.89</ele>
   </trkpt>
   <trkpt lat="53.89847" lon="21.66071">
    <ele>118.89</ele>
   </trkpt>
   <trkpt lat="53.89932" lon="21.660480000000003">
    <ele>119.42000000000002</ele>
   </trkpt>
   <trkpt lat="53.89993500017802" lon="21.660355001816967">
    <ele>119.05</ele>
   </trkpt>
   <trkpt lat="53.90055" lon="21.660230000000002">
    <ele>118.04</ele>
   </trkpt>
   <trkpt lat="53.90072000000001" lon="21.660210000000003">
    <ele>117.92</ele>
   </trkpt>
   <trkpt lat="53.90086" lon="21.660220000000002">
    <ele>117.84000000000002</ele>
   </trkpt>
   <trkpt lat="53.901140000000005" lon="21.660310000000003">
    <ele>117.83</ele>
   </trkpt>
   <trkpt lat="53.90176333396029" lon="21.660579991952336">
    <ele>119.61</ele>
   </trkpt>
   <trkpt lat="53.90238666731489" lon="21.6608499919614">
    <ele>119.99000000000001</ele>
   </trkpt>
   <trkpt lat="53.90301" lon="21.66112">
    <ele>118.94</ele>
   </trkpt>
   <trkpt lat="53.903000000000006" lon="21.661">
    <ele>117.84000000000002</ele>
   </trkpt>
   <trkpt lat="53.90297" lon="21.66091">
    <ele>117.84000000000002</ele>
   </trkpt>
   <trkpt lat="53.90263" lon="21.660670000000003">
    <ele>117.05000000000001</ele>
   </trkpt>
   <trkpt lat="53.902550000000005" lon="21.66052">
    <ele>116.99000000000001</ele>
   </trkpt>
   <trkpt lat="53.90254" lon="21.660320000000002">
    <ele>117.0</ele>
   </trkpt>
   <trkpt lat="53.90277000412807" lon="21.659320005619644">
    <ele>117.30000000000001</ele>
   </trkpt>
   <trkpt lat="53.903000000000006" lon="21.658320000000003">
    <ele>117.72</ele>
   </trkpt>
   <trkpt lat="53.90325000000001" lon="21.65726">
    <ele>118.03</ele>
   </trkpt>
   <trkpt lat="53.90355" lon="21.656450000000003">
    <ele>118.05000000000001</ele>
   </trkpt>
   <trkpt lat="53.90355" lon="21.65622">
    <ele>118.01</ele>
   </trkpt>
   <trkpt lat="53.903510000000004" lon="21.656000000000002">
    <ele>117.94</ele>
   </trkpt>
   <trkpt lat="53.903180000000006" lon="21.655130000000003">
    <ele>117.12000000000002</ele>
   </trkpt>
   <trkpt lat="53.903040000000004" lon="21.65491">
    <ele>117.12000000000002</ele>
   </trkpt>
   <trkpt lat="53.902485002323075" lon="21.654149989798828">
    <ele>116.4</ele>
   </trkpt>
   <trkpt lat="53.90193000000001" lon="21.65339">
    <ele>116.0</ele>
   </trkpt>
   <trkpt lat="53.90130501431027" lon="21.652559937917808">
    <ele>115.88000000000001</ele>
   </trkpt>
   <trkpt lat="53.90068002289592" lon="21.651729900669817">
    <ele>115.72</ele>
   </trkpt>
   <trkpt lat="53.90005502575728" lon="21.650899888254934">
    <ele>115.57000000000001</ele>
   </trkpt>
   <trkpt lat="53.89943002289464" lon="21.650069900672086">
    <ele>115.53</ele>
   </trkpt>
   <trkpt lat="53.89880501430831" lon="21.64923993792018">
    <ele>115.54</ele>
   </trkpt>
   <trkpt lat="53.89818" lon="21.648410000000002">
    <ele>115.83000000000001</ele>
   </trkpt>
   <trkpt lat="53.89753500876004" lon="21.647572461239562">
    <ele>115.97</ele>
   </trkpt>
   <trkpt lat="53.89689001169163" lon="21.64673494833551">
    <ele>115.93</ele>
   </trkpt>
   <trkpt lat="53.89624500879511" lon="21.645897461286683">
    <ele>116.05000000000001</ele>
   </trkpt>
   <trkpt lat="53.8956" lon="21.64506">
    <ele>116.11</ele>
   </trkpt>
   <trkpt lat="53.89551" lon="21.64476">
    <ele>116.11</ele>
   </trkpt>
   <trkpt lat="53.89560001242785" lon="21.643536672036614">
    <ele>116.02000000000001</ele>
   </trkpt>
   <trkpt lat="53.89569001242051" lon="21.64231333880337">
    <ele>116.10000000000001</ele>
   </trkpt>
   <trkpt lat="53.89578" lon="21.641090000000002">
    <ele>116.16000000000001</ele>
   </trkpt>
   <trkpt lat="53.895810000000004" lon="21.640520000000002">
    <ele>116.55000000000001</ele>
   </trkpt>
   <trkpt lat="53.895700000000005" lon="21.63992">
    <ele>116.77000000000001</ele>
   </trkpt>
   <trkpt lat="53.8956" lon="21.639550000000003">
    <ele>116.93</ele>
   </trkpt>
   <trkpt lat="53.89556" lon="21.63916">
    <ele>117.23000000000002</ele>
   </trkpt>
   <trkpt lat="53.8956" lon="21.638990000000003">
    <ele>117.37000000000002</ele>
   </trkpt>
   <trkpt lat="53.89567" lon="21.63885">
    <ele>117.55000000000001</ele>
   </trkpt>
   <trkpt lat="53.896150000000006" lon="21.638340000000003">
    <ele>118.41000000000001</ele>
   </trkpt>
   <trkpt lat="53.896890000000006" lon="21.63772">
    <ele>116.38000000000001</ele>
   </trkpt>
   <trkpt lat="53.89701" lon="21.637420000000002">
    <ele>116.06</ele>
   </trkpt>
   <trkpt lat="53.897134030285336" lon="21.636070016040545">
    <ele>115.87000000000002</ele>
   </trkpt>
   <trkpt lat="53.89725804542747" lon="21.634720024067285">
    <ele>116.04</ele>
   </trkpt>
   <trkpt lat="53.89738204542629" lon="21.633370024081113">
    <ele>116.13000000000001</ele>
   </trkpt>
   <trkpt lat="53.89750603028159" lon="21.632020016082926">
    <ele>116.16000000000001</ele>
   </trkpt>
   <trkpt lat="53.89763000000001" lon="21.630670000000002">
    <ele>116.49000000000001</ele>
   </trkpt>
   <trkpt lat="53.89774255280475" lon="21.62932252540144">
    <ele>116.9</ele>
   </trkpt>
   <trkpt lat="53.897855090522654" lon="21.627975043544055">
    <ele>117.16000000000001</ele>
   </trkpt>
   <trkpt lat="53.8979676131536" lon="21.62662755442875">
    <ele>117.67</ele>
   </trkpt>
   <trkpt lat="53.89808012069742" lon="21.62528005805643">
    <ele>118.02000000000001</ele>
   </trkpt>
   <trkpt lat="53.898192613153995" lon="21.623932554427995">
    <ele>117.70000000000002</ele>
   </trkpt>
   <trkpt lat="53.89830509052316" lon="21.62258504354436">
    <ele>117.4</ele>
   </trkpt>
   <trkpt lat="53.8984175528048" lon="21.62123752540641">
    <ele>116.57000000000001</ele>
   </trkpt>
   <trkpt lat="53.89853" lon="21.61989">
    <ele>116.62000000000002</ele>
   </trkpt>
   <trkpt lat="53.898825003899255" lon="21.61892500671356">
    <ele>117.09000000000002</ele>
   </trkpt>
   <trkpt lat="53.89912" lon="21.61796">
    <ele>117.42</ele>
   </trkpt>
   <trkpt lat="53.899300000000004" lon="21.61711">
    <ele>117.75</ele>
   </trkpt>
   <trkpt lat="53.89943" lon="21.6158">
    <ele>118.23000000000002</ele>
   </trkpt>
   <trkpt lat="53.89943" lon="21.61523">
    <ele>118.47</ele>
   </trkpt>
   <trkpt lat="53.899537523478315" lon="21.613857510589575">
    <ele>119.62</ele>
   </trkpt>
   <trkpt lat="53.899645031304765" lon="21.612485014115524">
    <ele>119.93</ele>
   </trkpt>
   <trkpt lat="53.89975252347922" lon="21.611112510578817">
    <ele>119.71000000000001</ele>
   </trkpt>
   <trkpt lat="53.899860000000004" lon="21.609740000000002">
    <ele>119.53000000000002</ele>
   </trkpt>
   <trkpt lat="53.899890000000006" lon="21.609630000000003">
    <ele>119.53000000000002</ele>
   </trkpt>
   <trkpt lat="53.9002350029612" lon="21.608780007118327">
    <ele>119.75</ele>
   </trkpt>
   <trkpt lat="53.900580000000005" lon="21.607930000000003">
    <ele>120.34000000000002</ele>
   </trkpt>
   <trkpt lat="53.901194011105154" lon="21.60711204810538">
    <ele>120.21000000000001</ele>
   </trkpt>
   <trkpt lat="53.90180801665119" lon="21.606294072168208">
    <ele>120.05</ele>
   </trkpt>
   <trkpt lat="53.9024220166378" lon="21.605476072187454">
    <ele>120.03000000000002</ele>
   </trkpt>
   <trkpt lat="53.90303601106473" lon="21.60465804816207">
    <ele>119.93</ele>
   </trkpt>
   <trkpt lat="53.903650000000006" lon="21.60384">
    <ele>120.92000000000002</ele>
   </trkpt>
   <trkpt lat="53.90405500093074" lon="21.60335000483119">
    <ele>121.00000000000001</ele>
   </trkpt>
   <trkpt lat="53.90446000000001" lon="21.602860000000003">
    <ele>120.70000000000002</ele>
   </trkpt>
   <trkpt lat="53.904820000909524" lon="21.602380004200082">
    <ele>120.9</ele>
   </trkpt>
   <trkpt lat="53.90518" lon="21.6019">
    <ele>121.08</ele>
   </trkpt>
   <trkpt lat="53.905740002742874" lon="21.6013233488157">
    <ele>121.16</ele>
   </trkpt>
   <trkpt lat="53.9063000027229" lon="21.600746682169863">
    <ele>121.38000000000001</ele>
   </trkpt>
   <trkpt lat="53.90686" lon="21.600170000000002">
    <ele>121.75000000000001</ele>
   </trkpt>
   <trkpt lat="53.90749500106756" lon="21.599670007578414">
    <ele>122.84</ele>
   </trkpt>
   <trkpt lat="53.90813000000001" lon="21.59917">
    <ele>123.41</ele>
   </trkpt>
   <trkpt lat="53.90851000000001" lon="21.59872">
    <ele>123.29</ele>
   </trkpt>
   <trkpt lat="53.90901" lon="21.59768">
    <ele>123.3</ele>
   </trkpt>
   <trkpt lat="53.90923" lon="21.597130000000003">
    <ele>122.88000000000001</ele>
   </trkpt>
   <trkpt lat="53.90950500294788" lon="21.59629500534118">
    <ele>120.24000000000001</ele>
   </trkpt>
   <trkpt lat="53.909780000000005" lon="21.595460000000003">
    <ele>119.24000000000001</ele>
   </trkpt>
   <trkpt lat="53.90995" lon="21.594820000000002">
    <ele>118.61</ele>
   </trkpt>
   <trkpt lat="53.9101350042474" lon="21.59381000441954">
    <ele>119.45000000000002</ele>
   </trkpt>
   <trkpt lat="53.910320000000006" lon="21.5928">
    <ele>122.2</ele>
   </trkpt>
   <trkpt lat="53.910470006682054" lon="21.591530004712574">
    <ele>121.66</ele>
   </trkpt>
   <trkpt lat="53.91062" lon="21.59026">
    <ele>118.42000000000002</ele>
   </trkpt>
   <trkpt lat="53.91066000000001" lon="21.58971">
    <ele>118.07000000000001</ele>
   </trkpt>
   <trkpt lat="53.91062" lon="21.5882">
    <ele>118.5</ele>
   </trkpt>
   <trkpt lat="53.91071500515266" lon="21.587085002672758">
    <ele>120.04</ele>
   </trkpt>
   <trkpt lat="53.910810000000005" lon="21.585970000000003">
    <ele>120.53000000000002</ele>
   </trkpt>
   <trkpt lat="53.910880000000006" lon="21.585620000000002">
    <ele>120.60000000000001</ele>
   </trkpt>
   <trkpt lat="53.910880000000006" lon="21.58498">
    <ele>120.13000000000001</ele>
   </trkpt>
   <trkpt lat="53.91067" lon="21.58378">
    <ele>119.29</ele>
   </trkpt>
   <trkpt lat="53.91067" lon="21.58376">
    <ele>119.29</ele>
   </trkpt>
   <trkpt lat="53.910650000000004" lon="21.58361">
    <ele>119.24000000000001</ele>
   </trkpt>
   <trkpt lat="53.91105" lon="21.583560000000002">
    <ele>117.92</ele>
   </trkpt>
   <trkpt lat="53.91152" lon="21.583470000000002">
    <ele>117.4</ele>
   </trkpt>
   <trkpt lat="53.91239" lon="21.58342">
    <ele>117.67</ele>
   </trkpt>
   <trkpt lat="53.91277" lon="21.5834">
    <ele>117.94</ele>
   </trkpt>
   <trkpt lat="53.91333" lon="21.58329">
    <ele>119.09000000000002</ele>
   </trkpt>
   <trkpt lat="53.914100000000005" lon="21.583060000000003">
    <ele>121.05</ele>
   </trkpt>
   <trkpt lat="53.914370000000005" lon="21.58294">
    <ele>121.56000000000002</ele>
   </trkpt>
   <trkpt lat="53.91512800335145" lon="21.58249003268229">
    <ele>122.12</ele>
   </trkpt>
   <trkpt lat="53.91588600502084" lon="21.582040049028286">
    <ele>122.25000000000001</ele>
   </trkpt>
   <trkpt lat="53.91664400500802" lon="21.581590049036972">
    <ele>121.83</ele>
   </trkpt>
   <trkpt lat="53.9174020033129" lon="21.58114003270734">
    <ele>121.66</ele>
   </trkpt>
   <trkpt lat="53.91816000000001" lon="21.58069">
    <ele>121.76</ele>
   </trkpt>
   <trkpt lat="53.91884666823784" lon="21.58026001412186">
    <ele>121.76</ele>
   </trkpt>
   <trkpt lat="53.91953333493973" lon="21.579830014100082">
    <ele>121.58</ele>
   </trkpt>
   <trkpt lat="53.92022000000001" lon="21.579400000000003">
    <ele>122.02</ele>
   </trkpt>
   <trkpt lat="53.920480000000005" lon="21.579230000000003">
    <ele>122.27</ele>
   </trkpt>
   <trkpt lat="53.920640000000006" lon="21.57909">
    <ele>122.76</ele>
   </trkpt>
   <trkpt lat="53.92114" lon="21.579">
    <ele>124.17000000000002</ele>
   </trkpt>
   <trkpt lat="53.921290000000006" lon="21.579">
    <ele>124.45</ele>
   </trkpt>
   <trkpt lat="53.92157" lon="21.578940000000003">
    <ele>124.89000000000001</ele>
   </trkpt>
   <trkpt lat="53.921780000000005" lon="21.57901">
    <ele>125.19000000000003</ele>
   </trkpt>
   <trkpt lat="53.92190000000001" lon="21.579020000000003">
    <ele>125.26</ele>
   </trkpt>
   <trkpt lat="53.922200000000004" lon="21.579">
    <ele>125.15</ele>
   </trkpt>
   <trkpt lat="53.92255" lon="21.57892">
    <ele>124.11000000000001</ele>
   </trkpt>
   <trkpt lat="53.92311499994389" lon="21.578895000340957">
    <ele>123.38</ele>
   </trkpt>
   <trkpt lat="53.923680000000004" lon="21.578870000000002">
    <ele>123.99000000000001</ele>
   </trkpt>
   <trkpt lat="53.924565000058024" lon="21.578865000105683">
    <ele>123.42000000000002</ele>
   </trkpt>
   <trkpt lat="53.925450000000005" lon="21.578860000000002">
    <ele>123.71000000000001</ele>
   </trkpt>
   <trkpt lat="53.92619000011126" lon="21.5788300005275">
    <ele>123.60000000000001</ele>
   </trkpt>
   <trkpt lat="53.926930000000006" lon="21.5788">
    <ele>122.31000000000002</ele>
   </trkpt>
   <trkpt lat="53.927330000000005" lon="21.578850000000003">
    <ele>121.55</ele>
   </trkpt>
   <trkpt lat="53.92787499997873" lon="21.57885499993452">
    <ele>122.47000000000001</ele>
   </trkpt>
   <trkpt lat="53.92842" lon="21.578860000000002">
    <ele>123.09</ele>
   </trkpt>
   <trkpt lat="53.92877000000001" lon="21.5789">
    <ele>123.56000000000002</ele>
   </trkpt>
   <trkpt lat="53.929229999957286" lon="21.57903999841919">
    <ele>122.73</ele>
   </trkpt>
   <trkpt lat="53.92969000000001" lon="21.57918">
    <ele>122.79</ele>
   </trkpt>
   <trkpt lat="53.93029000000001" lon="21.579320000000003">
    <ele>123.75000000000001</ele>
   </trkpt>
   <trkpt lat="53.93037" lon="21.579130000000003">
    <ele>123.69000000000001</ele>
   </trkpt>
   <trkpt lat="53.93083000000001" lon="21.57806">
    <ele>123.82000000000001</ele>
   </trkpt>
   <trkpt lat="53.93119000000001" lon="21.57739">
    <ele>124.16000000000001</ele>
   </trkpt>
   <trkpt lat="53.931470000000004" lon="21.576890000000002">
    <ele>124.91000000000001</ele>
   </trkpt>
   <trkpt lat="53.931720000000006" lon="21.57653">
    <ele>125.55000000000003</ele>
   </trkpt>
   <trkpt lat="53.93189" lon="21.57648">
    <ele>125.33</ele>
   </trkpt>
   <trkpt lat="53.93256" lon="21.576020000000003">
    <ele>123.64000000000001</ele>
   </trkpt>
   <trkpt lat="53.93341" lon="21.575750000000003">
    <ele>124.37</ele>
   </trkpt>
   <trkpt lat="53.934000000000005" lon="21.576520000000002">
    <ele>124.01</ele>
   </trkpt>
   <trkpt lat="53.93437" lon="21.576770000000003">
    <ele>123.50000000000001</ele>
   </trkpt>
   <trkpt lat="53.9348" lon="21.57711">
    <ele>125.06</ele>
   </trkpt>
   <trkpt lat="53.935050000000004" lon="21.57741">
    <ele>125.67</ele>
   </trkpt>
   <trkpt lat="53.93529" lon="21.577930000000002">
    <ele>125.37</ele>
   </trkpt>
   <trkpt lat="53.93553000000001" lon="21.57861">
    <ele>124.36000000000001</ele>
   </trkpt>
   <trkpt lat="53.93583" lon="21.579680000000003">
    <ele>124.37</ele>
   </trkpt>
   <trkpt lat="53.93614" lon="21.580250000000003">
    <ele>124.68</ele>
   </trkpt>
   <trkpt lat="53.93652" lon="21.58049">
    <ele>124.15</ele>
   </trkpt>
   <trkpt lat="53.93721000000001" lon="21.580620000000003">
    <ele>124.86000000000001</ele>
   </trkpt>
   <trkpt lat="53.93755" lon="21.580560000000002">
    <ele>124.45</ele>
   </trkpt>
   <trkpt lat="53.93784" lon="21.5803">
    <ele>125.36</ele>
   </trkpt>
   <trkpt lat="53.93829500039862" lon="21.58003000288758">
    <ele>125.39</ele>
   </trkpt>
   <trkpt lat="53.938750000000006" lon="21.57976">
    <ele>126.24000000000002</ele>
   </trkpt>
   <trkpt lat="53.93940500099142" lon="21.579270007697076">
    <ele>128.72</ele>
   </trkpt>
   <trkpt lat="53.94006" lon="21.578780000000002">
    <ele>129.15</ele>
   </trkpt>
   <trkpt lat="53.94045000062734" lon="21.578390003650092">
    <ele>127.33</ele>
   </trkpt>
   <trkpt lat="53.94084" lon="21.578000000000003">
    <ele>126.96000000000001</ele>
   </trkpt>
   <trkpt lat="53.94125500073647" lon="21.57763500346979">
    <ele>125.64</ele>
   </trkpt>
   <trkpt lat="53.94167" lon="21.577270000000002">
    <ele>126.0</ele>
   </trkpt>
   <trkpt lat="53.94185" lon="21.57713">
    <ele>126.94</ele>
   </trkpt>
   <trkpt lat="53.942420000000006" lon="21.576960000000003">
    <ele>130.33</ele>
   </trkpt>
   <trkpt lat="53.943250000000006" lon="21.576790000000003">
    <ele>130.22</ele>
   </trkpt>
   <trkpt lat="53.94350000000001" lon="21.57666">
    <ele>129.86</ele>
   </trkpt>
   <trkpt lat="53.9438" lon="21.57646">
    <ele>129.4</ele>
   </trkpt>
   <trkpt lat="53.94393" lon="21.576420000000002">
    <ele>128.77</ele>
   </trkpt>
   <trkpt lat="53.94407" lon="21.576400000000003">
    <ele>128.48000000000002</ele>
   </trkpt>
   <trkpt lat="53.94433000000001" lon="21.576420000000002">
    <ele>128.13000000000002</ele>
   </trkpt>
   <trkpt lat="53.944880000000005" lon="21.57637">
    <ele>127.83</ele>
   </trkpt>
   <trkpt lat="53.945130000000006" lon="21.57638">
    <ele>127.05000000000003</ele>
   </trkpt>
   <trkpt lat="53.94556000000001" lon="21.576430000000002">
    <ele>126.01</ele>
   </trkpt>
   <trkpt lat="53.945690000000006" lon="21.576400000000003">
    <ele>126.05000000000003</ele>
   </trkpt>
   <trkpt lat="53.94581" lon="21.576300000000003">
    <ele>126.37</ele>
   </trkpt>
   <trkpt lat="53.945930000000004" lon="21.57617">
    <ele>126.76</ele>
   </trkpt>
   <trkpt lat="53.946000000000005" lon="21.576060000000002">
    <ele>127.72</ele>
   </trkpt>
   <trkpt lat="53.94606" lon="21.576020000000003">
    <ele>127.72</ele>
   </trkpt>
   <trkpt lat="53.94597000329826" lon="21.57512999817075">
    <ele>126.41000000000003</ele>
   </trkpt>
   <trkpt lat="53.94588" lon="21.574240000000003">
    <ele>125.68</ele>
   </trkpt>
   <trkpt lat="53.94592" lon="21.57423">
    <ele>126.37</ele>
   </trkpt>
   <trkpt lat="53.9459" lon="21.573600000000003">
    <ele>126.13000000000002</ele>
   </trkpt>
   <trkpt lat="53.945780000000006" lon="21.57271">
    <ele>126.36</ele>
   </trkpt>
   <trkpt lat="53.945690000000006" lon="21.572300000000002">
    <ele>126.41000000000003</ele>
   </trkpt>
   <trkpt lat="53.945570000000004" lon="21.571930000000002">
    <ele>126.32000000000001</ele>
   </trkpt>
   <trkpt lat="53.94528500193409" lon="21.57125999558693">
    <ele>127.21000000000001</ele>
   </trkpt>
   <trkpt lat="53.94500000000001" lon="21.570590000000003">
    <ele>126.55000000000003</ele>
   </trkpt>
   <trkpt lat="53.945260000000005" lon="21.57025">
    <ele>126.59</ele>
   </trkpt>
   <trkpt lat="53.94552" lon="21.57">
    <ele>126.69</ele>
   </trkpt>
   <trkpt lat="53.9457" lon="21.569730000000003">
    <ele>126.46000000000001</ele>
   </trkpt>
   <trkpt lat="53.946070000000006" lon="21.569360000000003">
    <ele>126.21000000000001</ele>
   </trkpt>
   <trkpt lat="53.94626" lon="21.569080000000003">
    <ele>126.72</ele>
   </trkpt>
   <trkpt lat="53.946470000000005" lon="21.568640000000002">
    <ele>128.27</ele>
   </trkpt>
   <trkpt lat="53.94661000000001" lon="21.56848">
    <ele>128.19</ele>
   </trkpt>
   <trkpt lat="53.94675" lon="21.568340000000003">
    <ele>127.94</ele>
   </trkpt>
   <trkpt lat="53.946850000000005" lon="21.56819">
    <ele>127.72</ele>
   </trkpt>
   <trkpt lat="53.94698" lon="21.567790000000002">
    <ele>127.05000000000003</ele>
   </trkpt>
   <trkpt lat="53.947140000000005" lon="21.566950000000002">
    <ele>125.27000000000002</ele>
   </trkpt>
   <trkpt lat="53.94722" lon="21.566750000000003">
    <ele>125.27000000000002</ele>
   </trkpt>
   <trkpt lat="53.94731" lon="21.566630000000004">
    <ele>125.4</ele>
   </trkpt>
   <trkpt lat="53.947410000000005" lon="21.566580000000002">
    <ele>125.4</ele>
   </trkpt>
   <trkpt lat="53.94762000000001" lon="21.566550000000003">
    <ele>125.41000000000003</ele>
   </trkpt>
   <trkpt lat="53.948010000000004" lon="21.56653">
    <ele>125.72</ele>
   </trkpt>
   <trkpt lat="53.948130000000006" lon="21.56649">
    <ele>125.79</ele>
   </trkpt>
   <trkpt lat="53.94875333336795" lon="21.566440001493476">
    <ele>125.56</ele>
   </trkpt>
   <trkpt lat="53.94937666671512" lon="21.566390001492394">
    <ele>125.22</ele>
   </trkpt>
   <trkpt lat="53.95" lon="21.56634">
    <ele>125.7</ele>
   </trkpt>
   <trkpt lat="53.95035000000001" lon="21.56622">
    <ele>125.74000000000001</ele>
   </trkpt>
   <trkpt lat="53.95051" lon="21.56614">
    <ele>125.97</ele>
   </trkpt>
   <trkpt lat="53.95069" lon="21.56602">
    <ele>126.21000000000001</ele>
   </trkpt>
   <trkpt lat="53.95112" lon="21.56565">
    <ele>127.82000000000001</ele>
   </trkpt>
   <trkpt lat="53.951460000000004" lon="21.56519">
    <ele>128.95000000000002</ele>
   </trkpt>
   <trkpt lat="53.951750000000004" lon="21.564680000000003">
    <ele>129.44</ele>
   </trkpt>
   <trkpt lat="53.95197" lon="21.564200000000003">
    <ele>130.47</ele>
   </trkpt>
   <trkpt lat="53.95208" lon="21.563820000000003">
    <ele>131.01000000000002</ele>
   </trkpt>
   <trkpt lat="53.95215" lon="21.563440000000003">
    <ele>131.46</ele>
   </trkpt>
   <trkpt lat="53.95225255747452" lon="21.56203377420097">
    <ele>131.68</ele>
   </trkpt>
   <trkpt lat="53.95235509852803" lon="21.560627541485633">
    <ele>131.81</ele>
   </trkpt>
   <trkpt lat="53.952457623160335" lon="21.55922130185504">
    <ele>131.38000000000002</ele>
   </trkpt>
   <trkpt lat="53.95256013137134" lon="21.557815055310233">
    <ele>131.17000000000002</ele>
   </trkpt>
   <trkpt lat="53.95266262316087" lon="21.556408801852267">
    <ele>132.67000000000002</ele>
   </trkpt>
   <trkpt lat="53.9527650985288" lon="21.55500254148219">
    <ele>134.28</ele>
   </trkpt>
   <trkpt lat="53.952867557474974" lon="21.55359627420104">
    <ele>134.8</ele>
   </trkpt>
   <trkpt lat="53.95297000000001" lon="21.552190000000003">
    <ele>134.46</ele>
   </trkpt>
   <trkpt lat="53.95302" lon="21.551990000000004">
    <ele>134.46</ele>
   </trkpt>
   <trkpt lat="53.953160000000004" lon="21.5516">
    <ele>134.31</ele>
   </trkpt>
   <trkpt lat="53.95336" lon="21.551180000000002">
    <ele>134.13</ele>
   </trkpt>
   <trkpt lat="53.953500000000005" lon="21.55094">
    <ele>134.20000000000002</ele>
   </trkpt>
   <trkpt lat="53.953630000000004" lon="21.550790000000003">
    <ele>134.36</ele>
   </trkpt>
   <trkpt lat="53.95378" lon="21.55066">
    <ele>135.0</ele>
   </trkpt>
   <trkpt lat="53.95394" lon="21.55056">
    <ele>135.29000000000002</ele>
   </trkpt>
   <trkpt lat="53.9543" lon="21.55046">
    <ele>135.68</ele>
   </trkpt>
   <trkpt lat="53.95503500007632" lon="21.550420000701305">
    <ele>137.25</ele>
   </trkpt>
   <trkpt lat="53.95577" lon="21.55038">
    <ele>139.11</ele>
   </trkpt>
   <trkpt lat="53.956070000000004" lon="21.550340000000002">
    <ele>139.31</ele>
   </trkpt>
   <trkpt lat="53.95628000000001" lon="21.55028">
    <ele>139.96</ele>
   </trkpt>
   <trkpt lat="53.95658" lon="21.54999">
    <ele>140.77</ele>
   </trkpt>
   <trkpt lat="53.95664000000001" lon="21.54989">
    <ele>141.11</ele>
   </trkpt>
   <trkpt lat="53.95718" lon="21.54868">
    <ele>141.08</ele>
   </trkpt>
   <trkpt lat="53.957480000000004" lon="21.54792">
    <ele>140.78</ele>
   </trkpt>
   <trkpt lat="53.957874322362706" lon="21.546707211661456">
    <ele>138.64000000000001</ele>
   </trkpt>
   <trkpt lat="53.958268632511945" lon="21.545494400382097">
    <ele>137.5</ele>
   </trkpt>
   <trkpt lat="53.95866293044731" lon="21.54428156616187">
    <ele>135.43</ele>
   </trkpt>
   <trkpt lat="53.95905721616839" lon="21.54306870900072">
    <ele>134.07000000000002</ele>
   </trkpt>
   <trkpt lat="53.95945148967479" lon="21.54185582889859">
    <ele>133.56</ele>
   </trkpt>
   <trkpt lat="53.95984575096608" lon="21.540642925855426">
    <ele>134.08</ele>
   </trkpt>
   <trkpt lat="53.960240000000006" lon="21.539430000000003">
    <ele>135.68</ele>
   </trkpt>
   <trkpt lat="53.96054334116103" lon="21.538460014067336">
    <ele>135.70000000000002</ele>
   </trkpt>
   <trkpt lat="53.960846674509654" lon="21.537490014018665">
    <ele>134.96</ele>
   </trkpt>
   <trkpt lat="53.96115" lon="21.536520000000003">
    <ele>133.26000000000002</ele>
   </trkpt>
   <trkpt lat="53.96149751405983" lon="21.535457526571907">
    <ele>132.19</ele>
   </trkpt>
   <trkpt lat="53.96184501874649" lon="21.53439503542964">
    <ele>130.75</ele>
   </trkpt>
   <trkpt lat="53.962192514059716" lon="21.53333252657315">
    <ele>129.82000000000002</ele>
   </trkpt>
   <trkpt lat="53.962540000000004" lon="21.53227">
    <ele>128.68</ele>
   </trkpt>
   <trkpt lat="53.96271" lon="21.531660000000002">
    <ele>128.06</ele>
   </trkpt>
   <trkpt lat="53.962900000000005" lon="21.530690000000003">
    <ele>126.78</ele>
   </trkpt>
   <trkpt lat="53.96303" lon="21.52962">
    <ele>125.74000000000001</ele>
   </trkpt>
   <trkpt lat="53.963060000000006" lon="21.528730000000003">
    <ele>125.85000000000001</ele>
   </trkpt>
   <trkpt lat="53.96317752423657" lon="21.527335011798105">
    <ele>126.43</ele>
   </trkpt>
   <trkpt lat="53.963295032315486" lon="21.525940015730665">
    <ele>126.88000000000002</ele>
   </trkpt>
   <trkpt lat="53.9634125242366" lon="21.524545011798676">
    <ele>126.91000000000003</ele>
   </trkpt>
   <trkpt lat="53.963530000000006" lon="21.52315">
    <ele>128.43</ele>
   </trkpt>
   <trkpt lat="53.96359" lon="21.523130000000002">
    <ele>128.38000000000002</ele>
   </trkpt>
   <trkpt lat="53.963530000000006" lon="21.52315">
    <ele>128.43</ele>
   </trkpt>
   <trkpt lat="53.96269000066113" lon="21.52335001612154">
    <ele>127.88000000000002</ele>
   </trkpt>
   <trkpt lat="53.96185000099007" lon="21.523550024182118">
    <ele>129.15</ele>
   </trkpt>
   <trkpt lat="53.9610100009869" lon="21.5237500241823">
    <ele>133.86</ele>
   </trkpt>
   <trkpt lat="53.9601700006516" lon="21.523950016122658">
    <ele>138.29000000000002</ele>
   </trkpt>
   <trkpt lat="53.95933" lon="21.524150000000002">
    <ele>140.19</ele>
   </trkpt>
   <trkpt lat="53.958970006192224" lon="21.523286651764774">
    <ele>139.13</ele>
   </trkpt>
   <trkpt lat="53.958610006195464" lon="21.522423318439404">
    <ele>141.19</ele>
   </trkpt>
   <trkpt lat="53.95825000000001" lon="21.52156">
    <ele>142.81000000000003</ele>
   </trkpt>
   <trkpt lat="53.95785751172813" lon="21.52058997262665">
    <ele>143.8</ele>
   </trkpt>
   <trkpt lat="53.957465015643194" lon="21.51961996351686">
    <ele>144.85</ele>
   </trkpt>
   <trkpt lat="53.95707251174547" lon="21.5186499726704">
    <ele>146.38</ele>
   </trkpt>
   <trkpt lat="53.956680000000006" lon="21.517680000000002">
    <ele>145.79</ele>
   </trkpt>
   <trkpt lat="53.95634500187411" lon="21.51699499434493">
    <ele>145.78000000000003</ele>
   </trkpt>
   <trkpt lat="53.956010000000006" lon="21.51631">
    <ele>147.82</ele>
   </trkpt>
   <trkpt lat="53.95590000000001" lon="21.516000000000002">
    <ele>148.55</ele>
   </trkpt>
   <trkpt lat="53.95595" lon="21.515770000000003">
    <ele>148.7</ele>
   </trkpt>
   <trkpt lat="53.955920000000006" lon="21.51556">
    <ele>148.7</ele>
   </trkpt>
   <trkpt lat="53.955760000000005" lon="21.515">
    <ele>149.23</ele>
   </trkpt>
   <trkpt lat="53.955650000000006" lon="21.51472">
    <ele>148.79</ele>
   </trkpt>
   <trkpt lat="53.955235002478986" lon="21.513954992476712">
    <ele>147.48</ele>
   </trkpt>
   <trkpt lat="53.954820000000005" lon="21.51319">
    <ele>149.50000000000003</ele>
   </trkpt>
   <trkpt lat="53.95465" lon="21.512770000000003">
    <ele>148.21</ele>
   </trkpt>
   <trkpt lat="53.954510000000006" lon="21.512320000000003">
    <ele>144.81000000000003</ele>
   </trkpt>
   <trkpt lat="53.954460000000005" lon="21.51189">
    <ele>142.74</ele>
   </trkpt>
   <trkpt lat="53.95448000493803" lon="21.51080000024231">
    <ele>136.78</ele>
   </trkpt>
   <trkpt lat="53.9545" lon="21.509710000000002">
    <ele>140.03</ele>
   </trkpt>
   <trkpt lat="53.954460000000005" lon="21.50915">
    <ele>144.19</ele>
   </trkpt>
   <trkpt lat="53.954370000000004" lon="21.508640000000003">
    <ele>148.35</ele>
   </trkpt>
   <trkpt lat="53.95407" lon="21.50784">
    <ele>149.41000000000003</ele>
   </trkpt>
   <trkpt lat="53.953790000000005" lon="21.507">
    <ele>149.73</ele>
   </trkpt>
   <trkpt lat="53.95356" lon="21.50572">
    <ele>151.81</ele>
   </trkpt>
   <trkpt lat="53.953430000000004" lon="21.50458">
    <ele>156.41000000000003</ele>
   </trkpt>
   <trkpt lat="53.953410000000005" lon="21.503700000000002">
    <ele>155.54000000000002</ele>
   </trkpt>
   <trkpt lat="53.95349" lon="21.50277">
    <ele>154.25000000000003</ele>
   </trkpt>
   <trkpt lat="53.95347" lon="21.50241">
    <ele>153.9</ele>
   </trkpt>
   <trkpt lat="53.9534" lon="21.50203">
    <ele>153.63000000000002</ele>
   </trkpt>
   <trkpt lat="53.953430000000004" lon="21.501610000000003">
    <ele>153.45</ele>
   </trkpt>
   <trkpt lat="53.953210000000006" lon="21.500210000000003">
    <ele>154.00000000000003</ele>
   </trkpt>
   <trkpt lat="53.953030000000005" lon="21.49934">
    <ele>155.3</ele>
   </trkpt>
   <trkpt lat="53.952780000000004" lon="21.49839">
    <ele>156.79000000000002</ele>
   </trkpt>
   <trkpt lat="53.95264" lon="21.49771">
    <ele>157.38000000000002</ele>
   </trkpt>
   <trkpt lat="53.952490000000004" lon="21.497100000000003">
    <ele>158.43</ele>
   </trkpt>
   <trkpt lat="53.95222000256713" lon="21.496299994553098">
    <ele>160.24</ele>
   </trkpt>
   <trkpt lat="53.951950000000004" lon="21.495500000000003">
    <ele>158.81</ele>
   </trkpt>
   <trkpt lat="53.951690000000006" lon="21.494580000000003">
    <ele>159.4</ele>
   </trkpt>
   <trkpt lat="53.951620000000005" lon="21.494280000000003">
    <ele>160.70000000000002</ele>
   </trkpt>
   <trkpt lat="53.95145" lon="21.493830000000003">
    <ele>163.31</ele>
   </trkpt>
   <trkpt lat="53.950950000000006" lon="21.49296">
    <ele>158.56</ele>
   </trkpt>
   <trkpt lat="53.95071000000001" lon="21.492400000000004">
    <ele>156.25</ele>
   </trkpt>
   <trkpt lat="53.950610000000005" lon="21.49226">
    <ele>156.06</ele>
   </trkpt>
   <trkpt lat="53.950480000000006" lon="21.492160000000002">
    <ele>155.97000000000003</ele>
   </trkpt>
   <trkpt lat="53.95029" lon="21.49209">
    <ele>156.01000000000002</ele>
   </trkpt>
   <trkpt lat="53.95007000816978" lon="21.490689992815938">
    <ele>156.83</ele>
   </trkpt>
   <trkpt lat="53.949850000000005" lon="21.48929">
    <ele>157.93</ele>
   </trkpt>
   <trkpt lat="53.94964500179533" lon="21.4886099962441">
    <ele>156.04000000000002</ele>
   </trkpt>
   <trkpt lat="53.94944" lon="21.487930000000002">
    <ele>155.25</ele>
   </trkpt>
   <trkpt lat="53.949360000000006" lon="21.4875">
    <ele>154.98</ele>
   </trkpt>
   <trkpt lat="53.949290000000005" lon="21.48638">
    <ele>155.67</ele>
   </trkpt>
   <trkpt lat="53.94928" lon="21.48541">
    <ele>157.13000000000002</ele>
   </trkpt>
   <trkpt lat="53.94926" lon="21.48504">
    <ele>157.47000000000003</ele>
   </trkpt>
   <trkpt lat="53.94912000000001" lon="21.48393">
    <ele>158.54000000000002</ele>
   </trkpt>
   <trkpt lat="53.94886" lon="21.48291">
    <ele>159.37</ele>
   </trkpt>
   <trkpt lat="53.94848500525119" lon="21.48178498987295">
    <ele>160.25</ele>
   </trkpt>
   <trkpt lat="53.94811000000001" lon="21.48066">
    <ele>157.83</ele>
   </trkpt>
   <trkpt lat="53.94800000000001" lon="21.48076">
    <ele>157.78</ele>
   </trkpt>
   <trkpt lat="53.947530000542834" lon="21.481045003086958">
    <ele>154.71</ele>
   </trkpt>
   <trkpt lat="53.94706000000001" lon="21.481330000000003">
    <ele>152.32000000000002</ele>
   </trkpt>
   <trkpt lat="53.946960000000004" lon="21.48138">
    <ele>152.13000000000002</ele>
   </trkpt>
   <trkpt lat="53.94679000000001" lon="21.48139">
    <ele>151.52</ele>
   </trkpt>
   <trkpt lat="53.94639" lon="21.48122">
    <ele>151.33</ele>
   </trkpt>
   <trkpt lat="53.945840000000004" lon="21.48085">
    <ele>153.56</ele>
   </trkpt>
   <trkpt lat="53.9457" lon="21.480790000000002">
    <ele>154.31</ele>
   </trkpt>
   <trkpt lat="53.94559" lon="21.48076">
    <ele>154.92</ele>
   </trkpt>
   <trkpt lat="53.945080000000004" lon="21.48074">
    <ele>156.23000000000002</ele>
   </trkpt>
   <trkpt lat="53.94494" lon="21.480680000000003">
    <ele>157.0</ele>
   </trkpt>
   <trkpt lat="53.944770000000005" lon="21.48057">
    <ele>157.28</ele>
   </trkpt>
   <trkpt lat="53.94415000000001" lon="21.47997">
    <ele>156.72000000000003</ele>
   </trkpt>
   <trkpt lat="53.94375500090661" lon="21.47948999539384">
    <ele>156.05</ele>
   </trkpt>
   <trkpt lat="53.943360000000006" lon="21.479010000000002">
    <ele>155.78</ele>
   </trkpt>
   <trkpt lat="53.9427" lon="21.478080000000002">
    <ele>157.28</ele>
   </trkpt>
   <trkpt lat="53.942420000000006" lon="21.47766">
    <ele>157.60000000000002</ele>
   </trkpt>
   <trkpt lat="53.94223" lon="21.47745">
    <ele>157.88000000000002</ele>
   </trkpt>
   <trkpt lat="53.94196" lon="21.477310000000003">
    <ele>158.52</ele>
   </trkpt>
   <trkpt lat="53.94182000000001" lon="21.477320000000002">
    <ele>158.82000000000002</ele>
   </trkpt>
   <trkpt lat="53.94135000000001" lon="21.477490000000003">
    <ele>160.02</ele>
   </trkpt>
   <trkpt lat="53.94080500114736" lon="21.478010006769786">
    <ele>159.26000000000002</ele>
   </trkpt>
   <trkpt lat="53.94026" lon="21.478530000000003">
    <ele>160.28</ele>
   </trkpt>
   <trkpt lat="53.94005000000001" lon="21.47866">
    <ele>160.39000000000001</ele>
   </trkpt>
   <trkpt lat="53.93958000000001" lon="21.479020000000002">
    <ele>159.81</ele>
   </trkpt>
   <trkpt lat="53.93923" lon="21.47923">
    <ele>158.73000000000002</ele>
   </trkpt>
   <trkpt lat="53.93851000000001" lon="21.479490000000002">
    <ele>155.49</ele>
   </trkpt>
   <trkpt lat="53.938430000000004" lon="21.4795">
    <ele>155.49</ele>
   </trkpt>
   <trkpt lat="53.9382" lon="21.4795">
    <ele>155.49</ele>
   </trkpt>
   <trkpt lat="53.937380000000005" lon="21.47941">
    <ele>152.83</ele>
   </trkpt>
   <trkpt lat="53.93728" lon="21.47944">
    <ele>152.59</ele>
   </trkpt>
   <trkpt lat="53.936840000000004" lon="21.479930000000003">
    <ele>151.01</ele>
   </trkpt>
   <trkpt lat="53.93656000000001" lon="21.480210000000003">
    <ele>150.63000000000002</ele>
   </trkpt>
   <trkpt lat="53.936400000000006" lon="21.48034">
    <ele>150.61</ele>
   </trkpt>
   <trkpt lat="53.936220000000006" lon="21.48045">
    <ele>150.67000000000002</ele>
   </trkpt>
   <trkpt lat="53.93573000008199" lon="21.480660002509442">
    <ele>151.07</ele>
   </trkpt>
   <trkpt lat="53.93524000000001" lon="21.480870000000003">
    <ele>151.56</ele>
   </trkpt>
   <trkpt lat="53.93478" lon="21.481160000000003">
    <ele>151.26</ele>
   </trkpt>
   <trkpt lat="53.934560000000005" lon="21.48128">
    <ele>151.25000000000003</ele>
   </trkpt>
   <trkpt lat="53.933930000000004" lon="21.48149">
    <ele>153.23</ele>
   </trkpt>
   <trkpt lat="53.93341" lon="21.48178">
    <ele>152.26</ele>
   </trkpt>
   <trkpt lat="53.93321" lon="21.48187">
    <ele>151.55</ele>
   </trkpt>
   <trkpt lat="53.93296" lon="21.481930000000002">
    <ele>151.3</ele>
   </trkpt>
   <trkpt lat="53.932750000000006" lon="21.482010000000002">
    <ele>151.07</ele>
   </trkpt>
   <trkpt lat="53.93206000000001" lon="21.48222">
    <ele>151.37</ele>
   </trkpt>
   <trkpt lat="53.931400000000004" lon="21.482460000000003">
    <ele>152.95</ele>
   </trkpt>
   <trkpt lat="53.9309" lon="21.48261">
    <ele>153.73</ele>
   </trkpt>
   <trkpt lat="53.930506676015874" lon="21.481549980063985">
    <ele>151.42</ele>
   </trkpt>
   <trkpt lat="53.93011334269889" lon="21.48048998010839">
    <ele>149.41000000000003</ele>
   </trkpt>
   <trkpt lat="53.92972" lon="21.47943">
    <ele>149.37</ele>
   </trkpt>
   <trkpt lat="53.92944000000001" lon="21.478730000000002">
    <ele>150.33</ele>
   </trkpt>
   <trkpt lat="53.92911" lon="21.47803">
    <ele>150.63000000000002</ele>
   </trkpt>
   <trkpt lat="53.92856334125495" lon="21.477053307746086">
    <ele>149.86</ele>
   </trkpt>
   <trkpt lat="53.92801667458656" lon="21.476076641076833">
    <ele>148.76</ele>
   </trkpt>
   <trkpt lat="53.92747000000001" lon="21.4751">
    <ele>149.84</ele>
   </trkpt>
   <trkpt lat="53.92739" lon="21.474880000000002">
    <ele>149.51</ele>
   </trkpt>
   <trkpt lat="53.92732" lon="21.47455">
    <ele>149.17000000000002</ele>
   </trkpt>
   <trkpt lat="53.92713334173843" lon="21.47354332426239">
    <ele>145.86</ele>
   </trkpt>
   <trkpt lat="53.92694667505931" lon="21.472536657528664">
    <ele>143.17000000000002</ele>
   </trkpt>
   <trkpt lat="53.92676" lon="21.47153">
    <ele>140.56</ele>
   </trkpt>
   <trkpt lat="53.92620000218392" lon="21.472050014010524">
    <ele>135.68</ele>
   </trkpt>
   <trkpt lat="53.92564000212168" lon="21.47257001406806">
    <ele>134.64000000000001</ele>
   </trkpt>
   <trkpt lat="53.92508" lon="21.473090000000003">
    <ele>134.19</ele>
   </trkpt>
   <trkpt lat="53.92439" lon="21.473760000000002">
    <ele>133.91</ele>
   </trkpt>
   <trkpt lat="53.92412" lon="21.474120000000003">
    <ele>134.85</ele>
   </trkpt>
   <trkpt lat="53.923660000000005" lon="21.474990000000002">
    <ele>135.32000000000002</ele>
   </trkpt>
   <trkpt lat="53.92315000397975" lon="21.475970011990167">
    <ele>136.01000000000002</ele>
   </trkpt>
   <trkpt lat="53.92264" lon="21.476950000000002">
    <ele>136.81</ele>
   </trkpt>
   <trkpt lat="53.92249" lon="21.47715">
    <ele>137.06</ele>
   </trkpt>
   <trkpt lat="53.922290000000004" lon="21.477310000000003">
    <ele>137.45000000000002</ele>
   </trkpt>
   <trkpt lat="53.92206" lon="21.477420000000002">
    <ele>137.59</ele>
   </trkpt>
   <trkpt lat="53.92155" lon="21.47755">
    <ele>138.26000000000002</ele>
   </trkpt>
   <trkpt lat="53.92105" lon="21.47757">
    <ele>137.78</ele>
   </trkpt>
   <trkpt lat="53.92053500005339" lon="21.47746499870632">
    <ele>138.41</ele>
   </trkpt>
   <trkpt lat="53.92002" lon="21.47736">
    <ele>138.63</ele>
   </trkpt>
   <trkpt lat="53.91956500032417" lon="21.477234998708983">
    <ele>138.28</ele>
   </trkpt>
   <trkpt lat="53.91911" lon="21.477110000000003">
    <ele>137.0</ele>
   </trkpt>
   <trkpt lat="53.91835000039816" lon="21.476834995024745">
    <ele>134.44</ele>
   </trkpt>
   <trkpt lat="53.917590000000004" lon="21.476560000000003">
    <ele>132.75</ele>
   </trkpt>
   <trkpt lat="53.916920000000005" lon="21.47624">
    <ele>132.58</ele>
   </trkpt>
   <trkpt lat="53.916215000756765" lon="21.475789992348435">
    <ele>131.68</ele>
   </trkpt>
   <trkpt lat="53.915510000000005" lon="21.475340000000003">
    <ele>130.32000000000002</ele>
   </trkpt>
   <trkpt lat="53.914950000000005" lon="21.474880000000002">
    <ele>129.68</ele>
   </trkpt>
   <trkpt lat="53.91442000000001" lon="21.474410000000002">
    <ele>129.61</ele>
   </trkpt>
   <trkpt lat="53.91366500107424" lon="21.47389999077526">
    <ele>129.07000000000002</ele>
   </trkpt>
   <trkpt lat="53.912910000000004" lon="21.473390000000002">
    <ele>124.96000000000001</ele>
   </trkpt>
   <trkpt lat="53.91234000037427" lon="21.473079995755317">
    <ele>123.75000000000001</ele>
   </trkpt>
   <trkpt lat="53.911770000000004" lon="21.47277">
    <ele>125.48</ele>
   </trkpt>
   <trkpt lat="53.911370000000005" lon="21.47259">
    <ele>125.54</ele>
   </trkpt>
   <trkpt lat="53.91064000000001" lon="21.47248">
    <ele>121.98</ele>
   </trkpt>
   <trkpt lat="53.91029" lon="21.472450000000002">
    <ele>121.24000000000001</ele>
   </trkpt>
   <trkpt lat="53.91015" lon="21.4725">
    <ele>121.34</ele>
   </trkpt>
   <trkpt lat="53.90952000000001" lon="21.47286">
    <ele>123.13</ele>
   </trkpt>
   <trkpt lat="53.90905000000001" lon="21.473080000000003">
    <ele>124.34</ele>
   </trkpt>
   <trkpt lat="53.908590000000004" lon="21.47313">
    <ele>124.13</ele>
   </trkpt>
   <trkpt lat="53.908190000000005" lon="21.473080000000003">
    <ele>123.04</ele>
   </trkpt>
   <trkpt lat="53.90738750048104" lon="21.47288248861537">
    <ele>121.77</ele>
   </trkpt>
   <trkpt lat="53.906585000637975" lon="21.47268498482">
    <ele>123.05</ele>
   </trkpt>
   <trkpt lat="53.905782500470856" lon="21.472487488613382">
    <ele>124.37</ele>
   </trkpt>
   <trkpt lat="53.90498" lon="21.47229">
    <ele>125.24000000000001</ele>
   </trkpt>
   <trkpt lat="53.90447000020285" lon="21.472144998262603">
    <ele>124.79</ele>
   </trkpt>
   <trkpt lat="53.903960000000005" lon="21.472">
    <ele>123.32000000000001</ele>
   </trkpt>
   <trkpt lat="53.90359" lon="21.471860000000003">
    <ele>122.99000000000001</ele>
   </trkpt>
   <trkpt lat="53.90287000000001" lon="21.471400000000003">
    <ele>122.02</ele>
   </trkpt>
   <trkpt lat="53.90274" lon="21.47135">
    <ele>121.72000000000001</ele>
   </trkpt>
   <trkpt lat="53.90243" lon="21.471300000000003">
    <ele>121.07000000000001</ele>
   </trkpt>
   <trkpt lat="53.90196500023281" lon="21.471284999840528">
    <ele>120.10000000000001</ele>
   </trkpt>
   <trkpt lat="53.901500000000006" lon="21.47127">
    <ele>120.52000000000001</ele>
   </trkpt>
   <trkpt lat="53.901270000000004" lon="21.471290000000003">
    <ele>121.56000000000002</ele>
   </trkpt>
   <trkpt lat="53.9004700001427" lon="21.471405002189396">
    <ele>124.71000000000001</ele>
   </trkpt>
   <trkpt lat="53.89967000000001" lon="21.47152">
    <ele>130.46</ele>
   </trkpt>
   <trkpt lat="53.89949000000001" lon="21.471500000000002">
    <ele>131.81</ele>
   </trkpt>
   <trkpt lat="53.89940000000001" lon="21.47145">
    <ele>131.81</ele>
   </trkpt>
   <trkpt lat="53.89931000000001" lon="21.47137">
    <ele>133.05</ele>
   </trkpt>
   <trkpt lat="53.899210000000004" lon="21.47124">
    <ele>133.05</ele>
   </trkpt>
   <trkpt lat="53.898790000000005" lon="21.47058">
    <ele>135.29000000000002</ele>
   </trkpt>
   <trkpt lat="53.898390000000006" lon="21.47005">
    <ele>134.53</ele>
   </trkpt>
   <trkpt lat="53.897850000000005" lon="21.469130000000003">
    <ele>132.44</ele>
   </trkpt>
   <trkpt lat="53.89717" lon="21.46824">
    <ele>127.78</ele>
   </trkpt>
   <trkpt lat="53.896460000000005" lon="21.46743">
    <ele>125.07000000000001</ele>
   </trkpt>
   <trkpt lat="53.896190000000004" lon="21.46706">
    <ele>124.22000000000001</ele>
   </trkpt>
   <trkpt lat="53.89575000000001" lon="21.466240000000003">
    <ele>122.7</ele>
   </trkpt>
   <trkpt lat="53.8956" lon="21.466">
    <ele>122.35000000000001</ele>
   </trkpt>
   <trkpt lat="53.89535000000001" lon="21.465680000000003">
    <ele>121.71000000000001</ele>
   </trkpt>
   <trkpt lat="53.89464" lon="21.46488">
    <ele>122.03000000000002</ele>
   </trkpt>
   <trkpt lat="53.89452000000001" lon="21.464730000000003">
    <ele>122.10000000000001</ele>
   </trkpt>
   <trkpt lat="53.89444" lon="21.46459">
    <ele>122.26</ele>
   </trkpt>
   <trkpt lat="53.89432000000001" lon="21.46413">
    <ele>123.21000000000001</ele>
   </trkpt>
   <trkpt lat="53.89417500444149" lon="21.463099996665896">
    <ele>125.44000000000003</ele>
   </trkpt>
   <trkpt lat="53.89403000000001" lon="21.46207">
    <ele>127.10000000000002</ele>
   </trkpt>
   <trkpt lat="53.893840000000004" lon="21.46092">
    <ele>129.57000000000002</ele>
   </trkpt>
   <trkpt lat="53.893710000000006" lon="21.45982">
    <ele>133.54000000000002</ele>
   </trkpt>
   <trkpt lat="53.89365" lon="21.45945">
    <ele>134.07000000000002</ele>
   </trkpt>
   <trkpt lat="53.893480000000004" lon="21.458660000000002">
    <ele>133.9</ele>
   </trkpt>
   <trkpt lat="53.893240000000006" lon="21.457690000000003">
    <ele>134.34</ele>
   </trkpt>
   <trkpt lat="53.89298000609808" lon="21.456479992542317">
    <ele>135.86</ele>
   </trkpt>
   <trkpt lat="53.892720000000004" lon="21.455270000000002">
    <ele>137.13</ele>
   </trkpt>
   <trkpt lat="53.89264000000001" lon="21.454710000000002">
    <ele>136.51000000000002</ele>
   </trkpt>
   <trkpt lat="53.89253000000001" lon="21.454230000000003">
    <ele>137.31</ele>
   </trkpt>
   <trkpt lat="53.8924" lon="21.45345">
    <ele>140.18</ele>
   </trkpt>
   <trkpt lat="53.892300000000006" lon="21.45296">
    <ele>140.73000000000002</ele>
   </trkpt>
   <trkpt lat="53.89219000000001" lon="21.452560000000002">
    <ele>139.70000000000002</ele>
   </trkpt>
   <trkpt lat="53.891870000000004" lon="21.45202">
    <ele>138.71</ele>
   </trkpt>
   <trkpt lat="53.89146" lon="21.451600000000003">
    <ele>139.24</ele>
   </trkpt>
   <trkpt lat="53.891110000000005" lon="21.45116">
    <ele>139.86</ele>
   </trkpt>
   <trkpt lat="53.89045" lon="21.450390000000002">
    <ele>138.82</ele>
   </trkpt>
   <trkpt lat="53.89022000000001" lon="21.45005">
    <ele>140.49</ele>
   </trkpt>
   <trkpt lat="53.88982000000001" lon="21.44932">
    <ele>142.68</ele>
   </trkpt>
   <trkpt lat="53.8892" lon="21.44875">
    <ele>144.89000000000001</ele>
   </trkpt>
   <trkpt lat="53.88889" lon="21.448600000000003">
    <ele>145.27</ele>
   </trkpt>
   <trkpt lat="53.888670000000005" lon="21.44856">
    <ele>145.00000000000003</ele>
   </trkpt>
   <trkpt lat="53.8881" lon="21.448520000000002">
    <ele>143.19</ele>
   </trkpt>
   <trkpt lat="53.88797" lon="21.448430000000002">
    <ele>143.21</ele>
   </trkpt>
   <trkpt lat="53.8879" lon="21.44835">
    <ele>143.3</ele>
   </trkpt>
   <trkpt lat="53.88777" lon="21.44797">
    <ele>143.56000000000003</ele>
   </trkpt>
   <trkpt lat="53.88763" lon="21.447730000000004">
    <ele>143.89000000000001</ele>
   </trkpt>
   <trkpt lat="53.887460000000004" lon="21.447580000000002">
    <ele>144.0</ele>
   </trkpt>
   <trkpt lat="53.88707" lon="21.447390000000002">
    <ele>143.79</ele>
   </trkpt>
   <trkpt lat="53.88700000000001" lon="21.44733">
    <ele>143.79</ele>
   </trkpt>
   <trkpt lat="53.88691000000001" lon="21.447210000000002">
    <ele>143.8</ele>
   </trkpt>
   <trkpt lat="53.88667" lon="21.446640000000002">
    <ele>144.05</ele>
   </trkpt>
   <trkpt lat="53.88655000000001" lon="21.44641">
    <ele>144.55</ele>
   </trkpt>
   <trkpt lat="53.886190000000006" lon="21.44585">
    <ele>144.89000000000001</ele>
   </trkpt>
   <trkpt lat="53.88593" lon="21.44554">
    <ele>144.94</ele>
   </trkpt>
   <trkpt lat="53.88564" lon="21.445240000000002">
    <ele>145.36</ele>
   </trkpt>
   <trkpt lat="53.88510666862678" lon="21.444746654020996">
    <ele>145.36</ele>
   </trkpt>
   <trkpt lat="53.884573335230996" lon="21.44425332063009">
    <ele>145.05</ele>
   </trkpt>
   <trkpt lat="53.884040000000006" lon="21.44376">
    <ele>146.03000000000003</ele>
   </trkpt>
   <trkpt lat="53.88382000000001" lon="21.44359">
    <ele>147.15</ele>
   </trkpt>
   <trkpt lat="53.8836" lon="21.443450000000002">
    <ele>148.47000000000003</ele>
   </trkpt>
   <trkpt lat="53.88335000000001" lon="21.443340000000003">
    <ele>148.83</ele>
   </trkpt>
   <trkpt lat="53.88299000000001" lon="21.443230000000003">
    <ele>150.1</ele>
   </trkpt>
   <trkpt lat="53.88218500025857" lon="21.44302499607418">
    <ele>152.34</ele>
   </trkpt>
   <trkpt lat="53.88138000000001" lon="21.44282">
    <ele>150.97000000000003</ele>
   </trkpt>
   <trkpt lat="53.881060000000005" lon="21.44271">
    <ele>150.91000000000003</ele>
   </trkpt>
   <trkpt lat="53.88057000007264" lon="21.442509997617897">
    <ele>150.64000000000001</ele>
   </trkpt>
   <trkpt lat="53.88008000000001" lon="21.442310000000003">
    <ele>151.16000000000003</ele>
   </trkpt>
   <trkpt lat="53.87982" lon="21.44215">
    <ele>151.81</ele>
   </trkpt>
   <trkpt lat="53.87962" lon="21.44198">
    <ele>152.36</ele>
   </trkpt>
   <trkpt lat="53.87944" lon="21.441760000000002">
    <ele>153.55</ele>
   </trkpt>
   <trkpt lat="53.879110000000004" lon="21.441170000000003">
    <ele>154.51000000000002</ele>
   </trkpt>
   <trkpt lat="53.87876000000001" lon="21.44027">
    <ele>155.41000000000003</ele>
   </trkpt>
   <trkpt lat="53.87854000279983" lon="21.439444995552552">
    <ele>157.05</ele>
   </trkpt>
   <trkpt lat="53.87832" lon="21.43862">
    <ele>158.10999999999999</ele>
   </trkpt>
   <trkpt lat="53.87825" lon="21.438260000000003">
    <ele>158.52</ele>
   </trkpt>
   <trkpt lat="53.87819000250476" lon="21.437484999002628">
    <ele>158.62</ele>
   </trkpt>
   <trkpt lat="53.878130000000006" lon="21.43671">
    <ele>158.79000000000002</ele>
   </trkpt>
   <trkpt lat="53.878080000000004" lon="21.436190000000003">
    <ele>159.48000000000002</ele>
   </trkpt>
   <trkpt lat="53.877990000000004" lon="21.43568">
    <ele>160.24</ele>
   </trkpt>
   <trkpt lat="53.87779500249302" lon="21.434909996524635">
    <ele>161.88000000000002</ele>
   </trkpt>
   <trkpt lat="53.8776" lon="21.434140000000003">
    <ele>163.4</ele>
   </trkpt>
   <trkpt lat="53.87745" lon="21.43371">
    <ele>163.08</ele>
   </trkpt>
   <trkpt lat="53.87735000000001" lon="21.43353">
    <ele>162.5</ele>
   </trkpt>
   <trkpt lat="53.877100000000006" lon="21.43326">
    <ele>162.33</ele>
   </trkpt>
   <trkpt lat="53.87697000000001" lon="21.43317">
    <ele>162.4</ele>
   </trkpt>
   <trkpt lat="53.87630666745597" lon="21.432859990160736">
    <ele>163.14000000000001</ele>
   </trkpt>
   <trkpt lat="53.875643334113185" lon="21.432549990156513">
    <ele>163.52</ele>
   </trkpt>
   <trkpt lat="53.87498000000001" lon="21.43224">
    <ele>164.41</ele>
   </trkpt>
   <trkpt lat="53.87448000017796" lon="21.432029997487007">
    <ele>166.35000000000002</ele>
   </trkpt>
   <trkpt lat="53.87398" lon="21.431820000000002">
    <ele>167.18</ele>
   </trkpt>
   <trkpt lat="53.87355" lon="21.431610000000003">
    <ele>167.41</ele>
   </trkpt>
   <trkpt lat="53.873160000000006" lon="21.43137">
    <ele>167.69</ele>
   </trkpt>
   <trkpt lat="53.87240000214083" lon="21.430649986903532">
    <ele>169.95000000000002</ele>
   </trkpt>
   <trkpt lat="53.871640000000006" lon="21.429930000000002">
    <ele>172.06</ele>
   </trkpt>
   <trkpt lat="53.87129" lon="21.429630000000003">
    <ele>172.40000000000003</ele>
   </trkpt>
   <trkpt lat="53.87088000051309" lon="21.42930999693147">
    <ele>173.22</ele>
   </trkpt>
   <trkpt lat="53.870470000000005" lon="21.428990000000002">
    <ele>173.48000000000002</ele>
   </trkpt>
   <trkpt lat="53.87019" lon="21.428680000000004">
    <ele>173.72</ele>
   </trkpt>
   <trkpt lat="53.87001000000001" lon="21.428340000000002">
    <ele>173.98000000000002</ele>
   </trkpt>
   <trkpt lat="53.86994000000001" lon="21.42808">
    <ele>174.04000000000002</ele>
   </trkpt>
   <trkpt lat="53.869800000000005" lon="21.426900000000003">
    <ele>174.19</ele>
   </trkpt>
   <trkpt lat="53.86965000000001" lon="21.4264">
    <ele>174.49</ele>
   </trkpt>
   <trkpt lat="53.86923" lon="21.425520000000002">
    <ele>175.84000000000003</ele>
   </trkpt>
   <trkpt lat="53.8691" lon="21.42508">
    <ele>176.68</ele>
   </trkpt>
   <trkpt lat="53.86905" lon="21.4248">
    <ele>177.41</ele>
   </trkpt>
   <trkpt lat="53.869020000000006" lon="21.424470000000003">
    <ele>177.41</ele>
   </trkpt>
   <trkpt lat="53.868960006384846" lon="21.4232299981126">
    <ele>179.65</ele>
   </trkpt>
   <trkpt lat="53.868900000000004" lon="21.42199">
    <ele>180.98</ele>
   </trkpt>
   <trkpt lat="53.868865006494545" lon="21.420739998988257">
    <ele>181.37</ele>
   </trkpt>
   <trkpt lat="53.86883" lon="21.419490000000003">
    <ele>179.86</ele>
   </trkpt>
   <trkpt lat="53.86818" lon="21.41916">
    <ele>180.08</ele>
   </trkpt>
   <trkpt lat="53.86750000000001" lon="21.418680000000002">
    <ele>181.01</ele>
   </trkpt>
   <trkpt lat="53.867290000000004" lon="21.41863">
    <ele>181.33</ele>
   </trkpt>
   <trkpt lat="53.866910000000004" lon="21.418640000000003">
    <ele>183.56000000000003</ele>
   </trkpt>
   <trkpt lat="53.86659" lon="21.41872">
    <ele>184.61</ele>
   </trkpt>
   <trkpt lat="53.86648" lon="21.41873">
    <ele>186.00000000000003</ele>
   </trkpt>
   <trkpt lat="53.86614" lon="21.418670000000002">
    <ele>186.4</ele>
   </trkpt>
   <trkpt lat="53.865750000000006" lon="21.418590000000002">
    <ele>189.52</ele>
   </trkpt>
   <trkpt lat="53.865640000000006" lon="21.418580000000002">
    <ele>190.35000000000002</ele>
   </trkpt>
   <trkpt lat="53.86543" lon="21.4186">
    <ele>191.10999999999999</ele>
   </trkpt>
   <trkpt lat="53.86529" lon="21.418470000000003">
    <ele>191.08</ele>
   </trkpt>
   <trkpt lat="53.86466334044733" lon="21.417543305536185">
    <ele>190.78</ele>
   </trkpt>
   <trkpt lat="53.86403667375668" lon="21.416616638834633">
    <ele>193.16000000000003</ele>
   </trkpt>
   <trkpt lat="53.86341" lon="21.41569">
    <ele>195.66000000000003</ele>
   </trkpt>
   <trkpt lat="53.86291000000001" lon="21.414990000000003">
    <ele>196.34</ele>
   </trkpt>
   <trkpt lat="53.86274" lon="21.414810000000003">
    <ele>196.19</ele>
   </trkpt>
   <trkpt lat="53.86249" lon="21.414700000000003">
    <ele>196.31</ele>
   </trkpt>
   <trkpt lat="53.86179333364678" lon="21.41448332609405">
    <ele>197.58</ele>
   </trkpt>
   <trkpt lat="53.861096666903336" lon="21.41426665940365">
    <ele>198.43</ele>
   </trkpt>
   <trkpt lat="53.860400000000006" lon="21.414050000000003">
    <ele>196.55</ele>
   </trkpt>
   <trkpt lat="53.860150000000004" lon="21.414">
    <ele>196.31</ele>
   </trkpt>
   <trkpt lat="53.859930000000006" lon="21.413990000000002">
    <ele>196.28</ele>
   </trkpt>
   <trkpt lat="53.85929" lon="21.41401">
    <ele>196.55</ele>
   </trkpt>
   <trkpt lat="53.858610000000006" lon="21.41394">
    <ele>199.27</ele>
   </trkpt>
   <trkpt lat="53.85803000000001" lon="21.413790000000002">
    <ele>200.67000000000002</ele>
   </trkpt>
   <trkpt lat="53.85755500004323" lon="21.413634998222086">
    <ele>199.68</ele>
   </trkpt>
   <trkpt lat="53.85708" lon="21.413480000000003">
    <ele>198.79000000000002</ele>
   </trkpt>
   <trkpt lat="53.856390000000005" lon="21.41318">
    <ele>197.24</ele>
   </trkpt>
   <trkpt lat="53.85582" lon="21.41287">
    <ele>197.77000000000004</ele>
   </trkpt>
   <trkpt lat="53.85566000000001" lon="21.412840000000003">
    <ele>197.77000000000004</ele>
   </trkpt>
   <trkpt lat="53.855500000000006" lon="21.412860000000002">
    <ele>197.19</ele>
   </trkpt>
   <trkpt lat="53.85530000000001" lon="21.412920000000003">
    <ele>196.74</ele>
   </trkpt>
   <trkpt lat="53.85521000000001" lon="21.41297">
    <ele>196.74</ele>
   </trkpt>
   <trkpt lat="53.85508" lon="21.41298">
    <ele>195.92000000000002</ele>
   </trkpt>
   <trkpt lat="53.854960000000005" lon="21.412940000000003">
    <ele>195.65</ele>
   </trkpt>
   <trkpt lat="53.85474000000001" lon="21.412770000000002">
    <ele>194.98000000000002</ele>
   </trkpt>
   <trkpt lat="53.854350000000004" lon="21.41243">
    <ele>193.67000000000002</ele>
   </trkpt>
   <trkpt lat="53.85376000077604" lon="21.412009994109564">
    <ele>189.66000000000003</ele>
   </trkpt>
   <trkpt lat="53.853170000000006" lon="21.41159">
    <ele>184.48</ele>
   </trkpt>
   <trkpt lat="53.85298" lon="21.411420000000003">
    <ele>183.31000000000003</ele>
   </trkpt>
   <trkpt lat="53.852830000000004" lon="21.411240000000003">
    <ele>182.95</ele>
   </trkpt>
   <trkpt lat="53.852700000000006" lon="21.41102">
    <ele>182.55</ele>
   </trkpt>
   <trkpt lat="53.85255000000001" lon="21.410510000000002">
    <ele>182.1</ele>
   </trkpt>
   <trkpt lat="53.85239000000001" lon="21.409730000000003">
    <ele>181.02</ele>
   </trkpt>
   <trkpt lat="53.85231" lon="21.40866">
    <ele>179.42000000000002</ele>
   </trkpt>
   <trkpt lat="53.85224" lon="21.40846">
    <ele>179.29</ele>
   </trkpt>
   <trkpt lat="53.85213" lon="21.40827">
    <ele>179.29</ele>
   </trkpt>
   <trkpt lat="53.85170500082176" lon="21.407839995687517">
    <ele>178.19</ele>
   </trkpt>
   <trkpt lat="53.85128" lon="21.407410000000002">
    <ele>176.54</ele>
   </trkpt>
   <trkpt lat="53.85127000000001" lon="21.407410000000002">
    <ele>176.53000000000003</ele>
   </trkpt>
   <trkpt lat="53.850770000000004" lon="21.4069">
    <ele>174.36</ele>
   </trkpt>
   <trkpt lat="53.85056" lon="21.406640000000003">
    <ele>173.25</ele>
   </trkpt>
   <trkpt lat="53.85045" lon="21.406470000000002">
    <ele>172.66</ele>
   </trkpt>
   <trkpt lat="53.85023" lon="21.40557">
    <ele>170.0</ele>
   </trkpt>
   <trkpt lat="53.85007" lon="21.405150000000003">
    <ele>169.39000000000001</ele>
   </trkpt>
   <trkpt lat="53.84968500231925" lon="21.40439999306475">
    <ele>169.35</ele>
   </trkpt>
   <trkpt lat="53.84930000000001" lon="21.403650000000003">
    <ele>166.76000000000002</ele>
   </trkpt>
   <trkpt lat="53.84915" lon="21.40342">
    <ele>165.25</ele>
   </trkpt>
   <trkpt lat="53.848670000000006" lon="21.402810000000002">
    <ele>161.85000000000002</ele>
   </trkpt>
   <trkpt lat="53.84843000000001" lon="21.402610000000003">
    <ele>160.95000000000002</ele>
   </trkpt>
   <trkpt lat="53.84803" lon="21.402330000000003">
    <ele>160.20000000000002</ele>
   </trkpt>
   <trkpt lat="53.84755000016918" lon="21.402094997275814">
    <ele>159.95000000000002</ele>
   </trkpt>
   <trkpt lat="53.84707" lon="21.401860000000003">
    <ele>156.72000000000003</ele>
   </trkpt>
   <trkpt lat="53.84678" lon="21.40162">
    <ele>154.69000000000003</ele>
   </trkpt>
   <trkpt lat="53.8463900007732" lon="21.401149995446612">
    <ele>150.50000000000003</ele>
   </trkpt>
   <trkpt lat="53.846000000000004" lon="21.40068">
    <ele>147.92000000000002</ele>
   </trkpt>
   <trkpt lat="53.84541" lon="21.39994">
    <ele>146.51</ele>
   </trkpt>
   <trkpt lat="53.84476500219632" lon="21.399214988842992">
    <ele>148.56000000000003</ele>
   </trkpt>
   <trkpt lat="53.844120000000004" lon="21.398490000000002">
    <ele>145.45000000000002</ele>
   </trkpt>
   <trkpt lat="53.84394" lon="21.39827">
    <ele>144.42000000000002</ele>
   </trkpt>
   <trkpt lat="53.84385" lon="21.398110000000003">
    <ele>144.01</ele>
   </trkpt>
   <trkpt lat="53.84376" lon="21.39788">
    <ele>143.09000000000003</ele>
   </trkpt>
   <trkpt lat="53.843610000000005" lon="21.397280000000002">
    <ele>142.06000000000003</ele>
   </trkpt>
   <trkpt lat="53.84328000000001" lon="21.39654">
    <ele>141.09000000000003</ele>
   </trkpt>
   <trkpt lat="53.843050000000005" lon="21.39619">
    <ele>140.65000000000003</ele>
   </trkpt>
   <trkpt lat="53.84291" lon="21.39607">
    <ele>140.51000000000002</ele>
   </trkpt>
   <trkpt lat="53.842490000000005" lon="21.395840000000003">
    <ele>139.74</ele>
   </trkpt>
   <trkpt lat="53.84237" lon="21.395750000000003">
    <ele>139.74</ele>
   </trkpt>
   <trkpt lat="53.84225000000001" lon="21.39562">
    <ele>139.64000000000001</ele>
   </trkpt>
   <trkpt lat="53.84217" lon="21.395490000000002">
    <ele>139.59</ele>
   </trkpt>
   <trkpt lat="53.842110000000005" lon="21.39535">
    <ele>139.59</ele>
   </trkpt>
   <trkpt lat="53.841910000000006" lon="21.394710000000003">
    <ele>139.85</ele>
   </trkpt>
   <trkpt lat="53.841710000000006" lon="21.394270000000002">
    <ele>140.34</ele>
   </trkpt>
   <trkpt lat="53.841390001152476" lon="21.39371999561597">
    <ele>139.95000000000002</ele>
   </trkpt>
   <trkpt lat="53.84107" lon="21.39317">
    <ele>140.5</ele>
   </trkpt>
   <trkpt lat="53.84094" lon="21.39301">
    <ele>141.09000000000003</ele>
   </trkpt>
   <trkpt lat="53.84082000000001" lon="21.39288">
    <ele>141.15</ele>
   </trkpt>
   <trkpt lat="53.840520000000005" lon="21.39273">
    <ele>140.28</ele>
   </trkpt>
   <trkpt lat="53.840210000000006" lon="21.392670000000003">
    <ele>140.15000000000003</ele>
   </trkpt>
   <trkpt lat="53.83999000000001" lon="21.3926">
    <ele>140.84000000000003</ele>
   </trkpt>
   <trkpt lat="53.839800000000004" lon="21.392470000000003">
    <ele>141.49</ele>
   </trkpt>
   <trkpt lat="53.8393900005756" lon="21.392134996809">
    <ele>143.5</ele>
   </trkpt>
   <trkpt lat="53.83898000000001" lon="21.391800000000003">
    <ele>144.50000000000003</ele>
   </trkpt>
   <trkpt lat="53.838820000000005" lon="21.391710000000003">
    <ele>144.78000000000003</ele>
   </trkpt>
   <trkpt lat="53.83856" lon="21.391630000000003">
    <ele>144.43</ele>
   </trkpt>
   <trkpt lat="53.83776499994134" lon="21.391549998472662">
    <ele>143.75</ele>
   </trkpt>
   <trkpt lat="53.83697" lon="21.39147">
    <ele>146.36</ele>
   </trkpt>
   <trkpt lat="53.836890000000004" lon="21.391450000000003">
    <ele>146.35</ele>
   </trkpt>
   <trkpt lat="53.836760000000005" lon="21.391350000000003">
    <ele>146.25000000000003</ele>
   </trkpt>
   <trkpt lat="53.83641000000001" lon="21.390970000000003">
    <ele>145.4</ele>
   </trkpt>
   <trkpt lat="53.83572000493902" lon="21.39034246900967">
    <ele>144.19</ele>
   </trkpt>
   <trkpt lat="53.83503000660381" lon="21.38971495869718">
    <ele>142.4</ele>
   </trkpt>
   <trkpt lat="53.834340004994544" lon="21.389087469061426">
    <ele>143.12000000000003</ele>
   </trkpt>
   <trkpt lat="53.833650000000006" lon="21.388460000000002">
    <ele>142.74</ele>
   </trkpt>
   <trkpt lat="53.83301" lon="21.38784">
    <ele>143.82</ele>
   </trkpt>
   <trkpt lat="53.832820000000005" lon="21.387590000000003">
    <ele>143.74</ele>
   </trkpt>
   <trkpt lat="53.832660000000004" lon="21.387330000000002">
    <ele>143.45000000000002</ele>
   </trkpt>
   <trkpt lat="53.832550000000005" lon="21.38709">
    <ele>143.27</ele>
   </trkpt>
   <trkpt lat="53.832370000000004" lon="21.38653">
    <ele>141.99</ele>
   </trkpt>
   <trkpt lat="53.83232" lon="21.386460000000003">
    <ele>141.99</ele>
   </trkpt>
   <trkpt lat="53.832240000000006" lon="21.386390000000002">
    <ele>141.61</ele>
   </trkpt>
   <trkpt lat="53.832060000000006" lon="21.386400000000002">
    <ele>141.22</ele>
   </trkpt>
   <trkpt lat="53.831900000000005" lon="21.38643">
    <ele>140.94</ele>
   </trkpt>
   <trkpt lat="53.831790000000005" lon="21.386580000000002">
    <ele>141.42000000000002</ele>
   </trkpt>
   <trkpt lat="53.831720000000004" lon="21.38679">
    <ele>141.87000000000003</ele>
   </trkpt>
   <trkpt lat="53.83171" lon="21.387110000000003">
    <ele>143.08</ele>
   </trkpt>
   <trkpt lat="53.83174" lon="21.387420000000002">
    <ele>143.62000000000003</ele>
   </trkpt>
   <trkpt lat="53.831720000000004" lon="21.387690000000003">
    <ele>143.89000000000001</ele>
   </trkpt>
   <trkpt lat="53.831680000000006" lon="21.387800000000002">
    <ele>143.89000000000001</ele>
   </trkpt>
   <trkpt lat="53.83156" lon="21.388">
    <ele>144.31000000000003</ele>
   </trkpt>
   <trkpt lat="53.831030000000005" lon="21.38869">
    <ele>146.71</ele>
   </trkpt>
   <trkpt lat="53.83077" lon="21.388930000000002">
    <ele>147.38</ele>
   </trkpt>
   <trkpt lat="53.83037" lon="21.38941">
    <ele>145.87</ele>
   </trkpt>
   <trkpt lat="53.83035" lon="21.38961">
    <ele>145.73</ele>
   </trkpt>
   <trkpt lat="53.830220000000004" lon="21.39001">
    <ele>143.61</ele>
   </trkpt>
   <trkpt lat="53.83008" lon="21.390610000000002">
    <ele>142.23000000000002</ele>
   </trkpt>
   <trkpt lat="53.829980000000006" lon="21.39092">
    <ele>142.15</ele>
   </trkpt>
   <trkpt lat="53.829820000000005" lon="21.39113">
    <ele>142.66</ele>
   </trkpt>
   <trkpt lat="53.82974" lon="21.39119">
    <ele>142.66</ele>
   </trkpt>
   <trkpt lat="53.82943" lon="21.391370000000002">
    <ele>142.87000000000003</ele>
   </trkpt>
   <trkpt lat="53.82920000000001" lon="21.3915">
    <ele>143.36</ele>
   </trkpt>
   <trkpt lat="53.82905500288081" lon="21.390664997005537">
    <ele>141.55</ele>
   </trkpt>
   <trkpt lat="53.82891000000001" lon="21.389830000000003">
    <ele>140.68</ele>
   </trkpt>
   <trkpt lat="53.82881500248437" lon="21.389059998409678">
    <ele>140.95000000000002</ele>
   </trkpt>
   <trkpt lat="53.828720000000004" lon="21.38829">
    <ele>140.96</ele>
   </trkpt>
   <trkpt lat="53.82865" lon="21.38832">
    <ele>140.96</ele>
   </trkpt>
   <trkpt lat="53.82856" lon="21.38839">
    <ele>141.81</ele>
   </trkpt>
   <trkpt lat="53.82865" lon="21.38832">
    <ele>140.96</ele>
   </trkpt>
   <trkpt lat="53.828720000000004" lon="21.38829">
    <ele>140.96</ele>
   </trkpt>
   <trkpt lat="53.828700000000005" lon="21.38804">
    <ele>141.04</ele>
   </trkpt>
   <trkpt lat="53.82864000000001" lon="21.38801">
    <ele>141.04</ele>
   </trkpt>
   <trkpt lat="53.8286" lon="21.38784">
    <ele>141.83</ele>
   </trkpt>
   <trkpt lat="53.828033337243326" lon="21.388526685257112">
    <ele>147.21</ele>
   </trkpt>
   <trkpt lat="53.82746667056565" lon="21.38921335193678">
    <ele>149.9</ele>
   </trkpt>
   <trkpt lat="53.8269" lon="21.3899">
    <ele>153.15</ele>
   </trkpt>
   <trkpt lat="53.82676000000001" lon="21.39007">
    <ele>153.15</ele>
   </trkpt>
   <trkpt lat="53.82654" lon="21.39026">
    <ele>153.91000000000003</ele>
   </trkpt>
   <trkpt lat="53.826330000000006" lon="21.390320000000003">
    <ele>154.42</ele>
   </trkpt>
   <trkpt lat="53.82554500082621" lon="21.389889991974393">
    <ele>153.34</ele>
   </trkpt>
   <trkpt lat="53.824760000000005" lon="21.389460000000003">
    <ele>151.78000000000003</ele>
   </trkpt>
   <trkpt lat="53.82428" lon="21.38922">
    <ele>151.42</ele>
   </trkpt>
   <trkpt lat="53.82369666745768" lon="21.38890665792809">
    <ele>152.54</ele>
   </trkpt>
   <trkpt lat="53.82311333409888" lon="21.388593324581223">
    <ele>153.93</ele>
   </trkpt>
   <trkpt lat="53.82253000000001" lon="21.38828">
    <ele>154.32000000000002</ele>
   </trkpt>
   <trkpt lat="53.822190000000006" lon="21.388170000000002">
    <ele>154.36</ele>
   </trkpt>
   <trkpt lat="53.82168000000001" lon="21.388080000000002">
    <ele>154.47000000000003</ele>
   </trkpt>
   <trkpt lat="53.821130000000004" lon="21.388070000000003">
    <ele>154.84</ele>
   </trkpt>
   <trkpt lat="53.820750000000004" lon="21.38813">
    <ele>155.05</ele>
   </trkpt>
   <trkpt lat="53.82002500022416" lon="21.388420005067704">
    <ele>154.58</ele>
   </trkpt>
   <trkpt lat="53.819300000000005" lon="21.388710000000003">
    <ele>149.4</ele>
   </trkpt>
   <trkpt lat="53.8187166676545" lon="21.389043342577025">
    <ele>148.13</ele>
   </trkpt>
   <trkpt lat="53.8181333343849" lon="21.38937667587378">
    <ele>144.73000000000002</ele>
   </trkpt>
   <trkpt lat="53.817550000000004" lon="21.38971">
    <ele>141.98000000000002</ele>
   </trkpt>
   <trkpt lat="53.816810000000004" lon="21.390110000000004">
    <ele>140.61</ele>
   </trkpt>
   <trkpt lat="53.816570000000006" lon="21.39017">
    <ele>140.5</ele>
   </trkpt>
   <trkpt lat="53.816320000000005" lon="21.3902">
    <ele>140.48000000000002</ele>
   </trkpt>
   <trkpt lat="53.816100000000006" lon="21.39016">
    <ele>140.61</ele>
   </trkpt>
   <trkpt lat="53.815830000000005" lon="21.39001">
    <ele>140.61</ele>
   </trkpt>
   <trkpt lat="53.81529500088652" lon="21.38951999364254">
    <ele>140.82</ele>
   </trkpt>
   <trkpt lat="53.81476000000001" lon="21.38903">
    <ele>141.46</ele>
   </trkpt>
   <trkpt lat="53.814350000000005" lon="21.388810000000003">
    <ele>144.01</ele>
   </trkpt>
   <trkpt lat="53.81405" lon="21.38876">
    <ele>145.05</ele>
   </trkpt>
   <trkpt lat="53.813520000000004" lon="21.388810000000003">
    <ele>147.67000000000002</ele>
   </trkpt>
   <trkpt lat="53.81277000000001" lon="21.38905">
    <ele>149.68</ele>
   </trkpt>
   <trkpt lat="53.81207000089697" lon="21.389500007479825">
    <ele>151.65</ele>
   </trkpt>
   <trkpt lat="53.811370000000004" lon="21.389950000000002">
    <ele>150.11</ele>
   </trkpt>
   <trkpt lat="53.81067" lon="21.390420000000002">
    <ele>151.02</ele>
   </trkpt>
   <trkpt lat="53.81000500150993" lon="21.39102500960885">
    <ele>153.44000000000003</ele>
   </trkpt>
   <trkpt lat="53.809340000000006" lon="21.391630000000003">
    <ele>153.69000000000003</ele>
   </trkpt>
   <trkpt lat="53.80894000074406" lon="21.39202500367504">
    <ele>153.3</ele>
   </trkpt>
   <trkpt lat="53.80854000000001" lon="21.39242">
    <ele>153.42</ele>
   </trkpt>
   <trkpt lat="53.808020000000006" lon="21.392860000000002">
    <ele>154.02</ele>
   </trkpt>
   <trkpt lat="53.807750000000006" lon="21.39308">
    <ele>154.55</ele>
   </trkpt>
   <trkpt lat="53.80736" lon="21.39335">
    <ele>155.45</ele>
   </trkpt>
   <trkpt lat="53.80702" lon="21.39354">
    <ele>154.7</ele>
   </trkpt>
   <trkpt lat="53.80677000000001" lon="21.393610000000002">
    <ele>154.07000000000002</ele>
   </trkpt>
   <trkpt lat="53.80655" lon="21.393600000000003">
    <ele>153.68</ele>
   </trkpt>
   <trkpt lat="53.80628" lon="21.39356">
    <ele>153.64</ele>
   </trkpt>
   <trkpt lat="53.805620000000005" lon="21.39358">
    <ele>155.06</ele>
   </trkpt>
   <trkpt lat="53.80528" lon="21.393720000000002">
    <ele>156.8</ele>
   </trkpt>
   <trkpt lat="53.805150000000005" lon="21.393800000000002">
    <ele>157.79000000000002</ele>
   </trkpt>
   <trkpt lat="53.804570000000005" lon="21.39439">
    <ele>159.67000000000002</ele>
   </trkpt>
   <trkpt lat="53.803920000000005" lon="21.394990000000004">
    <ele>159.98000000000002</ele>
   </trkpt>
   <trkpt lat="53.803380000000004" lon="21.395410000000002">
    <ele>159.68</ele>
   </trkpt>
   <trkpt lat="53.80293" lon="21.395650000000003">
    <ele>159.31</ele>
   </trkpt>
   <trkpt lat="53.80245000015946" lon="21.39580500175515">
    <ele>158.38000000000002</ele>
   </trkpt>
   <trkpt lat="53.801970000000004" lon="21.395960000000002">
    <ele>157.85999999999999</ele>
   </trkpt>
   <trkpt lat="53.801590000000004" lon="21.39602">
    <ele>157.43</ele>
   </trkpt>
   <trkpt lat="53.80145" lon="21.39601">
    <ele>157.18</ele>
   </trkpt>
   <trkpt lat="53.801190000000005" lon="21.395950000000003">
    <ele>156.73000000000002</ele>
   </trkpt>
   <trkpt lat="53.80066000000001" lon="21.39573">
    <ele>155.0</ele>
   </trkpt>
   <trkpt lat="53.80053" lon="21.3957">
    <ele>154.57000000000002</ele>
   </trkpt>
   <trkpt lat="53.80019000000001" lon="21.39573">
    <ele>154.17</ele>
   </trkpt>
   <trkpt lat="53.79994000000001" lon="21.395860000000003">
    <ele>154.08</ele>
   </trkpt>
   <trkpt lat="53.79974000000001" lon="21.39599">
    <ele>153.92</ele>
   </trkpt>
   <trkpt lat="53.799150000000004" lon="21.39647">
    <ele>153.77</ele>
   </trkpt>
   <trkpt lat="53.799020000000006" lon="21.396600000000003">
    <ele>153.77</ele>
   </trkpt>
   <trkpt lat="53.79844000000001" lon="21.39733">
    <ele>153.76</ele>
   </trkpt>
   <trkpt lat="53.797920002094884" lon="21.3980500090124">
    <ele>153.69000000000003</ele>
   </trkpt>
   <trkpt lat="53.7974" lon="21.398770000000003">
    <ele>153.65</ele>
   </trkpt>
   <trkpt lat="53.79669334056133" lon="21.39970336481041">
    <ele>153.59</ele>
   </trkpt>
   <trkpt lat="53.79598667387611" lon="21.400636698167542">
    <ele>153.38000000000002</ele>
   </trkpt>
   <trkpt lat="53.795280000000005" lon="21.401570000000003">
    <ele>153.08</ele>
   </trkpt>
   <trkpt lat="53.794620003475266" lon="21.40248001427698">
    <ele>152.72000000000003</ele>
   </trkpt>
   <trkpt lat="53.793960000000006" lon="21.40339">
    <ele>152.67</ele>
   </trkpt>
   <trkpt lat="53.79364" lon="21.40387">
    <ele>152.60000000000002</ele>
   </trkpt>
   <trkpt lat="53.79341" lon="21.404310000000002">
    <ele>152.83</ele>
   </trkpt>
   <trkpt lat="53.793200000000006" lon="21.404770000000003">
    <ele>152.83</ele>
   </trkpt>
   <trkpt lat="53.792770000000004" lon="21.40585">
    <ele>153.13000000000002</ele>
   </trkpt>
   <trkpt lat="53.79243" lon="21.406820000000003">
    <ele>152.59</ele>
   </trkpt>
   <trkpt lat="53.79213500348231" lon="21.40773500643526">
    <ele>152.16000000000003</ele>
   </trkpt>
   <trkpt lat="53.79184000000001" lon="21.40865">
    <ele>151.81</ele>
   </trkpt>
   <trkpt lat="53.79155" lon="21.409380000000002">
    <ele>151.51</ele>
   </trkpt>
   <trkpt lat="53.79122" lon="21.409950000000002">
    <ele>151.62</ele>
   </trkpt>
   <trkpt lat="53.79090000000001" lon="21.41036">
    <ele>151.44000000000003</ele>
   </trkpt>
   <trkpt lat="53.79065000000001" lon="21.41075">
    <ele>151.09</ele>
   </trkpt>
   <trkpt lat="53.79010333819876" lon="21.41151335320297">
    <ele>150.92</ele>
   </trkpt>
   <trkpt lat="53.789556671550045" lon="21.41227668651089">
    <ele>150.74</ele>
   </trkpt>
   <trkpt lat="53.789010000000005" lon="21.413040000000002">
    <ele>150.2</ele>
   </trkpt>
   <trkpt lat="53.788650000921244" lon="21.413505003962122">
    <ele>149.57</ele>
   </trkpt>
   <trkpt lat="53.78829" lon="21.413970000000003">
    <ele>149.09</ele>
   </trkpt>
   <trkpt lat="53.78802" lon="21.414240000000003">
    <ele>149.01</ele>
   </trkpt>
   <trkpt lat="53.78757" lon="21.414550000000002">
    <ele>150.19000000000003</ele>
   </trkpt>
   <trkpt lat="53.78694500029762" lon="21.414860004668782">
    <ele>152.44000000000003</ele>
   </trkpt>
   <trkpt lat="53.78632" lon="21.415170000000003">
    <ele>153.68</ele>
   </trkpt>
   <trkpt lat="53.78564000000001" lon="21.41563">
    <ele>154.08</ele>
   </trkpt>
   <trkpt lat="53.784944004821355" lon="21.416168035693715">
    <ele>154.53</ele>
   </trkpt>
   <trkpt lat="53.78424800723441" lon="21.416706053537634">
    <ele>154.8</ele>
   </trkpt>
   <trkpt lat="53.78355200723933" lon="21.417244053532738">
    <ele>154.76000000000002</ele>
   </trkpt>
   <trkpt lat="53.78285600483625" lon="21.41778203568001">
    <ele>155.13000000000002</ele>
   </trkpt>
   <trkpt lat="53.782160000000005" lon="21.41832">
    <ele>154.02</ele>
   </trkpt>
   <trkpt lat="53.78159500088039" lon="21.418775006110867">
    <ele>152.85000000000002</ele>
   </trkpt>
   <trkpt lat="53.78103" lon="21.419230000000002">
    <ele>151.58</ele>
   </trkpt>
   <trkpt lat="53.780386668710555" lon="21.41972001498862">
    <ele>151.21</ele>
   </trkpt>
   <trkpt lat="53.779743335423426" lon="21.42021001495315">
    <ele>150.69000000000003</ele>
   </trkpt>
   <trkpt lat="53.77910000000001" lon="21.4207">
    <ele>149.12</ele>
   </trkpt>
   <trkpt lat="53.77911" lon="21.4207">
    <ele>149.14000000000001</ele>
   </trkpt>
   <trkpt lat="53.7785" lon="21.421090000000003">
    <ele>148.33</ele>
   </trkpt>
   <trkpt lat="53.778110000000005" lon="21.421280000000003">
    <ele>148.27</ele>
   </trkpt>
   <trkpt lat="53.77788" lon="21.42135">
    <ele>148.49</ele>
   </trkpt>
   <trkpt lat="53.777770000000004" lon="21.421360000000004">
    <ele>148.65</ele>
   </trkpt>
   <trkpt lat="53.777640000000005" lon="21.42134">
    <ele>149.04</ele>
   </trkpt>
   <trkpt lat="53.77761" lon="21.422620000000002">
    <ele>148.36</ele>
   </trkpt>
   <trkpt lat="53.777800000000006" lon="21.423460000000002">
    <ele>147.15</ele>
   </trkpt>
   <trkpt lat="53.77781" lon="21.42366">
    <ele>147.18</ele>
   </trkpt>
   <trkpt lat="53.77778000000001" lon="21.423840000000002">
    <ele>147.46</ele>
   </trkpt>
   <trkpt lat="53.7775200029556" lon="21.4246850052831">
    <ele>148.92000000000002</ele>
   </trkpt>
   <trkpt lat="53.777260000000005" lon="21.425530000000002">
    <ele>149.31000000000003</ele>
   </trkpt>
   <trkpt lat="53.77718" lon="21.42623">
    <ele>148.71</ele>
   </trkpt>
   <trkpt lat="53.777120000000004" lon="21.42734">
    <ele>147.36</ele>
   </trkpt>
   <trkpt lat="53.77703" lon="21.42783">
    <ele>148.32</ele>
   </trkpt>
   <trkpt lat="53.777170000000005" lon="21.42791">
    <ele>148.32</ele>
   </trkpt>
   <trkpt lat="53.77732" lon="21.428030000000003">
    <ele>149.15</ele>
   </trkpt>
   <trkpt lat="53.77781" lon="21.428870000000003">
    <ele>149.83</ele>
   </trkpt>
   <trkpt lat="53.777910000000006" lon="21.429100000000002">
    <ele>150.15</ele>
   </trkpt>
   <trkpt lat="53.77799" lon="21.429180000000002">
    <ele>150.15</ele>
   </trkpt>
   <trkpt lat="53.77814000000001" lon="21.42924">
    <ele>150.24</ele>
   </trkpt>
   <trkpt lat="53.778490000000005" lon="21.42943">
    <ele>150.07</ele>
   </trkpt>
   <trkpt lat="53.778940000000006" lon="21.42978">
    <ele>146.54</ele>
   </trkpt>
   <trkpt lat="53.77929" lon="21.430100000000003">
    <ele>144.56000000000003</ele>
   </trkpt>
   <trkpt lat="53.779540000000004" lon="21.43036">
    <ele>144.84000000000003</ele>
   </trkpt>
   <trkpt lat="53.779970000000006" lon="21.430870000000002">
    <ele>145.76</ele>
   </trkpt>
   <trkpt lat="53.78013000000001" lon="21.431120000000004">
    <ele>145.65</ele>
   </trkpt>
   <trkpt lat="53.780390000000004" lon="21.431630000000002">
    <ele>144.6</ele>
   </trkpt>
   <trkpt lat="53.780730000000005" lon="21.43213">
    <ele>144.27</ele>
   </trkpt>
   <trkpt lat="53.78083" lon="21.432380000000002">
    <ele>144.44</ele>
   </trkpt>
   <trkpt lat="53.78103" lon="21.432930000000002">
    <ele>145.44</ele>
   </trkpt>
   <trkpt lat="53.78108" lon="21.43318">
    <ele>146.53000000000003</ele>
   </trkpt>
   <trkpt lat="53.78114000000001" lon="21.434040000000003">
    <ele>145.53000000000003</ele>
   </trkpt>
   <trkpt lat="53.781200000000005" lon="21.434330000000003">
    <ele>145.41</ele>
   </trkpt>
   <trkpt lat="53.781290000000006" lon="21.43464">
    <ele>146.07</ele>
   </trkpt>
   <trkpt lat="53.781580000000005" lon="21.435380000000002">
    <ele>146.84</ele>
   </trkpt>
   <trkpt lat="53.78172000000001" lon="21.43615">
    <ele>146.46</ele>
   </trkpt>
   <trkpt lat="53.781800000000004" lon="21.43644">
    <ele>146.68</ele>
   </trkpt>
   <trkpt lat="53.782050000000005" lon="21.436870000000003">
    <ele>147.71</ele>
   </trkpt>
   <trkpt lat="53.782140000000005" lon="21.436940000000003">
    <ele>148.39000000000001</ele>
   </trkpt>
   <trkpt lat="53.78231" lon="21.436980000000002">
    <ele>148.99</ele>
   </trkpt>
   <trkpt lat="53.783030000000004" lon="21.436680000000003">
    <ele>150.46</ele>
   </trkpt>
   <trkpt lat="53.78336" lon="21.43661">
    <ele>150.81</ele>
   </trkpt>
   <trkpt lat="53.783570000000005" lon="21.43661">
    <ele>151.29</ele>
   </trkpt>
   <trkpt lat="53.783680000000004" lon="21.436670000000003">
    <ele>151.81</ele>
   </trkpt>
   <trkpt lat="53.784000000000006" lon="21.437070000000002">
    <ele>155.91000000000003</ele>
   </trkpt>
   <trkpt lat="53.78414000000001" lon="21.437150000000003">
    <ele>156.60999999999999</ele>
   </trkpt>
   <trkpt lat="53.784290000000006" lon="21.437130000000003">
    <ele>156.68</ele>
   </trkpt>
   <trkpt lat="53.784440000000004" lon="21.437070000000002">
    <ele>156.3</ele>
   </trkpt>
   <trkpt lat="53.784850000000006" lon="21.43682">
    <ele>153.29000000000002</ele>
   </trkpt>
   <trkpt lat="53.78502" lon="21.4368">
    <ele>152.78</ele>
   </trkpt>
   <trkpt lat="53.785140000000006" lon="21.43684">
    <ele>152.78</ele>
   </trkpt>
   <trkpt lat="53.78551" lon="21.437620000000003">
    <ele>149.18</ele>
   </trkpt>
   <trkpt lat="53.78584000000001" lon="21.438080000000003">
    <ele>149.88000000000002</ele>
   </trkpt>
   <trkpt lat="53.78598" lon="21.43824">
    <ele>149.76</ele>
   </trkpt>
   <trkpt lat="53.786170000000006" lon="21.438370000000003">
    <ele>148.73</ele>
   </trkpt>
   <trkpt lat="53.78632" lon="21.438390000000002">
    <ele>147.81000000000003</ele>
   </trkpt>
   <trkpt lat="53.78651000000001" lon="21.438370000000003">
    <ele>145.71</ele>
   </trkpt>
   <trkpt lat="53.786730000000006" lon="21.43849">
    <ele>144.72</ele>
   </trkpt>
   <trkpt lat="53.787060000000004" lon="21.43872">
    <ele>139.18</ele>
   </trkpt>
   <trkpt lat="53.78716000000001" lon="21.438830000000003">
    <ele>138.5</ele>
   </trkpt>
   <trkpt lat="53.78745000000001" lon="21.439300000000003">
    <ele>137.82</ele>
   </trkpt>
   <trkpt lat="53.787780000000005" lon="21.439390000000003">
    <ele>137.78</ele>
   </trkpt>
   <trkpt lat="53.78810000000001" lon="21.43982">
    <ele>138.83</ele>
   </trkpt>
   <trkpt lat="53.788380000000004" lon="21.440040000000003">
    <ele>140.70000000000002</ele>
   </trkpt>
   <trkpt lat="53.788810000000005" lon="21.440040000000003">
    <ele>141.26000000000002</ele>
   </trkpt>
   <trkpt lat="53.789010000000005" lon="21.440070000000002">
    <ele>140.05</ele>
   </trkpt>
   <trkpt lat="53.789350000000006" lon="21.44031">
    <ele>135.76000000000002</ele>
   </trkpt>
   <trkpt lat="53.789620000000006" lon="21.44057">
    <ele>135.11</ele>
   </trkpt>
   <trkpt lat="53.78980000000001" lon="21.440790000000003">
    <ele>135.68</ele>
   </trkpt>
   <trkpt lat="53.79032500011102" lon="21.440899998636045">
    <ele>137.07</ele>
   </trkpt>
   <trkpt lat="53.790850000000006" lon="21.441010000000002">
    <ele>139.17000000000002</ele>
   </trkpt>
   <trkpt lat="53.791140000000006" lon="21.44142">
    <ele>135.97</ele>
   </trkpt>
   <trkpt lat="53.7914" lon="21.442110000000003">
    <ele>133.09</ele>
   </trkpt>
   <trkpt lat="53.791470000000004" lon="21.44236">
    <ele>131.59</ele>
   </trkpt>
   <trkpt lat="53.79164" lon="21.443060000000003">
    <ele>131.04000000000002</ele>
   </trkpt>
   <trkpt lat="53.79175000000001" lon="21.4433">
    <ele>131.88</ele>
   </trkpt>
   <trkpt lat="53.791880000000006" lon="21.443440000000002">
    <ele>132.65</ele>
   </trkpt>
   <trkpt lat="53.79218" lon="21.4435">
    <ele>133.74</ele>
   </trkpt>
   <trkpt lat="53.792640000000006" lon="21.44366">
    <ele>135.88</ele>
   </trkpt>
   <trkpt lat="53.793000000000006" lon="21.443910000000002">
    <ele>136.59</ele>
   </trkpt>
   <trkpt lat="53.79317" lon="21.44424">
    <ele>134.69</ele>
   </trkpt>
   <trkpt lat="53.79355000532113" lon="21.445369989792365">
    <ele>134.43</ele>
   </trkpt>
   <trkpt lat="53.79393" lon="21.4465">
    <ele>135.32000000000002</ele>
   </trkpt>
   <trkpt lat="53.79442" lon="21.44707">
    <ele>134.72</ele>
   </trkpt>
   <trkpt lat="53.79490500165142" lon="21.44767999307668">
    <ele>134.27</ele>
   </trkpt>
   <trkpt lat="53.795390000000005" lon="21.44829">
    <ele>134.62</ele>
   </trkpt>
   <trkpt lat="53.795550000000006" lon="21.448690000000003">
    <ele>135.73000000000002</ele>
   </trkpt>
   <trkpt lat="53.79598000000001" lon="21.450020000000002">
    <ele>134.03</ele>
   </trkpt>
   <trkpt lat="53.79605" lon="21.450400000000002">
    <ele>133.58</ele>
   </trkpt>
   <trkpt lat="53.79646" lon="21.451490000000003">
    <ele>131.60000000000002</ele>
   </trkpt>
   <trkpt lat="53.79661" lon="21.451980000000002">
    <ele>129.94</ele>
   </trkpt>
   <trkpt lat="53.796690000000005" lon="21.452530000000003">
    <ele>129.97</ele>
   </trkpt>
   <trkpt lat="53.79668" lon="21.45323">
    <ele>129.18</ele>
   </trkpt>
   <trkpt lat="53.79657" lon="21.4542">
    <ele>130.39000000000001</ele>
   </trkpt>
   <trkpt lat="53.79657" lon="21.45466">
    <ele>129.62</ele>
   </trkpt>
   <trkpt lat="53.79663000000001" lon="21.45495">
    <ele>128.14000000000001</ele>
   </trkpt>
   <trkpt lat="53.796760000000006" lon="21.4552">
    <ele>127.2</ele>
   </trkpt>
   <trkpt lat="53.79697" lon="21.45541">
    <ele>126.74000000000002</ele>
   </trkpt>
   <trkpt lat="53.79767250088215" lon="21.455672486816855">
    <ele>127.42</ele>
   </trkpt>
   <trkpt lat="53.79837500119115" lon="21.455934982427713">
    <ele>129.10000000000002</ele>
   </trkpt>
   <trkpt lat="53.799077500926956" lon="21.456197486833076">
    <ele>129.70000000000002</ele>
   </trkpt>
   <trkpt lat="53.799780000000005" lon="21.456460000000003">
    <ele>129.29000000000002</ele>
   </trkpt>
   <trkpt lat="53.80054000009468" lon="21.45659332849092">
    <ele>128.95000000000002</ele>
   </trkpt>
   <trkpt lat="53.80130000004148" lon="21.456726661814816">
    <ele>128.17000000000002</ele>
   </trkpt>
   <trkpt lat="53.802060000000004" lon="21.456860000000002">
    <ele>129.39000000000001</ele>
   </trkpt>
   <trkpt lat="53.80257" lon="21.457330000000002">
    <ele>129.14000000000001</ele>
   </trkpt>
   <trkpt lat="53.80298000092851" lon="21.457784995625786">
    <ele>129.9</ele>
   </trkpt>
   <trkpt lat="53.80339000000001" lon="21.45824">
    <ele>131.93</ele>
   </trkpt>
   <trkpt lat="53.803960000000004" lon="21.45878">
    <ele>131.39000000000001</ele>
   </trkpt>
   <trkpt lat="53.804660000000005" lon="21.45954">
    <ele>129.07000000000002</ele>
   </trkpt>
   <trkpt lat="53.80422000000001" lon="21.46039">
    <ele>125.72</ele>
   </trkpt>
   <trkpt lat="53.803875001421915" lon="21.46098500498287">
    <ele>124.11000000000001</ele>
   </trkpt>
   <trkpt lat="53.80353" lon="21.46158">
    <ele>123.2</ele>
   </trkpt>
   <trkpt lat="53.80297" lon="21.46226">
    <ele>123.64000000000001</ele>
   </trkpt>
   <trkpt lat="53.80279" lon="21.462370000000004">
    <ele>123.97000000000001</ele>
   </trkpt>
   <trkpt lat="53.802620000000005" lon="21.462390000000003">
    <ele>124.50000000000001</ele>
   </trkpt>
   <trkpt lat="53.801930000000006" lon="21.46226">
    <ele>129.32000000000002</ele>
   </trkpt>
   <trkpt lat="53.80171000000001" lon="21.462200000000003">
    <ele>130.45000000000002</ele>
   </trkpt>
   <trkpt lat="53.80109" lon="21.46196">
    <ele>129.12</ele>
   </trkpt>
   <trkpt lat="53.80030000058144" lon="21.46158999303512">
    <ele>128.18</ele>
   </trkpt>
   <trkpt lat="53.799510000000005" lon="21.46122">
    <ele>125.74000000000001</ele>
   </trkpt>
   <trkpt lat="53.79903" lon="21.460910000000002">
    <ele>124.61000000000001</ele>
   </trkpt>
   <trkpt lat="53.79854000019043" lon="21.46099000090801">
    <ele>125.25</ele>
   </trkpt>
   <trkpt lat="53.79805" lon="21.461070000000003">
    <ele>125.81</ele>
   </trkpt>
   <trkpt lat="53.797720000000005" lon="21.461190000000002">
    <ele>125.46000000000001</ele>
   </trkpt>
   <trkpt lat="53.79727500053763" lon="21.461515003376714">
    <ele>124.19000000000001</ele>
   </trkpt>
   <trkpt lat="53.79683000000001" lon="21.461840000000002">
    <ele>125.24000000000001</ele>
   </trkpt>
   <trkpt lat="53.79618000160792" lon="21.46243500909753">
    <ele>127.27000000000002</ele>
   </trkpt>
   <trkpt lat="53.79553000000001" lon="21.463030000000003">
    <ele>130.03</ele>
   </trkpt>
   <trkpt lat="53.795230000000004" lon="21.463230000000003">
    <ele>130.54000000000002</ele>
   </trkpt>
   <trkpt lat="53.79489" lon="21.46329">
    <ele>130.41</ele>
   </trkpt>
   <trkpt lat="53.794384999958" lon="21.463244999453696">
    <ele>131.28</ele>
   </trkpt>
   <trkpt lat="53.79388" lon="21.4632">
    <ele>133.09</ele>
   </trkpt>
   <trkpt lat="53.7933" lon="21.463050000000003">
    <ele>134.63</ele>
   </trkpt>
   <trkpt lat="53.79272" lon="21.462760000000003">
    <ele>134.36</ele>
   </trkpt>
   <trkpt lat="53.792530000000006" lon="21.462770000000003">
    <ele>134.38</ele>
   </trkpt>
   <trkpt lat="53.792140000835516" lon="21.463205003990424">
    <ele>136.09</ele>
   </trkpt>
   <trkpt lat="53.79175000000001" lon="21.46364">
    <ele>136.43</ele>
   </trkpt>
   <trkpt lat="53.791120002310755" lon="21.464395011411312">
    <ele>137.4</ele>
   </trkpt>
   <trkpt lat="53.790490000000005" lon="21.46515">
    <ele>141.38</ele>
   </trkpt>
   <trkpt lat="53.789840000000005" lon="21.466060000000002">
    <ele>144.22</ele>
   </trkpt>
   <trkpt lat="53.78952" lon="21.46629">
    <ele>145.96</ele>
   </trkpt>
   <trkpt lat="53.78902500190823" lon="21.46698000824223">
    <ele>147.87</ele>
   </trkpt>
   <trkpt lat="53.78853" lon="21.467670000000002">
    <ele>147.18</ele>
   </trkpt>
   <trkpt lat="53.78842" lon="21.467750000000002">
    <ele>147.08</ele>
   </trkpt>
   <trkpt lat="53.788230000000006" lon="21.467750000000002">
    <ele>146.36</ele>
   </trkpt>
   <trkpt lat="53.787980000000005" lon="21.467670000000002">
    <ele>145.83</ele>
   </trkpt>
   <trkpt lat="53.787890000000004" lon="21.4677">
    <ele>145.8</ele>
   </trkpt>
   <trkpt lat="53.78720000339722" lon="21.46860001476563">
    <ele>144.53000000000003</ele>
   </trkpt>
   <trkpt lat="53.78651000000001" lon="21.4695">
    <ele>144.42000000000002</ele>
   </trkpt>
   <trkpt lat="53.78600333584214" lon="21.470043346399542">
    <ele>142.99</ele>
   </trkpt>
   <trkpt lat="53.785496669228216" lon="21.470586679676117">
    <ele>140.25</ele>
   </trkpt>
   <trkpt lat="53.78499000000001" lon="21.471130000000002">
    <ele>139.84</ele>
   </trkpt>
   <trkpt lat="53.7844550050931" lon="21.472240014220212">
    <ele>136.9</ele>
   </trkpt>
   <trkpt lat="53.78392" lon="21.473350000000003">
    <ele>137.8</ele>
   </trkpt>
   <trkpt lat="53.783240000000006" lon="21.47425">
    <ele>136.52</ele>
   </trkpt>
   <trkpt lat="53.782720000000005" lon="21.47503">
    <ele>137.13</ele>
   </trkpt>
   <trkpt lat="53.78234751448487" lon="21.47610752870784">
    <ele>134.53</ele>
   </trkpt>
   <trkpt lat="53.78197501931006" lon="21.4771850382854">
    <ele>132.85000000000002</ele>
   </trkpt>
   <trkpt lat="53.781602514475885" lon="21.478262528732795">
    <ele>132.60000000000002</ele>
   </trkpt>
   <trkpt lat="53.78123000000001" lon="21.47934">
    <ele>132.78</ele>
   </trkpt>
   <trkpt lat="53.7809100116372" lon="21.48052335142894">
    <ele>132.04000000000002</ele>
   </trkpt>
   <trkpt lat="53.78059001162404" lon="21.481706684810632">
    <ele>130.19</ele>
   </trkpt>
   <trkpt lat="53.78027" lon="21.48289">
    <ele>131.5</ele>
   </trkpt>
   <trkpt lat="53.78" lon="21.483530000000002">
    <ele>130.54999999999998</ele>
   </trkpt>
   <trkpt lat="53.77937000000001" lon="21.48429">
    <ele>130.43</ele>
   </trkpt>
   <trkpt lat="53.779050000000005" lon="21.484530000000003">
    <ele>130.34</ele>
   </trkpt>
   <trkpt lat="53.77842000050362" lon="21.484880005257423">
    <ele>130.95000000000002</ele>
   </trkpt>
   <trkpt lat="53.77779" lon="21.48523">
    <ele>132.63</ele>
   </trkpt>
   <trkpt lat="53.77740000000001" lon="21.48599">
    <ele>132.8</ele>
   </trkpt>
   <trkpt lat="53.77693000000001" lon="21.48704">
    <ele>131.69</ele>
   </trkpt>
   <trkpt lat="53.776780052876724" lon="21.48838753371631">
    <ele>128.15</ele>
   </trkpt>
   <trkpt lat="53.77663009064517" lon="21.4897350578034">
    <ele>128.10999999999999</ele>
   </trkpt>
   <trkpt lat="53.776480113305524" lon="21.491082572260435">
    <ele>128.04000000000002</ele>
   </trkpt>
   <trkpt lat="53.776330120857985" lon="21.49243007708656">
    <ele>129.36</ele>
   </trkpt>
   <trkpt lat="53.77618011330275" lon="21.493777572280923">
    <ele>131.3</ele>
   </trkpt>
   <trkpt lat="53.776030090640006" lon="21.495125057842685">
    <ele>131.43</ele>
   </trkpt>
   <trkpt lat="53.77588005286995" lon="21.496472533770987">
    <ele>133.21</ele>
   </trkpt>
   <trkpt lat="53.77573" lon="21.49782">
    <ele>133.51000000000002</ele>
   </trkpt>
   <trkpt lat="53.77563000000001" lon="21.499080000000003">
    <ele>130.99</ele>
   </trkpt>
   <trkpt lat="53.776140000000005" lon="21.50007">
    <ele>131.70000000000002</ele>
   </trkpt>
   <trkpt lat="53.77667" lon="21.5008">
    <ele>134.64000000000001</ele>
   </trkpt>
   <trkpt lat="53.77724000056634" lon="21.501139995433277">
    <ele>136.69</ele>
   </trkpt>
   <trkpt lat="53.77781" lon="21.50148">
    <ele>137.47</ele>
   </trkpt>
   <trkpt lat="53.778183341272886" lon="21.50245664929859">
    <ele>135.25</ele>
   </trkpt>
   <trkpt lat="53.778556674609504" lon="21.50343331597355">
    <ele>134.08</ele>
   </trkpt>
   <trkpt lat="53.77893" lon="21.50441">
    <ele>134.52</ele>
   </trkpt>
   <trkpt lat="53.779160000000005" lon="21.505290000000002">
    <ele>130.85000000000002</ele>
   </trkpt>
   <trkpt lat="53.7792" lon="21.50597">
    <ele>128.99</ele>
   </trkpt>
   <trkpt lat="53.77922" lon="21.50694">
    <ele>127.61</ele>
   </trkpt>
   <trkpt lat="53.779120000000006" lon="21.50731">
    <ele>127.60000000000002</ele>
   </trkpt>
   <trkpt lat="53.779230000000005" lon="21.507790000000004">
    <ele>128.16000000000003</ele>
   </trkpt>
   <trkpt lat="53.779540000000004" lon="21.50807">
    <ele>129.18</ele>
   </trkpt>
   <trkpt lat="53.779540000000004" lon="21.50831">
    <ele>129.96</ele>
   </trkpt>
   <trkpt lat="53.77947" lon="21.508660000000003">
    <ele>131.29000000000002</ele>
   </trkpt>
   <trkpt lat="53.779410000000006" lon="21.508750000000003">
    <ele>131.29000000000002</ele>
   </trkpt>
   <trkpt lat="53.77868" lon="21.509580000000003">
    <ele>132.38</ele>
   </trkpt>
   <trkpt lat="53.77844" lon="21.510430000000003">
    <ele>132.17000000000002</ele>
   </trkpt>
   <trkpt lat="53.77825000000001" lon="21.51088">
    <ele>131.97</ele>
   </trkpt>
   <trkpt lat="53.777710000000006" lon="21.511640000000003">
    <ele>132.26000000000002</ele>
   </trkpt>
   <trkpt lat="53.777570000000004" lon="21.51197">
    <ele>132.32000000000002</ele>
   </trkpt>
   <trkpt lat="53.77734500195841" lon="21.512650003540497">
    <ele>132.60000000000002</ele>
   </trkpt>
   <trkpt lat="53.777120000000004" lon="21.513330000000003">
    <ele>133.02</ele>
   </trkpt>
   <trkpt lat="53.777170000000005" lon="21.51424">
    <ele>133.03</ele>
   </trkpt>
   <trkpt lat="53.77718" lon="21.51452">
    <ele>132.54000000000002</ele>
   </trkpt>
   <trkpt lat="53.77713000000001" lon="21.514830000000003">
    <ele>131.4</ele>
   </trkpt>
   <trkpt lat="53.77704000000001" lon="21.515140000000002">
    <ele>129.78</ele>
   </trkpt>
   <trkpt lat="53.77684000000001" lon="21.515420000000002">
    <ele>128.78</ele>
   </trkpt>
   <trkpt lat="53.77657000000001" lon="21.515610000000002">
    <ele>128.06</ele>
   </trkpt>
   <trkpt lat="53.77569500011071" lon="21.51578500365165">
    <ele>127.99000000000002</ele>
   </trkpt>
   <trkpt lat="53.774820000000005" lon="21.515960000000003">
    <ele>128.23000000000002</ele>
   </trkpt>
   <trkpt lat="53.77458000000001" lon="21.516180000000002">
    <ele>127.4</ele>
   </trkpt>
   <trkpt lat="53.77434" lon="21.516540000000003">
    <ele>127.03</ele>
   </trkpt>
   <trkpt lat="53.77401000341612" lon="21.51745000723436">
    <ele>127.69</ele>
   </trkpt>
   <trkpt lat="53.773680000000006" lon="21.51836">
    <ele>127.41000000000003</ele>
   </trkpt>
   <trkpt lat="53.77338500165552" lon="21.519010004793394">
    <ele>126.59</ele>
   </trkpt>
   <trkpt lat="53.77309" lon="21.519660000000002">
    <ele>125.94000000000003</ele>
   </trkpt>
   <trkpt lat="53.772755001743995" lon="21.520330005594268">
    <ele>125.78</ele>
   </trkpt>
   <trkpt lat="53.772420000000004" lon="21.521">
    <ele>125.83</ele>
   </trkpt>
   <trkpt lat="53.77219" lon="21.521230000000003">
    <ele>125.7</ele>
   </trkpt>
   <trkpt lat="53.7716850003663" lon="21.521515003412592">
    <ele>125.12</ele>
   </trkpt>
   <trkpt lat="53.77118" lon="21.521800000000002">
    <ele>125.35000000000001</ele>
   </trkpt>
   <trkpt lat="53.770680000000006" lon="21.52232">
    <ele>127.42</ele>
   </trkpt>
   <trkpt lat="53.770450000000004" lon="21.522560000000002">
    <ele>127.99000000000002</ele>
   </trkpt>
   <trkpt lat="53.769850000000005" lon="21.523100000000003">
    <ele>128.02</ele>
   </trkpt>
   <trkpt lat="53.76959" lon="21.52353">
    <ele>127.55</ele>
   </trkpt>
   <trkpt lat="53.76908" lon="21.52428">
    <ele>127.67</ele>
   </trkpt>
   <trkpt lat="53.76860000179987" lon="21.52492000718973">
    <ele>127.38000000000002</ele>
   </trkpt>
   <trkpt lat="53.76812" lon="21.525560000000002">
    <ele>127.61</ele>
   </trkpt>
   <trkpt lat="53.767520000000005" lon="21.526470000000003">
    <ele>128.66000000000003</ele>
   </trkpt>
   <trkpt lat="53.76729" lon="21.5269">
    <ele>129.04999999999998</ele>
   </trkpt>
   <trkpt lat="53.767100000000006" lon="21.52746">
    <ele>129.23000000000002</ele>
   </trkpt>
   <trkpt lat="53.766870000000004" lon="21.527790000000003">
    <ele>128.96</ele>
   </trkpt>
   <trkpt lat="53.76644" lon="21.528350000000003">
    <ele>127.67</ele>
   </trkpt>
   <trkpt lat="53.76633" lon="21.52869">
    <ele>127.16000000000003</ele>
   </trkpt>
   <trkpt lat="53.76617000341216" lon="21.529595003423303">
    <ele>126.47</ele>
   </trkpt>
   <trkpt lat="53.76601" lon="21.530500000000004">
    <ele>127.36</ele>
   </trkpt>
   <trkpt lat="53.76578000000001" lon="21.53115">
    <ele>129.01000000000002</ele>
   </trkpt>
   <trkpt lat="53.765390000000004" lon="21.532010000000003">
    <ele>128.03</ele>
   </trkpt>
   <trkpt lat="53.76531000000001" lon="21.53262">
    <ele>127.82000000000001</ele>
   </trkpt>
   <trkpt lat="53.76540000000001" lon="21.53378">
    <ele>128.57000000000002</ele>
   </trkpt>
   <trkpt lat="53.765420000000006" lon="21.535010000000003">
    <ele>129.99</ele>
   </trkpt>
   <trkpt lat="53.76560000251617" lon="21.535769997218768">
    <ele>128.12</ele>
   </trkpt>
   <trkpt lat="53.76578000000001" lon="21.536530000000003">
    <ele>126.63000000000002</ele>
   </trkpt>
   <trkpt lat="53.76599000229799" lon="21.537274996233823">
    <ele>126.79</ele>
   </trkpt>
   <trkpt lat="53.766200000000005" lon="21.538020000000003">
    <ele>127.35000000000002</ele>
   </trkpt>
   <trkpt lat="53.7661950033711" lon="21.538919999930002">
    <ele>127.45</ele>
   </trkpt>
   <trkpt lat="53.76619" lon="21.539820000000002">
    <ele>127.21000000000001</ele>
   </trkpt>
   <trkpt lat="53.76635000388012" lon="21.540779996615758">
    <ele>126.75</ele>
   </trkpt>
   <trkpt lat="53.766510000000004" lon="21.54174">
    <ele>127.47</ele>
   </trkpt>
   <trkpt lat="53.76672000000001" lon="21.542710000000003">
    <ele>128.95000000000002</ele>
   </trkpt>
   <trkpt lat="53.76693" lon="21.544040000000003">
    <ele>129.43</ele>
   </trkpt>
   <trkpt lat="53.76744000000001" lon="21.545180000000002">
    <ele>129.82000000000002</ele>
   </trkpt>
   <trkpt lat="53.76769" lon="21.546200000000002">
    <ele>130.28</ele>
   </trkpt>
   <trkpt lat="53.76778500296148" lon="21.54704499800548">
    <ele>129.62</ele>
   </trkpt>
   <trkpt lat="53.767880000000005" lon="21.547890000000002">
    <ele>128.13000000000002</ele>
   </trkpt>
   <trkpt lat="53.768040002465334" lon="21.54866499688371">
    <ele>127.43</ele>
   </trkpt>
   <trkpt lat="53.76820000000001" lon="21.54944">
    <ele>128.26000000000002</ele>
   </trkpt>
   <trkpt lat="53.76840000000001" lon="21.5501">
    <ele>127.64</ele>
   </trkpt>
   <trkpt lat="53.768480000000004" lon="21.551240000000004">
    <ele>126.81</ele>
   </trkpt>
   <trkpt lat="53.76843" lon="21.55159">
    <ele>127.86</ele>
   </trkpt>
   <trkpt lat="53.768190000000004" lon="21.55208">
    <ele>128.5</ele>
   </trkpt>
   <trkpt lat="53.76791000000001" lon="21.552390000000003">
    <ele>129.52</ele>
   </trkpt>
   <trkpt lat="53.76769" lon="21.5528">
    <ele>130.95000000000002</ele>
   </trkpt>
   <trkpt lat="53.767720000000004" lon="21.554100000000002">
    <ele>132.86</ele>
   </trkpt>
   <trkpt lat="53.7679150188887" lon="21.555329982894417">
    <ele>132.70000000000002</ele>
   </trkpt>
   <trkpt lat="53.76811002518863" lon="21.55655997721539">
    <ele>133.45000000000002</ele>
   </trkpt>
   <trkpt lat="53.7683050188996" lon="21.557789982962372">
    <ele>134.62</ele>
   </trkpt>
   <trkpt lat="53.7685" lon="21.55902">
    <ele>134.93</ele>
   </trkpt>
   <trkpt lat="53.76858000000001" lon="21.560280000000002">
    <ele>133.54000000000002</ele>
   </trkpt>
   <trkpt lat="53.768625004414375" lon="21.561309998906932">
    <ele>131.9</ele>
   </trkpt>
   <trkpt lat="53.76867000000001" lon="21.562340000000003">
    <ele>132.68</ele>
   </trkpt>
   <trkpt lat="53.768750000000004" lon="21.56311">
    <ele>134.99</ele>
   </trkpt>
   <trkpt lat="53.76876000000001" lon="21.563450000000003">
    <ele>135.6</ele>
   </trkpt>
   <trkpt lat="53.768710000000006" lon="21.564110000000003">
    <ele>136.75</ele>
   </trkpt>
   <trkpt lat="53.768600000000006" lon="21.565">
    <ele>137.08</ele>
   </trkpt>
   <trkpt lat="53.76856000000001" lon="21.56566">
    <ele>136.84</ele>
   </trkpt>
   <trkpt lat="53.768405009307706" lon="21.567155005434575">
    <ele>137.89000000000001</ele>
   </trkpt>
   <trkpt lat="53.76825" lon="21.56865">
    <ele>137.08</ele>
   </trkpt>
   <trkpt lat="53.76825" lon="21.569300000000002">
    <ele>136.55</ele>
   </trkpt>
   <trkpt lat="53.76853500676714" lon="21.570574991361113">
    <ele>137.11</ele>
   </trkpt>
   <trkpt lat="53.768820000000005" lon="21.57185">
    <ele>137.23000000000002</ele>
   </trkpt>
   <trkpt lat="53.768890000000006" lon="21.572380000000003">
    <ele>137.25</ele>
   </trkpt>
   <trkpt lat="53.768996676134314" lon="21.573446661248358">
    <ele>138.27</ele>
   </trkpt>
   <trkpt lat="53.769103342801216" lon="21.574513327917273">
    <ele>138.95000000000002</ele>
   </trkpt>
   <trkpt lat="53.76921" lon="21.575580000000002">
    <ele>139.62000000000003</ele>
   </trkpt>
   <trkpt lat="53.769220000000004" lon="21.575870000000002">
    <ele>139.42000000000002</ele>
   </trkpt>
   <trkpt lat="53.769200000000005" lon="21.576390000000004">
    <ele>138.63</ele>
   </trkpt>
   <trkpt lat="53.76899" lon="21.577550000000002">
    <ele>137.25</ele>
   </trkpt>
   <trkpt lat="53.76870000481815" lon="21.578625007388183">
    <ele>134.77</ele>
   </trkpt>
   <trkpt lat="53.76841" lon="21.579700000000003">
    <ele>134.4</ele>
   </trkpt>
   <trkpt lat="53.768370000000004" lon="21.58042">
    <ele>133.81</ele>
   </trkpt>
   <trkpt lat="53.76869000000001" lon="21.581200000000003">
    <ele>132.9</ele>
   </trkpt>
   <trkpt lat="53.76922667212046" lon="21.582009979282393">
    <ele>133.51000000000002</ele>
   </trkpt>
   <trkpt lat="53.76976333878166" lon="21.582819979273772">
    <ele>133.51000000000002</ele>
   </trkpt>
   <trkpt lat="53.770300000000006" lon="21.583630000000003">
    <ele>133.39000000000001</ele>
   </trkpt>
   <trkpt lat="53.77038" lon="21.58379">
    <ele>133.14000000000001</ele>
   </trkpt>
   <trkpt lat="53.77037000000001" lon="21.58378">
    <ele>133.17000000000002</ele>
   </trkpt>
   <trkpt lat="53.770480000000006" lon="21.584100000000003">
    <ele>132.71</ele>
   </trkpt>
   <trkpt lat="53.77073000000001" lon="21.58521">
    <ele>132.09</ele>
   </trkpt>
   <trkpt lat="53.77082000000001" lon="21.58546">
    <ele>132.4</ele>
   </trkpt>
   <trkpt lat="53.770900000000005" lon="21.585520000000002">
    <ele>132.35000000000002</ele>
   </trkpt>
   <trkpt lat="53.77107" lon="21.58558">
    <ele>132.01000000000002</ele>
   </trkpt>
   <trkpt lat="53.771150000000006" lon="21.585630000000002">
    <ele>132.01000000000002</ele>
   </trkpt>
   <trkpt lat="53.771280000000004" lon="21.585800000000003">
    <ele>131.93</ele>
   </trkpt>
   <trkpt lat="53.771480000000004" lon="21.586190000000002">
    <ele>132.21</ele>
   </trkpt>
   <trkpt lat="53.77165" lon="21.5864">
    <ele>132.26000000000002</ele>
   </trkpt>
   <trkpt lat="53.77178000000001" lon="21.586470000000002">
    <ele>132.22</ele>
   </trkpt>
   <trkpt lat="53.772310000000004" lon="21.586660000000002">
    <ele>130.68</ele>
   </trkpt>
   <trkpt lat="53.77248" lon="21.586630000000003">
    <ele>129.34</ele>
   </trkpt>
   <trkpt lat="53.77266" lon="21.58651">
    <ele>128.59</ele>
   </trkpt>
   <trkpt lat="53.77282" lon="21.58633">
    <ele>128.32999999999998</ele>
   </trkpt>
   <trkpt lat="53.772960000000005" lon="21.58613">
    <ele>128.4</ele>
   </trkpt>
   <trkpt lat="53.773645002918244" lon="21.585295013605247">
    <ele>127.95</ele>
   </trkpt>
   <trkpt lat="53.774330000000006" lon="21.584460000000004">
    <ele>129.0</ele>
   </trkpt>
   <trkpt lat="53.774730000000005" lon="21.58416">
    <ele>129.11</ele>
   </trkpt>
   <trkpt lat="53.774950000000004" lon="21.584030000000002">
    <ele>127.48</ele>
   </trkpt>
   <trkpt lat="53.77521" lon="21.583920000000003">
    <ele>125.63000000000002</ele>
   </trkpt>
   <trkpt lat="53.77594499992171" lon="21.583934999735703">
    <ele>124.10000000000001</ele>
   </trkpt>
   <trkpt lat="53.776680000000006" lon="21.58395">
    <ele>127.23</ele>
   </trkpt>
   <trkpt lat="53.776900000000005" lon="21.58389">
    <ele>128.35000000000002</ele>
   </trkpt>
   <trkpt lat="53.77725" lon="21.583710000000004">
    <ele>129.71</ele>
   </trkpt>
   <trkpt lat="53.777420000000006" lon="21.58357">
    <ele>130.24</ele>
   </trkpt>
   <trkpt lat="53.777660000000004" lon="21.5832">
    <ele>130.14000000000001</ele>
   </trkpt>
   <trkpt lat="53.777820000000006" lon="21.583000000000002">
    <ele>129.81</ele>
   </trkpt>
   <trkpt lat="53.77828500060341" lon="21.582610004345806">
    <ele>129.28</ele>
   </trkpt>
   <trkpt lat="53.77875" lon="21.582220000000003">
    <ele>128.47</ele>
   </trkpt>
   <trkpt lat="53.779410000000006" lon="21.581950000000003">
    <ele>130.36</ele>
   </trkpt>
   <trkpt lat="53.77994" lon="21.581690000000002">
    <ele>130.57000000000002</ele>
   </trkpt>
   <trkpt lat="53.78058000000001" lon="21.58144">
    <ele>129.77</ele>
   </trkpt>
   <trkpt lat="53.780950000000004" lon="21.581270000000004">
    <ele>128.78</ele>
   </trkpt>
   <trkpt lat="53.78132" lon="21.581020000000002">
    <ele>128.04000000000002</ele>
   </trkpt>
   <trkpt lat="53.78161000000001" lon="21.580720000000003">
    <ele>127.48</ele>
   </trkpt>
   <trkpt lat="53.782270000000004" lon="21.579780000000003">
    <ele>124.27</ele>
   </trkpt>
   <trkpt lat="53.782500000000006" lon="21.579510000000003">
    <ele>124.27</ele>
   </trkpt>
   <trkpt lat="53.78269" lon="21.57938">
    <ele>124.91000000000001</ele>
   </trkpt>
   <trkpt lat="53.78293000000001" lon="21.57926">
    <ele>125.16000000000003</ele>
   </trkpt>
   <trkpt lat="53.783060000000006" lon="21.57916">
    <ele>125.25</ele>
   </trkpt>
   <trkpt lat="53.783240000000006" lon="21.578960000000002">
    <ele>125.2</ele>
   </trkpt>
   <trkpt lat="53.783390000000004" lon="21.57888">
    <ele>124.92000000000002</ele>
   </trkpt>
   <trkpt lat="53.783550000000005" lon="21.57882">
    <ele>125.23</ele>
   </trkpt>
   <trkpt lat="53.783820000000006" lon="21.578840000000003">
    <ele>125.25</ele>
   </trkpt>
   <trkpt lat="53.783950000000004" lon="21.57881">
    <ele>125.09</ele>
   </trkpt>
   <trkpt lat="53.784150000000004" lon="21.578580000000002">
    <ele>125.13000000000001</ele>
   </trkpt>
   <trkpt lat="53.78445000000001" lon="21.57794">
    <ele>126.37</ele>
   </trkpt>
   <trkpt lat="53.78481000386699" lon="21.57697000844921">
    <ele>127.58</ele>
   </trkpt>
   <trkpt lat="53.78517000000001" lon="21.576">
    <ele>127.39</ele>
   </trkpt>
   <trkpt lat="53.785210000000006" lon="21.57563">
    <ele>127.14</ele>
   </trkpt>
   <trkpt lat="53.785210000000006" lon="21.575300000000002">
    <ele>127.18</ele>
   </trkpt>
   <trkpt lat="53.78504" lon="21.5743">
    <ele>127.53</ele>
   </trkpt>
   <trkpt lat="53.78504" lon="21.57401">
    <ele>127.53</ele>
   </trkpt>
   <trkpt lat="53.785070000000005" lon="21.573690000000003">
    <ele>127.81</ele>
   </trkpt>
   <trkpt lat="53.785180000000004" lon="21.57327">
    <ele>127.88000000000002</ele>
   </trkpt>
   <trkpt lat="53.785270000000004" lon="21.573030000000003">
    <ele>127.77000000000002</ele>
   </trkpt>
   <trkpt lat="53.78564000000001" lon="21.572280000000003">
    <ele>128.01000000000002</ele>
   </trkpt>
   <trkpt lat="53.78575000000001" lon="21.57213">
    <ele>128.41000000000003</ele>
   </trkpt>
   <trkpt lat="53.78587" lon="21.57203">
    <ele>128.41000000000003</ele>
   </trkpt>
   <trkpt lat="53.78602000000001" lon="21.571980000000003">
    <ele>128.54000000000002</ele>
   </trkpt>
   <trkpt lat="53.7862" lon="21.571980000000003">
    <ele>128.57999999999998</ele>
   </trkpt>
   <trkpt lat="53.786770000000004" lon="21.572180000000003">
    <ele>128.28</ele>
   </trkpt>
   <trkpt lat="53.787470000000006" lon="21.57235">
    <ele>128.81</ele>
   </trkpt>
   <trkpt lat="53.787934999935935" lon="21.572290000675235">
    <ele>128.98000000000002</ele>
   </trkpt>
   <trkpt lat="53.7884" lon="21.57223">
    <ele>130.0</ele>
   </trkpt>
   <trkpt lat="53.788914999703245" lon="21.57225999961421">
    <ele>132.16</ele>
   </trkpt>
   <trkpt lat="53.78943" lon="21.572290000000002">
    <ele>135.38</ele>
   </trkpt>
   <trkpt lat="53.789770000000004" lon="21.57205">
    <ele>135.97</ele>
   </trkpt>
   <trkpt lat="53.79008" lon="21.57194">
    <ele>135.6</ele>
   </trkpt>
   <trkpt lat="53.790420000000005" lon="21.57186">
    <ele>134.52</ele>
   </trkpt>
   <trkpt lat="53.79073" lon="21.57186">
    <ele>134.41</ele>
   </trkpt>
   <trkpt lat="53.790910000000004" lon="21.571830000000002">
    <ele>134.43</ele>
   </trkpt>
   <trkpt lat="53.79112000000001" lon="21.571730000000002">
    <ele>134.69</ele>
   </trkpt>
   <trkpt lat="53.791270000000004" lon="21.57157">
    <ele>134.72</ele>
   </trkpt>
   <trkpt lat="53.791520000000006" lon="21.571230000000003">
    <ele>134.83</ele>
   </trkpt>
   <trkpt lat="53.79212000216152" lon="21.57173665219384">
    <ele>142.14000000000001</ele>
   </trkpt>
   <trkpt lat="53.79272000218755" lon="21.57224331888223">
    <ele>140.64000000000001</ele>
   </trkpt>
   <trkpt lat="53.79332" lon="21.572750000000003">
    <ele>128.65</ele>
   </trkpt>
   <trkpt lat="53.79381000000001" lon="21.572850000000003">
    <ele>121.26</ele>
   </trkpt>
   <trkpt lat="53.794160000000005" lon="21.57243">
    <ele>119.98</ele>
   </trkpt>
   <trkpt lat="53.7946" lon="21.57148">
    <ele>119.60000000000001</ele>
   </trkpt>
   <trkpt lat="53.79466000000001" lon="21.57138">
    <ele>119.60000000000001</ele>
   </trkpt>
   <trkpt lat="53.795030000000004" lon="21.57075">
    <ele>119.33</ele>
   </trkpt>
   <trkpt lat="53.79542000000001" lon="21.570010000000003">
    <ele>119.24000000000001</ele>
   </trkpt>
   <trkpt lat="53.79552" lon="21.56969">
    <ele>119.31000000000002</ele>
   </trkpt>
   <trkpt lat="53.79560000279535" lon="21.568870001578084">
    <ele>119.28000000000002</ele>
   </trkpt>
   <trkpt lat="53.795680000000004" lon="21.568050000000003">
    <ele>119.22</ele>
   </trkpt>
   <trkpt lat="53.795750000000005" lon="21.56775">
    <ele>119.21000000000001</ele>
   </trkpt>
   <trkpt lat="53.79601" lon="21.56709">
    <ele>119.21000000000001</ele>
   </trkpt>
   <trkpt lat="53.79634000346268" lon="21.56617000739985">
    <ele>119.12</ele>
   </trkpt>
   <trkpt lat="53.796670000000006" lon="21.565250000000002">
    <ele>118.83</ele>
   </trkpt>
   <trkpt lat="53.796800000000005" lon="21.56499">
    <ele>118.76</ele>
   </trkpt>
   <trkpt lat="53.79697" lon="21.56472">
    <ele>118.65</ele>
   </trkpt>
   <trkpt lat="53.797250000000005" lon="21.56437">
    <ele>118.42000000000002</ele>
   </trkpt>
   <trkpt lat="53.79735" lon="21.564290000000003">
    <ele>118.42000000000002</ele>
   </trkpt>
   <trkpt lat="53.79766000000001" lon="21.56426">
    <ele>118.35000000000001</ele>
   </trkpt>
   <trkpt lat="53.79791" lon="21.56433">
    <ele>118.4</ele>
   </trkpt>
   <trkpt lat="53.79824000000001" lon="21.56453">
    <ele>118.30000000000001</ele>
   </trkpt>
   <trkpt lat="53.798460000000006" lon="21.564320000000002">
    <ele>120.0</ele>
   </trkpt>
   <trkpt lat="53.798480000000005" lon="21.56349">
    <ele>124.01</ele>
   </trkpt>
   <trkpt lat="53.798840000000006" lon="21.56333">
    <ele>123.93</ele>
   </trkpt>
   <trkpt lat="53.79952" lon="21.563160000000003">
    <ele>122.58000000000001</ele>
   </trkpt>
   <trkpt lat="53.79999999997209" lon="21.56308000092481">
    <ele>121.34</ele>
   </trkpt>
   <trkpt lat="53.80048000000001" lon="21.563000000000002">
    <ele>119.59000000000002</ele>
   </trkpt>
   <trkpt lat="53.801030000000004" lon="21.562970000000004">
    <ele>118.75</ele>
   </trkpt>
   <trkpt lat="53.801230000000004" lon="21.56303">
    <ele>118.70000000000002</ele>
   </trkpt>
   <trkpt lat="53.80133000000001" lon="21.563090000000003">
    <ele>118.74000000000001</ele>
   </trkpt>
   <trkpt lat="53.801230000000004" lon="21.56331">
    <ele>118.34000000000002</ele>
   </trkpt>
   <trkpt lat="53.801210000000005" lon="21.563560000000003">
    <ele>118.18</ele>
   </trkpt>
   <trkpt lat="53.80107" lon="21.564110000000003">
    <ele>118.39</ele>
   </trkpt>
   <trkpt lat="53.80104000000001" lon="21.564390000000003">
    <ele>118.74000000000001</ele>
   </trkpt>
   <trkpt lat="53.80107" lon="21.564500000000002">
    <ele>118.78</ele>
   </trkpt>
   <trkpt lat="53.801100000000005" lon="21.564510000000002">
    <ele>118.75</ele>
   </trkpt>
   <trkpt lat="53.801100000000005" lon="21.56483">
    <ele>119.17000000000002</ele>
   </trkpt>
   <trkpt lat="53.80116000237638" lon="21.565589998584723">
    <ele>119.67000000000002</ele>
   </trkpt>
   <trkpt lat="53.80122000000001" lon="21.566350000000003">
    <ele>120.49000000000001</ele>
   </trkpt>
   <trkpt lat="53.801300000000005" lon="21.56717">
    <ele>120.79</ele>
   </trkpt>
   <trkpt lat="53.80138" lon="21.567510000000002">
    <ele>120.87</ele>
   </trkpt>
   <trkpt lat="53.80143" lon="21.56771">
    <ele>120.9</ele>
   </trkpt>
   <trkpt lat="53.80163" lon="21.56822">
    <ele>121.26</ele>
   </trkpt>
   <trkpt lat="53.80199000615549" lon="21.5690766520785">
    <ele>122.13000000000001</ele>
   </trkpt>
   <trkpt lat="53.80235000620671" lon="21.56993331886685">
    <ele>121.45000000000002</ele>
   </trkpt>
   <trkpt lat="53.802710000000005" lon="21.570790000000002">
    <ele>120.27000000000001</ele>
   </trkpt>
   <trkpt lat="53.802400000000006" lon="21.571170000000002">
    <ele>119.41000000000001</ele>
   </trkpt>
   <trkpt lat="53.80200000000001" lon="21.57166">
    <ele>118.88000000000001</ele>
   </trkpt>
   <trkpt lat="53.80180000000001" lon="21.57187">
    <ele>118.68</ele>
   </trkpt>
   <trkpt lat="53.80162000000001" lon="21.571980000000003">
    <ele>118.58</ele>
   </trkpt>
   <trkpt lat="53.801230000000004" lon="21.57215">
    <ele>118.76</ele>
   </trkpt>
   <trkpt lat="53.801120000000004" lon="21.572200000000002">
    <ele>118.95000000000002</ele>
   </trkpt>
   <trkpt lat="53.80089" lon="21.571820000000002">
    <ele>118.60000000000001</ele>
   </trkpt>
  </trkseg>
 </trk>
</gpx>
