<?xml version="1.0" encoding="UTF-8"?>
<gpx version="1.1" creator="VeloPlanner" xmlns="http://www.topografix.com/GPX/1/1">
  
  <trk>
    <name>Gravon LONG 2025 final - GravON25 Long Przed Borowice i Poprawka Konrada - Gravon LONG 2025 final - GrravON Long przez Borowice i Kaskady Myji - export (1)</name>
    <trkseg>
      <trkpt lat="50.815174999999996" lon="15.429293999999999"><ele>880.98</ele></trkpt>
      <trkpt lat="50.815625999999995" lon="15.429905"><ele>883.25</ele></trkpt>
      <trkpt lat="50.815644" lon="15.430052"><ele>883.19</ele></trkpt>
      <trkpt lat="50.815639" lon="15.430164999999999"><ele>882.86</ele></trkpt>
      <trkpt lat="50.815619999999996" lon="15.430254"><ele>882.53</ele></trkpt>
      <trkpt lat="50.815584" lon="15.430323"><ele>882.07</ele></trkpt>
      <trkpt lat="50.815577999999995" lon="15.430366999999999"><ele>881.86</ele></trkpt>
      <trkpt lat="50.815583" lon="15.430429"><ele>881.65</ele></trkpt>
      <trkpt lat="50.815611" lon="15.430487"><ele>881.69</ele></trkpt>
      <trkpt lat="50.815664" lon="15.43052"><ele>881.9</ele></trkpt>
      <trkpt lat="50.815745" lon="15.430634"><ele>882.31</ele></trkpt>
      <trkpt lat="50.815745" lon="15.430634"><ele>882.31</ele></trkpt>
      <trkpt lat="50.815791999999995" lon="15.4307"><ele>882.71</ele></trkpt>
      <trkpt lat="50.815982" lon="15.430911"><ele>883.48</ele></trkpt>
      <trkpt lat="50.816658999999994" lon="15.431479"><ele>886.18</ele></trkpt>
      <trkpt lat="50.81675" lon="15.431566"><ele>886.21</ele></trkpt>
      <trkpt lat="50.816911" lon="15.431687"><ele>886.71</ele></trkpt>
      <trkpt lat="50.817149" lon="15.431823999999999"><ele>887.48</ele></trkpt>
      <trkpt lat="50.817409" lon="15.432039"><ele>887.99</ele></trkpt>
      <trkpt lat="50.817729" lon="15.432217"><ele>889.21</ele></trkpt>
      <trkpt lat="50.818152999999995" lon="15.432535999999999"><ele>889.98</ele></trkpt>
      <trkpt lat="50.818374999999996" lon="15.432633"><ele>890.13</ele></trkpt>
      <trkpt lat="50.818374999999996" lon="15.432633"><ele>890.13</ele></trkpt>
      <trkpt lat="50.818576" lon="15.432663999999999"><ele>890.43</ele></trkpt>
      <trkpt lat="50.818850999999995" lon="15.432633"><ele>891.09</ele></trkpt>
      <trkpt lat="50.819069" lon="15.432656"><ele>891.29</ele></trkpt>
      <trkpt lat="50.819399999999995" lon="15.432865999999999"><ele>891.54</ele></trkpt>
      <trkpt lat="50.819691" lon="15.432941"><ele>892.51</ele></trkpt>
      <trkpt lat="50.8198" lon="15.433026"><ele>892.19</ele></trkpt>
      <trkpt lat="50.819956999999995" lon="15.433218"><ele>891.74</ele></trkpt>
      <trkpt lat="50.82011" lon="15.433337"><ele>892.1</ele></trkpt>
      <trkpt lat="50.820277999999995" lon="15.433449999999999"><ele>892.37</ele></trkpt>
      <trkpt lat="50.820474" lon="15.433504"><ele>892.35</ele></trkpt>
      <trkpt lat="50.82064" lon="15.433596999999999"><ele>892.34</ele></trkpt>
      <trkpt lat="50.820732" lon="15.433689999999999"><ele>892.29</ele></trkpt>
      <trkpt lat="50.820769" lon="15.433774"><ele>892.24</ele></trkpt>
      <trkpt lat="50.820906" lon="15.434270999999999"><ele>891.67</ele></trkpt>
      <trkpt lat="50.820975999999995" lon="15.434472999999999"><ele>890.97</ele></trkpt>
      <trkpt lat="50.821068999999994" lon="15.434664999999999"><ele>890.24</ele></trkpt>
      <trkpt lat="50.821143" lon="15.434745999999999"><ele>890.17</ele></trkpt>
      <trkpt lat="50.821529" lon="15.435073"><ele>892.12</ele></trkpt>
      <trkpt lat="50.821706" lon="15.43521"><ele>892.36</ele></trkpt>
      <trkpt lat="50.821766" lon="15.435271"><ele>892.07</ele></trkpt>
      <trkpt lat="50.821766" lon="15.435271"><ele>892.07</ele></trkpt>
      <trkpt lat="50.821922" lon="15.435428"><ele>891.79</ele></trkpt>
      <trkpt lat="50.822288" lon="15.435656999999999"><ele>890.77</ele></trkpt>
      <trkpt lat="50.822474" lon="15.435749999999999"><ele>890.21</ele></trkpt>
      <trkpt lat="50.822655999999995" lon="15.435744999999999"><ele>889.67</ele></trkpt>
      <trkpt lat="50.822897999999995" lon="15.435703"><ele>889.22</ele></trkpt>
      <trkpt lat="50.822934" lon="15.435713999999999"><ele>889.02</ele></trkpt>
      <trkpt lat="50.822962" lon="15.435768"><ele>888.28</ele></trkpt>
      <trkpt lat="50.822962" lon="15.435768"><ele>888.28</ele></trkpt>
      <trkpt lat="50.822962" lon="15.435768"><ele>888.28</ele></trkpt>
      <trkpt lat="50.823266999999994" lon="15.435533999999999"><ele>889.68</ele></trkpt>
      <trkpt lat="50.823943" lon="15.434966999999999"><ele>892.81</ele></trkpt>
      <trkpt lat="50.82416" lon="15.434742"><ele>893.4</ele></trkpt>
      <trkpt lat="50.82416" lon="15.434742"><ele>893.4</ele></trkpt>
      <trkpt lat="50.824416" lon="15.434422"><ele>895.56</ele></trkpt>
      <trkpt lat="50.824424" lon="15.434424"><ele>895.27</ele></trkpt>
      <trkpt lat="50.824424" lon="15.434424"><ele>895.27</ele></trkpt>
      <trkpt lat="50.824456999999995" lon="15.434429"><ele>894.98</ele></trkpt>
      <trkpt lat="50.824549" lon="15.434382999999999"><ele>894.31</ele></trkpt>
      <trkpt lat="50.824639" lon="15.434289"><ele>894.99</ele></trkpt>
      <trkpt lat="50.824549" lon="15.434382999999999"><ele>894.31</ele></trkpt>
      <trkpt lat="50.825139" lon="15.433767"><ele>895.68</ele></trkpt>
      <trkpt lat="50.825322" lon="15.433632999999999"><ele>895.64</ele></trkpt>
      <trkpt lat="50.825607999999995" lon="15.433558999999999"><ele>895.26</ele></trkpt>
      <trkpt lat="50.825869" lon="15.433601"><ele>894.49</ele></trkpt>
      <trkpt lat="50.826045" lon="15.433506"><ele>893.67</ele></trkpt>
      <trkpt lat="50.826375999999996" lon="15.433413999999999"><ele>892.01</ele></trkpt>
      <trkpt lat="50.827011" lon="15.432993999999999"><ele>888.44</ele></trkpt>
      <trkpt lat="50.827456999999995" lon="15.432827999999999"><ele>885.49</ele></trkpt>
      <trkpt lat="50.827619" lon="15.432713999999999"><ele>884.35</ele></trkpt>
      <trkpt lat="50.827793" lon="15.432644999999999"><ele>883.12</ele></trkpt>
      <trkpt lat="50.827904" lon="15.432554999999999"><ele>882.29</ele></trkpt>
      <trkpt lat="50.828139" lon="15.432207"><ele>880.34</ele></trkpt>
      <trkpt lat="50.828303" lon="15.432096"><ele>879.32</ele></trkpt>
      <trkpt lat="50.828807999999995" lon="15.431581"><ele>875.59</ele></trkpt>
      <trkpt lat="50.829352" lon="15.431574999999999"><ele>871.86</ele></trkpt>
      <trkpt lat="50.829594" lon="15.431453999999999"><ele>870.25</ele></trkpt>
      <trkpt lat="50.829749" lon="15.431324"><ele>869.13</ele></trkpt>
      <trkpt lat="50.829862999999996" lon="15.431042"><ele>867.83</ele></trkpt>
      <trkpt lat="50.829829" lon="15.430810999999999"><ele>867.39</ele></trkpt>
      <trkpt lat="50.829932" lon="15.430555"><ele>867.48</ele></trkpt>
      <trkpt lat="50.829932" lon="15.430555"><ele>867.48</ele></trkpt>
      <trkpt lat="50.830098" lon="15.430489999999999"><ele>866.34</ele></trkpt>
      <trkpt lat="50.830189" lon="15.430423"><ele>865.66</ele></trkpt>
      <trkpt lat="50.830262" lon="15.430397999999999"><ele>865.19</ele></trkpt>
      <trkpt lat="50.830673999999995" lon="15.430409"><ele>862.31</ele></trkpt>
      <trkpt lat="50.830867999999995" lon="15.430368"><ele>861.84</ele></trkpt>
      <trkpt lat="50.830957" lon="15.430285"><ele>861.79</ele></trkpt>
      <trkpt lat="50.831032" lon="15.430185999999999"><ele>862.59</ele></trkpt>
      <trkpt lat="50.831097" lon="15.430140999999999"><ele>863.04</ele></trkpt>
      <trkpt lat="50.83117" lon="15.430216"><ele>864.09</ele></trkpt>
      <trkpt lat="50.831182" lon="15.43029"><ele>864.22</ele></trkpt>
      <trkpt lat="50.831140999999995" lon="15.430482"><ele>864.59</ele></trkpt>
      <trkpt lat="50.831142" lon="15.430634999999999"><ele>865.33</ele></trkpt>
      <trkpt lat="50.831154999999995" lon="15.430776"><ele>866.18</ele></trkpt>
      <trkpt lat="50.831187" lon="15.430852999999999"><ele>866.73</ele></trkpt>
      <trkpt lat="50.831213999999996" lon="15.430888"><ele>867.04</ele></trkpt>
      <trkpt lat="50.831241999999996" lon="15.430898"><ele>867.29</ele></trkpt>
      <trkpt lat="50.831258999999996" lon="15.430867999999998"><ele>867.5</ele></trkpt>
      <trkpt lat="50.831271" lon="15.430781999999999"><ele>867.93</ele></trkpt>
      <trkpt lat="50.831292999999995" lon="15.430724"><ele>868.29</ele></trkpt>
      <trkpt lat="50.831331999999996" lon="15.430691999999999"><ele>868.65</ele></trkpt>
      <trkpt lat="50.831376999999996" lon="15.430729"><ele>869.04</ele></trkpt>
      <trkpt lat="50.831424999999996" lon="15.430862"><ele>869.84</ele></trkpt>
      <trkpt lat="50.831528" lon="15.430978999999999"><ele>870.91</ele></trkpt>
      <trkpt lat="50.831582999999995" lon="15.431071"><ele>871.56</ele></trkpt>
      <trkpt lat="50.831629" lon="15.431222"><ele>872.4</ele></trkpt>
      <trkpt lat="50.831668" lon="15.431249"><ele>872.73</ele></trkpt>
      <trkpt lat="50.831699" lon="15.431208999999999"><ele>873.06</ele></trkpt>
      <trkpt lat="50.831717999999995" lon="15.431001"><ele>874.07</ele></trkpt>
      <trkpt lat="50.831762" lon="15.431013"><ele>874.39</ele></trkpt>
      <trkpt lat="50.831795" lon="15.431066"><ele>874.72</ele></trkpt>
      <trkpt lat="50.831874" lon="15.431356999999998"><ele>876.19</ele></trkpt>
      <trkpt lat="50.831976" lon="15.431567"><ele>877.15</ele></trkpt>
      <trkpt lat="50.832035999999995" lon="15.431640999999999"><ele>878.06</ele></trkpt>
      <trkpt lat="50.832069" lon="15.430978999999999"><ele>879.39</ele></trkpt>
      <trkpt lat="50.832069" lon="15.430978999999999"><ele>879.39</ele></trkpt>
      <trkpt lat="50.832111" lon="15.430487999999999"><ele>882.2</ele></trkpt>
      <trkpt lat="50.832097" lon="15.429748"><ele>883.7</ele></trkpt>
      <trkpt lat="50.832133999999996" lon="15.429583"><ele>884.25</ele></trkpt>
      <trkpt lat="50.832327" lon="15.429011"><ele>886.86</ele></trkpt>
      <trkpt lat="50.832359" lon="15.429018"><ele>887.18</ele></trkpt>
      <trkpt lat="50.832373" lon="15.429051"><ele>887.16</ele></trkpt>
      <trkpt lat="50.832345" lon="15.429167"><ele>887.16</ele></trkpt>
      <trkpt lat="50.832378" lon="15.429362"><ele>887.55</ele></trkpt>
      <trkpt lat="50.832378" lon="15.429428999999999"><ele>887.79</ele></trkpt>
      <trkpt lat="50.832353" lon="15.429599"><ele>888.48</ele></trkpt>
      <trkpt lat="50.832373999999994" lon="15.42966"><ele>888.78</ele></trkpt>
      <trkpt lat="50.832386" lon="15.42966"><ele>888.85</ele></trkpt>
      <trkpt lat="50.832415" lon="15.429584"><ele>889.1</ele></trkpt>
      <trkpt lat="50.832471" lon="15.429502"><ele>889.35</ele></trkpt>
      <trkpt lat="50.832542" lon="15.429329"><ele>889.75</ele></trkpt>
      <trkpt lat="50.832578999999996" lon="15.429307999999999"><ele>889.9</ele></trkpt>
      <trkpt lat="50.832595999999995" lon="15.429312"><ele>889.97</ele></trkpt>
      <trkpt lat="50.832612" lon="15.429326999999999"><ele>890.06</ele></trkpt>
      <trkpt lat="50.832628" lon="15.429386"><ele>890.26</ele></trkpt>
      <trkpt lat="50.832527999999996" lon="15.429621"><ele>891.14</ele></trkpt>
      <trkpt lat="50.832522999999995" lon="15.429689999999999"><ele>891.38</ele></trkpt>
      <trkpt lat="50.832485999999996" lon="15.429765999999999"><ele>891.72</ele></trkpt>
      <trkpt lat="50.832482" lon="15.429934"><ele>892.27</ele></trkpt>
      <trkpt lat="50.832454999999996" lon="15.430054"><ele>892.65</ele></trkpt>
      <trkpt lat="50.832474999999995" lon="15.430123"><ele>892.88</ele></trkpt>
      <trkpt lat="50.83251" lon="15.430123"><ele>893.05</ele></trkpt>
      <trkpt lat="50.832522" lon="15.430107999999999"><ele>893.12</ele></trkpt>
      <trkpt lat="50.832581999999995" lon="15.430007999999999"><ele>893.49</ele></trkpt>
      <trkpt lat="50.832684" lon="15.429780999999998"><ele>894.3</ele></trkpt>
      <trkpt lat="50.832721" lon="15.429748"><ele>894.54</ele></trkpt>
      <trkpt lat="50.832806" lon="15.429632"><ele>895.24</ele></trkpt>
      <trkpt lat="50.832902999999995" lon="15.429476999999999"><ele>896.22</ele></trkpt>
      <trkpt lat="50.833031" lon="15.429236999999999"><ele>897.51</ele></trkpt>
      <trkpt lat="50.833165" lon="15.429096"><ele>898.51</ele></trkpt>
      <trkpt lat="50.833248" lon="15.429046"><ele>899.06</ele></trkpt>
      <trkpt lat="50.833299999999994" lon="15.429069"><ele>899.41</ele></trkpt>
      <trkpt lat="50.833312" lon="15.429164"><ele>899.82</ele></trkpt>
      <trkpt lat="50.833293999999995" lon="15.429288"><ele>900.36</ele></trkpt>
      <trkpt lat="50.833242999999996" lon="15.429426999999999"><ele>901.03</ele></trkpt>
      <trkpt lat="50.833214999999996" lon="15.42954"><ele>901.54</ele></trkpt>
      <trkpt lat="50.833217999999995" lon="15.42982"><ele>902.69</ele></trkpt>
      <trkpt lat="50.833233" lon="15.429977"><ele>903.29</ele></trkpt>
      <trkpt lat="50.833287999999996" lon="15.430053"><ele>903.69</ele></trkpt>
      <trkpt lat="50.833338" lon="15.430024"><ele>903.96</ele></trkpt>
      <trkpt lat="50.833358" lon="15.429910999999999"><ele>904.32</ele></trkpt>
      <trkpt lat="50.833462999999995" lon="15.429801"><ele>905.01</ele></trkpt>
      <trkpt lat="50.833636" lon="15.42973"><ele>906.06</ele></trkpt>
      <trkpt lat="50.833768" lon="15.429616"><ele>906.9</ele></trkpt>
      <trkpt lat="50.833901" lon="15.429566999999999"><ele>907.61</ele></trkpt>
      <trkpt lat="50.834105" lon="15.429585999999999"><ele>908.68</ele></trkpt>
      <trkpt lat="50.834495999999994" lon="15.429713999999999"><ele>910.85</ele></trkpt>
      <trkpt lat="50.834756" lon="15.429786"><ele>912.17</ele></trkpt>
      <trkpt lat="50.835083999999995" lon="15.429806"><ele>913.47</ele></trkpt>
      <trkpt lat="50.835285999999996" lon="15.429758"><ele>914.13</ele></trkpt>
      <trkpt lat="50.835407" lon="15.429637"><ele>914.56</ele></trkpt>
      <trkpt lat="50.835623" lon="15.429580999999999"><ele>915.19</ele></trkpt>
      <trkpt lat="50.835899999999995" lon="15.429547"><ele>915.96</ele></trkpt>
      <trkpt lat="50.836104999999996" lon="15.429399"><ele>916.71</ele></trkpt>
      <trkpt lat="50.836254999999994" lon="15.4292"><ele>917.44</ele></trkpt>
      <trkpt lat="50.836383" lon="15.429113999999998"><ele>917.95</ele></trkpt>
      <trkpt lat="50.836453" lon="15.428975999999999"><ele>918.43</ele></trkpt>
      <trkpt lat="50.836655" lon="15.428628"><ele>919.84</ele></trkpt>
      <trkpt lat="50.836760999999996" lon="15.428389999999998"><ele>920.76</ele></trkpt>
      <trkpt lat="50.836818" lon="15.428355999999999"><ele>921.08</ele></trkpt>
      <trkpt lat="50.83696" lon="15.428177"><ele>922.16</ele></trkpt>
      <trkpt lat="50.837061" lon="15.428097"><ele>922.87</ele></trkpt>
      <trkpt lat="50.837087" lon="15.427959"><ele>923.45</ele></trkpt>
      <trkpt lat="50.837177" lon="15.427843999999999"><ele>924.19</ele></trkpt>
      <trkpt lat="50.837263" lon="15.42769"><ele>925.09</ele></trkpt>
      <trkpt lat="50.837351" lon="15.427636"><ele>925.74</ele></trkpt>
      <trkpt lat="50.837351" lon="15.427636"><ele>925.74</ele></trkpt>
      <trkpt lat="50.837351" lon="15.427636"><ele>925.74</ele></trkpt>
      <trkpt lat="50.837381" lon="15.427665999999999"><ele>925.98</ele></trkpt>
      <trkpt lat="50.837354999999995" lon="15.427916999999999"><ele>927.05</ele></trkpt>
      <trkpt lat="50.837323999999995" lon="15.428101"><ele>927.82</ele></trkpt>
      <trkpt lat="50.837320999999996" lon="15.428621999999999"><ele>930.01</ele></trkpt>
      <trkpt lat="50.837275999999996" lon="15.429112"><ele>931.8</ele></trkpt>
      <trkpt lat="50.837298" lon="15.429348"><ele>932.63</ele></trkpt>
      <trkpt lat="50.837364" lon="15.429739999999999"><ele>934</ele></trkpt>
      <trkpt lat="50.83748" lon="15.429965"><ele>935.01</ele></trkpt>
      <trkpt lat="50.837629" lon="15.430169"><ele>936.04</ele></trkpt>
      <trkpt lat="50.837862" lon="15.430304999999999"><ele>936.66</ele></trkpt>
      <trkpt lat="50.837862" lon="15.430304999999999"><ele>936.66</ele></trkpt>
      <trkpt lat="50.838057" lon="15.430306999999999"><ele>938.27</ele></trkpt>
      <trkpt lat="50.838504" lon="15.430525"><ele>940.49</ele></trkpt>
      <trkpt lat="50.838704" lon="15.430518999999999"><ele>941.17</ele></trkpt>
      <trkpt lat="50.83896" lon="15.43067"><ele>942.07</ele></trkpt>
      <trkpt lat="50.839338999999995" lon="15.430836"><ele>943.42</ele></trkpt>
      <trkpt lat="50.839845999999994" lon="15.430689"><ele>944.01</ele></trkpt>
      <trkpt lat="50.840151" lon="15.430759"><ele>944.11</ele></trkpt>
      <trkpt lat="50.840340999999995" lon="15.430907"><ele>943.89</ele></trkpt>
      <trkpt lat="50.840505" lon="15.430959"><ele>943.6</ele></trkpt>
      <trkpt lat="50.840697" lon="15.431092"><ele>943.41</ele></trkpt>
      <trkpt lat="50.840852" lon="15.431253"><ele>943.43</ele></trkpt>
      <trkpt lat="50.84095" lon="15.431329999999999"><ele>943.51</ele></trkpt>
      <trkpt lat="50.841072999999994" lon="15.43147"><ele>943.68</ele></trkpt>
      <trkpt lat="50.841228" lon="15.43149"><ele>943.95</ele></trkpt>
      <trkpt lat="50.841515" lon="15.431692"><ele>945.01</ele></trkpt>
      <trkpt lat="50.841637" lon="15.431725"><ele>945.6</ele></trkpt>
      <trkpt lat="50.841857" lon="15.431747"><ele>946.64</ele></trkpt>
      <trkpt lat="50.842009" lon="15.431845"><ele>947.29</ele></trkpt>
      <trkpt lat="50.842146" lon="15.431868999999999"><ele>947.8</ele></trkpt>
      <trkpt lat="50.842240999999994" lon="15.431903"><ele>948.18</ele></trkpt>
      <trkpt lat="50.84232" lon="15.431980999999999"><ele>948.49</ele></trkpt>
      <trkpt lat="50.842408999999996" lon="15.432015999999999"><ele>948.73</ele></trkpt>
      <trkpt lat="50.842524999999995" lon="15.432177"><ele>949.27</ele></trkpt>
      <trkpt lat="50.842619" lon="15.432362"><ele>949.44</ele></trkpt>
      <trkpt lat="50.842715" lon="15.432412999999999"><ele>949.41</ele></trkpt>
      <trkpt lat="50.842785" lon="15.432526"><ele>949.36</ele></trkpt>
      <trkpt lat="50.84285" lon="15.432663999999999"><ele>948.97</ele></trkpt>
      <trkpt lat="50.842946999999995" lon="15.432709"><ele>948.49</ele></trkpt>
      <trkpt lat="50.843016" lon="15.432777"><ele>948.01</ele></trkpt>
      <trkpt lat="50.843022" lon="15.432929999999999"><ele>948.62</ele></trkpt>
      <trkpt lat="50.842997" lon="15.433029999999999"><ele>948.87</ele></trkpt>
      <trkpt lat="50.842977999999995" lon="15.433167"><ele>949.31</ele></trkpt>
      <trkpt lat="50.842956" lon="15.433238"><ele>949.51</ele></trkpt>
      <trkpt lat="50.842983" lon="15.433413"><ele>949.93</ele></trkpt>
      <trkpt lat="50.842969" lon="15.433553"><ele>950.1</ele></trkpt>
      <trkpt lat="50.842907999999994" lon="15.433850999999999"><ele>950.51</ele></trkpt>
      <trkpt lat="50.842771" lon="15.434116999999999"><ele>951.18</ele></trkpt>
      <trkpt lat="50.842726" lon="15.434277999999999"><ele>951.56</ele></trkpt>
      <trkpt lat="50.842552999999995" lon="15.434571"><ele>952.52</ele></trkpt>
      <trkpt lat="50.842482" lon="15.434887999999999"><ele>953.46</ele></trkpt>
      <trkpt lat="50.842178" lon="15.435894999999999"><ele>957.6</ele></trkpt>
      <trkpt lat="50.84206" lon="15.436176999999999"><ele>958.88</ele></trkpt>
      <trkpt lat="50.842065999999996" lon="15.436338999999998"><ele>959.47</ele></trkpt>
      <trkpt lat="50.842000999999996" lon="15.436726"><ele>960.91</ele></trkpt>
      <trkpt lat="50.841986999999996" lon="15.436957999999999"><ele>961.69</ele></trkpt>
      <trkpt lat="50.841918" lon="15.437289"><ele>962.86</ele></trkpt>
      <trkpt lat="50.841967999999994" lon="15.437586"><ele>963.8</ele></trkpt>
      <trkpt lat="50.84198" lon="15.437804"><ele>964.46</ele></trkpt>
      <trkpt lat="50.842056" lon="15.438037"><ele>965.27</ele></trkpt>
      <trkpt lat="50.842068" lon="15.438167"><ele>965.67</ele></trkpt>
      <trkpt lat="50.842127999999995" lon="15.438327"><ele>966.23</ele></trkpt>
      <trkpt lat="50.842144999999995" lon="15.438462"><ele>966.65</ele></trkpt>
      <trkpt lat="50.842181" lon="15.438557"><ele>966.99</ele></trkpt>
      <trkpt lat="50.842369999999995" lon="15.43879"><ele>968.25</ele></trkpt>
      <trkpt lat="50.842465999999995" lon="15.438972999999999"><ele>968.95</ele></trkpt>
      <trkpt lat="50.842638" lon="15.439167999999999"><ele>970.01</ele></trkpt>
      <trkpt lat="50.842696" lon="15.439136999999999"><ele>970.36</ele></trkpt>
      <trkpt lat="50.842703" lon="15.439027"><ele>970.77</ele></trkpt>
      <trkpt lat="50.842666" lon="15.438873"><ele>971.42</ele></trkpt>
      <trkpt lat="50.842566" lon="15.438704"><ele>972.31</ele></trkpt>
      <trkpt lat="50.842591" lon="15.438336999999999"><ele>973.66</ele></trkpt>
      <trkpt lat="50.842805" lon="15.438020999999999"><ele>975.31</ele></trkpt>
      <trkpt lat="50.842939" lon="15.437712"><ele>976.71</ele></trkpt>
      <trkpt lat="50.843061999999996" lon="15.437626999999999"><ele>977.53</ele></trkpt>
      <trkpt lat="50.843219999999995" lon="15.437344"><ele>979.53</ele></trkpt>
      <trkpt lat="50.843219999999995" lon="15.437344999999999"><ele>979.53</ele></trkpt>
      <trkpt lat="50.843433999999995" lon="15.437092999999999"><ele>980.28</ele></trkpt>
      <trkpt lat="50.843587" lon="15.437"><ele>981.18</ele></trkpt>
      <trkpt lat="50.843678999999995" lon="15.436966"><ele>981.89</ele></trkpt>
      <trkpt lat="50.843880999999996" lon="15.436921"><ele>983.54</ele></trkpt>
      <trkpt lat="50.84421" lon="15.436679999999999"><ele>985.74</ele></trkpt>
      <trkpt lat="50.844519" lon="15.436539999999999"><ele>987.81</ele></trkpt>
      <trkpt lat="50.844713999999996" lon="15.436568"><ele>989.03</ele></trkpt>
      <trkpt lat="50.844885" lon="15.436528"><ele>990.06</ele></trkpt>
      <trkpt lat="50.845268999999995" lon="15.436501999999999"><ele>992.34</ele></trkpt>
      <trkpt lat="50.845526" lon="15.436447999999999"><ele>993.82</ele></trkpt>
      <trkpt lat="50.845704" lon="15.436567"><ele>994.82</ele></trkpt>
      <trkpt lat="50.845704" lon="15.436567"><ele>994.82</ele></trkpt>
      <trkpt lat="50.845875" lon="15.436682"><ele>995.83</ele></trkpt>
      <trkpt lat="50.846092999999996" lon="15.436865999999998"><ele>997.1</ele></trkpt>
      <trkpt lat="50.846384" lon="15.437206999999999"><ele>999.07</ele></trkpt>
      <trkpt lat="50.846713" lon="15.437285"><ele>1000.1</ele></trkpt>
      <trkpt lat="50.846713" lon="15.437285"><ele>1000.1</ele></trkpt>
      <trkpt lat="50.846776" lon="15.437299999999999"><ele>1001.12</ele></trkpt>
      <trkpt lat="50.846973" lon="15.437218999999999"><ele>1002.08</ele></trkpt>
      <trkpt lat="50.847119" lon="15.437653"><ele>1003.45</ele></trkpt>
      <trkpt lat="50.847193999999995" lon="15.437816999999999"><ele>1003.7</ele></trkpt>
      <trkpt lat="50.847119" lon="15.437653"><ele>1003.45</ele></trkpt>
      <trkpt lat="50.847206" lon="15.437842999999999"><ele>1003.95</ele></trkpt>
      <trkpt lat="50.847285" lon="15.437964"><ele>1004.28</ele></trkpt>
      <trkpt lat="50.847837" lon="15.438704"><ele>1006.78</ele></trkpt>
      <trkpt lat="50.848239" lon="15.439290999999999"><ele>1009.52</ele></trkpt>
      <trkpt lat="50.848383999999996" lon="15.439542999999999"><ele>1010.89</ele></trkpt>
      <trkpt lat="50.848383999999996" lon="15.439542999999999"><ele>1010.89</ele></trkpt>
      <trkpt lat="50.848383999999996" lon="15.439542999999999"><ele>1010.89</ele></trkpt>
      <trkpt lat="50.84856" lon="15.440017999999998"><ele>1013.08</ele></trkpt>
      <trkpt lat="50.848718" lon="15.440572999999999"><ele>1015.54</ele></trkpt>
      <trkpt lat="50.848825999999995" lon="15.441013"><ele>1017.14</ele></trkpt>
      <trkpt lat="50.848907" lon="15.441417999999999"><ele>1018.22</ele></trkpt>
      <trkpt lat="50.849039999999995" lon="15.442387"><ele>1019.91</ele></trkpt>
      <trkpt lat="50.849108" lon="15.442658999999999"><ele>1020.35</ele></trkpt>
      <trkpt lat="50.849185999999996" lon="15.442896999999999"><ele>1021.33</ele></trkpt>
      <trkpt lat="50.849185999999996" lon="15.442896999999999"><ele>1021.33</ele></trkpt>
      <trkpt lat="50.849185999999996" lon="15.442896999999999"><ele>1021.33</ele></trkpt>
      <trkpt lat="50.849222" lon="15.443717"><ele>1018.74</ele></trkpt>
      <trkpt lat="50.849239" lon="15.444306999999998"><ele>1016.2</ele></trkpt>
      <trkpt lat="50.849233999999996" lon="15.444524"><ele>1015.18</ele></trkpt>
      <trkpt lat="50.849101999999995" lon="15.445601"><ele>1010.16</ele></trkpt>
      <trkpt lat="50.848859999999995" lon="15.446518"><ele>1005.69</ele></trkpt>
      <trkpt lat="50.848746" lon="15.446835"><ele>1004.69</ele></trkpt>
      <trkpt lat="50.848366999999996" lon="15.447674"><ele>1002.06</ele></trkpt>
      <trkpt lat="50.848158" lon="15.448184"><ele>1000.63</ele></trkpt>
      <trkpt lat="50.847874999999995" lon="15.448843"><ele>999.32</ele></trkpt>
      <trkpt lat="50.847832999999994" lon="15.448958999999999"><ele>999.2</ele></trkpt>
      <trkpt lat="50.847657" lon="15.449558"><ele>999.05</ele></trkpt>
      <trkpt lat="50.847601999999995" lon="15.44972"><ele>999.12</ele></trkpt>
      <trkpt lat="50.847584999999995" lon="15.449809"><ele>999.16</ele></trkpt>
      <trkpt lat="50.847573" lon="15.449931999999999"><ele>999.23</ele></trkpt>
      <trkpt lat="50.847564" lon="15.450118"><ele>999.37</ele></trkpt>
      <trkpt lat="50.847547999999996" lon="15.450225"><ele>999.45</ele></trkpt>
      <trkpt lat="50.847542999999995" lon="15.450339"><ele>999.52</ele></trkpt>
      <trkpt lat="50.847559999999994" lon="15.45083"><ele>999.75</ele></trkpt>
      <trkpt lat="50.847546" lon="15.451082"><ele>999.84</ele></trkpt>
      <trkpt lat="50.847514999999994" lon="15.451251"><ele>999.88</ele></trkpt>
      <trkpt lat="50.847417" lon="15.451663"><ele>999.91</ele></trkpt>
      <trkpt lat="50.847012" lon="15.453812"><ele>998.88</ele></trkpt>
      <trkpt lat="50.846964" lon="15.454003"><ele>998.74</ele></trkpt>
      <trkpt lat="50.846716" lon="15.455162"><ele>996.71</ele></trkpt>
      <trkpt lat="50.846582999999995" lon="15.457054999999999"><ele>994.46</ele></trkpt>
      <trkpt lat="50.846484999999994" lon="15.458703"><ele>990.87</ele></trkpt>
      <trkpt lat="50.846351999999996" lon="15.460702999999999"><ele>990.16</ele></trkpt>
      <trkpt lat="50.846345" lon="15.46102"><ele>990.44</ele></trkpt>
      <trkpt lat="50.846405999999995" lon="15.461832"><ele>992.71</ele></trkpt>
      <trkpt lat="50.846489" lon="15.46228"><ele>993.8</ele></trkpt>
      <trkpt lat="50.846596999999996" lon="15.462983"><ele>995.67</ele></trkpt>
      <trkpt lat="50.846779" lon="15.463901"><ele>998.27</ele></trkpt>
      <trkpt lat="50.846793999999996" lon="15.464191"><ele>998.96</ele></trkpt>
      <trkpt lat="50.846607" lon="15.465454"><ele>998.69</ele></trkpt>
      <trkpt lat="50.846591" lon="15.465717999999999"><ele>998.84</ele></trkpt>
      <trkpt lat="50.846595" lon="15.46605"><ele>999.04</ele></trkpt>
      <trkpt lat="50.846618" lon="15.46659"><ele>999.3</ele></trkpt>
      <trkpt lat="50.846613999999995" lon="15.466794"><ele>999.3</ele></trkpt>
      <trkpt lat="50.846578" lon="15.467179"><ele>999.14</ele></trkpt>
      <trkpt lat="50.846559" lon="15.467317999999999"><ele>999.03</ele></trkpt>
      <trkpt lat="50.846525" lon="15.467467999999998"><ele>998.87</ele></trkpt>
      <trkpt lat="50.846416999999995" lon="15.467844"><ele>998.28</ele></trkpt>
      <trkpt lat="50.84639" lon="15.467982"><ele>998.05</ele></trkpt>
      <trkpt lat="50.84636" lon="15.468167"><ele>997.77</ele></trkpt>
      <trkpt lat="50.846303" lon="15.468715"><ele>997.05</ele></trkpt>
      <trkpt lat="50.846295999999995" lon="15.469081"><ele>996.73</ele></trkpt>
      <trkpt lat="50.846348" lon="15.469856"><ele>996.48</ele></trkpt>
      <trkpt lat="50.846343" lon="15.47012"><ele>996.4</ele></trkpt>
      <trkpt lat="50.846306" lon="15.470597999999999"><ele>996.69</ele></trkpt>
      <trkpt lat="50.84632" lon="15.470861"><ele>996.74</ele></trkpt>
      <trkpt lat="50.846343999999995" lon="15.471074"><ele>996.93</ele></trkpt>
      <trkpt lat="50.846334999999996" lon="15.471302999999999"><ele>997.05</ele></trkpt>
      <trkpt lat="50.846287999999994" lon="15.471468999999999"><ele>996.66</ele></trkpt>
      <trkpt lat="50.846258" lon="15.471544999999999"><ele>996.38</ele></trkpt>
      <trkpt lat="50.845983999999994" lon="15.472071"><ele>993.57</ele></trkpt>
      <trkpt lat="50.845774" lon="15.472631"><ele>991.61</ele></trkpt>
      <trkpt lat="50.845729999999996" lon="15.472802"><ele>990.99</ele></trkpt>
      <trkpt lat="50.845675" lon="15.473205"><ele>989.51</ele></trkpt>
      <trkpt lat="50.845625999999996" lon="15.473372"><ele>988.8</ele></trkpt>
      <trkpt lat="50.84538" lon="15.473929"><ele>986.04</ele></trkpt>
      <trkpt lat="50.845265999999995" lon="15.474259"><ele>984.26</ele></trkpt>
      <trkpt lat="50.845205" lon="15.474516999999999"><ele>982.91</ele></trkpt>
      <trkpt lat="50.845129" lon="15.474927"><ele>980.93</ele></trkpt>
      <trkpt lat="50.844938" lon="15.476414"><ele>973.39</ele></trkpt>
      <trkpt lat="50.844891" lon="15.476600999999999"><ele>972.1</ele></trkpt>
      <trkpt lat="50.844418" lon="15.477590999999999"><ele>962.91</ele></trkpt>
      <trkpt lat="50.844272" lon="15.478119"><ele>958.43</ele></trkpt>
      <trkpt lat="50.844169" lon="15.478387"><ele>956.19</ele></trkpt>
      <trkpt lat="50.844027" lon="15.478707"><ele>953.43</ele></trkpt>
      <trkpt lat="50.843928" lon="15.479106999999999"><ele>950.25</ele></trkpt>
      <trkpt lat="50.843871" lon="15.479268999999999"><ele>948.9</ele></trkpt>
      <trkpt lat="50.843599999999995" lon="15.479769"><ele>944.45</ele></trkpt>
      <trkpt lat="50.843498" lon="15.480023"><ele>942.29</ele></trkpt>
      <trkpt lat="50.843464" lon="15.480131"><ele>941.37</ele></trkpt>
      <trkpt lat="50.843385999999995" lon="15.48053"><ele>938.03</ele></trkpt>
      <trkpt lat="50.843334" lon="15.480709999999998"><ele>936.4</ele></trkpt>
      <trkpt lat="50.843205999999995" lon="15.480941"><ele>933.75</ele></trkpt>
      <trkpt lat="50.843112999999995" lon="15.48106"><ele>932</ele></trkpt>
      <trkpt lat="50.842824" lon="15.4813"><ele>926.69</ele></trkpt>
      <trkpt lat="50.842748" lon="15.481389"><ele>925.07</ele></trkpt>
      <trkpt lat="50.842538" lon="15.481696999999999"><ele>920.11</ele></trkpt>
      <trkpt lat="50.842240999999994" lon="15.481966"><ele>914.2</ele></trkpt>
      <trkpt lat="50.842143" lon="15.482133999999999"><ele>911.73</ele></trkpt>
      <trkpt lat="50.841924999999996" lon="15.482711"><ele>904.89</ele></trkpt>
      <trkpt lat="50.842054999999995" lon="15.483554999999999"><ele>904.49</ele></trkpt>
      <trkpt lat="50.842158" lon="15.484698999999999"><ele>903.38</ele></trkpt>
      <trkpt lat="50.842151" lon="15.485339999999999"><ele>902.36</ele></trkpt>
      <trkpt lat="50.841794" lon="15.490395999999999"><ele>891.96</ele></trkpt>
      <trkpt lat="50.841767" lon="15.491211999999999"><ele>890.11</ele></trkpt>
      <trkpt lat="50.841809999999995" lon="15.492170999999999"><ele>887.51</ele></trkpt>
      <trkpt lat="50.842016" lon="15.494696999999999"><ele>883.67</ele></trkpt>
      <trkpt lat="50.842096" lon="15.495462999999999"><ele>882.44</ele></trkpt>
      <trkpt lat="50.842227" lon="15.49607"><ele>881.2</ele></trkpt>
      <trkpt lat="50.842687999999995" lon="15.497639"><ele>876.25</ele></trkpt>
      <trkpt lat="50.842726" lon="15.497964"><ele>875.25</ele></trkpt>
      <trkpt lat="50.842735" lon="15.498486999999999"><ele>873.63</ele></trkpt>
      <trkpt lat="50.84269" lon="15.498832"><ele>872.47</ele></trkpt>
      <trkpt lat="50.842537" lon="15.499671"><ele>869.47</ele></trkpt>
      <trkpt lat="50.8424" lon="15.500636"><ele>866.01</ele></trkpt>
      <trkpt lat="50.842344" lon="15.502187999999999"><ele>860.58</ele></trkpt>
      <trkpt lat="50.842268999999995" lon="15.502607999999999"><ele>858.6</ele></trkpt>
      <trkpt lat="50.841884" lon="15.504199"><ele>850.63</ele></trkpt>
      <trkpt lat="50.841466" lon="15.506319999999999"><ele>844.72</ele></trkpt>
      <trkpt lat="50.841325999999995" lon="15.507645"><ele>840.28</ele></trkpt>
      <trkpt lat="50.841274999999996" lon="15.508704"><ele>837.22</ele></trkpt>
      <trkpt lat="50.841317" lon="15.509492999999999"><ele>835.66</ele></trkpt>
      <trkpt lat="50.841407" lon="15.510701999999998"><ele>834.25</ele></trkpt>
      <trkpt lat="50.841407" lon="15.510701999999998"><ele>834.25</ele></trkpt>
      <trkpt lat="50.841407" lon="15.510701999999998"><ele>834.25</ele></trkpt>
      <trkpt lat="50.841407" lon="15.510701999999998"><ele>834.25</ele></trkpt>
      <trkpt lat="50.841407" lon="15.510701999999998"><ele>834.25</ele></trkpt>
      <trkpt lat="50.841667" lon="15.511956999999999"><ele>831.73</ele></trkpt>
      <trkpt lat="50.841915" lon="15.512602"><ele>829.81</ele></trkpt>
      <trkpt lat="50.842195999999994" lon="15.513212999999999"><ele>828.42</ele></trkpt>
      <trkpt lat="50.842912999999996" lon="15.514635"><ele>825.53</ele></trkpt>
      <trkpt lat="50.843182" lon="15.515552999999999"><ele>823.68</ele></trkpt>
      <trkpt lat="50.843678" lon="15.517116"><ele>821.44</ele></trkpt>
      <trkpt lat="50.844474" lon="15.519515"><ele>816.98</ele></trkpt>
      <trkpt lat="50.844995999999995" lon="15.520712"><ele>813.75</ele></trkpt>
      <trkpt lat="50.845636999999996" lon="15.522613"><ele>810.25</ele></trkpt>
      <trkpt lat="50.845940999999996" lon="15.523437999999999"><ele>809.18</ele></trkpt>
      <trkpt lat="50.846157999999996" lon="15.524261999999998"><ele>807.91</ele></trkpt>
      <trkpt lat="50.846408999999994" lon="15.525411"><ele>805.79</ele></trkpt>
      <trkpt lat="50.847353" lon="15.528592"><ele>800.56</ele></trkpt>
      <trkpt lat="50.847615" lon="15.529549999999999"><ele>800.17</ele></trkpt>
      <trkpt lat="50.847662" lon="15.529793"><ele>798.88</ele></trkpt>
      <trkpt lat="50.847606999999996" lon="15.529886999999999"><ele>797.03</ele></trkpt>
      <trkpt lat="50.847856" lon="15.530553999999999"><ele>796.87</ele></trkpt>
      <trkpt lat="50.848324" lon="15.531609999999999"><ele>795.05</ele></trkpt>
      <trkpt lat="50.848402" lon="15.53181"><ele>794.93</ele></trkpt>
      <trkpt lat="50.848476999999995" lon="15.532091999999999"><ele>794.8</ele></trkpt>
      <trkpt lat="50.848512" lon="15.532352"><ele>794.58</ele></trkpt>
      <trkpt lat="50.848541" lon="15.532808"><ele>793.46</ele></trkpt>
      <trkpt lat="50.848571" lon="15.534353"><ele>791.56</ele></trkpt>
      <trkpt lat="50.848566" lon="15.534535"><ele>791.75</ele></trkpt>
      <trkpt lat="50.848575999999994" lon="15.534882999999999"><ele>792.2</ele></trkpt>
      <trkpt lat="50.848597" lon="15.535191"><ele>792.02</ele></trkpt>
      <trkpt lat="50.848706" lon="15.535677"><ele>791.01</ele></trkpt>
      <trkpt lat="50.848808999999996" lon="15.536090999999999"><ele>791.03</ele></trkpt>
      <trkpt lat="50.848869" lon="15.536249999999999"><ele>790.88</ele></trkpt>
      <trkpt lat="50.848924" lon="15.536313999999999"><ele>790.83</ele></trkpt>
      <trkpt lat="50.849011999999995" lon="15.536358"><ele>790.83</ele></trkpt>
      <trkpt lat="50.849011999999995" lon="15.536358"><ele>790.83</ele></trkpt>
      <trkpt lat="50.849011999999995" lon="15.536358"><ele>790.83</ele></trkpt>
      <trkpt lat="50.849011999999995" lon="15.536358"><ele>790.83</ele></trkpt>
      <trkpt lat="50.849011999999995" lon="15.536358"><ele>790.83</ele></trkpt>
      <trkpt lat="50.849070999999995" lon="15.536365"><ele>790.87</ele></trkpt>
      <trkpt lat="50.849134" lon="15.536346"><ele>790.94</ele></trkpt>
      <trkpt lat="50.849182" lon="15.536308"><ele>791.01</ele></trkpt>
      <trkpt lat="50.849225" lon="15.536258"><ele>791.09</ele></trkpt>
      <trkpt lat="50.849264" lon="15.536192"><ele>791.17</ele></trkpt>
      <trkpt lat="50.84932" lon="15.535993"><ele>791.25</ele></trkpt>
      <trkpt lat="50.849384" lon="15.535606999999999"><ele>791.54</ele></trkpt>
      <trkpt lat="50.849418" lon="15.535165999999998"><ele>792.78</ele></trkpt>
      <trkpt lat="50.849410999999996" lon="15.534827"><ele>792.23</ele></trkpt>
      <trkpt lat="50.849334999999996" lon="15.533944"><ele>790.86</ele></trkpt>
      <trkpt lat="50.849250999999995" lon="15.532855"><ele>788.97</ele></trkpt>
      <trkpt lat="50.849235" lon="15.532428"><ele>788.44</ele></trkpt>
      <trkpt lat="50.849289999999996" lon="15.531640999999999"><ele>787.67</ele></trkpt>
      <trkpt lat="50.849385999999996" lon="15.531067"><ele>787.21</ele></trkpt>
      <trkpt lat="50.849567" lon="15.530085999999999"><ele>786.66</ele></trkpt>
      <trkpt lat="50.849613" lon="15.529682999999999"><ele>786.24</ele></trkpt>
      <trkpt lat="50.849641999999996" lon="15.529300999999998"><ele>786.25</ele></trkpt>
      <trkpt lat="50.84966" lon="15.528939999999999"><ele>786.15</ele></trkpt>
      <trkpt lat="50.849669999999996" lon="15.528148"><ele>786.12</ele></trkpt>
      <trkpt lat="50.849636" lon="15.527161999999999"><ele>785.87</ele></trkpt>
      <trkpt lat="50.849613999999995" lon="15.525943"><ele>785.38</ele></trkpt>
      <trkpt lat="50.849629" lon="15.525312999999999"><ele>785.16</ele></trkpt>
      <trkpt lat="50.849706999999995" lon="15.524541999999999"><ele>784.77</ele></trkpt>
      <trkpt lat="50.849815" lon="15.524038"><ele>784.32</ele></trkpt>
      <trkpt lat="50.849945999999996" lon="15.523641999999999"><ele>783.9</ele></trkpt>
      <trkpt lat="50.85019" lon="15.523074999999999"><ele>783.64</ele></trkpt>
      <trkpt lat="50.850286999999994" lon="15.522805"><ele>783.65</ele></trkpt>
      <trkpt lat="50.850366" lon="15.522421999999999"><ele>783.93</ele></trkpt>
      <trkpt lat="50.850407999999995" lon="15.521935"><ele>785.17</ele></trkpt>
      <trkpt lat="50.850401999999995" lon="15.520859"><ele>783.51</ele></trkpt>
      <trkpt lat="50.850561" lon="15.518352"><ele>782.68</ele></trkpt>
      <trkpt lat="50.850637" lon="15.517468"><ele>781.7</ele></trkpt>
      <trkpt lat="50.850849" lon="15.516274"><ele>780.72</ele></trkpt>
      <trkpt lat="50.850992999999995" lon="15.513999"><ele>778.53</ele></trkpt>
      <trkpt lat="50.851071" lon="15.513034"><ele>778.22</ele></trkpt>
      <trkpt lat="50.851186" lon="15.510489"><ele>777.71</ele></trkpt>
      <trkpt lat="50.851268999999995" lon="15.508968"><ele>778.2</ele></trkpt>
      <trkpt lat="50.851493" lon="15.506639"><ele>776.14</ele></trkpt>
      <trkpt lat="50.851698" lon="15.505154"><ele>774.72</ele></trkpt>
      <trkpt lat="50.851966999999995" lon="15.503715"><ele>773.5</ele></trkpt>
      <trkpt lat="50.852179" lon="15.502908999999999"><ele>772.83</ele></trkpt>
      <trkpt lat="50.85245" lon="15.502127999999999"><ele>772.21</ele></trkpt>
      <trkpt lat="50.852892" lon="15.500966"><ele>771.49</ele></trkpt>
      <trkpt lat="50.852892" lon="15.500966"><ele>771.49</ele></trkpt>
      <trkpt lat="50.852892" lon="15.500966"><ele>771.49</ele></trkpt>
      <trkpt lat="50.852892" lon="15.500966"><ele>771.49</ele></trkpt>
      <trkpt lat="50.852892" lon="15.500966"><ele>771.49</ele></trkpt>
      <trkpt lat="50.852906999999995" lon="15.501123999999999"><ele>770.41</ele></trkpt>
      <trkpt lat="50.852785" lon="15.501628"><ele>768.56</ele></trkpt>
      <trkpt lat="50.852643" lon="15.502500999999999"><ele>764.07</ele></trkpt>
      <trkpt lat="50.852624999999996" lon="15.504107"><ele>755.53</ele></trkpt>
      <trkpt lat="50.852705" lon="15.505008"><ele>750.82</ele></trkpt>
      <trkpt lat="50.852714" lon="15.505825"><ele>746.61</ele></trkpt>
      <trkpt lat="50.853051" lon="15.507797"><ele>735.9</ele></trkpt>
      <trkpt lat="50.853336" lon="15.509347"><ele>726.99</ele></trkpt>
      <trkpt lat="50.853708999999995" lon="15.510655999999999"><ele>719.77</ele></trkpt>
      <trkpt lat="50.853922999999995" lon="15.51198"><ele>714.46</ele></trkpt>
      <trkpt lat="50.854146" lon="15.51319"><ele>708.94</ele></trkpt>
      <trkpt lat="50.854206999999995" lon="15.513684999999999"><ele>706.71</ele></trkpt>
      <trkpt lat="50.854242" lon="15.514182"><ele>704.57</ele></trkpt>
      <trkpt lat="50.85418" lon="15.515374999999999"><ele>699.4</ele></trkpt>
      <trkpt lat="50.854189" lon="15.516867999999999"><ele>693.13</ele></trkpt>
      <trkpt lat="50.854118" lon="15.518825999999999"><ele>685.94</ele></trkpt>
      <trkpt lat="50.854226" lon="15.521142999999999"><ele>675.6</ele></trkpt>
      <trkpt lat="50.854223" lon="15.521785999999999"><ele>672.82</ele></trkpt>
      <trkpt lat="50.854229" lon="15.522305"><ele>670.68</ele></trkpt>
      <trkpt lat="50.854264" lon="15.522654"><ele>669.23</ele></trkpt>
      <trkpt lat="50.854282" lon="15.523429"><ele>666.07</ele></trkpt>
      <trkpt lat="50.854302" lon="15.52388"><ele>664.21</ele></trkpt>
      <trkpt lat="50.854321" lon="15.524859999999999"><ele>660.22</ele></trkpt>
      <trkpt lat="50.854341999999995" lon="15.525411"><ele>658.14</ele></trkpt>
      <trkpt lat="50.854323" lon="15.526138999999999"><ele>655.61</ele></trkpt>
      <trkpt lat="50.854361999999995" lon="15.52642"><ele>653.71</ele></trkpt>
      <trkpt lat="50.854361999999995" lon="15.52642"><ele>653.71</ele></trkpt>
      <trkpt lat="50.854361999999995" lon="15.52642"><ele>653.71</ele></trkpt>
      <trkpt lat="50.854361999999995" lon="15.52642"><ele>653.71</ele></trkpt>
      <trkpt lat="50.854361999999995" lon="15.52642"><ele>653.71</ele></trkpt>
      <trkpt lat="50.85449" lon="15.526304999999999"><ele>651.57</ele></trkpt>
      <trkpt lat="50.8546" lon="15.526093"><ele>649.94</ele></trkpt>
      <trkpt lat="50.855143" lon="15.524875999999999"><ele>643</ele></trkpt>
      <trkpt lat="50.855892" lon="15.523268999999999"><ele>634.72</ele></trkpt>
      <trkpt lat="50.856241" lon="15.522677999999999"><ele>630.83</ele></trkpt>
      <trkpt lat="50.856635" lon="15.522196999999998"><ele>627.03</ele></trkpt>
      <trkpt lat="50.857341" lon="15.520430999999999"><ele>618.46</ele></trkpt>
      <trkpt lat="50.858025" lon="15.518823999999999"><ele>610.31</ele></trkpt>
      <trkpt lat="50.8583" lon="15.518225999999999"><ele>607.14</ele></trkpt>
      <trkpt lat="50.858678" lon="15.517304"><ele>602.48</ele></trkpt>
      <trkpt lat="50.859204999999996" lon="15.516468999999999"><ele>597.44</ele></trkpt>
      <trkpt lat="50.859629999999996" lon="15.515734"><ele>593.37</ele></trkpt>
      <trkpt lat="50.860141" lon="15.515111"><ele>589.4</ele></trkpt>
      <trkpt lat="50.860659999999996" lon="15.514686999999999"><ele>585.6</ele></trkpt>
      <trkpt lat="50.861" lon="15.514495"><ele>583.2</ele></trkpt>
      <trkpt lat="50.861638" lon="15.514081"><ele>578.48</ele></trkpt>
      <trkpt lat="50.861816" lon="15.51404"><ele>577.13</ele></trkpt>
      <trkpt lat="50.861816" lon="15.51404"><ele>577.13</ele></trkpt>
      <trkpt lat="50.861816" lon="15.51404"><ele>577.13</ele></trkpt>
      <trkpt lat="50.861816" lon="15.51404"><ele>577.13</ele></trkpt>
      <trkpt lat="50.861816" lon="15.51404"><ele>577.13</ele></trkpt>
      <trkpt lat="50.861836" lon="15.514356"><ele>576.08</ele></trkpt>
      <trkpt lat="50.861833999999995" lon="15.515996999999999"><ele>570.37</ele></trkpt>
      <trkpt lat="50.861861999999995" lon="15.516494"><ele>567.06</ele></trkpt>
      <trkpt lat="50.861889999999995" lon="15.516739999999999"><ele>565.43</ele></trkpt>
      <trkpt lat="50.861942" lon="15.516976"><ele>563.83</ele></trkpt>
      <trkpt lat="50.862113" lon="15.517351"><ele>561.26</ele></trkpt>
      <trkpt lat="50.862409" lon="15.518125999999999"><ele>558.09</ele></trkpt>
      <trkpt lat="50.862919" lon="15.519537"><ele>554.35</ele></trkpt>
      <trkpt lat="50.862998" lon="15.519872"><ele>553.68</ele></trkpt>
      <trkpt lat="50.863040999999996" lon="15.520221999999999"><ele>552.9</ele></trkpt>
      <trkpt lat="50.862978999999996" lon="15.520589"><ele>551.95</ele></trkpt>
      <trkpt lat="50.86269" lon="15.521426"><ele>549.12</ele></trkpt>
      <trkpt lat="50.862652999999995" lon="15.521711999999999"><ele>548.25</ele></trkpt>
      <trkpt lat="50.862691" lon="15.523522999999999"><ele>544.32</ele></trkpt>
      <trkpt lat="50.862702999999996" lon="15.523651"><ele>544</ele></trkpt>
      <trkpt lat="50.862747999999996" lon="15.523926999999999"><ele>543.86</ele></trkpt>
      <trkpt lat="50.862823999999996" lon="15.524327"><ele>542.52</ele></trkpt>
      <trkpt lat="50.86296" lon="15.524844"><ele>541.17</ele></trkpt>
      <trkpt lat="50.863009" lon="15.525329999999999"><ele>539.92</ele></trkpt>
      <trkpt lat="50.863008" lon="15.525832"><ele>538.63</ele></trkpt>
      <trkpt lat="50.863042" lon="15.526309"><ele>537.42</ele></trkpt>
      <trkpt lat="50.863149" lon="15.526803999999998"><ele>536.25</ele></trkpt>
      <trkpt lat="50.863291" lon="15.527213"><ele>535.48</ele></trkpt>
      <trkpt lat="50.863442" lon="15.527737"><ele>534.73</ele></trkpt>
      <trkpt lat="50.863501" lon="15.528099999999998"><ele>534.05</ele></trkpt>
      <trkpt lat="50.863507" lon="15.528362"><ele>533.52</ele></trkpt>
      <trkpt lat="50.863586" lon="15.528881"><ele>532.26</ele></trkpt>
      <trkpt lat="50.863614999999996" lon="15.529216"><ele>531.35</ele></trkpt>
      <trkpt lat="50.863609" lon="15.529466999999999"><ele>530.6</ele></trkpt>
      <trkpt lat="50.863530999999995" lon="15.529845"><ele>529.56</ele></trkpt>
      <trkpt lat="50.863309" lon="15.530596999999998"><ele>527.96</ele></trkpt>
      <trkpt lat="50.863022" lon="15.531462"><ele>526.19</ele></trkpt>
      <trkpt lat="50.862876" lon="15.532001"><ele>524.96</ele></trkpt>
      <trkpt lat="50.862783" lon="15.532231"><ele>524.28</ele></trkpt>
      <trkpt lat="50.862694999999995" lon="15.532409999999999"><ele>523.67</ele></trkpt>
      <trkpt lat="50.862573999999995" lon="15.532615999999999"><ele>522.9</ele></trkpt>
      <trkpt lat="50.862393" lon="15.532983"><ele>521.57</ele></trkpt>
      <trkpt lat="50.862145999999996" lon="15.533596"><ele>519.5</ele></trkpt>
      <trkpt lat="50.862072" lon="15.533811"><ele>519.01</ele></trkpt>
      <trkpt lat="50.862058" lon="15.534002999999998"><ele>518.72</ele></trkpt>
      <trkpt lat="50.862097" lon="15.534203"><ele>518.48</ele></trkpt>
      <trkpt lat="50.86215" lon="15.534573"><ele>518.17</ele></trkpt>
      <trkpt lat="50.862147" lon="15.534723"><ele>518.06</ele></trkpt>
      <trkpt lat="50.862108" lon="15.534923"><ele>517.89</ele></trkpt>
      <trkpt lat="50.861987" lon="15.535316"><ele>517.64</ele></trkpt>
      <trkpt lat="50.861745" lon="15.535853999999999"><ele>517.12</ele></trkpt>
      <trkpt lat="50.861470999999995" lon="15.536674999999999"><ele>515.69</ele></trkpt>
      <trkpt lat="50.861334" lon="15.53721"><ele>514.92</ele></trkpt>
      <trkpt lat="50.861245" lon="15.537709"><ele>514.18</ele></trkpt>
      <trkpt lat="50.861098999999996" lon="15.538646"><ele>512.75</ele></trkpt>
      <trkpt lat="50.861055" lon="15.539290999999999"><ele>511.69</ele></trkpt>
      <trkpt lat="50.861062999999994" lon="15.540348"><ele>510</ele></trkpt>
      <trkpt lat="50.861104999999995" lon="15.540685"><ele>509.49</ele></trkpt>
      <trkpt lat="50.861228999999994" lon="15.541348"><ele>508.54</ele></trkpt>
      <trkpt lat="50.861311" lon="15.541737999999999"><ele>508.01</ele></trkpt>
      <trkpt lat="50.861439999999995" lon="15.542568999999999"><ele>507.16</ele></trkpt>
      <trkpt lat="50.861627999999996" lon="15.544234"><ele>505.66</ele></trkpt>
      <trkpt lat="50.861686999999996" lon="15.545012999999999"><ele>504.69</ele></trkpt>
      <trkpt lat="50.861729" lon="15.546339"><ele>502.89</ele></trkpt>
      <trkpt lat="50.861715999999994" lon="15.546660999999999"><ele>502.25</ele></trkpt>
      <trkpt lat="50.861722" lon="15.547156"><ele>501.26</ele></trkpt>
      <trkpt lat="50.861663" lon="15.547896999999999"><ele>499.51</ele></trkpt>
      <trkpt lat="50.861666" lon="15.547998"><ele>499.19</ele></trkpt>
      <trkpt lat="50.861666" lon="15.547998"><ele>499.19</ele></trkpt>
      <trkpt lat="50.861666" lon="15.547998"><ele>499.19</ele></trkpt>
      <trkpt lat="50.861666" lon="15.547998"><ele>499.19</ele></trkpt>
      <trkpt lat="50.861532999999994" lon="15.548544"><ele>497.53</ele></trkpt>
      <trkpt lat="50.861467999999995" lon="15.548888"><ele>496.44</ele></trkpt>
      <trkpt lat="50.861011999999995" lon="15.551601"><ele>487.6</ele></trkpt>
      <trkpt lat="50.86089" lon="15.554053999999999"><ele>479.54</ele></trkpt>
      <trkpt lat="50.860791" lon="15.554696"><ele>476.89</ele></trkpt>
      <trkpt lat="50.860791" lon="15.554696"><ele>476.89</ele></trkpt>
      <trkpt lat="50.860631999999995" lon="15.555380999999999"><ele>473.78</ele></trkpt>
      <trkpt lat="50.860417" lon="15.555940999999999"><ele>470.88</ele></trkpt>
      <trkpt lat="50.860150999999995" lon="15.556457"><ele>467.9</ele></trkpt>
      <trkpt lat="50.859682" lon="15.557203"><ele>463.78</ele></trkpt>
      <trkpt lat="50.859361" lon="15.557656"><ele>461.49</ele></trkpt>
      <trkpt lat="50.85912" lon="15.557977"><ele>459.57</ele></trkpt>
      <trkpt lat="50.858922" lon="15.558344"><ele>458.39</ele></trkpt>
      <trkpt lat="50.858726" lon="15.558888999999999"><ele>457.56</ele></trkpt>
      <trkpt lat="50.858322" lon="15.560766999999998"><ele>452.94</ele></trkpt>
      <trkpt lat="50.858278" lon="15.561351"><ele>451.6</ele></trkpt>
      <trkpt lat="50.858273999999994" lon="15.561869999999999"><ele>450.09</ele></trkpt>
      <trkpt lat="50.858292" lon="15.562361999999998"><ele>449.21</ele></trkpt>
      <trkpt lat="50.858323999999996" lon="15.562806"><ele>448.8</ele></trkpt>
      <trkpt lat="50.858335999999994" lon="15.56298"><ele>448.3</ele></trkpt>
      <trkpt lat="50.858326" lon="15.563327999999998"><ele>446.99</ele></trkpt>
      <trkpt lat="50.858332" lon="15.563644"><ele>445.81</ele></trkpt>
      <trkpt lat="50.858308" lon="15.564110999999999"><ele>443.94</ele></trkpt>
      <trkpt lat="50.858222" lon="15.564566"><ele>441.9</ele></trkpt>
      <trkpt lat="50.858107999999994" lon="15.56508"><ele>440.14</ele></trkpt>
      <trkpt lat="50.857862999999995" lon="15.566056999999999"><ele>437.64</ele></trkpt>
      <trkpt lat="50.857512" lon="15.567153"><ele>435.69</ele></trkpt>
      <trkpt lat="50.857344" lon="15.567627"><ele>433.7</ele></trkpt>
      <trkpt lat="50.857189" lon="15.568111"><ele>431.83</ele></trkpt>
      <trkpt lat="50.857139" lon="15.568202999999999"><ele>431.38</ele></trkpt>
      <trkpt lat="50.857071" lon="15.568482999999999"><ele>430.66</ele></trkpt>
      <trkpt lat="50.856936999999995" lon="15.568736999999999"><ele>429.49</ele></trkpt>
      <trkpt lat="50.856586" lon="15.569068"><ele>427.73</ele></trkpt>
      <trkpt lat="50.856449" lon="15.569301999999999"><ele>426.97</ele></trkpt>
      <trkpt lat="50.856269" lon="15.569906"><ele>425.71</ele></trkpt>
      <trkpt lat="50.85612" lon="15.570288"><ele>424.92</ele></trkpt>
      <trkpt lat="50.855574999999995" lon="15.571326"><ele>422.82</ele></trkpt>
      <trkpt lat="50.855508" lon="15.571473999999998"><ele>422.54</ele></trkpt>
      <trkpt lat="50.855477" lon="15.571596"><ele>422.36</ele></trkpt>
      <trkpt lat="50.855385" lon="15.572156999999999"><ele>420.78</ele></trkpt>
      <trkpt lat="50.855298" lon="15.572524"><ele>419.93</ele></trkpt>
      <trkpt lat="50.855247999999996" lon="15.57269"><ele>419.63</ele></trkpt>
      <trkpt lat="50.855089" lon="15.573101999999999"><ele>418.86</ele></trkpt>
      <trkpt lat="50.854731" lon="15.573827999999999"><ele>417.22</ele></trkpt>
      <trkpt lat="50.854513" lon="15.574323"><ele>416.01</ele></trkpt>
      <trkpt lat="50.854425" lon="15.574561"><ele>415.27</ele></trkpt>
      <trkpt lat="50.854403999999995" lon="15.574888999999999"><ele>414.42</ele></trkpt>
      <trkpt lat="50.854409" lon="15.575140999999999"><ele>413.81</ele></trkpt>
      <trkpt lat="50.854462999999996" lon="15.575531"><ele>413.04</ele></trkpt>
      <trkpt lat="50.854532" lon="15.575838"><ele>412.47</ele></trkpt>
      <trkpt lat="50.854544" lon="15.576025999999999"><ele>412.14</ele></trkpt>
      <trkpt lat="50.854534" lon="15.57625"><ele>411.77</ele></trkpt>
      <trkpt lat="50.854476999999996" lon="15.576505"><ele>411.38</ele></trkpt>
      <trkpt lat="50.854316" lon="15.576839"><ele>410.83</ele></trkpt>
      <trkpt lat="50.854164999999995" lon="15.577211"><ele>410.11</ele></trkpt>
      <trkpt lat="50.853972999999996" lon="15.577819"><ele>408.89</ele></trkpt>
      <trkpt lat="50.85359" lon="15.578591"><ele>406.92</ele></trkpt>
      <trkpt lat="50.853480999999995" lon="15.578781"><ele>406.21</ele></trkpt>
      <trkpt lat="50.853401" lon="15.578946"><ele>405.84</ele></trkpt>
      <trkpt lat="50.853165999999995" lon="15.579329"><ele>404.57</ele></trkpt>
      <trkpt lat="50.852926" lon="15.579803"><ele>403.53</ele></trkpt>
      <trkpt lat="50.852581" lon="15.580672999999999"><ele>401.28</ele></trkpt>
      <trkpt lat="50.852412" lon="15.581"><ele>400.41</ele></trkpt>
      <trkpt lat="50.851935" lon="15.581729999999999"><ele>398.19</ele></trkpt>
      <trkpt lat="50.851805" lon="15.581978999999999"><ele>397.69</ele></trkpt>
      <trkpt lat="50.851696" lon="15.58223"><ele>397.08</ele></trkpt>
      <trkpt lat="50.851605" lon="15.58251"><ele>396.42</ele></trkpt>
      <trkpt lat="50.851503" lon="15.582920999999999"><ele>395.81</ele></trkpt>
      <trkpt lat="50.851363" lon="15.583559"><ele>395.02</ele></trkpt>
      <trkpt lat="50.85125" lon="15.584175"><ele>394.49</ele></trkpt>
      <trkpt lat="50.851242" lon="15.584335"><ele>394.48</ele></trkpt>
      <trkpt lat="50.851251" lon="15.584633"><ele>394.5</ele></trkpt>
      <trkpt lat="50.851247" lon="15.584779"><ele>394.47</ele></trkpt>
      <trkpt lat="50.851240999999995" lon="15.584814999999999"><ele>394.41</ele></trkpt>
      <trkpt lat="50.851223999999995" lon="15.584919"><ele>394.34</ele></trkpt>
      <trkpt lat="50.851181" lon="15.585047"><ele>394.21</ele></trkpt>
      <trkpt lat="50.851121" lon="15.585156999999999"><ele>394.02</ele></trkpt>
      <trkpt lat="50.850618" lon="15.585405"><ele>390.99</ele></trkpt>
      <trkpt lat="50.850632" lon="15.585503"><ele>390.75</ele></trkpt>
      <trkpt lat="50.850632" lon="15.585503"><ele>390.75</ele></trkpt>
      <trkpt lat="50.850668999999996" lon="15.585818999999999"><ele>390.26</ele></trkpt>
      <trkpt lat="50.850674" lon="15.585984999999999"><ele>390.04</ele></trkpt>
      <trkpt lat="50.850666999999994" lon="15.586174"><ele>390.06</ele></trkpt>
      <trkpt lat="50.850638" lon="15.586592999999999"><ele>390.38</ele></trkpt>
      <trkpt lat="50.850618" lon="15.586761999999998"><ele>390.37</ele></trkpt>
      <trkpt lat="50.850488999999996" lon="15.587278999999999"><ele>389.33</ele></trkpt>
      <trkpt lat="50.850411" lon="15.587641999999999"><ele>389.06</ele></trkpt>
      <trkpt lat="50.850072999999995" lon="15.589665"><ele>387.8</ele></trkpt>
      <trkpt lat="50.84965" lon="15.591365999999999"><ele>385.65</ele></trkpt>
      <trkpt lat="50.849675999999995" lon="15.59128"><ele>385.77</ele></trkpt>
      <trkpt lat="50.84959" lon="15.591564"><ele>385.52</ele></trkpt>
      <trkpt lat="50.849453999999994" lon="15.591928"><ele>385.03</ele></trkpt>
      <trkpt lat="50.849453999999994" lon="15.591928"><ele>385.03</ele></trkpt>
      <trkpt lat="50.849453999999994" lon="15.591928"><ele>385.03</ele></trkpt>
      <trkpt lat="50.849215" lon="15.591768"><ele>383.12</ele></trkpt>
      <trkpt lat="50.84899" lon="15.591626999999999"><ele>386.05</ele></trkpt>
      <trkpt lat="50.848918" lon="15.591600999999999"><ele>387.82</ele></trkpt>
      <trkpt lat="50.848949999999995" lon="15.591508"><ele>387.86</ele></trkpt>
      <trkpt lat="50.849064" lon="15.590891999999998"><ele>391.19</ele></trkpt>
      <trkpt lat="50.849128" lon="15.590651"><ele>392.69</ele></trkpt>
      <trkpt lat="50.849298999999995" lon="15.590185"><ele>392.9</ele></trkpt>
      <trkpt lat="50.849410999999996" lon="15.589621"><ele>394.32</ele></trkpt>
      <trkpt lat="50.849495999999995" lon="15.589257"><ele>395.13</ele></trkpt>
      <trkpt lat="50.849571999999995" lon="15.588982"><ele>394.99</ele></trkpt>
      <trkpt lat="50.849658999999996" lon="15.588709999999999"><ele>396.11</ele></trkpt>
      <trkpt lat="50.849737" lon="15.588512999999999"><ele>396.93</ele></trkpt>
      <trkpt lat="50.849759999999996" lon="15.588432999999998"><ele>396.74</ele></trkpt>
      <trkpt lat="50.84981" lon="15.588140999999998"><ele>396.8</ele></trkpt>
      <trkpt lat="50.849897999999996" lon="15.587454"><ele>397.9</ele></trkpt>
      <trkpt lat="50.849889" lon="15.58686"><ele>399.63</ele></trkpt>
      <trkpt lat="50.849928999999996" lon="15.586053999999999"><ele>402.09</ele></trkpt>
      <trkpt lat="50.849925" lon="15.585258999999999"><ele>404.16</ele></trkpt>
      <trkpt lat="50.8499" lon="15.585071"><ele>404.02</ele></trkpt>
      <trkpt lat="50.849790999999996" lon="15.584657"><ele>404.03</ele></trkpt>
      <trkpt lat="50.849289" lon="15.583381"><ele>402.64</ele></trkpt>
      <trkpt lat="50.848653" lon="15.58193"><ele>402.31</ele></trkpt>
      <trkpt lat="50.848349999999996" lon="15.581311999999999"><ele>402.16</ele></trkpt>
      <trkpt lat="50.848247" lon="15.581152999999999"><ele>402.07</ele></trkpt>
      <trkpt lat="50.848152999999996" lon="15.58096"><ele>401.98</ele></trkpt>
      <trkpt lat="50.848092" lon="15.58076"><ele>401.91</ele></trkpt>
      <trkpt lat="50.847867" lon="15.579759999999998"><ele>401.84</ele></trkpt>
      <trkpt lat="50.847840999999995" lon="15.579490999999999"><ele>403.06</ele></trkpt>
      <trkpt lat="50.847746" lon="15.579433"><ele>404.07</ele></trkpt>
      <trkpt lat="50.847471" lon="15.579194"><ele>405.37</ele></trkpt>
      <trkpt lat="50.847231" lon="15.578971"><ele>407.19</ele></trkpt>
      <trkpt lat="50.847041999999995" lon="15.578736"><ele>409.79</ele></trkpt>
      <trkpt lat="50.846883999999996" lon="15.578503"><ele>411.5</ele></trkpt>
      <trkpt lat="50.846834" lon="15.578401999999999"><ele>412.06</ele></trkpt>
      <trkpt lat="50.846793999999996" lon="15.578278"><ele>412.57</ele></trkpt>
      <trkpt lat="50.846775" lon="15.578176"><ele>412.95</ele></trkpt>
      <trkpt lat="50.846764" lon="15.578052999999999"><ele>413.46</ele></trkpt>
      <trkpt lat="50.846781" lon="15.577841"><ele>414.28</ele></trkpt>
      <trkpt lat="50.846866999999996" lon="15.577117"><ele>416.79</ele></trkpt>
      <trkpt lat="50.846914999999996" lon="15.576355"><ele>419.35</ele></trkpt>
      <trkpt lat="50.846916" lon="15.576151999999999"><ele>420.14</ele></trkpt>
      <trkpt lat="50.846906999999995" lon="15.576016"><ele>420.66</ele></trkpt>
      <trkpt lat="50.846886999999995" lon="15.575909"><ele>421.08</ele></trkpt>
      <trkpt lat="50.846851" lon="15.575814"><ele>421.51</ele></trkpt>
      <trkpt lat="50.846799" lon="15.575738999999999"><ele>422.09</ele></trkpt>
      <trkpt lat="50.846737" lon="15.575688"><ele>423.04</ele></trkpt>
      <trkpt lat="50.846669" lon="15.575664999999999"><ele>424.18</ele></trkpt>
      <trkpt lat="50.846669" lon="15.575664999999999"><ele>424.18</ele></trkpt>
      <trkpt lat="50.846669" lon="15.575664999999999"><ele>424.18</ele></trkpt>
      <trkpt lat="50.846669" lon="15.575664999999999"><ele>424.18</ele></trkpt>
      <trkpt lat="50.846669" lon="15.575664999999999"><ele>424.18</ele></trkpt>
      <trkpt lat="50.846605999999994" lon="15.575669999999999"><ele>425.35</ele></trkpt>
      <trkpt lat="50.846546" lon="15.575698"><ele>425.95</ele></trkpt>
      <trkpt lat="50.846492" lon="15.575747999999999"><ele>426.14</ele></trkpt>
      <trkpt lat="50.846447" lon="15.575818"><ele>426.46</ele></trkpt>
      <trkpt lat="50.846413999999996" lon="15.575902"><ele>426.86</ele></trkpt>
      <trkpt lat="50.846255" lon="15.576564"><ele>429.63</ele></trkpt>
      <trkpt lat="50.846213999999996" lon="15.57668"><ele>430.1</ele></trkpt>
      <trkpt lat="50.846153" lon="15.576815"><ele>430.72</ele></trkpt>
      <trkpt lat="50.846047999999996" lon="15.576979999999999"><ele>431.67</ele></trkpt>
      <trkpt lat="50.84563" lon="15.577548"><ele>434.95</ele></trkpt>
      <trkpt lat="50.845175" lon="15.578387999999999"><ele>439.23</ele></trkpt>
      <trkpt lat="50.844885" lon="15.578856"><ele>442.02</ele></trkpt>
      <trkpt lat="50.844415999999995" lon="15.579462"><ele>446.36</ele></trkpt>
      <trkpt lat="50.84381" lon="15.580179999999999"><ele>451.85</ele></trkpt>
      <trkpt lat="50.843728" lon="15.580304"><ele>452.65</ele></trkpt>
      <trkpt lat="50.843661" lon="15.580449"><ele>453.52</ele></trkpt>
      <trkpt lat="50.843636" lon="15.580558"><ele>454.07</ele></trkpt>
      <trkpt lat="50.843627" lon="15.580661999999998"><ele>454.4</ele></trkpt>
      <trkpt lat="50.843641999999996" lon="15.580763"><ele>454.77</ele></trkpt>
      <trkpt lat="50.843677" lon="15.580851"><ele>455.27</ele></trkpt>
      <trkpt lat="50.843731" lon="15.580915"><ele>456.19</ele></trkpt>
      <trkpt lat="50.843796" lon="15.580945"><ele>456.64</ele></trkpt>
      <trkpt lat="50.843885" lon="15.58095"><ele>457.32</ele></trkpt>
      <trkpt lat="50.844874999999995" lon="15.580708999999999"><ele>463.73</ele></trkpt>
      <trkpt lat="50.845425" lon="15.580635"><ele>467.43</ele></trkpt>
      <trkpt lat="50.845541" lon="15.580648"><ele>468.23</ele></trkpt>
      <trkpt lat="50.845653999999996" lon="15.580687999999999"><ele>469.04</ele></trkpt>
      <trkpt lat="50.845763" lon="15.580751999999999"><ele>469.82</ele></trkpt>
      <trkpt lat="50.845864999999996" lon="15.580841"><ele>470.6</ele></trkpt>
      <trkpt lat="50.845957999999996" lon="15.580950999999999"><ele>471.37</ele></trkpt>
      <trkpt lat="50.846830999999995" lon="15.582315999999999"><ele>480.15</ele></trkpt>
      <trkpt lat="50.846934999999995" lon="15.582533999999999"><ele>481.85</ele></trkpt>
      <trkpt lat="50.846967" lon="15.582661"><ele>482.7</ele></trkpt>
      <trkpt lat="50.846967" lon="15.582783"><ele>483.57</ele></trkpt>
      <trkpt lat="50.84694" lon="15.582896999999999"><ele>484.61</ele></trkpt>
      <trkpt lat="50.846888" lon="15.582987"><ele>485.54</ele></trkpt>
      <trkpt lat="50.846888" lon="15.582987"><ele>485.54</ele></trkpt>
      <trkpt lat="50.846888" lon="15.582987"><ele>485.54</ele></trkpt>
      <trkpt lat="50.846888" lon="15.582987"><ele>485.54</ele></trkpt>
      <trkpt lat="50.846888" lon="15.582987"><ele>485.54</ele></trkpt>
      <trkpt lat="50.846818999999996" lon="15.583041999999999"><ele>486.68</ele></trkpt>
      <trkpt lat="50.846742" lon="15.583053"><ele>487.71</ele></trkpt>
      <trkpt lat="50.846668" lon="15.583019"><ele>488.64</ele></trkpt>
      <trkpt lat="50.846607" lon="15.582944999999999"><ele>491.22</ele></trkpt>
      <trkpt lat="50.846579999999996" lon="15.582885999999998"><ele>491.65</ele></trkpt>
      <trkpt lat="50.846458" lon="15.582460999999999"><ele>490.72</ele></trkpt>
      <trkpt lat="50.84635" lon="15.582215"><ele>490.38</ele></trkpt>
      <trkpt lat="50.846194999999994" lon="15.58202"><ele>490.95</ele></trkpt>
      <trkpt lat="50.845808" lon="15.581667999999999"><ele>492.46</ele></trkpt>
      <trkpt lat="50.845617999999995" lon="15.581536"><ele>493.62</ele></trkpt>
      <trkpt lat="50.845513" lon="15.581486"><ele>494.26</ele></trkpt>
      <trkpt lat="50.845405" lon="15.581465"><ele>494.9</ele></trkpt>
      <trkpt lat="50.845302" lon="15.58147"><ele>495.54</ele></trkpt>
      <trkpt lat="50.845192" lon="15.581503"><ele>496.24</ele></trkpt>
      <trkpt lat="50.844392" lon="15.581987999999999"><ele>502.41</ele></trkpt>
      <trkpt lat="50.844294" lon="15.582054999999999"><ele>503.23</ele></trkpt>
      <trkpt lat="50.844010999999995" lon="15.58232"><ele>505.69</ele></trkpt>
      <trkpt lat="50.843796" lon="15.582464"><ele>507.38</ele></trkpt>
      <trkpt lat="50.843593" lon="15.582574999999999"><ele>509</ele></trkpt>
      <trkpt lat="50.843160999999995" lon="15.582713"><ele>511.97</ele></trkpt>
      <trkpt lat="50.842974999999996" lon="15.582799999999999"><ele>513.24</ele></trkpt>
      <trkpt lat="50.84283" lon="15.582891"><ele>514.27</ele></trkpt>
      <trkpt lat="50.842589999999994" lon="15.583103"><ele>516.2</ele></trkpt>
      <trkpt lat="50.842482" lon="15.583179"><ele>517.08</ele></trkpt>
      <trkpt lat="50.842163" lon="15.583354"><ele>519.56</ele></trkpt>
      <trkpt lat="50.841803" lon="15.583597999999999"><ele>522.46</ele></trkpt>
      <trkpt lat="50.841696" lon="15.583704"><ele>523.39</ele></trkpt>
      <trkpt lat="50.841255999999994" lon="15.584299999999999"><ele>528.16</ele></trkpt>
      <trkpt lat="50.841161" lon="15.584444"><ele>529.26</ele></trkpt>
      <trkpt lat="50.841066" lon="15.584643"><ele>530.64</ele></trkpt>
      <trkpt lat="50.840956" lon="15.585045"><ele>532.92</ele></trkpt>
      <trkpt lat="50.8409" lon="15.585177999999999"><ele>533.81</ele></trkpt>
      <trkpt lat="50.840790999999996" lon="15.585348"><ele>535.17</ele></trkpt>
      <trkpt lat="50.840726" lon="15.585412999999999"><ele>535.83</ele></trkpt>
      <trkpt lat="50.84057" lon="15.585524999999999"><ele>537.2</ele></trkpt>
      <trkpt lat="50.839999999999996" lon="15.585794"><ele>541.42</ele></trkpt>
      <trkpt lat="50.839745" lon="15.58593"><ele>543.43</ele></trkpt>
      <trkpt lat="50.839580999999995" lon="15.586039999999999"><ele>544.49</ele></trkpt>
      <trkpt lat="50.839442" lon="15.586186"><ele>545.69</ele></trkpt>
      <trkpt lat="50.839279999999995" lon="15.586416999999999"><ele>547.49</ele></trkpt>
      <trkpt lat="50.838645" lon="15.587401999999999"><ele>554.41</ele></trkpt>
      <trkpt lat="50.838522999999995" lon="15.587641"><ele>555.86</ele></trkpt>
      <trkpt lat="50.838193" lon="15.588432999999998"><ele>559.97</ele></trkpt>
      <trkpt lat="50.838121" lon="15.588569999999999"><ele>560.56</ele></trkpt>
      <trkpt lat="50.838026" lon="15.588706"><ele>561.26</ele></trkpt>
      <trkpt lat="50.837911999999996" lon="15.588861999999999"><ele>562.24</ele></trkpt>
      <trkpt lat="50.837683999999996" lon="15.589205"><ele>564.09</ele></trkpt>
      <trkpt lat="50.837489999999995" lon="15.589533"><ele>566.03</ele></trkpt>
      <trkpt lat="50.837337999999995" lon="15.589822"><ele>567.73</ele></trkpt>
      <trkpt lat="50.837224" lon="15.590065"><ele>569.06</ele></trkpt>
      <trkpt lat="50.837055" lon="15.590473999999999"><ele>571.37</ele></trkpt>
      <trkpt lat="50.836875" lon="15.590978999999999"><ele>574.09</ele></trkpt>
      <trkpt lat="50.836824" lon="15.591069"><ele>574.73</ele></trkpt>
      <trkpt lat="50.836763" lon="15.591142999999999"><ele>575.38</ele></trkpt>
      <trkpt lat="50.836695" lon="15.591197"><ele>576.04</ele></trkpt>
      <trkpt lat="50.836621" lon="15.591230999999999"><ele>576.71</ele></trkpt>
      <trkpt lat="50.835957" lon="15.591431"><ele>584.11</ele></trkpt>
      <trkpt lat="50.835826999999995" lon="15.591498"><ele>585.8</ele></trkpt>
      <trkpt lat="50.835712" lon="15.591588999999999"><ele>587.35</ele></trkpt>
      <trkpt lat="50.835159" lon="15.592099"><ele>594.45</ele></trkpt>
      <trkpt lat="50.835057" lon="15.592179999999999"><ele>595.54</ele></trkpt>
      <trkpt lat="50.834947" lon="15.592243"><ele>596.62</ele></trkpt>
      <trkpt lat="50.834855999999995" lon="15.592279"><ele>597.56</ele></trkpt>
      <trkpt lat="50.834748999999995" lon="15.592303999999999"><ele>598.66</ele></trkpt>
      <trkpt lat="50.834401" lon="15.592303999999999"><ele>601.76</ele></trkpt>
      <trkpt lat="50.834306999999995" lon="15.592319999999999"><ele>602.46</ele></trkpt>
      <trkpt lat="50.834227999999996" lon="15.592357"><ele>603.02</ele></trkpt>
      <trkpt lat="50.834159" lon="15.592409"><ele>603.54</ele></trkpt>
      <trkpt lat="50.834101999999994" lon="15.592469999999999"><ele>604.03</ele></trkpt>
      <trkpt lat="50.833555" lon="15.593235"><ele>608.85</ele></trkpt>
      <trkpt lat="50.833473999999995" lon="15.593316"><ele>609.56</ele></trkpt>
      <trkpt lat="50.833406" lon="15.593361999999999"><ele>610.24</ele></trkpt>
      <trkpt lat="50.833343" lon="15.593383"><ele>610.89</ele></trkpt>
      <trkpt lat="50.833343" lon="15.593383"><ele>610.89</ele></trkpt>
      <trkpt lat="50.833343" lon="15.593383"><ele>610.89</ele></trkpt>
      <trkpt lat="50.833343" lon="15.593383"><ele>610.89</ele></trkpt>
      <trkpt lat="50.833343" lon="15.593383"><ele>610.89</ele></trkpt>
      <trkpt lat="50.833273999999996" lon="15.593383999999999"><ele>611.6</ele></trkpt>
      <trkpt lat="50.833203" lon="15.593359999999999"><ele>612.36</ele></trkpt>
      <trkpt lat="50.833135999999996" lon="15.593312"><ele>613.06</ele></trkpt>
      <trkpt lat="50.833079999999995" lon="15.593247"><ele>613.66</ele></trkpt>
      <trkpt lat="50.832943" lon="15.593017"><ele>615.45</ele></trkpt>
      <trkpt lat="50.832910999999996" lon="15.592910999999999"><ele>616.1</ele></trkpt>
      <trkpt lat="50.832893999999996" lon="15.592794999999999"><ele>616.72</ele></trkpt>
      <trkpt lat="50.832893" lon="15.592678999999999"><ele>617.32</ele></trkpt>
      <trkpt lat="50.832909" lon="15.592559999999999"><ele>617.97</ele></trkpt>
      <trkpt lat="50.832944" lon="15.592438"><ele>618.68</ele></trkpt>
      <trkpt lat="50.833014" lon="15.592260999999999"><ele>619.8</ele></trkpt>
      <trkpt lat="50.833441" lon="15.591455999999999"><ele>625.55</ele></trkpt>
      <trkpt lat="50.833549" lon="15.59118"><ele>627.5</ele></trkpt>
      <trkpt lat="50.833600999999994" lon="15.590986"><ele>628.83</ele></trkpt>
      <trkpt lat="50.833642999999995" lon="15.590774"><ele>630.26</ele></trkpt>
      <trkpt lat="50.833738" lon="15.590142"><ele>634.55</ele></trkpt>
      <trkpt lat="50.833779" lon="15.589729"><ele>637.3</ele></trkpt>
      <trkpt lat="50.833802999999996" lon="15.589319"><ele>639.9</ele></trkpt>
      <trkpt lat="50.833821" lon="15.589143"><ele>641.01</ele></trkpt>
      <trkpt lat="50.83385" lon="15.588954999999999"><ele>642.19</ele></trkpt>
      <trkpt lat="50.833890999999994" lon="15.588761"><ele>643.35</ele></trkpt>
      <trkpt lat="50.834018" lon="15.588251999999999"><ele>646.09</ele></trkpt>
      <trkpt lat="50.834061" lon="15.588011999999999"><ele>645.58</ele></trkpt>
      <trkpt lat="50.834139" lon="15.587475"><ele>645.57</ele></trkpt>
      <trkpt lat="50.834176" lon="15.587124999999999"><ele>645.33</ele></trkpt>
      <trkpt lat="50.834194" lon="15.586846"><ele>644.82</ele></trkpt>
      <trkpt lat="50.834179999999996" lon="15.586770999999999"><ele>644.84</ele></trkpt>
      <trkpt lat="50.834149" lon="15.586713"><ele>645.15</ele></trkpt>
      <trkpt lat="50.834078999999996" lon="15.586661999999999"><ele>645.63</ele></trkpt>
      <trkpt lat="50.834078999999996" lon="15.586661999999999"><ele>645.63</ele></trkpt>
      <trkpt lat="50.834078999999996" lon="15.586661999999999"><ele>645.63</ele></trkpt>
      <trkpt lat="50.834078999999996" lon="15.586661999999999"><ele>645.63</ele></trkpt>
      <trkpt lat="50.834078999999996" lon="15.586661999999999"><ele>645.63</ele></trkpt>
      <trkpt lat="50.833662" lon="15.586433999999999"><ele>649</ele></trkpt>
      <trkpt lat="50.833462" lon="15.586369"><ele>650.46</ele></trkpt>
      <trkpt lat="50.833197" lon="15.586343999999999"><ele>651.7</ele></trkpt>
      <trkpt lat="50.833056" lon="15.586312999999999"><ele>651.73</ele></trkpt>
      <trkpt lat="50.832575" lon="15.586291"><ele>652.73</ele></trkpt>
      <trkpt lat="50.832465" lon="15.586314999999999"><ele>652.78</ele></trkpt>
      <trkpt lat="50.832291" lon="15.586393"><ele>652.31</ele></trkpt>
      <trkpt lat="50.832139" lon="15.586494"><ele>651.86</ele></trkpt>
      <trkpt lat="50.832052999999995" lon="15.586587"><ele>651.57</ele></trkpt>
      <trkpt lat="50.831658999999995" lon="15.586616"><ele>651.13</ele></trkpt>
      <trkpt lat="50.831590999999996" lon="15.586611"><ele>650.75</ele></trkpt>
      <trkpt lat="50.831471" lon="15.586556999999999"><ele>650.44</ele></trkpt>
      <trkpt lat="50.831103" lon="15.586352999999999"><ele>650.2</ele></trkpt>
      <trkpt lat="50.830709" lon="15.585946999999999"><ele>651.36</ele></trkpt>
      <trkpt lat="50.830639999999995" lon="15.585913999999999"><ele>651.23</ele></trkpt>
      <trkpt lat="50.830588999999996" lon="15.585911999999999"><ele>650.93</ele></trkpt>
      <trkpt lat="50.830507999999995" lon="15.585930999999999"><ele>650.49</ele></trkpt>
      <trkpt lat="50.830337" lon="15.586005"><ele>649.33</ele></trkpt>
      <trkpt lat="50.830282" lon="15.586018999999999"><ele>648.88</ele></trkpt>
      <trkpt lat="50.830172999999995" lon="15.585998"><ele>647.96</ele></trkpt>
      <trkpt lat="50.830121" lon="15.585953"><ele>647.54</ele></trkpt>
      <trkpt lat="50.829805" lon="15.585495"><ele>643.49</ele></trkpt>
      <trkpt lat="50.829724" lon="15.58544"><ele>642.24</ele></trkpt>
      <trkpt lat="50.829603999999996" lon="15.585422999999999"><ele>641.48</ele></trkpt>
      <trkpt lat="50.829088999999996" lon="15.585640999999999"><ele>640.81</ele></trkpt>
      <trkpt lat="50.828758" lon="15.585868999999999"><ele>641.59</ele></trkpt>
      <trkpt lat="50.828345999999996" lon="15.586207"><ele>643.12</ele></trkpt>
      <trkpt lat="50.828226" lon="15.586274"><ele>643.62</ele></trkpt>
      <trkpt lat="50.82789" lon="15.586421"><ele>644.85</ele></trkpt>
      <trkpt lat="50.827681999999996" lon="15.586407999999999"><ele>645.33</ele></trkpt>
      <trkpt lat="50.827479" lon="15.586357"><ele>645.83</ele></trkpt>
      <trkpt lat="50.827197" lon="15.586338"><ele>646.63</ele></trkpt>
      <trkpt lat="50.827008" lon="15.586312"><ele>647.18</ele></trkpt>
      <trkpt lat="50.826811" lon="15.586267"><ele>648.4</ele></trkpt>
      <trkpt lat="50.825711" lon="15.587596999999999"><ele>647.48</ele></trkpt>
      <trkpt lat="50.825599" lon="15.587717999999999"><ele>647.38</ele></trkpt>
      <trkpt lat="50.825463" lon="15.587809"><ele>647.24</ele></trkpt>
      <trkpt lat="50.825342" lon="15.587867999999999"><ele>647.05</ele></trkpt>
      <trkpt lat="50.825182" lon="15.587912999999999"><ele>646.73</ele></trkpt>
      <trkpt lat="50.824948" lon="15.588066"><ele>646.09</ele></trkpt>
      <trkpt lat="50.824574999999996" lon="15.588398999999999"><ele>644.79</ele></trkpt>
      <trkpt lat="50.824448" lon="15.588491999999999"><ele>644.16</ele></trkpt>
      <trkpt lat="50.82423" lon="15.588607"><ele>643.8</ele></trkpt>
      <trkpt lat="50.823761" lon="15.588695"><ele>644.4</ele></trkpt>
      <trkpt lat="50.823499" lon="15.588705"><ele>645.39</ele></trkpt>
      <trkpt lat="50.823147" lon="15.588707999999999"><ele>645.92</ele></trkpt>
      <trkpt lat="50.822953" lon="15.588666"><ele>646.65</ele></trkpt>
      <trkpt lat="50.822953" lon="15.588666"><ele>646.65</ele></trkpt>
      <trkpt lat="50.822953" lon="15.588666"><ele>646.65</ele></trkpt>
      <trkpt lat="50.822953" lon="15.588666"><ele>646.65</ele></trkpt>
      <trkpt lat="50.822953" lon="15.588666"><ele>646.65</ele></trkpt>
      <trkpt lat="50.822426" lon="15.588486999999999"><ele>649.74</ele></trkpt>
      <trkpt lat="50.821813" lon="15.588244999999999"><ele>653.57</ele></trkpt>
      <trkpt lat="50.821656999999995" lon="15.588149"><ele>654.28</ele></trkpt>
      <trkpt lat="50.821013" lon="15.587568999999998"><ele>655.67</ele></trkpt>
      <trkpt lat="50.820889" lon="15.587486"><ele>655.8</ele></trkpt>
      <trkpt lat="50.820713" lon="15.587403"><ele>655.91</ele></trkpt>
      <trkpt lat="50.820473" lon="15.587314999999998"><ele>655.87</ele></trkpt>
      <trkpt lat="50.820367" lon="15.587309"><ele>655.8</ele></trkpt>
      <trkpt lat="50.820192999999996" lon="15.587368999999999"><ele>655.54</ele></trkpt>
      <trkpt lat="50.819734999999994" lon="15.58765"><ele>653.67</ele></trkpt>
      <trkpt lat="50.819587" lon="15.587688"><ele>653.13</ele></trkpt>
      <trkpt lat="50.819381" lon="15.58767"><ele>652.62</ele></trkpt>
      <trkpt lat="50.819237" lon="15.587594"><ele>652.41</ele></trkpt>
      <trkpt lat="50.819095" lon="15.587451999999999"><ele>652.35</ele></trkpt>
      <trkpt lat="50.818968" lon="15.587275"><ele>652.48</ele></trkpt>
      <trkpt lat="50.818712" lon="15.586758999999999"><ele>653.69</ele></trkpt>
      <trkpt lat="50.818559" lon="15.586407999999999"><ele>654.18</ele></trkpt>
      <trkpt lat="50.818487999999995" lon="15.586174"><ele>654.26</ele></trkpt>
      <trkpt lat="50.818444" lon="15.585965"><ele>654.15</ele></trkpt>
      <trkpt lat="50.818407" lon="15.585427999999999"><ele>653.36</ele></trkpt>
      <trkpt lat="50.818377" lon="15.585277999999999"><ele>652.98</ele></trkpt>
      <trkpt lat="50.818273" lon="15.585018"><ele>651.96</ele></trkpt>
      <trkpt lat="50.818039" lon="15.584555"><ele>649.64</ele></trkpt>
      <trkpt lat="50.817887" lon="15.584218"><ele>648.1</ele></trkpt>
      <trkpt lat="50.817803" lon="15.5839"><ele>647.21</ele></trkpt>
      <trkpt lat="50.817774" lon="15.583611"><ele>646.75</ele></trkpt>
      <trkpt lat="50.817758999999995" lon="15.583008999999999"><ele>646.27</ele></trkpt>
      <trkpt lat="50.817730999999995" lon="15.582811"><ele>646.89</ele></trkpt>
      <trkpt lat="50.817645" lon="15.582517"><ele>648.4</ele></trkpt>
      <trkpt lat="50.817645" lon="15.582517"><ele>648.4</ele></trkpt>
      <trkpt lat="50.817645" lon="15.582517"><ele>648.4</ele></trkpt>
      <trkpt lat="50.817645" lon="15.582517"><ele>648.4</ele></trkpt>
      <trkpt lat="50.817645" lon="15.582517"><ele>648.4</ele></trkpt>
      <trkpt lat="50.817543" lon="15.582685"><ele>646.95</ele></trkpt>
      <trkpt lat="50.817223" lon="15.583387"><ele>643.58</ele></trkpt>
      <trkpt lat="50.816797" lon="15.584290999999999"><ele>640.92</ele></trkpt>
      <trkpt lat="50.816717" lon="15.584548999999999"><ele>640.52</ele></trkpt>
      <trkpt lat="50.816652999999995" lon="15.585045"><ele>639.83</ele></trkpt>
      <trkpt lat="50.816541" lon="15.586075"><ele>638.73</ele></trkpt>
      <trkpt lat="50.816472999999995" lon="15.586794"><ele>638.32</ele></trkpt>
      <trkpt lat="50.816424" lon="15.588325999999999"><ele>636.39</ele></trkpt>
      <trkpt lat="50.816434" lon="15.588859"><ele>635.22</ele></trkpt>
      <trkpt lat="50.816452999999996" lon="15.589027999999999"><ele>634.83</ele></trkpt>
      <trkpt lat="50.816525999999996" lon="15.589255999999999"><ele>634.24</ele></trkpt>
      <trkpt lat="50.817315" lon="15.590753"><ele>630.72</ele></trkpt>
      <trkpt lat="50.817637" lon="15.591429"><ele>629.83</ele></trkpt>
      <trkpt lat="50.818369999999994" lon="15.592775999999999"><ele>627.96</ele></trkpt>
      <trkpt lat="50.818419" lon="15.592912"><ele>628.03</ele></trkpt>
      <trkpt lat="50.818419" lon="15.592912"><ele>628.03</ele></trkpt>
      <trkpt lat="50.818419" lon="15.592912"><ele>628.03</ele></trkpt>
      <trkpt lat="50.818419" lon="15.592912"><ele>628.03</ele></trkpt>
      <trkpt lat="50.818419" lon="15.592912"><ele>628.03</ele></trkpt>
      <trkpt lat="50.818059" lon="15.593475999999999"><ele>629.87</ele></trkpt>
      <trkpt lat="50.817761999999995" lon="15.593807"><ele>631.12</ele></trkpt>
      <trkpt lat="50.817659" lon="15.593886"><ele>631.53</ele></trkpt>
      <trkpt lat="50.817581" lon="15.593917999999999"><ele>631.83</ele></trkpt>
      <trkpt lat="50.817228" lon="15.594017"><ele>633.26</ele></trkpt>
      <trkpt lat="50.816728999999995" lon="15.594111999999999"><ele>635.34</ele></trkpt>
      <trkpt lat="50.816587" lon="15.594173999999999"><ele>635.97</ele></trkpt>
      <trkpt lat="50.816463" lon="15.594287999999999"><ele>636.58</ele></trkpt>
      <trkpt lat="50.816337999999995" lon="15.594508999999999"><ele>637.31</ele></trkpt>
      <trkpt lat="50.815932" lon="15.595514999999999"><ele>639.83</ele></trkpt>
      <trkpt lat="50.815841" lon="15.595671999999999"><ele>640.19</ele></trkpt>
      <trkpt lat="50.815729999999995" lon="15.595816999999998"><ele>640.77</ele></trkpt>
      <trkpt lat="50.815619" lon="15.595915999999999"><ele>641.55</ele></trkpt>
      <trkpt lat="50.814487" lon="15.596464999999998"><ele>648.33</ele></trkpt>
      <trkpt lat="50.814324" lon="15.596554999999999"><ele>649.29</ele></trkpt>
      <trkpt lat="50.814240999999996" lon="15.596622"><ele>649.81</ele></trkpt>
      <trkpt lat="50.814135" lon="15.596744999999999"><ele>650.53</ele></trkpt>
      <trkpt lat="50.814038" lon="15.596914"><ele>651.3</ele></trkpt>
      <trkpt lat="50.813444999999994" lon="15.598091"><ele>656.27</ele></trkpt>
      <trkpt lat="50.812791" lon="15.599243999999999"><ele>660.39</ele></trkpt>
      <trkpt lat="50.812732999999994" lon="15.5994"><ele>660.43</ele></trkpt>
      <trkpt lat="50.8127" lon="15.599568999999999"><ele>660.44</ele></trkpt>
      <trkpt lat="50.81266" lon="15.599851999999998"><ele>660.61</ele></trkpt>
      <trkpt lat="50.812630999999996" lon="15.600181999999998"><ele>660.74</ele></trkpt>
      <trkpt lat="50.812566999999994" lon="15.600608"><ele>660.55</ele></trkpt>
      <trkpt lat="50.812511" lon="15.600819"><ele>660.66</ele></trkpt>
      <trkpt lat="50.812425999999995" lon="15.601016"><ele>660.66</ele></trkpt>
      <trkpt lat="50.812259" lon="15.601277"><ele>660.87</ele></trkpt>
      <trkpt lat="50.812056" lon="15.601562"><ele>661.24</ele></trkpt>
      <trkpt lat="50.811876" lon="15.601835999999999"><ele>661.35</ele></trkpt>
      <trkpt lat="50.811799" lon="15.602089999999999"><ele>661.45</ele></trkpt>
      <trkpt lat="50.811671" lon="15.602901999999998"><ele>661.64</ele></trkpt>
      <trkpt lat="50.81147" lon="15.603575999999999"><ele>662.14</ele></trkpt>
      <trkpt lat="50.81124" lon="15.60426"><ele>664.03</ele></trkpt>
      <trkpt lat="50.81116" lon="15.604387"><ele>664.29</ele></trkpt>
      <trkpt lat="50.811040999999996" lon="15.60445"><ele>664.56</ele></trkpt>
      <trkpt lat="50.810628" lon="15.604493999999999"><ele>665.43</ele></trkpt>
      <trkpt lat="50.8101" lon="15.604439"><ele>666.78</ele></trkpt>
      <trkpt lat="50.809898999999994" lon="15.604341999999999"><ele>667.36</ele></trkpt>
      <trkpt lat="50.809661" lon="15.604199"><ele>668.15</ele></trkpt>
      <trkpt lat="50.809393" lon="15.604166999999999"><ele>669.09</ele></trkpt>
      <trkpt lat="50.808111" lon="15.604118"><ele>672.85</ele></trkpt>
      <trkpt lat="50.807702" lon="15.604132"><ele>673.54</ele></trkpt>
      <trkpt lat="50.806939" lon="15.604045999999999"><ele>675.46</ele></trkpt>
      <trkpt lat="50.806861" lon="15.604125"><ele>675.28</ele></trkpt>
      <trkpt lat="50.806861" lon="15.604125"><ele>675.28</ele></trkpt>
      <trkpt lat="50.806861" lon="15.604125"><ele>675.28</ele></trkpt>
      <trkpt lat="50.806861" lon="15.604125"><ele>675.28</ele></trkpt>
      <trkpt lat="50.806861" lon="15.604125"><ele>675.28</ele></trkpt>
      <trkpt lat="50.806826" lon="15.604318"><ele>674</ele></trkpt>
      <trkpt lat="50.806832" lon="15.604458"><ele>673.39</ele></trkpt>
      <trkpt lat="50.806855999999996" lon="15.605017"><ele>676.04</ele></trkpt>
      <trkpt lat="50.806943999999994" lon="15.605554"><ele>677.94</ele></trkpt>
      <trkpt lat="50.807001" lon="15.605654999999999"><ele>677.33</ele></trkpt>
      <trkpt lat="50.80708" lon="15.605709"><ele>676.58</ele></trkpt>
      <trkpt lat="50.807294" lon="15.605813"><ele>675.05</ele></trkpt>
      <trkpt lat="50.807458999999994" lon="15.605991"><ele>673.51</ele></trkpt>
      <trkpt lat="50.80768" lon="15.606378"><ele>670.85</ele></trkpt>
      <trkpt lat="50.807825" lon="15.606516999999998"><ele>669.48</ele></trkpt>
      <trkpt lat="50.808454" lon="15.606924999999999"><ele>663.48</ele></trkpt>
      <trkpt lat="50.808893999999995" lon="15.607299"><ele>659.08</ele></trkpt>
      <trkpt lat="50.809059999999995" lon="15.607356999999999"><ele>657.53</ele></trkpt>
      <trkpt lat="50.809923" lon="15.607408"><ele>650.05</ele></trkpt>
      <trkpt lat="50.810185999999995" lon="15.607709999999999"><ele>647.68</ele></trkpt>
      <trkpt lat="50.810494" lon="15.607902"><ele>645.92</ele></trkpt>
      <trkpt lat="50.81053" lon="15.608018999999999"><ele>645.5</ele></trkpt>
      <trkpt lat="50.810533" lon="15.608156999999999"><ele>644.88</ele></trkpt>
      <trkpt lat="50.810493" lon="15.608353"><ele>644.14</ele></trkpt>
      <trkpt lat="50.81042" lon="15.608630999999999"><ele>643.45</ele></trkpt>
      <trkpt lat="50.810410999999995" lon="15.608792999999999"><ele>643.23</ele></trkpt>
      <trkpt lat="50.810449999999996" lon="15.608906999999999"><ele>642.59</ele></trkpt>
      <trkpt lat="50.810528" lon="15.609048999999999"><ele>641.82</ele></trkpt>
      <trkpt lat="50.81066" lon="15.609155999999999"><ele>640.72</ele></trkpt>
      <trkpt lat="50.810821999999995" lon="15.609214999999999"><ele>639.46</ele></trkpt>
      <trkpt lat="50.811077" lon="15.609212"><ele>637.49</ele></trkpt>
      <trkpt lat="50.811195" lon="15.609257"><ele>636.45</ele></trkpt>
      <trkpt lat="50.811384999999994" lon="15.609385999999999"><ele>634.6</ele></trkpt>
      <trkpt lat="50.811530999999995" lon="15.609541"><ele>633.14</ele></trkpt>
      <trkpt lat="50.811654" lon="15.609786999999999"><ele>631.66</ele></trkpt>
      <trkpt lat="50.811738999999996" lon="15.610033"><ele>630.26</ele></trkpt>
      <trkpt lat="50.811802" lon="15.610282999999999"><ele>628.93</ele></trkpt>
      <trkpt lat="50.811861" lon="15.610824"><ele>626.19</ele></trkpt>
      <trkpt lat="50.811916" lon="15.611113"><ele>624.73</ele></trkpt>
      <trkpt lat="50.811986999999995" lon="15.611334"><ele>624.08</ele></trkpt>
      <trkpt lat="50.812096" lon="15.611552999999999"><ele>622.89</ele></trkpt>
      <trkpt lat="50.812343" lon="15.611885"><ele>620.14</ele></trkpt>
      <trkpt lat="50.812404" lon="15.612026"><ele>619.51</ele></trkpt>
      <trkpt lat="50.812411999999995" lon="15.612198"><ele>618.91</ele></trkpt>
      <trkpt lat="50.812363" lon="15.612399"><ele>618.2</ele></trkpt>
      <trkpt lat="50.812259" lon="15.612528"><ele>617.53</ele></trkpt>
      <trkpt lat="50.812146" lon="15.612592"><ele>616.9</ele></trkpt>
      <trkpt lat="50.811842" lon="15.612616999999998"><ele>615.42</ele></trkpt>
      <trkpt lat="50.811764" lon="15.61272"><ele>615.04</ele></trkpt>
      <trkpt lat="50.811765" lon="15.612867"><ele>614.73</ele></trkpt>
      <trkpt lat="50.811837" lon="15.613019"><ele>614.28</ele></trkpt>
      <trkpt lat="50.811949999999996" lon="15.613187"><ele>613.68</ele></trkpt>
      <trkpt lat="50.811988" lon="15.613311"><ele>613.28</ele></trkpt>
      <trkpt lat="50.811996" lon="15.613465999999999"><ele>612.79</ele></trkpt>
      <trkpt lat="50.811941" lon="15.613736"><ele>611.88</ele></trkpt>
      <trkpt lat="50.811923" lon="15.613900999999998"><ele>611.45</ele></trkpt>
      <trkpt lat="50.811943" lon="15.614137"><ele>611.03</ele></trkpt>
      <trkpt lat="50.812013" lon="15.614417"><ele>610.55</ele></trkpt>
      <trkpt lat="50.812318999999995" lon="15.615051999999999"><ele>610.65</ele></trkpt>
      <trkpt lat="50.8125" lon="15.615336"><ele>611.94</ele></trkpt>
      <trkpt lat="50.812732" lon="15.615568999999999"><ele>610.53</ele></trkpt>
      <trkpt lat="50.812776" lon="15.615741"><ele>609.61</ele></trkpt>
      <trkpt lat="50.812776" lon="15.615741"><ele>609.61</ele></trkpt>
      <trkpt lat="50.812776" lon="15.615741"><ele>609.61</ele></trkpt>
      <trkpt lat="50.812776" lon="15.615741"><ele>609.61</ele></trkpt>
      <trkpt lat="50.812776" lon="15.615741"><ele>609.61</ele></trkpt>
      <trkpt lat="50.812763999999994" lon="15.615936999999999"><ele>608.87</ele></trkpt>
      <trkpt lat="50.812566" lon="15.616551999999999"><ele>605.33</ele></trkpt>
      <trkpt lat="50.812506" lon="15.616805"><ele>603.98</ele></trkpt>
      <trkpt lat="50.812447" lon="15.616911"><ele>603.37</ele></trkpt>
      <trkpt lat="50.812352999999995" lon="15.616978"><ele>602.71</ele></trkpt>
      <trkpt lat="50.811893" lon="15.616995999999999"><ele>600.37</ele></trkpt>
      <trkpt lat="50.811747" lon="15.617040999999999"><ele>599.91</ele></trkpt>
      <trkpt lat="50.811589" lon="15.617163"><ele>599.52</ele></trkpt>
      <trkpt lat="50.811505" lon="15.617265"><ele>599.31</ele></trkpt>
      <trkpt lat="50.811437" lon="15.617427"><ele>599.09</ele></trkpt>
      <trkpt lat="50.811386" lon="15.617697999999999"><ele>598.81</ele></trkpt>
      <trkpt lat="50.811367999999995" lon="15.618435999999999"><ele>598.4</ele></trkpt>
      <trkpt lat="50.811391" lon="15.618967999999999"><ele>598.34</ele></trkpt>
      <trkpt lat="50.811431" lon="15.619283999999999"><ele>598.61</ele></trkpt>
      <trkpt lat="50.811416" lon="15.619613999999999"><ele>599.55</ele></trkpt>
      <trkpt lat="50.811397" lon="15.619852999999999"><ele>600.35</ele></trkpt>
      <trkpt lat="50.811174" lon="15.621008"><ele>603.92</ele></trkpt>
      <trkpt lat="50.811085999999996" lon="15.621364999999999"><ele>604.05</ele></trkpt>
      <trkpt lat="50.810964" lon="15.621801999999999"><ele>604.6</ele></trkpt>
      <trkpt lat="50.810755" lon="15.622418999999999"><ele>608.63</ele></trkpt>
      <trkpt lat="50.810652999999995" lon="15.622679"><ele>610.05</ele></trkpt>
      <trkpt lat="50.810511" lon="15.623083999999999"><ele>611.76</ele></trkpt>
      <trkpt lat="50.810432999999996" lon="15.623403999999999"><ele>613.32</ele></trkpt>
      <trkpt lat="50.810424999999995" lon="15.623546"><ele>613.84</ele></trkpt>
      <trkpt lat="50.810424" lon="15.624404"><ele>618.71</ele></trkpt>
      <trkpt lat="50.810342999999996" lon="15.624715"><ele>620.02</ele></trkpt>
      <trkpt lat="50.810190999999996" lon="15.625172"><ele>620.81</ele></trkpt>
      <trkpt lat="50.8101" lon="15.625350999999998"><ele>620.34</ele></trkpt>
      <trkpt lat="50.809968999999995" lon="15.62567"><ele>619.18</ele></trkpt>
      <trkpt lat="50.809611" lon="15.626456999999998"><ele>615.66</ele></trkpt>
      <trkpt lat="50.809580999999994" lon="15.627011"><ele>613.33</ele></trkpt>
      <trkpt lat="50.809554999999996" lon="15.627654999999999"><ele>611.05</ele></trkpt>
      <trkpt lat="50.809556" lon="15.628058"><ele>609.82</ele></trkpt>
      <trkpt lat="50.809577999999995" lon="15.628471"><ele>608.64</ele></trkpt>
      <trkpt lat="50.809621" lon="15.628966"><ele>607.42</ele></trkpt>
      <trkpt lat="50.809692" lon="15.629385"><ele>606.47</ele></trkpt>
      <trkpt lat="50.809791" lon="15.629684999999998"><ele>605.68</ele></trkpt>
      <trkpt lat="50.809886" lon="15.629892"><ele>605.2</ele></trkpt>
      <trkpt lat="50.810023" lon="15.63008"><ele>604.51</ele></trkpt>
      <trkpt lat="50.810154999999995" lon="15.630234999999999"><ele>603.99</ele></trkpt>
      <trkpt lat="50.810328999999996" lon="15.630486999999999"><ele>603.57</ele></trkpt>
      <trkpt lat="50.810423" lon="15.630678999999999"><ele>603.53</ele></trkpt>
      <trkpt lat="50.810474" lon="15.63096"><ele>603.31</ele></trkpt>
      <trkpt lat="50.810468" lon="15.631105"><ele>603.18</ele></trkpt>
      <trkpt lat="50.810373999999996" lon="15.631428999999999"><ele>602.89</ele></trkpt>
      <trkpt lat="50.810047" lon="15.632389"><ele>602.21</ele></trkpt>
      <trkpt lat="50.809976999999996" lon="15.632715"><ele>602.69</ele></trkpt>
      <trkpt lat="50.809774" lon="15.633460999999999"><ele>601.09</ele></trkpt>
      <trkpt lat="50.809698" lon="15.633664"><ele>600.28</ele></trkpt>
      <trkpt lat="50.809579" lon="15.633827"><ele>599.58</ele></trkpt>
      <trkpt lat="50.809452" lon="15.633906999999999"><ele>598.89</ele></trkpt>
      <trkpt lat="50.809326999999996" lon="15.633949"><ele>598.17</ele></trkpt>
      <trkpt lat="50.809203" lon="15.633937"><ele>597.48</ele></trkpt>
      <trkpt lat="50.809087" lon="15.633909999999998"><ele>596.93</ele></trkpt>
      <trkpt lat="50.809002" lon="15.63392"><ele>596.59</ele></trkpt>
      <trkpt lat="50.808921999999995" lon="15.633977"><ele>596.23</ele></trkpt>
      <trkpt lat="50.808882" lon="15.634063999999999"><ele>595.94</ele></trkpt>
      <trkpt lat="50.808848999999995" lon="15.634208"><ele>595.51</ele></trkpt>
      <trkpt lat="50.808816" lon="15.634542999999999"><ele>594.4</ele></trkpt>
      <trkpt lat="50.808825999999996" lon="15.635074"><ele>592.47</ele></trkpt>
      <trkpt lat="50.808859" lon="15.635373999999999"><ele>591.34</ele></trkpt>
      <trkpt lat="50.808958999999994" lon="15.636002"><ele>588.96</ele></trkpt>
      <trkpt lat="50.809039999999996" lon="15.636184"><ele>588.17</ele></trkpt>
      <trkpt lat="50.809146999999996" lon="15.636282999999999"><ele>587.55</ele></trkpt>
      <trkpt lat="50.809371999999996" lon="15.636448"><ele>586.41</ele></trkpt>
      <trkpt lat="50.809557999999996" lon="15.63664"><ele>585.44</ele></trkpt>
      <trkpt lat="50.809829" lon="15.637084999999999"><ele>583.87</ele></trkpt>
      <trkpt lat="50.810496" lon="15.638373999999999"><ele>580.39</ele></trkpt>
      <trkpt lat="50.810575" lon="15.638613999999999"><ele>579.95</ele></trkpt>
      <trkpt lat="50.810787" lon="15.639446"><ele>578.42</ele></trkpt>
      <trkpt lat="50.810849999999995" lon="15.639728"><ele>577.79</ele></trkpt>
      <trkpt lat="50.810885999999996" lon="15.64002"><ele>577.14</ele></trkpt>
      <trkpt lat="50.810891" lon="15.640201"><ele>576.76</ele></trkpt>
      <trkpt lat="50.810866999999995" lon="15.640405999999999"><ele>576.22</ele></trkpt>
      <trkpt lat="50.810781" lon="15.640865"><ele>575.52</ele></trkpt>
      <trkpt lat="50.810500999999995" lon="15.642083999999999"><ele>571.76</ele></trkpt>
      <trkpt lat="50.810472" lon="15.64243"><ele>570.66</ele></trkpt>
      <trkpt lat="50.81048" lon="15.642888"><ele>569.44</ele></trkpt>
      <trkpt lat="50.810475" lon="15.643232"><ele>569.21</ele></trkpt>
      <trkpt lat="50.810539999999996" lon="15.643628999999999"><ele>568.1</ele></trkpt>
      <trkpt lat="50.810567999999996" lon="15.643946999999999"><ele>567.28</ele></trkpt>
      <trkpt lat="50.810562" lon="15.644091"><ele>566.91</ele></trkpt>
      <trkpt lat="50.810538" lon="15.644236999999999"><ele>566.38</ele></trkpt>
      <trkpt lat="50.810465" lon="15.644499"><ele>565.46</ele></trkpt>
      <trkpt lat="50.810413999999994" lon="15.644744"><ele>564.64</ele></trkpt>
      <trkpt lat="50.810379" lon="15.645042"><ele>563.81</ele></trkpt>
      <trkpt lat="50.810392" lon="15.645406"><ele>562.95</ele></trkpt>
      <trkpt lat="50.810438" lon="15.646092"><ele>561.15</ele></trkpt>
      <trkpt lat="50.810406" lon="15.646234"><ele>560.84</ele></trkpt>
      <trkpt lat="50.810187" lon="15.646863999999999"><ele>559.2</ele></trkpt>
      <trkpt lat="50.81008" lon="15.647316"><ele>557.4</ele></trkpt>
      <trkpt lat="50.80997" lon="15.64768"><ele>555.48</ele></trkpt>
      <trkpt lat="50.809917" lon="15.647803999999999"><ele>554.71</ele></trkpt>
      <trkpt lat="50.809864" lon="15.647876"><ele>554.12</ele></trkpt>
      <trkpt lat="50.809706" lon="15.648"><ele>552.59</ele></trkpt>
      <trkpt lat="50.809562" lon="15.648181"><ele>550.91</ele></trkpt>
      <trkpt lat="50.809416" lon="15.648391"><ele>549.13</ele></trkpt>
      <trkpt lat="50.809331" lon="15.648555"><ele>547.95</ele></trkpt>
      <trkpt lat="50.809292" lon="15.648698999999999"><ele>547.15</ele></trkpt>
      <trkpt lat="50.809256999999995" lon="15.648909"><ele>546.18</ele></trkpt>
      <trkpt lat="50.809236" lon="15.650089999999999"><ele>542.18</ele></trkpt>
      <trkpt lat="50.809177999999996" lon="15.650143"><ele>541.71</ele></trkpt>
      <trkpt lat="50.809107999999995" lon="15.650255"><ele>541.69</ele></trkpt>
      <trkpt lat="50.808689" lon="15.650991"><ele>542.56</ele></trkpt>
      <trkpt lat="50.808643" lon="15.651095"><ele>542.66</ele></trkpt>
      <trkpt lat="50.808617" lon="15.651228999999999"><ele>542.54</ele></trkpt>
      <trkpt lat="50.808617" lon="15.651228999999999"><ele>542.54</ele></trkpt>
      <trkpt lat="50.808617" lon="15.651228999999999"><ele>542.54</ele></trkpt>
      <trkpt lat="50.808617" lon="15.651228999999999"><ele>542.54</ele></trkpt>
      <trkpt lat="50.808637999999995" lon="15.651361999999999"><ele>541.99</ele></trkpt>
      <trkpt lat="50.808699999999995" lon="15.651461999999999"><ele>541.43</ele></trkpt>
      <trkpt lat="50.808969" lon="15.651805999999999"><ele>538.93</ele></trkpt>
      <trkpt lat="50.809694" lon="15.652598"><ele>534.8</ele></trkpt>
      <trkpt lat="50.809819999999995" lon="15.652807"><ele>533.51</ele></trkpt>
      <trkpt lat="50.810316" lon="15.653424999999999"><ele>529.65</ele></trkpt>
      <trkpt lat="50.810444" lon="15.653569"><ele>528.97</ele></trkpt>
      <trkpt lat="50.810506" lon="15.653699999999999"><ele>528.61</ele></trkpt>
      <trkpt lat="50.810536" lon="15.653875"><ele>528.21</ele></trkpt>
      <trkpt lat="50.810705" lon="15.655206999999999"><ele>524</ele></trkpt>
      <trkpt lat="50.810907" lon="15.656414999999999"><ele>519.77</ele></trkpt>
      <trkpt lat="50.810966" lon="15.65655"><ele>519.24</ele></trkpt>
      <trkpt lat="50.810966" lon="15.65655"><ele>519.24</ele></trkpt>
      <trkpt lat="50.811194" lon="15.657067999999999"><ele>518.15</ele></trkpt>
      <trkpt lat="50.811428" lon="15.657788"><ele>516.1</ele></trkpt>
      <trkpt lat="50.811524" lon="15.658142999999999"><ele>514.83</ele></trkpt>
      <trkpt lat="50.811581999999994" lon="15.658489"><ele>513.47</ele></trkpt>
      <trkpt lat="50.811603" lon="15.659669999999998"><ele>507.94</ele></trkpt>
      <trkpt lat="50.811616" lon="15.659991999999999"><ele>506.33</ele></trkpt>
      <trkpt lat="50.811611" lon="15.660112999999999"><ele>505.9</ele></trkpt>
      <trkpt lat="50.811592999999995" lon="15.660228"><ele>505.73</ele></trkpt>
      <trkpt lat="50.81154" lon="15.660385999999999"><ele>505.7</ele></trkpt>
      <trkpt lat="50.811457" lon="15.660502999999999"><ele>505.7</ele></trkpt>
      <trkpt lat="50.811361999999995" lon="15.660613"><ele>505.81</ele></trkpt>
      <trkpt lat="50.811271999999995" lon="15.660687"><ele>505.73</ele></trkpt>
      <trkpt lat="50.811263999999994" lon="15.661003"><ele>504.75</ele></trkpt>
      <trkpt lat="50.81129" lon="15.661235"><ele>503.9</ele></trkpt>
      <trkpt lat="50.811352" lon="15.661432999999999"><ele>503.09</ele></trkpt>
      <trkpt lat="50.811634" lon="15.662037999999999"><ele>500.3</ele></trkpt>
      <trkpt lat="50.811792" lon="15.662431"><ele>499.18</ele></trkpt>
      <trkpt lat="50.811974" lon="15.662675"><ele>497.42</ele></trkpt>
      <trkpt lat="50.812127" lon="15.662918"><ele>495.94</ele></trkpt>
      <trkpt lat="50.812371" lon="15.663692999999999"><ele>492.56</ele></trkpt>
      <trkpt lat="50.812418" lon="15.6638"><ele>492.98</ele></trkpt>
      <trkpt lat="50.812452" lon="15.66392"><ele>493.37</ele></trkpt>
      <trkpt lat="50.81247" lon="15.664074"><ele>493.37</ele></trkpt>
      <trkpt lat="50.812484999999995" lon="15.664371999999998"><ele>492.85</ele></trkpt>
      <trkpt lat="50.812407" lon="15.664885"><ele>490.36</ele></trkpt>
      <trkpt lat="50.812419999999996" lon="15.665211999999999"><ele>489.68</ele></trkpt>
      <trkpt lat="50.812625999999995" lon="15.665984"><ele>487.45</ele></trkpt>
      <trkpt lat="50.812625999999995" lon="15.665984"><ele>487.45</ele></trkpt>
      <trkpt lat="50.812787" lon="15.666583"><ele>485.21</ele></trkpt>
      <trkpt lat="50.813258" lon="15.667860999999998"><ele>480.34</ele></trkpt>
      <trkpt lat="50.813283999999996" lon="15.667993999999998"><ele>479.82</ele></trkpt>
      <trkpt lat="50.813303" lon="15.668182999999999"><ele>479.08</ele></trkpt>
      <trkpt lat="50.8133" lon="15.668330999999998"><ele>478.5</ele></trkpt>
      <trkpt lat="50.813271" lon="15.668491999999999"><ele>477.82</ele></trkpt>
      <trkpt lat="50.813221999999996" lon="15.668659"><ele>477.06</ele></trkpt>
      <trkpt lat="50.813182" lon="15.668838999999998"><ele>476.25</ele></trkpt>
      <trkpt lat="50.813153" lon="15.669108999999999"><ele>475.2</ele></trkpt>
      <trkpt lat="50.81319" lon="15.671175"><ele>468.07</ele></trkpt>
      <trkpt lat="50.813202999999994" lon="15.671503999999999"><ele>466.23</ele></trkpt>
      <trkpt lat="50.813227999999995" lon="15.6718"><ele>464.61</ele></trkpt>
      <trkpt lat="50.813269" lon="15.671980999999999"><ele>463.49</ele></trkpt>
      <trkpt lat="50.813317999999995" lon="15.672144"><ele>462.38</ele></trkpt>
      <trkpt lat="50.813489" lon="15.672469999999999"><ele>460.31</ele></trkpt>
      <trkpt lat="50.813632999999996" lon="15.672695999999998"><ele>459.22</ele></trkpt>
      <trkpt lat="50.813632999999996" lon="15.672695999999998"><ele>459.22</ele></trkpt>
      <trkpt lat="50.813651" lon="15.672723999999999"><ele>458.12</ele></trkpt>
      <trkpt lat="50.813651" lon="15.672723999999999"><ele>458.12</ele></trkpt>
      <trkpt lat="50.813651" lon="15.672723999999999"><ele>458.12</ele></trkpt>
      <trkpt lat="50.813651" lon="15.672723999999999"><ele>458.12</ele></trkpt>
      <trkpt lat="50.813528999999996" lon="15.672851999999999"><ele>457.56</ele></trkpt>
      <trkpt lat="50.813503999999995" lon="15.672884999999999"><ele>457.83</ele></trkpt>
      <trkpt lat="50.813489" lon="15.672920999999999"><ele>458.12</ele></trkpt>
      <trkpt lat="50.813458" lon="15.673257"><ele>461.58</ele></trkpt>
      <trkpt lat="50.813306999999995" lon="15.673506999999999"><ele>467.17</ele></trkpt>
      <trkpt lat="50.813151" lon="15.673817"><ele>471.68</ele></trkpt>
      <trkpt lat="50.813119" lon="15.673964"><ele>472.21</ele></trkpt>
      <trkpt lat="50.813119" lon="15.673964"><ele>472.21</ele></trkpt>
      <trkpt lat="50.813117" lon="15.673974"><ele>472.75</ele></trkpt>
      <trkpt lat="50.812937999999995" lon="15.673483999999998"><ele>474.29</ele></trkpt>
      <trkpt lat="50.812884999999994" lon="15.673383999999999"><ele>475.21</ele></trkpt>
      <trkpt lat="50.812819999999995" lon="15.673311"><ele>476.09</ele></trkpt>
      <trkpt lat="50.812726" lon="15.673252999999999"><ele>477.08</ele></trkpt>
      <trkpt lat="50.812667" lon="15.673236999999999"><ele>477.59</ele></trkpt>
      <trkpt lat="50.812607" lon="15.67324"><ele>478.06</ele></trkpt>
      <trkpt lat="50.81249" lon="15.673292"><ele>479.19</ele></trkpt>
      <trkpt lat="50.812388999999996" lon="15.673418"><ele>480.65</ele></trkpt>
      <trkpt lat="50.812186999999994" lon="15.673867"><ele>483.09</ele></trkpt>
      <trkpt lat="50.812129" lon="15.673950999999999"><ele>483.26</ele></trkpt>
      <trkpt lat="50.811997999999996" lon="15.674047"><ele>483.34</ele></trkpt>
      <trkpt lat="50.811921999999996" lon="15.674059999999999"><ele>483.25</ele></trkpt>
      <trkpt lat="50.811794" lon="15.674036"><ele>483.85</ele></trkpt>
      <trkpt lat="50.811741" lon="15.674004"><ele>484.24</ele></trkpt>
      <trkpt lat="50.811681" lon="15.673943"><ele>484.94</ele></trkpt>
      <trkpt lat="50.811628" lon="15.673860999999999"><ele>485.7</ele></trkpt>
      <trkpt lat="50.811568" lon="15.67371"><ele>486.53</ele></trkpt>
      <trkpt lat="50.811547" lon="15.673523999999999"><ele>487.74</ele></trkpt>
      <trkpt lat="50.81158" lon="15.673083"><ele>490.49</ele></trkpt>
      <trkpt lat="50.811515" lon="15.673003999999999"><ele>491.28</ele></trkpt>
      <trkpt lat="50.811395999999995" lon="15.672823999999999"><ele>493.17</ele></trkpt>
      <trkpt lat="50.81131" lon="15.672734"><ele>494.7</ele></trkpt>
      <trkpt lat="50.811209999999996" lon="15.67268"><ele>495.88</ele></trkpt>
      <trkpt lat="50.810798" lon="15.672611999999999"><ele>500.05</ele></trkpt>
      <trkpt lat="50.810744" lon="15.672585"><ele>500.32</ele></trkpt>
      <trkpt lat="50.81031" lon="15.672371"><ele>503.89</ele></trkpt>
      <trkpt lat="50.810148999999996" lon="15.67213"><ele>505.57</ele></trkpt>
      <trkpt lat="50.809793" lon="15.671536"><ele>510.02</ele></trkpt>
      <trkpt lat="50.809494" lon="15.671216"><ele>512.53</ele></trkpt>
      <trkpt lat="50.809427" lon="15.671161"><ele>513.17</ele></trkpt>
      <trkpt lat="50.809427" lon="15.671161"><ele>513.17</ele></trkpt>
      <trkpt lat="50.809324" lon="15.671078"><ele>513.8</ele></trkpt>
      <trkpt lat="50.809031" lon="15.670883"><ele>515.68</ele></trkpt>
      <trkpt lat="50.808913999999994" lon="15.670824999999999"><ele>516.26</ele></trkpt>
      <trkpt lat="50.808842999999996" lon="15.670819999999999"><ele>516.95</ele></trkpt>
      <trkpt lat="50.808771" lon="15.670867"><ele>517.98</ele></trkpt>
      <trkpt lat="50.808561999999995" lon="15.671078999999999"><ele>520.33</ele></trkpt>
      <trkpt lat="50.808319999999995" lon="15.671256"><ele>521.86</ele></trkpt>
      <trkpt lat="50.808139999999995" lon="15.671432999999999"><ele>521.46</ele></trkpt>
      <trkpt lat="50.808053" lon="15.671567"><ele>519.69</ele></trkpt>
      <trkpt lat="50.807950999999996" lon="15.671664"><ele>519.11</ele></trkpt>
      <trkpt lat="50.807885999999996" lon="15.671685"><ele>519.02</ele></trkpt>
      <trkpt lat="50.807745" lon="15.671679999999999"><ele>518.42</ele></trkpt>
      <trkpt lat="50.807660999999996" lon="15.671705999999999"><ele>518</ele></trkpt>
      <trkpt lat="50.807544" lon="15.671795999999999"><ele>517.35</ele></trkpt>
      <trkpt lat="50.807476" lon="15.671866999999999"><ele>516.92</ele></trkpt>
      <trkpt lat="50.807413" lon="15.671963"><ele>516.51</ele></trkpt>
      <trkpt lat="50.806979" lon="15.672756999999999"><ele>513.43</ele></trkpt>
      <trkpt lat="50.806906" lon="15.672842"><ele>513.02</ele></trkpt>
      <trkpt lat="50.806697" lon="15.672969"><ele>512.06</ele></trkpt>
      <trkpt lat="50.806388999999996" lon="15.672984"><ele>510.94</ele></trkpt>
      <trkpt lat="50.806329999999996" lon="15.673010999999999"><ele>510.98</ele></trkpt>
      <trkpt lat="50.806231999999994" lon="15.673083"><ele>511.74</ele></trkpt>
      <trkpt lat="50.805976" lon="15.673364999999999"><ele>515.97</ele></trkpt>
      <trkpt lat="50.805934" lon="15.673388"><ele>516.78</ele></trkpt>
      <trkpt lat="50.805899" lon="15.673392"><ele>517.47</ele></trkpt>
      <trkpt lat="50.805864" lon="15.67338"><ele>518.21</ele></trkpt>
      <trkpt lat="50.805814999999996" lon="15.673439"><ele>519.03</ele></trkpt>
      <trkpt lat="50.805642999999996" lon="15.673547"><ele>521.32</ele></trkpt>
      <trkpt lat="50.805453" lon="15.67377"><ele>522.94</ele></trkpt>
      <trkpt lat="50.805330999999995" lon="15.673952"><ele>524.24</ele></trkpt>
      <trkpt lat="50.805175" lon="15.674394999999999"><ele>526.13</ele></trkpt>
      <trkpt lat="50.805157" lon="15.674496999999999"><ele>526.69</ele></trkpt>
      <trkpt lat="50.805147" lon="15.674712"><ele>529.37</ele></trkpt>
      <trkpt lat="50.805167" lon="15.675146"><ele>537.89</ele></trkpt>
      <trkpt lat="50.805288999999995" lon="15.675783"><ele>545.22</ele></trkpt>
      <trkpt lat="50.805299" lon="15.675904999999998"><ele>545.66</ele></trkpt>
      <trkpt lat="50.805299" lon="15.676022"><ele>545.26</ele></trkpt>
      <trkpt lat="50.805099999999996" lon="15.676236999999999"><ele>545.16</ele></trkpt>
      <trkpt lat="50.80488" lon="15.676445"><ele>546.83</ele></trkpt>
      <trkpt lat="50.804829999999995" lon="15.676523"><ele>547.27</ele></trkpt>
      <trkpt lat="50.804787999999995" lon="15.676618"><ele>547.86</ele></trkpt>
      <trkpt lat="50.804714" lon="15.67687"><ele>549.39</ele></trkpt>
      <trkpt lat="50.804576" lon="15.677192999999999"><ele>552.23</ele></trkpt>
      <trkpt lat="50.804426" lon="15.677444999999999"><ele>555.11</ele></trkpt>
      <trkpt lat="50.804389" lon="15.677470999999999"><ele>555.66</ele></trkpt>
      <trkpt lat="50.804320999999995" lon="15.677480999999998"><ele>556.59</ele></trkpt>
      <trkpt lat="50.804244" lon="15.677455"><ele>557.62</ele></trkpt>
      <trkpt lat="50.804035" lon="15.677465999999999"><ele>561.21</ele></trkpt>
      <trkpt lat="50.803843" lon="15.677539999999999"><ele>564.63</ele></trkpt>
      <trkpt lat="50.803656" lon="15.677664"><ele>567.29</ele></trkpt>
      <trkpt lat="50.80345" lon="15.677759"><ele>569.94</ele></trkpt>
      <trkpt lat="50.803259999999995" lon="15.67789"><ele>572.84</ele></trkpt>
      <trkpt lat="50.803177" lon="15.677964"><ele>573.93</ele></trkpt>
      <trkpt lat="50.803149" lon="15.678009"><ele>574.45</ele></trkpt>
      <trkpt lat="50.803061" lon="15.67823"><ele>576.63</ele></trkpt>
      <trkpt lat="50.802927999999994" lon="15.678479999999999"><ele>578.23</ele></trkpt>
      <trkpt lat="50.802855" lon="15.678562"><ele>578.71</ele></trkpt>
      <trkpt lat="50.802802" lon="15.678621999999999"><ele>578.98</ele></trkpt>
      <trkpt lat="50.802689" lon="15.678704"><ele>579.88</ele></trkpt>
      <trkpt lat="50.802493999999996" lon="15.678763"><ele>581.3</ele></trkpt>
      <trkpt lat="50.802321" lon="15.678878999999998"><ele>583.13</ele></trkpt>
      <trkpt lat="50.802132" lon="15.679029"><ele>585.26</ele></trkpt>
      <trkpt lat="50.802077" lon="15.679113999999998"><ele>586.14</ele></trkpt>
      <trkpt lat="50.802001999999995" lon="15.679314999999999"><ele>588.14</ele></trkpt>
      <trkpt lat="50.80193" lon="15.679421999999999"><ele>588.99</ele></trkpt>
      <trkpt lat="50.801789" lon="15.67959"><ele>591.04</ele></trkpt>
      <trkpt lat="50.801578" lon="15.679412"><ele>593.07</ele></trkpt>
      <trkpt lat="50.801514" lon="15.679124"><ele>594.37</ele></trkpt>
      <trkpt lat="50.801496" lon="15.678573"><ele>596.21</ele></trkpt>
      <trkpt lat="50.801468" lon="15.678284999999999"><ele>597.18</ele></trkpt>
      <trkpt lat="50.801323" lon="15.677940999999999"><ele>598.04</ele></trkpt>
      <trkpt lat="50.801041999999995" lon="15.677681999999999"><ele>598.79</ele></trkpt>
      <trkpt lat="50.800824" lon="15.677437999999999"><ele>599.1</ele></trkpt>
      <trkpt lat="50.800489" lon="15.676993999999999"><ele>598.78</ele></trkpt>
      <trkpt lat="50.800371" lon="15.676749999999998"><ele>598.58</ele></trkpt>
      <trkpt lat="50.800233999999996" lon="15.67659"><ele>598.51</ele></trkpt>
      <trkpt lat="50.800112" lon="15.676591"><ele>598.53</ele></trkpt>
      <trkpt lat="50.800112" lon="15.676591"><ele>598.53</ele></trkpt>
      <trkpt lat="50.799876999999995" lon="15.676765"><ele>598.79</ele></trkpt>
      <trkpt lat="50.79969" lon="15.677007999999999"><ele>599.31</ele></trkpt>
      <trkpt lat="50.799509" lon="15.677093999999999"><ele>600.02</ele></trkpt>
      <trkpt lat="50.799273" lon="15.677050999999999"><ele>601.16</ele></trkpt>
      <trkpt lat="50.799063999999994" lon="15.677107999999999"><ele>602.27</ele></trkpt>
      <trkpt lat="50.798829" lon="15.677294999999999"><ele>603.75</ele></trkpt>
      <trkpt lat="50.79862" lon="15.677423999999998"><ele>605.11</ele></trkpt>
      <trkpt lat="50.798348" lon="15.677480999999998"><ele>606.83</ele></trkpt>
      <trkpt lat="50.797912" lon="15.677525"><ele>609.59</ele></trkpt>
      <trkpt lat="50.797512999999995" lon="15.677525"><ele>612.06</ele></trkpt>
      <trkpt lat="50.797179" lon="15.677375999999999"><ele>614.44</ele></trkpt>
      <trkpt lat="50.796352999999996" lon="15.677197999999999"><ele>620.91</ele></trkpt>
      <trkpt lat="50.796217999999996" lon="15.677183"><ele>622.09</ele></trkpt>
      <trkpt lat="50.796139" lon="15.677162"><ele>622.7</ele></trkpt>
      <trkpt lat="50.795964" lon="15.677074999999999"><ele>623.78</ele></trkpt>
      <trkpt lat="50.795987" lon="15.677292"><ele>624.32</ele></trkpt>
      <trkpt lat="50.79597" lon="15.677359"><ele>624.65</ele></trkpt>
      <trkpt lat="50.795925999999994" lon="15.677423"><ele>625.07</ele></trkpt>
      <trkpt lat="50.795721" lon="15.677620999999998"><ele>626.81</ele></trkpt>
      <trkpt lat="50.795348999999995" lon="15.677928999999999"><ele>630.31</ele></trkpt>
      <trkpt lat="50.795249" lon="15.67804"><ele>631.24</ele></trkpt>
      <trkpt lat="50.795127" lon="15.678237"><ele>632.38</ele></trkpt>
      <trkpt lat="50.795127" lon="15.678237"><ele>632.38</ele></trkpt>
      <trkpt lat="50.795127" lon="15.678237"><ele>632.38</ele></trkpt>
      <trkpt lat="50.795127" lon="15.678237"><ele>632.38</ele></trkpt>
      <trkpt lat="50.795052999999996" lon="15.678429"><ele>632.73</ele></trkpt>
      <trkpt lat="50.79474" lon="15.679692"><ele>630.09</ele></trkpt>
      <trkpt lat="50.794644999999996" lon="15.680111"><ele>628.88</ele></trkpt>
      <trkpt lat="50.794363999999995" lon="15.681208"><ele>625.15</ele></trkpt>
      <trkpt lat="50.794266" lon="15.681508"><ele>624.13</ele></trkpt>
      <trkpt lat="50.794205999999996" lon="15.681633"><ele>623.85</ele></trkpt>
      <trkpt lat="50.793904999999995" lon="15.682157"><ele>622.71</ele></trkpt>
      <trkpt lat="50.793796" lon="15.682364999999999"><ele>622.52</ele></trkpt>
      <trkpt lat="50.793712" lon="15.682568"><ele>622.27</ele></trkpt>
      <trkpt lat="50.793676" lon="15.682713"><ele>622.14</ele></trkpt>
      <trkpt lat="50.793679999999995" lon="15.682870999999999"><ele>622.05</ele></trkpt>
      <trkpt lat="50.793707" lon="15.683072"><ele>622.03</ele></trkpt>
      <trkpt lat="50.793836" lon="15.683634999999999"><ele>622.58</ele></trkpt>
      <trkpt lat="50.793844" lon="15.683784999999999"><ele>622.84</ele></trkpt>
      <trkpt lat="50.793834" lon="15.683936"><ele>623.09</ele></trkpt>
      <trkpt lat="50.793789999999994" lon="15.684090999999999"><ele>623.33</ele></trkpt>
      <trkpt lat="50.793679999999995" lon="15.684349"><ele>624.36</ele></trkpt>
      <trkpt lat="50.793592" lon="15.684526"><ele>625.38</ele></trkpt>
      <trkpt lat="50.793504999999996" lon="15.685046"><ele>628.44</ele></trkpt>
      <trkpt lat="50.793471" lon="15.685151"><ele>629.38</ele></trkpt>
      <trkpt lat="50.793344" lon="15.685445999999999"><ele>631.31</ele></trkpt>
      <trkpt lat="50.793175" lon="15.685963"><ele>633.36</ele></trkpt>
      <trkpt lat="50.79309" lon="15.686299"><ele>633.94</ele></trkpt>
      <trkpt lat="50.793057" lon="15.686554999999998"><ele>634</ele></trkpt>
      <trkpt lat="50.793039" lon="15.686637999999999"><ele>634.05</ele></trkpt>
      <trkpt lat="50.793200999999996" lon="15.687085999999999"><ele>633.86</ele></trkpt>
      <trkpt lat="50.793327999999995" lon="15.687595"><ele>632.07</ele></trkpt>
      <trkpt lat="50.793423" lon="15.688087"><ele>630.32</ele></trkpt>
      <trkpt lat="50.793489" lon="15.688555"><ele>628.99</ele></trkpt>
      <trkpt lat="50.793606" lon="15.689786"><ele>626.95</ele></trkpt>
      <trkpt lat="50.793648" lon="15.690386"><ele>626.46</ele></trkpt>
      <trkpt lat="50.793715" lon="15.691241"><ele>626.56</ele></trkpt>
      <trkpt lat="50.793715" lon="15.691241"><ele>626.56</ele></trkpt>
      <trkpt lat="50.793746" lon="15.691637"><ele>626.66</ele></trkpt>
      <trkpt lat="50.79365" lon="15.691885"><ele>624.49</ele></trkpt>
      <trkpt lat="50.793624" lon="15.692044999999998"><ele>623.43</ele></trkpt>
      <trkpt lat="50.793624" lon="15.692141999999999"><ele>622.93</ele></trkpt>
      <trkpt lat="50.793653" lon="15.692247"><ele>622.21</ele></trkpt>
      <trkpt lat="50.793724" lon="15.692390999999999"><ele>621.13</ele></trkpt>
      <trkpt lat="50.793831999999995" lon="15.692558"><ele>619.97</ele></trkpt>
      <trkpt lat="50.793876" lon="15.692661"><ele>618.5</ele></trkpt>
      <trkpt lat="50.793876" lon="15.692661"><ele>618.5</ele></trkpt>
      <trkpt lat="50.793876" lon="15.692661"><ele>618.5</ele></trkpt>
      <trkpt lat="50.793876" lon="15.692661"><ele>618.5</ele></trkpt>
      <trkpt lat="50.793881999999996" lon="15.692663999999999"><ele>618.06</ele></trkpt>
      <trkpt lat="50.793881999999996" lon="15.692663999999999"><ele>618.06</ele></trkpt>
      <trkpt lat="50.793876" lon="15.692661"><ele>618.5</ele></trkpt>
      <trkpt lat="50.793611" lon="15.692620999999999"><ele>618.52</ele></trkpt>
      <trkpt lat="50.793185" lon="15.692506999999999"><ele>620.35</ele></trkpt>
      <trkpt lat="50.793135" lon="15.692513"><ele>620.63</ele></trkpt>
      <trkpt lat="50.792488999999996" lon="15.693254"><ele>627.85</ele></trkpt>
      <trkpt lat="50.792403" lon="15.693378999999998"><ele>628.75</ele></trkpt>
      <trkpt lat="50.792338" lon="15.693588"><ele>630.01</ele></trkpt>
      <trkpt lat="50.792206" lon="15.694505999999999"><ele>634.29</ele></trkpt>
      <trkpt lat="50.791942" lon="15.694671"><ele>636.36</ele></trkpt>
      <trkpt lat="50.791889" lon="15.694688"><ele>636.53</ele></trkpt>
      <trkpt lat="50.791886999999996" lon="15.694697999999999"><ele>636.55</ele></trkpt>
      <trkpt lat="50.791833" lon="15.694669999999999"><ele>636.71</ele></trkpt>
      <trkpt lat="50.791669" lon="15.694507"><ele>637.39</ele></trkpt>
      <trkpt lat="50.791607" lon="15.694484"><ele>637.58</ele></trkpt>
      <trkpt lat="50.791546" lon="15.694467"><ele>637.65</ele></trkpt>
      <trkpt lat="50.791422" lon="15.694472"><ele>637.8</ele></trkpt>
      <trkpt lat="50.79132" lon="15.694495"><ele>637.84</ele></trkpt>
      <trkpt lat="50.79112" lon="15.694502"><ele>637.51</ele></trkpt>
      <trkpt lat="50.790912999999996" lon="15.694429"><ele>639.35</ele></trkpt>
      <trkpt lat="50.79053" lon="15.694265"><ele>642.84</ele></trkpt>
      <trkpt lat="50.789789999999996" lon="15.693971"><ele>650.16</ele></trkpt>
      <trkpt lat="50.789553" lon="15.693814999999999"><ele>653</ele></trkpt>
      <trkpt lat="50.78931" lon="15.693517"><ele>656.02</ele></trkpt>
      <trkpt lat="50.789108" lon="15.693116999999999"><ele>658.82</ele></trkpt>
      <trkpt lat="50.788989" lon="15.692938999999999"><ele>660.39</ele></trkpt>
      <trkpt lat="50.788844999999995" lon="15.692807"><ele>661.95</ele></trkpt>
      <trkpt lat="50.788574" lon="15.692672"><ele>664.68</ele></trkpt>
      <trkpt lat="50.788295" lon="15.692552999999998"><ele>667.68</ele></trkpt>
      <trkpt lat="50.787963" lon="15.692333"><ele>671.29</ele></trkpt>
      <trkpt lat="50.787875" lon="15.692307999999999"><ele>672.4</ele></trkpt>
      <trkpt lat="50.787873" lon="15.692309999999999"><ele>672.7</ele></trkpt>
      <trkpt lat="50.787814999999995" lon="15.692357999999999"><ele>673.02</ele></trkpt>
      <trkpt lat="50.787814999999995" lon="15.692357999999999"><ele>673.02</ele></trkpt>
      <trkpt lat="50.787776" lon="15.692452"><ele>673.02</ele></trkpt>
      <trkpt lat="50.787819999999996" lon="15.692347999999999"><ele>673.01</ele></trkpt>
      <trkpt lat="50.787769" lon="15.692466999999999"><ele>673.03</ele></trkpt>
      <trkpt lat="50.787709" lon="15.692863"><ele>672.29</ele></trkpt>
      <trkpt lat="50.787696999999994" lon="15.693092"><ele>672.16</ele></trkpt>
      <trkpt lat="50.787709" lon="15.693615999999999"><ele>668.55</ele></trkpt>
      <trkpt lat="50.787628999999995" lon="15.694334999999999"><ele>667.33</ele></trkpt>
      <trkpt lat="50.787614999999995" lon="15.694628"><ele>667.34</ele></trkpt>
      <trkpt lat="50.787614999999995" lon="15.694628"><ele>667.34</ele></trkpt>
      <trkpt lat="50.787614999999995" lon="15.694628"><ele>667.34</ele></trkpt>
      <trkpt lat="50.787614999999995" lon="15.694628"><ele>667.34</ele></trkpt>
      <trkpt lat="50.787655" lon="15.695091999999999"><ele>667.88</ele></trkpt>
      <trkpt lat="50.787755" lon="15.695616"><ele>666.18</ele></trkpt>
      <trkpt lat="50.787819" lon="15.695834999999999"><ele>665.68</ele></trkpt>
      <trkpt lat="50.787982" lon="15.696233"><ele>664.85</ele></trkpt>
      <trkpt lat="50.788292" lon="15.696829"><ele>666.47</ele></trkpt>
      <trkpt lat="50.788396" lon="15.697076"><ele>667.07</ele></trkpt>
      <trkpt lat="50.788495" lon="15.697351999999999"><ele>667.41</ele></trkpt>
      <trkpt lat="50.788669999999996" lon="15.697714"><ele>666.26</ele></trkpt>
      <trkpt lat="50.788759999999996" lon="15.697849"><ele>665.5</ele></trkpt>
      <trkpt lat="50.788863" lon="15.697958"><ele>664.87</ele></trkpt>
      <trkpt lat="50.788958" lon="15.698039999999999"><ele>664.4</ele></trkpt>
      <trkpt lat="50.789182" lon="15.698162"><ele>663.13</ele></trkpt>
      <trkpt lat="50.789294999999996" lon="15.698277"><ele>662.63</ele></trkpt>
      <trkpt lat="50.789369" lon="15.6984"><ele>662.46</ele></trkpt>
      <trkpt lat="50.789418" lon="15.698542999999999"><ele>662.12</ele></trkpt>
      <trkpt lat="50.789480999999995" lon="15.698718"><ele>661.28</ele></trkpt>
      <trkpt lat="50.78966" lon="15.699053"><ele>658.86</ele></trkpt>
      <trkpt lat="50.789986" lon="15.699506"><ele>654.85</ele></trkpt>
      <trkpt lat="50.790161" lon="15.700004"><ele>652.27</ele></trkpt>
      <trkpt lat="50.790292" lon="15.700324"><ele>651.75</ele></trkpt>
      <trkpt lat="50.790417999999995" lon="15.70047"><ele>650.63</ele></trkpt>
      <trkpt lat="50.790538999999995" lon="15.700541"><ele>649.4</ele></trkpt>
      <trkpt lat="50.790608999999996" lon="15.700553999999999"><ele>648.71</ele></trkpt>
      <trkpt lat="50.790693" lon="15.700546"><ele>647.94</ele></trkpt>
      <trkpt lat="50.790884" lon="15.700488"><ele>646.31</ele></trkpt>
      <trkpt lat="50.791422" lon="15.700196"><ele>641.81</ele></trkpt>
      <trkpt lat="50.791813" lon="15.699831"><ele>639.93</ele></trkpt>
      <trkpt lat="50.792026" lon="15.699651999999999"><ele>639.52</ele></trkpt>
      <trkpt lat="50.792170999999996" lon="15.699565"><ele>639.46</ele></trkpt>
      <trkpt lat="50.792362999999995" lon="15.699491"><ele>639.6</ele></trkpt>
      <trkpt lat="50.792669" lon="15.699432"><ele>639.94</ele></trkpt>
      <trkpt lat="50.792781999999995" lon="15.699440999999998"><ele>640.09</ele></trkpt>
      <trkpt lat="50.792919999999995" lon="15.699508"><ele>640.39</ele></trkpt>
      <trkpt lat="50.793205" lon="15.699788999999999"><ele>641.28</ele></trkpt>
      <trkpt lat="50.793281" lon="15.699834"><ele>641.23</ele></trkpt>
      <trkpt lat="50.793386999999996" lon="15.699845"><ele>641.49</ele></trkpt>
      <trkpt lat="50.793487" lon="15.699800999999999"><ele>642.15</ele></trkpt>
      <trkpt lat="50.793537" lon="15.699765"><ele>642.57</ele></trkpt>
      <trkpt lat="50.793566999999996" lon="15.699722"><ele>642.88</ele></trkpt>
      <trkpt lat="50.793625" lon="15.699603999999999"><ele>643.58</ele></trkpt>
      <trkpt lat="50.793673999999996" lon="15.699473999999999"><ele>644.34</ele></trkpt>
      <trkpt lat="50.793713999999994" lon="15.699313"><ele>645.24</ele></trkpt>
      <trkpt lat="50.793771" lon="15.698846"><ele>647.68</ele></trkpt>
      <trkpt lat="50.793803999999994" lon="15.698711999999999"><ele>648.46</ele></trkpt>
      <trkpt lat="50.794264" lon="15.698153999999999"><ele>653.64</ele></trkpt>
      <trkpt lat="50.794360999999995" lon="15.698279999999999"><ele>656.58</ele></trkpt>
      <trkpt lat="50.794360999999995" lon="15.698279999999999"><ele>656.58</ele></trkpt>
      <trkpt lat="50.794725" lon="15.698751999999999"><ele>659.53</ele></trkpt>
      <trkpt lat="50.794869999999996" lon="15.698962"><ele>661.01</ele></trkpt>
      <trkpt lat="50.795041" lon="15.699297999999999"><ele>661.71</ele></trkpt>
      <trkpt lat="50.795041" lon="15.699297999999999"><ele>661.71</ele></trkpt>
      <trkpt lat="50.795041" lon="15.699297999999999"><ele>661.71</ele></trkpt>
      <trkpt lat="50.795041" lon="15.699297999999999"><ele>661.71</ele></trkpt>
      <trkpt lat="50.795055999999995" lon="15.699439"><ele>661.34</ele></trkpt>
      <trkpt lat="50.795271" lon="15.700209"><ele>658.64</ele></trkpt>
      <trkpt lat="50.795308" lon="15.700434"><ele>658.04</ele></trkpt>
      <trkpt lat="50.795317999999995" lon="15.700845999999999"><ele>658.01</ele></trkpt>
      <trkpt lat="50.795279" lon="15.701141999999999"><ele>658.02</ele></trkpt>
      <trkpt lat="50.795248" lon="15.701701"><ele>657.74</ele></trkpt>
      <trkpt lat="50.795269999999995" lon="15.702207"><ele>657.57</ele></trkpt>
      <trkpt lat="50.795277" lon="15.702971999999999"><ele>657.68</ele></trkpt>
      <trkpt lat="50.795387" lon="15.703669"><ele>658.3</ele></trkpt>
      <trkpt lat="50.795362999999995" lon="15.703871999999999"><ele>658.49</ele></trkpt>
      <trkpt lat="50.795172" lon="15.704958999999999"><ele>659.84</ele></trkpt>
      <trkpt lat="50.795106" lon="15.705686"><ele>661.64</ele></trkpt>
      <trkpt lat="50.794978" lon="15.706662"><ele>665.84</ele></trkpt>
      <trkpt lat="50.794826" lon="15.707548"><ele>668.54</ele></trkpt>
      <trkpt lat="50.794826" lon="15.707548"><ele>668.54</ele></trkpt>
      <trkpt lat="50.794809" lon="15.707645"><ele>671.24</ele></trkpt>
      <trkpt lat="50.79472" lon="15.708533999999998"><ele>676.14</ele></trkpt>
      <trkpt lat="50.794650999999995" lon="15.708801999999999"><ele>678.56</ele></trkpt>
      <trkpt lat="50.794576" lon="15.708917"><ele>679.09</ele></trkpt>
      <trkpt lat="50.794444999999996" lon="15.708962999999999"><ele>679.59</ele></trkpt>
      <trkpt lat="50.794339" lon="15.708953999999999"><ele>680.03</ele></trkpt>
      <trkpt lat="50.794149999999995" lon="15.708812"><ele>681.54</ele></trkpt>
      <trkpt lat="50.793949999999995" lon="15.708756999999999"><ele>683.02</ele></trkpt>
      <trkpt lat="50.793653" lon="15.708822"><ele>685.48</ele></trkpt>
      <trkpt lat="50.793468999999995" lon="15.70894"><ele>687.35</ele></trkpt>
      <trkpt lat="50.793386999999996" lon="15.709019999999999"><ele>688.32</ele></trkpt>
      <trkpt lat="50.793329" lon="15.709154999999999"><ele>689.41</ele></trkpt>
      <trkpt lat="50.793296999999995" lon="15.709467"><ele>691.43</ele></trkpt>
      <trkpt lat="50.793254" lon="15.71026"><ele>696.05</ele></trkpt>
      <trkpt lat="50.793293" lon="15.710446999999998"><ele>697.17</ele></trkpt>
      <trkpt lat="50.793482999999995" lon="15.710847"><ele>699.99</ele></trkpt>
      <trkpt lat="50.793602" lon="15.711445"><ele>703.39</ele></trkpt>
      <trkpt lat="50.793723" lon="15.711755"><ele>705.42</ele></trkpt>
      <trkpt lat="50.793887" lon="15.711958"><ele>707.18</ele></trkpt>
      <trkpt lat="50.794377" lon="15.712466"><ele>711.57</ele></trkpt>
      <trkpt lat="50.794464999999995" lon="15.712606"><ele>712.41</ele></trkpt>
      <trkpt lat="50.794588" lon="15.713090999999999"><ele>714.12</ele></trkpt>
      <trkpt lat="50.794661999999995" lon="15.713318999999998"><ele>715.5</ele></trkpt>
      <trkpt lat="50.794902" lon="15.7137"><ele>716.43</ele></trkpt>
      <trkpt lat="50.794973999999996" lon="15.713845"><ele>716.43</ele></trkpt>
      <trkpt lat="50.795029" lon="15.714061999999998"><ele>716.65</ele></trkpt>
      <trkpt lat="50.795113" lon="15.714455999999998"><ele>716.75</ele></trkpt>
      <trkpt lat="50.795336" lon="15.714815999999999"><ele>716.43</ele></trkpt>
      <trkpt lat="50.79535" lon="15.715003999999999"><ele>715.8</ele></trkpt>
      <trkpt lat="50.795336" lon="15.715233999999999"><ele>715.4</ele></trkpt>
      <trkpt lat="50.795291999999996" lon="15.715497"><ele>715.29</ele></trkpt>
      <trkpt lat="50.795306" lon="15.716028999999999"><ele>715.63</ele></trkpt>
      <trkpt lat="50.795306" lon="15.716028999999999"><ele>715.63</ele></trkpt>
      <trkpt lat="50.795306" lon="15.716028999999999"><ele>715.63</ele></trkpt>
      <trkpt lat="50.795306" lon="15.716028999999999"><ele>715.63</ele></trkpt>
      <trkpt lat="50.794292" lon="15.715888999999999"><ele>721.32</ele></trkpt>
      <trkpt lat="50.793957" lon="15.715929999999998"><ele>723.38</ele></trkpt>
      <trkpt lat="50.793454999999994" lon="15.716087"><ele>726.9</ele></trkpt>
      <trkpt lat="50.79249" lon="15.71633"><ele>734.46</ele></trkpt>
      <trkpt lat="50.791927" lon="15.716616"><ele>739.23</ele></trkpt>
      <trkpt lat="50.791734" lon="15.71675"><ele>741.49</ele></trkpt>
      <trkpt lat="50.790983" lon="15.717179999999999"><ele>747.39</ele></trkpt>
      <trkpt lat="50.790862" lon="15.717234999999999"><ele>748.33</ele></trkpt>
      <trkpt lat="50.790698" lon="15.717274999999999"><ele>749.73</ele></trkpt>
      <trkpt lat="50.790405" lon="15.717168"><ele>752.05</ele></trkpt>
      <trkpt lat="50.790108" lon="15.716956"><ele>754.07</ele></trkpt>
      <trkpt lat="50.789905999999995" lon="15.716681999999999"><ele>756.16</ele></trkpt>
      <trkpt lat="50.789767999999995" lon="15.716429999999999"><ele>757.66</ele></trkpt>
      <trkpt lat="50.789637" lon="15.716218"><ele>759.06</ele></trkpt>
      <trkpt lat="50.789504" lon="15.716107"><ele>760.18</ele></trkpt>
      <trkpt lat="50.788934999999995" lon="15.715976"><ele>764.26</ele></trkpt>
      <trkpt lat="50.788430999999996" lon="15.715909"><ele>767.98</ele></trkpt>
      <trkpt lat="50.788016" lon="15.715976999999999"><ele>771.14</ele></trkpt>
      <trkpt lat="50.787644" lon="15.715974"><ele>773.78</ele></trkpt>
      <trkpt lat="50.787189" lon="15.71567"><ele>777.03</ele></trkpt>
      <trkpt lat="50.786859" lon="15.715337"><ele>779.45</ele></trkpt>
      <trkpt lat="50.786552" lon="15.71491"><ele>782.24</ele></trkpt>
      <trkpt lat="50.786358" lon="15.714697999999999"><ele>784.03</ele></trkpt>
      <trkpt lat="50.786248" lon="15.714644999999999"><ele>784.89</ele></trkpt>
      <trkpt lat="50.786128" lon="15.714682"><ele>785.79</ele></trkpt>
      <trkpt lat="50.786128" lon="15.714682"><ele>785.79</ele></trkpt>
      <trkpt lat="50.786128" lon="15.714682"><ele>785.79</ele></trkpt>
      <trkpt lat="50.786128" lon="15.714682"><ele>785.79</ele></trkpt>
      <trkpt lat="50.786079" lon="15.714729"><ele>786.19</ele></trkpt>
      <trkpt lat="50.786032999999996" lon="15.714870999999999"><ele>786.91</ele></trkpt>
      <trkpt lat="50.786021999999996" lon="15.715122"><ele>787.99</ele></trkpt>
      <trkpt lat="50.786156" lon="15.716211999999999"><ele>792.28</ele></trkpt>
      <trkpt lat="50.786172" lon="15.716553999999999"><ele>793.55</ele></trkpt>
      <trkpt lat="50.786183" lon="15.718615"><ele>802.18</ele></trkpt>
      <trkpt lat="50.786213" lon="15.718922999999998"><ele>803.45</ele></trkpt>
      <trkpt lat="50.786266" lon="15.719161999999999"><ele>804.31</ele></trkpt>
      <trkpt lat="50.786336" lon="15.719323999999999"><ele>805.19</ele></trkpt>
      <trkpt lat="50.786885" lon="15.720362"><ele>812.01</ele></trkpt>
      <trkpt lat="50.786919999999995" lon="15.720445999999999"><ele>812.82</ele></trkpt>
      <trkpt lat="50.786950999999995" lon="15.720576999999999"><ele>814.15</ele></trkpt>
      <trkpt lat="50.786958" lon="15.720711"><ele>815.14</ele></trkpt>
      <trkpt lat="50.786905" lon="15.72101"><ele>817.21</ele></trkpt>
      <trkpt lat="50.78687" lon="15.72115"><ele>817.82</ele></trkpt>
      <trkpt lat="50.786832" lon="15.721245999999999"><ele>818.46</ele></trkpt>
      <trkpt lat="50.786792999999996" lon="15.721319"><ele>818.93</ele></trkpt>
      <trkpt lat="50.786694999999995" lon="15.721426999999998"><ele>819.24</ele></trkpt>
      <trkpt lat="50.786612999999996" lon="15.721466"><ele>819</ele></trkpt>
      <trkpt lat="50.7865" lon="15.721480999999999"><ele>819.02</ele></trkpt>
      <trkpt lat="50.786018999999996" lon="15.721451"><ele>819.92</ele></trkpt>
      <trkpt lat="50.785748" lon="15.721471999999999"><ele>821.13</ele></trkpt>
      <trkpt lat="50.785748" lon="15.721471999999999"><ele>821.13</ele></trkpt>
      <trkpt lat="50.78557" lon="15.721516"><ele>821.56</ele></trkpt>
      <trkpt lat="50.785025" lon="15.721717"><ele>824.45</ele></trkpt>
      <trkpt lat="50.784929999999996" lon="15.721767"><ele>825.08</ele></trkpt>
      <trkpt lat="50.784755" lon="15.721879999999999"><ele>826.46</ele></trkpt>
      <trkpt lat="50.784065999999996" lon="15.722415999999999"><ele>831.99</ele></trkpt>
      <trkpt lat="50.784065999999996" lon="15.722415999999999"><ele>831.99</ele></trkpt>
      <trkpt lat="50.783879999999996" lon="15.722548"><ele>833.1</ele></trkpt>
      <trkpt lat="50.783801999999994" lon="15.722636"><ele>833.92</ele></trkpt>
      <trkpt lat="50.783801999999994" lon="15.722636"><ele>833.92</ele></trkpt>
      <trkpt lat="50.783801999999994" lon="15.722636"><ele>833.92</ele></trkpt>
      <trkpt lat="50.783801999999994" lon="15.722636"><ele>833.92</ele></trkpt>
      <trkpt lat="50.783773" lon="15.722493"><ele>835.12</ele></trkpt>
      <trkpt lat="50.783767999999995" lon="15.722375999999999"><ele>836.03</ele></trkpt>
      <trkpt lat="50.783774" lon="15.722273999999999"><ele>836.7</ele></trkpt>
      <trkpt lat="50.7838" lon="15.722199999999999"><ele>836.73</ele></trkpt>
      <trkpt lat="50.783815" lon="15.722118"><ele>836.94</ele></trkpt>
      <trkpt lat="50.783845" lon="15.721748"><ele>838.28</ele></trkpt>
      <trkpt lat="50.78389" lon="15.721459999999999"><ele>838.96</ele></trkpt>
      <trkpt lat="50.783936" lon="15.721283999999999"><ele>839.01</ele></trkpt>
      <trkpt lat="50.783984999999994" lon="15.721153999999999"><ele>839.05</ele></trkpt>
      <trkpt lat="50.784054" lon="15.721036"><ele>839.09</ele></trkpt>
      <trkpt lat="50.784175999999995" lon="15.720911"><ele>839.1</ele></trkpt>
      <trkpt lat="50.784313999999995" lon="15.72081"><ele>839.03</ele></trkpt>
      <trkpt lat="50.784427" lon="15.720711999999999"><ele>838.89</ele></trkpt>
      <trkpt lat="50.784534" lon="15.720578999999999"><ele>838.68</ele></trkpt>
      <trkpt lat="50.784569" lon="15.720472"><ele>838.51</ele></trkpt>
      <trkpt lat="50.784586999999995" lon="15.720367999999999"><ele>838.3</ele></trkpt>
      <trkpt lat="50.784582" lon="15.720246"><ele>838.06</ele></trkpt>
      <trkpt lat="50.784561" lon="15.720136"><ele>837.88</ele></trkpt>
      <trkpt lat="50.784478" lon="15.719871999999999"><ele>837.92</ele></trkpt>
      <trkpt lat="50.784436" lon="15.719653999999998"><ele>837.85</ele></trkpt>
      <trkpt lat="50.784423999999994" lon="15.719503"><ele>837.58</ele></trkpt>
      <trkpt lat="50.784402" lon="15.719392"><ele>837.27</ele></trkpt>
      <trkpt lat="50.784025" lon="15.718036999999999"><ele>837.03</ele></trkpt>
      <trkpt lat="50.783978" lon="15.717981"><ele>837.97</ele></trkpt>
      <trkpt lat="50.783528999999994" lon="15.717246"><ele>846.43</ele></trkpt>
      <trkpt lat="50.783294999999995" lon="15.716911999999999"><ele>850.68</ele></trkpt>
      <trkpt lat="50.782979999999995" lon="15.716607"><ele>853.41</ele></trkpt>
      <trkpt lat="50.782534" lon="15.716292999999999"><ele>856.36</ele></trkpt>
      <trkpt lat="50.781949999999995" lon="15.715667999999999"><ele>860.67</ele></trkpt>
      <trkpt lat="50.781867999999996" lon="15.715518999999999"><ele>861.39</ele></trkpt>
      <trkpt lat="50.781749999999995" lon="15.715148999999998"><ele>862.89</ele></trkpt>
      <trkpt lat="50.781678" lon="15.714822999999999"><ele>864.1</ele></trkpt>
      <trkpt lat="50.781557" lon="15.714345999999999"><ele>865.94</ele></trkpt>
      <trkpt lat="50.781495" lon="15.714008999999999"><ele>867.24</ele></trkpt>
      <trkpt lat="50.781225" lon="15.713182"><ele>871.56</ele></trkpt>
      <trkpt lat="50.781042" lon="15.71248"><ele>876.05</ele></trkpt>
      <trkpt lat="50.780763" lon="15.711538"><ele>879.14</ele></trkpt>
      <trkpt lat="50.780657999999995" lon="15.711108999999999"><ele>881.07</ele></trkpt>
      <trkpt lat="50.779826" lon="15.708533999999998"><ele>897</ele></trkpt>
      <trkpt lat="50.779520999999995" lon="15.707633"><ele>898.09</ele></trkpt>
      <trkpt lat="50.779247999999995" lon="15.706615999999999"><ele>899.93</ele></trkpt>
      <trkpt lat="50.778862" lon="15.706107"><ele>901.16</ele></trkpt>
      <trkpt lat="50.778219" lon="15.705649999999999"><ele>902.63</ele></trkpt>
      <trkpt lat="50.77758" lon="15.705475"><ele>905.87</ele></trkpt>
      <trkpt lat="50.777446" lon="15.705452999999999"><ele>906.93</ele></trkpt>
      <trkpt lat="50.777319" lon="15.705454999999999"><ele>907.83</ele></trkpt>
      <trkpt lat="50.777204" lon="15.705492"><ele>908.59</ele></trkpt>
      <trkpt lat="50.777107" lon="15.705559999999998"><ele>909.3</ele></trkpt>
      <trkpt lat="50.776996999999994" lon="15.705648"><ele>910.12</ele></trkpt>
      <trkpt lat="50.776897" lon="15.705755"><ele>911.02</ele></trkpt>
      <trkpt lat="50.776773" lon="15.705860999999999"><ele>912.11</ele></trkpt>
      <trkpt lat="50.776661999999995" lon="15.705917999999999"><ele>912.84</ele></trkpt>
      <trkpt lat="50.776533" lon="15.705962999999999"><ele>913.37</ele></trkpt>
      <trkpt lat="50.776409" lon="15.705969999999999"><ele>913.94</ele></trkpt>
      <trkpt lat="50.776326999999995" lon="15.705962"><ele>914.37</ele></trkpt>
      <trkpt lat="50.776196999999996" lon="15.705893"><ele>914.81</ele></trkpt>
      <trkpt lat="50.776070999999995" lon="15.705781"><ele>915.14</ele></trkpt>
      <trkpt lat="50.77599" lon="15.705682"><ele>915.27</ele></trkpt>
      <trkpt lat="50.775931" lon="15.705592999999999"><ele>915.5</ele></trkpt>
      <trkpt lat="50.775895999999996" lon="15.705489"><ele>915.8</ele></trkpt>
      <trkpt lat="50.775895999999996" lon="15.705489"><ele>915.8</ele></trkpt>
      <trkpt lat="50.775895999999996" lon="15.705489"><ele>915.8</ele></trkpt>
      <trkpt lat="50.775895999999996" lon="15.705489"><ele>915.8</ele></trkpt>
      <trkpt lat="50.775870999999995" lon="15.705299"><ele>916.39</ele></trkpt>
      <trkpt lat="50.775788" lon="15.703648"><ele>921.83</ele></trkpt>
      <trkpt lat="50.775783999999994" lon="15.703482999999999"><ele>922.45</ele></trkpt>
      <trkpt lat="50.775804" lon="15.703208"><ele>922.98</ele></trkpt>
      <trkpt lat="50.775839" lon="15.703005"><ele>923.48</ele></trkpt>
      <trkpt lat="50.775904" lon="15.702548"><ele>925.14</ele></trkpt>
      <trkpt lat="50.776176" lon="15.701426"><ele>929.32</ele></trkpt>
      <trkpt lat="50.776328" lon="15.700982999999999"><ele>931.1</ele></trkpt>
      <trkpt lat="50.776495" lon="15.700581999999999"><ele>933.6</ele></trkpt>
      <trkpt lat="50.776495" lon="15.700581999999999"><ele>933.6</ele></trkpt>
      <trkpt lat="50.776838" lon="15.699752"><ele>936.1</ele></trkpt>
      <trkpt lat="50.77701" lon="15.699309999999999"><ele>938.01</ele></trkpt>
      <trkpt lat="50.777336999999996" lon="15.698412"><ele>942.11</ele></trkpt>
      <trkpt lat="50.777345" lon="15.698381"><ele>942.71</ele></trkpt>
      <trkpt lat="50.777404999999995" lon="15.698138"><ele>943.31</ele></trkpt>
      <trkpt lat="50.777586" lon="15.697581"><ele>945.75</ele></trkpt>
      <trkpt lat="50.777659" lon="15.697273"><ele>946.98</ele></trkpt>
      <trkpt lat="50.777665999999996" lon="15.697113"><ele>947.56</ele></trkpt>
      <trkpt lat="50.777659" lon="15.696957999999999"><ele>948.13</ele></trkpt>
      <trkpt lat="50.777597" lon="15.69632"><ele>949.85</ele></trkpt>
      <trkpt lat="50.77759" lon="15.696073"><ele>949.41</ele></trkpt>
      <trkpt lat="50.777592999999996" lon="15.696045"><ele>949.19</ele></trkpt>
      <trkpt lat="50.777592999999996" lon="15.696045"><ele>949.19</ele></trkpt>
      <trkpt lat="50.777632" lon="15.695644999999999"><ele>948.44</ele></trkpt>
      <trkpt lat="50.777674" lon="15.695421999999999"><ele>947.41</ele></trkpt>
      <trkpt lat="50.777826" lon="15.694837999999999"><ele>943.43</ele></trkpt>
      <trkpt lat="50.777857999999995" lon="15.694688999999999"><ele>940.17</ele></trkpt>
      <trkpt lat="50.777826" lon="15.694837999999999"><ele>943.43</ele></trkpt>
      <trkpt lat="50.778026999999994" lon="15.693909999999999"><ele>936.91</ele></trkpt>
      <trkpt lat="50.778239" lon="15.693090999999999"><ele>931.05</ele></trkpt>
      <trkpt lat="50.778324999999995" lon="15.692551"><ele>927.45</ele></trkpt>
      <trkpt lat="50.778299999999994" lon="15.692231"><ele>925.6</ele></trkpt>
      <trkpt lat="50.778296999999995" lon="15.691605"><ele>920.88</ele></trkpt>
      <trkpt lat="50.778258" lon="15.691103"><ele>917.72</ele></trkpt>
      <trkpt lat="50.778192999999995" lon="15.690714"><ele>914.91</ele></trkpt>
      <trkpt lat="50.778099" lon="15.690335"><ele>912.11</ele></trkpt>
      <trkpt lat="50.778016" lon="15.689573999999999"><ele>906.64</ele></trkpt>
      <trkpt lat="50.777922" lon="15.689278999999999"><ele>904.49</ele></trkpt>
      <trkpt lat="50.777891" lon="15.689062999999999"><ele>903.07</ele></trkpt>
      <trkpt lat="50.777888999999995" lon="15.688934"><ele>902.27</ele></trkpt>
      <trkpt lat="50.777910999999996" lon="15.688759"><ele>901.16</ele></trkpt>
      <trkpt lat="50.777977" lon="15.688578"><ele>899.88</ele></trkpt>
      <trkpt lat="50.778154" lon="15.688203"><ele>896.9</ele></trkpt>
      <trkpt lat="50.778602" lon="15.687346"><ele>889.39</ele></trkpt>
      <trkpt lat="50.778726" lon="15.686921"><ele>886.18</ele></trkpt>
      <trkpt lat="50.778769999999994" lon="15.686682999999999"><ele>884.49</ele></trkpt>
      <trkpt lat="50.778838" lon="15.685984999999999"><ele>879.7</ele></trkpt>
      <trkpt lat="50.778949" lon="15.684571"><ele>869.69</ele></trkpt>
      <trkpt lat="50.778951" lon="15.684313999999999"><ele>868.5</ele></trkpt>
      <trkpt lat="50.778881" lon="15.683598"><ele>865.31</ele></trkpt>
      <trkpt lat="50.778907" lon="15.683339"><ele>864.36</ele></trkpt>
      <trkpt lat="50.778954" lon="15.68325"><ele>863.71</ele></trkpt>
      <trkpt lat="50.778949999999995" lon="15.683140999999999"><ele>864.64</ele></trkpt>
      <trkpt lat="50.779069" lon="15.682787"><ele>865.09</ele></trkpt>
      <trkpt lat="50.779118999999994" lon="15.682563"><ele>865.61</ele></trkpt>
      <trkpt lat="50.779157" lon="15.682108999999999"><ele>867.26</ele></trkpt>
      <trkpt lat="50.779198" lon="15.681448999999999"><ele>869.96</ele></trkpt>
      <trkpt lat="50.779198" lon="15.68117"><ele>871.43</ele></trkpt>
      <trkpt lat="50.779151999999996" lon="15.680881"><ele>872.99</ele></trkpt>
      <trkpt lat="50.779132999999995" lon="15.680632999999998"><ele>874.32</ele></trkpt>
      <trkpt lat="50.779196999999996" lon="15.679965999999999"><ele>878.26</ele></trkpt>
      <trkpt lat="50.779213" lon="15.679447999999999"><ele>881.25</ele></trkpt>
      <trkpt lat="50.779227999999996" lon="15.678566"><ele>885.95</ele></trkpt>
      <trkpt lat="50.779275" lon="15.677121"><ele>891.58</ele></trkpt>
      <trkpt lat="50.779281999999995" lon="15.676777"><ele>892.69</ele></trkpt>
      <trkpt lat="50.779267" lon="15.676421"><ele>893.84</ele></trkpt>
      <trkpt lat="50.779222" lon="15.675873"><ele>895.63</ele></trkpt>
      <trkpt lat="50.77914" lon="15.675263"><ele>897.81</ele></trkpt>
      <trkpt lat="50.779036" lon="15.674648999999999"><ele>900.13</ele></trkpt>
      <trkpt lat="50.778949999999995" lon="15.674201"><ele>901.82</ele></trkpt>
      <trkpt lat="50.77885" lon="15.67376"><ele>903.63</ele></trkpt>
      <trkpt lat="50.778741" lon="15.673356"><ele>905.35</ele></trkpt>
      <trkpt lat="50.778451999999994" lon="15.672730999999999"><ele>908.61</ele></trkpt>
      <trkpt lat="50.778411" lon="15.672680999999999"><ele>909.05</ele></trkpt>
      <trkpt lat="50.778309" lon="15.672552999999999"><ele>909.48</ele></trkpt>
      <trkpt lat="50.778177" lon="15.672428"><ele>910.17</ele></trkpt>
      <trkpt lat="50.778123" lon="15.672393999999999"><ele>910.48</ele></trkpt>
      <trkpt lat="50.778053" lon="15.672374999999999"><ele>910.87</ele></trkpt>
      <trkpt lat="50.777930999999995" lon="15.67239"><ele>911.57</ele></trkpt>
      <trkpt lat="50.777809" lon="15.672422"><ele>912.25</ele></trkpt>
      <trkpt lat="50.777068" lon="15.672782"><ele>916.99</ele></trkpt>
      <trkpt lat="50.776889999999995" lon="15.672892999999998"><ele>918.42</ele></trkpt>
      <trkpt lat="50.776889999999995" lon="15.672892999999998"><ele>918.42</ele></trkpt>
      <trkpt lat="50.776826" lon="15.672932999999999"><ele>919.85</ele></trkpt>
      <trkpt lat="50.776734999999995" lon="15.673024"><ele>921.62</ele></trkpt>
      <trkpt lat="50.776599" lon="15.673202999999999"><ele>924.74</ele></trkpt>
      <trkpt lat="50.77652" lon="15.673257"><ele>926.16</ele></trkpt>
      <trkpt lat="50.776474" lon="15.673221"><ele>926.31</ele></trkpt>
      <trkpt lat="50.776436" lon="15.67315"><ele>926.65</ele></trkpt>
      <trkpt lat="50.776427" lon="15.673084999999999"><ele>926.96</ele></trkpt>
      <trkpt lat="50.776430999999995" lon="15.672979999999999"><ele>927.04</ele></trkpt>
      <trkpt lat="50.776450999999994" lon="15.672787"><ele>926.27</ele></trkpt>
      <trkpt lat="50.776450999999994" lon="15.672787"><ele>926.27</ele></trkpt>
      <trkpt lat="50.776450999999994" lon="15.672787"><ele>926.27</ele></trkpt>
      <trkpt lat="50.776450999999994" lon="15.672787"><ele>926.27</ele></trkpt>
      <trkpt lat="50.776505" lon="15.672564999999999"><ele>924.74</ele></trkpt>
      <trkpt lat="50.776571" lon="15.672353"><ele>922.94</ele></trkpt>
      <trkpt lat="50.77672" lon="15.672061"><ele>920.97</ele></trkpt>
      <trkpt lat="50.776799" lon="15.67183"><ele>919.53</ele></trkpt>
      <trkpt lat="50.776861" lon="15.671529"><ele>917.79</ele></trkpt>
      <trkpt lat="50.776882" lon="15.671458999999999"><ele>916.92</ele></trkpt>
      <trkpt lat="50.776882" lon="15.671458999999999"><ele>916.92</ele></trkpt>
      <trkpt lat="50.776948999999995" lon="15.671237"><ele>916.05</ele></trkpt>
      <trkpt lat="50.777077999999996" lon="15.670904"><ele>914.29</ele></trkpt>
      <trkpt lat="50.77735" lon="15.670314"><ele>910.27</ele></trkpt>
      <trkpt lat="50.77747" lon="15.669967"><ele>908.72</ele></trkpt>
      <trkpt lat="50.777584" lon="15.66968"><ele>906.82</ele></trkpt>
      <trkpt lat="50.778369" lon="15.667985999999999"><ele>897.03</ele></trkpt>
      <trkpt lat="50.778475" lon="15.667869999999999"><ele>896.03</ele></trkpt>
      <trkpt lat="50.778645999999995" lon="15.667705999999999"><ele>894.45</ele></trkpt>
      <trkpt lat="50.779013" lon="15.667276"><ele>890.74</ele></trkpt>
      <trkpt lat="50.779574" lon="15.666459999999999"><ele>885.29</ele></trkpt>
      <trkpt lat="50.779728" lon="15.666260999999999"><ele>883.9</ele></trkpt>
      <trkpt lat="50.779928999999996" lon="15.666053999999999"><ele>882.05</ele></trkpt>
      <trkpt lat="50.780072" lon="15.665935999999999"><ele>880.79</ele></trkpt>
      <trkpt lat="50.780221" lon="15.665842999999999"><ele>879.44</ele></trkpt>
      <trkpt lat="50.780622" lon="15.665649"><ele>874.39</ele></trkpt>
      <trkpt lat="50.781005" lon="15.665265"><ele>870.11</ele></trkpt>
      <trkpt lat="50.781126" lon="15.665175999999999"><ele>868.83</ele></trkpt>
      <trkpt lat="50.781313" lon="15.665118"><ele>865.95</ele></trkpt>
      <trkpt lat="50.781313" lon="15.665118"><ele>865.95</ele></trkpt>
      <trkpt lat="50.781313" lon="15.665118"><ele>865.95</ele></trkpt>
      <trkpt lat="50.781313" lon="15.665118"><ele>865.95</ele></trkpt>
      <trkpt lat="50.781512" lon="15.665077"><ele>862.89</ele></trkpt>
      <trkpt lat="50.782025999999995" lon="15.665001"><ele>854.6</ele></trkpt>
      <trkpt lat="50.783547" lon="15.664705999999999"><ele>831.34</ele></trkpt>
      <trkpt lat="50.783905" lon="15.664665999999999"><ele>827.48</ele></trkpt>
      <trkpt lat="50.784167" lon="15.664672999999999"><ele>825.89</ele></trkpt>
      <trkpt lat="50.784330999999995" lon="15.664712"><ele>825.29</ele></trkpt>
      <trkpt lat="50.784484" lon="15.664765999999998"><ele>824.89</ele></trkpt>
      <trkpt lat="50.784802" lon="15.6649"><ele>821.85</ele></trkpt>
      <trkpt lat="50.785402" lon="15.665099999999999"><ele>814.83</ele></trkpt>
      <trkpt lat="50.785861" lon="15.665225999999999"><ele>809.22</ele></trkpt>
      <trkpt lat="50.788308" lon="15.66537"><ele>775.78</ele></trkpt>
      <trkpt lat="50.788827" lon="15.665417999999999"><ele>766.71</ele></trkpt>
      <trkpt lat="50.789006" lon="15.66542"><ele>763.81</ele></trkpt>
      <trkpt lat="50.789131999999995" lon="15.665474999999999"><ele>761.76</ele></trkpt>
      <trkpt lat="50.789307" lon="15.665600999999999"><ele>758.78</ele></trkpt>
      <trkpt lat="50.789908" lon="15.66616"><ele>748.2</ele></trkpt>
      <trkpt lat="50.790476999999996" lon="15.666613"><ele>738.44</ele></trkpt>
      <trkpt lat="50.790653" lon="15.666813999999999"><ele>735.22</ele></trkpt>
      <trkpt lat="50.790850999999996" lon="15.667065"><ele>731.77</ele></trkpt>
      <trkpt lat="50.791073999999995" lon="15.667266"><ele>728.67</ele></trkpt>
      <trkpt lat="50.791176" lon="15.667337"><ele>727.84</ele></trkpt>
      <trkpt lat="50.791297" lon="15.667383999999998"><ele>727.09</ele></trkpt>
      <trkpt lat="50.791419999999995" lon="15.667449999999999"><ele>726.38</ele></trkpt>
      <trkpt lat="50.791523" lon="15.667553"><ele>725.3</ele></trkpt>
      <trkpt lat="50.791654" lon="15.667708"><ele>723.43</ele></trkpt>
      <trkpt lat="50.79184" lon="15.667993"><ele>720.67</ele></trkpt>
      <trkpt lat="50.792057" lon="15.668287999999999"><ele>716.96</ele></trkpt>
      <trkpt lat="50.792189" lon="15.668391999999999"><ele>714.73</ele></trkpt>
      <trkpt lat="50.792358" lon="15.668484999999999"><ele>712.31</ele></trkpt>
      <trkpt lat="50.792466" lon="15.668514"><ele>711.13</ele></trkpt>
      <trkpt lat="50.792556999999995" lon="15.668474999999999"><ele>710.39</ele></trkpt>
      <trkpt lat="50.792556999999995" lon="15.668474999999999"><ele>710.39</ele></trkpt>
      <trkpt lat="50.792556999999995" lon="15.668474999999999"><ele>710.39</ele></trkpt>
      <trkpt lat="50.792556999999995" lon="15.668474999999999"><ele>710.39</ele></trkpt>
      <trkpt lat="50.792806" lon="15.668107"><ele>708.01</ele></trkpt>
      <trkpt lat="50.792879" lon="15.667981"><ele>707</ele></trkpt>
      <trkpt lat="50.792814" lon="15.667952"><ele>707.1</ele></trkpt>
      <trkpt lat="50.79267" lon="15.667850999999999"><ele>707.49</ele></trkpt>
      <trkpt lat="50.792469" lon="15.66762"><ele>709.48</ele></trkpt>
      <trkpt lat="50.792148" lon="15.667057"><ele>712.65</ele></trkpt>
      <trkpt lat="50.79094" lon="15.664990999999999"><ele>718.3</ele></trkpt>
      <trkpt lat="50.790749999999996" lon="15.664492"><ele>718.17</ele></trkpt>
      <trkpt lat="50.790735" lon="15.664304"><ele>717.14</ele></trkpt>
      <trkpt lat="50.790734" lon="15.664014"><ele>715.75</ele></trkpt>
      <trkpt lat="50.790769" lon="15.663748"><ele>714.05</ele></trkpt>
      <trkpt lat="50.790915999999996" lon="15.663257999999999"><ele>717.57</ele></trkpt>
      <trkpt lat="50.791492999999996" lon="15.662277999999999"><ele>723.07</ele></trkpt>
      <trkpt lat="50.792272" lon="15.660891"><ele>728.66</ele></trkpt>
      <trkpt lat="50.792403" lon="15.66068"><ele>729.95</ele></trkpt>
      <trkpt lat="50.792442" lon="15.660635"><ele>730.26</ele></trkpt>
      <trkpt lat="50.792572" lon="15.660345"><ele>731.75</ele></trkpt>
      <trkpt lat="50.792853" lon="15.659581"><ele>735.89</ele></trkpt>
      <trkpt lat="50.792981" lon="15.658930999999999"><ele>738.7</ele></trkpt>
      <trkpt lat="50.793042" lon="15.658209999999999"><ele>741.28</ele></trkpt>
      <trkpt lat="50.793124999999996" lon="15.656775999999999"><ele>745.38</ele></trkpt>
      <trkpt lat="50.793177" lon="15.656009"><ele>747.88</ele></trkpt>
      <trkpt lat="50.793186" lon="15.655171"><ele>751.44</ele></trkpt>
      <trkpt lat="50.793116999999995" lon="15.654492999999999"><ele>754.59</ele></trkpt>
      <trkpt lat="50.793057" lon="15.654174"><ele>756.14</ele></trkpt>
      <trkpt lat="50.792970999999994" lon="15.65383"><ele>757.84</ele></trkpt>
      <trkpt lat="50.792806" lon="15.653319"><ele>760.4</ele></trkpt>
      <trkpt lat="50.792632999999995" lon="15.652909"><ele>763.43</ele></trkpt>
      <trkpt lat="50.792457999999996" lon="15.652593999999999"><ele>765.97</ele></trkpt>
      <trkpt lat="50.791989" lon="15.651843"><ele>772.39</ele></trkpt>
      <trkpt lat="50.791829" lon="15.651603999999999"><ele>775.08</ele></trkpt>
      <trkpt lat="50.791514" lon="15.651048"><ele>777.64</ele></trkpt>
      <trkpt lat="50.791514" lon="15.651048"><ele>777.64</ele></trkpt>
      <trkpt lat="50.791514" lon="15.651048"><ele>777.64</ele></trkpt>
      <trkpt lat="50.791514" lon="15.651048"><ele>777.64</ele></trkpt>
      <trkpt lat="50.791422999999995" lon="15.651116"><ele>779.44</ele></trkpt>
      <trkpt lat="50.791422999999995" lon="15.651116"><ele>779.44</ele></trkpt>
      <trkpt lat="50.79137" lon="15.651155"><ele>781.23</ele></trkpt>
      <trkpt lat="50.791317" lon="15.651263"><ele>783.58</ele></trkpt>
      <trkpt lat="50.791129" lon="15.651321"><ele>787.69</ele></trkpt>
      <trkpt lat="50.790811999999995" lon="15.651584"><ele>795.85</ele></trkpt>
      <trkpt lat="50.790693999999995" lon="15.651634"><ele>798.35</ele></trkpt>
      <trkpt lat="50.790594" lon="15.651615"><ele>800.47</ele></trkpt>
      <trkpt lat="50.789851999999996" lon="15.651368"><ele>815.24</ele></trkpt>
      <trkpt lat="50.789628" lon="15.6512"><ele>819.64</ele></trkpt>
      <trkpt lat="50.789077" lon="15.65072"><ele>830.25</ele></trkpt>
      <trkpt lat="50.78872" lon="15.650383"><ele>837.2</ele></trkpt>
      <trkpt lat="50.788419999999995" lon="15.650058"><ele>843.18</ele></trkpt>
      <trkpt lat="50.787926" lon="15.649296999999999"><ele>854.12</ele></trkpt>
      <trkpt lat="50.786888" lon="15.647882"><ele>875.5</ele></trkpt>
      <trkpt lat="50.786584" lon="15.647435999999999"><ele>881.35</ele></trkpt>
      <trkpt lat="50.786355" lon="15.646999999999998"><ele>885.65</ele></trkpt>
      <trkpt lat="50.786066" lon="15.646405999999999"><ele>890.37</ele></trkpt>
      <trkpt lat="50.785751" lon="15.645914"><ele>894.22</ele></trkpt>
      <trkpt lat="50.785363" lon="15.645436"><ele>898.49</ele></trkpt>
      <trkpt lat="50.783715" lon="15.643334999999999"><ele>917.01</ele></trkpt>
      <trkpt lat="50.783342" lon="15.642750999999999"><ele>921.87</ele></trkpt>
      <trkpt lat="50.783035" lon="15.642197"><ele>926.3</ele></trkpt>
      <trkpt lat="50.782796" lon="15.641717"><ele>930</ele></trkpt>
      <trkpt lat="50.782298" lon="15.641262"><ele>934.99</ele></trkpt>
      <trkpt lat="50.782112" lon="15.641115999999998"><ele>936.73</ele></trkpt>
      <trkpt lat="50.782112" lon="15.641115999999998"><ele>936.73</ele></trkpt>
      <trkpt lat="50.781465999999995" lon="15.64081"><ele>942.32</ele></trkpt>
      <trkpt lat="50.781217999999996" lon="15.640678999999999"><ele>943.46</ele></trkpt>
      <trkpt lat="50.780891" lon="15.640696"><ele>946.18</ele></trkpt>
      <trkpt lat="50.780277" lon="15.640789"><ele>951.3</ele></trkpt>
      <trkpt lat="50.780072999999994" lon="15.640837999999999"><ele>953.02</ele></trkpt>
      <trkpt lat="50.779593999999996" lon="15.640858999999999"><ele>956.75</ele></trkpt>
      <trkpt lat="50.779162" lon="15.64083"><ele>960.07</ele></trkpt>
      <trkpt lat="50.778791999999996" lon="15.640751999999999"><ele>962.8</ele></trkpt>
      <trkpt lat="50.778535999999995" lon="15.640766999999999"><ele>964.55</ele></trkpt>
      <trkpt lat="50.777984" lon="15.640763"><ele>968.39</ele></trkpt>
      <trkpt lat="50.776579999999996" lon="15.640915999999999"><ele>979.09</ele></trkpt>
      <trkpt lat="50.776035" lon="15.640925"><ele>983.65</ele></trkpt>
      <trkpt lat="50.775782" lon="15.640894"><ele>985.73</ele></trkpt>
      <trkpt lat="50.775549" lon="15.64082"><ele>987.81</ele></trkpt>
      <trkpt lat="50.775000999999996" lon="15.640621"><ele>993.16</ele></trkpt>
      <trkpt lat="50.774871" lon="15.640545999999999"><ele>994.51</ele></trkpt>
      <trkpt lat="50.774733" lon="15.640419"><ele>996.12</ele></trkpt>
      <trkpt lat="50.77411" lon="15.639707999999999"><ele>1004.4</ele></trkpt>
      <trkpt lat="50.773861" lon="15.639457"><ele>1007.87</ele></trkpt>
      <trkpt lat="50.772923999999996" lon="15.638639999999999"><ele>1023.61</ele></trkpt>
      <trkpt lat="50.771817" lon="15.63773"><ele>1045.08</ele></trkpt>
      <trkpt lat="50.771504" lon="15.63749"><ele>1051.41</ele></trkpt>
      <trkpt lat="50.771193" lon="15.637300999999999"><ele>1057.59</ele></trkpt>
      <trkpt lat="50.770821" lon="15.637134"><ele>1064.63</ele></trkpt>
      <trkpt lat="50.770528999999996" lon="15.637025999999999"><ele>1069.81</ele></trkpt>
      <trkpt lat="50.769977999999995" lon="15.636890999999999"><ele>1078.61</ele></trkpt>
      <trkpt lat="50.769560999999996" lon="15.636747999999999"><ele>1084.78</ele></trkpt>
      <trkpt lat="50.769258" lon="15.636681999999999"><ele>1089.77</ele></trkpt>
      <trkpt lat="50.768943" lon="15.636588"><ele>1095.98</ele></trkpt>
      <trkpt lat="50.768608" lon="15.636522999999999"><ele>1102.03</ele></trkpt>
      <trkpt lat="50.768437" lon="15.636519"><ele>1105.11</ele></trkpt>
      <trkpt lat="50.767807999999995" lon="15.636275999999999"><ele>1116.2</ele></trkpt>
      <trkpt lat="50.767443" lon="15.636121"><ele>1122.84</ele></trkpt>
      <trkpt lat="50.766667999999996" lon="15.635629"><ele>1138.7</ele></trkpt>
      <trkpt lat="50.766227" lon="15.635399"><ele>1148.44</ele></trkpt>
      <trkpt lat="50.76585" lon="15.635318999999999"><ele>1156.56</ele></trkpt>
      <trkpt lat="50.764858999999994" lon="15.63505"><ele>1178.03</ele></trkpt>
      <trkpt lat="50.764002999999995" lon="15.634532"><ele>1189.64</ele></trkpt>
      <trkpt lat="50.763856999999994" lon="15.634504999999999"><ele>1191.18</ele></trkpt>
      <trkpt lat="50.763614" lon="15.634530999999999"><ele>1193.43</ele></trkpt>
      <trkpt lat="50.763126" lon="15.634618"><ele>1196.93</ele></trkpt>
      <trkpt lat="50.763064" lon="15.634608"><ele>1197.25</ele></trkpt>
      <trkpt lat="50.763025999999996" lon="15.634589"><ele>1197.42</ele></trkpt>
      <trkpt lat="50.762938999999996" lon="15.63448"><ele>1197.5</ele></trkpt>
      <trkpt lat="50.762885" lon="15.634367999999998"><ele>1197.45</ele></trkpt>
      <trkpt lat="50.762812999999994" lon="15.634162"><ele>1197.09</ele></trkpt>
      <trkpt lat="50.762753" lon="15.633932999999999"><ele>1196.92</ele></trkpt>
      <trkpt lat="50.762668999999995" lon="15.633871"><ele>1196.61</ele></trkpt>
      <trkpt lat="50.762609999999995" lon="15.633828"><ele>1196.4</ele></trkpt>
      <trkpt lat="50.7621" lon="15.633469"><ele>1193.2</ele></trkpt>
      <trkpt lat="50.761872999999994" lon="15.633246"><ele>1191.18</ele></trkpt>
      <trkpt lat="50.761323" lon="15.632392999999999"><ele>1185.38</ele></trkpt>
      <trkpt lat="50.760565" lon="15.631155999999999"><ele>1178.08</ele></trkpt>
      <trkpt lat="50.760405" lon="15.630823999999999"><ele>1176.52</ele></trkpt>
      <trkpt lat="50.760301" lon="15.630483"><ele>1175.12</ele></trkpt>
      <trkpt lat="50.760092" lon="15.629551"><ele>1171.38</ele></trkpt>
      <trkpt lat="50.760056999999996" lon="15.629475"><ele>1170.71</ele></trkpt>
      <trkpt lat="50.759989999999995" lon="15.629406"><ele>1169.84</ele></trkpt>
      <trkpt lat="50.759930999999995" lon="15.629366"><ele>1169.25</ele></trkpt>
      <trkpt lat="50.759930999999995" lon="15.629366"><ele>1169.25</ele></trkpt>
      <trkpt lat="50.759930999999995" lon="15.629366"><ele>1169.25</ele></trkpt>
      <trkpt lat="50.759930999999995" lon="15.629366"><ele>1169.25</ele></trkpt>
      <trkpt lat="50.759833" lon="15.629335"><ele>1168.22</ele></trkpt>
      <trkpt lat="50.759833" lon="15.629335"><ele>1168.22</ele></trkpt>
      <trkpt lat="50.75976" lon="15.629328999999998"><ele>1167.47</ele></trkpt>
      <trkpt lat="50.759668" lon="15.629347999999998"><ele>1166.56</ele></trkpt>
      <trkpt lat="50.759538" lon="15.629434999999999"><ele>1165.04</ele></trkpt>
      <trkpt lat="50.759474999999995" lon="15.629508"><ele>1164.56</ele></trkpt>
      <trkpt lat="50.759381" lon="15.629762999999999"><ele>1163.48</ele></trkpt>
      <trkpt lat="50.759277999999995" lon="15.630141"><ele>1161.93</ele></trkpt>
      <trkpt lat="50.759167" lon="15.63074"><ele>1160.01</ele></trkpt>
      <trkpt lat="50.759079" lon="15.631291999999998"><ele>1156.74</ele></trkpt>
      <trkpt lat="50.758815" lon="15.633339"><ele>1147.78</ele></trkpt>
      <trkpt lat="50.758776999999995" lon="15.633548"><ele>1146.85</ele></trkpt>
      <trkpt lat="50.758641" lon="15.633913"><ele>1145.19</ele></trkpt>
      <trkpt lat="50.758466" lon="15.634233"><ele>1143.75</ele></trkpt>
      <trkpt lat="50.758375" lon="15.634367999999998"><ele>1143</ele></trkpt>
      <trkpt lat="50.758277" lon="15.634478999999999"><ele>1142.13</ele></trkpt>
      <trkpt lat="50.757614" lon="15.635333999999999"><ele>1136.07</ele></trkpt>
      <trkpt lat="50.757221" lon="15.635824"><ele>1133.87</ele></trkpt>
      <trkpt lat="50.757017999999995" lon="15.63623"><ele>1132.61</ele></trkpt>
      <trkpt lat="50.756890999999996" lon="15.636545"><ele>1131.69</ele></trkpt>
      <trkpt lat="50.756713999999995" lon="15.636854999999999"><ele>1130.31</ele></trkpt>
      <trkpt lat="50.756648" lon="15.636918"><ele>1129.66</ele></trkpt>
      <trkpt lat="50.756584" lon="15.636958"><ele>1129.01</ele></trkpt>
      <trkpt lat="50.756524999999996" lon="15.636954999999999"><ele>1128.51</ele></trkpt>
      <trkpt lat="50.756403" lon="15.636909"><ele>1127.6</ele></trkpt>
      <trkpt lat="50.756403" lon="15.636909"><ele>1127.6</ele></trkpt>
      <trkpt lat="50.756403" lon="15.636909"><ele>1127.6</ele></trkpt>
      <trkpt lat="50.756403" lon="15.636909"><ele>1127.6</ele></trkpt>
      <trkpt lat="50.756403" lon="15.636909"><ele>1127.6</ele></trkpt>
      <trkpt lat="50.756332" lon="15.636821999999999"><ele>1126.95</ele></trkpt>
      <trkpt lat="50.756308" lon="15.636743"><ele>1126.55</ele></trkpt>
      <trkpt lat="50.756282999999996" lon="15.636591999999998"><ele>1125.83</ele></trkpt>
      <trkpt lat="50.756305" lon="15.636425"><ele>1124.97</ele></trkpt>
      <trkpt lat="50.756378" lon="15.636268"><ele>1123.79</ele></trkpt>
      <trkpt lat="50.756526" lon="15.636047"><ele>1122.35</ele></trkpt>
      <trkpt lat="50.75665" lon="15.635762999999999"><ele>1121.77</ele></trkpt>
      <trkpt lat="50.756771" lon="15.635428"><ele>1120.04</ele></trkpt>
      <trkpt lat="50.756864" lon="15.634946"><ele>1118.03</ele></trkpt>
      <trkpt lat="50.756927999999995" lon="15.634514999999999"><ele>1116.23</ele></trkpt>
      <trkpt lat="50.756961999999994" lon="15.634229999999999"><ele>1115.1</ele></trkpt>
      <trkpt lat="50.756972" lon="15.633999999999999"><ele>1114.21</ele></trkpt>
      <trkpt lat="50.756949999999996" lon="15.633522"><ele>1112.34</ele></trkpt>
      <trkpt lat="50.75693" lon="15.633298"><ele>1111.5</ele></trkpt>
      <trkpt lat="50.756836" lon="15.632829"><ele>1109.58</ele></trkpt>
      <trkpt lat="50.756764" lon="15.632553"><ele>1108.49</ele></trkpt>
      <trkpt lat="50.756681" lon="15.632334"><ele>1107.5</ele></trkpt>
      <trkpt lat="50.756589" lon="15.632142"><ele>1106.49</ele></trkpt>
      <trkpt lat="50.756491999999994" lon="15.631972999999999"><ele>1105.5</ele></trkpt>
      <trkpt lat="50.756274999999995" lon="15.631708"><ele>1103.56</ele></trkpt>
      <trkpt lat="50.755804" lon="15.631267"><ele>1099.44</ele></trkpt>
      <trkpt lat="50.755635999999996" lon="15.631034"><ele>1097.72</ele></trkpt>
      <trkpt lat="50.755499" lon="15.630816999999999"><ele>1096.24</ele></trkpt>
      <trkpt lat="50.755254" lon="15.630343"><ele>1093.58</ele></trkpt>
      <trkpt lat="50.755168999999995" lon="15.630137999999999"><ele>1092.52</ele></trkpt>
      <trkpt lat="50.755111" lon="15.62995"><ele>1091.51</ele></trkpt>
      <trkpt lat="50.755010999999996" lon="15.629463"><ele>1089.3</ele></trkpt>
      <trkpt lat="50.754977999999994" lon="15.629102"><ele>1087.36</ele></trkpt>
      <trkpt lat="50.75497" lon="15.628900999999999"><ele>1086.37</ele></trkpt>
      <trkpt lat="50.754985999999995" lon="15.628667"><ele>1085.24</ele></trkpt>
      <trkpt lat="50.75503" lon="15.628376"><ele>1083.82</ele></trkpt>
      <trkpt lat="50.755098999999994" lon="15.628157"><ele>1082.68</ele></trkpt>
      <trkpt lat="50.755627" lon="15.626869"><ele>1076.05</ele></trkpt>
      <trkpt lat="50.755797" lon="15.626408"><ele>1073.81</ele></trkpt>
      <trkpt lat="50.755939" lon="15.626071999999999"><ele>1072.07</ele></trkpt>
      <trkpt lat="50.756512" lon="15.624792"><ele>1065.37</ele></trkpt>
      <trkpt lat="50.757283" lon="15.622713"><ele>1055.64</ele></trkpt>
      <trkpt lat="50.757424" lon="15.622197"><ele>1053.42</ele></trkpt>
      <trkpt lat="50.757518" lon="15.621666999999999"><ele>1051.1</ele></trkpt>
      <trkpt lat="50.757573" lon="15.621236999999999"><ele>1049.15</ele></trkpt>
      <trkpt lat="50.75765" lon="15.62019"><ele>1044.29</ele></trkpt>
      <trkpt lat="50.757697" lon="15.619364"><ele>1040.88</ele></trkpt>
      <trkpt lat="50.757726" lon="15.619083999999999"><ele>1039.88</ele></trkpt>
      <trkpt lat="50.757767" lon="15.618872999999999"><ele>1039.04</ele></trkpt>
      <trkpt lat="50.757861999999996" lon="15.618475"><ele>1037.96</ele></trkpt>
      <trkpt lat="50.757917" lon="15.618316"><ele>1037.53</ele></trkpt>
      <trkpt lat="50.757939" lon="15.618184"><ele>1037.02</ele></trkpt>
      <trkpt lat="50.757936" lon="15.618075"><ele>1036.29</ele></trkpt>
      <trkpt lat="50.757936" lon="15.618075"><ele>1036.29</ele></trkpt>
      <trkpt lat="50.757936" lon="15.618075"><ele>1036.29</ele></trkpt>
      <trkpt lat="50.757936" lon="15.618075"><ele>1036.29</ele></trkpt>
      <trkpt lat="50.757936" lon="15.618075"><ele>1036.29</ele></trkpt>
      <trkpt lat="50.7579" lon="15.617987999999999"><ele>1035.03</ele></trkpt>
      <trkpt lat="50.757861999999996" lon="15.617947"><ele>1034.09</ele></trkpt>
      <trkpt lat="50.757799" lon="15.617930999999999"><ele>1032.92</ele></trkpt>
      <trkpt lat="50.757729999999995" lon="15.617941"><ele>1032.05</ele></trkpt>
      <trkpt lat="50.757673999999994" lon="15.617992999999998"><ele>1031.63</ele></trkpt>
      <trkpt lat="50.757470999999995" lon="15.618414999999999"><ele>1030.03</ele></trkpt>
      <trkpt lat="50.757096" lon="15.619244"><ele>1026.37</ele></trkpt>
      <trkpt lat="50.756792999999995" lon="15.619885"><ele>1023.4</ele></trkpt>
      <trkpt lat="50.756052" lon="15.621851999999999"><ele>1015.56</ele></trkpt>
      <trkpt lat="50.755987999999995" lon="15.621977"><ele>1014.97</ele></trkpt>
      <trkpt lat="50.755922999999996" lon="15.622071"><ele>1014.47</ele></trkpt>
      <trkpt lat="50.755798999999996" lon="15.622166"><ele>1013.68</ele></trkpt>
      <trkpt lat="50.755564" lon="15.622285999999999"><ele>1012.34</ele></trkpt>
      <trkpt lat="50.75525" lon="15.622466999999999"><ele>1010.46</ele></trkpt>
      <trkpt lat="50.754939" lon="15.622665999999999"><ele>1008.54</ele></trkpt>
      <trkpt lat="50.753752999999996" lon="15.623482"><ele>1000.63</ele></trkpt>
      <trkpt lat="50.753429" lon="15.623728999999999"><ele>998.46</ele></trkpt>
      <trkpt lat="50.753259" lon="15.623883"><ele>997.27</ele></trkpt>
      <trkpt lat="50.752863" lon="15.624331999999999"><ele>994.39</ele></trkpt>
      <trkpt lat="50.752700999999995" lon="15.624543"><ele>993.21</ele></trkpt>
      <trkpt lat="50.752592" lon="15.624735"><ele>992.31</ele></trkpt>
      <trkpt lat="50.752474" lon="15.624972999999999"><ele>991.24</ele></trkpt>
      <trkpt lat="50.752390999999996" lon="15.625172999999998"><ele>990.45</ele></trkpt>
      <trkpt lat="50.752294" lon="15.625461"><ele>989.57</ele></trkpt>
      <trkpt lat="50.752246" lon="15.625674"><ele>988.91</ele></trkpt>
      <trkpt lat="50.752176" lon="15.626178"><ele>987.62</ele></trkpt>
      <trkpt lat="50.752147" lon="15.62632"><ele>987.48</ele></trkpt>
      <trkpt lat="50.752125" lon="15.626396999999999"><ele>987.41</ele></trkpt>
      <trkpt lat="50.752067999999994" lon="15.626446"><ele>986.78</ele></trkpt>
      <trkpt lat="50.752021" lon="15.626456"><ele>985.79</ele></trkpt>
      <trkpt lat="50.75196" lon="15.626432"><ele>984.31</ele></trkpt>
      <trkpt lat="50.75196" lon="15.626432"><ele>984.31</ele></trkpt>
      <trkpt lat="50.75196" lon="15.626432"><ele>984.31</ele></trkpt>
      <trkpt lat="50.75196" lon="15.626432"><ele>984.31</ele></trkpt>
      <trkpt lat="50.75196" lon="15.626432"><ele>984.31</ele></trkpt>
      <trkpt lat="50.751906" lon="15.626354"><ele>983</ele></trkpt>
      <trkpt lat="50.751891" lon="15.626227"><ele>982.21</ele></trkpt>
      <trkpt lat="50.751889" lon="15.626123999999999"><ele>981.75</ele></trkpt>
      <trkpt lat="50.751888" lon="15.625779"><ele>980.6</ele></trkpt>
      <trkpt lat="50.751923" lon="15.62492"><ele>977.56</ele></trkpt>
      <trkpt lat="50.751939" lon="15.624134999999999"><ele>974.55</ele></trkpt>
      <trkpt lat="50.751987" lon="15.623496"><ele>971.77</ele></trkpt>
      <trkpt lat="50.752010999999996" lon="15.623301"><ele>971.01</ele></trkpt>
      <trkpt lat="50.752047999999995" lon="15.623109"><ele>970.23</ele></trkpt>
      <trkpt lat="50.752117" lon="15.622838"><ele>969.02</ele></trkpt>
      <trkpt lat="50.752261999999995" lon="15.622377"><ele>967.47</ele></trkpt>
      <trkpt lat="50.752353" lon="15.622133999999999"><ele>966.3</ele></trkpt>
      <trkpt lat="50.752508999999996" lon="15.621768"><ele>964.38</ele></trkpt>
      <trkpt lat="50.752689" lon="15.621493999999998"><ele>962.73</ele></trkpt>
      <trkpt lat="50.753017" lon="15.620961999999999"><ele>959.9</ele></trkpt>
      <trkpt lat="50.753282999999996" lon="15.620654"><ele>957.89</ele></trkpt>
      <trkpt lat="50.753502" lon="15.620298"><ele>955.83</ele></trkpt>
      <trkpt lat="50.753606999999995" lon="15.620092999999999"><ele>954.65</ele></trkpt>
      <trkpt lat="50.753707" lon="15.61993"><ele>953.84</ele></trkpt>
      <trkpt lat="50.753879" lon="15.619579"><ele>952.23</ele></trkpt>
      <trkpt lat="50.753907999999996" lon="15.619430999999999"><ele>951.7</ele></trkpt>
      <trkpt lat="50.753941" lon="15.619136"><ele>950.63</ele></trkpt>
      <trkpt lat="50.753927999999995" lon="15.618794999999999"><ele>949.31</ele></trkpt>
      <trkpt lat="50.753902" lon="15.618464"><ele>948.2</ele></trkpt>
      <trkpt lat="50.753662999999996" lon="15.616975"><ele>942.96</ele></trkpt>
      <trkpt lat="50.753648999999996" lon="15.616586"><ele>941.38</ele></trkpt>
      <trkpt lat="50.753676999999996" lon="15.616342"><ele>940.16</ele></trkpt>
      <trkpt lat="50.753713" lon="15.616136"><ele>939.28</ele></trkpt>
      <trkpt lat="50.753806" lon="15.615827"><ele>937.7</ele></trkpt>
      <trkpt lat="50.753972999999995" lon="15.615475"><ele>936.05</ele></trkpt>
      <trkpt lat="50.754121" lon="15.615200999999999"><ele>934.63</ele></trkpt>
      <trkpt lat="50.75422" lon="15.615039999999999"><ele>933.75</ele></trkpt>
      <trkpt lat="50.754373" lon="15.614853"><ele>932.59</ele></trkpt>
      <trkpt lat="50.754487" lon="15.614759999999999"><ele>931.99</ele></trkpt>
      <trkpt lat="50.754672" lon="15.614635"><ele>930.96</ele></trkpt>
      <trkpt lat="50.754877" lon="15.614555"><ele>929.78</ele></trkpt>
      <trkpt lat="50.75533" lon="15.614336999999999"><ele>927.3</ele></trkpt>
      <trkpt lat="50.755516" lon="15.614165999999999"><ele>925.59</ele></trkpt>
      <trkpt lat="50.755562999999995" lon="15.614080999999999"><ele>925.19</ele></trkpt>
      <trkpt lat="50.755575" lon="15.613971999999999"><ele>924.78</ele></trkpt>
      <trkpt lat="50.755575" lon="15.613826"><ele>924.58</ele></trkpt>
      <trkpt lat="50.755575" lon="15.613826"><ele>924.58</ele></trkpt>
      <trkpt lat="50.755575" lon="15.613826"><ele>924.58</ele></trkpt>
      <trkpt lat="50.755575" lon="15.613826"><ele>924.58</ele></trkpt>
      <trkpt lat="50.755575" lon="15.613826"><ele>924.58</ele></trkpt>
      <trkpt lat="50.755545" lon="15.613736999999999"><ele>924.9</ele></trkpt>
      <trkpt lat="50.755506" lon="15.613679999999999"><ele>924.94</ele></trkpt>
      <trkpt lat="50.755429" lon="15.61362"><ele>924.74</ele></trkpt>
      <trkpt lat="50.755078999999995" lon="15.613567999999999"><ele>922.72</ele></trkpt>
      <trkpt lat="50.754813999999996" lon="15.613446"><ele>920.96</ele></trkpt>
      <trkpt lat="50.754517" lon="15.613242999999999"><ele>918.69</ele></trkpt>
      <trkpt lat="50.754241" lon="15.613012"><ele>916.51</ele></trkpt>
      <trkpt lat="50.754084999999996" lon="15.612839999999998"><ele>915.2</ele></trkpt>
      <trkpt lat="50.753972999999995" lon="15.612663999999999"><ele>914.08</ele></trkpt>
      <trkpt lat="50.753898" lon="15.612527"><ele>913.28</ele></trkpt>
      <trkpt lat="50.753837999999995" lon="15.612319999999999"><ele>912.3</ele></trkpt>
      <trkpt lat="50.753797999999996" lon="15.611742999999999"><ele>910.02</ele></trkpt>
      <trkpt lat="50.753822" lon="15.611398"><ele>908.61</ele></trkpt>
      <trkpt lat="50.753893999999995" lon="15.610750999999999"><ele>905.92</ele></trkpt>
      <trkpt lat="50.753904999999996" lon="15.610448"><ele>904.72</ele></trkpt>
      <trkpt lat="50.753882" lon="15.610171"><ele>903.05</ele></trkpt>
      <trkpt lat="50.753868" lon="15.610090999999999"><ele>902.43</ele></trkpt>
      <trkpt lat="50.753817" lon="15.609943999999999"><ele>901.42</ele></trkpt>
      <trkpt lat="50.753749" lon="15.609791999999999"><ele>902.62</ele></trkpt>
      <trkpt lat="50.753702" lon="15.609722999999999"><ele>903.66</ele></trkpt>
      <trkpt lat="50.753619" lon="15.609689999999999"><ele>904.52</ele></trkpt>
      <trkpt lat="50.753465" lon="15.609746"><ele>904.22</ele></trkpt>
      <trkpt lat="50.753052999999994" lon="15.610012"><ele>900.85</ele></trkpt>
      <trkpt lat="50.752812999999996" lon="15.610149999999999"><ele>898.91</ele></trkpt>
      <trkpt lat="50.752644" lon="15.610223999999999"><ele>897.52</ele></trkpt>
      <trkpt lat="50.752469999999995" lon="15.610259"><ele>896.25</ele></trkpt>
      <trkpt lat="50.752223" lon="15.610256"><ele>894.69</ele></trkpt>
      <trkpt lat="50.751334" lon="15.610152"><ele>889.83</ele></trkpt>
      <trkpt lat="50.750733999999994" lon="15.610175"><ele>886.63</ele></trkpt>
      <trkpt lat="50.750240999999995" lon="15.610259"><ele>882.31</ele></trkpt>
      <trkpt lat="50.74946" lon="15.610349999999999"><ele>877.54</ele></trkpt>
      <trkpt lat="50.748093" lon="15.610569"><ele>868.63</ele></trkpt>
      <trkpt lat="50.747949999999996" lon="15.610574"><ele>867.59</ele></trkpt>
      <trkpt lat="50.747814999999996" lon="15.610553"><ele>866.68</ele></trkpt>
      <trkpt lat="50.747647" lon="15.610491"><ele>865.56</ele></trkpt>
      <trkpt lat="50.747437" lon="15.610375999999999"><ele>864.14</ele></trkpt>
      <trkpt lat="50.747246999999994" lon="15.610159"><ele>862.65</ele></trkpt>
      <trkpt lat="50.747111999999994" lon="15.609936"><ele>861.33</ele></trkpt>
      <trkpt lat="50.747111999999994" lon="15.609936"><ele>861.33</ele></trkpt>
      <trkpt lat="50.747111999999994" lon="15.609936"><ele>861.33</ele></trkpt>
      <trkpt lat="50.747111999999994" lon="15.609936"><ele>861.33</ele></trkpt>
      <trkpt lat="50.747111999999994" lon="15.609936"><ele>861.33</ele></trkpt>
      <trkpt lat="50.746888999999996" lon="15.609484"><ele>858.82</ele></trkpt>
      <trkpt lat="50.746607999999995" lon="15.608825"><ele>855.59</ele></trkpt>
      <trkpt lat="50.746423" lon="15.608210999999999"><ele>853</ele></trkpt>
      <trkpt lat="50.746348999999995" lon="15.607871999999999"><ele>851.69</ele></trkpt>
      <trkpt lat="50.746252999999996" lon="15.607327999999999"><ele>849.49</ele></trkpt>
      <trkpt lat="50.746147" lon="15.606637999999998"><ele>846.03</ele></trkpt>
      <trkpt lat="50.746122" lon="15.606342999999999"><ele>844.66</ele></trkpt>
      <trkpt lat="50.746123999999995" lon="15.605979"><ele>843.04</ele></trkpt>
      <trkpt lat="50.746151999999995" lon="15.605763"><ele>842.07</ele></trkpt>
      <trkpt lat="50.746289999999995" lon="15.605195"><ele>839.55</ele></trkpt>
      <trkpt lat="50.746496" lon="15.60447"><ele>836.55</ele></trkpt>
      <trkpt lat="50.746815999999995" lon="15.603648"><ele>832.52</ele></trkpt>
      <trkpt lat="50.747403" lon="15.602176"><ele>825.88</ele></trkpt>
      <trkpt lat="50.747845999999996" lon="15.600990999999999"><ele>822.3</ele></trkpt>
      <trkpt lat="50.74791" lon="15.600764999999999"><ele>821.81</ele></trkpt>
      <trkpt lat="50.747924" lon="15.600679999999999"><ele>821.43</ele></trkpt>
      <trkpt lat="50.747921999999996" lon="15.600589"><ele>820.87</ele></trkpt>
      <trkpt lat="50.747901" lon="15.600498"><ele>820.05</ele></trkpt>
      <trkpt lat="50.747865999999995" lon="15.600434"><ele>819.38</ele></trkpt>
      <trkpt lat="50.747834999999995" lon="15.600401999999999"><ele>818.96</ele></trkpt>
      <trkpt lat="50.747834999999995" lon="15.600401999999999"><ele>818.96</ele></trkpt>
      <trkpt lat="50.747834999999995" lon="15.600401999999999"><ele>818.96</ele></trkpt>
      <trkpt lat="50.747834999999995" lon="15.600401999999999"><ele>818.96</ele></trkpt>
      <trkpt lat="50.747834999999995" lon="15.600401999999999"><ele>818.96</ele></trkpt>
      <trkpt lat="50.747786" lon="15.600391"><ele>818.48</ele></trkpt>
      <trkpt lat="50.747710999999995" lon="15.600427999999999"><ele>817.5</ele></trkpt>
      <trkpt lat="50.747625" lon="15.600548999999999"><ele>816.61</ele></trkpt>
      <trkpt lat="50.747414" lon="15.601163999999999"><ele>814.61</ele></trkpt>
      <trkpt lat="50.747260999999995" lon="15.601576"><ele>813.39</ele></trkpt>
      <trkpt lat="50.747132" lon="15.601797999999999"><ele>812.48</ele></trkpt>
      <trkpt lat="50.746279" lon="15.603079999999999"><ele>803.84</ele></trkpt>
      <trkpt lat="50.74534" lon="15.604474"><ele>797.93</ele></trkpt>
      <trkpt lat="50.7449" lon="15.605112"><ele>794.8</ele></trkpt>
      <trkpt lat="50.744523" lon="15.605582"><ele>792.51</ele></trkpt>
      <trkpt lat="50.744032999999995" lon="15.60616"><ele>790.34</ele></trkpt>
      <trkpt lat="50.743792" lon="15.606373999999999"><ele>789.59</ele></trkpt>
      <trkpt lat="50.743078" lon="15.606929999999998"><ele>787.97</ele></trkpt>
      <trkpt lat="50.742976" lon="15.607057999999999"><ele>787.76</ele></trkpt>
      <trkpt lat="50.742867" lon="15.607261"><ele>787.44</ele></trkpt>
      <trkpt lat="50.742729999999995" lon="15.607619"><ele>786.26</ele></trkpt>
      <trkpt lat="50.742531" lon="15.608367"><ele>783.62</ele></trkpt>
      <trkpt lat="50.742475" lon="15.608554"><ele>783.47</ele></trkpt>
      <trkpt lat="50.742385999999996" lon="15.608583"><ele>782.32</ele></trkpt>
      <trkpt lat="50.742385999999996" lon="15.608583"><ele>782.32</ele></trkpt>
      <trkpt lat="50.742385999999996" lon="15.608583"><ele>782.32</ele></trkpt>
      <trkpt lat="50.742385999999996" lon="15.608583"><ele>782.32</ele></trkpt>
      <trkpt lat="50.742385999999996" lon="15.608583"><ele>782.32</ele></trkpt>
      <trkpt lat="50.742323999999996" lon="15.608573999999999"><ele>781.53</ele></trkpt>
      <trkpt lat="50.742148" lon="15.608417999999999"><ele>779.2</ele></trkpt>
      <trkpt lat="50.742061" lon="15.608289999999998"><ele>778.21</ele></trkpt>
      <trkpt lat="50.741676999999996" lon="15.607415"><ele>772.26</ele></trkpt>
      <trkpt lat="50.741378999999995" lon="15.606466999999999"><ele>768.54</ele></trkpt>
      <trkpt lat="50.741242" lon="15.606074"><ele>766.22</ele></trkpt>
      <trkpt lat="50.741198" lon="15.605879"><ele>767.61</ele></trkpt>
      <trkpt lat="50.741146" lon="15.605709999999998"><ele>768.08</ele></trkpt>
      <trkpt lat="50.740938" lon="15.605125"><ele>769.41</ele></trkpt>
      <trkpt lat="50.740652999999995" lon="15.605195"><ele>768.13</ele></trkpt>
      <trkpt lat="50.740258" lon="15.605392"><ele>765.73</ele></trkpt>
      <trkpt lat="50.739909" lon="15.605545999999999"><ele>763.92</ele></trkpt>
      <trkpt lat="50.739726999999995" lon="15.60559"><ele>763.1</ele></trkpt>
      <trkpt lat="50.739183999999995" lon="15.605561999999999"><ele>761.09</ele></trkpt>
      <trkpt lat="50.738558" lon="15.60557"><ele>760.15</ele></trkpt>
      <trkpt lat="50.738309" lon="15.605609999999999"><ele>759.78</ele></trkpt>
      <trkpt lat="50.738133" lon="15.605696"><ele>759.35</ele></trkpt>
      <trkpt lat="50.737762" lon="15.606017"><ele>758.42</ele></trkpt>
      <trkpt lat="50.737621999999995" lon="15.606093999999999"><ele>757.36</ele></trkpt>
      <trkpt lat="50.737462" lon="15.606119999999999"><ele>756.3</ele></trkpt>
      <trkpt lat="50.737218" lon="15.606124999999999"><ele>754.89</ele></trkpt>
      <trkpt lat="50.737002" lon="15.60609"><ele>754.36</ele></trkpt>
      <trkpt lat="50.736715" lon="15.606105999999999"><ele>754.51</ele></trkpt>
      <trkpt lat="50.736413" lon="15.60615"><ele>755.29</ele></trkpt>
      <trkpt lat="50.736264" lon="15.606200999999999"><ele>755.48</ele></trkpt>
      <trkpt lat="50.73581" lon="15.606468999999999"><ele>751.34</ele></trkpt>
      <trkpt lat="50.735549999999996" lon="15.606587"><ele>749.97</ele></trkpt>
      <trkpt lat="50.735068999999996" lon="15.606655"><ele>747.91</ele></trkpt>
      <trkpt lat="50.734266" lon="15.606826"><ele>745.52</ele></trkpt>
      <trkpt lat="50.733250999999996" lon="15.607097"><ele>742.41</ele></trkpt>
      <trkpt lat="50.732931" lon="15.607104999999999"><ele>741.27</ele></trkpt>
      <trkpt lat="50.732282999999995" lon="15.606992"><ele>738.97</ele></trkpt>
      <trkpt lat="50.73182" lon="15.606891999999998"><ele>737.48</ele></trkpt>
      <trkpt lat="50.731370999999996" lon="15.606871"><ele>736.39</ele></trkpt>
      <trkpt lat="50.731255999999995" lon="15.606888999999999"><ele>737.75</ele></trkpt>
      <trkpt lat="50.731125" lon="15.606976999999999"><ele>737.43</ele></trkpt>
      <trkpt lat="50.730871" lon="15.607109999999999"><ele>736.45</ele></trkpt>
      <trkpt lat="50.730768999999995" lon="15.607116999999999"><ele>736.03</ele></trkpt>
      <trkpt lat="50.730681999999995" lon="15.607090999999999"><ele>735.72</ele></trkpt>
      <trkpt lat="50.730582999999996" lon="15.607037"><ele>735.37</ele></trkpt>
      <trkpt lat="50.730436999999995" lon="15.606976999999999"><ele>734.8</ele></trkpt>
      <trkpt lat="50.730301999999995" lon="15.606981"><ele>734.25</ele></trkpt>
      <trkpt lat="50.729917" lon="15.607147999999999"><ele>732.93</ele></trkpt>
      <trkpt lat="50.729642999999996" lon="15.607234"><ele>732.28</ele></trkpt>
      <trkpt lat="50.729411999999996" lon="15.60741"><ele>731.69</ele></trkpt>
      <trkpt lat="50.729236" lon="15.607648999999999"><ele>730.69</ele></trkpt>
      <trkpt lat="50.729068999999996" lon="15.607913"><ele>728.55</ele></trkpt>
      <trkpt lat="50.728988" lon="15.608004"><ele>727.85</ele></trkpt>
      <trkpt lat="50.728919999999995" lon="15.608051"><ele>727.34</ele></trkpt>
      <trkpt lat="50.728711999999994" lon="15.608025"><ele>726.28</ele></trkpt>
      <trkpt lat="50.728625" lon="15.607965"><ele>726.33</ele></trkpt>
      <trkpt lat="50.728457999999996" lon="15.60778"><ele>726.21</ele></trkpt>
      <trkpt lat="50.728093" lon="15.607142999999999"><ele>725.83</ele></trkpt>
      <trkpt lat="50.727954" lon="15.606904"><ele>725.57</ele></trkpt>
      <trkpt lat="50.727502" lon="15.606243"><ele>721.05</ele></trkpt>
      <trkpt lat="50.727394" lon="15.606143"><ele>720.62</ele></trkpt>
      <trkpt lat="50.727067999999996" lon="15.605969"><ele>719.45</ele></trkpt>
      <trkpt lat="50.72667" lon="15.605794"><ele>719</ele></trkpt>
      <trkpt lat="50.726624" lon="15.605787999999999"><ele>718.85</ele></trkpt>
      <trkpt lat="50.72627" lon="15.605813999999999"><ele>717.57</ele></trkpt>
      <trkpt lat="50.725907" lon="15.605815"><ele>716.26</ele></trkpt>
      <trkpt lat="50.725634" lon="15.605787"><ele>715.28</ele></trkpt>
      <trkpt lat="50.725392" lon="15.605746"><ele>713.69</ele></trkpt>
      <trkpt lat="50.725342999999995" lon="15.605699999999999"><ele>713.44</ele></trkpt>
      <trkpt lat="50.725282" lon="15.60554"><ele>714.02</ele></trkpt>
      <trkpt lat="50.725206" lon="15.605455999999998"><ele>713.83</ele></trkpt>
      <trkpt lat="50.725127" lon="15.605414"><ele>713.73</ele></trkpt>
      <trkpt lat="50.724852" lon="15.605423"><ele>713.49</ele></trkpt>
      <trkpt lat="50.7247" lon="15.605391"><ele>713.51</ele></trkpt>
      <trkpt lat="50.724523" lon="15.605329"><ele>712.16</ele></trkpt>
      <trkpt lat="50.724523" lon="15.605329"><ele>712.16</ele></trkpt>
      <trkpt lat="50.724523" lon="15.605329"><ele>712.16</ele></trkpt>
      <trkpt lat="50.724523" lon="15.605329"><ele>712.16</ele></trkpt>
      <trkpt lat="50.724523" lon="15.605329"><ele>712.16</ele></trkpt>
      <trkpt lat="50.724439" lon="15.605120999999999"><ele>712.43</ele></trkpt>
      <trkpt lat="50.724387" lon="15.604932999999999"><ele>712.48</ele></trkpt>
      <trkpt lat="50.724334" lon="15.604643"><ele>712.18</ele></trkpt>
      <trkpt lat="50.724318" lon="15.604415"><ele>711.9</ele></trkpt>
      <trkpt lat="50.724334999999996" lon="15.604113"><ele>710.68</ele></trkpt>
      <trkpt lat="50.724408999999994" lon="15.603710999999999"><ele>708.47</ele></trkpt>
      <trkpt lat="50.724787" lon="15.601953"><ele>704.01</ele></trkpt>
      <trkpt lat="50.724953" lon="15.601127"><ele>702.29</ele></trkpt>
      <trkpt lat="50.724984" lon="15.600923"><ele>702.02</ele></trkpt>
      <trkpt lat="50.725018" lon="15.600512"><ele>701.84</ele></trkpt>
      <trkpt lat="50.725024" lon="15.600204"><ele>701.12</ele></trkpt>
      <trkpt lat="50.72499" lon="15.599732"><ele>700.69</ele></trkpt>
      <trkpt lat="50.724961" lon="15.599499"><ele>700.15</ele></trkpt>
      <trkpt lat="50.724925999999996" lon="15.599298999999998"><ele>699.73</ele></trkpt>
      <trkpt lat="50.724854" lon="15.598989"><ele>699.25</ele></trkpt>
      <trkpt lat="50.724618" lon="15.598099"><ele>697.86</ele></trkpt>
      <trkpt lat="50.724564" lon="15.597828"><ele>697.18</ele></trkpt>
      <trkpt lat="50.724517" lon="15.597392"><ele>697</ele></trkpt>
      <trkpt lat="50.724401" lon="15.595184999999999"><ele>696.02</ele></trkpt>
      <trkpt lat="50.724309999999996" lon="15.594316999999998"><ele>696.75</ele></trkpt>
      <trkpt lat="50.724179" lon="15.593480999999999"><ele>695.11</ele></trkpt>
      <trkpt lat="50.72409" lon="15.593020999999998"><ele>695.51</ele></trkpt>
      <trkpt lat="50.724036999999996" lon="15.592792999999999"><ele>695.12</ele></trkpt>
      <trkpt lat="50.723901" lon="15.592315999999999"><ele>695.83</ele></trkpt>
      <trkpt lat="50.723521999999996" lon="15.591256999999999"><ele>695.73</ele></trkpt>
      <trkpt lat="50.723163" lon="15.590466"><ele>694.85</ele></trkpt>
      <trkpt lat="50.723163" lon="15.590466"><ele>694.85</ele></trkpt>
      <trkpt lat="50.723163" lon="15.590466"><ele>694.85</ele></trkpt>
      <trkpt lat="50.723163" lon="15.590466"><ele>694.85</ele></trkpt>
      <trkpt lat="50.723163" lon="15.590466"><ele>694.85</ele></trkpt>
      <trkpt lat="50.72266" lon="15.589677"><ele>694.35</ele></trkpt>
      <trkpt lat="50.722316" lon="15.589219"><ele>696.77</ele></trkpt>
      <trkpt lat="50.721906999999995" lon="15.588790999999999"><ele>696.59</ele></trkpt>
      <trkpt lat="50.720561" lon="15.587912999999999"><ele>696.38</ele></trkpt>
      <trkpt lat="50.720313" lon="15.587764"><ele>696.5</ele></trkpt>
      <trkpt lat="50.720074999999994" lon="15.587591999999999"><ele>696.61</ele></trkpt>
      <trkpt lat="50.719401999999995" lon="15.587050999999999"><ele>696.86</ele></trkpt>
      <trkpt lat="50.718990999999995" lon="15.586825"><ele>696.93</ele></trkpt>
      <trkpt lat="50.718751" lon="15.586720999999999"><ele>697.02</ele></trkpt>
      <trkpt lat="50.718288" lon="15.586545999999998"><ele>696.76</ele></trkpt>
      <trkpt lat="50.717493" lon="15.586155999999999"><ele>695.16</ele></trkpt>
      <trkpt lat="50.717248999999995" lon="15.586011999999998"><ele>696.04</ele></trkpt>
      <trkpt lat="50.716862" lon="15.585645999999999"><ele>696.28</ele></trkpt>
      <trkpt lat="50.716567999999995" lon="15.585315"><ele>696.25</ele></trkpt>
      <trkpt lat="50.716262" lon="15.584895"><ele>696.15</ele></trkpt>
      <trkpt lat="50.715883" lon="15.584235999999999"><ele>696.04</ele></trkpt>
      <trkpt lat="50.715601" lon="15.583768"><ele>696.09</ele></trkpt>
      <trkpt lat="50.715441999999996" lon="15.583554"><ele>696.08</ele></trkpt>
      <trkpt lat="50.715272999999996" lon="15.583369"><ele>696.05</ele></trkpt>
      <trkpt lat="50.715073" lon="15.583184"><ele>696.42</ele></trkpt>
      <trkpt lat="50.7149" lon="15.583062"><ele>695.95</ele></trkpt>
      <trkpt lat="50.714697" lon="15.582967"><ele>694.63</ele></trkpt>
      <trkpt lat="50.714358999999995" lon="15.582877"><ele>688.93</ele></trkpt>
      <trkpt lat="50.714191" lon="15.582851"><ele>689.72</ele></trkpt>
      <trkpt lat="50.71402" lon="15.582861999999999"><ele>690.49</ele></trkpt>
      <trkpt lat="50.713668" lon="15.582987"><ele>692.19</ele></trkpt>
      <trkpt lat="50.713212999999996" lon="15.583222"><ele>697.84</ele></trkpt>
      <trkpt lat="50.713212999999996" lon="15.583222"><ele>697.84</ele></trkpt>
      <trkpt lat="50.713212999999996" lon="15.583222"><ele>697.84</ele></trkpt>
      <trkpt lat="50.713212999999996" lon="15.583222"><ele>697.84</ele></trkpt>
      <trkpt lat="50.713212999999996" lon="15.583222"><ele>697.84</ele></trkpt>
      <trkpt lat="50.713341" lon="15.582842"><ele>697.34</ele></trkpt>
      <trkpt lat="50.713437" lon="15.582467999999999"><ele>696.94</ele></trkpt>
      <trkpt lat="50.713617" lon="15.580770999999999"><ele>697.67</ele></trkpt>
      <trkpt lat="50.713713999999996" lon="15.580466"><ele>697.6</ele></trkpt>
      <trkpt lat="50.713752" lon="15.580421999999999"><ele>697.53</ele></trkpt>
      <trkpt lat="50.713806" lon="15.580397"><ele>697.39</ele></trkpt>
      <trkpt lat="50.714074" lon="15.580492999999999"><ele>697.14</ele></trkpt>
      <trkpt lat="50.714028" lon="15.579545999999999"><ele>704.05</ele></trkpt>
      <trkpt lat="50.714048999999996" lon="15.578755"><ele>709.41</ele></trkpt>
      <trkpt lat="50.714036" lon="15.578579999999999"><ele>710.56</ele></trkpt>
      <trkpt lat="50.713952" lon="15.577801"><ele>715.73</ele></trkpt>
      <trkpt lat="50.713930999999995" lon="15.577520999999999"><ele>717.8</ele></trkpt>
      <trkpt lat="50.713930999999995" lon="15.577226"><ele>720.14</ele></trkpt>
      <trkpt lat="50.713958" lon="15.576689"><ele>724.74</ele></trkpt>
      <trkpt lat="50.714026999999994" lon="15.576345"><ele>728.29</ele></trkpt>
      <trkpt lat="50.714203" lon="15.575823"><ele>734.03</ele></trkpt>
      <trkpt lat="50.714467" lon="15.575317"><ele>742.05</ele></trkpt>
      <trkpt lat="50.714535" lon="15.575161"><ele>744.27</ele></trkpt>
      <trkpt lat="50.714572" lon="15.575021"><ele>746.02</ele></trkpt>
      <trkpt lat="50.714605" lon="15.574772"><ele>748.79</ele></trkpt>
      <trkpt lat="50.714652" lon="15.57466"><ele>750.2</ele></trkpt>
      <trkpt lat="50.714769" lon="15.574442999999999"><ele>753.26</ele></trkpt>
      <trkpt lat="50.714788999999996" lon="15.57437"><ele>754.13</ele></trkpt>
      <trkpt lat="50.714799" lon="15.574200999999999"><ele>755.82</ele></trkpt>
      <trkpt lat="50.714783" lon="15.574048999999999"><ele>757.22</ele></trkpt>
      <trkpt lat="50.714715999999996" lon="15.573699999999999"><ele>760.56</ele></trkpt>
      <trkpt lat="50.714701" lon="15.573531"><ele>762.19</ele></trkpt>
      <trkpt lat="50.714704999999995" lon="15.573272"><ele>764.71</ele></trkpt>
      <trkpt lat="50.714763999999995" lon="15.572515999999998"><ele>772.79</ele></trkpt>
      <trkpt lat="50.714811999999995" lon="15.572144"><ele>777.2</ele></trkpt>
      <trkpt lat="50.714835" lon="15.572035999999999"><ele>778.51</ele></trkpt>
      <trkpt lat="50.714897" lon="15.571909"><ele>780.29</ele></trkpt>
      <trkpt lat="50.714897" lon="15.571909"><ele>780.29</ele></trkpt>
      <trkpt lat="50.714897" lon="15.571909"><ele>780.29</ele></trkpt>
      <trkpt lat="50.714897" lon="15.571909"><ele>780.29</ele></trkpt>
      <trkpt lat="50.714897" lon="15.571909"><ele>780.29</ele></trkpt>
      <trkpt lat="50.714796" lon="15.571855999999999"><ele>780.01</ele></trkpt>
      <trkpt lat="50.71469" lon="15.571945"><ele>779.72</ele></trkpt>
      <trkpt lat="50.714495" lon="15.572572999999998"><ele>780.81</ele></trkpt>
      <trkpt lat="50.714375999999994" lon="15.572792"><ele>781.38</ele></trkpt>
      <trkpt lat="50.714146" lon="15.573132999999999"><ele>782.72</ele></trkpt>
      <trkpt lat="50.713859" lon="15.573514"><ele>784.57</ele></trkpt>
      <trkpt lat="50.713595999999995" lon="15.573813"><ele>785.47</ele></trkpt>
      <trkpt lat="50.713164" lon="15.574399"><ele>787.53</ele></trkpt>
      <trkpt lat="50.712786" lon="15.574942"><ele>791.66</ele></trkpt>
      <trkpt lat="50.712669" lon="15.575087"><ele>792.83</ele></trkpt>
      <trkpt lat="50.711442999999996" lon="15.577012999999999"><ele>800.1</ele></trkpt>
      <trkpt lat="50.711102999999994" lon="15.577494999999999"><ele>805.26</ele></trkpt>
      <trkpt lat="50.710988" lon="15.57758"><ele>807.84</ele></trkpt>
      <trkpt lat="50.710688999999995" lon="15.578121"><ele>811.1</ele></trkpt>
      <trkpt lat="50.710327" lon="15.578472"><ele>813.17</ele></trkpt>
      <trkpt lat="50.709671" lon="15.578743"><ele>816.27</ele></trkpt>
      <trkpt lat="50.708791" lon="15.579021"><ele>820.43</ele></trkpt>
      <trkpt lat="50.708338999999995" lon="15.578964"><ele>822.12</ele></trkpt>
      <trkpt lat="50.708338999999995" lon="15.578964"><ele>822.12</ele></trkpt>
      <trkpt lat="50.708338999999995" lon="15.578964"><ele>822.12</ele></trkpt>
      <trkpt lat="50.708338999999995" lon="15.578964"><ele>822.12</ele></trkpt>
      <trkpt lat="50.708338999999995" lon="15.578964"><ele>822.12</ele></trkpt>
      <trkpt lat="50.708062999999996" lon="15.578778"><ele>822.92</ele></trkpt>
      <trkpt lat="50.707747" lon="15.578413999999999"><ele>824.42</ele></trkpt>
      <trkpt lat="50.707512" lon="15.577850999999999"><ele>826.19</ele></trkpt>
      <trkpt lat="50.70735" lon="15.577264999999999"><ele>828.46</ele></trkpt>
      <trkpt lat="50.707266" lon="15.576692999999999"><ele>831.1</ele></trkpt>
      <trkpt lat="50.707190999999995" lon="15.575971"><ele>835.26</ele></trkpt>
      <trkpt lat="50.707083999999995" lon="15.575543"><ele>837.97</ele></trkpt>
      <trkpt lat="50.706934" lon="15.575225999999999"><ele>839.92</ele></trkpt>
      <trkpt lat="50.706751" lon="15.575002999999999"><ele>841.15</ele></trkpt>
      <trkpt lat="50.706402999999995" lon="15.574708"><ele>841.63</ele></trkpt>
      <trkpt lat="50.706184" lon="15.574593"><ele>840.99</ele></trkpt>
      <trkpt lat="50.705901999999995" lon="15.574489"><ele>839.41</ele></trkpt>
      <trkpt lat="50.705624" lon="15.574456"><ele>837.38</ele></trkpt>
      <trkpt lat="50.705189" lon="15.574556999999999"><ele>834.37</ele></trkpt>
      <trkpt lat="50.704875" lon="15.574599999999998"><ele>833.21</ele></trkpt>
      <trkpt lat="50.704724" lon="15.574579"><ele>832.97</ele></trkpt>
      <trkpt lat="50.704589999999996" lon="15.574534"><ele>832.99</ele></trkpt>
      <trkpt lat="50.704285" lon="15.574262"><ele>833.82</ele></trkpt>
      <trkpt lat="50.704156" lon="15.574235"><ele>834.32</ele></trkpt>
      <trkpt lat="50.703989" lon="15.574252"><ele>835.06</ele></trkpt>
      <trkpt lat="50.703796999999994" lon="15.574326999999998"><ele>835.97</ele></trkpt>
      <trkpt lat="50.703416999999995" lon="15.574527999999999"><ele>837.61</ele></trkpt>
      <trkpt lat="50.702141999999995" lon="15.575308999999999"><ele>843.04</ele></trkpt>
      <trkpt lat="50.701896" lon="15.575398999999999"><ele>844.58</ele></trkpt>
      <trkpt lat="50.701429" lon="15.575453"><ele>847.81</ele></trkpt>
      <trkpt lat="50.701249" lon="15.575448999999999"><ele>849.06</ele></trkpt>
      <trkpt lat="50.700981999999996" lon="15.575381"><ele>850.79</ele></trkpt>
      <trkpt lat="50.700786" lon="15.575311999999998"><ele>851.99</ele></trkpt>
      <trkpt lat="50.700486" lon="15.575161"><ele>853.87</ele></trkpt>
      <trkpt lat="50.700109" lon="15.574841"><ele>856.57</ele></trkpt>
      <trkpt lat="50.699923" lon="15.574610999999999"><ele>858.52</ele></trkpt>
      <trkpt lat="50.699821" lon="15.574387999999999"><ele>860.54</ele></trkpt>
      <trkpt lat="50.699526999999996" lon="15.574162"><ele>858.57</ele></trkpt>
      <trkpt lat="50.699117" lon="15.573934"><ele>855.91</ele></trkpt>
      <trkpt lat="50.698432999999994" lon="15.573220999999998"><ele>853.59</ele></trkpt>
      <trkpt lat="50.698077999999995" lon="15.572921"><ele>852.81</ele></trkpt>
      <trkpt lat="50.697455999999995" lon="15.572569"><ele>851.53</ele></trkpt>
      <trkpt lat="50.697128" lon="15.572496999999998"><ele>852.67</ele></trkpt>
      <trkpt lat="50.696725" lon="15.572434999999999"><ele>853.62</ele></trkpt>
      <trkpt lat="50.696048999999995" lon="15.572258999999999"><ele>853.68</ele></trkpt>
      <trkpt lat="50.695789" lon="15.572248"><ele>853.25</ele></trkpt>
      <trkpt lat="50.695494" lon="15.572256"><ele>852.59</ele></trkpt>
      <trkpt lat="50.695364999999995" lon="15.572275"><ele>852.56</ele></trkpt>
      <trkpt lat="50.694994" lon="15.572280999999998"><ele>853.81</ele></trkpt>
      <trkpt lat="50.694112" lon="15.572151"><ele>855.9</ele></trkpt>
      <trkpt lat="50.693957999999995" lon="15.572106"><ele>856.27</ele></trkpt>
      <trkpt lat="50.69357" lon="15.571784999999998"><ele>857.13</ele></trkpt>
      <trkpt lat="50.692417" lon="15.570780999999998"><ele>862.72</ele></trkpt>
      <trkpt lat="50.692267" lon="15.570673"><ele>863.35</ele></trkpt>
      <trkpt lat="50.691766" lon="15.570526"><ele>864.01</ele></trkpt>
      <trkpt lat="50.691595" lon="15.570454"><ele>864.03</ele></trkpt>
      <trkpt lat="50.691421999999996" lon="15.570314"><ele>863.93</ele></trkpt>
      <trkpt lat="50.690639999999995" lon="15.569533"><ele>863.32</ele></trkpt>
      <trkpt lat="50.690207" lon="15.569258"><ele>863.01</ele></trkpt>
      <trkpt lat="50.689752" lon="15.568950999999998"><ele>861.75</ele></trkpt>
      <trkpt lat="50.689225" lon="15.568622"><ele>859.49</ele></trkpt>
      <trkpt lat="50.68879" lon="15.568378999999998"><ele>857.97</ele></trkpt>
      <trkpt lat="50.688579" lon="15.568228"><ele>857.33</ele></trkpt>
      <trkpt lat="50.688432999999996" lon="15.568083999999999"><ele>856.88</ele></trkpt>
      <trkpt lat="50.688159" lon="15.567717"><ele>855.98</ele></trkpt>
      <trkpt lat="50.687988" lon="15.567469"><ele>855.35</ele></trkpt>
      <trkpt lat="50.687388" lon="15.566170999999999"><ele>853.14</ele></trkpt>
      <trkpt lat="50.686682999999995" lon="15.564976999999999"><ele>848.4</ele></trkpt>
      <trkpt lat="50.685976" lon="15.563801999999999"><ele>847.56</ele></trkpt>
      <trkpt lat="50.685891" lon="15.563697"><ele>847.66</ele></trkpt>
      <trkpt lat="50.685891" lon="15.563697"><ele>847.66</ele></trkpt>
      <trkpt lat="50.685891" lon="15.563697"><ele>847.66</ele></trkpt>
      <trkpt lat="50.685891" lon="15.563697"><ele>847.66</ele></trkpt>
      <trkpt lat="50.685891" lon="15.563697"><ele>847.66</ele></trkpt>
      <trkpt lat="50.686039" lon="15.563505"><ele>848.81</ele></trkpt>
      <trkpt lat="50.687746" lon="15.560649999999999"><ele>852.15</ele></trkpt>
      <trkpt lat="50.687822" lon="15.560516"><ele>852.1</ele></trkpt>
      <trkpt lat="50.689139" lon="15.557666"><ele>846.8</ele></trkpt>
      <trkpt lat="50.689420999999996" lon="15.557084999999999"><ele>847</ele></trkpt>
      <trkpt lat="50.689930999999994" lon="15.556246999999999"><ele>847.89</ele></trkpt>
      <trkpt lat="50.690588" lon="15.553068"><ele>844.49</ele></trkpt>
      <trkpt lat="50.690988999999995" lon="15.550239999999999"><ele>843.94</ele></trkpt>
      <trkpt lat="50.691201" lon="15.548143"><ele>841.36</ele></trkpt>
      <trkpt lat="50.691201" lon="15.548143"><ele>841.36</ele></trkpt>
      <trkpt lat="50.691201" lon="15.548143"><ele>841.36</ele></trkpt>
      <trkpt lat="50.691201" lon="15.548143"><ele>841.36</ele></trkpt>
      <trkpt lat="50.691201" lon="15.548143"><ele>841.36</ele></trkpt>
      <trkpt lat="50.691638999999995" lon="15.547732"><ele>843.95</ele></trkpt>
      <trkpt lat="50.691841" lon="15.547619"><ele>844.73</ele></trkpt>
      <trkpt lat="50.69209" lon="15.547595999999999"><ele>845.81</ele></trkpt>
      <trkpt lat="50.6928" lon="15.547595999999999"><ele>849.11</ele></trkpt>
      <trkpt lat="50.693656999999995" lon="15.547502"><ele>853.3</ele></trkpt>
      <trkpt lat="50.693923" lon="15.54745"><ele>854.89</ele></trkpt>
      <trkpt lat="50.694570999999996" lon="15.547258"><ele>859.7</ele></trkpt>
      <trkpt lat="50.694925" lon="15.547182999999999"><ele>862.8</ele></trkpt>
      <trkpt lat="50.695887" lon="15.547065"><ele>870.99</ele></trkpt>
      <trkpt lat="50.69618" lon="15.546947999999999"><ele>873.48</ele></trkpt>
      <trkpt lat="50.696793" lon="15.546593999999999"><ele>878.4</ele></trkpt>
      <trkpt lat="50.697527" lon="15.546237"><ele>882.04</ele></trkpt>
      <trkpt lat="50.697738" lon="15.546078999999999"><ele>883.19</ele></trkpt>
      <trkpt lat="50.697967999999996" lon="15.545862"><ele>885.28</ele></trkpt>
      <trkpt lat="50.698183" lon="15.545726"><ele>887.07</ele></trkpt>
      <trkpt lat="50.698358" lon="15.545675999999998"><ele>888.71</ele></trkpt>
      <trkpt lat="50.698358" lon="15.545675999999998"><ele>888.71</ele></trkpt>
      <trkpt lat="50.698358" lon="15.545675999999998"><ele>888.71</ele></trkpt>
      <trkpt lat="50.698358" lon="15.545675999999998"><ele>888.71</ele></trkpt>
      <trkpt lat="50.698358" lon="15.545675999999998"><ele>888.71</ele></trkpt>
      <trkpt lat="50.698674" lon="15.545636"><ele>891.99</ele></trkpt>
      <trkpt lat="50.698795" lon="15.54562"><ele>893.28</ele></trkpt>
      <trkpt lat="50.699127" lon="15.545625"><ele>895.9</ele></trkpt>
      <trkpt lat="50.699258" lon="15.545665999999999"><ele>896.93</ele></trkpt>
      <trkpt lat="50.699435" lon="15.545765"><ele>898.57</ele></trkpt>
      <trkpt lat="50.699537" lon="15.545850999999999"><ele>899.6</ele></trkpt>
      <trkpt lat="50.69972" lon="15.546054"><ele>901.65</ele></trkpt>
      <trkpt lat="50.700007" lon="15.546501"><ele>905.62</ele></trkpt>
      <trkpt lat="50.700196999999996" lon="15.546876999999999"><ele>909.13</ele></trkpt>
      <trkpt lat="50.700292999999995" lon="15.547132"><ele>911.44</ele></trkpt>
      <trkpt lat="50.70066" lon="15.548418"><ele>922.76</ele></trkpt>
      <trkpt lat="50.701071999999996" lon="15.549558999999999"><ele>930.94</ele></trkpt>
      <trkpt lat="50.701228" lon="15.55013"><ele>933.66</ele></trkpt>
      <trkpt lat="50.701273" lon="15.550358999999998"><ele>934.48</ele></trkpt>
      <trkpt lat="50.701291999999995" lon="15.550567"><ele>935.1</ele></trkpt>
      <trkpt lat="50.701198999999995" lon="15.551756"><ele>937.25</ele></trkpt>
      <trkpt lat="50.701167" lon="15.552992999999999"><ele>936.72</ele></trkpt>
      <trkpt lat="50.701285" lon="15.554526"><ele>935.88</ele></trkpt>
      <trkpt lat="50.701336" lon="15.554839"><ele>935.34</ele></trkpt>
      <trkpt lat="50.701397" lon="15.555055999999999"><ele>934.85</ele></trkpt>
      <trkpt lat="50.701567" lon="15.555470999999999"><ele>933.66</ele></trkpt>
      <trkpt lat="50.701828" lon="15.55604"><ele>932.12</ele></trkpt>
      <trkpt lat="50.702019" lon="15.556531999999999"><ele>931.67</ele></trkpt>
      <trkpt lat="50.702127" lon="15.556906"><ele>931.69</ele></trkpt>
      <trkpt lat="50.702179" lon="15.557174999999999"><ele>931.76</ele></trkpt>
      <trkpt lat="50.702323" lon="15.557561999999999"><ele>931.71</ele></trkpt>
      <trkpt lat="50.702484999999996" lon="15.557824"><ele>931.64</ele></trkpt>
      <trkpt lat="50.70267" lon="15.558021"><ele>931.43</ele></trkpt>
      <trkpt lat="50.703725" lon="15.558869"><ele>930.91</ele></trkpt>
      <trkpt lat="50.704131" lon="15.559092"><ele>933.02</ele></trkpt>
      <trkpt lat="50.704131" lon="15.559092"><ele>933.02</ele></trkpt>
      <trkpt lat="50.704131" lon="15.559092"><ele>933.02</ele></trkpt>
      <trkpt lat="50.704131" lon="15.559092"><ele>933.02</ele></trkpt>
      <trkpt lat="50.704131" lon="15.559092"><ele>933.02</ele></trkpt>
      <trkpt lat="50.704819" lon="15.559415999999999"><ele>937.49</ele></trkpt>
      <trkpt lat="50.705185" lon="15.559489"><ele>941.08</ele></trkpt>
      <trkpt lat="50.705783" lon="15.559921"><ele>949</ele></trkpt>
      <trkpt lat="50.70601" lon="15.560001999999999"><ele>951.79</ele></trkpt>
      <trkpt lat="50.706257" lon="15.559913"><ele>954.26</ele></trkpt>
      <trkpt lat="50.707288" lon="15.558513"><ele>956.7</ele></trkpt>
      <trkpt lat="50.707921999999996" lon="15.557201999999998"><ele>959.35</ele></trkpt>
      <trkpt lat="50.708313999999994" lon="15.555696"><ele>963.54</ele></trkpt>
      <trkpt lat="50.708621" lon="15.55501"><ele>966.19</ele></trkpt>
      <trkpt lat="50.70881" lon="15.554713"><ele>967.65</ele></trkpt>
      <trkpt lat="50.709044" lon="15.554419999999999"><ele>969.35</ele></trkpt>
      <trkpt lat="50.709263" lon="15.554207"><ele>970.87</ele></trkpt>
      <trkpt lat="50.709483999999996" lon="15.554025999999999"><ele>972.49</ele></trkpt>
      <trkpt lat="50.710712" lon="15.553127"><ele>964.98</ele></trkpt>
      <trkpt lat="50.710834" lon="15.552982"><ele>963.47</ele></trkpt>
      <trkpt lat="50.711037999999995" lon="15.552766"><ele>961.44</ele></trkpt>
      <trkpt lat="50.711448999999995" lon="15.552494999999999"><ele>958.94</ele></trkpt>
      <trkpt lat="50.712196" lon="15.552116"><ele>956.7</ele></trkpt>
      <trkpt lat="50.712429" lon="15.552052"><ele>956.16</ele></trkpt>
      <trkpt lat="50.712657" lon="15.552035"><ele>955.5</ele></trkpt>
      <trkpt lat="50.712657" lon="15.552035"><ele>955.5</ele></trkpt>
      <trkpt lat="50.712657" lon="15.552035"><ele>955.5</ele></trkpt>
      <trkpt lat="50.712657" lon="15.552035"><ele>955.5</ele></trkpt>
      <trkpt lat="50.712657" lon="15.552035"><ele>955.5</ele></trkpt>
      <trkpt lat="50.712861" lon="15.552076"><ele>954.7</ele></trkpt>
      <trkpt lat="50.713063999999996" lon="15.55219"><ele>953.59</ele></trkpt>
      <trkpt lat="50.714106" lon="15.553163"><ele>943.13</ele></trkpt>
      <trkpt lat="50.714366" lon="15.553481999999999"><ele>940.2</ele></trkpt>
      <trkpt lat="50.714777" lon="15.554492"><ele>937.21</ele></trkpt>
      <trkpt lat="50.715201" lon="15.555378999999999"><ele>935.92</ele></trkpt>
      <trkpt lat="50.715356" lon="15.555619"><ele>935.73</ele></trkpt>
      <trkpt lat="50.717698" lon="15.556970999999999"><ele>942.87</ele></trkpt>
      <trkpt lat="50.719594" lon="15.558140999999999"><ele>935.16</ele></trkpt>
      <trkpt lat="50.720642" lon="15.558660999999999"><ele>934.41</ele></trkpt>
      <trkpt lat="50.721367" lon="15.558017"><ele>920.73</ele></trkpt>
      <trkpt lat="50.721562999999996" lon="15.557958999999999"><ele>917.24</ele></trkpt>
      <trkpt lat="50.721913" lon="15.557958999999999"><ele>910.89</ele></trkpt>
      <trkpt lat="50.722034" lon="15.55791"><ele>908.55</ele></trkpt>
      <trkpt lat="50.722034" lon="15.55791"><ele>908.55</ele></trkpt>
      <trkpt lat="50.722034" lon="15.55791"><ele>908.55</ele></trkpt>
      <trkpt lat="50.722034" lon="15.55791"><ele>908.55</ele></trkpt>
      <trkpt lat="50.722034" lon="15.55791"><ele>908.55</ele></trkpt>
      <trkpt lat="50.722176999999995" lon="15.557789"><ele>905.51</ele></trkpt>
      <trkpt lat="50.722597" lon="15.557163"><ele>894.81</ele></trkpt>
      <trkpt lat="50.72287" lon="15.556877"><ele>889.07</ele></trkpt>
      <trkpt lat="50.722926" lon="15.556776"><ele>887.49</ele></trkpt>
      <trkpt lat="50.722926" lon="15.556659"><ele>885.44</ele></trkpt>
      <trkpt lat="50.722854999999996" lon="15.556519"><ele>883.01</ele></trkpt>
      <trkpt lat="50.722459" lon="15.556063"><ele>875.09</ele></trkpt>
      <trkpt lat="50.722345" lon="15.555883"><ele>872.36</ele></trkpt>
      <trkpt lat="50.721979999999995" lon="15.555029999999999"><ele>861.7</ele></trkpt>
      <trkpt lat="50.721644999999995" lon="15.554210999999999"><ele>851.81</ele></trkpt>
      <trkpt lat="50.721551999999996" lon="15.553894999999999"><ele>848.49</ele></trkpt>
      <trkpt lat="50.721295999999995" lon="15.552781"><ele>837.5</ele></trkpt>
      <trkpt lat="50.721253" lon="15.552449"><ele>834.5</ele></trkpt>
      <trkpt lat="50.721211999999994" lon="15.551986999999999"><ele>830.02</ele></trkpt>
      <trkpt lat="50.721221" lon="15.551642"><ele>826.69</ele></trkpt>
      <trkpt lat="50.721241" lon="15.551376999999999"><ele>823.94</ele></trkpt>
      <trkpt lat="50.721244" lon="15.551212"><ele>822.35</ele></trkpt>
      <trkpt lat="50.721227999999996" lon="15.550953"><ele>819.94</ele></trkpt>
      <trkpt lat="50.721188" lon="15.550664"><ele>817.14</ele></trkpt>
      <trkpt lat="50.721087" lon="15.550158"><ele>812.13</ele></trkpt>
      <trkpt lat="50.721032" lon="15.549304"><ele>803.98</ele></trkpt>
      <trkpt lat="50.720872" lon="15.548364"><ele>794.23</ele></trkpt>
      <trkpt lat="50.72067" lon="15.547692999999999"><ele>786.59</ele></trkpt>
      <trkpt lat="50.720577999999996" lon="15.547447"><ele>783.68</ele></trkpt>
      <trkpt lat="50.720493999999995" lon="15.547187999999998"><ele>780.82</ele></trkpt>
      <trkpt lat="50.720371" lon="15.54646"><ele>773.4</ele></trkpt>
      <trkpt lat="50.720293999999996" lon="15.546196"><ele>770.36</ele></trkpt>
      <trkpt lat="50.720192" lon="15.546045"><ele>768.06</ele></trkpt>
      <trkpt lat="50.719893" lon="15.545738"><ele>762.09</ele></trkpt>
      <trkpt lat="50.718737999999995" lon="15.544628"><ele>738.72</ele></trkpt>
      <trkpt lat="50.718377" lon="15.544362999999999"><ele>732.19</ele></trkpt>
      <trkpt lat="50.718202999999995" lon="15.544283"><ele>730.18</ele></trkpt>
      <trkpt lat="50.717988" lon="15.544262"><ele>728.08</ele></trkpt>
      <trkpt lat="50.717886" lon="15.544165"><ele>727.19</ele></trkpt>
      <trkpt lat="50.717659999999995" lon="15.543809"><ele>728.47</ele></trkpt>
      <trkpt lat="50.717659999999995" lon="15.543809"><ele>728.47</ele></trkpt>
      <trkpt lat="50.717659999999995" lon="15.543809"><ele>728.47</ele></trkpt>
      <trkpt lat="50.717659999999995" lon="15.543809"><ele>728.47</ele></trkpt>
      <trkpt lat="50.717659999999995" lon="15.543809"><ele>728.47</ele></trkpt>
      <trkpt lat="50.718115999999995" lon="15.543768"><ele>729.37</ele></trkpt>
      <trkpt lat="50.718278" lon="15.543776999999999"><ele>729.42</ele></trkpt>
      <trkpt lat="50.718478" lon="15.543885999999999"><ele>729.15</ele></trkpt>
      <trkpt lat="50.718682" lon="15.544030999999999"><ele>729.12</ele></trkpt>
      <trkpt lat="50.719349" lon="15.543961"><ele>741.56</ele></trkpt>
      <trkpt lat="50.719597" lon="15.543839"><ele>746.56</ele></trkpt>
      <trkpt lat="50.719882999999996" lon="15.543609"><ele>753.21</ele></trkpt>
      <trkpt lat="50.720273999999996" lon="15.543334"><ele>761.83</ele></trkpt>
      <trkpt lat="50.720403999999995" lon="15.543286"><ele>764.18</ele></trkpt>
      <trkpt lat="50.720679" lon="15.543267"><ele>769.01</ele></trkpt>
      <trkpt lat="50.721028999999994" lon="15.543263"><ele>775.2</ele></trkpt>
      <trkpt lat="50.721199999999996" lon="15.543280999999999"><ele>778.23</ele></trkpt>
      <trkpt lat="50.721433" lon="15.543327999999999"><ele>782.34</ele></trkpt>
      <trkpt lat="50.721576" lon="15.543337999999999"><ele>785.06</ele></trkpt>
      <trkpt lat="50.721728999999996" lon="15.543332999999999"><ele>788.14</ele></trkpt>
      <trkpt lat="50.721908" lon="15.543365999999999"><ele>791.52</ele></trkpt>
      <trkpt lat="50.722103" lon="15.543451"><ele>793.93</ele></trkpt>
      <trkpt lat="50.722246" lon="15.543531999999999"><ele>796.29</ele></trkpt>
      <trkpt lat="50.72259" lon="15.543773"><ele>802.42</ele></trkpt>
      <trkpt lat="50.723268999999995" lon="15.543985"><ele>807.14</ele></trkpt>
      <trkpt lat="50.723583" lon="15.544032"><ele>807.76</ele></trkpt>
      <trkpt lat="50.72378" lon="15.544032"><ele>807.92</ele></trkpt>
      <trkpt lat="50.724115" lon="15.544094"><ele>807.52</ele></trkpt>
      <trkpt lat="50.724824" lon="15.544169"><ele>805.11</ele></trkpt>
      <trkpt lat="50.725015" lon="15.544207"><ele>804.4</ele></trkpt>
      <trkpt lat="50.72526" lon="15.544338999999999"><ele>803.57</ele></trkpt>
      <trkpt lat="50.725494" lon="15.544414999999999"><ele>803.04</ele></trkpt>
      <trkpt lat="50.725756999999994" lon="15.544443"><ele>802.81</ele></trkpt>
      <trkpt lat="50.726316" lon="15.544467"><ele>803.61</ele></trkpt>
      <trkpt lat="50.726566999999996" lon="15.544514"><ele>804.13</ele></trkpt>
      <trkpt lat="50.727213" lon="15.544727"><ele>805.46</ele></trkpt>
      <trkpt lat="50.727542" lon="15.544856999999999"><ele>805.93</ele></trkpt>
      <trkpt lat="50.728407999999995" lon="15.545425"><ele>806.95</ele></trkpt>
      <trkpt lat="50.729186" lon="15.545751999999998"><ele>808.26</ele></trkpt>
      <trkpt lat="50.729400999999996" lon="15.545812999999999"><ele>808.25</ele></trkpt>
      <trkpt lat="50.729955999999994" lon="15.545885"><ele>807.19</ele></trkpt>
      <trkpt lat="50.730309999999996" lon="15.545803999999999"><ele>805.89</ele></trkpt>
      <trkpt lat="50.731096" lon="15.545034999999999"><ele>814.47</ele></trkpt>
      <trkpt lat="50.7312" lon="15.544972999999999"><ele>815.11</ele></trkpt>
      <trkpt lat="50.731277" lon="15.544960999999999"><ele>815.64</ele></trkpt>
      <trkpt lat="50.731384" lon="15.544979999999999"><ele>816.11</ele></trkpt>
      <trkpt lat="50.731384" lon="15.544979999999999"><ele>816.11</ele></trkpt>
      <trkpt lat="50.731384" lon="15.544979999999999"><ele>816.11</ele></trkpt>
      <trkpt lat="50.731384" lon="15.544979999999999"><ele>816.11</ele></trkpt>
      <trkpt lat="50.731384" lon="15.544979999999999"><ele>816.11</ele></trkpt>
      <trkpt lat="50.731271" lon="15.544777999999999"><ele>818.45</ele></trkpt>
      <trkpt lat="50.730951999999995" lon="15.544761"><ele>822.68</ele></trkpt>
      <trkpt lat="50.7301" lon="15.544974999999999"><ele>830.63</ele></trkpt>
      <trkpt lat="50.730000999999994" lon="15.544981"><ele>831.29</ele></trkpt>
      <trkpt lat="50.729658" lon="15.544896"><ele>833.34</ele></trkpt>
      <trkpt lat="50.729565" lon="15.544844999999999"><ele>833.94</ele></trkpt>
      <trkpt lat="50.72943" lon="15.544732999999999"><ele>834.98</ele></trkpt>
      <trkpt lat="50.729219" lon="15.544521"><ele>836.93</ele></trkpt>
      <trkpt lat="50.728871999999996" lon="15.544072"><ele>841.19</ele></trkpt>
      <trkpt lat="50.728294" lon="15.543379"><ele>849.15</ele></trkpt>
      <trkpt lat="50.727945" lon="15.543035999999999"><ele>852.76</ele></trkpt>
      <trkpt lat="50.727748" lon="15.542902"><ele>854.33</ele></trkpt>
      <trkpt lat="50.727337" lon="15.542696"><ele>857.38</ele></trkpt>
      <trkpt lat="50.727216" lon="15.542648"><ele>858.32</ele></trkpt>
      <trkpt lat="50.726718" lon="15.542558999999999"><ele>863</ele></trkpt>
      <trkpt lat="50.726448999999995" lon="15.542449999999999"><ele>866.08</ele></trkpt>
      <trkpt lat="50.726310999999995" lon="15.542347999999999"><ele>867.86</ele></trkpt>
      <trkpt lat="50.726113" lon="15.542129"><ele>870.76</ele></trkpt>
      <trkpt lat="50.725797" lon="15.541708999999999"><ele>875.66</ele></trkpt>
      <trkpt lat="50.725341" lon="15.541222"><ele>882.59</ele></trkpt>
      <trkpt lat="50.725209" lon="15.541013999999999"><ele>885.74</ele></trkpt>
      <trkpt lat="50.724743" lon="15.540331"><ele>893.2</ele></trkpt>
      <trkpt lat="50.724275999999996" lon="15.53951"><ele>901.43</ele></trkpt>
      <trkpt lat="50.723974999999996" lon="15.538673999999999"><ele>908.77</ele></trkpt>
      <trkpt lat="50.723879" lon="15.538452999999999"><ele>910.7</ele></trkpt>
      <trkpt lat="50.723796" lon="15.538324999999999"><ele>912.02</ele></trkpt>
      <trkpt lat="50.723543" lon="15.538058999999999"><ele>915.47</ele></trkpt>
      <trkpt lat="50.722867" lon="15.537573"><ele>924.05</ele></trkpt>
      <trkpt lat="50.722246" lon="15.537071999999998"><ele>932.35</ele></trkpt>
      <trkpt lat="50.722066" lon="15.536861"><ele>934.81</ele></trkpt>
      <trkpt lat="50.721644" lon="15.536092"><ele>941.81</ele></trkpt>
      <trkpt lat="50.721562" lon="15.535922999999999"><ele>943.79</ele></trkpt>
      <trkpt lat="50.721520999999996" lon="15.5358"><ele>945.31</ele></trkpt>
      <trkpt lat="50.721502" lon="15.535606999999999"><ele>946.97</ele></trkpt>
      <trkpt lat="50.721509" lon="15.535494"><ele>947.55</ele></trkpt>
      <trkpt lat="50.721601" lon="15.535006"><ele>949.45</ele></trkpt>
      <trkpt lat="50.721664999999994" lon="15.534752"><ele>948.96</ele></trkpt>
      <trkpt lat="50.72192" lon="15.534294"><ele>948.45</ele></trkpt>
      <trkpt lat="50.72192" lon="15.534294"><ele>948.45</ele></trkpt>
      <trkpt lat="50.72192" lon="15.534294"><ele>948.45</ele></trkpt>
      <trkpt lat="50.72192" lon="15.534294"><ele>948.45</ele></trkpt>
      <trkpt lat="50.72192" lon="15.534294"><ele>948.45</ele></trkpt>
      <trkpt lat="50.723588" lon="15.532903999999998"><ele>952.4</ele></trkpt>
      <trkpt lat="50.724872" lon="15.532046999999999"><ele>951.24</ele></trkpt>
      <trkpt lat="50.72606" lon="15.531068"><ele>950.08</ele></trkpt>
      <trkpt lat="50.726555" lon="15.530603999999999"><ele>950.54</ele></trkpt>
      <trkpt lat="50.727154" lon="15.530024"><ele>950.73</ele></trkpt>
      <trkpt lat="50.727312999999995" lon="15.529784"><ele>950.9</ele></trkpt>
      <trkpt lat="50.727498999999995" lon="15.529112999999999"><ele>950.59</ele></trkpt>
      <trkpt lat="50.727565" lon="15.528709999999998"><ele>950.1</ele></trkpt>
      <trkpt lat="50.727596" lon="15.527111999999999"><ele>946.56</ele></trkpt>
      <trkpt lat="50.727678999999995" lon="15.526053999999998"><ele>943.63</ele></trkpt>
      <trkpt lat="50.727909999999994" lon="15.524733999999999"><ele>938.18</ele></trkpt>
      <trkpt lat="50.728083" lon="15.524325"><ele>936.05</ele></trkpt>
      <trkpt lat="50.728317" lon="15.524042"><ele>934.18</ele></trkpt>
      <trkpt lat="50.729177" lon="15.52348"><ele>930.28</ele></trkpt>
      <trkpt lat="50.729495" lon="15.523157999999999"><ele>929.44</ele></trkpt>
      <trkpt lat="50.730239999999995" lon="15.522138"><ele>928.21</ele></trkpt>
      <trkpt lat="50.730537" lon="15.521478"><ele>926.42</ele></trkpt>
      <trkpt lat="50.730844" lon="15.520322"><ele>919.26</ele></trkpt>
      <trkpt lat="50.7311" lon="15.519608"><ele>913.21</ele></trkpt>
      <trkpt lat="50.731728" lon="15.518222999999999"><ele>903.74</ele></trkpt>
      <trkpt lat="50.73188" lon="15.518004999999999"><ele>902.2</ele></trkpt>
      <trkpt lat="50.73188" lon="15.518004999999999"><ele>902.2</ele></trkpt>
      <trkpt lat="50.73188" lon="15.518004999999999"><ele>902.2</ele></trkpt>
      <trkpt lat="50.73188" lon="15.518004999999999"><ele>902.2</ele></trkpt>
      <trkpt lat="50.73188" lon="15.518004999999999"><ele>902.2</ele></trkpt>
      <trkpt lat="50.732620999999995" lon="15.517662999999999"><ele>897.75</ele></trkpt>
      <trkpt lat="50.733284" lon="15.517294999999999"><ele>895.3</ele></trkpt>
      <trkpt lat="50.734766" lon="15.516845"><ele>899.15</ele></trkpt>
      <trkpt lat="50.734876" lon="15.516743"><ele>899.01</ele></trkpt>
      <trkpt lat="50.734893" lon="15.516663"><ele>898.48</ele></trkpt>
      <trkpt lat="50.734851" lon="15.516582"><ele>898.68</ele></trkpt>
      <trkpt lat="50.73477" lon="15.516554"><ele>898.51</ele></trkpt>
      <trkpt lat="50.734676" lon="15.516504"><ele>898.44</ele></trkpt>
      <trkpt lat="50.734421999999995" lon="15.51649"><ele>897.34</ele></trkpt>
      <trkpt lat="50.734148" lon="15.516532999999999"><ele>896.33</ele></trkpt>
      <trkpt lat="50.733753" lon="15.516442999999999"><ele>895.34</ele></trkpt>
      <trkpt lat="50.734604999999995" lon="15.516157999999999"><ele>906.12</ele></trkpt>
      <trkpt lat="50.735498" lon="15.516031"><ele>916.36</ele></trkpt>
      <trkpt lat="50.73573" lon="15.515982999999999"><ele>919.14</ele></trkpt>
      <trkpt lat="50.736048" lon="15.515863999999999"><ele>923.19</ele></trkpt>
      <trkpt lat="50.736256999999995" lon="15.515818"><ele>925.93</ele></trkpt>
      <trkpt lat="50.736802999999995" lon="15.515761"><ele>932.91</ele></trkpt>
      <trkpt lat="50.736999999999995" lon="15.515772"><ele>935.25</ele></trkpt>
      <trkpt lat="50.737282" lon="15.515827"><ele>938.61</ele></trkpt>
      <trkpt lat="50.737533" lon="15.515816"><ele>941.52</ele></trkpt>
      <trkpt lat="50.737677999999995" lon="15.515773999999999"><ele>943.21</ele></trkpt>
      <trkpt lat="50.737857" lon="15.515701"><ele>945.32</ele></trkpt>
      <trkpt lat="50.738276" lon="15.515438"><ele>950.47</ele></trkpt>
      <trkpt lat="50.73898" lon="15.51513"><ele>957.39</ele></trkpt>
      <trkpt lat="50.73912" lon="15.515084"><ele>958.45</ele></trkpt>
      <trkpt lat="50.739725" lon="15.514949999999999"><ele>962.84</ele></trkpt>
      <trkpt lat="50.740279" lon="15.514811"><ele>966.89</ele></trkpt>
      <trkpt lat="50.740542" lon="15.514717"><ele>968.97</ele></trkpt>
      <trkpt lat="50.740542" lon="15.514717"><ele>968.97</ele></trkpt>
      <trkpt lat="50.741555999999996" lon="15.514225999999999"><ele>978</ele></trkpt>
      <trkpt lat="50.741718" lon="15.514166"><ele>979.73</ele></trkpt>
      <trkpt lat="50.741895" lon="15.514154999999999"><ele>981.73</ele></trkpt>
      <trkpt lat="50.742097" lon="15.514171"><ele>984.19</ele></trkpt>
      <trkpt lat="50.742228" lon="15.514164"><ele>985.9</ele></trkpt>
      <trkpt lat="50.742618" lon="15.514021999999999"><ele>990.95</ele></trkpt>
      <trkpt lat="50.742768999999996" lon="15.514007"><ele>992.91</ele></trkpt>
      <trkpt lat="50.742933" lon="15.514025"><ele>995.18</ele></trkpt>
      <trkpt lat="50.743038" lon="15.514118999999999"><ele>996.66</ele></trkpt>
      <trkpt lat="50.743123999999995" lon="15.51418"><ele>997.58</ele></trkpt>
      <trkpt lat="50.743238" lon="15.514263"><ele>998.51</ele></trkpt>
      <trkpt lat="50.743294999999996" lon="15.514265"><ele>999.31</ele></trkpt>
      <trkpt lat="50.743334999999995" lon="15.514237"><ele>1000.3</ele></trkpt>
      <trkpt lat="50.743351999999994" lon="15.514266999999998"><ele>1000.58</ele></trkpt>
      <trkpt lat="50.743351999999994" lon="15.514266999999998"><ele>1000.58</ele></trkpt>
      <trkpt lat="50.743334999999995" lon="15.514237"><ele>1000.3</ele></trkpt>
      <trkpt lat="50.743351" lon="15.514173"><ele>1001.55</ele></trkpt>
      <trkpt lat="50.743339999999996" lon="15.514114999999999"><ele>1002.53</ele></trkpt>
      <trkpt lat="50.74333" lon="15.514059"><ele>1003.5</ele></trkpt>
      <trkpt lat="50.743282" lon="15.513921"><ele>1005.03</ele></trkpt>
      <trkpt lat="50.742835" lon="15.513333999999999"><ele>1011.11</ele></trkpt>
      <trkpt lat="50.742580999999994" lon="15.513038"><ele>1014.23</ele></trkpt>
      <trkpt lat="50.742402" lon="15.512865999999999"><ele>1016.31</ele></trkpt>
      <trkpt lat="50.742239" lon="15.512751"><ele>1018.24</ele></trkpt>
      <trkpt lat="50.741884" lon="15.512573"><ele>1021.99</ele></trkpt>
      <trkpt lat="50.741845999999995" lon="15.512509999999999"><ele>1022.48</ele></trkpt>
      <trkpt lat="50.74182" lon="15.512393999999999"><ele>1023.19</ele></trkpt>
      <trkpt lat="50.741816" lon="15.51229"><ele>1023.86</ele></trkpt>
      <trkpt lat="50.741827" lon="15.512122"><ele>1025.07</ele></trkpt>
      <trkpt lat="50.741879999999995" lon="15.511811999999999"><ele>1026.91</ele></trkpt>
      <trkpt lat="50.741879999999995" lon="15.511811999999999"><ele>1026.91</ele></trkpt>
      <trkpt lat="50.741884" lon="15.511813"><ele>1026</ele></trkpt>
      <trkpt lat="50.742663" lon="15.512042"><ele>1031.93</ele></trkpt>
      <trkpt lat="50.742854" lon="15.512082"><ele>1034.24</ele></trkpt>
      <trkpt lat="50.743379999999995" lon="15.512082999999999"><ele>1041.67</ele></trkpt>
      <trkpt lat="50.743703" lon="15.512113"><ele>1049.93</ele></trkpt>
      <trkpt lat="50.743703" lon="15.512113"><ele>1049.93</ele></trkpt>
      <trkpt lat="50.744523" lon="15.512189999999999"><ele>1058.2</ele></trkpt>
      <trkpt lat="50.744802" lon="15.512227999999999"><ele>1062.64</ele></trkpt>
      <trkpt lat="50.745214999999995" lon="15.512246999999999"><ele>1070.65</ele></trkpt>
      <trkpt lat="50.745810999999996" lon="15.512321"><ele>1084.77</ele></trkpt>
      <trkpt lat="50.747049" lon="15.512398"><ele>1116.95</ele></trkpt>
      <trkpt lat="50.747128" lon="15.512407"><ele>1119</ele></trkpt>
      <trkpt lat="50.747343" lon="15.512462999999999"><ele>1124.63</ele></trkpt>
      <trkpt lat="50.747504" lon="15.51244"><ele>1129.13</ele></trkpt>
      <trkpt lat="50.747504" lon="15.51244"><ele>1129.13</ele></trkpt>
      <trkpt lat="50.747343" lon="15.512462999999999"><ele>1124.63</ele></trkpt>
      <trkpt lat="50.747128" lon="15.512407"><ele>1119</ele></trkpt>
      <trkpt lat="50.747049" lon="15.512398"><ele>1116.95</ele></trkpt>
      <trkpt lat="50.745810999999996" lon="15.512321"><ele>1084.77</ele></trkpt>
      <trkpt lat="50.745214999999995" lon="15.512246999999999"><ele>1070.65</ele></trkpt>
      <trkpt lat="50.744802" lon="15.512227999999999"><ele>1062.64</ele></trkpt>
      <trkpt lat="50.744523" lon="15.512189999999999"><ele>1058.2</ele></trkpt>
      <trkpt lat="50.743379999999995" lon="15.512082999999999"><ele>1041.67</ele></trkpt>
      <trkpt lat="50.742854" lon="15.512082"><ele>1034.24</ele></trkpt>
      <trkpt lat="50.742663" lon="15.512042"><ele>1031.93</ele></trkpt>
      <trkpt lat="50.741884" lon="15.511813"><ele>1026</ele></trkpt>
      <trkpt lat="50.741203999999996" lon="15.511718"><ele>1027.82</ele></trkpt>
      <trkpt lat="50.74096" lon="15.511667999999998"><ele>1028.65</ele></trkpt>
      <trkpt lat="50.74078" lon="15.511581"><ele>1029.26</ele></trkpt>
      <trkpt lat="50.740513" lon="15.511427"><ele>1030.44</ele></trkpt>
      <trkpt lat="50.740333" lon="15.511289999999999"><ele>1031.89</ele></trkpt>
      <trkpt lat="50.740286" lon="15.511199999999999"><ele>1032.5</ele></trkpt>
      <trkpt lat="50.740196" lon="15.510919999999999"><ele>1033.02</ele></trkpt>
      <trkpt lat="50.740151999999995" lon="15.510736"><ele>1033.1</ele></trkpt>
      <trkpt lat="50.740126" lon="15.510392999999999"><ele>1032.29</ele></trkpt>
      <trkpt lat="50.740091" lon="15.510102999999999"><ele>1030.66</ele></trkpt>
      <trkpt lat="50.740026" lon="15.509803999999999"><ele>1029.16</ele></trkpt>
      <trkpt lat="50.739686999999996" lon="15.509326999999999"><ele>1028.96</ele></trkpt>
      <trkpt lat="50.739391999999995" lon="15.508968999999999"><ele>1028.38</ele></trkpt>
      <trkpt lat="50.739405" lon="15.508982"><ele>1028.59</ele></trkpt>
      <trkpt lat="50.739141" lon="15.508718"><ele>1028.17</ele></trkpt>
      <trkpt lat="50.738608" lon="15.508289999999999"><ele>1026.63</ele></trkpt>
      <trkpt lat="50.738444" lon="15.508227999999999"><ele>1026</ele></trkpt>
      <trkpt lat="50.738167" lon="15.508223"><ele>1024.78</ele></trkpt>
      <trkpt lat="50.737849" lon="15.508299"><ele>1023.1</ele></trkpt>
      <trkpt lat="50.737711999999995" lon="15.508353"><ele>1022.34</ele></trkpt>
      <trkpt lat="50.737334" lon="15.508569999999999"><ele>1020.25</ele></trkpt>
      <trkpt lat="50.737051" lon="15.508628"><ele>1018.96</ele></trkpt>
      <trkpt lat="50.736647999999995" lon="15.508626"><ele>1017.54</ele></trkpt>
      <trkpt lat="50.736452" lon="15.5086"><ele>1017.28</ele></trkpt>
      <trkpt lat="50.736156" lon="15.508498"><ele>1017.45</ele></trkpt>
      <trkpt lat="50.735482999999995" lon="15.508215"><ele>1019.73</ele></trkpt>
      <trkpt lat="50.734089999999995" lon="15.507280999999999"><ele>1024.72</ele></trkpt>
      <trkpt lat="50.732783999999995" lon="15.506589"><ele>1029.65</ele></trkpt>
      <trkpt lat="50.732385" lon="15.506305"><ele>1031.45</ele></trkpt>
      <trkpt lat="50.732051" lon="15.506013999999999"><ele>1032.76</ele></trkpt>
      <trkpt lat="50.731854999999996" lon="15.505917"><ele>1033.39</ele></trkpt>
      <trkpt lat="50.731581" lon="15.505813"><ele>1034.13</ele></trkpt>
      <trkpt lat="50.731161" lon="15.505673"><ele>1035.41</ele></trkpt>
      <trkpt lat="50.730976" lon="15.505576999999999"><ele>1035.84</ele></trkpt>
      <trkpt lat="50.730759" lon="15.505446"><ele>1036.27</ele></trkpt>
      <trkpt lat="50.730633999999995" lon="15.505310999999999"><ele>1036.14</ele></trkpt>
      <trkpt lat="50.730453999999995" lon="15.505056999999999"><ele>1036</ele></trkpt>
      <trkpt lat="50.730374" lon="15.504906"><ele>1035.98</ele></trkpt>
      <trkpt lat="50.72999" lon="15.503979999999999"><ele>1034.43</ele></trkpt>
      <trkpt lat="50.729866" lon="15.503758"><ele>1033.54</ele></trkpt>
      <trkpt lat="50.729574" lon="15.503362999999998"><ele>1031.11</ele></trkpt>
      <trkpt lat="50.729363" lon="15.50302"><ele>1028.77</ele></trkpt>
      <trkpt lat="50.729065999999996" lon="15.502286"><ele>1024.51</ele></trkpt>
      <trkpt lat="50.72878" lon="15.501755999999999"><ele>1021.23</ele></trkpt>
      <trkpt lat="50.728241" lon="15.500653999999999"><ele>1014.63</ele></trkpt>
      <trkpt lat="50.728092" lon="15.500428"><ele>1013.05</ele></trkpt>
      <trkpt lat="50.727903" lon="15.500193"><ele>1011.12</ele></trkpt>
      <trkpt lat="50.727672999999996" lon="15.499977999999999"><ele>1008.89</ele></trkpt>
      <trkpt lat="50.727483" lon="15.499867"><ele>1007.2</ele></trkpt>
      <trkpt lat="50.727129" lon="15.499749"><ele>1004.14</ele></trkpt>
      <trkpt lat="50.726842" lon="15.499751"><ele>1001.73</ele></trkpt>
      <trkpt lat="50.726164" lon="15.499901"><ele>996.38</ele></trkpt>
      <trkpt lat="50.725522" lon="15.500197"><ele>991.31</ele></trkpt>
      <trkpt lat="50.725345" lon="15.500257999999999"><ele>990.31</ele></trkpt>
      <trkpt lat="50.725223" lon="15.500264999999999"><ele>989.57</ele></trkpt>
      <trkpt lat="50.724987999999996" lon="15.500202999999999"><ele>987.95</ele></trkpt>
      <trkpt lat="50.72482" lon="15.500095"><ele>986.75</ele></trkpt>
      <trkpt lat="50.724143999999995" lon="15.499353999999999"><ele>980.5</ele></trkpt>
      <trkpt lat="50.723966" lon="15.499227"><ele>978.95</ele></trkpt>
      <trkpt lat="50.723839999999996" lon="15.499170999999999"><ele>977.92</ele></trkpt>
      <trkpt lat="50.723715999999996" lon="15.499146"><ele>976.94</ele></trkpt>
      <trkpt lat="50.723518999999996" lon="15.499153999999999"><ele>975.4</ele></trkpt>
      <trkpt lat="50.722989999999996" lon="15.499269"><ele>971.42</ele></trkpt>
      <trkpt lat="50.722711999999994" lon="15.499274999999999"><ele>969.41</ele></trkpt>
      <trkpt lat="50.722488999999996" lon="15.499315"><ele>967.73</ele></trkpt>
      <trkpt lat="50.722210999999994" lon="15.499308999999998"><ele>965.6</ele></trkpt>
      <trkpt lat="50.721668" lon="15.499163"><ele>961.46</ele></trkpt>
      <trkpt lat="50.721447" lon="15.499061999999999"><ele>959.67</ele></trkpt>
      <trkpt lat="50.720870999999995" lon="15.498705"><ele>955.12</ele></trkpt>
      <trkpt lat="50.720735999999995" lon="15.498645999999999"><ele>954.06</ele></trkpt>
      <trkpt lat="50.720492" lon="15.498591"><ele>952.18</ele></trkpt>
      <trkpt lat="50.720492" lon="15.498591"><ele>952.18</ele></trkpt>
      <trkpt lat="50.720492" lon="15.498591"><ele>952.18</ele></trkpt>
      <trkpt lat="50.720492" lon="15.498591"><ele>952.18</ele></trkpt>
      <trkpt lat="50.720492" lon="15.498591"><ele>952.18</ele></trkpt>
      <trkpt lat="50.719863" lon="15.498586999999999"><ele>947.42</ele></trkpt>
      <trkpt lat="50.719595999999996" lon="15.498552"><ele>945.41</ele></trkpt>
      <trkpt lat="50.719116" lon="15.498463"><ele>941.89</ele></trkpt>
      <trkpt lat="50.718928" lon="15.498465"><ele>940.58</ele></trkpt>
      <trkpt lat="50.718421" lon="15.498541999999999"><ele>937.19</ele></trkpt>
      <trkpt lat="50.718179" lon="15.498545"><ele>935.52</ele></trkpt>
      <trkpt lat="50.717895" lon="15.498501"><ele>933.49</ele></trkpt>
      <trkpt lat="50.717347" lon="15.498501"><ele>929.61</ele></trkpt>
      <trkpt lat="50.717208" lon="15.498548"><ele>928.54</ele></trkpt>
      <trkpt lat="50.717155999999996" lon="15.498598"><ele>928.08</ele></trkpt>
      <trkpt lat="50.717130999999995" lon="15.498643999999999"><ele>927.79</ele></trkpt>
      <trkpt lat="50.717061" lon="15.498875"><ele>926.6</ele></trkpt>
      <trkpt lat="50.717045" lon="15.499056"><ele>925.75</ele></trkpt>
      <trkpt lat="50.717061" lon="15.499521999999999"><ele>923.58</ele></trkpt>
      <trkpt lat="50.717102" lon="15.499766"><ele>922.4</ele></trkpt>
      <trkpt lat="50.717306" lon="15.500499"><ele>919.08</ele></trkpt>
      <trkpt lat="50.717349" lon="15.500696999999999"><ele>918.23</ele></trkpt>
      <trkpt lat="50.717396" lon="15.501112"><ele>916.55</ele></trkpt>
      <trkpt lat="50.717391" lon="15.501422999999999"><ele>915.35</ele></trkpt>
      <trkpt lat="50.717358999999995" lon="15.501771"><ele>914.02</ele></trkpt>
      <trkpt lat="50.717259999999996" lon="15.502381999999999"><ele>911.47</ele></trkpt>
      <trkpt lat="50.717064" lon="15.50319"><ele>907.94</ele></trkpt>
      <trkpt lat="50.71687" lon="15.503819"><ele>905.05</ele></trkpt>
      <trkpt lat="50.716764" lon="15.50408"><ele>903.71</ele></trkpt>
      <trkpt lat="50.716257" lon="15.505186"><ele>898.26</ele></trkpt>
      <trkpt lat="50.716116" lon="15.505478"><ele>896.78</ele></trkpt>
      <trkpt lat="50.715931999999995" lon="15.505804999999999"><ele>895.08</ele></trkpt>
      <trkpt lat="50.715754" lon="15.506043"><ele>893.66</ele></trkpt>
      <trkpt lat="50.715405" lon="15.506411"><ele>890.87</ele></trkpt>
      <trkpt lat="50.715122" lon="15.506649"><ele>888.98</ele></trkpt>
      <trkpt lat="50.714968" lon="15.506753"><ele>888.02</ele></trkpt>
      <trkpt lat="50.714746999999996" lon="15.506844999999998"><ele>886.68</ele></trkpt>
      <trkpt lat="50.714579" lon="15.506879"><ele>885.72</ele></trkpt>
      <trkpt lat="50.714068" lon="15.506877999999999"><ele>883.31</ele></trkpt>
      <trkpt lat="50.713446" lon="15.506718"><ele>880.67</ele></trkpt>
      <trkpt lat="50.713043" lon="15.506706999999999"><ele>878.73</ele></trkpt>
      <trkpt lat="50.712753" lon="15.506775"><ele>877.01</ele></trkpt>
      <trkpt lat="50.712399999999995" lon="15.506914"><ele>874.56</ele></trkpt>
      <trkpt lat="50.711638" lon="15.507105"><ele>869.13</ele></trkpt>
      <trkpt lat="50.711638" lon="15.507105"><ele>869.13</ele></trkpt>
      <trkpt lat="50.711638" lon="15.507105"><ele>869.13</ele></trkpt>
      <trkpt lat="50.711638" lon="15.507105"><ele>869.13</ele></trkpt>
      <trkpt lat="50.711638" lon="15.507105"><ele>869.13</ele></trkpt>
      <trkpt lat="50.711793" lon="15.506919"><ele>867.5</ele></trkpt>
      <trkpt lat="50.712846" lon="15.505519999999999"><ele>856.51</ele></trkpt>
      <trkpt lat="50.712919" lon="15.505459"><ele>855.91</ele></trkpt>
      <trkpt lat="50.712993" lon="15.505419999999999"><ele>855.36</ele></trkpt>
      <trkpt lat="50.713072999999994" lon="15.505396"><ele>854.78</ele></trkpt>
      <trkpt lat="50.713237" lon="15.505388"><ele>853.65</ele></trkpt>
      <trkpt lat="50.713772999999996" lon="15.505446"><ele>850.86</ele></trkpt>
      <trkpt lat="50.713913999999995" lon="15.505436"><ele>850.36</ele></trkpt>
      <trkpt lat="50.714014999999996" lon="15.505415"><ele>850.09</ele></trkpt>
      <trkpt lat="50.714124" lon="15.505367999999999"><ele>849.86</ele></trkpt>
      <trkpt lat="50.714200999999996" lon="15.505315999999999"><ele>849.75</ele></trkpt>
      <trkpt lat="50.714380999999996" lon="15.505125999999999"><ele>849.7</ele></trkpt>
      <trkpt lat="50.714515" lon="15.50497"><ele>849.9</ele></trkpt>
      <trkpt lat="50.714648" lon="15.504776999999999"><ele>850.23</ele></trkpt>
      <trkpt lat="50.714769" lon="15.504557"><ele>850.72</ele></trkpt>
      <trkpt lat="50.714895999999996" lon="15.504294"><ele>851.36</ele></trkpt>
      <trkpt lat="50.714974999999995" lon="15.504093999999998"><ele>851.66</ele></trkpt>
      <trkpt lat="50.715053" lon="15.503865999999999"><ele>851.88</ele></trkpt>
      <trkpt lat="50.715157999999995" lon="15.50343"><ele>851.9</ele></trkpt>
      <trkpt lat="50.715185999999996" lon="15.503127999999998"><ele>851.55</ele></trkpt>
      <trkpt lat="50.715182" lon="15.502949999999998"><ele>851.22</ele></trkpt>
      <trkpt lat="50.715167" lon="15.502747"><ele>850.72</ele></trkpt>
      <trkpt lat="50.714976" lon="15.501187999999999"><ele>844.99</ele></trkpt>
      <trkpt lat="50.714897" lon="15.500663999999999"><ele>843.67</ele></trkpt>
      <trkpt lat="50.714745" lon="15.499937"><ele>842.21</ele></trkpt>
      <trkpt lat="50.714603" lon="15.499431999999999"><ele>841.21</ele></trkpt>
      <trkpt lat="50.714067" lon="15.497971"><ele>837.34</ele></trkpt>
      <trkpt lat="50.713876" lon="15.497314"><ele>835.99</ele></trkpt>
      <trkpt lat="50.713736999999995" lon="15.496625"><ele>834.85</ele></trkpt>
      <trkpt lat="50.713705" lon="15.496404"><ele>834.46</ele></trkpt>
      <trkpt lat="50.713654999999996" lon="15.495744"><ele>833.32</ele></trkpt>
      <trkpt lat="50.713623" lon="15.495147999999999"><ele>831.77</ele></trkpt>
      <trkpt lat="50.713639" lon="15.494937"><ele>831.54</ele></trkpt>
      <trkpt lat="50.713688999999995" lon="15.494681"><ele>830.91</ele></trkpt>
      <trkpt lat="50.71375" lon="15.494504999999998"><ele>830.28</ele></trkpt>
      <trkpt lat="50.713936" lon="15.49415"><ele>828.43</ele></trkpt>
      <trkpt lat="50.714059" lon="15.493958"><ele>826.87</ele></trkpt>
      <trkpt lat="50.714191" lon="15.493815"><ele>825.43</ele></trkpt>
      <trkpt lat="50.714358" lon="15.493684"><ele>823.98</ele></trkpt>
      <trkpt lat="50.714771" lon="15.493500999999998"><ele>820.82</ele></trkpt>
      <trkpt lat="50.714934" lon="15.493464"><ele>819.78</ele></trkpt>
      <trkpt lat="50.715517" lon="15.493471999999999"><ele>817.13</ele></trkpt>
      <trkpt lat="50.715875" lon="15.493488"><ele>816.86</ele></trkpt>
      <trkpt lat="50.716063" lon="15.49352"><ele>817.56</ele></trkpt>
      <trkpt lat="50.716195" lon="15.493521999999999"><ele>817.67</ele></trkpt>
      <trkpt lat="50.716409999999996" lon="15.493447999999999"><ele>817.52</ele></trkpt>
      <trkpt lat="50.716859" lon="15.493122999999999"><ele>816.64</ele></trkpt>
      <trkpt lat="50.717684" lon="15.492344999999998"><ele>813.32</ele></trkpt>
      <trkpt lat="50.718879" lon="15.491361"><ele>808.48</ele></trkpt>
      <trkpt lat="50.719685999999996" lon="15.490618"><ele>805.4</ele></trkpt>
      <trkpt lat="50.720431" lon="15.490018999999998"><ele>801.99</ele></trkpt>
      <trkpt lat="50.720555999999995" lon="15.489906999999999"><ele>801.13</ele></trkpt>
      <trkpt lat="50.720799" lon="15.489616"><ele>799.09</ele></trkpt>
      <trkpt lat="50.72135" lon="15.488781"><ele>791.6</ele></trkpt>
      <trkpt lat="50.721484999999994" lon="15.488534999999999"><ele>789.25</ele></trkpt>
      <trkpt lat="50.721757" lon="15.487851"><ele>783.94</ele></trkpt>
      <trkpt lat="50.722469999999994" lon="15.485843"><ele>771.88</ele></trkpt>
      <trkpt lat="50.722505" lon="15.485686999999999"><ele>770.92</ele></trkpt>
      <trkpt lat="50.722521" lon="15.485577999999999"><ele>770.16</ele></trkpt>
      <trkpt lat="50.722527" lon="15.485484999999999"><ele>769.56</ele></trkpt>
      <trkpt lat="50.722522999999995" lon="15.485384999999999"><ele>769.17</ele></trkpt>
      <trkpt lat="50.722608" lon="15.485249"><ele>767.47</ele></trkpt>
      <trkpt lat="50.722608" lon="15.485249"><ele>767.47</ele></trkpt>
      <trkpt lat="50.722608" lon="15.485249"><ele>767.47</ele></trkpt>
      <trkpt lat="50.722608" lon="15.485249"><ele>767.47</ele></trkpt>
      <trkpt lat="50.722608" lon="15.485249"><ele>767.47</ele></trkpt>
      <trkpt lat="50.722578999999996" lon="15.484712"><ele>762.43</ele></trkpt>
      <trkpt lat="50.722556" lon="15.484497"><ele>761.25</ele></trkpt>
      <trkpt lat="50.722519" lon="15.483982"><ele>755.94</ele></trkpt>
      <trkpt lat="50.7225" lon="15.483454"><ele>750.81</ele></trkpt>
      <trkpt lat="50.722561" lon="15.48302"><ele>745.96</ele></trkpt>
      <trkpt lat="50.722694" lon="15.482671"><ele>740.78</ele></trkpt>
      <trkpt lat="50.722792999999996" lon="15.482491999999999"><ele>737.73</ele></trkpt>
      <trkpt lat="50.722808" lon="15.482154"><ele>735.52</ele></trkpt>
      <trkpt lat="50.722826999999995" lon="15.480478"><ele>727.91</ele></trkpt>
      <trkpt lat="50.722846" lon="15.480175"><ele>726.5</ele></trkpt>
      <trkpt lat="50.722893" lon="15.479842"><ele>724.95</ele></trkpt>
      <trkpt lat="50.722905999999995" lon="15.479550999999999"><ele>723.74</ele></trkpt>
      <trkpt lat="50.722908999999994" lon="15.479230999999999"><ele>722.57</ele></trkpt>
      <trkpt lat="50.722867" lon="15.478859"><ele>721.4</ele></trkpt>
      <trkpt lat="50.722704" lon="15.477951"><ele>718.36</ele></trkpt>
      <trkpt lat="50.722685" lon="15.477753"><ele>717.64</ele></trkpt>
      <trkpt lat="50.722732" lon="15.477053999999999"><ele>714.87</ele></trkpt>
      <trkpt lat="50.722732" lon="15.476878"><ele>714.11</ele></trkpt>
      <trkpt lat="50.722708999999995" lon="15.47663"><ele>713.01</ele></trkpt>
      <trkpt lat="50.722569" lon="15.475836"><ele>709.72</ele></trkpt>
      <trkpt lat="50.722485999999996" lon="15.475194"><ele>707.19</ele></trkpt>
      <trkpt lat="50.722435999999995" lon="15.474971"><ele>706.26</ele></trkpt>
      <trkpt lat="50.722269999999995" lon="15.474451"><ele>704.13</ele></trkpt>
      <trkpt lat="50.721841" lon="15.473417999999999"><ele>700.04</ele></trkpt>
      <trkpt lat="50.721762999999996" lon="15.473106"><ele>698.85</ele></trkpt>
      <trkpt lat="50.721689" lon="15.472567"><ele>696.3</ele></trkpt>
      <trkpt lat="50.721624999999996" lon="15.471796999999999"><ele>692.92</ele></trkpt>
      <trkpt lat="50.721585999999995" lon="15.471468999999999"><ele>691.6</ele></trkpt>
      <trkpt lat="50.721399" lon="15.470581999999999"><ele>688.05</ele></trkpt>
      <trkpt lat="50.721303" lon="15.469902999999999"><ele>685.59</ele></trkpt>
      <trkpt lat="50.721227999999996" lon="15.469660999999999"><ele>685.1</ele></trkpt>
      <trkpt lat="50.721126" lon="15.469427"><ele>685.09</ele></trkpt>
      <trkpt lat="50.720766" lon="15.46881"><ele>684.76</ele></trkpt>
      <trkpt lat="50.720695" lon="15.468611"><ele>684.64</ele></trkpt>
      <trkpt lat="50.720413" lon="15.467561"><ele>683.99</ele></trkpt>
      <trkpt lat="50.720048999999996" lon="15.466624999999999"><ele>685.03</ele></trkpt>
      <trkpt lat="50.719929" lon="15.466453999999999"><ele>685.56</ele></trkpt>
      <trkpt lat="50.719789" lon="15.466322"><ele>686.11</ele></trkpt>
      <trkpt lat="50.719255" lon="15.465952999999999"><ele>688.8</ele></trkpt>
      <trkpt lat="50.719091999999996" lon="15.465601"><ele>688.98</ele></trkpt>
      <trkpt lat="50.719072" lon="15.465484"><ele>689.03</ele></trkpt>
      <trkpt lat="50.719065" lon="15.465368"><ele>689.07</ele></trkpt>
      <trkpt lat="50.719114" lon="15.464972"><ele>689.29</ele></trkpt>
      <trkpt lat="50.719114" lon="15.464972"><ele>689.29</ele></trkpt>
      <trkpt lat="50.719114" lon="15.464972"><ele>689.29</ele></trkpt>
      <trkpt lat="50.719114" lon="15.464972"><ele>689.29</ele></trkpt>
      <trkpt lat="50.719114" lon="15.464972"><ele>689.29</ele></trkpt>
      <trkpt lat="50.719260999999996" lon="15.465031"><ele>688.68</ele></trkpt>
      <trkpt lat="50.719398" lon="15.464951"><ele>687.75</ele></trkpt>
      <trkpt lat="50.719864" lon="15.464445"><ele>682.57</ele></trkpt>
      <trkpt lat="50.72056" lon="15.463548999999999"><ele>672.38</ele></trkpt>
      <trkpt lat="50.722231" lon="15.461333"><ele>643.64</ele></trkpt>
      <trkpt lat="50.72251" lon="15.460913"><ele>637.06</ele></trkpt>
      <trkpt lat="50.722805" lon="15.460533999999999"><ele>630.4</ele></trkpt>
      <trkpt lat="50.722854999999996" lon="15.460497"><ele>629.33</ele></trkpt>
      <trkpt lat="50.722746" lon="15.459612"><ele>628.17</ele></trkpt>
      <trkpt lat="50.722707" lon="15.45914"><ele>627.79</ele></trkpt>
      <trkpt lat="50.722697" lon="15.458907"><ele>627.84</ele></trkpt>
      <trkpt lat="50.722711" lon="15.458611999999999"><ele>628.09</ele></trkpt>
      <trkpt lat="50.72275" lon="15.458235"><ele>628.69</ele></trkpt>
      <trkpt lat="50.72276" lon="15.457872"><ele>629.61</ele></trkpt>
      <trkpt lat="50.722837" lon="15.457135999999998"><ele>631.52</ele></trkpt>
      <trkpt lat="50.722902" lon="15.456823"><ele>632.38</ele></trkpt>
      <trkpt lat="50.722978" lon="15.456633"><ele>632.75</ele></trkpt>
      <trkpt lat="50.723017999999996" lon="15.456513"><ele>632.65</ele></trkpt>
      <trkpt lat="50.723181" lon="15.456245"><ele>631.33</ele></trkpt>
      <trkpt lat="50.723669" lon="15.455979"><ele>622.5</ele></trkpt>
      <trkpt lat="50.725373" lon="15.455299"><ele>593.15</ele></trkpt>
      <trkpt lat="50.725491999999996" lon="15.455228"><ele>591.32</ele></trkpt>
      <trkpt lat="50.725550999999996" lon="15.455133"><ele>590.73</ele></trkpt>
      <trkpt lat="50.725621999999994" lon="15.454903"><ele>590.08</ele></trkpt>
      <trkpt lat="50.725657" lon="15.454848"><ele>589.72</ele></trkpt>
      <trkpt lat="50.726020999999996" lon="15.454555"><ele>584.57</ele></trkpt>
      <trkpt lat="50.726490999999996" lon="15.454054999999999"><ele>577.7</ele></trkpt>
      <trkpt lat="50.727125" lon="15.453443"><ele>567.31</ele></trkpt>
      <trkpt lat="50.727759999999996" lon="15.452895"><ele>555.48</ele></trkpt>
      <trkpt lat="50.728186" lon="15.452604"><ele>548.31</ele></trkpt>
      <trkpt lat="50.728393" lon="15.452585"><ele>545.41</ele></trkpt>
      <trkpt lat="50.728629999999995" lon="15.452637999999999"><ele>542.88</ele></trkpt>
      <trkpt lat="50.728719999999996" lon="15.452624"><ele>542.01</ele></trkpt>
      <trkpt lat="50.728832999999995" lon="15.452580999999999"><ele>540.91</ele></trkpt>
      <trkpt lat="50.728927" lon="15.452522"><ele>539.99</ele></trkpt>
      <trkpt lat="50.728992" lon="15.452447999999999"><ele>539.44</ele></trkpt>
      <trkpt lat="50.729046999999994" lon="15.451853"><ele>537.67</ele></trkpt>
      <trkpt lat="50.729282999999995" lon="15.451699"><ele>537.9</ele></trkpt>
      <trkpt lat="50.729319" lon="15.451628"><ele>538.09</ele></trkpt>
      <trkpt lat="50.729309" lon="15.451562"><ele>538.02</ele></trkpt>
      <trkpt lat="50.729211" lon="15.450783"><ele>536.46</ele></trkpt>
      <trkpt lat="50.729085" lon="15.449342"><ele>534.15</ele></trkpt>
      <trkpt lat="50.728956" lon="15.448032999999999"><ele>531.98</ele></trkpt>
      <trkpt lat="50.728922" lon="15.447602999999999"><ele>531.49</ele></trkpt>
      <trkpt lat="50.729592999999994" lon="15.447363"><ele>536.3</ele></trkpt>
      <trkpt lat="50.730055" lon="15.44727"><ele>540.57</ele></trkpt>
      <trkpt lat="50.730458999999996" lon="15.447220999999999"><ele>545.15</ele></trkpt>
      <trkpt lat="50.730593999999996" lon="15.447118999999999"><ele>546.96</ele></trkpt>
      <trkpt lat="50.730661999999995" lon="15.446962999999998"><ele>548.47</ele></trkpt>
      <trkpt lat="50.730782999999995" lon="15.446517"><ele>552.36</ele></trkpt>
      <trkpt lat="50.730928999999996" lon="15.4461"><ele>556.27</ele></trkpt>
      <trkpt lat="50.731004" lon="15.445832999999999"><ele>558.72</ele></trkpt>
      <trkpt lat="50.731047" lon="15.445355"><ele>562.56</ele></trkpt>
      <trkpt lat="50.731055999999995" lon="15.44496"><ele>565.7</ele></trkpt>
      <trkpt lat="50.731055" lon="15.444732"><ele>567.21</ele></trkpt>
      <trkpt lat="50.731032" lon="15.444479"><ele>568.65</ele></trkpt>
      <trkpt lat="50.731832" lon="15.443805999999999"><ele>581.9</ele></trkpt>
      <trkpt lat="50.731919999999995" lon="15.443681999999999"><ele>583.55</ele></trkpt>
      <trkpt lat="50.732085" lon="15.443403"><ele>586.71</ele></trkpt>
      <trkpt lat="50.732197" lon="15.443183"><ele>589.22</ele></trkpt>
      <trkpt lat="50.732248" lon="15.443118"><ele>590.03</ele></trkpt>
      <trkpt lat="50.732357" lon="15.443055"><ele>591.39</ele></trkpt>
      <trkpt lat="50.732566" lon="15.443003"><ele>593.71</ele></trkpt>
      <trkpt lat="50.732743" lon="15.442924999999999"><ele>595.7</ele></trkpt>
      <trkpt lat="50.732864" lon="15.442829999999999"><ele>597.4</ele></trkpt>
      <trkpt lat="50.733081999999996" lon="15.442509999999999"><ele>601.66</ele></trkpt>
      <trkpt lat="50.733579" lon="15.441666999999999"><ele>612.45</ele></trkpt>
      <trkpt lat="50.733657" lon="15.441519"><ele>614.28</ele></trkpt>
      <trkpt lat="50.733688" lon="15.441395"><ele>615.48</ele></trkpt>
      <trkpt lat="50.733728" lon="15.441113999999999"><ele>617.25</ele></trkpt>
      <trkpt lat="50.733931" lon="15.439589999999999"><ele>631</ele></trkpt>
      <trkpt lat="50.733973999999996" lon="15.439178"><ele>634.75</ele></trkpt>
      <trkpt lat="50.734023" lon="15.438410999999999"><ele>642.07</ele></trkpt>
      <trkpt lat="50.73406" lon="15.438127"><ele>645.02</ele></trkpt>
      <trkpt lat="50.734116" lon="15.437911"><ele>647.46</ele></trkpt>
      <trkpt lat="50.734432" lon="15.437161"><ele>657.94</ele></trkpt>
      <trkpt lat="50.73451" lon="15.436929999999998"><ele>661.25</ele></trkpt>
      <trkpt lat="50.734607999999994" lon="15.436708999999999"><ele>664.65</ele></trkpt>
      <trkpt lat="50.734770999999995" lon="15.436399999999999"><ele>669.64</ele></trkpt>
      <trkpt lat="50.73493" lon="15.4362"><ele>673.57</ele></trkpt>
      <trkpt lat="50.735139" lon="15.435846"><ele>679.24</ele></trkpt>
      <trkpt lat="50.735310999999996" lon="15.435443"><ele>684.29</ele></trkpt>
      <trkpt lat="50.735563" lon="15.434501"><ele>692.39</ele></trkpt>
      <trkpt lat="50.735661" lon="15.434306999999999"><ele>693.96</ele></trkpt>
      <trkpt lat="50.736163" lon="15.433691999999999"><ele>699.27</ele></trkpt>
      <trkpt lat="50.736255" lon="15.433553"><ele>699.93</ele></trkpt>
      <trkpt lat="50.736255" lon="15.433553"><ele>699.93</ele></trkpt>
      <trkpt lat="50.736255" lon="15.433553"><ele>699.93</ele></trkpt>
      <trkpt lat="50.736255" lon="15.433553"><ele>699.93</ele></trkpt>
      <trkpt lat="50.736255" lon="15.433553"><ele>699.93</ele></trkpt>
      <trkpt lat="50.736492999999996" lon="15.433574"><ele>702.09</ele></trkpt>
      <trkpt lat="50.736813999999995" lon="15.433629"><ele>704.86</ele></trkpt>
      <trkpt lat="50.736989" lon="15.433598"><ele>706.53</ele></trkpt>
      <trkpt lat="50.737144" lon="15.433603999999999"><ele>708.04</ele></trkpt>
      <trkpt lat="50.737463" lon="15.433656"><ele>711.3</ele></trkpt>
      <trkpt lat="50.737708" lon="15.433715999999999"><ele>714.01</ele></trkpt>
      <trkpt lat="50.738572" lon="15.434071"><ele>725.36</ele></trkpt>
      <trkpt lat="50.738752999999996" lon="15.434101"><ele>727.81</ele></trkpt>
      <trkpt lat="50.739107" lon="15.434102"><ele>732.88</ele></trkpt>
      <trkpt lat="50.739314" lon="15.434073999999999"><ele>735.79</ele></trkpt>
      <trkpt lat="50.73936" lon="15.433983"><ele>736.21</ele></trkpt>
      <trkpt lat="50.739475" lon="15.433874"><ele>737.29</ele></trkpt>
      <trkpt lat="50.739706999999996" lon="15.433684999999999"><ele>739.37</ele></trkpt>
      <trkpt lat="50.740500999999995" lon="15.433221999999999"><ele>744.86</ele></trkpt>
      <trkpt lat="50.740756999999995" lon="15.433126"><ele>746.27</ele></trkpt>
      <trkpt lat="50.740911" lon="15.433038999999999"><ele>747.15</ele></trkpt>
      <trkpt lat="50.744153999999995" lon="15.429825999999998"><ele>789.4</ele></trkpt>
      <trkpt lat="50.744341999999996" lon="15.429768999999999"><ele>791.34</ele></trkpt>
      <trkpt lat="50.744478" lon="15.429891"><ele>793.62</ele></trkpt>
      <trkpt lat="50.744577" lon="15.430088"><ele>796.11</ele></trkpt>
      <trkpt lat="50.744716" lon="15.430463999999999"><ele>800.24</ele></trkpt>
      <trkpt lat="50.744774" lon="15.430698"><ele>802.53</ele></trkpt>
      <trkpt lat="50.744893" lon="15.431401"><ele>808.27</ele></trkpt>
      <trkpt lat="50.744972999999995" lon="15.431598999999999"><ele>809.91</ele></trkpt>
      <trkpt lat="50.745397999999994" lon="15.432265999999998"><ele>816.11</ele></trkpt>
      <trkpt lat="50.745602999999996" lon="15.432461"><ele>818.48</ele></trkpt>
      <trkpt lat="50.745784" lon="15.43258"><ele>820.48</ele></trkpt>
      <trkpt lat="50.745858" lon="15.432614"><ele>821.3</ele></trkpt>
      <trkpt lat="50.746075999999995" lon="15.432611"><ele>823.42</ele></trkpt>
      <trkpt lat="50.746216" lon="15.432576"><ele>824.6</ele></trkpt>
      <trkpt lat="50.746465" lon="15.432557999999998"><ele>826.2</ele></trkpt>
      <trkpt lat="50.746716" lon="15.432471999999999"><ele>827.21</ele></trkpt>
      <trkpt lat="50.746807" lon="15.432423"><ele>827.51</ele></trkpt>
      <trkpt lat="50.747169" lon="15.432017"><ele>828.91</ele></trkpt>
      <trkpt lat="50.747344999999996" lon="15.431851"><ele>829.87</ele></trkpt>
      <trkpt lat="50.747524999999996" lon="15.431728"><ele>831.31</ele></trkpt>
      <trkpt lat="50.7478" lon="15.43161"><ele>834.28</ele></trkpt>
      <trkpt lat="50.748016" lon="15.431591999999998"><ele>837.13</ele></trkpt>
      <trkpt lat="50.748168" lon="15.431614"><ele>839.37</ele></trkpt>
      <trkpt lat="50.748864999999995" lon="15.431844"><ele>849.72</ele></trkpt>
      <trkpt lat="50.74904" lon="15.431947999999998"><ele>852.27</ele></trkpt>
      <trkpt lat="50.749407" lon="15.432326"><ele>857.99</ele></trkpt>
      <trkpt lat="50.749708999999996" lon="15.432571"><ele>861.59</ele></trkpt>
      <trkpt lat="50.749986" lon="15.432732999999999"><ele>864.38</ele></trkpt>
      <trkpt lat="50.750488" lon="15.432981999999999"><ele>868.56</ele></trkpt>
      <trkpt lat="50.750617999999996" lon="15.433022999999999"><ele>869.71</ele></trkpt>
      <trkpt lat="50.750909" lon="15.433052"><ele>872.6</ele></trkpt>
      <trkpt lat="50.75101" lon="15.433000999999999"><ele>873.76</ele></trkpt>
      <trkpt lat="50.75101" lon="15.433000999999999"><ele>873.76</ele></trkpt>
      <trkpt lat="50.75101" lon="15.433000999999999"><ele>873.76</ele></trkpt>
      <trkpt lat="50.75101" lon="15.433000999999999"><ele>873.76</ele></trkpt>
      <trkpt lat="50.75101" lon="15.433000999999999"><ele>873.76</ele></trkpt>
      <trkpt lat="50.751248999999994" lon="15.432815"><ele>876.89</ele></trkpt>
      <trkpt lat="50.751675" lon="15.432404"><ele>883.09</ele></trkpt>
      <trkpt lat="50.751853999999994" lon="15.432167999999999"><ele>885.99</ele></trkpt>
      <trkpt lat="50.752026" lon="15.431899"><ele>888.88</ele></trkpt>
      <trkpt lat="50.752202999999994" lon="15.431579999999999"><ele>891.9</ele></trkpt>
      <trkpt lat="50.75232" lon="15.431298"><ele>894.26</ele></trkpt>
      <trkpt lat="50.752376999999996" lon="15.431106999999999"><ele>895.64</ele></trkpt>
      <trkpt lat="50.752553" lon="15.430325"><ele>899.7</ele></trkpt>
      <trkpt lat="50.75272" lon="15.42978"><ele>901.69</ele></trkpt>
      <trkpt lat="50.752814" lon="15.42939"><ele>902.57</ele></trkpt>
      <trkpt lat="50.752871" lon="15.428778999999999"><ele>903.36</ele></trkpt>
      <trkpt lat="50.752891999999996" lon="15.428128999999998"><ele>904.04</ele></trkpt>
      <trkpt lat="50.752869999999994" lon="15.427605"><ele>904.42</ele></trkpt>
      <trkpt lat="50.752874999999996" lon="15.426955999999999"><ele>905.1</ele></trkpt>
      <trkpt lat="50.752938" lon="15.426461"><ele>903.33</ele></trkpt>
      <trkpt lat="50.753023999999996" lon="15.426031"><ele>901.99</ele></trkpt>
      <trkpt lat="50.753059" lon="15.425533"><ele>900.5</ele></trkpt>
      <trkpt lat="50.753080999999995" lon="15.425424999999999"><ele>899.87</ele></trkpt>
      <trkpt lat="50.753116" lon="15.425348"><ele>899.07</ele></trkpt>
      <trkpt lat="50.753215999999995" lon="15.425267"><ele>897.91</ele></trkpt>
      <trkpt lat="50.753313999999996" lon="15.425267"><ele>896.82</ele></trkpt>
      <trkpt lat="50.753374" lon="15.425291"><ele>896.07</ele></trkpt>
      <trkpt lat="50.753730999999995" lon="15.425542"><ele>891.1</ele></trkpt>
      <trkpt lat="50.754082999999994" lon="15.425735"><ele>886.51</ele></trkpt>
      <trkpt lat="50.755019999999995" lon="15.42605"><ele>874.89</ele></trkpt>
      <trkpt lat="50.755666" lon="15.426229999999999"><ele>866.18</ele></trkpt>
      <trkpt lat="50.755886999999994" lon="15.426248999999999"><ele>863.24</ele></trkpt>
      <trkpt lat="50.756187" lon="15.426193"><ele>860.43</ele></trkpt>
      <trkpt lat="50.756333999999995" lon="15.426093"><ele>859.32</ele></trkpt>
      <trkpt lat="50.756446" lon="15.425977999999999"><ele>858.25</ele></trkpt>
      <trkpt lat="50.756575" lon="15.425764"><ele>856.67</ele></trkpt>
      <trkpt lat="50.756701" lon="15.425441999999999"><ele>854.6</ele></trkpt>
      <trkpt lat="50.756885999999994" lon="15.424681999999999"><ele>850.45</ele></trkpt>
      <trkpt lat="50.756941999999995" lon="15.424372"><ele>848.85</ele></trkpt>
      <trkpt lat="50.757013" lon="15.423795"><ele>846.36</ele></trkpt>
      <trkpt lat="50.757054" lon="15.423625"><ele>845.71</ele></trkpt>
      <trkpt lat="50.757176" lon="15.423250999999999"><ele>844.3</ele></trkpt>
      <trkpt lat="50.757362" lon="15.422505"><ele>842.04</ele></trkpt>
      <trkpt lat="50.757585999999996" lon="15.421771999999999"><ele>839.63</ele></trkpt>
      <trkpt lat="50.757739" lon="15.421327999999999"><ele>837.95</ele></trkpt>
      <trkpt lat="50.757811999999994" lon="15.421189"><ele>837.25</ele></trkpt>
      <trkpt lat="50.757934" lon="15.421023"><ele>836.15</ele></trkpt>
      <trkpt lat="50.758055999999996" lon="15.420905"><ele>835.08</ele></trkpt>
      <trkpt lat="50.758672" lon="15.420433999999998"><ele>829.59</ele></trkpt>
      <trkpt lat="50.759082" lon="15.420157"><ele>826.46</ele></trkpt>
      <trkpt lat="50.759229999999995" lon="15.420029999999999"><ele>825.54</ele></trkpt>
      <trkpt lat="50.759549" lon="15.419671"><ele>823.4</ele></trkpt>
      <trkpt lat="50.759716999999995" lon="15.419547999999999"><ele>822.35</ele></trkpt>
      <trkpt lat="50.759941" lon="15.419343999999999"><ele>821.04</ele></trkpt>
      <trkpt lat="50.760157" lon="15.419094999999999"><ele>819.72</ele></trkpt>
      <trkpt lat="50.760394999999995" lon="15.418754"><ele>817.98</ele></trkpt>
      <trkpt lat="50.760552999999994" lon="15.418483"><ele>816.86</ele></trkpt>
      <trkpt lat="50.76105" lon="15.417484"><ele>813.3</ele></trkpt>
      <trkpt lat="50.761275999999995" lon="15.416877999999999"><ele>810.82</ele></trkpt>
      <trkpt lat="50.761382999999995" lon="15.416490999999999"><ele>808.92</ele></trkpt>
      <trkpt lat="50.761441" lon="15.416226"><ele>807.48</ele></trkpt>
      <trkpt lat="50.761489" lon="15.415827"><ele>805.08</ele></trkpt>
      <trkpt lat="50.761541" lon="15.415588999999999"><ele>803.46</ele></trkpt>
      <trkpt lat="50.761618" lon="15.415401999999998"><ele>801.91</ele></trkpt>
      <trkpt lat="50.761897999999995" lon="15.415033999999999"><ele>797.85</ele></trkpt>
      <trkpt lat="50.761939" lon="15.414942"><ele>797.03</ele></trkpt>
      <trkpt lat="50.762052" lon="15.414503"><ele>793.56</ele></trkpt>
      <trkpt lat="50.762111" lon="15.414363999999999"><ele>792.42</ele></trkpt>
      <trkpt lat="50.762192999999996" lon="15.414257"><ele>791.87</ele></trkpt>
      <trkpt lat="50.762325" lon="15.414188"><ele>790.2</ele></trkpt>
      <trkpt lat="50.762806" lon="15.414133"><ele>784.2</ele></trkpt>
      <trkpt lat="50.763255" lon="15.414033"><ele>778.71</ele></trkpt>
      <trkpt lat="50.763532" lon="15.414000999999999"><ele>775.22</ele></trkpt>
      <trkpt lat="50.763711" lon="15.414000999999999"><ele>772.81</ele></trkpt>
      <trkpt lat="50.76395" lon="15.414043"><ele>769.66</ele></trkpt>
      <trkpt lat="50.764119" lon="15.414121"><ele>767.11</ele></trkpt>
      <trkpt lat="50.764328" lon="15.414259"><ele>764.01</ele></trkpt>
      <trkpt lat="50.764582999999995" lon="15.414346"><ele>760.52</ele></trkpt>
      <trkpt lat="50.764824999999995" lon="15.414342999999999"><ele>757.1</ele></trkpt>
      <trkpt lat="50.765063" lon="15.414302999999999"><ele>753.68</ele></trkpt>
      <trkpt lat="50.765302" lon="15.414197"><ele>750.58</ele></trkpt>
      <trkpt lat="50.765785" lon="15.413865999999999"><ele>744.42</ele></trkpt>
      <trkpt lat="50.7658" lon="15.413853"><ele>742.47</ele></trkpt>
      <trkpt lat="50.766058" lon="15.41363"><ele>740.53</ele></trkpt>
      <trkpt lat="50.766058" lon="15.41363"><ele>740.53</ele></trkpt>
      <trkpt lat="50.766058" lon="15.41363"><ele>740.53</ele></trkpt>
      <trkpt lat="50.766061" lon="15.413641"><ele>740.66</ele></trkpt>
      <trkpt lat="50.766061" lon="15.413641"><ele>740.66</ele></trkpt>
      <trkpt lat="50.766175" lon="15.414062999999999"><ele>740.66</ele></trkpt>
      <trkpt lat="50.766175" lon="15.414062999999999"><ele>740.66</ele></trkpt>
      <trkpt lat="50.766442" lon="15.415052"><ele>740.79</ele></trkpt>
      <trkpt lat="50.766662" lon="15.415946"><ele>739.88</ele></trkpt>
      <trkpt lat="50.767253" lon="15.416068999999998"><ele>736.96</ele></trkpt>
      <trkpt lat="50.767336" lon="15.417066"><ele>742.03</ele></trkpt>
      <trkpt lat="50.767559" lon="15.417162"><ele>741.15</ele></trkpt>
      <trkpt lat="50.767995" lon="15.416566999999999"><ele>735.64</ele></trkpt>
      <trkpt lat="50.768389" lon="15.416490999999999"><ele>731.33</ele></trkpt>
      <trkpt lat="50.769331" lon="15.416796999999999"><ele>720.69</ele></trkpt>
      <trkpt lat="50.769856999999995" lon="15.417494999999999"><ele>717.73</ele></trkpt>
      <trkpt lat="50.770320999999996" lon="15.418467"><ele>716.88</ele></trkpt>
      <trkpt lat="50.770606" lon="15.419474999999998"><ele>717.6</ele></trkpt>
      <trkpt lat="50.770958" lon="15.419792999999999"><ele>716.36</ele></trkpt>
      <trkpt lat="50.771066" lon="15.420179999999998"><ele>716.24</ele></trkpt>
      <trkpt lat="50.771271" lon="15.420518"><ele>714.06</ele></trkpt>
      <trkpt lat="50.771316" lon="15.421012999999999"><ele>712.08</ele></trkpt>
      <trkpt lat="50.771111999999995" lon="15.421681999999999"><ele>709.18</ele></trkpt>
      <trkpt lat="50.770897" lon="15.422075999999999"><ele>707.09</ele></trkpt>
      <trkpt lat="50.770824999999995" lon="15.422248"><ele>706.12</ele></trkpt>
      <trkpt lat="50.77075" lon="15.422585999999999"><ele>704.18</ele></trkpt>
      <trkpt lat="50.770742999999996" lon="15.422822"><ele>702.71</ele></trkpt>
      <trkpt lat="50.770768999999994" lon="15.423198"><ele>699.99</ele></trkpt>
      <trkpt lat="50.770900999999995" lon="15.423675999999999"><ele>697.1</ele></trkpt>
      <trkpt lat="50.770900999999995" lon="15.423675999999999"><ele>697.1</ele></trkpt>
      <trkpt lat="50.770945999999995" lon="15.423839999999998"><ele>694.2</ele></trkpt>
      <trkpt lat="50.771318" lon="15.424698"><ele>685.34</ele></trkpt>
      <trkpt lat="50.771384999999995" lon="15.424771999999999"><ele>683.1</ele></trkpt>
      <trkpt lat="50.771384999999995" lon="15.424771999999999"><ele>683.1</ele></trkpt>
      <trkpt lat="50.771587999999994" lon="15.424997999999999"><ele>680.86</ele></trkpt>
      <trkpt lat="50.771570999999994" lon="15.425529"><ele>678.62</ele></trkpt>
      <trkpt lat="50.771527" lon="15.425944"><ele>676.11</ele></trkpt>
      <trkpt lat="50.77162" lon="15.426167999999999"><ele>672.9</ele></trkpt>
      <trkpt lat="50.771828" lon="15.426433999999999"><ele>668.51</ele></trkpt>
      <trkpt lat="50.772242999999996" lon="15.426929999999999"><ele>669.07</ele></trkpt>
      <trkpt lat="50.772583" lon="15.427278"><ele>669.44</ele></trkpt>
      <trkpt lat="50.772583" lon="15.427278"><ele>669.44</ele></trkpt>
      <trkpt lat="50.772583" lon="15.427278"><ele>669.44</ele></trkpt>
      <trkpt lat="50.77241" lon="15.42794"><ele>670.73</ele></trkpt>
      <trkpt lat="50.772375999999994" lon="15.428177999999999"><ele>671.35</ele></trkpt>
      <trkpt lat="50.772273" lon="15.429756"><ele>675.1</ele></trkpt>
      <trkpt lat="50.772247" lon="15.429967999999999"><ele>675.81</ele></trkpt>
      <trkpt lat="50.771789" lon="15.430503"><ele>677.81</ele></trkpt>
      <trkpt lat="50.771425" lon="15.431026999999998"><ele>680.3</ele></trkpt>
      <trkpt lat="50.771345" lon="15.431175"><ele>681.07</ele></trkpt>
      <trkpt lat="50.771282" lon="15.431346"><ele>681.8</ele></trkpt>
      <trkpt lat="50.771159999999995" lon="15.431920999999999"><ele>684.07</ele></trkpt>
      <trkpt lat="50.771069999999995" lon="15.432250999999999"><ele>684.28</ele></trkpt>
      <trkpt lat="50.770844999999994" lon="15.432713999999999"><ele>685.74</ele></trkpt>
      <trkpt lat="50.770669" lon="15.433136"><ele>687.17</ele></trkpt>
      <trkpt lat="50.77061" lon="15.433299"><ele>687.7</ele></trkpt>
      <trkpt lat="50.770367" lon="15.434063"><ele>689.55</ele></trkpt>
      <trkpt lat="50.770213999999996" lon="15.434351999999999"><ele>690.62</ele></trkpt>
      <trkpt lat="50.769968" lon="15.434764"><ele>692.12</ele></trkpt>
      <trkpt lat="50.769859999999994" lon="15.434928"><ele>692.55</ele></trkpt>
      <trkpt lat="50.769776" lon="15.435025"><ele>692.85</ele></trkpt>
      <trkpt lat="50.769664999999996" lon="15.435127999999999"><ele>693.24</ele></trkpt>
      <trkpt lat="50.769555999999994" lon="15.435201999999999"><ele>693.29</ele></trkpt>
      <trkpt lat="50.769560999999996" lon="15.435293"><ele>693.43</ele></trkpt>
      <trkpt lat="50.769394" lon="15.436644999999999"><ele>697.87</ele></trkpt>
      <trkpt lat="50.769484999999996" lon="15.436667"><ele>698</ele></trkpt>
      <trkpt lat="50.769687999999995" lon="15.436741"><ele>698.27</ele></trkpt>
      <trkpt lat="50.769777" lon="15.437078"><ele>699.19</ele></trkpt>
      <trkpt lat="50.769911" lon="15.437377999999999"><ele>701.3</ele></trkpt>
      <trkpt lat="50.770115" lon="15.437897999999999"><ele>706.14</ele></trkpt>
      <trkpt lat="50.770210999999996" lon="15.438352"><ele>708.89</ele></trkpt>
      <trkpt lat="50.770416" lon="15.440724"><ele>719.41</ele></trkpt>
      <trkpt lat="50.77053" lon="15.442072999999999"><ele>725.38</ele></trkpt>
      <trkpt lat="50.77053" lon="15.442072999999999"><ele>725.38</ele></trkpt>
      <trkpt lat="50.770592" lon="15.442787"><ele>728.2</ele></trkpt>
      <trkpt lat="50.770666999999996" lon="15.443503"><ele>732.31</ele></trkpt>
      <trkpt lat="50.770592" lon="15.442787"><ele>728.2</ele></trkpt>
      <trkpt lat="50.770832999999996" lon="15.445165999999999"><ele>742.2</ele></trkpt>
      <trkpt lat="50.771111999999995" lon="15.447624999999999"><ele>754.92</ele></trkpt>
      <trkpt lat="50.771187999999995" lon="15.44802"><ele>756.83</ele></trkpt>
      <trkpt lat="50.771355" lon="15.448568999999999"><ele>758.65</ele></trkpt>
      <trkpt lat="50.771442" lon="15.449022"><ele>760.63</ele></trkpt>
      <trkpt lat="50.77147" lon="15.449402999999998"><ele>762.34</ele></trkpt>
      <trkpt lat="50.771456" lon="15.450114999999998"><ele>765.39</ele></trkpt>
      <trkpt lat="50.771319" lon="15.451186"><ele>769.57</ele></trkpt>
      <trkpt lat="50.771319" lon="15.451186"><ele>769.57</ele></trkpt>
      <trkpt lat="50.771319" lon="15.451186"><ele>769.57</ele></trkpt>
      <trkpt lat="50.771319" lon="15.451186"><ele>769.57</ele></trkpt>
      <trkpt lat="50.771381999999996" lon="15.451077"><ele>770.27</ele></trkpt>
      <trkpt lat="50.771485" lon="15.450776"><ele>769.84</ele></trkpt>
      <trkpt lat="50.771587999999994" lon="15.450441999999999"><ele>769.29</ele></trkpt>
      <trkpt lat="50.771833" lon="15.449713"><ele>768.49</ele></trkpt>
      <trkpt lat="50.771963" lon="15.44928"><ele>768.12</ele></trkpt>
      <trkpt lat="50.772031999999996" lon="15.448618999999999"><ele>767.78</ele></trkpt>
      <trkpt lat="50.772062" lon="15.4484"><ele>767.19</ele></trkpt>
      <trkpt lat="50.772123" lon="15.448201"><ele>766.81</ele></trkpt>
      <trkpt lat="50.772231" lon="15.447968"><ele>766.38</ele></trkpt>
      <trkpt lat="50.772299999999994" lon="15.447863"><ele>766.17</ele></trkpt>
      <trkpt lat="50.772422" lon="15.447733"><ele>765.76</ele></trkpt>
      <trkpt lat="50.772693" lon="15.44759"><ele>764.77</ele></trkpt>
      <trkpt lat="50.772765" lon="15.447586999999999"><ele>764.7</ele></trkpt>
      <trkpt lat="50.772901" lon="15.447410999999999"><ele>764.61</ele></trkpt>
      <trkpt lat="50.772931" lon="15.447320999999999"><ele>764.43</ele></trkpt>
      <trkpt lat="50.773008999999995" lon="15.446641999999999"><ele>762.1</ele></trkpt>
      <trkpt lat="50.77308" lon="15.446164"><ele>761.1</ele></trkpt>
      <trkpt lat="50.773179999999996" lon="15.445742999999998"><ele>760.33</ele></trkpt>
      <trkpt lat="50.774018" lon="15.443601999999998"><ele>758.41</ele></trkpt>
      <trkpt lat="50.774145" lon="15.443346"><ele>757.99</ele></trkpt>
      <trkpt lat="50.774414" lon="15.442711999999998"><ele>756.92</ele></trkpt>
      <trkpt lat="50.774896999999996" lon="15.441618"><ele>755.5</ele></trkpt>
      <trkpt lat="50.775352999999996" lon="15.440652"><ele>755.06</ele></trkpt>
      <trkpt lat="50.775509" lon="15.440342"><ele>755.05</ele></trkpt>
      <trkpt lat="50.775932999999995" lon="15.439589999999999"><ele>755.02</ele></trkpt>
      <trkpt lat="50.776154" lon="15.43911"><ele>754.97</ele></trkpt>
      <trkpt lat="50.776362999999996" lon="15.438547"><ele>754.24</ele></trkpt>
      <trkpt lat="50.776488" lon="15.438291999999999"><ele>753.41</ele></trkpt>
      <trkpt lat="50.776771" lon="15.437882"><ele>752.18</ele></trkpt>
      <trkpt lat="50.776969" lon="15.437662999999999"><ele>751.45</ele></trkpt>
      <trkpt lat="50.777629" lon="15.437126"><ele>749.02</ele></trkpt>
      <trkpt lat="50.777758" lon="15.436997999999999"><ele>748.44</ele></trkpt>
      <trkpt lat="50.778061" lon="15.436480999999999"><ele>746.36</ele></trkpt>
      <trkpt lat="50.778213" lon="15.436150999999999"><ele>744.97</ele></trkpt>
      <trkpt lat="50.778448" lon="15.435435"><ele>742.27</ele></trkpt>
      <trkpt lat="50.778586" lon="15.434928"><ele>740.62</ele></trkpt>
      <trkpt lat="50.778679" lon="15.434552"><ele>739.59</ele></trkpt>
      <trkpt lat="50.77885" lon="15.433107999999999"><ele>736.62</ele></trkpt>
      <trkpt lat="50.778932999999995" lon="15.43263"><ele>735.87</ele></trkpt>
      <trkpt lat="50.779005" lon="15.432378"><ele>735.55</ele></trkpt>
      <trkpt lat="50.779098999999995" lon="15.432191999999999"><ele>735.8</ele></trkpt>
      <trkpt lat="50.779173" lon="15.43211"><ele>736.03</ele></trkpt>
      <trkpt lat="50.779301" lon="15.432053"><ele>735.79</ele></trkpt>
      <trkpt lat="50.779792" lon="15.431996"><ele>734.83</ele></trkpt>
      <trkpt lat="50.780485999999996" lon="15.431723999999999"><ele>733.21</ele></trkpt>
      <trkpt lat="50.780725" lon="15.431479"><ele>730.96</ele></trkpt>
      <trkpt lat="50.780918" lon="15.431218"><ele>729.04</ele></trkpt>
      <trkpt lat="50.781006" lon="15.430985"><ele>727.94</ele></trkpt>
      <trkpt lat="50.781146" lon="15.430278999999999"><ele>728.38</ele></trkpt>
      <trkpt lat="50.781240999999994" lon="15.430066"><ele>728.14</ele></trkpt>
      <trkpt lat="50.781357" lon="15.429889"><ele>727.73</ele></trkpt>
      <trkpt lat="50.781486" lon="15.429734"><ele>727.09</ele></trkpt>
      <trkpt lat="50.781569999999995" lon="15.429661"><ele>726.79</ele></trkpt>
      <trkpt lat="50.781569999999995" lon="15.429661"><ele>726.79</ele></trkpt>
      <trkpt lat="50.781960999999995" lon="15.429452999999999"><ele>724.57</ele></trkpt>
      <trkpt lat="50.782149" lon="15.429274999999999"><ele>722.31</ele></trkpt>
      <trkpt lat="50.782049" lon="15.429032"><ele>721.36</ele></trkpt>
      <trkpt lat="50.782049" lon="15.429032"><ele>721.36</ele></trkpt>
      <trkpt lat="50.781886" lon="15.428631999999999"><ele>720.41</ele></trkpt>
      <trkpt lat="50.781915" lon="15.428588"><ele>718.89</ele></trkpt>
      <trkpt lat="50.781886" lon="15.428631999999999"><ele>720.41</ele></trkpt>
      <trkpt lat="50.782118999999994" lon="15.428272"><ele>717.38</ele></trkpt>
      <trkpt lat="50.782367" lon="15.42783"><ele>714.31</ele></trkpt>
      <trkpt lat="50.782663" lon="15.427263"><ele>712.08</ele></trkpt>
      <trkpt lat="50.782868" lon="15.426813"><ele>710.73</ele></trkpt>
      <trkpt lat="50.783052" lon="15.426359999999999"><ele>709.37</ele></trkpt>
      <trkpt lat="50.78333" lon="15.425569999999999"><ele>706.99</ele></trkpt>
      <trkpt lat="50.783646" lon="15.42457"><ele>703.81</ele></trkpt>
      <trkpt lat="50.783876" lon="15.423758999999999"><ele>701.08</ele></trkpt>
      <trkpt lat="50.783114999999995" lon="15.423437"><ele>697.34</ele></trkpt>
      <trkpt lat="50.783153999999996" lon="15.423252999999999"><ele>695.96</ele></trkpt>
      <trkpt lat="50.783255" lon="15.4231"><ele>694.77</ele></trkpt>
      <trkpt lat="50.783446999999995" lon="15.422987"><ele>693.24</ele></trkpt>
      <trkpt lat="50.78389" lon="15.422789"><ele>692.57</ele></trkpt>
      <trkpt lat="50.784054" lon="15.422697999999999"><ele>692.55</ele></trkpt>
      <trkpt lat="50.784189" lon="15.422592999999999"><ele>692.58</ele></trkpt>
      <trkpt lat="50.784335" lon="15.422429"><ele>692.67</ele></trkpt>
      <trkpt lat="50.784785" lon="15.421641"><ele>693.5</ele></trkpt>
      <trkpt lat="50.785396999999996" lon="15.420788"><ele>694.84</ele></trkpt>
      <trkpt lat="50.785644999999995" lon="15.420465"><ele>696.07</ele></trkpt>
      <trkpt lat="50.785882" lon="15.420117999999999"><ele>699.04</ele></trkpt>
      <trkpt lat="50.785981" lon="15.419989"><ele>699.83</ele></trkpt>
      <trkpt lat="50.786151999999994" lon="15.419862"><ele>700.94</ele></trkpt>
      <trkpt lat="50.786369" lon="15.419747"><ele>702.31</ele></trkpt>
      <trkpt lat="50.786369" lon="15.419747"><ele>702.31</ele></trkpt>
      <trkpt lat="50.786369" lon="15.419747"><ele>702.31</ele></trkpt>
      <trkpt lat="50.786369" lon="15.419747"><ele>702.31</ele></trkpt>
      <trkpt lat="50.786369" lon="15.419747"><ele>702.31</ele></trkpt>
      <trkpt lat="50.786583" lon="15.419677"><ele>703.52</ele></trkpt>
      <trkpt lat="50.786891" lon="15.419628"><ele>705.09</ele></trkpt>
      <trkpt lat="50.787243" lon="15.419452999999999"><ele>706.89</ele></trkpt>
      <trkpt lat="50.78738" lon="15.419400999999999"><ele>707.52</ele></trkpt>
      <trkpt lat="50.787667" lon="15.419372"><ele>708.75</ele></trkpt>
      <trkpt lat="50.788433999999995" lon="15.419366"><ele>711.69</ele></trkpt>
      <trkpt lat="50.788610999999996" lon="15.419393999999999"><ele>712.52</ele></trkpt>
      <trkpt lat="50.78942" lon="15.419385"><ele>716.55</ele></trkpt>
      <trkpt lat="50.7896" lon="15.419338"><ele>717.29</ele></trkpt>
      <trkpt lat="50.789767999999995" lon="15.419222"><ele>718.02</ele></trkpt>
      <trkpt lat="50.789992999999996" lon="15.419003"><ele>719.02</ele></trkpt>
      <trkpt lat="50.790417" lon="15.418648"><ele>721.28</ele></trkpt>
      <trkpt lat="50.790541" lon="15.418598"><ele>722.5</ele></trkpt>
      <trkpt lat="50.790963" lon="15.418510999999999"><ele>725.77</ele></trkpt>
      <trkpt lat="50.791394" lon="15.418502"><ele>729.12</ele></trkpt>
      <trkpt lat="50.791658" lon="15.418560999999999"><ele>731.21</ele></trkpt>
      <trkpt lat="50.792403" lon="15.418858"><ele>736.68</ele></trkpt>
      <trkpt lat="50.792625" lon="15.418896"><ele>737.96</ele></trkpt>
      <trkpt lat="50.792759" lon="15.418894"><ele>738.67</ele></trkpt>
      <trkpt lat="50.793239" lon="15.418811"><ele>740.76</ele></trkpt>
      <trkpt lat="50.793648" lon="15.418826999999999"><ele>743.16</ele></trkpt>
      <trkpt lat="50.793918999999995" lon="15.418909"><ele>745.97</ele></trkpt>
      <trkpt lat="50.794506" lon="15.419153"><ele>751.28</ele></trkpt>
      <trkpt lat="50.795141" lon="15.419281"><ele>755.98</ele></trkpt>
      <trkpt lat="50.795846999999995" lon="15.41936"><ele>760.38</ele></trkpt>
      <trkpt lat="50.796219" lon="15.419433"><ele>762.5</ele></trkpt>
      <trkpt lat="50.796395999999994" lon="15.419433999999999"><ele>763.51</ele></trkpt>
      <trkpt lat="50.796771" lon="15.419485"><ele>765.65</ele></trkpt>
      <trkpt lat="50.797329999999995" lon="15.419595999999999"><ele>768.62</ele></trkpt>
      <trkpt lat="50.798448" lon="15.41958"><ele>774.54</ele></trkpt>
      <trkpt lat="50.798953" lon="15.419626999999998"><ele>777.78</ele></trkpt>
      <trkpt lat="50.798953" lon="15.419626999999998"><ele>777.78</ele></trkpt>
      <trkpt lat="50.799184999999994" lon="15.419642999999999"><ele>779.53</ele></trkpt>
      <trkpt lat="50.800283" lon="15.419908"><ele>787.44</ele></trkpt>
      <trkpt lat="50.800283" lon="15.419908"><ele>787.44</ele></trkpt>
      <trkpt lat="50.800283" lon="15.419908"><ele>787.44</ele></trkpt>
      <trkpt lat="50.800666" lon="15.420069"><ele>790.34</ele></trkpt>
      <trkpt lat="50.801911" lon="15.420675"><ele>799.6</ele></trkpt>
      <trkpt lat="50.802353" lon="15.420945999999999"><ele>802.78</ele></trkpt>
      <trkpt lat="50.802847" lon="15.421332"><ele>806.84</ele></trkpt>
      <trkpt lat="50.803548" lon="15.422151"><ele>814.78</ele></trkpt>
      <trkpt lat="50.803899" lon="15.422626999999999"><ele>819.4</ele></trkpt>
      <trkpt lat="50.804389" lon="15.423157"><ele>825.35</ele></trkpt>
      <trkpt lat="50.804424" lon="15.423240999999999"><ele>826</ele></trkpt>
      <trkpt lat="50.804413" lon="15.423335"><ele>826.94</ele></trkpt>
      <trkpt lat="50.804348999999995" lon="15.423402"><ele>828.08</ele></trkpt>
      <trkpt lat="50.804269999999995" lon="15.423376999999999"><ele>828.01</ele></trkpt>
      <trkpt lat="50.803810999999996" lon="15.423036"><ele>826.06</ele></trkpt>
      <trkpt lat="50.803618" lon="15.422979"><ele>825.37</ele></trkpt>
      <trkpt lat="50.803456" lon="15.423029"><ele>825.22</ele></trkpt>
      <trkpt lat="50.803376" lon="15.423081999999999"><ele>825.41</ele></trkpt>
      <trkpt lat="50.803765999999996" lon="15.423442999999999"><ele>828.47</ele></trkpt>
      <trkpt lat="50.804274" lon="15.423995999999999"><ele>832.65</ele></trkpt>
      <trkpt lat="50.804811" lon="15.424366"><ele>836.43</ele></trkpt>
      <trkpt lat="50.805054" lon="15.424489"><ele>837.46</ele></trkpt>
      <trkpt lat="50.80533" lon="15.424683"><ele>839.11</ele></trkpt>
      <trkpt lat="50.805799" lon="15.425073"><ele>842.4</ele></trkpt>
      <trkpt lat="50.806444" lon="15.425576999999999"><ele>847.21</ele></trkpt>
      <trkpt lat="50.806841" lon="15.425847"><ele>849.18</ele></trkpt>
      <trkpt lat="50.807351999999995" lon="15.426136"><ele>851.75</ele></trkpt>
      <trkpt lat="50.80802" lon="15.426428"><ele>854.28</ele></trkpt>
      <trkpt lat="50.809425999999995" lon="15.426941"><ele>859.75</ele></trkpt>
      <trkpt lat="50.809678" lon="15.427055999999999"><ele>860.88</ele></trkpt>
      <trkpt lat="50.810030999999995" lon="15.427247999999999"><ele>863.1</ele></trkpt>
      <trkpt lat="50.810582" lon="15.427525"><ele>865.33</ele></trkpt>
      <trkpt lat="50.810992999999996" lon="15.427691999999999"><ele>866.86</ele></trkpt>
      <trkpt lat="50.81189" lon="15.428030999999999"><ele>869.72</ele></trkpt>
      <trkpt lat="50.813534999999995" lon="15.428592"><ele>873.18</ele></trkpt>
      <trkpt lat="50.813534" lon="15.42854"><ele>873.27</ele></trkpt>
      <trkpt lat="50.813534" lon="15.42854"><ele>873.27</ele></trkpt>
      <trkpt lat="50.813534999999995" lon="15.428592"><ele>873.18</ele></trkpt>
      <trkpt lat="50.813669" lon="15.428669999999999"><ele>873.98</ele></trkpt>
      <trkpt lat="50.813765" lon="15.428751"><ele>874.34</ele></trkpt>
      <trkpt lat="50.81415" lon="15.429222"><ele>875.39</ele></trkpt>
      <trkpt lat="50.81415" lon="15.429222"><ele>875.39</ele></trkpt>
      <trkpt lat="50.814181" lon="15.42926"><ele>875.73</ele></trkpt>
      <trkpt lat="50.814181" lon="15.42926"><ele>875.73</ele></trkpt>
      <trkpt lat="50.814181" lon="15.42926"><ele>875.73</ele></trkpt>
      <trkpt lat="50.814159" lon="15.429184"><ele>875.86</ele></trkpt>
      <trkpt lat="50.814159" lon="15.429115"><ele>875.95</ele></trkpt>
      <trkpt lat="50.814178999999996" lon="15.429034999999999"><ele>876.05</ele></trkpt>
      <trkpt lat="50.814253" lon="15.428891"><ele>876.31</ele></trkpt>
      <trkpt lat="50.814170999999995" lon="15.428806999999999"><ele>876.02</ele></trkpt>
      <trkpt lat="50.813832" lon="15.428401"><ele>875.02</ele></trkpt>
      <trkpt lat="50.813804999999995" lon="15.428338"><ele>874.96</ele></trkpt>
      <trkpt lat="50.813783" lon="15.428249"><ele>874.84</ele></trkpt>
      <trkpt lat="50.813770999999996" lon="15.428137"><ele>874.72</ele></trkpt>
      <trkpt lat="50.813773999999995" lon="15.428058"><ele>874.67</ele></trkpt>
      <trkpt lat="50.813789" lon="15.427982"><ele>874.65</ele></trkpt>
      <trkpt lat="50.813900999999994" lon="15.427724999999999"><ele>874.9</ele></trkpt>
      <trkpt lat="50.813949" lon="15.42766"><ele>875.05</ele></trkpt>
      <trkpt lat="50.814159" lon="15.427544"><ele>876.11</ele></trkpt>
      <trkpt lat="50.814183" lon="15.427544999999999"><ele>876.26</ele></trkpt>
      <trkpt lat="50.814208" lon="15.427560999999999"><ele>876.45</ele></trkpt>
      <trkpt lat="50.814764999999994" lon="15.428236"><ele>877.72</ele></trkpt>
      <trkpt lat="50.814764999999994" lon="15.428236"><ele>877.72</ele></trkpt>
      <trkpt lat="50.814208" lon="15.427560999999999"><ele>876.45</ele></trkpt>
      <trkpt lat="50.814159" lon="15.427544"><ele>876.11</ele></trkpt>
      <trkpt lat="50.813949" lon="15.42766"><ele>875.05</ele></trkpt>
      <trkpt lat="50.813900999999994" lon="15.427724999999999"><ele>874.9</ele></trkpt>
      <trkpt lat="50.813717" lon="15.427494"><ele>872.77</ele></trkpt>
      <trkpt lat="50.813573" lon="15.427309"><ele>872.73</ele></trkpt>
      <trkpt lat="50.813492" lon="15.427237"><ele>872.89</ele></trkpt>
      <trkpt lat="50.813423" lon="15.427221"><ele>873</ele></trkpt>
      <trkpt lat="50.813351999999995" lon="15.427259999999999"><ele>872.74</ele></trkpt>
      <trkpt lat="50.813216999999995" lon="15.427099"><ele>871.59</ele></trkpt>
      <trkpt lat="50.813351999999995" lon="15.427259999999999"><ele>872.74</ele></trkpt>
      <trkpt lat="50.811783999999996" lon="15.425396999999998"><ele>870.44</ele></trkpt>
      <trkpt lat="50.810992999999996" lon="15.424404"><ele>869.75</ele></trkpt>
      <trkpt lat="50.810593" lon="15.423938"><ele>868.8</ele></trkpt>
      <trkpt lat="50.809984" lon="15.423464999999998"><ele>867.86</ele></trkpt>
      <trkpt lat="50.809473" lon="15.422880999999999"><ele>867.76</ele></trkpt>
      <trkpt lat="50.808949999999996" lon="15.422457999999999"><ele>867.79</ele></trkpt>
      <trkpt lat="50.807987" lon="15.421742"><ele>867.67</ele></trkpt>
      <trkpt lat="50.8077" lon="15.421425"><ele>867.8</ele></trkpt>
      <trkpt lat="50.807406" lon="15.420976999999999"><ele>868.27</ele></trkpt>
      <trkpt lat="50.807224999999995" lon="15.42043"><ele>868.74</ele></trkpt>
      <trkpt lat="50.807112" lon="15.419806999999999"><ele>869.3</ele></trkpt>
      <trkpt lat="50.807116" lon="15.419317999999999"><ele>869.56</ele></trkpt>
      <trkpt lat="50.807157" lon="15.418989"><ele>869.57</ele></trkpt>
      <trkpt lat="50.80723" lon="15.418574"><ele>869.43</ele></trkpt>
      <trkpt lat="50.8077" lon="15.416903999999999"><ele>867.81</ele></trkpt>
      <trkpt lat="50.807809999999996" lon="15.41635"><ele>867.48</ele></trkpt>
      <trkpt lat="50.807916" lon="15.415883"><ele>867.23</ele></trkpt>
      <trkpt lat="50.807928" lon="15.415274"><ele>866.92</ele></trkpt>
      <trkpt lat="50.807852999999994" lon="15.414651"><ele>866.54</ele></trkpt>
      <trkpt lat="50.807798" lon="15.414392999999999"><ele>866.38</ele></trkpt>
      <trkpt lat="50.807711999999995" lon="15.414171999999999"><ele>866.4</ele></trkpt>
      <trkpt lat="50.807601" lon="15.414012999999999"><ele>866.48</ele></trkpt>
      <trkpt lat="50.807485" lon="15.413912"><ele>866.49</ele></trkpt>
      <trkpt lat="50.807181" lon="15.413749999999999"><ele>866.6</ele></trkpt>
      <trkpt lat="50.806916" lon="15.413647999999998"><ele>866.86</ele></trkpt>
      <trkpt lat="50.806518" lon="15.413551"><ele>867.35</ele></trkpt>
      <trkpt lat="50.805194" lon="15.412795"><ele>869.27</ele></trkpt>
      <trkpt lat="50.804556" lon="15.412388"><ele>869.94</ele></trkpt>
      <trkpt lat="50.803475" lon="15.411909"><ele>870.75</ele></trkpt>
      <trkpt lat="50.803115" lon="15.411715"><ele>870.87</ele></trkpt>
      <trkpt lat="50.802991" lon="15.411624999999999"><ele>870.89</ele></trkpt>
      <trkpt lat="50.802803" lon="15.411423999999998"><ele>870.97</ele></trkpt>
      <trkpt lat="50.802703" lon="15.411261"><ele>871.05</ele></trkpt>
      <trkpt lat="50.802586999999995" lon="15.411045"><ele>871.18</ele></trkpt>
      <trkpt lat="50.802586999999995" lon="15.411045"><ele>871.18</ele></trkpt>
      <trkpt lat="50.802586999999995" lon="15.411045"><ele>871.18</ele></trkpt>
      <trkpt lat="50.802586999999995" lon="15.411045"><ele>871.18</ele></trkpt>
      <trkpt lat="50.802586999999995" lon="15.411045"><ele>871.18</ele></trkpt>
      <trkpt lat="50.802484" lon="15.410627999999999"><ele>871.44</ele></trkpt>
      <trkpt lat="50.802465" lon="15.410024"><ele>871.86</ele></trkpt>
      <trkpt lat="50.802485999999995" lon="15.409602999999999"><ele>872.14</ele></trkpt>
      <trkpt lat="50.802543" lon="15.409054"><ele>872.36</ele></trkpt>
      <trkpt lat="50.802658" lon="15.408659"><ele>872.49</ele></trkpt>
      <trkpt lat="50.802929" lon="15.408033999999999"><ele>872.92</ele></trkpt>
      <trkpt lat="50.80386" lon="15.406193"><ele>875.04</ele></trkpt>
      <trkpt lat="50.803978" lon="15.405396999999999"><ele>875.67</ele></trkpt>
      <trkpt lat="50.804088" lon="15.404513999999999"><ele>877.02</ele></trkpt>
      <trkpt lat="50.804185" lon="15.403984999999999"><ele>877.92</ele></trkpt>
      <trkpt lat="50.804206" lon="15.403792"><ele>878.22</ele></trkpt>
      <trkpt lat="50.804182" lon="15.403175"><ele>879.09</ele></trkpt>
      <trkpt lat="50.804216" lon="15.402811"><ele>879.49</ele></trkpt>
      <trkpt lat="50.804291" lon="15.402258"><ele>880.06</ele></trkpt>
      <trkpt lat="50.804375" lon="15.401720999999998"><ele>880.63</ele></trkpt>
      <trkpt lat="50.804396" lon="15.400991999999999"><ele>881.43</ele></trkpt>
      <trkpt lat="50.804396" lon="15.400991999999999"><ele>881.43</ele></trkpt>
      <trkpt lat="50.804396" lon="15.400991999999999"><ele>881.43</ele></trkpt>
      <trkpt lat="50.804396" lon="15.400991999999999"><ele>881.43</ele></trkpt>
      <trkpt lat="50.804396" lon="15.400991999999999"><ele>881.43</ele></trkpt>
      <trkpt lat="50.804167" lon="15.401074"><ele>881.12</ele></trkpt>
      <trkpt lat="50.803785" lon="15.401233"><ele>880.1</ele></trkpt>
      <trkpt lat="50.802833" lon="15.401665"><ele>876.19</ele></trkpt>
      <trkpt lat="50.802488999999994" lon="15.401841"><ele>874.4</ele></trkpt>
      <trkpt lat="50.802186999999996" lon="15.401883999999999"><ele>872.71</ele></trkpt>
      <trkpt lat="50.801832999999995" lon="15.401855"><ele>870.66</ele></trkpt>
      <trkpt lat="50.801199999999994" lon="15.401675"><ele>866.69</ele></trkpt>
      <trkpt lat="50.800678999999995" lon="15.401411"><ele>863.4</ele></trkpt>
      <trkpt lat="50.800076" lon="15.400996999999998"><ele>859.44</ele></trkpt>
      <trkpt lat="50.798885" lon="15.400091999999999"><ele>851.76</ele></trkpt>
      <trkpt lat="50.798629999999996" lon="15.399763"><ele>849.93</ele></trkpt>
      <trkpt lat="50.798261" lon="15.399077"><ele>846.8</ele></trkpt>
      <trkpt lat="50.798088" lon="15.398724"><ele>845.1</ele></trkpt>
      <trkpt lat="50.797919" lon="15.398214"><ele>842.85</ele></trkpt>
      <trkpt lat="50.797739" lon="15.397367"><ele>839.44</ele></trkpt>
      <trkpt lat="50.797619" lon="15.396732"><ele>836.95</ele></trkpt>
      <trkpt lat="50.797487999999994" lon="15.396180999999999"><ele>834.8</ele></trkpt>
      <trkpt lat="50.797394" lon="15.395954999999999"><ele>833.83</ele></trkpt>
      <trkpt lat="50.797066" lon="15.39486"><ele>829.98</ele></trkpt>
      <trkpt lat="50.796976" lon="15.394592999999999"><ele>829.3</ele></trkpt>
      <trkpt lat="50.796898" lon="15.394432"><ele>828.88</ele></trkpt>
      <trkpt lat="50.796765" lon="15.394342"><ele>828.67</ele></trkpt>
      <trkpt lat="50.796661" lon="15.394298"><ele>828.16</ele></trkpt>
      <trkpt lat="50.796661" lon="15.394298"><ele>828.16</ele></trkpt>
      <trkpt lat="50.796661" lon="15.394298"><ele>828.16</ele></trkpt>
      <trkpt lat="50.796661" lon="15.394298"><ele>828.16</ele></trkpt>
      <trkpt lat="50.796661" lon="15.394298"><ele>828.16</ele></trkpt>
      <trkpt lat="50.796395999999994" lon="15.394383999999999"><ele>826.68</ele></trkpt>
      <trkpt lat="50.796161" lon="15.394573999999999"><ele>825.51</ele></trkpt>
      <trkpt lat="50.795246999999996" lon="15.39519"><ele>822.17</ele></trkpt>
      <trkpt lat="50.794692" lon="15.395807"><ele>820.89</ele></trkpt>
      <trkpt lat="50.793603999999995" lon="15.397063"><ele>818.42</ele></trkpt>
      <trkpt lat="50.793479999999995" lon="15.397131"><ele>818.06</ele></trkpt>
      <trkpt lat="50.793395999999994" lon="15.397139"><ele>817.85</ele></trkpt>
      <trkpt lat="50.793233" lon="15.397103999999999"><ele>817.39</ele></trkpt>
      <trkpt lat="50.793132" lon="15.397034"><ele>817.05</ele></trkpt>
      <trkpt lat="50.792871" lon="15.396707"><ele>815.48</ele></trkpt>
      <trkpt lat="50.792548" lon="15.396448"><ele>813.5</ele></trkpt>
      <trkpt lat="50.792248" lon="15.39627"><ele>811.3</ele></trkpt>
      <trkpt lat="50.791942" lon="15.396218"><ele>809.53</ele></trkpt>
      <trkpt lat="50.791458" lon="15.396224"><ele>806.91</ele></trkpt>
      <trkpt lat="50.790611999999996" lon="15.396154999999998"><ele>803.73</ele></trkpt>
      <trkpt lat="50.789507" lon="15.396856"><ele>800.74</ele></trkpt>
      <trkpt lat="50.789029" lon="15.397139999999998"><ele>799.45</ele></trkpt>
      <trkpt lat="50.787254999999995" lon="15.397822"><ele>798.45</ele></trkpt>
      <trkpt lat="50.786905999999995" lon="15.397934"><ele>798.2</ele></trkpt>
      <trkpt lat="50.786071" lon="15.398048"><ele>797.3</ele></trkpt>
      <trkpt lat="50.784935999999995" lon="15.398138"><ele>796.15</ele></trkpt>
      <trkpt lat="50.784546" lon="15.398228999999999"><ele>795.19</ele></trkpt>
      <trkpt lat="50.783764999999995" lon="15.3986"><ele>792.54</ele></trkpt>
      <trkpt lat="50.783114" lon="15.398931999999999"><ele>790.72</ele></trkpt>
      <trkpt lat="50.782762" lon="15.399039"><ele>789.99</ele></trkpt>
      <trkpt lat="50.782762" lon="15.399039"><ele>789.99</ele></trkpt>
      <trkpt lat="50.782762" lon="15.399039"><ele>789.99</ele></trkpt>
      <trkpt lat="50.782762" lon="15.399039"><ele>789.99</ele></trkpt>
      <trkpt lat="50.782762" lon="15.399039"><ele>789.99</ele></trkpt>
      <trkpt lat="50.782483" lon="15.399007"><ele>789.48</ele></trkpt>
      <trkpt lat="50.782174999999995" lon="15.398776999999999"><ele>788.93</ele></trkpt>
      <trkpt lat="50.781689" lon="15.398254"><ele>788.21</ele></trkpt>
      <trkpt lat="50.780865" lon="15.396984"><ele>787.18</ele></trkpt>
      <trkpt lat="50.78004" lon="15.395679999999999"><ele>786.93</ele></trkpt>
      <trkpt lat="50.779502" lon="15.394988999999999"><ele>787.1</ele></trkpt>
      <trkpt lat="50.779264999999995" lon="15.394784999999999"><ele>787.14</ele></trkpt>
      <trkpt lat="50.779024" lon="15.394651"><ele>787.14</ele></trkpt>
      <trkpt lat="50.77879" lon="15.394554999999999"><ele>787.12</ele></trkpt>
      <trkpt lat="50.778372" lon="15.39449"><ele>787.28</ele></trkpt>
      <trkpt lat="50.777755" lon="15.394528"><ele>787.47</ele></trkpt>
      <trkpt lat="50.77747" lon="15.394533"><ele>787.47</ele></trkpt>
      <trkpt lat="50.777252" lon="15.39452"><ele>787.43</ele></trkpt>
      <trkpt lat="50.777063" lon="15.394452"><ele>787.37</ele></trkpt>
      <trkpt lat="50.776883" lon="15.394366999999999"><ele>787.31</ele></trkpt>
      <trkpt lat="50.776782999999995" lon="15.394164"><ele>787.42</ele></trkpt>
      <trkpt lat="50.776486" lon="15.394070999999999"><ele>787.2</ele></trkpt>
      <trkpt lat="50.776078" lon="15.393789"><ele>786.11</ele></trkpt>
      <trkpt lat="50.77592" lon="15.393728999999999"><ele>785.3</ele></trkpt>
      <trkpt lat="50.77576" lon="15.393739"><ele>784.5</ele></trkpt>
      <trkpt lat="50.775213" lon="15.393899999999999"><ele>782.26</ele></trkpt>
      <trkpt lat="50.774938999999996" lon="15.393889999999999"><ele>781.28</ele></trkpt>
      <trkpt lat="50.77433" lon="15.393621"><ele>780.14</ele></trkpt>
      <trkpt lat="50.773948999999995" lon="15.393374"><ele>777.37</ele></trkpt>
      <trkpt lat="50.773661999999995" lon="15.393087"><ele>773.88</ele></trkpt>
      <trkpt lat="50.773446" lon="15.392932"><ele>770.73</ele></trkpt>
      <trkpt lat="50.773109999999996" lon="15.392755999999999"><ele>765.74</ele></trkpt>
      <trkpt lat="50.772737" lon="15.392384"><ele>758.8</ele></trkpt>
      <trkpt lat="50.772641" lon="15.392242"><ele>756.87</ele></trkpt>
      <trkpt lat="50.772523" lon="15.392199999999999"><ele>755.07</ele></trkpt>
      <trkpt lat="50.772523" lon="15.392199999999999"><ele>755.07</ele></trkpt>
      <trkpt lat="50.772523" lon="15.392199999999999"><ele>755.07</ele></trkpt>
      <trkpt lat="50.772523" lon="15.392199999999999"><ele>755.07</ele></trkpt>
      <trkpt lat="50.772523" lon="15.392199999999999"><ele>755.07</ele></trkpt>
      <trkpt lat="50.77241" lon="15.392232"><ele>753.22</ele></trkpt>
      <trkpt lat="50.772282" lon="15.392309"><ele>751</ele></trkpt>
      <trkpt lat="50.772020999999995" lon="15.392705"><ele>748.23</ele></trkpt>
      <trkpt lat="50.77195" lon="15.392847"><ele>747.22</ele></trkpt>
      <trkpt lat="50.77184" lon="15.393021999999998"><ele>744.88</ele></trkpt>
      <trkpt lat="50.771729" lon="15.393101999999999"><ele>742.71</ele></trkpt>
      <trkpt lat="50.771671" lon="15.393189999999999"><ele>741.13</ele></trkpt>
      <trkpt lat="50.771569" lon="15.393426"><ele>741.37</ele></trkpt>
      <trkpt lat="50.771493" lon="15.393735999999999"><ele>741.46</ele></trkpt>
      <trkpt lat="50.771412999999995" lon="15.394198"><ele>741.32</ele></trkpt>
      <trkpt lat="50.771359999999994" lon="15.394706"><ele>741.53</ele></trkpt>
      <trkpt lat="50.771358" lon="15.394815999999999"><ele>741.57</ele></trkpt>
      <trkpt lat="50.771431" lon="15.395254999999999"><ele>741.95</ele></trkpt>
      <trkpt lat="50.77155" lon="15.395591"><ele>742.14</ele></trkpt>
      <trkpt lat="50.771727999999996" lon="15.395864"><ele>742.6</ele></trkpt>
      <trkpt lat="50.771755999999996" lon="15.396123999999999"><ele>742.18</ele></trkpt>
      <trkpt lat="50.771727999999996" lon="15.396379"><ele>740.15</ele></trkpt>
      <trkpt lat="50.771642" lon="15.396516"><ele>737.24</ele></trkpt>
      <trkpt lat="50.771575999999996" lon="15.396593"><ele>734.19</ele></trkpt>
      <trkpt lat="50.771575999999996" lon="15.396593"><ele>734.19</ele></trkpt>
      <trkpt lat="50.771575999999996" lon="15.396593"><ele>734.19</ele></trkpt>
      <trkpt lat="50.771575999999996" lon="15.396593"><ele>734.19</ele></trkpt>
      <trkpt lat="50.771575999999996" lon="15.396593"><ele>734.19</ele></trkpt>
      <trkpt lat="50.771480999999994" lon="15.396360999999999"><ele>734.09</ele></trkpt>
      <trkpt lat="50.771314" lon="15.395868"><ele>734.86</ele></trkpt>
      <trkpt lat="50.771235999999995" lon="15.395584999999999"><ele>733.4</ele></trkpt>
      <trkpt lat="50.77108" lon="15.395007"><ele>732.1</ele></trkpt>
      <trkpt lat="50.77102" lon="15.394575999999999"><ele>731.57</ele></trkpt>
      <trkpt lat="50.771015" lon="15.393967"><ele>730.83</ele></trkpt>
      <trkpt lat="50.77106" lon="15.393281"><ele>730.09</ele></trkpt>
      <trkpt lat="50.771097999999995" lon="15.393056999999999"><ele>730.72</ele></trkpt>
      <trkpt lat="50.771209" lon="15.392723"><ele>731.95</ele></trkpt>
      <trkpt lat="50.771448" lon="15.392132"><ele>734.74</ele></trkpt>
      <trkpt lat="50.771467" lon="15.392078"><ele>734.86</ele></trkpt>
      <trkpt lat="50.771499999999996" lon="15.391922"><ele>734.97</ele></trkpt>
      <trkpt lat="50.771567999999995" lon="15.391713"><ele>735.67</ele></trkpt>
      <trkpt lat="50.771651999999996" lon="15.391535999999999"><ele>736.32</ele></trkpt>
      <trkpt lat="50.771726" lon="15.391475"><ele>736.95</ele></trkpt>
      <trkpt lat="50.771781" lon="15.391483"><ele>737.61</ele></trkpt>
      <trkpt lat="50.771868" lon="15.391525999999999"><ele>738.74</ele></trkpt>
      <trkpt lat="50.771988" lon="15.391682999999999"><ele>741.79</ele></trkpt>
      <trkpt lat="50.772132" lon="15.391497"><ele>740.92</ele></trkpt>
      <trkpt lat="50.772270999999996" lon="15.391380999999999"><ele>739.7</ele></trkpt>
      <trkpt lat="50.772402" lon="15.3913"><ele>738.65</ele></trkpt>
      <trkpt lat="50.772538" lon="15.391257999999999"><ele>737.45</ele></trkpt>
      <trkpt lat="50.772721999999995" lon="15.391268"><ele>736.02</ele></trkpt>
      <trkpt lat="50.772937999999996" lon="15.391357"><ele>734.42</ele></trkpt>
      <trkpt lat="50.773064999999995" lon="15.391395999999999"><ele>733.36</ele></trkpt>
      <trkpt lat="50.773319" lon="15.391359999999999"><ele>731.46</ele></trkpt>
      <trkpt lat="50.773540999999994" lon="15.391292"><ele>729.69</ele></trkpt>
      <trkpt lat="50.773776999999995" lon="15.391202"><ele>727.72</ele></trkpt>
      <trkpt lat="50.773969" lon="15.39109"><ele>726.11</ele></trkpt>
      <trkpt lat="50.774463" lon="15.39095"><ele>722.25</ele></trkpt>
      <trkpt lat="50.77462" lon="15.390886"><ele>721.04</ele></trkpt>
      <trkpt lat="50.774758999999996" lon="15.390782"><ele>720.05</ele></trkpt>
      <trkpt lat="50.774884" lon="15.390581"><ele>719.05</ele></trkpt>
      <trkpt lat="50.774985" lon="15.390383"><ele>718.17</ele></trkpt>
      <trkpt lat="50.775081" lon="15.390118"><ele>717.09</ele></trkpt>
      <trkpt lat="50.775138999999996" lon="15.389793"><ele>715.77</ele></trkpt>
      <trkpt lat="50.775112" lon="15.389356"><ele>714.04</ele></trkpt>
      <trkpt lat="50.774654999999996" lon="15.386597"><ele>699.36</ele></trkpt>
      <trkpt lat="50.774501" lon="15.386166"><ele>696.8</ele></trkpt>
      <trkpt lat="50.774232" lon="15.385555"><ele>693.05</ele></trkpt>
      <trkpt lat="50.774139999999996" lon="15.385029999999999"><ele>689.58</ele></trkpt>
      <trkpt lat="50.774062" lon="15.384431"><ele>686.44</ele></trkpt>
      <trkpt lat="50.774074" lon="15.383842"><ele>683.72</ele></trkpt>
      <trkpt lat="50.774122" lon="15.383543999999999"><ele>682.33</ele></trkpt>
      <trkpt lat="50.774198" lon="15.383246"><ele>680.88</ele></trkpt>
      <trkpt lat="50.774246" lon="15.3828"><ele>678.81</ele></trkpt>
      <trkpt lat="50.774285" lon="15.382615999999999"><ele>677.95</ele></trkpt>
      <trkpt lat="50.774356999999995" lon="15.382461999999999"><ele>677.13</ele></trkpt>
      <trkpt lat="50.77453" lon="15.382174"><ele>675.1</ele></trkpt>
      <trkpt lat="50.774578" lon="15.38201"><ele>674.38</ele></trkpt>
      <trkpt lat="50.774569" lon="15.381806999999998"><ele>673.63</ele></trkpt>
      <trkpt lat="50.774533999999996" lon="15.381656999999999"><ele>672.85</ele></trkpt>
      <trkpt lat="50.774508999999995" lon="15.381464999999999"><ele>670.77</ele></trkpt>
      <trkpt lat="50.774387999999995" lon="15.381580999999999"><ele>669.24</ele></trkpt>
      <trkpt lat="50.774291999999996" lon="15.381658"><ele>667.69</ele></trkpt>
      <trkpt lat="50.774198999999996" lon="15.381786"><ele>666.15</ele></trkpt>
      <trkpt lat="50.774083999999995" lon="15.381905"><ele>664.28</ele></trkpt>
      <trkpt lat="50.773986" lon="15.381931"><ele>663.06</ele></trkpt>
      <trkpt lat="50.773793" lon="15.381889"><ele>660.84</ele></trkpt>
      <trkpt lat="50.773613999999995" lon="15.381917999999999"><ele>658.57</ele></trkpt>
      <trkpt lat="50.773497" lon="15.382019999999999"><ele>656.79</ele></trkpt>
      <trkpt lat="50.773379" lon="15.382175"><ele>654.65</ele></trkpt>
      <trkpt lat="50.773247999999995" lon="15.382494"><ele>651.33</ele></trkpt>
      <trkpt lat="50.773185999999995" lon="15.382959"><ele>646.81</ele></trkpt>
      <trkpt lat="50.77301" lon="15.383394"><ele>641.39</ele></trkpt>
      <trkpt lat="50.772849" lon="15.383495"><ele>638.22</ele></trkpt>
      <trkpt lat="50.772766" lon="15.383484999999999"><ele>636.43</ele></trkpt>
      <trkpt lat="50.772673" lon="15.383426"><ele>635.51</ele></trkpt>
      <trkpt lat="50.772279999999995" lon="15.383130999999999"><ele>632.99</ele></trkpt>
      <trkpt lat="50.772121" lon="15.382954"><ele>632.27</ele></trkpt>
      <trkpt lat="50.771977" lon="15.382753999999998"><ele>631.04</ele></trkpt>
      <trkpt lat="50.771944999999995" lon="15.382689999999998"><ele>630.73</ele></trkpt>
      <trkpt lat="50.771930999999995" lon="15.382612"><ele>630.43</ele></trkpt>
      <trkpt lat="50.771969" lon="15.382194"><ele>628.71</ele></trkpt>
      <trkpt lat="50.771820999999996" lon="15.381734"><ele>628.52</ele></trkpt>
      <trkpt lat="50.771350999999996" lon="15.380690999999999"><ele>633.44</ele></trkpt>
      <trkpt lat="50.771350999999996" lon="15.380690999999999"><ele>633.44</ele></trkpt>
      <trkpt lat="50.771350999999996" lon="15.380690999999999"><ele>633.44</ele></trkpt>
      <trkpt lat="50.771350999999996" lon="15.380690999999999"><ele>633.44</ele></trkpt>
      <trkpt lat="50.771350999999996" lon="15.380690999999999"><ele>633.44</ele></trkpt>
      <trkpt lat="50.771508999999995" lon="15.380621999999999"><ele>634.19</ele></trkpt>
      <trkpt lat="50.772527" lon="15.380255"><ele>639.18</ele></trkpt>
      <trkpt lat="50.77276" lon="15.380096"><ele>640.47</ele></trkpt>
      <trkpt lat="50.7729" lon="15.379969"><ele>641.32</ele></trkpt>
      <trkpt lat="50.773267" lon="15.379557"><ele>643.74</ele></trkpt>
      <trkpt lat="50.773567" lon="15.379183"><ele>645.78</ele></trkpt>
      <trkpt lat="50.773714999999996" lon="15.379052"><ele>646.61</ele></trkpt>
      <trkpt lat="50.774232999999995" lon="15.378706"><ele>649.37</ele></trkpt>
      <trkpt lat="50.774425" lon="15.378534"><ele>650.61</ele></trkpt>
      <trkpt lat="50.774604" lon="15.378243"><ele>652.42</ele></trkpt>
      <trkpt lat="50.774862999999996" lon="15.377708"><ele>654.79</ele></trkpt>
      <trkpt lat="50.774955999999996" lon="15.377414"><ele>655.75</ele></trkpt>
      <trkpt lat="50.775039" lon="15.377016"><ele>657.12</ele></trkpt>
      <trkpt lat="50.775197999999996" lon="15.375960999999998"><ele>660.82</ele></trkpt>
      <trkpt lat="50.775428" lon="15.374716999999999"><ele>665.27</ele></trkpt>
      <trkpt lat="50.775614" lon="15.373987999999999"><ele>667.3</ele></trkpt>
      <trkpt lat="50.775987" lon="15.372656999999998"><ele>670.44</ele></trkpt>
      <trkpt lat="50.776646" lon="15.370524"><ele>676.63</ele></trkpt>
      <trkpt lat="50.776934999999995" lon="15.369824"><ele>678.45</ele></trkpt>
      <trkpt lat="50.777271999999996" lon="15.369138"><ele>680.16</ele></trkpt>
      <trkpt lat="50.777474999999995" lon="15.368851999999999"><ele>680.94</ele></trkpt>
      <trkpt lat="50.77804" lon="15.368402999999999"><ele>682.4</ele></trkpt>
      <trkpt lat="50.778741" lon="15.367958"><ele>683.86</ele></trkpt>
      <trkpt lat="50.778741" lon="15.367958"><ele>683.86</ele></trkpt>
      <trkpt lat="50.778741" lon="15.367958"><ele>683.86</ele></trkpt>
      <trkpt lat="50.778741" lon="15.367958"><ele>683.86</ele></trkpt>
      <trkpt lat="50.778741" lon="15.367958"><ele>683.86</ele></trkpt>
      <trkpt lat="50.778886" lon="15.367932"><ele>684.16</ele></trkpt>
      <trkpt lat="50.779086" lon="15.368029"><ele>684.58</ele></trkpt>
      <trkpt lat="50.779793" lon="15.368718999999999"><ele>686.94</ele></trkpt>
      <trkpt lat="50.779959999999996" lon="15.36886"><ele>687.67</ele></trkpt>
      <trkpt lat="50.780494999999995" lon="15.368794"><ele>691</ele></trkpt>
      <trkpt lat="50.780654999999996" lon="15.368820999999999"><ele>692.27</ele></trkpt>
      <trkpt lat="50.780885999999995" lon="15.368913"><ele>693.32</ele></trkpt>
      <trkpt lat="50.781146" lon="15.369114999999999"><ele>695.35</ele></trkpt>
      <trkpt lat="50.781886" lon="15.369783"><ele>700.61</ele></trkpt>
      <trkpt lat="50.782277" lon="15.370085999999999"><ele>702.55</ele></trkpt>
      <trkpt lat="50.782543" lon="15.370265"><ele>703.86</ele></trkpt>
      <trkpt lat="50.782813999999995" lon="15.370381"><ele>705.09</ele></trkpt>
      <trkpt lat="50.78321" lon="15.370515999999999"><ele>707.64</ele></trkpt>
      <trkpt lat="50.783296" lon="15.370585"><ele>708.21</ele></trkpt>
      <trkpt lat="50.783370999999995" lon="15.370667"><ele>708.7</ele></trkpt>
      <trkpt lat="50.783860999999995" lon="15.371493"><ele>710.14</ele></trkpt>
      <trkpt lat="50.783975" lon="15.371668"><ele>710.13</ele></trkpt>
      <trkpt lat="50.784091" lon="15.371796"><ele>710.09</ele></trkpt>
      <trkpt lat="50.784327" lon="15.371981"><ele>710.08</ele></trkpt>
      <trkpt lat="50.784912999999996" lon="15.372257999999999"><ele>711.36</ele></trkpt>
      <trkpt lat="50.785216" lon="15.372292999999999"><ele>712.13</ele></trkpt>
      <trkpt lat="50.785697" lon="15.372223"><ele>712.41</ele></trkpt>
      <trkpt lat="50.785936" lon="15.372117999999999"><ele>712.25</ele></trkpt>
      <trkpt lat="50.786012" lon="15.37206"><ele>712.11</ele></trkpt>
      <trkpt lat="50.786251" lon="15.37162"><ele>711.43</ele></trkpt>
      <trkpt lat="50.786319999999996" lon="15.371544"><ele>711.36</ele></trkpt>
      <trkpt lat="50.786423" lon="15.371495999999999"><ele>711.38</ele></trkpt>
      <trkpt lat="50.786721" lon="15.371469999999999"><ele>711.94</ele></trkpt>
      <trkpt lat="50.787189" lon="15.37125"><ele>713.33</ele></trkpt>
      <trkpt lat="50.787380999999996" lon="15.371229999999999"><ele>714.18</ele></trkpt>
      <trkpt lat="50.787642" lon="15.371258999999998"><ele>715.36</ele></trkpt>
      <trkpt lat="50.787895" lon="15.371386"><ele>716.39</ele></trkpt>
      <trkpt lat="50.788354" lon="15.371785"><ele>718.39</ele></trkpt>
      <trkpt lat="50.788579999999996" lon="15.371925"><ele>719.15</ele></trkpt>
      <trkpt lat="50.78873" lon="15.372095"><ele>719.64</ele></trkpt>
      <trkpt lat="50.788999999999994" lon="15.372632"><ele>721.43</ele></trkpt>
      <trkpt lat="50.789072" lon="15.372681"><ele>721.86</ele></trkpt>
      <trkpt lat="50.78917" lon="15.372710999999999"><ele>722.42</ele></trkpt>
      <trkpt lat="50.78917" lon="15.372710999999999"><ele>722.42</ele></trkpt>
      <trkpt lat="50.78917" lon="15.372710999999999"><ele>722.42</ele></trkpt>
      <trkpt lat="50.78917" lon="15.372710999999999"><ele>722.42</ele></trkpt>
      <trkpt lat="50.78917" lon="15.372710999999999"><ele>722.42</ele></trkpt>
      <trkpt lat="50.789375" lon="15.372691999999999"><ele>723.63</ele></trkpt>
      <trkpt lat="50.789514" lon="15.372639"><ele>724.63</ele></trkpt>
      <trkpt lat="50.790202" lon="15.372266999999999"><ele>730.48</ele></trkpt>
      <trkpt lat="50.790969999999994" lon="15.371730999999999"><ele>735.42</ele></trkpt>
      <trkpt lat="50.791450999999995" lon="15.371315999999998"><ele>737.48</ele></trkpt>
      <trkpt lat="50.791711" lon="15.371158"><ele>738.26</ele></trkpt>
      <trkpt lat="50.792199" lon="15.370968"><ele>739.35</ele></trkpt>
      <trkpt lat="50.792657999999996" lon="15.370744"><ele>741.35</ele></trkpt>
      <trkpt lat="50.792916999999996" lon="15.370562"><ele>742.8</ele></trkpt>
      <trkpt lat="50.793102" lon="15.370455"><ele>743.76</ele></trkpt>
      <trkpt lat="50.793462999999996" lon="15.37031"><ele>745.58</ele></trkpt>
      <trkpt lat="50.793762" lon="15.370135999999999"><ele>746.27</ele></trkpt>
      <trkpt lat="50.794036" lon="15.369918"><ele>746.03</ele></trkpt>
      <trkpt lat="50.794083" lon="15.369907999999999"><ele>745.95</ele></trkpt>
      <trkpt lat="50.794157" lon="15.369933999999999"><ele>745.8</ele></trkpt>
      <trkpt lat="50.794258" lon="15.370030999999999"><ele>745.51</ele></trkpt>
      <trkpt lat="50.794396" lon="15.370334"><ele>744.71</ele></trkpt>
      <trkpt lat="50.794439999999994" lon="15.370389999999999"><ele>744.46</ele></trkpt>
      <trkpt lat="50.795057" lon="15.370854"><ele>741.27</ele></trkpt>
      <trkpt lat="50.795226" lon="15.371020999999999"><ele>740.55</ele></trkpt>
      <trkpt lat="50.795308999999996" lon="15.371132999999999"><ele>740.22</ele></trkpt>
      <trkpt lat="50.79541" lon="15.371305"><ele>739.81</ele></trkpt>
      <trkpt lat="50.795472" lon="15.371367"><ele>739.64</ele></trkpt>
      <trkpt lat="50.795570999999995" lon="15.371419999999999"><ele>739.42</ele></trkpt>
      <trkpt lat="50.795747999999996" lon="15.371405999999999"><ele>739.1</ele></trkpt>
      <trkpt lat="50.79584" lon="15.371376999999999"><ele>738.96</ele></trkpt>
      <trkpt lat="50.795944" lon="15.371315999999998"><ele>738.83</ele></trkpt>
      <trkpt lat="50.796019" lon="15.37125"><ele>738.76</ele></trkpt>
      <trkpt lat="50.796777999999996" lon="15.370446999999999"><ele>738.42</ele></trkpt>
      <trkpt lat="50.797734" lon="15.369703"><ele>738.08</ele></trkpt>
      <trkpt lat="50.798069" lon="15.369418999999999"><ele>738.58</ele></trkpt>
      <trkpt lat="50.798279" lon="15.369199"><ele>739.09</ele></trkpt>
      <trkpt lat="50.798392" lon="15.369034"><ele>739.42</ele></trkpt>
      <trkpt lat="50.798535" lon="15.368789"><ele>740.04</ele></trkpt>
      <trkpt lat="50.798671" lon="15.368604"><ele>740.75</ele></trkpt>
      <trkpt lat="50.798899999999996" lon="15.368411"><ele>741.85</ele></trkpt>
      <trkpt lat="50.799172999999996" lon="15.368376"><ele>743.04</ele></trkpt>
      <trkpt lat="50.799523" lon="15.368293"><ele>744.93</ele></trkpt>
      <trkpt lat="50.799696" lon="15.368196"><ele>746.04</ele></trkpt>
      <trkpt lat="50.799932" lon="15.367923"><ele>747.52</ele></trkpt>
      <trkpt lat="50.800188" lon="15.367548999999999"><ele>749.07</ele></trkpt>
      <trkpt lat="50.800627999999996" lon="15.366629"><ele>751.76</ele></trkpt>
      <trkpt lat="50.801006" lon="15.365972999999999"><ele>753.99</ele></trkpt>
      <trkpt lat="50.801595" lon="15.365191"><ele>757.12</ele></trkpt>
      <trkpt lat="50.801958" lon="15.364626"><ele>760.15</ele></trkpt>
      <trkpt lat="50.802358" lon="15.364177999999999"><ele>763.67</ele></trkpt>
      <trkpt lat="50.802606" lon="15.363769"><ele>766.5</ele></trkpt>
      <trkpt lat="50.802848999999995" lon="15.363510999999999"><ele>768.71</ele></trkpt>
      <trkpt lat="50.803092" lon="15.363327"><ele>770.59</ele></trkpt>
      <trkpt lat="50.804978" lon="15.362281"><ele>781.67</ele></trkpt>
      <trkpt lat="50.805172" lon="15.362136999999999"><ele>782.62</ele></trkpt>
      <trkpt lat="50.805316999999995" lon="15.361994999999999"><ele>783.34</ele></trkpt>
      <trkpt lat="50.805797999999996" lon="15.36144"><ele>785.21</ele></trkpt>
      <trkpt lat="50.805921" lon="15.361369999999999"><ele>785.66</ele></trkpt>
      <trkpt lat="50.805921" lon="15.361369999999999"><ele>785.66</ele></trkpt>
      <trkpt lat="50.805921" lon="15.361369999999999"><ele>785.66</ele></trkpt>
      <trkpt lat="50.805921" lon="15.361369999999999"><ele>785.66</ele></trkpt>
      <trkpt lat="50.805921" lon="15.361369999999999"><ele>785.66</ele></trkpt>
      <trkpt lat="50.806073" lon="15.361414"><ele>786.21</ele></trkpt>
      <trkpt lat="50.806276" lon="15.361585999999999"><ele>787.02</ele></trkpt>
      <trkpt lat="50.80648" lon="15.361986"><ele>788.16</ele></trkpt>
      <trkpt lat="50.806543" lon="15.362236999999999"><ele>789.01</ele></trkpt>
      <trkpt lat="50.806594" lon="15.362677"><ele>790.53</ele></trkpt>
      <trkpt lat="50.806554" lon="15.363662999999999"><ele>794.52</ele></trkpt>
      <trkpt lat="50.806554" lon="15.364094999999999"><ele>796.98</ele></trkpt>
      <trkpt lat="50.806596" lon="15.364481999999999"><ele>799.44</ele></trkpt>
      <trkpt lat="50.80666" lon="15.364662"><ele>800.75</ele></trkpt>
      <trkpt lat="50.806734999999996" lon="15.36479"><ele>801.9</ele></trkpt>
      <trkpt lat="50.806816999999995" lon="15.364825"><ele>802.81</ele></trkpt>
      <trkpt lat="50.806923999999995" lon="15.364787999999999"><ele>804.05</ele></trkpt>
      <trkpt lat="50.807082" lon="15.364644"><ele>806.16</ele></trkpt>
      <trkpt lat="50.807203" lon="15.364436"><ele>808.25</ele></trkpt>
      <trkpt lat="50.80735" lon="15.364326"><ele>809.99</ele></trkpt>
      <trkpt lat="50.807773" lon="15.364393999999999"><ele>815.13</ele></trkpt>
      <trkpt lat="50.808685999999994" lon="15.364277"><ele>820.04</ele></trkpt>
      <trkpt lat="50.808845" lon="15.364282999999999"><ele>820.72</ele></trkpt>
      <trkpt lat="50.809252" lon="15.364345"><ele>822.51</ele></trkpt>
      <trkpt lat="50.809425999999995" lon="15.364341999999999"><ele>823.24</ele></trkpt>
      <trkpt lat="50.809611" lon="15.364320999999999"><ele>824.11</ele></trkpt>
      <trkpt lat="50.809746" lon="15.364331"><ele>824.81</ele></trkpt>
      <trkpt lat="50.81026" lon="15.364438999999999"><ele>827.66</ele></trkpt>
      <trkpt lat="50.810579999999995" lon="15.364485"><ele>829.03</ele></trkpt>
      <trkpt lat="50.810762" lon="15.364529"><ele>829.75</ele></trkpt>
      <trkpt lat="50.811060999999995" lon="15.364664"><ele>830.78</ele></trkpt>
      <trkpt lat="50.811647" lon="15.364956"><ele>832.57</ele></trkpt>
      <trkpt lat="50.811761" lon="15.365051999999999"><ele>832.97</ele></trkpt>
      <trkpt lat="50.811916" lon="15.365234"><ele>833.55</ele></trkpt>
      <trkpt lat="50.811958" lon="15.365266"><ele>833.68</ele></trkpt>
      <trkpt lat="50.812107999999995" lon="15.365319"><ele>834.16</ele></trkpt>
      <trkpt lat="50.812200999999995" lon="15.365371"><ele>834.51</ele></trkpt>
      <trkpt lat="50.812255" lon="15.365423999999999"><ele>834.76</ele></trkpt>
      <trkpt lat="50.812543" lon="15.365794"><ele>836.32</ele></trkpt>
      <trkpt lat="50.812605" lon="15.365855"><ele>836.66</ele></trkpt>
      <trkpt lat="50.812664" lon="15.365898999999999"><ele>836.97</ele></trkpt>
      <trkpt lat="50.813119" lon="15.366150999999999"><ele>839.79</ele></trkpt>
      <trkpt lat="50.813204" lon="15.366185"><ele>840.43</ele></trkpt>
      <trkpt lat="50.813288" lon="15.366195999999999"><ele>841.06</ele></trkpt>
      <trkpt lat="50.813372" lon="15.366176"><ele>841.7</ele></trkpt>
      <trkpt lat="50.813561" lon="15.366076"><ele>843.21</ele></trkpt>
      <trkpt lat="50.813666999999995" lon="15.365998"><ele>844.1</ele></trkpt>
      <trkpt lat="50.81381" lon="15.365860999999999"><ele>845.4</ele></trkpt>
      <trkpt lat="50.81381" lon="15.365860999999999"><ele>845.4</ele></trkpt>
      <trkpt lat="50.81381" lon="15.365860999999999"><ele>845.4</ele></trkpt>
      <trkpt lat="50.81381" lon="15.365860999999999"><ele>845.4</ele></trkpt>
      <trkpt lat="50.81381" lon="15.365860999999999"><ele>845.4</ele></trkpt>
      <trkpt lat="50.813936" lon="15.365704"><ele>846.95</ele></trkpt>
      <trkpt lat="50.81404" lon="15.36553"><ele>848.3</ele></trkpt>
      <trkpt lat="50.814119" lon="15.365333999999999"><ele>849.74</ele></trkpt>
      <trkpt lat="50.814153999999995" lon="15.365183"><ele>850.77</ele></trkpt>
      <trkpt lat="50.814167999999995" lon="15.365093"><ele>851.59</ele></trkpt>
      <trkpt lat="50.81417" lon="15.365005"><ele>852.54</ele></trkpt>
      <trkpt lat="50.81416" lon="15.364918"><ele>853.36</ele></trkpt>
      <trkpt lat="50.814122" lon="15.364828999999999"><ele>854.15</ele></trkpt>
      <trkpt lat="50.814087" lon="15.364787999999999"><ele>854.59</ele></trkpt>
      <trkpt lat="50.814015" lon="15.36474"><ele>855.26</ele></trkpt>
      <trkpt lat="50.813897" lon="15.364704"><ele>855.99</ele></trkpt>
      <trkpt lat="50.813666999999995" lon="15.364664"><ele>857.41</ele></trkpt>
      <trkpt lat="50.813564" lon="15.36463"><ele>858.07</ele></trkpt>
      <trkpt lat="50.813447" lon="15.364562"><ele>858.68</ele></trkpt>
      <trkpt lat="50.81272" lon="15.363843"><ele>862.5</ele></trkpt>
      <trkpt lat="50.812514" lon="15.363579"><ele>864.51</ele></trkpt>
      <trkpt lat="50.812332" lon="15.363271"><ele>866.81</ele></trkpt>
      <trkpt lat="50.812138999999995" lon="15.362966"><ele>869.34</ele></trkpt>
      <trkpt lat="50.811411" lon="15.362102"><ele>876.97</ele></trkpt>
      <trkpt lat="50.811197" lon="15.361771"><ele>878.87</ele></trkpt>
      <trkpt lat="50.810921" lon="15.361132"><ele>881.35</ele></trkpt>
      <trkpt lat="50.810846" lon="15.360793"><ele>882.41</ele></trkpt>
      <trkpt lat="50.81081" lon="15.360078"><ele>884.13</ele></trkpt>
      <trkpt lat="50.810826999999996" lon="15.359738"><ele>886.14</ele></trkpt>
      <trkpt lat="50.811063" lon="15.358763999999999"><ele>894.93</ele></trkpt>
      <trkpt lat="50.811411" lon="15.357861"><ele>903</ele></trkpt>
      <trkpt lat="50.811713999999995" lon="15.3567"><ele>910.13</ele></trkpt>
      <trkpt lat="50.811800999999996" lon="15.355654"><ele>908.51</ele></trkpt>
      <trkpt lat="50.811817999999995" lon="15.355181"><ele>907.92</ele></trkpt>
      <trkpt lat="50.811854999999994" lon="15.354560999999999"><ele>907.28</ele></trkpt>
      <trkpt lat="50.811851999999995" lon="15.354277"><ele>907.04</ele></trkpt>
      <trkpt lat="50.811823" lon="15.354004999999999"><ele>906.8</ele></trkpt>
      <trkpt lat="50.811732" lon="15.353582999999999"><ele>906.45</ele></trkpt>
      <trkpt lat="50.811699999999995" lon="15.353200999999999"><ele>906.18</ele></trkpt>
      <trkpt lat="50.811713" lon="15.352957"><ele>906.54</ele></trkpt>
      <trkpt lat="50.811771" lon="15.352822"><ele>906.76</ele></trkpt>
      <trkpt lat="50.811771" lon="15.352822"><ele>906.76</ele></trkpt>
      <trkpt lat="50.811771" lon="15.352822"><ele>906.76</ele></trkpt>
      <trkpt lat="50.811771" lon="15.352822"><ele>906.76</ele></trkpt>
      <trkpt lat="50.811771" lon="15.352822"><ele>906.76</ele></trkpt>
      <trkpt lat="50.811907999999995" lon="15.352646"><ele>907</ele></trkpt>
      <trkpt lat="50.812093" lon="15.352829"><ele>907.8</ele></trkpt>
      <trkpt lat="50.812245999999995" lon="15.352924999999999"><ele>908.58</ele></trkpt>
      <trkpt lat="50.812373" lon="15.352976"><ele>909.26</ele></trkpt>
      <trkpt lat="50.812621" lon="15.353057"><ele>909.92</ele></trkpt>
      <trkpt lat="50.812767" lon="15.353081"><ele>910.31</ele></trkpt>
      <trkpt lat="50.812923999999995" lon="15.35309"><ele>910.45</ele></trkpt>
      <trkpt lat="50.813019999999995" lon="15.353081"><ele>910.4</ele></trkpt>
      <trkpt lat="50.813156" lon="15.353026999999999"><ele>910.4</ele></trkpt>
      <trkpt lat="50.814062" lon="15.352606"><ele>907.8</ele></trkpt>
      <trkpt lat="50.814215" lon="15.352507999999998"><ele>906.77</ele></trkpt>
      <trkpt lat="50.814713999999995" lon="15.352112"><ele>902.26</ele></trkpt>
      <trkpt lat="50.814845999999996" lon="15.351987"><ele>900.77</ele></trkpt>
      <trkpt lat="50.815" lon="15.351792999999999"><ele>898.83</ele></trkpt>
      <trkpt lat="50.815155999999995" lon="15.351481"><ele>896.2</ele></trkpt>
      <trkpt lat="50.816468" lon="15.348555"><ele>874.27</ele></trkpt>
      <trkpt lat="50.816703" lon="15.347978999999999"><ele>870.27</ele></trkpt>
      <trkpt lat="50.816741" lon="15.347923999999999"><ele>869.78</ele></trkpt>
      <trkpt lat="50.816852999999995" lon="15.347807999999999"><ele>868.49</ele></trkpt>
      <trkpt lat="50.817792" lon="15.347074999999998"><ele>857.9</ele></trkpt>
      <trkpt lat="50.818264" lon="15.346741"><ele>855.37</ele></trkpt>
      <trkpt lat="50.818318" lon="15.346630999999999"><ele>855.37</ele></trkpt>
      <trkpt lat="50.818341" lon="15.346411999999999"><ele>856.83</ele></trkpt>
      <trkpt lat="50.818324999999994" lon="15.346316999999999"><ele>857.18</ele></trkpt>
      <trkpt lat="50.818189999999994" lon="15.345851999999999"><ele>858.98</ele></trkpt>
      <trkpt lat="50.818177999999996" lon="15.345737999999999"><ele>859.43</ele></trkpt>
      <trkpt lat="50.818183999999995" lon="15.345647"><ele>859.72</ele></trkpt>
      <trkpt lat="50.818217" lon="15.345550999999999"><ele>860.09</ele></trkpt>
      <trkpt lat="50.818273" lon="15.345474999999999"><ele>860.55</ele></trkpt>
      <trkpt lat="50.818343999999996" lon="15.345409"><ele>861.23</ele></trkpt>
      <trkpt lat="50.818487999999995" lon="15.345274999999999"><ele>861.92</ele></trkpt>
      <trkpt lat="50.818582" lon="15.345111"><ele>862</ele></trkpt>
      <trkpt lat="50.818812" lon="15.345531"><ele>861.28</ele></trkpt>
      <trkpt lat="50.819624" lon="15.346477"><ele>853.66</ele></trkpt>
      <trkpt lat="50.819688" lon="15.346585999999999"><ele>852.66</ele></trkpt>
      <trkpt lat="50.819705" lon="15.346632999999999"><ele>852.37</ele></trkpt>
      <trkpt lat="50.819720999999994" lon="15.346775"><ele>852.12</ele></trkpt>
      <trkpt lat="50.819725" lon="15.346936999999999"><ele>851.87</ele></trkpt>
      <trkpt lat="50.819697999999995" lon="15.347067"><ele>851.66</ele></trkpt>
      <trkpt lat="50.819689" lon="15.347166"><ele>851.35</ele></trkpt>
      <trkpt lat="50.819694999999996" lon="15.347265"><ele>851.12</ele></trkpt>
      <trkpt lat="50.819711" lon="15.347344"><ele>851.02</ele></trkpt>
      <trkpt lat="50.819764" lon="15.347560999999999"><ele>851.52</ele></trkpt>
      <trkpt lat="50.8198" lon="15.347741"><ele>852.46</ele></trkpt>
      <trkpt lat="50.819835999999995" lon="15.347826999999999"><ele>852.99</ele></trkpt>
      <trkpt lat="50.819905999999996" lon="15.347888999999999"><ele>853.4</ele></trkpt>
      <trkpt lat="50.819945" lon="15.347885999999999"><ele>853.58</ele></trkpt>
      <trkpt lat="50.820099" lon="15.347771999999999"><ele>854.56</ele></trkpt>
      <trkpt lat="50.820172" lon="15.347786999999999"><ele>854.88</ele></trkpt>
      <trkpt lat="50.820203" lon="15.347809999999999"><ele>855</ele></trkpt>
      <trkpt lat="50.820353999999995" lon="15.347966"><ele>856.23</ele></trkpt>
      <trkpt lat="50.820353999999995" lon="15.347966"><ele>856.23</ele></trkpt>
      <trkpt lat="50.820353999999995" lon="15.347966"><ele>856.23</ele></trkpt>
      <trkpt lat="50.820429999999995" lon="15.347786999999999"><ele>856.14</ele></trkpt>
      <trkpt lat="50.820595999999995" lon="15.347434"><ele>856.07</ele></trkpt>
      <trkpt lat="50.820696999999996" lon="15.347242"><ele>856.09</ele></trkpt>
      <trkpt lat="50.821495999999996" lon="15.345901999999999"><ele>858.48</ele></trkpt>
      <trkpt lat="50.821628" lon="15.345640999999999"><ele>859.01</ele></trkpt>
      <trkpt lat="50.821628" lon="15.345640999999999"><ele>859.01</ele></trkpt>
      <trkpt lat="50.821945" lon="15.345011999999999"><ele>859.55</ele></trkpt>
      <trkpt lat="50.822545" lon="15.343668"><ele>859.7</ele></trkpt>
      <trkpt lat="50.822745" lon="15.343281"><ele>859.76</ele></trkpt>
      <trkpt lat="50.82346" lon="15.342156999999998"><ele>860.35</ele></trkpt>
      <trkpt lat="50.823876999999996" lon="15.341476"><ele>860.58</ele></trkpt>
      <trkpt lat="50.823935999999996" lon="15.341320999999999"><ele>860.62</ele></trkpt>
      <trkpt lat="50.824005" lon="15.341054"><ele>860.56</ele></trkpt>
      <trkpt lat="50.824045" lon="15.340769"><ele>860.44</ele></trkpt>
      <trkpt lat="50.824045" lon="15.340686999999999"><ele>860.33</ele></trkpt>
      <trkpt lat="50.823826" lon="15.340185"><ele>858.55</ele></trkpt>
      <trkpt lat="50.823583" lon="15.339583"><ele>857.45</ele></trkpt>
      <trkpt lat="50.824056" lon="15.339089"><ele>860.47</ele></trkpt>
      <trkpt lat="50.824205" lon="15.338887999999999"><ele>861.2</ele></trkpt>
      <trkpt lat="50.824056" lon="15.339089"><ele>860.47</ele></trkpt>
      <trkpt lat="50.824231999999995" lon="15.338852"><ele>861.93</ele></trkpt>
      <trkpt lat="50.824352" lon="15.338607"><ele>863.51</ele></trkpt>
      <trkpt lat="50.824438" lon="15.338367"><ele>864.79</ele></trkpt>
      <trkpt lat="50.824636" lon="15.337511999999998"><ele>868.84</ele></trkpt>
      <trkpt lat="50.824695" lon="15.337328"><ele>869.4</ele></trkpt>
      <trkpt lat="50.824821" lon="15.337047"><ele>870.53</ele></trkpt>
      <trkpt lat="50.825164" lon="15.336462"><ele>872.43</ele></trkpt>
      <trkpt lat="50.82539" lon="15.336046999999999"><ele>873</ele></trkpt>
      <trkpt lat="50.826926" lon="15.333368"><ele>868.73</ele></trkpt>
      <trkpt lat="50.827073" lon="15.333172"><ele>867.74</ele></trkpt>
      <trkpt lat="50.827613" lon="15.332588999999999"><ele>863.6</ele></trkpt>
      <trkpt lat="50.827883" lon="15.332234"><ele>862.03</ele></trkpt>
      <trkpt lat="50.827934" lon="15.332132"><ele>862.2</ele></trkpt>
      <trkpt lat="50.829435" lon="15.328498"><ele>865.33</ele></trkpt>
      <trkpt lat="50.829487" lon="15.32833"><ele>865.38</ele></trkpt>
      <trkpt lat="50.829542" lon="15.328073"><ele>865.47</ele></trkpt>
      <trkpt lat="50.829752" lon="15.326839"><ele>865.86</ele></trkpt>
      <trkpt lat="50.829834" lon="15.326588"><ele>865.88</ele></trkpt>
      <trkpt lat="50.829885999999995" lon="15.326502"><ele>865.99</ele></trkpt>
      <trkpt lat="50.829974" lon="15.326385"><ele>866.04</ele></trkpt>
      <trkpt lat="50.830678" lon="15.325785"><ele>865.9</ele></trkpt>
      <trkpt lat="50.830788999999996" lon="15.325667999999999"><ele>865.88</ele></trkpt>
      <trkpt lat="50.830994999999994" lon="15.325356"><ele>865.87</ele></trkpt>
      <trkpt lat="50.83114" lon="15.325076999999999"><ele>866.2</ele></trkpt>
      <trkpt lat="50.831534999999995" lon="15.324463999999999"><ele>868.18</ele></trkpt>
      <trkpt lat="50.831939" lon="15.323989"><ele>869.27</ele></trkpt>
      <trkpt lat="50.832066999999995" lon="15.323808"><ele>869.63</ele></trkpt>
      <trkpt lat="50.83239" lon="15.323172"><ele>870.83</ele></trkpt>
      <trkpt lat="50.832662" lon="15.322610999999998"><ele>872.17</ele></trkpt>
      <trkpt lat="50.833228999999996" lon="15.321238999999998"><ele>875.25</ele></trkpt>
      <trkpt lat="50.833498999999996" lon="15.320632"><ele>876.59</ele></trkpt>
      <trkpt lat="50.833602" lon="15.320374"><ele>877.1</ele></trkpt>
      <trkpt lat="50.834438" lon="15.318423"><ele>883.25</ele></trkpt>
      <trkpt lat="50.834604999999996" lon="15.318069999999999"><ele>883.79</ele></trkpt>
      <trkpt lat="50.834664" lon="15.317967999999999"><ele>884.07</ele></trkpt>
      <trkpt lat="50.834821999999996" lon="15.317791"><ele>884.4</ele></trkpt>
      <trkpt lat="50.836017999999996" lon="15.316815"><ele>882.53</ele></trkpt>
      <trkpt lat="50.836166999999996" lon="15.316669"><ele>882.02</ele></trkpt>
      <trkpt lat="50.836278" lon="15.316583999999999"><ele>881.7</ele></trkpt>
      <trkpt lat="50.836776" lon="15.316149"><ele>881</ele></trkpt>
      <trkpt lat="50.836869" lon="15.316035999999999"><ele>880.84</ele></trkpt>
      <trkpt lat="50.836929999999995" lon="15.315904999999999"><ele>880.69</ele></trkpt>
      <trkpt lat="50.83698" lon="15.315745"><ele>880.46</ele></trkpt>
      <trkpt lat="50.837087" lon="15.315259"><ele>879.16</ele></trkpt>
      <trkpt lat="50.837413" lon="15.313312999999999"><ele>889.83</ele></trkpt>
      <trkpt lat="50.83775" lon="15.311423999999999"><ele>898.69</ele></trkpt>
      <trkpt lat="50.838059" lon="15.309626999999999"><ele>905.7</ele></trkpt>
      <trkpt lat="50.838156" lon="15.309163999999999"><ele>907.05</ele></trkpt>
      <trkpt lat="50.838307" lon="15.308591"><ele>908.7</ele></trkpt>
      <trkpt lat="50.838564999999996" lon="15.307737999999999"><ele>910.99</ele></trkpt>
      <trkpt lat="50.839036" lon="15.306668"><ele>913.47</ele></trkpt>
      <trkpt lat="50.839726999999996" lon="15.305297"><ele>916.05</ele></trkpt>
      <trkpt lat="50.840861" lon="15.303592"><ele>918.55</ele></trkpt>
      <trkpt lat="50.841069999999995" lon="15.303127"><ele>919.17</ele></trkpt>
      <trkpt lat="50.841125999999996" lon="15.302980999999999"><ele>919.32</ele></trkpt>
      <trkpt lat="50.84117" lon="15.302729"><ele>919.61</ele></trkpt>
      <trkpt lat="50.84117" lon="15.302729"><ele>919.61</ele></trkpt>
      <trkpt lat="50.84117" lon="15.302729"><ele>919.61</ele></trkpt>
      <trkpt lat="50.84117" lon="15.302729"><ele>919.61</ele></trkpt>
      <trkpt lat="50.841190999999995" lon="15.302494999999999"><ele>919.91</ele></trkpt>
      <trkpt lat="50.841190999999995" lon="15.302209999999999"><ele>920.28</ele></trkpt>
      <trkpt lat="50.841141" lon="15.30173"><ele>920.9</ele></trkpt>
      <trkpt lat="50.841136" lon="15.301364"><ele>921.32</ele></trkpt>
      <trkpt lat="50.841153" lon="15.300851999999999"><ele>922.03</ele></trkpt>
      <trkpt lat="50.841414" lon="15.299109999999999"><ele>925.09</ele></trkpt>
      <trkpt lat="50.841414" lon="15.298971"><ele>925.26</ele></trkpt>
      <trkpt lat="50.841395999999996" lon="15.298862999999999"><ele>925.38</ele></trkpt>
      <trkpt lat="50.841015999999996" lon="15.297685999999999"><ele>925.99</ele></trkpt>
      <trkpt lat="50.840868" lon="15.297251"><ele>926.28</ele></trkpt>
      <trkpt lat="50.840756999999996" lon="15.296809999999999"><ele>926.77</ele></trkpt>
      <trkpt lat="50.840689" lon="15.296393"><ele>927.3</ele></trkpt>
      <trkpt lat="50.840655" lon="15.295910999999998"><ele>927.8</ele></trkpt>
      <trkpt lat="50.840658" lon="15.295516"><ele>928.32</ele></trkpt>
      <trkpt lat="50.840720999999995" lon="15.295078"><ele>928.11</ele></trkpt>
      <trkpt lat="50.840861" lon="15.294457"><ele>926.68</ele></trkpt>
      <trkpt lat="50.840973999999996" lon="15.293631999999999"><ele>925.2</ele></trkpt>
      <trkpt lat="50.840973999999996" lon="15.293631999999999"><ele>925.2</ele></trkpt>
      <trkpt lat="50.841352" lon="15.290517"><ele>913.24</ele></trkpt>
      <trkpt lat="50.841232" lon="15.289785"><ele>911.72</ele></trkpt>
      <trkpt lat="50.841139999999996" lon="15.289454"><ele>911.97</ele></trkpt>
      <trkpt lat="50.840914" lon="15.28886"><ele>912.88</ele></trkpt>
      <trkpt lat="50.840761" lon="15.288551"><ele>913.86</ele></trkpt>
      <trkpt lat="50.840761" lon="15.288551"><ele>913.86</ele></trkpt>
      <trkpt lat="50.840761" lon="15.288551"><ele>913.86</ele></trkpt>
      <trkpt lat="50.840388999999995" lon="15.288025"><ele>916.09</ele></trkpt>
      <trkpt lat="50.838477" lon="15.285141999999999"><ele>893.18</ele></trkpt>
      <trkpt lat="50.837937" lon="15.284315"><ele>886.89</ele></trkpt>
      <trkpt lat="50.83745" lon="15.283596999999999"><ele>883.19</ele></trkpt>
      <trkpt lat="50.83745" lon="15.283596999999999"><ele>883.19</ele></trkpt>
      <trkpt lat="50.837167" lon="15.28318"><ele>883.19</ele></trkpt>
      <trkpt lat="50.837167" lon="15.28318"><ele>880</ele></trkpt>
      <trkpt lat="50.8371005" lon="15.283081333333334"><ele>880</ele></trkpt>
      <trkpt lat="50.837034" lon="15.282982666666665"><ele>879</ele></trkpt>
      <trkpt lat="50.8369675" lon="15.282884"><ele>879</ele></trkpt>
      <trkpt lat="50.836901" lon="15.282785333333333"><ele>879</ele></trkpt>
      <trkpt lat="50.8368345" lon="15.282686666666665"><ele>879</ele></trkpt>
      <trkpt lat="50.836768" lon="15.282587999999999"><ele>879</ele></trkpt>
      <trkpt lat="50.836768" lon="15.282587999999999"><ele>878.65</ele></trkpt>
      <trkpt lat="50.835533" lon="15.280695999999999"><ele>884.58</ele></trkpt>
      <trkpt lat="50.835432999999995" lon="15.280451"><ele>885.61</ele></trkpt>
      <trkpt lat="50.834865" lon="15.280831"><ele>887.23</ele></trkpt>
      <trkpt lat="50.834395" lon="15.281122"><ele>888.17</ele></trkpt>
      <trkpt lat="50.834202999999995" lon="15.281189"><ele>888.37</ele></trkpt>
      <trkpt lat="50.833841" lon="15.28126"><ele>888.72</ele></trkpt>
      <trkpt lat="50.833841" lon="15.28126"><ele>888.72</ele></trkpt>
      <trkpt lat="50.833841" lon="15.28126"><ele>888.72</ele></trkpt>
      <trkpt lat="50.83367" lon="15.28125"><ele>888.72</ele></trkpt>
      <trkpt lat="50.833448" lon="15.281198999999999"><ele>888.68</ele></trkpt>
      <trkpt lat="50.832246" lon="15.280660999999998"><ele>886.72</ele></trkpt>
      <trkpt lat="50.831903999999994" lon="15.280531"><ele>886.32</ele></trkpt>
      <trkpt lat="50.831686" lon="15.280482"><ele>886.06</ele></trkpt>
      <trkpt lat="50.83154" lon="15.28047"><ele>885.96</ele></trkpt>
      <trkpt lat="50.831367" lon="15.280494"><ele>885.95</ele></trkpt>
      <trkpt lat="50.831229" lon="15.280532"><ele>885.86</ele></trkpt>
      <trkpt lat="50.831058999999996" lon="15.280501999999998"><ele>886.48</ele></trkpt>
      <trkpt lat="50.830762" lon="15.280498"><ele>887.04</ele></trkpt>
      <trkpt lat="50.830203999999995" lon="15.280441"><ele>888.17</ele></trkpt>
      <trkpt lat="50.829884" lon="15.280495"><ele>889.06</ele></trkpt>
      <trkpt lat="50.829245" lon="15.280736"><ele>891.29</ele></trkpt>
      <trkpt lat="50.828841" lon="15.280795"><ele>892.87</ele></trkpt>
      <trkpt lat="50.828316" lon="15.280764"><ele>895.15</ele></trkpt>
      <trkpt lat="50.828055" lon="15.28069"><ele>896.31</ele></trkpt>
      <trkpt lat="50.827745" lon="15.280484999999999"><ele>897.79</ele></trkpt>
      <trkpt lat="50.827422999999996" lon="15.280201"><ele>899.34</ele></trkpt>
      <trkpt lat="50.827103" lon="15.279876999999999"><ele>900.91</ele></trkpt>
      <trkpt lat="50.826412" lon="15.278922999999999"><ele>904.91</ele></trkpt>
      <trkpt lat="50.826274" lon="15.278678"><ele>906.11</ele></trkpt>
      <trkpt lat="50.826125" lon="15.278243999999999"><ele>907.81</ele></trkpt>
      <trkpt lat="50.826028" lon="15.27792"><ele>909.33</ele></trkpt>
      <trkpt lat="50.82595" lon="15.277598999999999"><ele>910.61</ele></trkpt>
      <trkpt lat="50.82595" lon="15.277598999999999"><ele>910.61</ele></trkpt>
      <trkpt lat="50.82595" lon="15.277598999999999"><ele>910.61</ele></trkpt>
      <trkpt lat="50.82595" lon="15.277598999999999"><ele>910.61</ele></trkpt>
      <trkpt lat="50.82595" lon="15.277598999999999"><ele>910.61</ele></trkpt>
      <trkpt lat="50.825896" lon="15.277325999999999"><ele>911.64</ele></trkpt>
      <trkpt lat="50.825883" lon="15.277173999999999"><ele>912.2</ele></trkpt>
      <trkpt lat="50.825883999999995" lon="15.276829"><ele>913.6</ele></trkpt>
      <trkpt lat="50.82589" lon="15.276401"><ele>915.08</ele></trkpt>
      <trkpt lat="50.825975" lon="15.275703"><ele>917.11</ele></trkpt>
      <trkpt lat="50.826108999999995" lon="15.275051"><ele>918.91</ele></trkpt>
      <trkpt lat="50.826499999999996" lon="15.273323999999999"><ele>923.17</ele></trkpt>
      <trkpt lat="50.826567999999995" lon="15.272843"><ele>923.77</ele></trkpt>
      <trkpt lat="50.826589" lon="15.272176"><ele>924.99</ele></trkpt>
      <trkpt lat="50.82658" lon="15.27098"><ele>928.17</ele></trkpt>
      <trkpt lat="50.826555" lon="15.270119"><ele>930.92</ele></trkpt>
      <trkpt lat="50.826516999999996" lon="15.269826"><ele>931.95</ele></trkpt>
      <trkpt lat="50.826440999999996" lon="15.269625999999999"><ele>932.73</ele></trkpt>
      <trkpt lat="50.826364" lon="15.269489"><ele>933.35</ele></trkpt>
      <trkpt lat="50.825131" lon="15.268153"><ele>940.77</ele></trkpt>
      <trkpt lat="50.825047999999995" lon="15.268025999999999"><ele>941.25</ele></trkpt>
      <trkpt lat="50.824731" lon="15.267408"><ele>942.72</ele></trkpt>
      <trkpt lat="50.824591999999996" lon="15.267109999999999"><ele>943.41</ele></trkpt>
      <trkpt lat="50.824534" lon="15.266943999999999"><ele>943.82</ele></trkpt>
      <trkpt lat="50.824493999999994" lon="15.266731"><ele>944.22</ele></trkpt>
      <trkpt lat="50.824475" lon="15.266482"><ele>944.58</ele></trkpt>
      <trkpt lat="50.824466" lon="15.265075999999999"><ele>946.19</ele></trkpt>
      <trkpt lat="50.824503" lon="15.264593"><ele>946.54</ele></trkpt>
      <trkpt lat="50.824704" lon="15.263005"><ele>947.3</ele></trkpt>
      <trkpt lat="50.824785" lon="15.262467"><ele>947.56</ele></trkpt>
      <trkpt lat="50.825312" lon="15.259552999999999"><ele>949.99</ele></trkpt>
      <trkpt lat="50.825523" lon="15.258284999999999"><ele>951.24</ele></trkpt>
      <trkpt lat="50.825776999999995" lon="15.257019"><ele>953.35</ele></trkpt>
      <trkpt lat="50.826176" lon="15.254911"><ele>957.29</ele></trkpt>
      <trkpt lat="50.826617" lon="15.252407999999999"><ele>961.13</ele></trkpt>
      <trkpt lat="50.826719" lon="15.251947"><ele>962.12</ele></trkpt>
      <trkpt lat="50.827528" lon="15.249424999999999"><ele>968.21</ele></trkpt>
      <trkpt lat="50.827701999999995" lon="15.248937999999999"><ele>969.21</ele></trkpt>
      <trkpt lat="50.827898999999995" lon="15.248527"><ele>970.05</ele></trkpt>
      <trkpt lat="50.828025" lon="15.248299"><ele>970.54</ele></trkpt>
      <trkpt lat="50.828209" lon="15.248047999999999"><ele>971.2</ele></trkpt>
      <trkpt lat="50.830141" lon="15.245648"><ele>977.34</ele></trkpt>
      <trkpt lat="50.830192999999994" lon="15.245579999999999"><ele>977.52</ele></trkpt>
      <trkpt lat="50.830239999999996" lon="15.245493"><ele>977.71</ele></trkpt>
      <trkpt lat="50.830273999999996" lon="15.245398"><ele>977.97</ele></trkpt>
      <trkpt lat="50.830312" lon="15.245242"><ele>978.28</ele></trkpt>
      <trkpt lat="50.830712" lon="15.24296"><ele>986.66</ele></trkpt>
      <trkpt lat="50.830621" lon="15.242809"><ele>986.55</ele></trkpt>
      <trkpt lat="50.83054" lon="15.242607999999999"><ele>986.34</ele></trkpt>
      <trkpt lat="50.830403" lon="15.242106"><ele>985.77</ele></trkpt>
      <trkpt lat="50.830276999999995" lon="15.241371"><ele>984.7</ele></trkpt>
      <trkpt lat="50.830177" lon="15.240599"><ele>983.66</ele></trkpt>
      <trkpt lat="50.830005" lon="15.238482"><ele>981.06</ele></trkpt>
      <trkpt lat="50.829995999999994" lon="15.238318999999999"><ele>980.82</ele></trkpt>
      <trkpt lat="50.83002" lon="15.238107"><ele>980.4</ele></trkpt>
      <trkpt lat="50.830318" lon="15.237019"><ele>979.33</ele></trkpt>
      <trkpt lat="50.830439" lon="15.236678999999999"><ele>978.8</ele></trkpt>
      <trkpt lat="50.830693" lon="15.23612"><ele>977.81</ele></trkpt>
      <trkpt lat="50.831388999999994" lon="15.234865"><ele>976.16</ele></trkpt>
      <trkpt lat="50.832014" lon="15.233865999999999"><ele>975.42</ele></trkpt>
      <trkpt lat="50.832014" lon="15.233865999999999"><ele>975.42</ele></trkpt>
      <trkpt lat="50.832014" lon="15.233865999999999"><ele>975.42</ele></trkpt>
      <trkpt lat="50.832014" lon="15.233865999999999"><ele>975.42</ele></trkpt>
      <trkpt lat="50.832014" lon="15.233865999999999"><ele>975.42</ele></trkpt>
      <trkpt lat="50.831944" lon="15.233601"><ele>973.97</ele></trkpt>
      <trkpt lat="50.831911" lon="15.233310999999999"><ele>972.17</ele></trkpt>
      <trkpt lat="50.831815" lon="15.233068999999999"><ele>970.71</ele></trkpt>
      <trkpt lat="50.831558" lon="15.232536"><ele>967.97</ele></trkpt>
      <trkpt lat="50.831368" lon="15.232088"><ele>966.75</ele></trkpt>
      <trkpt lat="50.831278999999995" lon="15.231741999999999"><ele>966.56</ele></trkpt>
      <trkpt lat="50.831202" lon="15.231249"><ele>967.09</ele></trkpt>
      <trkpt lat="50.831142" lon="15.23101"><ele>967.58</ele></trkpt>
      <trkpt lat="50.830985999999996" lon="15.230599"><ele>968.86</ele></trkpt>
      <trkpt lat="50.830801" lon="15.230291999999999"><ele>970.15</ele></trkpt>
      <trkpt lat="50.830583" lon="15.230053999999999"><ele>971.41</ele></trkpt>
      <trkpt lat="50.830417999999995" lon="15.229918"><ele>972.27</ele></trkpt>
      <trkpt lat="50.829930999999995" lon="15.229569999999999"><ele>974.83</ele></trkpt>
      <trkpt lat="50.829563" lon="15.229227999999999"><ele>976.73</ele></trkpt>
      <trkpt lat="50.829096" lon="15.228636"><ele>979.48</ele></trkpt>
      <trkpt lat="50.828613" lon="15.228185"><ele>982.15</ele></trkpt>
      <trkpt lat="50.828433" lon="15.227922"><ele>983.46</ele></trkpt>
      <trkpt lat="50.828212" lon="15.227568"><ele>985.07</ele></trkpt>
      <trkpt lat="50.82807" lon="15.227392"><ele>985.94</ele></trkpt>
      <trkpt lat="50.827937" lon="15.227274999999999"><ele>986.67</ele></trkpt>
      <trkpt lat="50.827779" lon="15.227151"><ele>987.53</ele></trkpt>
      <trkpt lat="50.827586" lon="15.227022999999999"><ele>988.47</ele></trkpt>
      <trkpt lat="50.827213" lon="15.22679"><ele>990.17</ele></trkpt>
      <trkpt lat="50.826980999999996" lon="15.226659"><ele>991.23</ele></trkpt>
      <trkpt lat="50.825925999999995" lon="15.226196"><ele>995.44</ele></trkpt>
      <trkpt lat="50.825475" lon="15.225942"><ele>996.85</ele></trkpt>
      <trkpt lat="50.825317999999996" lon="15.22583"><ele>997.18</ele></trkpt>
      <trkpt lat="50.824835" lon="15.225378"><ele>998.71</ele></trkpt>
      <trkpt lat="50.824096" lon="15.224366999999999"><ele>999.76</ele></trkpt>
      <trkpt lat="50.824048" lon="15.224279999999998"><ele>999.77</ele></trkpt>
      <trkpt lat="50.824011" lon="15.224158999999998"><ele>999.78</ele></trkpt>
      <trkpt lat="50.823992" lon="15.224057"><ele>999.79</ele></trkpt>
      <trkpt lat="50.823982" lon="15.223927999999999"><ele>999.8</ele></trkpt>
      <trkpt lat="50.823985" lon="15.22382"><ele>999.8</ele></trkpt>
      <trkpt lat="50.824009" lon="15.223688"><ele>999.79</ele></trkpt>
      <trkpt lat="50.824101999999996" lon="15.223469"><ele>999.69</ele></trkpt>
      <trkpt lat="50.824313" lon="15.223153"><ele>999.37</ele></trkpt>
      <trkpt lat="50.824421" lon="15.22294"><ele>999.3</ele></trkpt>
      <trkpt lat="50.824461" lon="15.222802"><ele>999.2</ele></trkpt>
      <trkpt lat="50.824534" lon="15.222379"><ele>998.5</ele></trkpt>
      <trkpt lat="50.824571" lon="15.222068"><ele>997.77</ele></trkpt>
      <trkpt lat="50.82458" lon="15.221888"><ele>997.03</ele></trkpt>
      <trkpt lat="50.824545" lon="15.221639999999999"><ele>995.93</ele></trkpt>
      <trkpt lat="50.824517" lon="15.221537"><ele>995.42</ele></trkpt>
      <trkpt lat="50.824456" lon="15.221401"><ele>994.52</ele></trkpt>
      <trkpt lat="50.824318" lon="15.221262999999999"><ele>993.59</ele></trkpt>
      <trkpt lat="50.823761" lon="15.220915"><ele>988.9</ele></trkpt>
      <trkpt lat="50.823052" lon="15.220149"><ele>984.45</ele></trkpt>
      <trkpt lat="50.822813" lon="15.219939"><ele>982.98</ele></trkpt>
      <trkpt lat="50.822395" lon="15.219785"><ele>980.46</ele></trkpt>
      <trkpt lat="50.822209" lon="15.219657999999999"><ele>979.11</ele></trkpt>
      <trkpt lat="50.822041999999996" lon="15.219496"><ele>977.71</ele></trkpt>
      <trkpt lat="50.821348" lon="15.218703999999999"><ele>971.76</ele></trkpt>
      <trkpt lat="50.820873999999996" lon="15.218145999999999"><ele>967.81</ele></trkpt>
      <trkpt lat="50.820592" lon="15.217837"><ele>965.48</ele></trkpt>
      <trkpt lat="50.82022" lon="15.217490999999999"><ele>962.64</ele></trkpt>
      <trkpt lat="50.819795" lon="15.217127999999999"><ele>959.79</ele></trkpt>
      <trkpt lat="50.819553" lon="15.216939"><ele>957.83</ele></trkpt>
      <trkpt lat="50.819171" lon="15.21669"><ele>954.82</ele></trkpt>
      <trkpt lat="50.818546999999995" lon="15.216280999999999"><ele>950.36</ele></trkpt>
      <trkpt lat="50.818231999999995" lon="15.215936999999998"><ele>947.77</ele></trkpt>
      <trkpt lat="50.817769999999996" lon="15.215192"><ele>943.22</ele></trkpt>
      <trkpt lat="50.817285" lon="15.214062"><ele>937.26</ele></trkpt>
      <trkpt lat="50.817136" lon="15.213673"><ele>935.34</ele></trkpt>
      <trkpt lat="50.816992" lon="15.213255"><ele>933.38</ele></trkpt>
      <trkpt lat="50.816992" lon="15.213255"><ele>933.38</ele></trkpt>
      <trkpt lat="50.816992" lon="15.213255"><ele>933.38</ele></trkpt>
      <trkpt lat="50.816992" lon="15.213255"><ele>933.38</ele></trkpt>
      <trkpt lat="50.816992" lon="15.213255"><ele>933.38</ele></trkpt>
      <trkpt lat="50.81652" lon="15.211573"><ele>925.17</ele></trkpt>
      <trkpt lat="50.816354999999994" lon="15.210735"><ele>921.63</ele></trkpt>
      <trkpt lat="50.816235999999996" lon="15.209629999999999"><ele>916.03</ele></trkpt>
      <trkpt lat="50.816061" lon="15.207462"><ele>903.8</ele></trkpt>
      <trkpt lat="50.815844" lon="15.206043"><ele>895.47</ele></trkpt>
      <trkpt lat="50.815708" lon="15.205373"><ele>891.62</ele></trkpt>
      <trkpt lat="50.815604" lon="15.205015"><ele>889.86</ele></trkpt>
      <trkpt lat="50.815481" lon="15.204512999999999"><ele>887.1</ele></trkpt>
      <trkpt lat="50.814948" lon="15.203007999999999"><ele>879</ele></trkpt>
      <trkpt lat="50.814913" lon="15.20256"><ele>877.48</ele></trkpt>
      <trkpt lat="50.814924" lon="15.201903999999999"><ele>875.91</ele></trkpt>
      <trkpt lat="50.814999" lon="15.201338999999999"><ele>874.96</ele></trkpt>
      <trkpt lat="50.815363999999995" lon="15.199784999999999"><ele>872.99</ele></trkpt>
      <trkpt lat="50.815433999999996" lon="15.199226"><ele>872.34</ele></trkpt>
      <trkpt lat="50.815484" lon="15.198277"><ele>871.44</ele></trkpt>
      <trkpt lat="50.815556" lon="15.197515999999998"><ele>870.61</ele></trkpt>
      <trkpt lat="50.815580999999995" lon="15.197032"><ele>869.65</ele></trkpt>
      <trkpt lat="50.815580999999995" lon="15.196786"><ele>869.01</ele></trkpt>
      <trkpt lat="50.815545" lon="15.196527999999999"><ele>868.19</ele></trkpt>
      <trkpt lat="50.815475" lon="15.196178999999999"><ele>866.77</ele></trkpt>
      <trkpt lat="50.815293" lon="15.19576"><ele>864.52</ele></trkpt>
      <trkpt lat="50.814848" lon="15.194816"><ele>858.79</ele></trkpt>
      <trkpt lat="50.814665" lon="15.194467"><ele>856.78</ele></trkpt>
      <trkpt lat="50.814550999999994" lon="15.194123"><ele>854.88</ele></trkpt>
      <trkpt lat="50.814547" lon="15.193919"><ele>853.86</ele></trkpt>
      <trkpt lat="50.814564999999995" lon="15.193703"><ele>852.75</ele></trkpt>
      <trkpt lat="50.814825" lon="15.192371"><ele>845.07</ele></trkpt>
      <trkpt lat="50.814868" lon="15.191965"><ele>842.15</ele></trkpt>
      <trkpt lat="50.814868999999995" lon="15.191597"><ele>840.8</ele></trkpt>
      <trkpt lat="50.814752999999996" lon="15.19085"><ele>837.54</ele></trkpt>
      <trkpt lat="50.814645" lon="15.190399999999999"><ele>835.08</ele></trkpt>
      <trkpt lat="50.81449" lon="15.190012999999999"><ele>832.8</ele></trkpt>
      <trkpt lat="50.814288" lon="15.189421999999999"><ele>829.58</ele></trkpt>
      <trkpt lat="50.814192" lon="15.189046999999999"><ele>827.69</ele></trkpt>
      <trkpt lat="50.813945" lon="15.18764"><ele>821.77</ele></trkpt>
      <trkpt lat="50.813811" lon="15.187187999999999"><ele>820.13</ele></trkpt>
      <trkpt lat="50.813502" lon="15.186572"><ele>816.63</ele></trkpt>
      <trkpt lat="50.813252999999996" lon="15.186138"><ele>814.13</ele></trkpt>
      <trkpt lat="50.813131999999996" lon="15.185906999999998"><ele>812.9</ele></trkpt>
      <trkpt lat="50.813035" lon="15.18563"><ele>811.76</ele></trkpt>
      <trkpt lat="50.812991999999994" lon="15.185445999999999"><ele>811.29</ele></trkpt>
      <trkpt lat="50.81299" lon="15.185241"><ele>810.9</ele></trkpt>
      <trkpt lat="50.813081999999994" lon="15.184835999999999"><ele>810.28</ele></trkpt>
      <trkpt lat="50.81326" lon="15.184313"><ele>809.73</ele></trkpt>
      <trkpt lat="50.813659" lon="15.183269"><ele>808.37</ele></trkpt>
      <trkpt lat="50.8139" lon="15.18231"><ele>805.79</ele></trkpt>
      <trkpt lat="50.814054" lon="15.181842"><ele>804.23</ele></trkpt>
      <trkpt lat="50.814319" lon="15.181298"><ele>801.49</ele></trkpt>
      <trkpt lat="50.814591" lon="15.180821"><ele>798.37</ele></trkpt>
      <trkpt lat="50.814591" lon="15.180821"><ele>798.37</ele></trkpt>
      <trkpt lat="50.814591" lon="15.180821"><ele>798.37</ele></trkpt>
      <trkpt lat="50.814591" lon="15.180821"><ele>798.37</ele></trkpt>
      <trkpt lat="50.814591" lon="15.180821"><ele>798.37</ele></trkpt>
      <trkpt lat="50.814394" lon="15.180638"><ele>795.99</ele></trkpt>
      <trkpt lat="50.814339999999994" lon="15.180603999999999"><ele>795.74</ele></trkpt>
      <trkpt lat="50.814236" lon="15.180615"><ele>795.39</ele></trkpt>
      <trkpt lat="50.814181" lon="15.180653999999999"><ele>795.21</ele></trkpt>
      <trkpt lat="50.813863" lon="15.181021"><ele>793.43</ele></trkpt>
      <trkpt lat="50.813264" lon="15.181545999999999"><ele>789.93</ele></trkpt>
      <trkpt lat="50.81254" lon="15.182250999999999"><ele>784.6</ele></trkpt>
      <trkpt lat="50.812343999999996" lon="15.182514"><ele>783</ele></trkpt>
      <trkpt lat="50.812186999999994" lon="15.182744"><ele>780.99</ele></trkpt>
      <trkpt lat="50.811732" lon="15.183292"><ele>775.36</ele></trkpt>
      <trkpt lat="50.811403" lon="15.183549"><ele>771.29</ele></trkpt>
      <trkpt lat="50.810559" lon="15.183810999999999"><ele>761.65</ele></trkpt>
      <trkpt lat="50.810140999999994" lon="15.183845999999999"><ele>757.35</ele></trkpt>
      <trkpt lat="50.810044999999995" lon="15.183914"><ele>756.53</ele></trkpt>
      <trkpt lat="50.809777999999994" lon="15.184239999999999"><ele>755.29</ele></trkpt>
      <trkpt lat="50.809602" lon="15.184408"><ele>754.97</ele></trkpt>
      <trkpt lat="50.809266" lon="15.184628"><ele>754.93</ele></trkpt>
      <trkpt lat="50.808913999999994" lon="15.185144"><ele>755.91</ele></trkpt>
      <trkpt lat="50.808056" lon="15.186295"><ele>756.13</ele></trkpt>
      <trkpt lat="50.807828" lon="15.186525"><ele>755.38</ele></trkpt>
      <trkpt lat="50.807671" lon="15.186596"><ele>754.69</ele></trkpt>
      <trkpt lat="50.807455999999995" lon="15.186632999999999"><ele>753.47</ele></trkpt>
      <trkpt lat="50.806630999999996" lon="15.187035"><ele>747.72</ele></trkpt>
      <trkpt lat="50.806422999999995" lon="15.187161999999999"><ele>746.69</ele></trkpt>
      <trkpt lat="50.806307" lon="15.187265"><ele>746.27</ele></trkpt>
      <trkpt lat="50.806177999999996" lon="15.187444999999999"><ele>745.91</ele></trkpt>
      <trkpt lat="50.806017999999995" lon="15.187721"><ele>745.95</ele></trkpt>
      <trkpt lat="50.805853" lon="15.188028999999998"><ele>746.9</ele></trkpt>
      <trkpt lat="50.805791" lon="15.188174"><ele>747.56</ele></trkpt>
      <trkpt lat="50.805726" lon="15.188367999999999"><ele>748.57</ele></trkpt>
      <trkpt lat="50.805358999999996" lon="15.189670999999999"><ele>756.48</ele></trkpt>
      <trkpt lat="50.805304" lon="15.189991"><ele>757.61</ele></trkpt>
      <trkpt lat="50.805229999999995" lon="15.190761"><ele>758.81</ele></trkpt>
      <trkpt lat="50.805177" lon="15.191068999999999"><ele>758.93</ele></trkpt>
      <trkpt lat="50.805053" lon="15.191536"><ele>759.32</ele></trkpt>
      <trkpt lat="50.804981" lon="15.191936"><ele>759.85</ele></trkpt>
      <trkpt lat="50.804925" lon="15.192127999999999"><ele>760.16</ele></trkpt>
      <trkpt lat="50.804823" lon="15.192288"><ele>760.56</ele></trkpt>
      <trkpt lat="50.804652" lon="15.192504999999999"><ele>761.33</ele></trkpt>
      <trkpt lat="50.804354" lon="15.192753999999999"><ele>762.74</ele></trkpt>
      <trkpt lat="50.804137" lon="15.192846"><ele>763.53</ele></trkpt>
      <trkpt lat="50.803978" lon="15.192848"><ele>763.84</ele></trkpt>
      <trkpt lat="50.803689" lon="15.192806"><ele>763.75</ele></trkpt>
      <trkpt lat="50.80358" lon="15.192836"><ele>763.51</ele></trkpt>
      <trkpt lat="50.803428999999994" lon="15.192955999999999"><ele>762.95</ele></trkpt>
      <trkpt lat="50.802575999999995" lon="15.193893"><ele>758.54</ele></trkpt>
      <trkpt lat="50.802054" lon="15.194552"><ele>757.93</ele></trkpt>
      <trkpt lat="50.801849999999995" lon="15.194935"><ele>757.99</ele></trkpt>
      <trkpt lat="50.801668" lon="15.195234999999998"><ele>758.11</ele></trkpt>
      <trkpt lat="50.801522999999996" lon="15.195406"><ele>758.16</ele></trkpt>
      <trkpt lat="50.801229" lon="15.195592"><ele>758.17</ele></trkpt>
      <trkpt lat="50.801085" lon="15.195756"><ele>758.05</ele></trkpt>
      <trkpt lat="50.800957999999994" lon="15.195943999999999"><ele>757.78</ele></trkpt>
      <trkpt lat="50.800892" lon="15.196112"><ele>757.48</ele></trkpt>
      <trkpt lat="50.80085" lon="15.196337"><ele>756.97</ele></trkpt>
      <trkpt lat="50.800891" lon="15.196778"><ele>755.46</ele></trkpt>
      <trkpt lat="50.800985999999995" lon="15.197375"><ele>753.78</ele></trkpt>
      <trkpt lat="50.800984" lon="15.197572999999998"><ele>753.06</ele></trkpt>
      <trkpt lat="50.800962999999996" lon="15.197735999999999"><ele>752.49</ele></trkpt>
      <trkpt lat="50.800903999999996" lon="15.19788"><ele>752.14</ele></trkpt>
      <trkpt lat="50.800805999999994" lon="15.197996999999999"><ele>753.03</ele></trkpt>
      <trkpt lat="50.800805999999994" lon="15.197996999999999"><ele>753.03</ele></trkpt>
      <trkpt lat="50.800805999999994" lon="15.197996999999999"><ele>753.03</ele></trkpt>
      <trkpt lat="50.800805999999994" lon="15.197996999999999"><ele>753.03</ele></trkpt>
      <trkpt lat="50.800805999999994" lon="15.197996999999999"><ele>753.03</ele></trkpt>
      <trkpt lat="50.800746" lon="15.198034999999999"><ele>753.65</ele></trkpt>
      <trkpt lat="50.800692" lon="15.198048"><ele>753.9</ele></trkpt>
      <trkpt lat="50.800066" lon="15.197668"><ele>746.89</ele></trkpt>
      <trkpt lat="50.799856999999996" lon="15.197572"><ele>744.71</ele></trkpt>
      <trkpt lat="50.799639" lon="15.197508"><ele>742.64</ele></trkpt>
      <trkpt lat="50.79898" lon="15.197446999999999"><ele>738.35</ele></trkpt>
      <trkpt lat="50.798837999999996" lon="15.197445"><ele>737.74</ele></trkpt>
      <trkpt lat="50.798738" lon="15.197474"><ele>737.27</ele></trkpt>
      <trkpt lat="50.798652" lon="15.197524"><ele>736.87</ele></trkpt>
      <trkpt lat="50.798437" lon="15.19782"><ele>736.45</ele></trkpt>
      <trkpt lat="50.798339" lon="15.197918"><ele>736.09</ele></trkpt>
      <trkpt lat="50.798275" lon="15.197941"><ele>735.47</ele></trkpt>
      <trkpt lat="50.798203" lon="15.197942"><ele>734.68</ele></trkpt>
      <trkpt lat="50.795079" lon="15.196748999999999"><ele>734.11</ele></trkpt>
      <trkpt lat="50.794106" lon="15.196392"><ele>735.2</ele></trkpt>
      <trkpt lat="50.793997999999995" lon="15.196314"><ele>734.88</ele></trkpt>
      <trkpt lat="50.79391" lon="15.196207"><ele>734.9</ele></trkpt>
      <trkpt lat="50.79391" lon="15.196207"><ele>734.9</ele></trkpt>
      <trkpt lat="50.79391" lon="15.196207"><ele>734.9</ele></trkpt>
      <trkpt lat="50.79391" lon="15.196207"><ele>734.9</ele></trkpt>
      <trkpt lat="50.79391" lon="15.196207"><ele>734.9</ele></trkpt>
      <trkpt lat="50.793045" lon="15.191827"><ele>735.21</ele></trkpt>
      <trkpt lat="50.792904" lon="15.191529"><ele>736.04</ele></trkpt>
      <trkpt lat="50.793079999999996" lon="15.191154"><ele>736.66</ele></trkpt>
      <trkpt lat="50.793271999999995" lon="15.190926"><ele>737.22</ele></trkpt>
      <trkpt lat="50.793695" lon="15.19046"><ele>736.96</ele></trkpt>
      <trkpt lat="50.79399" lon="15.190097"><ele>736.5</ele></trkpt>
      <trkpt lat="50.794033" lon="15.189976999999999"><ele>737.02</ele></trkpt>
      <trkpt lat="50.794529" lon="15.188799"><ele>739.27</ele></trkpt>
      <trkpt lat="50.794695999999995" lon="15.188343999999999"><ele>739.88</ele></trkpt>
      <trkpt lat="50.794841999999996" lon="15.187973999999999"><ele>740.66</ele></trkpt>
      <trkpt lat="50.79495" lon="15.187638999999999"><ele>741.58</ele></trkpt>
      <trkpt lat="50.795192" lon="15.186644999999999"><ele>745.54</ele></trkpt>
      <trkpt lat="50.795258999999994" lon="15.186231"><ele>747.17</ele></trkpt>
      <trkpt lat="50.795344" lon="15.18578"><ele>748.45</ele></trkpt>
      <trkpt lat="50.795494" lon="15.185203"><ele>749.33</ele></trkpt>
      <trkpt lat="50.795561" lon="15.184823999999999"><ele>749.41</ele></trkpt>
      <trkpt lat="50.795725" lon="15.183511999999999"><ele>748.54</ele></trkpt>
      <trkpt lat="50.795849" lon="15.182281999999999"><ele>747.9</ele></trkpt>
      <trkpt lat="50.795907" lon="15.181923"><ele>747.84</ele></trkpt>
      <trkpt lat="50.795989" lon="15.180971999999999"><ele>748.19</ele></trkpt>
      <trkpt lat="50.79605" lon="15.180532999999999"><ele>747.93</ele></trkpt>
      <trkpt lat="50.796046999999994" lon="15.180385"><ele>748.28</ele></trkpt>
      <trkpt lat="50.796029999999995" lon="15.180181999999999"><ele>749.01</ele></trkpt>
      <trkpt lat="50.795967" lon="15.179831"><ele>750.54</ele></trkpt>
      <trkpt lat="50.795885" lon="15.179623"><ele>751.54</ele></trkpt>
      <trkpt lat="50.795604" lon="15.179072999999999"><ele>754.78</ele></trkpt>
      <trkpt lat="50.795508" lon="15.178918999999999"><ele>755.77</ele></trkpt>
      <trkpt lat="50.795438" lon="15.178847"><ele>756.38</ele></trkpt>
      <trkpt lat="50.795351" lon="15.178787999999999"><ele>757.07</ele></trkpt>
      <trkpt lat="50.795272" lon="15.178754"><ele>757.66</ele></trkpt>
      <trkpt lat="50.795182" lon="15.178745"><ele>758.3</ele></trkpt>
      <trkpt lat="50.79511" lon="15.178764"><ele>758.79</ele></trkpt>
      <trkpt lat="50.795038999999996" lon="15.178808"><ele>759.3</ele></trkpt>
      <trkpt lat="50.794954999999995" lon="15.178878999999998"><ele>759.95</ele></trkpt>
      <trkpt lat="50.794864" lon="15.178996"><ele>760.74</ele></trkpt>
      <trkpt lat="50.79461" lon="15.179385"><ele>763.22</ele></trkpt>
      <trkpt lat="50.794121999999994" lon="15.180252999999999"><ele>769.34</ele></trkpt>
      <trkpt lat="50.794084999999995" lon="15.180347"><ele>769.91</ele></trkpt>
      <trkpt lat="50.794067" lon="15.180416999999998"><ele>770.3</ele></trkpt>
      <trkpt lat="50.794014999999995" lon="15.180831999999999"><ele>772.39</ele></trkpt>
      <trkpt lat="50.793988999999996" lon="15.180912"><ele>772.83</ele></trkpt>
      <trkpt lat="50.793952" lon="15.180981"><ele>773.27</ele></trkpt>
      <trkpt lat="50.793897" lon="15.181035999999999"><ele>773.76</ele></trkpt>
      <trkpt lat="50.793821" lon="15.181078999999999"><ele>774.35</ele></trkpt>
      <trkpt lat="50.793406" lon="15.181258999999999"><ele>776.98</ele></trkpt>
      <trkpt lat="50.793217" lon="15.181320999999999"><ele>777.99</ele></trkpt>
      <trkpt lat="50.793113" lon="15.181334999999999"><ele>778.54</ele></trkpt>
      <trkpt lat="50.792986" lon="15.181332"><ele>779.12</ele></trkpt>
      <trkpt lat="50.792719" lon="15.181291"><ele>779.67</ele></trkpt>
      <trkpt lat="50.792504" lon="15.181242999999998"><ele>779.36</ele></trkpt>
      <trkpt lat="50.792348" lon="15.181230999999999"><ele>779.28</ele></trkpt>
      <trkpt lat="50.792251" lon="15.18123"><ele>779.39</ele></trkpt>
      <trkpt lat="50.792071" lon="15.181253"><ele>779.42</ele></trkpt>
      <trkpt lat="50.791857" lon="15.181254"><ele>779.88</ele></trkpt>
      <trkpt lat="50.791723999999995" lon="15.181272"><ele>780.37</ele></trkpt>
      <trkpt lat="50.791703999999996" lon="15.181040999999999"><ele>779.84</ele></trkpt>
      <trkpt lat="50.791703999999996" lon="15.180924999999998"><ele>779.57</ele></trkpt>
      <trkpt lat="50.791723999999995" lon="15.180717"><ele>779.13</ele></trkpt>
      <trkpt lat="50.791804" lon="15.180221999999999"><ele>777.71</ele></trkpt>
      <trkpt lat="50.791909" lon="15.179865"><ele>776.68</ele></trkpt>
      <trkpt lat="50.792094" lon="15.179310999999998"><ele>774.48</ele></trkpt>
      <trkpt lat="50.79233" lon="15.17888"><ele>769.59</ele></trkpt>
      <trkpt lat="50.792406" lon="15.178474999999999"><ele>766.33</ele></trkpt>
      <trkpt lat="50.792514999999995" lon="15.177321"><ele>758.5</ele></trkpt>
      <trkpt lat="50.792575" lon="15.176765999999999"><ele>755.47</ele></trkpt>
      <trkpt lat="50.792645" lon="15.176376999999999"><ele>753.47</ele></trkpt>
      <trkpt lat="50.792942" lon="15.175583"><ele>749.06</ele></trkpt>
      <trkpt lat="50.793019" lon="15.175251999999999"><ele>747.84</ele></trkpt>
      <trkpt lat="50.793085" lon="15.174811"><ele>748.68</ele></trkpt>
      <trkpt lat="50.793127" lon="15.174655999999999"><ele>748.7</ele></trkpt>
      <trkpt lat="50.793184" lon="15.174513999999999"><ele>749.06</ele></trkpt>
      <trkpt lat="50.793352999999996" lon="15.174254999999999"><ele>747.6</ele></trkpt>
      <trkpt lat="50.793668999999994" lon="15.173886999999999"><ele>745.77</ele></trkpt>
      <trkpt lat="50.793838" lon="15.173661"><ele>744.84</ele></trkpt>
      <trkpt lat="50.794219" lon="15.173295"><ele>744.08</ele></trkpt>
      <trkpt lat="50.794297" lon="15.173200999999999"><ele>744.15</ele></trkpt>
      <trkpt lat="50.794377" lon="15.173081"><ele>744.31</ele></trkpt>
      <trkpt lat="50.794937" lon="15.171667999999999"><ele>750.57</ele></trkpt>
      <trkpt lat="50.795074" lon="15.171133"><ele>753.28</ele></trkpt>
      <trkpt lat="50.795217" lon="15.170719"><ele>755.01</ele></trkpt>
      <trkpt lat="50.795328" lon="15.170482"><ele>756.17</ele></trkpt>
      <trkpt lat="50.795477" lon="15.170219"><ele>757.39</ele></trkpt>
      <trkpt lat="50.795604999999995" lon="15.170026"><ele>758.18</ele></trkpt>
      <trkpt lat="50.795904" lon="15.169474"><ele>760.3</ele></trkpt>
      <trkpt lat="50.795973" lon="15.169376999999999"><ele>760.95</ele></trkpt>
      <trkpt lat="50.796073" lon="15.169264"><ele>761.57</ele></trkpt>
      <trkpt lat="50.796302" lon="15.169082"><ele>762.68</ele></trkpt>
      <trkpt lat="50.796541999999995" lon="15.168648999999998"><ele>767</ele></trkpt>
      <trkpt lat="50.796761" lon="15.168049"><ele>773.72</ele></trkpt>
      <trkpt lat="50.796934" lon="15.167523"><ele>779.89</ele></trkpt>
      <trkpt lat="50.797028999999995" lon="15.167264999999999"><ele>782.86</ele></trkpt>
      <trkpt lat="50.797067999999996" lon="15.167069"><ele>785.22</ele></trkpt>
      <trkpt lat="50.797079" lon="15.166869"><ele>787.86</ele></trkpt>
      <trkpt lat="50.797076" lon="15.16676"><ele>789.28</ele></trkpt>
      <trkpt lat="50.797059" lon="15.16662"><ele>790.93</ele></trkpt>
      <trkpt lat="50.796949999999995" lon="15.166336"><ele>793.8</ele></trkpt>
      <trkpt lat="50.79689" lon="15.166236"><ele>795.05</ele></trkpt>
      <trkpt lat="50.796814" lon="15.166146999999999"><ele>796.31</ele></trkpt>
      <trkpt lat="50.796749" lon="15.166103"><ele>797.25</ele></trkpt>
      <trkpt lat="50.796512" lon="15.165986"><ele>800.5</ele></trkpt>
      <trkpt lat="50.795815" lon="15.165327999999999"><ele>810.81</ele></trkpt>
      <trkpt lat="50.795623" lon="15.164950999999999"><ele>814.08</ele></trkpt>
      <trkpt lat="50.795213" lon="15.164316999999999"><ele>818.88</ele></trkpt>
      <trkpt lat="50.795151999999995" lon="15.164257"><ele>819.61</ele></trkpt>
      <trkpt lat="50.794878" lon="15.164147999999999"><ele>822.76</ele></trkpt>
      <trkpt lat="50.794568" lon="15.163955999999999"><ele>826.16</ele></trkpt>
      <trkpt lat="50.794337999999996" lon="15.163635"><ele>828.24</ele></trkpt>
      <trkpt lat="50.793783" lon="15.163084"><ele>832.69</ele></trkpt>
      <trkpt lat="50.79334" lon="15.162785"><ele>835.93</ele></trkpt>
      <trkpt lat="50.792299" lon="15.162230999999998"><ele>840.27</ele></trkpt>
      <trkpt lat="50.791892999999995" lon="15.16216"><ele>839.67</ele></trkpt>
      <trkpt lat="50.791908" lon="15.160781"><ele>843.08</ele></trkpt>
      <trkpt lat="50.791878999999994" lon="15.160323"><ele>844.3</ele></trkpt>
      <trkpt lat="50.791764" lon="15.159462999999999"><ele>846.72</ele></trkpt>
      <trkpt lat="50.791686" lon="15.159101999999999"><ele>848.17</ele></trkpt>
      <trkpt lat="50.791540999999995" lon="15.158577"><ele>849.33</ele></trkpt>
      <trkpt lat="50.791446" lon="15.15819"><ele>848.93</ele></trkpt>
      <trkpt lat="50.79136" lon="15.157475999999999"><ele>845.66</ele></trkpt>
      <trkpt lat="50.791342" lon="15.156512999999999"><ele>843.43</ele></trkpt>
      <trkpt lat="50.791401" lon="15.155975"><ele>841.66</ele></trkpt>
      <trkpt lat="50.791647" lon="15.1547"><ele>836.43</ele></trkpt>
      <trkpt lat="50.791908" lon="15.152925999999999"><ele>831.26</ele></trkpt>
      <trkpt lat="50.791973999999996" lon="15.152557999999999"><ele>830.13</ele></trkpt>
      <trkpt lat="50.792055999999995" lon="15.152237999999999"><ele>829.19</ele></trkpt>
      <trkpt lat="50.792345999999995" lon="15.151527999999999"><ele>827.75</ele></trkpt>
      <trkpt lat="50.792476" lon="15.151262"><ele>827.2</ele></trkpt>
      <trkpt lat="50.793059" lon="15.150361"><ele>821.21</ele></trkpt>
      <trkpt lat="50.793203999999996" lon="15.150208999999998"><ele>819.76</ele></trkpt>
      <trkpt lat="50.793414999999996" lon="15.150074"><ele>817.75</ele></trkpt>
      <trkpt lat="50.793729" lon="15.149947"><ele>814.66</ele></trkpt>
      <trkpt lat="50.794956" lon="15.14965"><ele>802.5</ele></trkpt>
      <trkpt lat="50.795390999999995" lon="15.149496"><ele>797.95</ele></trkpt>
      <trkpt lat="50.795625" lon="15.149338"><ele>795.12</ele></trkpt>
      <trkpt lat="50.795823999999996" lon="15.14914"><ele>792.4</ele></trkpt>
      <trkpt lat="50.796088999999995" lon="15.148807"><ele>788.34</ele></trkpt>
      <trkpt lat="50.796355999999996" lon="15.148385"><ele>783.75</ele></trkpt>
      <trkpt lat="50.796459" lon="15.14794"><ele>780.16</ele></trkpt>
      <trkpt lat="50.796518999999996" lon="15.147530999999999"><ele>777.1</ele></trkpt>
      <trkpt lat="50.796535" lon="15.147022999999999"><ele>773.58</ele></trkpt>
      <trkpt lat="50.796506" lon="15.146745"><ele>771.57</ele></trkpt>
      <trkpt lat="50.796436" lon="15.146362"><ele>769.01</ele></trkpt>
      <trkpt lat="50.796324999999996" lon="15.146085999999999"><ele>767.61</ele></trkpt>
      <trkpt lat="50.796243999999994" lon="15.146027"><ele>767.04</ele></trkpt>
      <trkpt lat="50.796037999999996" lon="15.146068999999999"><ele>765.5</ele></trkpt>
      <trkpt lat="50.795682" lon="15.146289"><ele>762.95</ele></trkpt>
      <trkpt lat="50.795549" lon="15.146334999999999"><ele>762.17</ele></trkpt>
      <trkpt lat="50.795345" lon="15.146327"><ele>761.05</ele></trkpt>
      <trkpt lat="50.794492" lon="15.145978"><ele>757.25</ele></trkpt>
      <trkpt lat="50.794368999999996" lon="15.145855"><ele>756.41</ele></trkpt>
      <trkpt lat="50.794342" lon="15.145747"><ele>755.74</ele></trkpt>
      <trkpt lat="50.794382" lon="15.145501"><ele>753.84</ele></trkpt>
      <trkpt lat="50.794562" lon="15.1449"><ele>748.86</ele></trkpt>
      <trkpt lat="50.794778" lon="15.143987999999998"><ele>741.45</ele></trkpt>
      <trkpt lat="50.794900999999996" lon="15.143512999999999"><ele>737.67</ele></trkpt>
      <trkpt lat="50.794934" lon="15.143332"><ele>736.29</ele></trkpt>
      <trkpt lat="50.794947" lon="15.143027"><ele>733.9</ele></trkpt>
      <trkpt lat="50.794875" lon="15.14265"><ele>732.08</ele></trkpt>
      <trkpt lat="50.794768" lon="15.142481"><ele>730.93</ele></trkpt>
      <trkpt lat="50.794812" lon="15.142453999999999"><ele>730.8</ele></trkpt>
      <trkpt lat="50.794846" lon="15.142380999999999"><ele>730.54</ele></trkpt>
      <trkpt lat="50.794875999999995" lon="15.142239"><ele>730.29</ele></trkpt>
      <trkpt lat="50.794878" lon="15.141952"><ele>730.55</ele></trkpt>
      <trkpt lat="50.794847" lon="15.141739"><ele>731.24</ele></trkpt>
      <trkpt lat="50.794757" lon="15.141376"><ele>733.15</ele></trkpt>
      <trkpt lat="50.794675" lon="15.141195999999999"><ele>734.71</ele></trkpt>
      <trkpt lat="50.794579999999996" lon="15.141081999999999"><ele>735.6</ele></trkpt>
      <trkpt lat="50.794208999999995" lon="15.140834"><ele>737.57</ele></trkpt>
      <trkpt lat="50.794114" lon="15.140744999999999"><ele>738.17</ele></trkpt>
      <trkpt lat="50.794045999999994" lon="15.140625"><ele>738.67</ele></trkpt>
      <trkpt lat="50.794014" lon="15.140533"><ele>738.96</ele></trkpt>
      <trkpt lat="50.793973" lon="15.140322999999999"><ele>739.58</ele></trkpt>
      <trkpt lat="50.793841" lon="15.139441"><ele>742.19</ele></trkpt>
      <trkpt lat="50.793774" lon="15.139230999999999"><ele>742.92</ele></trkpt>
      <trkpt lat="50.793734" lon="15.139156"><ele>743.26</ele></trkpt>
      <trkpt lat="50.793676999999995" lon="15.139118999999999"><ele>743.18</ele></trkpt>
      <trkpt lat="50.793183" lon="15.138921"><ele>743.77</ele></trkpt>
      <trkpt lat="50.793077999999994" lon="15.13881"><ele>744.26</ele></trkpt>
      <trkpt lat="50.793014" lon="15.138689999999999"><ele>744.57</ele></trkpt>
      <trkpt lat="50.792957" lon="15.13853"><ele>744.89</ele></trkpt>
      <trkpt lat="50.792925" lon="15.138364999999999"><ele>745.24</ele></trkpt>
      <trkpt lat="50.792918" lon="15.138205999999998"><ele>745.78</ele></trkpt>
      <trkpt lat="50.792944" lon="15.137993"><ele>746.41</ele></trkpt>
      <trkpt lat="50.793011" lon="15.13776"><ele>746.82</ele></trkpt>
      <trkpt lat="50.793081" lon="15.137642999999999"><ele>747.05</ele></trkpt>
      <trkpt lat="50.793169" lon="15.137448"><ele>747.39</ele></trkpt>
      <trkpt lat="50.793253" lon="15.137188"><ele>748.08</ele></trkpt>
      <trkpt lat="50.793372" lon="15.13622"><ele>751.23</ele></trkpt>
      <trkpt lat="50.793436" lon="15.135606"><ele>750.44</ele></trkpt>
      <trkpt lat="50.793437999999995" lon="15.135413999999999"><ele>750.44</ele></trkpt>
      <trkpt lat="50.793419" lon="15.13519"><ele>750.36</ele></trkpt>
      <trkpt lat="50.793341999999996" lon="15.134723999999999"><ele>751.06</ele></trkpt>
      <trkpt lat="50.793217999999996" lon="15.134323"><ele>751.11</ele></trkpt>
      <trkpt lat="50.793136" lon="15.134106"><ele>751.48</ele></trkpt>
      <trkpt lat="50.793136" lon="15.134106"><ele>751.48</ele></trkpt>
      <trkpt lat="50.793136" lon="15.134106"><ele>751.48</ele></trkpt>
      <trkpt lat="50.793136" lon="15.134106"><ele>751.48</ele></trkpt>
      <trkpt lat="50.793136" lon="15.134106"><ele>751.48</ele></trkpt>
      <trkpt lat="50.793076" lon="15.133986"><ele>751.59</ele></trkpt>
      <trkpt lat="50.79279" lon="15.133493"><ele>751.87</ele></trkpt>
      <trkpt lat="50.792213999999994" lon="15.132606"><ele>757.9</ele></trkpt>
      <trkpt lat="50.792148" lon="15.132484999999999"><ele>759.11</ele></trkpt>
      <trkpt lat="50.792097" lon="15.132328"><ele>760.07</ele></trkpt>
      <trkpt lat="50.792061" lon="15.132166"><ele>760.94</ele></trkpt>
      <trkpt lat="50.791984" lon="15.131727"><ele>763.93</ele></trkpt>
      <trkpt lat="50.79193" lon="15.131552999999998"><ele>765.18</ele></trkpt>
      <trkpt lat="50.791871" lon="15.131421999999999"><ele>766.05</ele></trkpt>
      <trkpt lat="50.791767" lon="15.131257999999999"><ele>767.31</ele></trkpt>
      <trkpt lat="50.791678999999995" lon="15.13116"><ele>768.37</ele></trkpt>
      <trkpt lat="50.791374999999995" lon="15.13087"><ele>771.06</ele></trkpt>
      <trkpt lat="50.791244" lon="15.130647"><ele>772.48</ele></trkpt>
      <trkpt lat="50.791073999999995" lon="15.130265"><ele>771.51</ele></trkpt>
      <trkpt lat="50.790816" lon="15.129743"><ele>768.47</ele></trkpt>
      <trkpt lat="50.790717" lon="15.129593999999999"><ele>767.54</ele></trkpt>
      <trkpt lat="50.790572999999995" lon="15.12943"><ele>766.14</ele></trkpt>
      <trkpt lat="50.789995" lon="15.128858"><ele>762.73</ele></trkpt>
      <trkpt lat="50.789108" lon="15.128146999999998"><ele>756.83</ele></trkpt>
      <trkpt lat="50.788923999999994" lon="15.127979"><ele>755.44</ele></trkpt>
      <trkpt lat="50.788598" lon="15.127628999999999"><ele>752.67</ele></trkpt>
      <trkpt lat="50.788387" lon="15.127334999999999"><ele>750.79</ele></trkpt>
      <trkpt lat="50.788233" lon="15.127092"><ele>749.08</ele></trkpt>
      <trkpt lat="50.788191999999995" lon="15.126951"><ele>748.24</ele></trkpt>
      <trkpt lat="50.788166999999994" lon="15.126797999999999"><ele>747.67</ele></trkpt>
      <trkpt lat="50.78798" lon="15.126816"><ele>749.34</ele></trkpt>
      <trkpt lat="50.787893999999994" lon="15.126771999999999"><ele>750.13</ele></trkpt>
      <trkpt lat="50.787828" lon="15.126628"><ele>750.19</ele></trkpt>
      <trkpt lat="50.787797" lon="15.126439999999999"><ele>750.26</ele></trkpt>
      <trkpt lat="50.787797" lon="15.12614"><ele>750.35</ele></trkpt>
      <trkpt lat="50.787777999999996" lon="15.125776"><ele>749.66</ele></trkpt>
      <trkpt lat="50.787749999999996" lon="15.125598"><ele>749.52</ele></trkpt>
      <trkpt lat="50.787683" lon="15.125437999999999"><ele>749.03</ele></trkpt>
      <trkpt lat="50.787622" lon="15.125338999999999"><ele>748.33</ele></trkpt>
      <trkpt lat="50.787521999999996" lon="15.125271999999999"><ele>747.71</ele></trkpt>
      <trkpt lat="50.787521999999996" lon="15.125271999999999"><ele>747.71</ele></trkpt>
      <trkpt lat="50.787521999999996" lon="15.125271999999999"><ele>747.71</ele></trkpt>
      <trkpt lat="50.787521999999996" lon="15.125271999999999"><ele>747.71</ele></trkpt>
      <trkpt lat="50.787521999999996" lon="15.125271999999999"><ele>747.71</ele></trkpt>
      <trkpt lat="50.787442999999996" lon="15.125264"><ele>747.51</ele></trkpt>
      <trkpt lat="50.786286" lon="15.125668"><ele>744.57</ele></trkpt>
      <trkpt lat="50.786029" lon="15.12584"><ele>744.03</ele></trkpt>
      <trkpt lat="50.785757999999994" lon="15.126256999999999"><ele>742.27</ele></trkpt>
      <trkpt lat="50.785591" lon="15.126574999999999"><ele>740.64</ele></trkpt>
      <trkpt lat="50.785395" lon="15.127037999999999"><ele>738.18</ele></trkpt>
      <trkpt lat="50.785328" lon="15.127308"><ele>736.92</ele></trkpt>
      <trkpt lat="50.785281" lon="15.127680999999999"><ele>735.14</ele></trkpt>
      <trkpt lat="50.785207" lon="15.128060999999999"><ele>732.01</ele></trkpt>
      <trkpt lat="50.785174" lon="15.1282"><ele>732.18</ele></trkpt>
      <trkpt lat="50.785031" lon="15.128572"><ele>731.74</ele></trkpt>
      <trkpt lat="50.784952" lon="15.128739"><ele>730.98</ele></trkpt>
      <trkpt lat="50.784675" lon="15.129045999999999"><ele>729.74</ele></trkpt>
      <trkpt lat="50.784364" lon="15.129318"><ele>728.25</ele></trkpt>
      <trkpt lat="50.783832" lon="15.129707999999999"><ele>726.35</ele></trkpt>
      <trkpt lat="50.783739" lon="15.129837"><ele>726</ele></trkpt>
      <trkpt lat="50.783674999999995" lon="15.129964999999999"><ele>725.75</ele></trkpt>
      <trkpt lat="50.783597" lon="15.130305"><ele>725.27</ele></trkpt>
      <trkpt lat="50.783583" lon="15.130554"><ele>724.86</ele></trkpt>
      <trkpt lat="50.783598999999995" lon="15.130830999999999"><ele>724.36</ele></trkpt>
      <trkpt lat="50.783713" lon="15.131108999999999"><ele>723.63</ele></trkpt>
      <trkpt lat="50.783924" lon="15.131416999999999"><ele>722.28</ele></trkpt>
      <trkpt lat="50.784209999999995" lon="15.131756"><ele>720.6</ele></trkpt>
      <trkpt lat="50.784251" lon="15.131844999999998"><ele>720.3</ele></trkpt>
      <trkpt lat="50.784292" lon="15.131972"><ele>719.95</ele></trkpt>
      <trkpt lat="50.784316999999994" lon="15.132095"><ele>719.66</ele></trkpt>
      <trkpt lat="50.784333" lon="15.132219"><ele>719.41</ele></trkpt>
      <trkpt lat="50.784333" lon="15.132403"><ele>719.13</ele></trkpt>
      <trkpt lat="50.78431" lon="15.132513999999999"><ele>718.89</ele></trkpt>
      <trkpt lat="50.784248" lon="15.132662"><ele>718.6</ele></trkpt>
      <trkpt lat="50.784169999999996" lon="15.132765"><ele>718.72</ele></trkpt>
      <trkpt lat="50.783981999999995" lon="15.132852"><ele>718.96</ele></trkpt>
      <trkpt lat="50.783981999999995" lon="15.132852"><ele>718.96</ele></trkpt>
      <trkpt lat="50.783981999999995" lon="15.132852"><ele>718.96</ele></trkpt>
      <trkpt lat="50.783981999999995" lon="15.132852"><ele>718.96</ele></trkpt>
      <trkpt lat="50.783981999999995" lon="15.132852"><ele>718.96</ele></trkpt>
      <trkpt lat="50.783767999999995" lon="15.132852"><ele>719.32</ele></trkpt>
      <trkpt lat="50.782699" lon="15.131922"><ele>716.32</ele></trkpt>
      <trkpt lat="50.782427999999996" lon="15.131668"><ele>715.34</ele></trkpt>
      <trkpt lat="50.782315999999994" lon="15.131528"><ele>714.67</ele></trkpt>
      <trkpt lat="50.782216999999996" lon="15.131361"><ele>713.89</ele></trkpt>
      <trkpt lat="50.782128" lon="15.131167"><ele>713.05</ele></trkpt>
      <trkpt lat="50.782052" lon="15.13092"><ele>712.07</ele></trkpt>
      <trkpt lat="50.781464" lon="15.128682999999999"><ele>700.58</ele></trkpt>
      <trkpt lat="50.78143" lon="15.128608"><ele>700.07</ele></trkpt>
      <trkpt lat="50.781299" lon="15.128421999999999"><ele>698.49</ele></trkpt>
      <trkpt lat="50.781208" lon="15.128342"><ele>697.56</ele></trkpt>
      <trkpt lat="50.781088999999994" lon="15.128255999999999"><ele>696.4</ele></trkpt>
      <trkpt lat="50.780922999999994" lon="15.128184999999998"><ele>694.89</ele></trkpt>
      <trkpt lat="50.780665" lon="15.128146999999998"><ele>692.64</ele></trkpt>
      <trkpt lat="50.780665" lon="15.128146999999998"><ele>692.64</ele></trkpt>
      <trkpt lat="50.780665" lon="15.128146999999998"><ele>692.64</ele></trkpt>
      <trkpt lat="50.780665" lon="15.128146999999998"><ele>692.64</ele></trkpt>
      <trkpt lat="50.780665" lon="15.128146999999998"><ele>692.64</ele></trkpt>
      <trkpt lat="50.78051" lon="15.128150999999999"><ele>691.31</ele></trkpt>
      <trkpt lat="50.780376" lon="15.128169999999999"><ele>690.23</ele></trkpt>
      <trkpt lat="50.780242" lon="15.128224"><ele>689.25</ele></trkpt>
      <trkpt lat="50.780077" lon="15.128317"><ele>688.19</ele></trkpt>
      <trkpt lat="50.779892999999994" lon="15.128456"><ele>687.06</ele></trkpt>
      <trkpt lat="50.779517999999996" lon="15.128777999999999"><ele>685.19</ele></trkpt>
      <trkpt lat="50.779246" lon="15.129052999999999"><ele>683.76</ele></trkpt>
      <trkpt lat="50.779001" lon="15.129389"><ele>682.01</ele></trkpt>
      <trkpt lat="50.778907" lon="15.129482999999999"><ele>681.37</ele></trkpt>
      <trkpt lat="50.778845" lon="15.129525"><ele>680.88</ele></trkpt>
      <trkpt lat="50.778137" lon="15.129681"><ele>676.54</ele></trkpt>
      <trkpt lat="50.778009999999995" lon="15.129728"><ele>676.17</ele></trkpt>
      <trkpt lat="50.77739" lon="15.130011999999999"><ele>674.55</ele></trkpt>
      <trkpt lat="50.777072999999994" lon="15.130168999999999"><ele>673.54</ele></trkpt>
      <trkpt lat="50.776607" lon="15.130486"><ele>671.51</ele></trkpt>
      <trkpt lat="50.775912" lon="15.130911999999999"><ele>668.34</ele></trkpt>
      <trkpt lat="50.775352999999996" lon="15.131402999999999"><ele>666.89</ele></trkpt>
      <trkpt lat="50.775251999999995" lon="15.13147"><ele>666.36</ele></trkpt>
      <trkpt lat="50.774504" lon="15.13218"><ele>661.56</ele></trkpt>
      <trkpt lat="50.774336999999996" lon="15.13229"><ele>660.43</ele></trkpt>
      <trkpt lat="50.774201999999995" lon="15.132340999999998"><ele>659.57</ele></trkpt>
      <trkpt lat="50.774105" lon="15.132309"><ele>658.96</ele></trkpt>
      <trkpt lat="50.773786" lon="15.132024999999999"><ele>656.86</ele></trkpt>
      <trkpt lat="50.773661" lon="15.131844"><ele>655.82</ele></trkpt>
      <trkpt lat="50.773483999999996" lon="15.131675999999999"><ele>654.98</ele></trkpt>
      <trkpt lat="50.773255" lon="15.131488"><ele>654.46</ele></trkpt>
      <trkpt lat="50.77303" lon="15.131388"><ele>654.16</ele></trkpt>
      <trkpt lat="50.772783999999994" lon="15.131200999999999"><ele>653.86</ele></trkpt>
      <trkpt lat="50.772003" lon="15.130379999999999"><ele>649.98</ele></trkpt>
      <trkpt lat="50.771628" lon="15.129833"><ele>647.66</ele></trkpt>
      <trkpt lat="50.771271" lon="15.129619"><ele>646.57</ele></trkpt>
      <trkpt lat="50.770998" lon="15.129697"><ele>645.28</ele></trkpt>
      <trkpt lat="50.770571" lon="15.129888999999999"><ele>644.08</ele></trkpt>
      <trkpt lat="50.77023" lon="15.130061999999999"><ele>643.59</ele></trkpt>
      <trkpt lat="50.769863" lon="15.130284999999999"><ele>643.14</ele></trkpt>
      <trkpt lat="50.769560999999996" lon="15.130555"><ele>642.58</ele></trkpt>
      <trkpt lat="50.769031" lon="15.130999999999998"><ele>640.21</ele></trkpt>
      <trkpt lat="50.769031" lon="15.130999999999998"><ele>640.21</ele></trkpt>
      <trkpt lat="50.769031" lon="15.130999999999998"><ele>640.21</ele></trkpt>
      <trkpt lat="50.769031" lon="15.130999999999998"><ele>640.21</ele></trkpt>
      <trkpt lat="50.769031" lon="15.130999999999998"><ele>640.21</ele></trkpt>
      <trkpt lat="50.768304" lon="15.130225999999999"><ele>636.33</ele></trkpt>
      <trkpt lat="50.767696" lon="15.129323999999999"><ele>631.32</ele></trkpt>
      <trkpt lat="50.767489999999995" lon="15.12908"><ele>628.49</ele></trkpt>
      <trkpt lat="50.767373" lon="15.129"><ele>627.01</ele></trkpt>
      <trkpt lat="50.76728" lon="15.128902"><ele>625.69</ele></trkpt>
      <trkpt lat="50.767243" lon="15.12882"><ele>624.93</ele></trkpt>
      <trkpt lat="50.767233" lon="15.128741"><ele>624.32</ele></trkpt>
      <trkpt lat="50.76724" lon="15.12866"><ele>623.69</ele></trkpt>
      <trkpt lat="50.767277" lon="15.128578999999998"><ele>622.91</ele></trkpt>
      <trkpt lat="50.767339" lon="15.128513"><ele>621.96</ele></trkpt>
      <trkpt lat="50.767469999999996" lon="15.128485"><ele>620.24</ele></trkpt>
      <trkpt lat="50.767609" lon="15.128516999999999"><ele>618.38</ele></trkpt>
      <trkpt lat="50.767728999999996" lon="15.128568999999999"><ele>616.79</ele></trkpt>
      <trkpt lat="50.767911" lon="15.128604999999999"><ele>614.71</ele></trkpt>
      <trkpt lat="50.768529" lon="15.128411999999999"><ele>609.01</ele></trkpt>
      <trkpt lat="50.768685" lon="15.128298"><ele>607.7</ele></trkpt>
      <trkpt lat="50.768750999999995" lon="15.128214"><ele>607.13</ele></trkpt>
      <trkpt lat="50.768857999999994" lon="15.127986"><ele>605.99</ele></trkpt>
      <trkpt lat="50.768921999999996" lon="15.127689"><ele>604.97</ele></trkpt>
      <trkpt lat="50.768997999999996" lon="15.127044"><ele>603.85</ele></trkpt>
      <trkpt lat="50.769124" lon="15.126799"><ele>601.93</ele></trkpt>
      <trkpt lat="50.769497" lon="15.12627"><ele>598.44</ele></trkpt>
      <trkpt lat="50.769801" lon="15.125865999999998"><ele>595.78</ele></trkpt>
      <trkpt lat="50.770381" lon="15.125157"><ele>591.24</ele></trkpt>
      <trkpt lat="50.770896" lon="15.124901999999999"><ele>588.33</ele></trkpt>
      <trkpt lat="50.770967999999996" lon="15.124836"><ele>587.89</ele></trkpt>
      <trkpt lat="50.771017" lon="15.124759"><ele>587.41</ele></trkpt>
      <trkpt lat="50.771043" lon="15.124642999999999"><ele>586.67</ele></trkpt>
      <trkpt lat="50.771041999999994" lon="15.124557"><ele>586.06</ele></trkpt>
      <trkpt lat="50.771028" lon="15.12444"><ele>585.15</ele></trkpt>
      <trkpt lat="50.771003" lon="15.124371"><ele>584.67</ele></trkpt>
      <trkpt lat="50.771003" lon="15.124371"><ele>584.67</ele></trkpt>
      <trkpt lat="50.771003" lon="15.124371"><ele>584.67</ele></trkpt>
      <trkpt lat="50.771003" lon="15.124371"><ele>584.67</ele></trkpt>
      <trkpt lat="50.771003" lon="15.124371"><ele>584.67</ele></trkpt>
      <trkpt lat="50.770979999999994" lon="15.124343999999999"><ele>584.39</ele></trkpt>
      <trkpt lat="50.770885" lon="15.124293999999999"><ele>583.44</ele></trkpt>
      <trkpt lat="50.770789" lon="15.124284999999999"><ele>582.48</ele></trkpt>
      <trkpt lat="50.770542" lon="15.124395999999999"><ele>579.86</ele></trkpt>
      <trkpt lat="50.770041" lon="15.124718999999999"><ele>575.96</ele></trkpt>
      <trkpt lat="50.768978999999995" lon="15.125357"><ele>569.93</ele></trkpt>
      <trkpt lat="50.768829" lon="15.125416"><ele>568.97</ele></trkpt>
      <trkpt lat="50.768653" lon="15.125437"><ele>567.82</ele></trkpt>
      <trkpt lat="50.768445" lon="15.125397"><ele>566.37</ele></trkpt>
      <trkpt lat="50.767818" lon="15.125152"><ele>561.38</ele></trkpt>
      <trkpt lat="50.767502" lon="15.124811999999999"><ele>557.85</ele></trkpt>
      <trkpt lat="50.767174" lon="15.124186"><ele>553.2</ele></trkpt>
      <trkpt lat="50.767022" lon="15.123961"><ele>551.17</ele></trkpt>
      <trkpt lat="50.766537" lon="15.123374"><ele>545.12</ele></trkpt>
      <trkpt lat="50.766076999999996" lon="15.122867999999999"><ele>538.1</ele></trkpt>
      <trkpt lat="50.765876" lon="15.122584"><ele>533.79</ele></trkpt>
      <trkpt lat="50.765634999999996" lon="15.12215"><ele>527.48</ele></trkpt>
      <trkpt lat="50.765527" lon="15.121865"><ele>524.27</ele></trkpt>
      <trkpt lat="50.765404" lon="15.121675999999999"><ele>521.72</ele></trkpt>
      <trkpt lat="50.765215999999995" lon="15.121417"><ele>518.35</ele></trkpt>
      <trkpt lat="50.765119999999996" lon="15.121321"><ele>516.96</ele></trkpt>
      <trkpt lat="50.764962" lon="15.121189"><ele>514.97</ele></trkpt>
      <trkpt lat="50.764917" lon="15.121169"><ele>514.5</ele></trkpt>
      <trkpt lat="50.764843" lon="15.121032999999999"><ele>513.43</ele></trkpt>
      <trkpt lat="50.764682" lon="15.12084"><ele>511.37</ele></trkpt>
      <trkpt lat="50.764184" lon="15.120533"><ele>504.3</ele></trkpt>
      <trkpt lat="50.764030999999996" lon="15.120396"><ele>501.93</ele></trkpt>
      <trkpt lat="50.763704999999995" lon="15.119881"><ele>495.17</ele></trkpt>
      <trkpt lat="50.763324999999995" lon="15.11868"><ele>487.63</ele></trkpt>
      <trkpt lat="50.76298" lon="15.117761"><ele>485.43</ele></trkpt>
      <trkpt lat="50.762927999999995" lon="15.117598"><ele>485.16</ele></trkpt>
      <trkpt lat="50.762834999999995" lon="15.11742"><ele>484.07</ele></trkpt>
      <trkpt lat="50.76276" lon="15.117346999999999"><ele>481.71</ele></trkpt>
      <trkpt lat="50.76276" lon="15.117346999999999"><ele>481.71</ele></trkpt>
      <trkpt lat="50.76276" lon="15.117346999999999"><ele>481.71</ele></trkpt>
      <trkpt lat="50.76276" lon="15.117346999999999"><ele>481.71</ele></trkpt>
      <trkpt lat="50.76276" lon="15.117346999999999"><ele>481.71</ele></trkpt>
      <trkpt lat="50.762687" lon="15.117327"><ele>479.5</ele></trkpt>
      <trkpt lat="50.762651" lon="15.117344"><ele>478.29</ele></trkpt>
      <trkpt lat="50.762619" lon="15.117405999999999"><ele>476.9</ele></trkpt>
      <trkpt lat="50.762612" lon="15.117495"><ele>475.67</ele></trkpt>
      <trkpt lat="50.762615" lon="15.117573"><ele>474.91</ele></trkpt>
      <trkpt lat="50.762651999999996" lon="15.117702"><ele>474.93</ele></trkpt>
      <trkpt lat="50.762868" lon="15.118129"><ele>473.29</ele></trkpt>
      <trkpt lat="50.76292" lon="15.118267"><ele>472.42</ele></trkpt>
      <trkpt lat="50.762980999999996" lon="15.118589"><ele>470.88</ele></trkpt>
      <trkpt lat="50.762980999999996" lon="15.119425"><ele>466.67</ele></trkpt>
      <trkpt lat="50.763011" lon="15.119758"><ele>465.74</ele></trkpt>
      <trkpt lat="50.763072" lon="15.120051"><ele>465.2</ele></trkpt>
      <trkpt lat="50.763177" lon="15.120467999999999"><ele>464.33</ele></trkpt>
      <trkpt lat="50.763282999999994" lon="15.120749"><ele>464.63</ele></trkpt>
      <trkpt lat="50.763382" lon="15.120979"><ele>464.43</ele></trkpt>
      <trkpt lat="50.763447" lon="15.121203"><ele>462.33</ele></trkpt>
      <trkpt lat="50.763343" lon="15.121195"><ele>459.87</ele></trkpt>
      <trkpt lat="50.763157" lon="15.121070999999999"><ele>455.82</ele></trkpt>
      <trkpt lat="50.762906" lon="15.1208"><ele>450.04</ele></trkpt>
      <trkpt lat="50.762521" lon="15.120206"><ele>444.04</ele></trkpt>
      <trkpt lat="50.761933" lon="15.119228999999999"><ele>434.11</ele></trkpt>
      <trkpt lat="50.761644" lon="15.118876"><ele>429.94</ele></trkpt>
      <trkpt lat="50.761528999999996" lon="15.118606999999999"><ele>429.12</ele></trkpt>
      <trkpt lat="50.761409" lon="15.11849"><ele>429.82</ele></trkpt>
      <trkpt lat="50.761222" lon="15.118414999999999"><ele>428.06</ele></trkpt>
      <trkpt lat="50.761074" lon="15.11844"><ele>426.32</ele></trkpt>
      <trkpt lat="50.76049" lon="15.118388999999999"><ele>419.69</ele></trkpt>
      <trkpt lat="50.760345" lon="15.118283"><ele>417.9</ele></trkpt>
      <trkpt lat="50.76022" lon="15.118144"><ele>416.45</ele></trkpt>
      <trkpt lat="50.760087999999996" lon="15.117977"><ele>415.07</ele></trkpt>
      <trkpt lat="50.75984" lon="15.117605"><ele>412.51</ele></trkpt>
      <trkpt lat="50.759719999999994" lon="15.117481999999999"><ele>411.65</ele></trkpt>
      <trkpt lat="50.759651" lon="15.117445"><ele>411.3</ele></trkpt>
      <trkpt lat="50.759383" lon="15.117414"><ele>410.12</ele></trkpt>
      <trkpt lat="50.758779999999994" lon="15.117436999999999"><ele>407.78</ele></trkpt>
      <trkpt lat="50.75863" lon="15.117393999999999"><ele>406.58</ele></trkpt>
      <trkpt lat="50.75853" lon="15.117327"><ele>405.58</ele></trkpt>
      <trkpt lat="50.758458" lon="15.117237999999999"><ele>404.57</ele></trkpt>
      <trkpt lat="50.758365" lon="15.117099999999999"><ele>403.29</ele></trkpt>
      <trkpt lat="50.758271" lon="15.11685"><ele>401.66</ele></trkpt>
      <trkpt lat="50.757183999999995" lon="15.118195"><ele>403.07</ele></trkpt>
      <trkpt lat="50.756553" lon="15.119005"><ele>405.43</ele></trkpt>
      <trkpt lat="50.756446999999994" lon="15.119155"><ele>405.98</ele></trkpt>
      <trkpt lat="50.756391" lon="15.119269999999998"><ele>406.01</ele></trkpt>
      <trkpt lat="50.756147999999996" lon="15.119845"><ele>405.97</ele></trkpt>
      <trkpt lat="50.755112999999994" lon="15.122354"><ele>410.84</ele></trkpt>
      <trkpt lat="50.754934999999996" lon="15.122878"><ele>413.19</ele></trkpt>
      <trkpt lat="50.754934999999996" lon="15.122878"><ele>413.19</ele></trkpt>
      <trkpt lat="50.754934999999996" lon="15.122878"><ele>413.19</ele></trkpt>
      <trkpt lat="50.754934999999996" lon="15.122878"><ele>413.19</ele></trkpt>
      <trkpt lat="50.754934999999996" lon="15.122878"><ele>413.19</ele></trkpt>
      <trkpt lat="50.754782999999996" lon="15.122574"><ele>412.68</ele></trkpt>
      <trkpt lat="50.754725" lon="15.122062999999999"><ele>414.37</ele></trkpt>
      <trkpt lat="50.754628999999994" lon="15.120941"><ele>420.24</ele></trkpt>
      <trkpt lat="50.754686" lon="15.120602"><ele>422.27</ele></trkpt>
      <trkpt lat="50.754706" lon="15.119703"><ele>429.06</ele></trkpt>
      <trkpt lat="50.754768" lon="15.118996"><ele>433.66</ele></trkpt>
      <trkpt lat="50.754756" lon="15.118706"><ele>435.66</ele></trkpt>
      <trkpt lat="50.754740999999996" lon="15.118621"><ele>436.41</ele></trkpt>
      <trkpt lat="50.7547" lon="15.118530999999999"><ele>436.91</ele></trkpt>
      <trkpt lat="50.754625999999995" lon="15.118469"><ele>437.68</ele></trkpt>
      <trkpt lat="50.754034" lon="15.118347"><ele>444.26</ele></trkpt>
      <trkpt lat="50.753723" lon="15.118255999999999"><ele>448.5</ele></trkpt>
      <trkpt lat="50.753553" lon="15.118153"><ele>450.91</ele></trkpt>
      <trkpt lat="50.753311" lon="15.117934"><ele>454.14</ele></trkpt>
      <trkpt lat="50.753172" lon="15.117711"><ele>456.9</ele></trkpt>
      <trkpt lat="50.753065" lon="15.117503"><ele>458.64</ele></trkpt>
      <trkpt lat="50.752508999999996" lon="15.117208999999999"><ele>462.63</ele></trkpt>
      <trkpt lat="50.752224999999996" lon="15.116981"><ele>462.05</ele></trkpt>
      <trkpt lat="50.752190999999996" lon="15.116906"><ele>461.98</ele></trkpt>
      <trkpt lat="50.752179" lon="15.116848"><ele>461.95</ele></trkpt>
      <trkpt lat="50.752179" lon="15.116771"><ele>461.9</ele></trkpt>
      <trkpt lat="50.75219" lon="15.116722"><ele>461.92</ele></trkpt>
      <trkpt lat="50.752212" lon="15.116672999999999"><ele>461.96</ele></trkpt>
      <trkpt lat="50.75259" lon="15.116010999999999"><ele>460.65</ele></trkpt>
      <trkpt lat="50.752638999999995" lon="15.115819"><ele>459.81</ele></trkpt>
      <trkpt lat="50.75264" lon="15.11571"><ele>459.12</ele></trkpt>
      <trkpt lat="50.752613" lon="15.115559999999999"><ele>458.07</ele></trkpt>
      <trkpt lat="50.752570999999996" lon="15.115442999999999"><ele>457.54</ele></trkpt>
      <trkpt lat="50.752486" lon="15.115274999999999"><ele>456.95</ele></trkpt>
      <trkpt lat="50.752424999999995" lon="15.115188999999999"><ele>456.62</ele></trkpt>
      <trkpt lat="50.752365" lon="15.115043"><ele>456.1</ele></trkpt>
      <trkpt lat="50.752356999999996" lon="15.114763"><ele>454.45</ele></trkpt>
      <trkpt lat="50.752367" lon="15.114491999999998"><ele>453.33</ele></trkpt>
      <trkpt lat="50.752354" lon="15.113738"><ele>449.97</ele></trkpt>
      <trkpt lat="50.752376" lon="15.113582999999998"><ele>449.3</ele></trkpt>
      <trkpt lat="50.75243" lon="15.113432999999999"><ele>448.54</ele></trkpt>
      <trkpt lat="50.752621999999995" lon="15.113104"><ele>445.92</ele></trkpt>
      <trkpt lat="50.752662" lon="15.113011"><ele>445.09</ele></trkpt>
      <trkpt lat="50.752702" lon="15.112741999999999"><ele>442.96</ele></trkpt>
      <trkpt lat="50.752703" lon="15.112333"><ele>439.22</ele></trkpt>
      <trkpt lat="50.752672" lon="15.112169999999999"><ele>437.51</ele></trkpt>
      <trkpt lat="50.752624999999995" lon="15.11207"><ele>436.78</ele></trkpt>
      <trkpt lat="50.752505" lon="15.111868"><ele>435.97</ele></trkpt>
      <trkpt lat="50.752492" lon="15.11182"><ele>436.1</ele></trkpt>
      <trkpt lat="50.752485" lon="15.111749"><ele>436.16</ele></trkpt>
      <trkpt lat="50.752493" lon="15.111678"><ele>436.12</ele></trkpt>
      <trkpt lat="50.752925" lon="15.110901"><ele>434.75</ele></trkpt>
      <trkpt lat="50.752986" lon="15.110766"><ele>434.69</ele></trkpt>
      <trkpt lat="50.75302" lon="15.110626"><ele>434.66</ele></trkpt>
      <trkpt lat="50.753097999999994" lon="15.110197999999999"><ele>434.5</ele></trkpt>
      <trkpt lat="50.753139" lon="15.110007999999999"><ele>434.46</ele></trkpt>
      <trkpt lat="50.753181999999995" lon="15.109865999999998"><ele>434.06</ele></trkpt>
      <trkpt lat="50.753243" lon="15.109717999999999"><ele>433.41</ele></trkpt>
      <trkpt lat="50.753402" lon="15.109473999999999"><ele>431.62</ele></trkpt>
      <trkpt lat="50.753648" lon="15.109167999999999"><ele>429.26</ele></trkpt>
      <trkpt lat="50.753705" lon="15.109081"><ele>428.76</ele></trkpt>
      <trkpt lat="50.753772" lon="15.108960999999999"><ele>428.97</ele></trkpt>
      <trkpt lat="50.753811999999996" lon="15.108861"><ele>428.95</ele></trkpt>
      <trkpt lat="50.753859999999996" lon="15.108692999999999"><ele>428.47</ele></trkpt>
      <trkpt lat="50.753907999999996" lon="15.108481999999999"><ele>427.94</ele></trkpt>
      <trkpt lat="50.753951" lon="15.107908"><ele>426.66</ele></trkpt>
      <trkpt lat="50.753944999999995" lon="15.107495"><ele>424.9</ele></trkpt>
      <trkpt lat="50.753955999999995" lon="15.107318"><ele>424.48</ele></trkpt>
      <trkpt lat="50.754143" lon="15.106427"><ele>421.84</ele></trkpt>
      <trkpt lat="50.754334" lon="15.105635"><ele>419.93</ele></trkpt>
      <trkpt lat="50.754355999999994" lon="15.105495"><ele>419.6</ele></trkpt>
      <trkpt lat="50.754355999999994" lon="15.105376999999999"><ele>419.35</ele></trkpt>
      <trkpt lat="50.754334" lon="15.10525"><ele>419.08</ele></trkpt>
      <trkpt lat="50.754298999999996" lon="15.105153999999999"><ele>418.86</ele></trkpt>
      <trkpt lat="50.754238" lon="15.105037"><ele>418.58</ele></trkpt>
      <trkpt lat="50.753805" lon="15.104325"><ele>416.33</ele></trkpt>
      <trkpt lat="50.753591" lon="15.103888999999999"><ele>415.13</ele></trkpt>
      <trkpt lat="50.753426" lon="15.103486"><ele>413.87</ele></trkpt>
      <trkpt lat="50.753208" lon="15.103107999999999"><ele>412.73</ele></trkpt>
      <trkpt lat="50.752806" lon="15.102649999999999"><ele>409.56</ele></trkpt>
      <trkpt lat="50.752472" lon="15.102295999999999"><ele>408.54</ele></trkpt>
      <trkpt lat="50.751991999999994" lon="15.101552"><ele>407.31</ele></trkpt>
      <trkpt lat="50.751947" lon="15.10107"><ele>411.62</ele></trkpt>
      <trkpt lat="50.751959" lon="15.100686"><ele>414.91</ele></trkpt>
      <trkpt lat="50.752178" lon="15.099846"><ele>421.57</ele></trkpt>
      <trkpt lat="50.752278" lon="15.099518"><ele>422.86</ele></trkpt>
      <trkpt lat="50.752297999999996" lon="15.099336"><ele>423.44</ele></trkpt>
      <trkpt lat="50.752285" lon="15.099176"><ele>423.93</ele></trkpt>
      <trkpt lat="50.751959" lon="15.097247"><ele>425.13</ele></trkpt>
      <trkpt lat="50.751825" lon="15.096639"><ele>423.87</ele></trkpt>
      <trkpt lat="50.75174" lon="15.096401"><ele>423.88</ele></trkpt>
      <trkpt lat="50.75174" lon="15.096401"><ele>423.88</ele></trkpt>
      <trkpt lat="50.75174" lon="15.096401"><ele>423.88</ele></trkpt>
      <trkpt lat="50.75174" lon="15.096401"><ele>423.88</ele></trkpt>
      <trkpt lat="50.75174" lon="15.096401"><ele>423.88</ele></trkpt>
      <trkpt lat="50.751673999999994" lon="15.096286"><ele>424.5</ele></trkpt>
      <trkpt lat="50.751518999999995" lon="15.096129"><ele>425.22</ele></trkpt>
      <trkpt lat="50.750777" lon="15.095497"><ele>426.64</ele></trkpt>
      <trkpt lat="50.750437999999995" lon="15.095239999999999"><ele>425.26</ele></trkpt>
      <trkpt lat="50.749863" lon="15.094631"><ele>423.5</ele></trkpt>
      <trkpt lat="50.748802999999995" lon="15.093822"><ele>420.38</ele></trkpt>
      <trkpt lat="50.748253999999996" lon="15.09338"><ele>418.5</ele></trkpt>
      <trkpt lat="50.748171" lon="15.093331"><ele>418.43</ele></trkpt>
      <trkpt lat="50.747961" lon="15.093328999999999"><ele>418.82</ele></trkpt>
      <trkpt lat="50.747782" lon="15.093392"><ele>419.47</ele></trkpt>
      <trkpt lat="50.747484" lon="15.093535"><ele>420.1</ele></trkpt>
      <trkpt lat="50.747299" lon="15.093639999999999"><ele>420.25</ele></trkpt>
      <trkpt lat="50.747133" lon="15.093764"><ele>420.14</ele></trkpt>
      <trkpt lat="50.746542999999996" lon="15.094334"><ele>417.6</ele></trkpt>
      <trkpt lat="50.74632" lon="15.094536"><ele>416.58</ele></trkpt>
      <trkpt lat="50.745973" lon="15.095277999999999"><ele>415.36</ele></trkpt>
      <trkpt lat="50.745748" lon="15.095930999999998"><ele>414.01</ele></trkpt>
      <trkpt lat="50.745593" lon="15.096573999999999"><ele>412.24</ele></trkpt>
      <trkpt lat="50.745328" lon="15.097562"><ele>407.13</ele></trkpt>
      <trkpt lat="50.745152" lon="15.097976"><ele>404.96</ele></trkpt>
      <trkpt lat="50.745076999999995" lon="15.097907999999999"><ele>405.7</ele></trkpt>
      <trkpt lat="50.744791" lon="15.097764"><ele>405.54</ele></trkpt>
      <trkpt lat="50.744558999999995" lon="15.097665999999998"><ele>403.64</ele></trkpt>
      <trkpt lat="50.743317999999995" lon="15.097214999999998"><ele>387.69</ele></trkpt>
      <trkpt lat="50.743337999999994" lon="15.096585999999999"><ele>386.14</ele></trkpt>
      <trkpt lat="50.743325999999996" lon="15.096316"><ele>385.9</ele></trkpt>
      <trkpt lat="50.742920999999996" lon="15.096238999999999"><ele>381.03</ele></trkpt>
      <trkpt lat="50.742830999999995" lon="15.096228"><ele>380.38</ele></trkpt>
      <trkpt lat="50.742238" lon="15.096233"><ele>378.03</ele></trkpt>
      <trkpt lat="50.740705" lon="15.095974"><ele>379.69</ele></trkpt>
      <trkpt lat="50.740705" lon="15.095974"><ele>379.69</ele></trkpt>
      <trkpt lat="50.740705" lon="15.095974"><ele>379.69</ele></trkpt>
      <trkpt lat="50.740705" lon="15.095974"><ele>379.69</ele></trkpt>
      <trkpt lat="50.740705" lon="15.095974"><ele>379.69</ele></trkpt>
      <trkpt lat="50.740761" lon="15.095749"><ele>379.32</ele></trkpt>
      <trkpt lat="50.741003" lon="15.095215999999999"><ele>378.38</ele></trkpt>
      <trkpt lat="50.741217999999996" lon="15.094163"><ele>377.39</ele></trkpt>
      <trkpt lat="50.741215999999994" lon="15.093648"><ele>377.21</ele></trkpt>
      <trkpt lat="50.741191" lon="15.093402"><ele>376.89</ele></trkpt>
      <trkpt lat="50.741023999999996" lon="15.09334"><ele>378.05</ele></trkpt>
      <trkpt lat="50.74095" lon="15.093074"><ele>378.89</ele></trkpt>
      <trkpt lat="50.740818999999995" lon="15.092939"><ele>379.66</ele></trkpt>
      <trkpt lat="50.740725" lon="15.092137999999998"><ele>378.36</ele></trkpt>
      <trkpt lat="50.740733999999996" lon="15.091833999999999"><ele>378.26</ele></trkpt>
      <trkpt lat="50.74079" lon="15.091546"><ele>378.09</ele></trkpt>
      <trkpt lat="50.741031" lon="15.09095"><ele>378.28</ele></trkpt>
      <trkpt lat="50.74138" lon="15.09014"><ele>376.27</ele></trkpt>
      <trkpt lat="50.741394" lon="15.090057"><ele>376.01</ele></trkpt>
      <trkpt lat="50.741395" lon="15.089951999999998"><ele>375.81</ele></trkpt>
      <trkpt lat="50.741358" lon="15.08977"><ele>375.41</ele></trkpt>
      <trkpt lat="50.741189999999996" lon="15.089502"><ele>374.99</ele></trkpt>
      <trkpt lat="50.740978" lon="15.089245"><ele>374.86</ele></trkpt>
      <trkpt lat="50.740823999999996" lon="15.088972"><ele>375.02</ele></trkpt>
      <trkpt lat="50.740747" lon="15.088794"><ele>375.21</ele></trkpt>
      <trkpt lat="50.740731" lon="15.088681"><ele>375.48</ele></trkpt>
      <trkpt lat="50.740744" lon="15.088524999999999"><ele>375.53</ele></trkpt>
      <trkpt lat="50.740933" lon="15.087632999999999"><ele>375.14</ele></trkpt>
      <trkpt lat="50.741133" lon="15.087043999999999"><ele>375.01</ele></trkpt>
      <trkpt lat="50.741302" lon="15.086775999999999"><ele>375.03</ele></trkpt>
      <trkpt lat="50.742373" lon="15.086070999999999"><ele>375.6</ele></trkpt>
      <trkpt lat="50.742331" lon="15.085903"><ele>376.47</ele></trkpt>
      <trkpt lat="50.742109" lon="15.085422"><ele>379.65</ele></trkpt>
      <trkpt lat="50.742051" lon="15.085194"><ele>380.85</ele></trkpt>
      <trkpt lat="50.742044" lon="15.084914"><ele>381.83</ele></trkpt>
      <trkpt lat="50.742013" lon="15.084598999999999"><ele>382.15</ele></trkpt>
      <trkpt lat="50.742101" lon="15.084188"><ele>379.96</ele></trkpt>
      <trkpt lat="50.742115" lon="15.083532"><ele>377.1</ele></trkpt>
      <trkpt lat="50.742138" lon="15.083259"><ele>377.72</ele></trkpt>
      <trkpt lat="50.742188" lon="15.08237"><ele>377.66</ele></trkpt>
      <trkpt lat="50.742110999999994" lon="15.081503999999999"><ele>378.53</ele></trkpt>
      <trkpt lat="50.742058" lon="15.08123"><ele>380.02</ele></trkpt>
      <trkpt lat="50.742084999999996" lon="15.080791999999999"><ele>383.44</ele></trkpt>
      <trkpt lat="50.742466" lon="15.079695"><ele>389.53</ele></trkpt>
      <trkpt lat="50.742615" lon="15.079021"><ele>391.45</ele></trkpt>
      <trkpt lat="50.742615" lon="15.078828999999999"><ele>391.49</ele></trkpt>
      <trkpt lat="50.742422999999995" lon="15.078175"><ele>394.09</ele></trkpt>
      <trkpt lat="50.742321" lon="15.077926"><ele>395.06</ele></trkpt>
      <trkpt lat="50.742202" lon="15.077741999999999"><ele>397.01</ele></trkpt>
      <trkpt lat="50.742045999999995" lon="15.077687"><ele>398.98</ele></trkpt>
      <trkpt lat="50.741802" lon="15.077707"><ele>402.66</ele></trkpt>
      <trkpt lat="50.741687999999996" lon="15.077649999999998"><ele>404.24</ele></trkpt>
      <trkpt lat="50.741625" lon="15.077416"><ele>405.03</ele></trkpt>
      <trkpt lat="50.74162" lon="15.076466"><ele>407.84</ele></trkpt>
      <trkpt lat="50.741552999999996" lon="15.075379"><ele>409.12</ele></trkpt>
      <trkpt lat="50.741312" lon="15.074330999999999"><ele>405.74</ele></trkpt>
      <trkpt lat="50.741139" lon="15.073129999999999"><ele>395.56</ele></trkpt>
      <trkpt lat="50.740778999999996" lon="15.072545"><ele>388.06</ele></trkpt>
      <trkpt lat="50.740378" lon="15.071966999999999"><ele>379.35</ele></trkpt>
      <trkpt lat="50.740279" lon="15.071899"><ele>377.84</ele></trkpt>
      <trkpt lat="50.740317" lon="15.071147"><ele>376.49</ele></trkpt>
      <trkpt lat="50.740322" lon="15.070304"><ele>378.79</ele></trkpt>
      <trkpt lat="50.740181" lon="15.069647999999999"><ele>383.14</ele></trkpt>
      <trkpt lat="50.740181" lon="15.069647999999999"><ele>383.14</ele></trkpt>
      <trkpt lat="50.740181" lon="15.069647999999999"><ele>383.14</ele></trkpt>
      <trkpt lat="50.740181" lon="15.069647999999999"><ele>383.14</ele></trkpt>
      <trkpt lat="50.740181" lon="15.069647999999999"><ele>383.14</ele></trkpt>
      <trkpt lat="50.739608999999994" lon="15.06799"><ele>393.52</ele></trkpt>
      <trkpt lat="50.739506" lon="15.067675"><ele>394.59</ele></trkpt>
      <trkpt lat="50.739143" lon="15.066352"><ele>394.79</ele></trkpt>
      <trkpt lat="50.738867" lon="15.065512"><ele>391.99</ele></trkpt>
      <trkpt lat="50.738305" lon="15.064416999999999"><ele>392.2</ele></trkpt>
      <trkpt lat="50.737964999999996" lon="15.063808"><ele>393.56</ele></trkpt>
      <trkpt lat="50.73769" lon="15.063284999999999"><ele>393.83</ele></trkpt>
      <trkpt lat="50.737283" lon="15.062574"><ele>391.27</ele></trkpt>
      <trkpt lat="50.736996999999995" lon="15.062154999999999"><ele>391.61</ele></trkpt>
      <trkpt lat="50.737013" lon="15.06209"><ele>391.4</ele></trkpt>
      <trkpt lat="50.737016999999994" lon="15.062028999999999"><ele>391.23</ele></trkpt>
      <trkpt lat="50.737007999999996" lon="15.061954"><ele>391.02</ele></trkpt>
      <trkpt lat="50.736981" lon="15.061881"><ele>390.78</ele></trkpt>
      <trkpt lat="50.736944" lon="15.061831"><ele>390.59</ele></trkpt>
      <trkpt lat="50.736909999999995" lon="15.061807"><ele>390.58</ele></trkpt>
      <trkpt lat="50.736871" lon="15.061796"><ele>390.64</ele></trkpt>
      <trkpt lat="50.736821" lon="15.061807"><ele>390.75</ele></trkpt>
      <trkpt lat="50.736779999999996" lon="15.061836999999999"><ele>390.83</ele></trkpt>
      <trkpt lat="50.73675" lon="15.061879"><ele>390.92</ele></trkpt>
      <trkpt lat="50.736726" lon="15.061938999999999"><ele>391</ele></trkpt>
      <trkpt lat="50.736397" lon="15.061762"><ele>391.4</ele></trkpt>
      <trkpt lat="50.735793" lon="15.061395999999998"><ele>391.14</ele></trkpt>
      <trkpt lat="50.735467" lon="15.061098"><ele>390.64</ele></trkpt>
      <trkpt lat="50.735299999999995" lon="15.060976"><ele>390.18</ele></trkpt>
      <trkpt lat="50.73479" lon="15.060868"><ele>388.82</ele></trkpt>
      <trkpt lat="50.734713" lon="15.060789"><ele>388.73</ele></trkpt>
      <trkpt lat="50.734652999999994" lon="15.060682"><ele>388.59</ele></trkpt>
      <trkpt lat="50.734534" lon="15.060146999999999"><ele>388.57</ele></trkpt>
      <trkpt lat="50.734488" lon="15.060063"><ele>389.19</ele></trkpt>
      <trkpt lat="50.734449" lon="15.060035"><ele>389.76</ele></trkpt>
      <trkpt lat="50.734103999999995" lon="15.060015"><ele>393.05</ele></trkpt>
      <trkpt lat="50.733261" lon="15.059536"><ele>394.39</ele></trkpt>
      <trkpt lat="50.732817" lon="15.059298"><ele>395.26</ele></trkpt>
      <trkpt lat="50.732977999999996" lon="15.057481999999998"><ele>387.05</ele></trkpt>
      <trkpt lat="50.733069" lon="15.056471"><ele>388.74</ele></trkpt>
      <trkpt lat="50.732347" lon="15.056058"><ele>389.56</ele></trkpt>
      <trkpt lat="50.7305" lon="15.055102"><ele>391.7</ele></trkpt>
      <trkpt lat="50.730337999999996" lon="15.054988"><ele>392.01</ele></trkpt>
      <trkpt lat="50.730357" lon="15.054934"><ele>392.07</ele></trkpt>
      <trkpt lat="50.730363999999994" lon="15.054872999999999"><ele>392.13</ele></trkpt>
      <trkpt lat="50.730348" lon="15.05478"><ele>392.18</ele></trkpt>
      <trkpt lat="50.730247999999996" lon="15.054630999999999"><ele>392.35</ele></trkpt>
      <trkpt lat="50.730191" lon="15.054597"><ele>392.45</ele></trkpt>
      <trkpt lat="50.730149999999995" lon="15.054602"><ele>392.43</ele></trkpt>
      <trkpt lat="50.730081" lon="15.054378999999999"><ele>393</ele></trkpt>
      <trkpt lat="50.729867" lon="15.053830999999999"><ele>393.21</ele></trkpt>
      <trkpt lat="50.729015999999994" lon="15.051907"><ele>395.52</ele></trkpt>
      <trkpt lat="50.72898" lon="15.051845"><ele>395.63</ele></trkpt>
      <trkpt lat="50.728941" lon="15.051796"><ele>395.74</ele></trkpt>
      <trkpt lat="50.728519" lon="15.051428999999999"><ele>396.76</ele></trkpt>
      <trkpt lat="50.728379999999994" lon="15.051285"><ele>397</ele></trkpt>
      <trkpt lat="50.728156999999996" lon="15.050887999999999"><ele>397.97</ele></trkpt>
      <trkpt lat="50.727861" lon="15.050091"><ele>399.97</ele></trkpt>
      <trkpt lat="50.727779999999996" lon="15.049937"><ele>400.49</ele></trkpt>
      <trkpt lat="50.727692" lon="15.049819"><ele>401.1</ele></trkpt>
      <trkpt lat="50.726642999999996" lon="15.048599"><ele>402.33</ele></trkpt>
      <trkpt lat="50.725797" lon="15.047445"><ele>404.96</ele></trkpt>
      <trkpt lat="50.725646" lon="15.047191999999999"><ele>405.62</ele></trkpt>
      <trkpt lat="50.725364" lon="15.046517999999999"><ele>408.33</ele></trkpt>
      <trkpt lat="50.725179999999995" lon="15.046037"><ele>410.52</ele></trkpt>
      <trkpt lat="50.725179999999995" lon="15.046037"><ele>410.52</ele></trkpt>
      <trkpt lat="50.725179999999995" lon="15.046037"><ele>410.52</ele></trkpt>
      <trkpt lat="50.725179999999995" lon="15.046037"><ele>410.52</ele></trkpt>
      <trkpt lat="50.725179999999995" lon="15.046037"><ele>410.52</ele></trkpt>
      <trkpt lat="50.72526" lon="15.045852"><ele>411.08</ele></trkpt>
      <trkpt lat="50.725694999999995" lon="15.044283"><ele>418.6</ele></trkpt>
      <trkpt lat="50.725783" lon="15.043987"><ele>420.01</ele></trkpt>
      <trkpt lat="50.725837999999996" lon="15.043735"><ele>421.09</ele></trkpt>
      <trkpt lat="50.725885" lon="15.043356999999999"><ele>422.73</ele></trkpt>
      <trkpt lat="50.725893" lon="15.042567"><ele>424.95</ele></trkpt>
      <trkpt lat="50.725884" lon="15.041955"><ele>426.96</ele></trkpt>
      <trkpt lat="50.725898" lon="15.040668"><ele>430.32</ele></trkpt>
      <trkpt lat="50.725908" lon="15.04027"><ele>430.8</ele></trkpt>
      <trkpt lat="50.725851999999996" lon="15.038272"><ele>434.39</ele></trkpt>
      <trkpt lat="50.725879" lon="15.037987"><ele>434.72</ele></trkpt>
      <trkpt lat="50.725935" lon="15.037652999999999"><ele>434.9</ele></trkpt>
      <trkpt lat="50.726129" lon="15.037220999999999"><ele>433.74</ele></trkpt>
      <trkpt lat="50.726293999999996" lon="15.036909999999999"><ele>432.38</ele></trkpt>
      <trkpt lat="50.727002" lon="15.035815"><ele>431.95</ele></trkpt>
      <trkpt lat="50.727073999999995" lon="15.035568"><ele>432.49</ele></trkpt>
      <trkpt lat="50.727121" lon="15.035245999999999"><ele>434.41</ele></trkpt>
      <trkpt lat="50.72734" lon="15.034257"><ele>436.58</ele></trkpt>
      <trkpt lat="50.727517" lon="15.033686999999999"><ele>438.37</ele></trkpt>
      <trkpt lat="50.727591" lon="15.033551"><ele>438.81</ele></trkpt>
      <trkpt lat="50.727591" lon="15.033551"><ele>438.81</ele></trkpt>
      <trkpt lat="50.727591" lon="15.033551"><ele>438.81</ele></trkpt>
      <trkpt lat="50.727591" lon="15.033551"><ele>438.81</ele></trkpt>
      <trkpt lat="50.727591" lon="15.033551"><ele>438.81</ele></trkpt>
      <trkpt lat="50.727706999999995" lon="15.033420999999999"><ele>439.34</ele></trkpt>
      <trkpt lat="50.728184999999996" lon="15.033119"><ele>440.97</ele></trkpt>
      <trkpt lat="50.72832" lon="15.032985"><ele>441.56</ele></trkpt>
      <trkpt lat="50.728411" lon="15.032877"><ele>442.29</ele></trkpt>
      <trkpt lat="50.728553" lon="15.032699"><ele>443.61</ele></trkpt>
      <trkpt lat="50.728871999999996" lon="15.032228"><ele>447.78</ele></trkpt>
      <trkpt lat="50.73009" lon="15.030527"><ele>459.17</ele></trkpt>
      <trkpt lat="50.730174" lon="15.030311"><ele>460.21</ele></trkpt>
      <trkpt lat="50.730495999999995" lon="15.029185"><ele>462.58</ele></trkpt>
      <trkpt lat="50.730632" lon="15.028861"><ele>463.37</ele></trkpt>
      <trkpt lat="50.730740999999995" lon="15.028654999999999"><ele>464.31</ele></trkpt>
      <trkpt lat="50.730866999999996" lon="15.028550999999998"><ele>465.1</ele></trkpt>
      <trkpt lat="50.732028" lon="15.027709999999999"><ele>466.24</ele></trkpt>
      <trkpt lat="50.732451" lon="15.027429"><ele>466.46</ele></trkpt>
      <trkpt lat="50.733289" lon="15.027026999999999"><ele>466.75</ele></trkpt>
      <trkpt lat="50.734761999999996" lon="15.026043999999999"><ele>469.05</ele></trkpt>
      <trkpt lat="50.735504" lon="15.025606"><ele>469.97</ele></trkpt>
      <trkpt lat="50.735687999999996" lon="15.025457"><ele>470.36</ele></trkpt>
      <trkpt lat="50.736276" lon="15.024885"><ele>471.15</ele></trkpt>
      <trkpt lat="50.736702" lon="15.024370999999999"><ele>471.5</ele></trkpt>
      <trkpt lat="50.737457" lon="15.023606"><ele>471.18</ele></trkpt>
      <trkpt lat="50.737967999999995" lon="15.023147"><ele>470.67</ele></trkpt>
      <trkpt lat="50.738223999999995" lon="15.022983"><ele>470.55</ele></trkpt>
      <trkpt lat="50.738369" lon="15.022862"><ele>470.53</ele></trkpt>
      <trkpt lat="50.738513999999995" lon="15.022675999999999"><ele>470.83</ele></trkpt>
      <trkpt lat="50.738706" lon="15.022151"><ele>473.23</ele></trkpt>
      <trkpt lat="50.738811" lon="15.021913999999999"><ele>474.3</ele></trkpt>
      <trkpt lat="50.739095" lon="15.021474999999999"><ele>476.45</ele></trkpt>
      <trkpt lat="50.739397" lon="15.021120999999999"><ele>478.14</ele></trkpt>
      <trkpt lat="50.739528" lon="15.020989"><ele>478.75</ele></trkpt>
      <trkpt lat="50.740466" lon="15.020539999999999"><ele>479.38</ele></trkpt>
      <trkpt lat="50.740466" lon="15.020539999999999"><ele>479.38</ele></trkpt>
      <trkpt lat="50.740466" lon="15.020539999999999"><ele>479.38</ele></trkpt>
      <trkpt lat="50.740466" lon="15.020539999999999"><ele>479.38</ele></trkpt>
      <trkpt lat="50.740466" lon="15.020539999999999"><ele>479.38</ele></trkpt>
      <trkpt lat="50.740106" lon="15.019836999999999"><ele>483.2</ele></trkpt>
      <trkpt lat="50.739976999999996" lon="15.019521"><ele>484.81</ele></trkpt>
      <trkpt lat="50.739878999999995" lon="15.019231999999999"><ele>486.23</ele></trkpt>
      <trkpt lat="50.739733" lon="15.018761"><ele>488.53</ele></trkpt>
      <trkpt lat="50.739432" lon="15.017548999999999"><ele>495.66</ele></trkpt>
      <trkpt lat="50.739346" lon="15.017251"><ele>497.17</ele></trkpt>
      <trkpt lat="50.739185" lon="15.01662"><ele>500.11</ele></trkpt>
      <trkpt lat="50.739111" lon="15.015647"><ele>504.67</ele></trkpt>
      <trkpt lat="50.739053999999996" lon="15.015308999999998"><ele>506.11</ele></trkpt>
      <trkpt lat="50.738735" lon="15.014261999999999"><ele>511.21</ele></trkpt>
      <trkpt lat="50.738693999999995" lon="15.014078"><ele>512.02</ele></trkpt>
      <trkpt lat="50.738636" lon="15.013694999999998"><ele>514.09</ele></trkpt>
      <trkpt lat="50.738588" lon="15.013238999999999"><ele>516.34</ele></trkpt>
      <trkpt lat="50.738507" lon="15.012758999999999"><ele>518.42</ele></trkpt>
      <trkpt lat="50.738443" lon="15.012506"><ele>519.58</ele></trkpt>
      <trkpt lat="50.738355999999996" lon="15.012215999999999"><ele>520.87</ele></trkpt>
      <trkpt lat="50.738277" lon="15.012023999999998"><ele>521.86</ele></trkpt>
      <trkpt lat="50.738015999999995" lon="15.011517"><ele>525.15</ele></trkpt>
      <trkpt lat="50.737928" lon="15.011322999999999"><ele>526.19</ele></trkpt>
      <trkpt lat="50.737894999999995" lon="15.011218"><ele>526.77</ele></trkpt>
      <trkpt lat="50.737868" lon="15.011042"><ele>527.81</ele></trkpt>
      <trkpt lat="50.737808" lon="15.009964"><ele>532.67</ele></trkpt>
      <trkpt lat="50.737809" lon="15.009846"><ele>533.32</ele></trkpt>
      <trkpt lat="50.737843" lon="15.009634"><ele>534.08</ele></trkpt>
      <trkpt lat="50.737885999999996" lon="15.009504999999999"><ele>534.41</ele></trkpt>
      <trkpt lat="50.738126" lon="15.009023"><ele>536.41</ele></trkpt>
      <trkpt lat="50.738175" lon="15.008868999999999"><ele>537.05</ele></trkpt>
      <trkpt lat="50.738192" lon="15.008725"><ele>537.59</ele></trkpt>
      <trkpt lat="50.738191" lon="15.008626999999999"><ele>537.98</ele></trkpt>
      <trkpt lat="50.738091" lon="15.007556999999998"><ele>543.34</ele></trkpt>
      <trkpt lat="50.738107" lon="15.006921"><ele>546.48</ele></trkpt>
      <trkpt lat="50.738085" lon="15.006770999999999"><ele>547.22</ele></trkpt>
      <trkpt lat="50.738023999999996" lon="15.006609"><ele>548.11</ele></trkpt>
      <trkpt lat="50.737778999999996" lon="15.006298"><ele>550.54</ele></trkpt>
      <trkpt lat="50.737469" lon="15.005982999999999"><ele>553.13</ele></trkpt>
      <trkpt lat="50.737406" lon="15.005939999999999"><ele>553.7</ele></trkpt>
      <trkpt lat="50.737356" lon="15.005936"><ele>553.95</ele></trkpt>
      <trkpt lat="50.737258999999995" lon="15.005968"><ele>554.33</ele></trkpt>
      <trkpt lat="50.737224" lon="15.005999"><ele>554.51</ele></trkpt>
      <trkpt lat="50.737178" lon="15.006067999999999"><ele>554.76</ele></trkpt>
      <trkpt lat="50.737136" lon="15.006151"><ele>555.03</ele></trkpt>
      <trkpt lat="50.737041" lon="15.006514999999998"><ele>556.71</ele></trkpt>
      <trkpt lat="50.737007999999996" lon="15.006606999999999"><ele>557.12</ele></trkpt>
      <trkpt lat="50.736971999999994" lon="15.006667"><ele>557.5</ele></trkpt>
      <trkpt lat="50.736926" lon="15.00672"><ele>558.03</ele></trkpt>
      <trkpt lat="50.736878" lon="15.006749"><ele>558.69</ele></trkpt>
      <trkpt lat="50.736816" lon="15.006751999999999"><ele>559.53</ele></trkpt>
      <trkpt lat="50.736740999999995" lon="15.006711999999998"><ele>560.85</ele></trkpt>
      <trkpt lat="50.736694" lon="15.006658999999999"><ele>561.57</ele></trkpt>
      <trkpt lat="50.736657" lon="15.006592999999999"><ele>562.2</ele></trkpt>
      <trkpt lat="50.736610999999996" lon="15.006444"><ele>563.23</ele></trkpt>
      <trkpt lat="50.736585999999996" lon="15.00625"><ele>564.17</ele></trkpt>
      <trkpt lat="50.736571" lon="15.005764"><ele>566.44</ele></trkpt>
      <trkpt lat="50.736536" lon="15.005293"><ele>568.6</ele></trkpt>
      <trkpt lat="50.736413" lon="15.004105"><ele>573.95</ele></trkpt>
      <trkpt lat="50.73632" lon="15.003428"><ele>577.05</ele></trkpt>
      <trkpt lat="50.73607" lon="15.002094"><ele>583.3</ele></trkpt>
      <trkpt lat="50.736050999999996" lon="15.001907"><ele>584.41</ele></trkpt>
      <trkpt lat="50.736058" lon="15.001819"><ele>584.51</ele></trkpt>
      <trkpt lat="50.736058" lon="15.001819"><ele>584.51</ele></trkpt>
      <trkpt lat="50.736058" lon="15.001819"><ele>584.51</ele></trkpt>
      <trkpt lat="50.736058" lon="15.001819"><ele>584.51</ele></trkpt>
      <trkpt lat="50.736058" lon="15.001819"><ele>584.51</ele></trkpt>
      <trkpt lat="50.736083" lon="15.001716"><ele>584.35</ele></trkpt>
      <trkpt lat="50.736118" lon="15.001655999999999"><ele>584.37</ele></trkpt>
      <trkpt lat="50.736177" lon="15.001605999999999"><ele>585.15</ele></trkpt>
      <trkpt lat="50.736216999999996" lon="15.001598999999999"><ele>585.58</ele></trkpt>
      <trkpt lat="50.73634" lon="15.001629"><ele>586.6</ele></trkpt>
      <trkpt lat="50.736692" lon="15.001883999999999"><ele>589.27</ele></trkpt>
      <trkpt lat="50.736816" lon="15.001947999999999"><ele>590.22</ele></trkpt>
      <trkpt lat="50.738032" lon="15.002419"><ele>598.92</ele></trkpt>
      <trkpt lat="50.738201" lon="15.002500999999999"><ele>599.97</ele></trkpt>
      <trkpt lat="50.738417" lon="15.002669"><ele>601.35</ele></trkpt>
      <trkpt lat="50.739171999999996" lon="15.003409"><ele>607.63</ele></trkpt>
      <trkpt lat="50.739309999999996" lon="15.003499"><ele>608.75</ele></trkpt>
      <trkpt lat="50.739495999999995" lon="15.003577"><ele>610.22</ele></trkpt>
      <trkpt lat="50.739593" lon="15.003594999999999"><ele>610.97</ele></trkpt>
      <trkpt lat="50.739664" lon="15.003599"><ele>611.57</ele></trkpt>
      <trkpt lat="50.739823" lon="15.003573"><ele>612.91</ele></trkpt>
      <trkpt lat="50.740320999999994" lon="15.003323"><ele>616.3</ele></trkpt>
      <trkpt lat="50.740556999999995" lon="15.003184"><ele>618.42</ele></trkpt>
      <trkpt lat="50.740694999999995" lon="15.003051"><ele>619.72</ele></trkpt>
      <trkpt lat="50.740828" lon="15.002906"><ele>620.94</ele></trkpt>
      <trkpt lat="50.741448" lon="15.001672999999998"><ele>628.28</ele></trkpt>
      <trkpt lat="50.741549" lon="15.001503999999999"><ele>628.76</ele></trkpt>
      <trkpt lat="50.741647" lon="15.001392"><ele>629.41</ele></trkpt>
      <trkpt lat="50.741741999999995" lon="15.001320999999999"><ele>630.06</ele></trkpt>
      <trkpt lat="50.741904" lon="15.001225999999999"><ele>631.16</ele></trkpt>
      <trkpt lat="50.742418" lon="15.000974999999999"><ele>635.03</ele></trkpt>
      <trkpt lat="50.742536" lon="15.000888"><ele>636.05</ele></trkpt>
      <trkpt lat="50.742599999999996" lon="15.0008"><ele>636.78</ele></trkpt>
      <trkpt lat="50.742655" lon="15.000703999999999"><ele>637.5</ele></trkpt>
      <trkpt lat="50.742655" lon="15.000703999999999"><ele>637.5</ele></trkpt>
      <trkpt lat="50.742655" lon="15.000703999999999"><ele>637.5</ele></trkpt>
      <trkpt lat="50.742655" lon="15.000703999999999"><ele>637.5</ele></trkpt>
      <trkpt lat="50.742655" lon="15.000703999999999"><ele>637.5</ele></trkpt>
      <trkpt lat="50.742684" lon="15.000579"><ele>638.27</ele></trkpt>
      <trkpt lat="50.742689" lon="15.000452"><ele>638.98</ele></trkpt>
      <trkpt lat="50.742655" lon="15.000008999999999"><ele>641.47</ele></trkpt>
      <trkpt lat="50.742658" lon="14.999849"><ele>642.34</ele></trkpt>
      <trkpt lat="50.742712999999995" lon="14.999552999999999"><ele>643.93</ele></trkpt>
      <trkpt lat="50.742740999999995" lon="14.999455"><ele>644.46</ele></trkpt>
      <trkpt lat="50.742824" lon="14.999253"><ele>645.61</ele></trkpt>
      <trkpt lat="50.743102" lon="14.998811"><ele>648.3</ele></trkpt>
      <trkpt lat="50.743378" lon="14.998325999999999"><ele>650.99</ele></trkpt>
      <trkpt lat="50.743514999999995" lon="14.997964999999999"><ele>652.61</ele></trkpt>
      <trkpt lat="50.743860999999995" lon="14.996842"><ele>657.01</ele></trkpt>
      <trkpt lat="50.744011" lon="14.996379999999998"><ele>658.55</ele></trkpt>
      <trkpt lat="50.744057999999995" lon="14.996153999999999"><ele>659.07</ele></trkpt>
      <trkpt lat="50.744068999999996" lon="14.995858"><ele>659.1</ele></trkpt>
      <trkpt lat="50.744057" lon="14.995794"><ele>659.07</ele></trkpt>
      <trkpt lat="50.744" lon="14.995604"><ele>659.38</ele></trkpt>
      <trkpt lat="50.743621" lon="14.994895"><ele>662.32</ele></trkpt>
      <trkpt lat="50.743556" lon="14.994721"><ele>662.98</ele></trkpt>
      <trkpt lat="50.743511999999996" lon="14.994484"><ele>663.97</ele></trkpt>
      <trkpt lat="50.743472" lon="14.994012999999999"><ele>666.08</ele></trkpt>
      <trkpt lat="50.743446" lon="14.993881"><ele>666.72</ele></trkpt>
      <trkpt lat="50.743403" lon="14.993782"><ele>667.29</ele></trkpt>
      <trkpt lat="50.743314" lon="14.993670999999999"><ele>668.13</ele></trkpt>
      <trkpt lat="50.743255999999995" lon="14.993632999999999"><ele>668.61</ele></trkpt>
      <trkpt lat="50.743131" lon="14.993630999999999"><ele>669.61</ele></trkpt>
      <trkpt lat="50.743072" lon="14.993653"><ele>670.11</ele></trkpt>
      <trkpt lat="50.743002" lon="14.993711"><ele>670.79</ele></trkpt>
      <trkpt lat="50.742926" lon="14.993841999999999"><ele>671.79</ele></trkpt>
      <trkpt lat="50.742388999999996" lon="14.995222"><ele>679.1</ele></trkpt>
      <trkpt lat="50.742269" lon="14.995591"><ele>680.83</ele></trkpt>
      <trkpt lat="50.742176" lon="14.995970999999999"><ele>682.62</ele></trkpt>
      <trkpt lat="50.742126999999996" lon="14.996129"><ele>683.36</ele></trkpt>
      <trkpt lat="50.742038" lon="14.996267"><ele>684.25</ele></trkpt>
      <trkpt lat="50.741963" lon="14.996321"><ele>684.88</ele></trkpt>
      <trkpt lat="50.741876" lon="14.996352"><ele>685.58</ele></trkpt>
      <trkpt lat="50.741805" lon="14.996343"><ele>686.17</ele></trkpt>
      <trkpt lat="50.741751" lon="14.99631"><ele>686.64</ele></trkpt>
      <trkpt lat="50.741696999999995" lon="14.996239999999998"><ele>687.26</ele></trkpt>
      <trkpt lat="50.741634999999995" lon="14.996120999999999"><ele>688.19</ele></trkpt>
      <trkpt lat="50.741563" lon="14.995878999999999"><ele>689.45</ele></trkpt>
      <trkpt lat="50.741526" lon="14.995626"><ele>690.39</ele></trkpt>
      <trkpt lat="50.741476999999996" lon="14.994902999999999"><ele>694.12</ele></trkpt>
      <trkpt lat="50.741476999999996" lon="14.99434"><ele>696.67</ele></trkpt>
      <trkpt lat="50.741527999999995" lon="14.993153999999999"><ele>701.83</ele></trkpt>
      <trkpt lat="50.741568" lon="14.991881"><ele>707.7</ele></trkpt>
      <trkpt lat="50.74163" lon="14.991451"><ele>709.51</ele></trkpt>
      <trkpt lat="50.741774" lon="14.990715999999999"><ele>712.71</ele></trkpt>
      <trkpt lat="50.741932999999996" lon="14.989785"><ele>716.92</ele></trkpt>
      <trkpt lat="50.742089" lon="14.988684"><ele>721.87</ele></trkpt>
      <trkpt lat="50.742174" lon="14.987976"><ele>724.95</ele></trkpt>
      <trkpt lat="50.742200999999994" lon="14.987642"><ele>726.44</ele></trkpt>
      <trkpt lat="50.742228999999995" lon="14.986663"><ele>730.5</ele></trkpt>
      <trkpt lat="50.74225" lon="14.985615"><ele>734.65</ele></trkpt>
      <trkpt lat="50.742248" lon="14.984539999999999"><ele>739.12</ele></trkpt>
      <trkpt lat="50.742340999999996" lon="14.983675"><ele>743.04</ele></trkpt>
      <trkpt lat="50.742587" lon="14.982187"><ele>750.1</ele></trkpt>
      <trkpt lat="50.742751" lon="14.981494999999999"><ele>753.37</ele></trkpt>
      <trkpt lat="50.74285" lon="14.981240999999999"><ele>754.68</ele></trkpt>
      <trkpt lat="50.743393999999995" lon="14.980017"><ele>761.68</ele></trkpt>
      <trkpt lat="50.743542999999995" lon="14.979769"><ele>763.3</ele></trkpt>
      <trkpt lat="50.74382" lon="14.979498"><ele>765.77</ele></trkpt>
      <trkpt lat="50.743944" lon="14.979308999999999"><ele>767.02</ele></trkpt>
      <trkpt lat="50.743977" lon="14.979185999999999"><ele>767.62</ele></trkpt>
      <trkpt lat="50.743989" lon="14.979052999999999"><ele>768.25</ele></trkpt>
      <trkpt lat="50.743966" lon="14.978701"><ele>769.95</ele></trkpt>
      <trkpt lat="50.743966" lon="14.978701"><ele>769.95</ele></trkpt>
      <trkpt lat="50.743966" lon="14.978701"><ele>769.95</ele></trkpt>
      <trkpt lat="50.743966" lon="14.978701"><ele>769.95</ele></trkpt>
      <trkpt lat="50.743966" lon="14.978701"><ele>769.95</ele></trkpt>
      <trkpt lat="50.743325" lon="14.978733"><ele>768.59</ele></trkpt>
      <trkpt lat="50.743210999999995" lon="14.978724"><ele>768.59</ele></trkpt>
      <trkpt lat="50.742957" lon="14.978663"><ele>769.22</ele></trkpt>
      <trkpt lat="50.742701" lon="14.978536"><ele>770.66</ele></trkpt>
      <trkpt lat="50.742548" lon="14.978484"><ele>771.46</ele></trkpt>
      <trkpt lat="50.742328" lon="14.978499"><ele>772.59</ele></trkpt>
      <trkpt lat="50.741234" lon="14.978902999999999"><ele>779.88</ele></trkpt>
      <trkpt lat="50.740503" lon="14.979035999999999"><ele>785.53</ele></trkpt>
      <trkpt lat="50.740435" lon="14.979097"><ele>786.71</ele></trkpt>
      <trkpt lat="50.740379999999995" lon="14.979194"><ele>787.8</ele></trkpt>
      <trkpt lat="50.740257" lon="14.979472999999999"><ele>790.2</ele></trkpt>
      <trkpt lat="50.740109" lon="14.979712999999999"><ele>792.48</ele></trkpt>
      <trkpt lat="50.739830999999995" lon="14.980006"><ele>795.66</ele></trkpt>
      <trkpt lat="50.739771999999995" lon="14.980105"><ele>796.46</ele></trkpt>
      <trkpt lat="50.739726" lon="14.980250999999999"><ele>797.41</ele></trkpt>
      <trkpt lat="50.739537" lon="14.981517"><ele>804.82</ele></trkpt>
      <trkpt lat="50.739506999999996" lon="14.981886999999999"><ele>806.99</ele></trkpt>
      <trkpt lat="50.739444999999996" lon="14.982223999999999"><ele>808.94</ele></trkpt>
      <trkpt lat="50.739321999999994" lon="14.98269"><ele>811.65</ele></trkpt>
      <trkpt lat="50.739180999999995" lon="14.983077999999999"><ele>814.13</ele></trkpt>
      <trkpt lat="50.739008999999996" lon="14.983436"><ele>816.6</ele></trkpt>
      <trkpt lat="50.738771" lon="14.983901999999999"><ele>820.05</ele></trkpt>
      <trkpt lat="50.738687999999996" lon="14.984107"><ele>821.52</ele></trkpt>
      <trkpt lat="50.738597" lon="14.984421999999999"><ele>823.54</ele></trkpt>
      <trkpt lat="50.738502999999994" lon="14.984869"><ele>826.31</ele></trkpt>
      <trkpt lat="50.738344999999995" lon="14.985487"><ele>829.71</ele></trkpt>
      <trkpt lat="50.738282999999996" lon="14.985646"><ele>830.8</ele></trkpt>
      <trkpt lat="50.738098" lon="14.985965"><ele>833.44</ele></trkpt>
      <trkpt lat="50.737946" lon="14.98617"><ele>835.24</ele></trkpt>
      <trkpt lat="50.737705" lon="14.986402"><ele>837.73</ele></trkpt>
      <trkpt lat="50.737584" lon="14.986545999999999"><ele>838.97</ele></trkpt>
      <trkpt lat="50.737483999999995" lon="14.986704999999999"><ele>839.99</ele></trkpt>
      <trkpt lat="50.737381" lon="14.986996999999999"><ele>841.2</ele></trkpt>
      <trkpt lat="50.737300999999995" lon="14.987276"><ele>842.05</ele></trkpt>
      <trkpt lat="50.737258999999995" lon="14.987504"><ele>842.57</ele></trkpt>
      <trkpt lat="50.737224" lon="14.987803999999999"><ele>843.04</ele></trkpt>
      <trkpt lat="50.737218999999996" lon="14.988028"><ele>843.27</ele></trkpt>
      <trkpt lat="50.737246" lon="14.988366"><ele>843.73</ele></trkpt>
      <trkpt lat="50.737248" lon="14.98855"><ele>844.05</ele></trkpt>
      <trkpt lat="50.737237" lon="14.988693"><ele>844.37</ele></trkpt>
      <trkpt lat="50.73719" lon="14.988824"><ele>844.8</ele></trkpt>
      <trkpt lat="50.737125999999996" lon="14.988875"><ele>845.19</ele></trkpt>
      <trkpt lat="50.737125999999996" lon="14.988875"><ele>845.19</ele></trkpt>
      <trkpt lat="50.737125999999996" lon="14.988875"><ele>845.19</ele></trkpt>
      <trkpt lat="50.737125999999996" lon="14.988875"><ele>845.19</ele></trkpt>
      <trkpt lat="50.737046" lon="14.988900999999998"><ele>845.67</ele></trkpt>
      <trkpt lat="50.736954" lon="14.988912"><ele>846.15</ele></trkpt>
      <trkpt lat="50.736643" lon="14.988866999999999"><ele>848.65</ele></trkpt>
      <trkpt lat="50.73648" lon="14.988805"><ele>850.4</ele></trkpt>
      <trkpt lat="50.736346" lon="14.988717999999999"><ele>851.89</ele></trkpt>
      <trkpt lat="50.736253" lon="14.988629"><ele>853.24</ele></trkpt>
      <trkpt lat="50.736055" lon="14.988484999999999"><ele>856.6</ele></trkpt>
      <trkpt lat="50.735613" lon="14.988418"><ele>861.33</ele></trkpt>
      <trkpt lat="50.735265999999996" lon="14.988261999999999"><ele>865.44</ele></trkpt>
      <trkpt lat="50.735164999999995" lon="14.988233"><ele>866.87</ele></trkpt>
      <trkpt lat="50.735026999999995" lon="14.988230999999999"><ele>868.24</ele></trkpt>
      <trkpt lat="50.734716999999996" lon="14.988304"><ele>871.67</ele></trkpt>
      <trkpt lat="50.734538" lon="14.98833"><ele>873.7</ele></trkpt>
      <trkpt lat="50.734015" lon="14.988249999999999"><ele>879.77</ele></trkpt>
      <trkpt lat="50.733461" lon="14.988214999999999"><ele>886.34</ele></trkpt>
      <trkpt lat="50.732679" lon="14.988285"><ele>895.23</ele></trkpt>
      <trkpt lat="50.732389999999995" lon="14.98822"><ele>898.53</ele></trkpt>
      <trkpt lat="50.732256" lon="14.988230999999999"><ele>900.13</ele></trkpt>
      <trkpt lat="50.732153" lon="14.988268"><ele>901.44</ele></trkpt>
      <trkpt lat="50.731992" lon="14.988377"><ele>903.26</ele></trkpt>
      <trkpt lat="50.731874999999995" lon="14.988424"><ele>904.31</ele></trkpt>
      <trkpt lat="50.731721" lon="14.988389999999999"><ele>905.7</ele></trkpt>
      <trkpt lat="50.731544" lon="14.988323999999999"><ele>908.19</ele></trkpt>
      <trkpt lat="50.731186" lon="14.988354999999999"><ele>911.77</ele></trkpt>
      <trkpt lat="50.731047" lon="14.988344999999999"><ele>913.34</ele></trkpt>
      <trkpt lat="50.730990999999996" lon="14.988313"><ele>914</ele></trkpt>
      <trkpt lat="50.730771999999995" lon="14.988121999999999"><ele>916.74</ele></trkpt>
      <trkpt lat="50.730674" lon="14.988064999999999"><ele>917.94</ele></trkpt>
      <trkpt lat="50.730613999999996" lon="14.988045"><ele>918.63</ele></trkpt>
      <trkpt lat="50.730511" lon="14.98803"><ele>919.79</ele></trkpt>
      <trkpt lat="50.730363999999994" lon="14.988024999999999"><ele>921.57</ele></trkpt>
      <trkpt lat="50.730275" lon="14.988009"><ele>922.66</ele></trkpt>
      <trkpt lat="50.730222999999995" lon="14.987976"><ele>923.31</ele></trkpt>
      <trkpt lat="50.730193" lon="14.987933"><ele>923.78</ele></trkpt>
      <trkpt lat="50.730168" lon="14.987874"><ele>924.32</ele></trkpt>
      <trkpt lat="50.730157" lon="14.987784999999999"><ele>925.04</ele></trkpt>
      <trkpt lat="50.730171999999996" lon="14.987623"><ele>926.2</ele></trkpt>
      <trkpt lat="50.730171999999996" lon="14.987623"><ele>926.2</ele></trkpt>
      <trkpt lat="50.730171999999996" lon="14.987623"><ele>926.2</ele></trkpt>
      <trkpt lat="50.730219999999996" lon="14.987447999999999"><ele>927</ele></trkpt>
      <trkpt lat="50.730408" lon="14.987108999999998"><ele>928.13</ele></trkpt>
      <trkpt lat="50.730484999999994" lon="14.986955"><ele>929.2</ele></trkpt>
      <trkpt lat="50.730545" lon="14.986794999999999"><ele>930.4</ele></trkpt>
      <trkpt lat="50.730602" lon="14.986504"><ele>932.08</ele></trkpt>
      <trkpt lat="50.730703" lon="14.986092999999999"><ele>933.85</ele></trkpt>
      <trkpt lat="50.730765" lon="14.985909999999999"><ele>934.56</ele></trkpt>
      <trkpt lat="50.731066999999996" lon="14.985192"><ele>937.74</ele></trkpt>
      <trkpt lat="50.731255" lon="14.984788"><ele>939.48</ele></trkpt>
      <trkpt lat="50.731311999999996" lon="14.984637"><ele>940.45</ele></trkpt>
      <trkpt lat="50.731364" lon="14.98443"><ele>942.04</ele></trkpt>
      <trkpt lat="50.731424999999994" lon="14.984119"><ele>943.93</ele></trkpt>
      <trkpt lat="50.731424999999994" lon="14.984032"><ele>944.16</ele></trkpt>
      <trkpt lat="50.731395" lon="14.983587"><ele>945.79</ele></trkpt>
      <trkpt lat="50.7314" lon="14.983367"><ele>947.02</ele></trkpt>
      <trkpt lat="50.731427" lon="14.983132"><ele>948.29</ele></trkpt>
      <trkpt lat="50.731592" lon="14.982349"><ele>953.29</ele></trkpt>
      <trkpt lat="50.731628" lon="14.982227"><ele>954.2</ele></trkpt>
      <trkpt lat="50.731673" lon="14.982126"><ele>955.06</ele></trkpt>
      <trkpt lat="50.731915" lon="14.981651"><ele>959.36</ele></trkpt>
      <trkpt lat="50.731997" lon="14.981535"><ele>960.62</ele></trkpt>
      <trkpt lat="50.732054999999995" lon="14.981503"><ele>961.3</ele></trkpt>
      <trkpt lat="50.732135" lon="14.981484"><ele>962.18</ele></trkpt>
      <trkpt lat="50.732135" lon="14.981484"><ele>962.18</ele></trkpt>
      <trkpt lat="50.732135" lon="14.981484"><ele>962.18</ele></trkpt>
      <trkpt lat="50.732223999999995" lon="14.981527999999999"><ele>963.18</ele></trkpt>
      <trkpt lat="50.732302" lon="14.981594999999999"><ele>964.21</ele></trkpt>
      <trkpt lat="50.732413" lon="14.981779"><ele>966.16</ele></trkpt>
      <trkpt lat="50.732484" lon="14.981962"><ele>968.55</ele></trkpt>
      <trkpt lat="50.732684" lon="14.982401"><ele>972.73</ele></trkpt>
      <trkpt lat="50.732841" lon="14.982958"><ele>977.34</ele></trkpt>
      <trkpt lat="50.732965" lon="14.983286999999999"><ele>980.3</ele></trkpt>
      <trkpt lat="50.733014999999995" lon="14.983393"><ele>981.32</ele></trkpt>
      <trkpt lat="50.733031999999994" lon="14.98346"><ele>981.86</ele></trkpt>
      <trkpt lat="50.73305" lon="14.983649"><ele>983.22</ele></trkpt>
      <trkpt lat="50.733098" lon="14.984449999999999"><ele>988.85</ele></trkpt>
      <trkpt lat="50.7331" lon="14.984682999999999"><ele>990.46</ele></trkpt>
      <trkpt lat="50.733086" lon="14.984884"><ele>991.74</ele></trkpt>
      <trkpt lat="50.733019" lon="14.985178"><ele>993.66</ele></trkpt>
      <trkpt lat="50.732963" lon="14.98536"><ele>994.67</ele></trkpt>
      <trkpt lat="50.732918999999995" lon="14.985437"><ele>995.14</ele></trkpt>
      <trkpt lat="50.732879999999994" lon="14.985469"><ele>995.97</ele></trkpt>
      <trkpt lat="50.732785" lon="14.985510999999999"><ele>999</ele></trkpt>
      <trkpt lat="50.732715999999996" lon="14.985529"><ele>997.21</ele></trkpt>
      <trkpt lat="50.732654" lon="14.985510999999999"><ele>996.59</ele></trkpt>
      <trkpt lat="50.732614999999996" lon="14.985470999999999"><ele>996.95</ele></trkpt>
      <trkpt lat="50.732566" lon="14.985372"><ele>998.45</ele></trkpt>
      <trkpt lat="50.732523" lon="14.985278"><ele>1000.11</ele></trkpt>
      <trkpt lat="50.732482" lon="14.985161"><ele>1000.98</ele></trkpt>
      <trkpt lat="50.732459999999996" lon="14.985059999999999"><ele>1001.57</ele></trkpt>
      <trkpt lat="50.73243" lon="14.984744"><ele>1003.29</ele></trkpt>
      <trkpt lat="50.732423999999995" lon="14.984587999999999"><ele>1004.08</ele></trkpt>
      <trkpt lat="50.732436" lon="14.984484"><ele>1004.6</ele></trkpt>
      <trkpt lat="50.732461" lon="14.984385"><ele>1005.57</ele></trkpt>
      <trkpt lat="50.732524" lon="14.984281999999999"><ele>1007.64</ele></trkpt>
      <trkpt lat="50.732717" lon="14.98416"><ele>1009.29</ele></trkpt>
      <trkpt lat="50.732738" lon="14.984174"><ele>1009.54</ele></trkpt>
      <trkpt lat="50.732789" lon="14.984292"><ele>1008.01</ele></trkpt>
      <trkpt lat="50.732865999999994" lon="14.984411999999999"><ele>1004.53</ele></trkpt>
      <trkpt lat="50.732884999999996" lon="14.984454999999999"><ele>1003.3</ele></trkpt>
      <trkpt lat="50.7329" lon="14.984520999999999"><ele>1002.72</ele></trkpt>
      <trkpt lat="50.7329" lon="14.984520999999999"><ele>1002.72</ele></trkpt>
      <trkpt lat="50.732884999999996" lon="14.984454999999999"><ele>1003.3</ele></trkpt>
      <trkpt lat="50.732865999999994" lon="14.984411999999999"><ele>1004.53</ele></trkpt>
      <trkpt lat="50.732789" lon="14.984292"><ele>1008.01</ele></trkpt>
      <trkpt lat="50.732738" lon="14.984174"><ele>1009.54</ele></trkpt>
      <trkpt lat="50.732717" lon="14.98416"><ele>1009.29</ele></trkpt>
      <trkpt lat="50.732524" lon="14.984281999999999"><ele>1007.64</ele></trkpt>
      <trkpt lat="50.732461" lon="14.984385"><ele>1005.57</ele></trkpt>
      <trkpt lat="50.732436" lon="14.984484"><ele>1004.6</ele></trkpt>
      <trkpt lat="50.732423999999995" lon="14.984587999999999"><ele>1004.08</ele></trkpt>
      <trkpt lat="50.73243" lon="14.984744"><ele>1003.29</ele></trkpt>
      <trkpt lat="50.732459999999996" lon="14.985059999999999"><ele>1001.57</ele></trkpt>
      <trkpt lat="50.732482" lon="14.985161"><ele>1000.98</ele></trkpt>
      <trkpt lat="50.732523" lon="14.985278"><ele>1000.11</ele></trkpt>
      <trkpt lat="50.732614999999996" lon="14.985470999999999"><ele>996.95</ele></trkpt>
      <trkpt lat="50.732654" lon="14.985510999999999"><ele>996.59</ele></trkpt>
      <trkpt lat="50.732715999999996" lon="14.985529"><ele>997.21</ele></trkpt>
      <trkpt lat="50.732879999999994" lon="14.985469"><ele>995.97</ele></trkpt>
      <trkpt lat="50.732918999999995" lon="14.985437"><ele>995.14</ele></trkpt>
      <trkpt lat="50.732963" lon="14.98536"><ele>994.67</ele></trkpt>
      <trkpt lat="50.733019" lon="14.985178"><ele>993.66</ele></trkpt>
      <trkpt lat="50.733086" lon="14.984884"><ele>991.74</ele></trkpt>
      <trkpt lat="50.7331" lon="14.984682999999999"><ele>990.46</ele></trkpt>
      <trkpt lat="50.733098" lon="14.984449999999999"><ele>988.85</ele></trkpt>
      <trkpt lat="50.73305" lon="14.983649"><ele>983.22</ele></trkpt>
      <trkpt lat="50.733031999999994" lon="14.98346"><ele>981.86</ele></trkpt>
      <trkpt lat="50.733014999999995" lon="14.983393"><ele>981.32</ele></trkpt>
      <trkpt lat="50.732965" lon="14.983286999999999"><ele>980.3</ele></trkpt>
      <trkpt lat="50.732841" lon="14.982958"><ele>977.34</ele></trkpt>
      <trkpt lat="50.732684" lon="14.982401"><ele>972.73</ele></trkpt>
      <trkpt lat="50.732490999999996" lon="14.981978"><ele>970.64</ele></trkpt>
      <trkpt lat="50.732490999999996" lon="14.981978"><ele>970.64</ele></trkpt>
      <trkpt lat="50.732413" lon="14.981779"><ele>966.16</ele></trkpt>
      <trkpt lat="50.732302" lon="14.981594999999999"><ele>964.21</ele></trkpt>
      <trkpt lat="50.732223999999995" lon="14.981527999999999"><ele>963.18</ele></trkpt>
      <trkpt lat="50.732135" lon="14.981484"><ele>962.18</ele></trkpt>
      <trkpt lat="50.732054999999995" lon="14.981503"><ele>961.3</ele></trkpt>
      <trkpt lat="50.731997" lon="14.981535"><ele>960.62</ele></trkpt>
      <trkpt lat="50.731915" lon="14.981651"><ele>959.36</ele></trkpt>
      <trkpt lat="50.731628" lon="14.982227"><ele>954.2</ele></trkpt>
      <trkpt lat="50.731592" lon="14.982349"><ele>953.29</ele></trkpt>
      <trkpt lat="50.731427" lon="14.983132"><ele>948.29</ele></trkpt>
      <trkpt lat="50.7314" lon="14.983367"><ele>947.02</ele></trkpt>
      <trkpt lat="50.731395" lon="14.983587"><ele>945.79</ele></trkpt>
      <trkpt lat="50.731424999999994" lon="14.984032"><ele>944.16</ele></trkpt>
      <trkpt lat="50.731424999999994" lon="14.984119"><ele>943.93</ele></trkpt>
      <trkpt lat="50.731364" lon="14.98443"><ele>942.04</ele></trkpt>
      <trkpt lat="50.731311999999996" lon="14.984637"><ele>940.45</ele></trkpt>
      <trkpt lat="50.731255" lon="14.984788"><ele>939.48</ele></trkpt>
      <trkpt lat="50.731066999999996" lon="14.985192"><ele>937.74</ele></trkpt>
      <trkpt lat="50.730765" lon="14.985909999999999"><ele>934.56</ele></trkpt>
      <trkpt lat="50.730703" lon="14.986092999999999"><ele>933.85</ele></trkpt>
      <trkpt lat="50.730602" lon="14.986504"><ele>932.08</ele></trkpt>
      <trkpt lat="50.730545" lon="14.986794999999999"><ele>930.4</ele></trkpt>
      <trkpt lat="50.730484999999994" lon="14.986955"><ele>929.2</ele></trkpt>
      <trkpt lat="50.730408" lon="14.987108999999998"><ele>928.13</ele></trkpt>
      <trkpt lat="50.730219999999996" lon="14.987447999999999"><ele>927</ele></trkpt>
      <trkpt lat="50.730171999999996" lon="14.987623"><ele>926.2</ele></trkpt>
      <trkpt lat="50.730157" lon="14.987784999999999"><ele>925.04</ele></trkpt>
      <trkpt lat="50.730168" lon="14.987874"><ele>924.32</ele></trkpt>
      <trkpt lat="50.730193" lon="14.987933"><ele>923.78</ele></trkpt>
      <trkpt lat="50.730193" lon="14.987933"><ele>923.78</ele></trkpt>
      <trkpt lat="50.730193" lon="14.987933"><ele>923.78</ele></trkpt>
      <trkpt lat="50.730222999999995" lon="14.987976"><ele>923.31</ele></trkpt>
      <trkpt lat="50.730275" lon="14.988009"><ele>922.66</ele></trkpt>
      <trkpt lat="50.730363999999994" lon="14.988024999999999"><ele>921.57</ele></trkpt>
      <trkpt lat="50.730511" lon="14.98803"><ele>919.79</ele></trkpt>
      <trkpt lat="50.730613999999996" lon="14.988045"><ele>918.63</ele></trkpt>
      <trkpt lat="50.730674" lon="14.988064999999999"><ele>917.94</ele></trkpt>
      <trkpt lat="50.730771999999995" lon="14.988121999999999"><ele>916.74</ele></trkpt>
      <trkpt lat="50.730990999999996" lon="14.988313"><ele>914</ele></trkpt>
      <trkpt lat="50.731047" lon="14.988344999999999"><ele>913.34</ele></trkpt>
      <trkpt lat="50.731186" lon="14.988354999999999"><ele>911.77</ele></trkpt>
      <trkpt lat="50.731544" lon="14.988323999999999"><ele>908.19</ele></trkpt>
      <trkpt lat="50.731721" lon="14.988389999999999"><ele>905.7</ele></trkpt>
      <trkpt lat="50.731874999999995" lon="14.988424"><ele>904.31</ele></trkpt>
      <trkpt lat="50.731992" lon="14.988377"><ele>903.26</ele></trkpt>
      <trkpt lat="50.732153" lon="14.988268"><ele>901.44</ele></trkpt>
      <trkpt lat="50.732256" lon="14.988230999999999"><ele>900.13</ele></trkpt>
      <trkpt lat="50.732389999999995" lon="14.98822"><ele>898.53</ele></trkpt>
      <trkpt lat="50.732679" lon="14.988285"><ele>895.23</ele></trkpt>
      <trkpt lat="50.733461" lon="14.988214999999999"><ele>886.34</ele></trkpt>
      <trkpt lat="50.734015" lon="14.988249999999999"><ele>879.77</ele></trkpt>
      <trkpt lat="50.734538" lon="14.98833"><ele>873.7</ele></trkpt>
      <trkpt lat="50.734716999999996" lon="14.988304"><ele>871.67</ele></trkpt>
      <trkpt lat="50.735026999999995" lon="14.988230999999999"><ele>868.24</ele></trkpt>
      <trkpt lat="50.735164999999995" lon="14.988233"><ele>866.87</ele></trkpt>
      <trkpt lat="50.735265999999996" lon="14.988261999999999"><ele>865.44</ele></trkpt>
      <trkpt lat="50.735613" lon="14.988418"><ele>861.33</ele></trkpt>
      <trkpt lat="50.736055" lon="14.988484999999999"><ele>856.6</ele></trkpt>
      <trkpt lat="50.736253" lon="14.988629"><ele>853.24</ele></trkpt>
      <trkpt lat="50.736346" lon="14.988717999999999"><ele>851.89</ele></trkpt>
      <trkpt lat="50.73648" lon="14.988805"><ele>850.4</ele></trkpt>
      <trkpt lat="50.736643" lon="14.988866999999999"><ele>848.65</ele></trkpt>
      <trkpt lat="50.736954" lon="14.988912"><ele>846.15</ele></trkpt>
      <trkpt lat="50.737046" lon="14.988900999999998"><ele>845.67</ele></trkpt>
      <trkpt lat="50.737125999999996" lon="14.988875"><ele>845.19</ele></trkpt>
      <trkpt lat="50.737125999999996" lon="14.988875"><ele>845.19</ele></trkpt>
      <trkpt lat="50.737125999999996" lon="14.988875"><ele>845.19</ele></trkpt>
      <trkpt lat="50.73719" lon="14.988824"><ele>844.8</ele></trkpt>
      <trkpt lat="50.737237" lon="14.988693"><ele>844.37</ele></trkpt>
      <trkpt lat="50.737248" lon="14.98855"><ele>844.05</ele></trkpt>
      <trkpt lat="50.737246" lon="14.988366"><ele>843.73</ele></trkpt>
      <trkpt lat="50.737218999999996" lon="14.988028"><ele>843.27</ele></trkpt>
      <trkpt lat="50.737224" lon="14.987803999999999"><ele>843.04</ele></trkpt>
      <trkpt lat="50.737258999999995" lon="14.987504"><ele>842.57</ele></trkpt>
      <trkpt lat="50.737300999999995" lon="14.987276"><ele>842.05</ele></trkpt>
      <trkpt lat="50.737381" lon="14.986996999999999"><ele>841.2</ele></trkpt>
      <trkpt lat="50.737483999999995" lon="14.986704999999999"><ele>839.99</ele></trkpt>
      <trkpt lat="50.737584" lon="14.986545999999999"><ele>838.97</ele></trkpt>
      <trkpt lat="50.737705" lon="14.986402"><ele>837.73</ele></trkpt>
      <trkpt lat="50.737946" lon="14.98617"><ele>835.24</ele></trkpt>
      <trkpt lat="50.738098" lon="14.985965"><ele>833.44</ele></trkpt>
      <trkpt lat="50.738282999999996" lon="14.985646"><ele>830.8</ele></trkpt>
      <trkpt lat="50.738344999999995" lon="14.985487"><ele>829.71</ele></trkpt>
      <trkpt lat="50.738502999999994" lon="14.984869"><ele>826.31</ele></trkpt>
      <trkpt lat="50.738597" lon="14.984421999999999"><ele>823.54</ele></trkpt>
      <trkpt lat="50.738687999999996" lon="14.984107"><ele>821.52</ele></trkpt>
      <trkpt lat="50.738771" lon="14.983901999999999"><ele>820.05</ele></trkpt>
      <trkpt lat="50.739008999999996" lon="14.983436"><ele>816.6</ele></trkpt>
      <trkpt lat="50.739180999999995" lon="14.983077999999999"><ele>814.13</ele></trkpt>
      <trkpt lat="50.739321999999994" lon="14.98269"><ele>811.65</ele></trkpt>
      <trkpt lat="50.739444999999996" lon="14.982223999999999"><ele>808.94</ele></trkpt>
      <trkpt lat="50.739506999999996" lon="14.981886999999999"><ele>806.99</ele></trkpt>
      <trkpt lat="50.739537" lon="14.981517"><ele>804.82</ele></trkpt>
      <trkpt lat="50.739726" lon="14.980250999999999"><ele>797.41</ele></trkpt>
      <trkpt lat="50.739771999999995" lon="14.980105"><ele>796.46</ele></trkpt>
      <trkpt lat="50.739830999999995" lon="14.980006"><ele>795.66</ele></trkpt>
      <trkpt lat="50.740109" lon="14.979712999999999"><ele>792.48</ele></trkpt>
      <trkpt lat="50.740257" lon="14.979472999999999"><ele>790.2</ele></trkpt>
      <trkpt lat="50.740379999999995" lon="14.979194"><ele>787.8</ele></trkpt>
      <trkpt lat="50.740435" lon="14.979097"><ele>786.71</ele></trkpt>
      <trkpt lat="50.740503" lon="14.979035999999999"><ele>785.53</ele></trkpt>
      <trkpt lat="50.741234" lon="14.978902999999999"><ele>779.88</ele></trkpt>
      <trkpt lat="50.742328" lon="14.978499"><ele>772.59</ele></trkpt>
      <trkpt lat="50.742548" lon="14.978484"><ele>771.46</ele></trkpt>
      <trkpt lat="50.742701" lon="14.978536"><ele>770.66</ele></trkpt>
      <trkpt lat="50.742957" lon="14.978663"><ele>769.22</ele></trkpt>
      <trkpt lat="50.743210999999995" lon="14.978724"><ele>768.59</ele></trkpt>
      <trkpt lat="50.743325" lon="14.978733"><ele>768.59</ele></trkpt>
      <trkpt lat="50.743966" lon="14.978701"><ele>769.95</ele></trkpt>
      <trkpt lat="50.743966" lon="14.978701"><ele>769.95</ele></trkpt>
      <trkpt lat="50.743966" lon="14.978701"><ele>769.95</ele></trkpt>
      <trkpt lat="50.743966" lon="14.978701"><ele>769.95</ele></trkpt>
      <trkpt lat="50.743966" lon="14.978701"><ele>769.95</ele></trkpt>
      <trkpt lat="50.743947999999996" lon="14.978487"><ele>770.12</ele></trkpt>
      <trkpt lat="50.743919999999996" lon="14.978273999999999"><ele>770.09</ele></trkpt>
      <trkpt lat="50.743894" lon="14.978157"><ele>770.01</ele></trkpt>
      <trkpt lat="50.743868" lon="14.978086"><ele>769.92</ele></trkpt>
      <trkpt lat="50.743952" lon="14.977988999999999"><ele>770.23</ele></trkpt>
      <trkpt lat="50.743977" lon="14.977722"><ele>770.06</ele></trkpt>
      <trkpt lat="50.744031" lon="14.97754"><ele>769.66</ele></trkpt>
      <trkpt lat="50.744077" lon="14.977345999999999"><ele>769.12</ele></trkpt>
      <trkpt lat="50.744259" lon="14.977032999999999"><ele>768.6</ele></trkpt>
      <trkpt lat="50.744890999999996" lon="14.976177999999999"><ele>765.71</ele></trkpt>
      <trkpt lat="50.744994999999996" lon="14.976008"><ele>764.92</ele></trkpt>
      <trkpt lat="50.745065999999994" lon="14.975847"><ele>764.25</ele></trkpt>
      <trkpt lat="50.745354999999996" lon="14.974732999999999"><ele>759.41</ele></trkpt>
      <trkpt lat="50.745396" lon="14.974599999999999"><ele>758.75</ele></trkpt>
      <trkpt lat="50.745884" lon="14.973407"><ele>753.81</ele></trkpt>
      <trkpt lat="50.746102" lon="14.97285"><ele>752.9</ele></trkpt>
      <trkpt lat="50.746201" lon="14.972574999999999"><ele>752.58</ele></trkpt>
      <trkpt lat="50.746234" lon="14.972379"><ele>752.22</ele></trkpt>
      <trkpt lat="50.746254" lon="14.972192999999999"><ele>751.81</ele></trkpt>
      <trkpt lat="50.746278" lon="14.971741"><ele>749.76</ele></trkpt>
      <trkpt lat="50.746334999999995" lon="14.97017"><ele>742.84</ele></trkpt>
      <trkpt lat="50.746333" lon="14.969482999999999"><ele>740.59</ele></trkpt>
      <trkpt lat="50.746297999999996" lon="14.968052"><ele>738.36</ele></trkpt>
      <trkpt lat="50.746297" lon="14.967595999999999"><ele>738.24</ele></trkpt>
      <trkpt lat="50.746322" lon="14.967298"><ele>738.08</ele></trkpt>
      <trkpt lat="50.746368999999994" lon="14.967089999999999"><ele>737.93</ele></trkpt>
      <trkpt lat="50.746468" lon="14.966785"><ele>737.76</ele></trkpt>
      <trkpt lat="50.746793" lon="14.96557"><ele>734.16</ele></trkpt>
      <trkpt lat="50.746953" lon="14.964844999999999"><ele>730.84</ele></trkpt>
      <trkpt lat="50.747308999999994" lon="14.962931999999999"><ele>720.53</ele></trkpt>
      <trkpt lat="50.747478" lon="14.961962999999999"><ele>717.68</ele></trkpt>
      <trkpt lat="50.747538" lon="14.961385"><ele>713.79</ele></trkpt>
      <trkpt lat="50.747561" lon="14.960941"><ele>711.25</ele></trkpt>
      <trkpt lat="50.747564999999994" lon="14.960478"><ele>708.73</ele></trkpt>
      <trkpt lat="50.747507999999996" lon="14.959833999999999"><ele>705.46</ele></trkpt>
      <trkpt lat="50.747403999999996" lon="14.957948"><ele>693.12</ele></trkpt>
      <trkpt lat="50.747343" lon="14.957592"><ele>691.48</ele></trkpt>
      <trkpt lat="50.747259" lon="14.957445"><ele>691.96</ele></trkpt>
      <trkpt lat="50.746406" lon="14.95708"><ele>692.97</ele></trkpt>
      <trkpt lat="50.746181" lon="14.956919"><ele>692.26</ele></trkpt>
      <trkpt lat="50.745923999999995" lon="14.956678"><ele>690.92</ele></trkpt>
      <trkpt lat="50.74579" lon="14.956367"><ele>689.53</ele></trkpt>
      <trkpt lat="50.745579" lon="14.955299"><ele>684.77</ele></trkpt>
      <trkpt lat="50.745487" lon="14.954920999999999"><ele>683.06</ele></trkpt>
      <trkpt lat="50.745276" lon="14.954125"><ele>678.72</ele></trkpt>
      <trkpt lat="50.744935" lon="14.953054999999999"><ele>672.62</ele></trkpt>
      <trkpt lat="50.744732" lon="14.952306"><ele>668.82</ele></trkpt>
      <trkpt lat="50.744482" lon="14.951635999999999"><ele>665.28</ele></trkpt>
      <trkpt lat="50.744302999999995" lon="14.951127"><ele>662.24</ele></trkpt>
      <trkpt lat="50.744186" lon="14.95084"><ele>660.6</ele></trkpt>
      <trkpt lat="50.744125999999994" lon="14.950512999999999"><ele>659.45</ele></trkpt>
      <trkpt lat="50.744071999999996" lon="14.950152"><ele>658.42</ele></trkpt>
      <trkpt lat="50.744057999999995" lon="14.949879"><ele>657.82</ele></trkpt>
      <trkpt lat="50.744012" lon="14.949416999999999"><ele>656.69</ele></trkpt>
      <trkpt lat="50.743959" lon="14.949066"><ele>655.68</ele></trkpt>
      <trkpt lat="50.743868" lon="14.948661999999999"><ele>654.38</ele></trkpt>
      <trkpt lat="50.74342" lon="14.947517"><ele>649.85</ele></trkpt>
      <trkpt lat="50.743286999999995" lon="14.946981"><ele>647.73</ele></trkpt>
      <trkpt lat="50.743241999999995" lon="14.946598999999999"><ele>646.22</ele></trkpt>
      <trkpt lat="50.743232" lon="14.946226999999999"><ele>644.78</ele></trkpt>
      <trkpt lat="50.743300999999995" lon="14.945584"><ele>642.51</ele></trkpt>
      <trkpt lat="50.74348" lon="14.944339999999999"><ele>638.75</ele></trkpt>
      <trkpt lat="50.743615999999996" lon="14.943245999999998"><ele>633.53</ele></trkpt>
      <trkpt lat="50.743641" lon="14.942829999999999"><ele>630.86</ele></trkpt>
      <trkpt lat="50.743704" lon="14.942451"><ele>628.89</ele></trkpt>
      <trkpt lat="50.743704" lon="14.942451"><ele>628.89</ele></trkpt>
      <trkpt lat="50.743704" lon="14.942451"><ele>628.89</ele></trkpt>
      <trkpt lat="50.743704" lon="14.942451"><ele>628.89</ele></trkpt>
      <trkpt lat="50.743704" lon="14.942451"><ele>628.89</ele></trkpt>
      <trkpt lat="50.743787" lon="14.942247"><ele>627.58</ele></trkpt>
      <trkpt lat="50.744749999999996" lon="14.940328"><ele>613.73</ele></trkpt>
      <trkpt lat="50.74509" lon="14.939748"><ele>609.6</ele></trkpt>
      <trkpt lat="50.745204" lon="14.939611999999999"><ele>608.52</ele></trkpt>
      <trkpt lat="50.745373" lon="14.93949"><ele>607.09</ele></trkpt>
      <trkpt lat="50.745473999999994" lon="14.939383"><ele>606.19</ele></trkpt>
      <trkpt lat="50.74554" lon="14.939259"><ele>605.43</ele></trkpt>
      <trkpt lat="50.745605" lon="14.939034999999999"><ele>604.28</ele></trkpt>
      <trkpt lat="50.745684" lon="14.938685"><ele>602.52</ele></trkpt>
      <trkpt lat="50.745855999999996" lon="14.938255"><ele>599.92</ele></trkpt>
      <trkpt lat="50.746195" lon="14.937622999999999"><ele>595.72</ele></trkpt>
      <trkpt lat="50.746891999999995" lon="14.936266999999999"><ele>588.67</ele></trkpt>
      <trkpt lat="50.747239" lon="14.935516999999999"><ele>585.82</ele></trkpt>
      <trkpt lat="50.747575" lon="14.934619999999999"><ele>583.13</ele></trkpt>
      <trkpt lat="50.748363999999995" lon="14.932627"><ele>578.81</ele></trkpt>
      <trkpt lat="50.748813" lon="14.931438"><ele>577.99</ele></trkpt>
      <trkpt lat="50.748998" lon="14.931102"><ele>577.77</ele></trkpt>
      <trkpt lat="50.749192" lon="14.930895"><ele>577.61</ele></trkpt>
      <trkpt lat="50.749528" lon="14.930715"><ele>576.8</ele></trkpt>
      <trkpt lat="50.75022" lon="14.930432"><ele>577.93</ele></trkpt>
      <trkpt lat="50.75044" lon="14.93032"><ele>578.06</ele></trkpt>
      <trkpt lat="50.750577" lon="14.930232"><ele>578.05</ele></trkpt>
      <trkpt lat="50.750758999999995" lon="14.930083999999999"><ele>577.94</ele></trkpt>
      <trkpt lat="50.750887" lon="14.929946999999999"><ele>577.82</ele></trkpt>
      <trkpt lat="50.751191999999996" lon="14.929566999999999"><ele>577.6</ele></trkpt>
      <trkpt lat="50.751518999999995" lon="14.929179999999999"><ele>577.49</ele></trkpt>
      <trkpt lat="50.751715999999995" lon="14.92897"><ele>577.46</ele></trkpt>
      <trkpt lat="50.752385999999994" lon="14.928374999999999"><ele>577.43</ele></trkpt>
      <trkpt lat="50.753008" lon="14.927907"><ele>577.63</ele></trkpt>
      <trkpt lat="50.753460999999994" lon="14.927747"><ele>578.12</ele></trkpt>
      <trkpt lat="50.754191" lon="14.928027"><ele>579.04</ele></trkpt>
      <trkpt lat="50.754349" lon="14.928004999999999"><ele>578.67</ele></trkpt>
      <trkpt lat="50.754428" lon="14.927978999999999"><ele>578.55</ele></trkpt>
      <trkpt lat="50.75456" lon="14.927864"><ele>578.69</ele></trkpt>
      <trkpt lat="50.754785999999996" lon="14.927518"><ele>578.59</ele></trkpt>
      <trkpt lat="50.75506" lon="14.927168"><ele>578.56</ele></trkpt>
      <trkpt lat="50.755129" lon="14.927088999999999"><ele>578.47</ele></trkpt>
      <trkpt lat="50.755129" lon="14.927088999999999"><ele>578.47</ele></trkpt>
      <trkpt lat="50.755129" lon="14.927088999999999"><ele>578.47</ele></trkpt>
      <trkpt lat="50.755129" lon="14.927088999999999"><ele>578.47</ele></trkpt>
      <trkpt lat="50.755129" lon="14.927088999999999"><ele>578.47</ele></trkpt>
      <trkpt lat="50.755268" lon="14.927437"><ele>577.32</ele></trkpt>
      <trkpt lat="50.755348" lon="14.927686"><ele>575.43</ele></trkpt>
      <trkpt lat="50.755371999999994" lon="14.927857"><ele>574.28</ele></trkpt>
      <trkpt lat="50.755373" lon="14.928089"><ele>572.8</ele></trkpt>
      <trkpt lat="50.755361" lon="14.928462999999999"><ele>570.71</ele></trkpt>
      <trkpt lat="50.755364" lon="14.928939"><ele>568.02</ele></trkpt>
      <trkpt lat="50.755392" lon="14.929198999999999"><ele>566.94</ele></trkpt>
      <trkpt lat="50.75543" lon="14.92935"><ele>566.32</ele></trkpt>
      <trkpt lat="50.755537999999994" lon="14.929649"><ele>565.92</ele></trkpt>
      <trkpt lat="50.755713" lon="14.930076999999999"><ele>563.94</ele></trkpt>
      <trkpt lat="50.755762" lon="14.930152"><ele>563.22</ele></trkpt>
      <trkpt lat="50.755831" lon="14.930202999999999"><ele>562.05</ele></trkpt>
      <trkpt lat="50.75588" lon="14.930185999999999"><ele>561.09</ele></trkpt>
      <trkpt lat="50.755939" lon="14.930126"><ele>560.18</ele></trkpt>
      <trkpt lat="50.755973999999995" lon="14.930031999999999"><ele>559.54</ele></trkpt>
      <trkpt lat="50.755994" lon="14.929927"><ele>558.88</ele></trkpt>
      <trkpt lat="50.756" lon="14.929768"><ele>558.17</ele></trkpt>
      <trkpt lat="50.755973" lon="14.929331"><ele>555.69</ele></trkpt>
      <trkpt lat="50.755978999999996" lon="14.929184999999999"><ele>554.8</ele></trkpt>
      <trkpt lat="50.756004" lon="14.929032999999999"><ele>554.01</ele></trkpt>
      <trkpt lat="50.756059" lon="14.928878999999998"><ele>553.12</ele></trkpt>
      <trkpt lat="50.756125" lon="14.928759"><ele>552.32</ele></trkpt>
      <trkpt lat="50.756591" lon="14.928251999999999"><ele>547.8</ele></trkpt>
      <trkpt lat="50.756814999999996" lon="14.928101999999999"><ele>545.92</ele></trkpt>
      <trkpt lat="50.756997" lon="14.928051"><ele>544.46</ele></trkpt>
      <trkpt lat="50.757143" lon="14.928028999999999"><ele>543.31</ele></trkpt>
      <trkpt lat="50.757360999999996" lon="14.928021999999999"><ele>541.63</ele></trkpt>
      <trkpt lat="50.757802" lon="14.92804"><ele>538.26</ele></trkpt>
      <trkpt lat="50.758027" lon="14.928092"><ele>536.71</ele></trkpt>
      <trkpt lat="50.758266" lon="14.928194999999999"><ele>535.05</ele></trkpt>
      <trkpt lat="50.758373999999996" lon="14.928258999999999"><ele>533.92</ele></trkpt>
      <trkpt lat="50.758534" lon="14.928379"><ele>531.63</ele></trkpt>
      <trkpt lat="50.758993" lon="14.928939999999999"><ele>525.09</ele></trkpt>
      <trkpt lat="50.759097999999994" lon="14.92905"><ele>523.76</ele></trkpt>
      <trkpt lat="50.759333999999996" lon="14.929228"><ele>521.18</ele></trkpt>
      <trkpt lat="50.759634999999996" lon="14.929352"><ele>517.91</ele></trkpt>
      <trkpt lat="50.759735" lon="14.929419"><ele>516.81</ele></trkpt>
      <trkpt lat="50.759799" lon="14.929483"><ele>516.08</ele></trkpt>
      <trkpt lat="50.759873" lon="14.929623999999999"><ele>515.02</ele></trkpt>
      <trkpt lat="50.759896999999995" lon="14.929739999999999"><ele>514.32</ele></trkpt>
      <trkpt lat="50.759927" lon="14.929984"><ele>512.68</ele></trkpt>
      <trkpt lat="50.759958999999995" lon="14.930136999999998"><ele>511.48</ele></trkpt>
      <trkpt lat="50.76022" lon="14.930587"><ele>509.13</ele></trkpt>
      <trkpt lat="50.760265999999994" lon="14.9307"><ele>508.75</ele></trkpt>
      <trkpt lat="50.760276" lon="14.930772"><ele>508.42</ele></trkpt>
      <trkpt lat="50.760267999999996" lon="14.930855999999999"><ele>507.61</ele></trkpt>
      <trkpt lat="50.760234999999994" lon="14.930921"><ele>506.63</ele></trkpt>
      <trkpt lat="50.760191" lon="14.930945"><ele>506.04</ele></trkpt>
      <trkpt lat="50.760146" lon="14.930943999999998"><ele>505.77</ele></trkpt>
      <trkpt lat="50.760107" lon="14.930912999999999"><ele>505.65</ele></trkpt>
      <trkpt lat="50.759954" lon="14.930667"><ele>504.6</ele></trkpt>
      <trkpt lat="50.759910999999995" lon="14.930617999999999"><ele>504.2</ele></trkpt>
      <trkpt lat="50.759775" lon="14.930544999999999"><ele>503.08</ele></trkpt>
      <trkpt lat="50.759654" lon="14.930508999999999"><ele>502.43</ele></trkpt>
      <trkpt lat="50.759558999999996" lon="14.930503"><ele>501.81</ele></trkpt>
      <trkpt lat="50.759409" lon="14.930551"><ele>500.39</ele></trkpt>
      <trkpt lat="50.759322999999995" lon="14.930613999999998"><ele>499.5</ele></trkpt>
      <trkpt lat="50.75927" lon="14.930691"><ele>499</ele></trkpt>
      <trkpt lat="50.759229999999995" lon="14.930778"><ele>498.4</ele></trkpt>
      <trkpt lat="50.759211" lon="14.930850999999999"><ele>497.64</ele></trkpt>
      <trkpt lat="50.7592" lon="14.930938999999999"><ele>496.47</ele></trkpt>
      <trkpt lat="50.759203" lon="14.931189999999999"><ele>494.28</ele></trkpt>
      <trkpt lat="50.759246999999995" lon="14.931514"><ele>492.46</ele></trkpt>
      <trkpt lat="50.759285" lon="14.931706"><ele>491.31</ele></trkpt>
      <trkpt lat="50.759344" lon="14.931849999999999"><ele>490.06</ele></trkpt>
      <trkpt lat="50.759505999999995" lon="14.932055"><ele>487.86</ele></trkpt>
      <trkpt lat="50.75955" lon="14.93215"><ele>487.16</ele></trkpt>
      <trkpt lat="50.759561999999995" lon="14.932222999999999"><ele>486.7</ele></trkpt>
      <trkpt lat="50.759564" lon="14.932509999999999"><ele>484.92</ele></trkpt>
      <trkpt lat="50.759575" lon="14.932633"><ele>484.07</ele></trkpt>
      <trkpt lat="50.759595999999995" lon="14.932749999999999"><ele>483.23</ele></trkpt>
      <trkpt lat="50.759744" lon="14.933281"><ele>479.66</ele></trkpt>
      <trkpt lat="50.759775" lon="14.933416"><ele>478.92</ele></trkpt>
      <trkpt lat="50.759812" lon="14.933634999999999"><ele>477.78</ele></trkpt>
      <trkpt lat="50.759828" lon="14.933859"><ele>476.6</ele></trkpt>
      <trkpt lat="50.759820999999995" lon="14.93408"><ele>475.54</ele></trkpt>
      <trkpt lat="50.759639" lon="14.934857"><ele>471.61</ele></trkpt>
      <trkpt lat="50.75955" lon="14.935084999999999"><ele>470.19</ele></trkpt>
      <trkpt lat="50.759356" lon="14.935346"><ele>468.08</ele></trkpt>
      <trkpt lat="50.759305999999995" lon="14.935500999999999"><ele>467.02</ele></trkpt>
      <trkpt lat="50.759304" lon="14.935666999999999"><ele>465.91</ele></trkpt>
      <trkpt lat="50.759344" lon="14.936060999999999"><ele>463.07</ele></trkpt>
      <trkpt lat="50.759330999999996" lon="14.936335999999999"><ele>461.29</ele></trkpt>
      <trkpt lat="50.759268" lon="14.936703999999999"><ele>459.16</ele></trkpt>
      <trkpt lat="50.759308999999995" lon="14.936914999999999"><ele>457.85</ele></trkpt>
      <trkpt lat="50.759398999999995" lon="14.937126"><ele>456.3</ele></trkpt>
      <trkpt lat="50.759682999999995" lon="14.937408999999999"><ele>453.36</ele></trkpt>
      <trkpt lat="50.759820999999995" lon="14.937647"><ele>451.75</ele></trkpt>
      <trkpt lat="50.760431" lon="14.938630999999999"><ele>444.32</ele></trkpt>
      <trkpt lat="50.760881" lon="14.939324"><ele>437.34</ele></trkpt>
      <trkpt lat="50.761181" lon="14.939618"><ele>433.65</ele></trkpt>
      <trkpt lat="50.761423" lon="14.939769"><ele>431.51</ele></trkpt>
      <trkpt lat="50.761423" lon="14.939769"><ele>431.51</ele></trkpt>
      <trkpt lat="50.761423" lon="14.939769"><ele>431.51</ele></trkpt>
      <trkpt lat="50.761423" lon="14.939769"><ele>431.51</ele></trkpt>
      <trkpt lat="50.761423" lon="14.939769"><ele>431.51</ele></trkpt>
      <trkpt lat="50.761582999999995" lon="14.939774"><ele>430.49</ele></trkpt>
      <trkpt lat="50.761945" lon="14.939694999999999"><ele>428.33</ele></trkpt>
      <trkpt lat="50.762128" lon="14.939689"><ele>427.3</ele></trkpt>
      <trkpt lat="50.763127" lon="14.940012"><ele>423.71</ele></trkpt>
      <trkpt lat="50.763239999999996" lon="14.940024999999999"><ele>423.46</ele></trkpt>
      <trkpt lat="50.763312" lon="14.940017999999998"><ele>423.2</ele></trkpt>
      <trkpt lat="50.763659" lon="14.939943999999999"><ele>422.76</ele></trkpt>
      <trkpt lat="50.763766" lon="14.939905"><ele>422.47</ele></trkpt>
      <trkpt lat="50.764193999999996" lon="14.939833"><ele>420.77</ele></trkpt>
      <trkpt lat="50.764573" lon="14.939627999999999"><ele>418.09</ele></trkpt>
      <trkpt lat="50.764922" lon="14.939418"><ele>415.17</ele></trkpt>
      <trkpt lat="50.764990999999995" lon="14.939362"><ele>414.44</ele></trkpt>
      <trkpt lat="50.765097999999995" lon="14.939193999999999"><ele>412.95</ele></trkpt>
      <trkpt lat="50.765229" lon="14.938936"><ele>412.03</ele></trkpt>
      <trkpt lat="50.765442" lon="14.938467999999999"><ele>411.06</ele></trkpt>
      <trkpt lat="50.765496" lon="14.938381999999999"><ele>410.75</ele></trkpt>
      <trkpt lat="50.765566" lon="14.938286999999999"><ele>410.26</ele></trkpt>
      <trkpt lat="50.765808" lon="14.938018"><ele>408.81</ele></trkpt>
      <trkpt lat="50.766082999999995" lon="14.937671"><ele>407.18</ele></trkpt>
      <trkpt lat="50.766366" lon="14.937339999999999"><ele>405.44</ele></trkpt>
      <trkpt lat="50.766873" lon="14.936587999999999"><ele>401.79</ele></trkpt>
      <trkpt lat="50.766936" lon="14.936529"><ele>401.4</ele></trkpt>
      <trkpt lat="50.767081999999995" lon="14.936452"><ele>400.58</ele></trkpt>
      <trkpt lat="50.76739" lon="14.936421999999999"><ele>398.99</ele></trkpt>
      <trkpt lat="50.767696" lon="14.936414"><ele>397.7</ele></trkpt>
      <trkpt lat="50.767770999999996" lon="14.936371"><ele>397.48</ele></trkpt>
      <trkpt lat="50.767815" lon="14.936331"><ele>397.35</ele></trkpt>
      <trkpt lat="50.767880999999996" lon="14.936212"><ele>397.15</ele></trkpt>
      <trkpt lat="50.767914" lon="14.936116"><ele>397.03</ele></trkpt>
      <trkpt lat="50.768021999999995" lon="14.935642999999999"><ele>396.73</ele></trkpt>
      <trkpt lat="50.768212999999996" lon="14.934899"><ele>396.19</ele></trkpt>
      <trkpt lat="50.768254999999996" lon="14.934776"><ele>396.02</ele></trkpt>
      <trkpt lat="50.768327" lon="14.934662999999999"><ele>395.79</ele></trkpt>
      <trkpt lat="50.769194" lon="14.933829"><ele>391.02</ele></trkpt>
      <trkpt lat="50.769515999999996" lon="14.933504999999998"><ele>390.31</ele></trkpt>
      <trkpt lat="50.769597" lon="14.933406999999999"><ele>389.95</ele></trkpt>
      <trkpt lat="50.769684999999996" lon="14.933256"><ele>389.68</ele></trkpt>
      <trkpt lat="50.769867999999995" lon="14.933148"><ele>388.91</ele></trkpt>
      <trkpt lat="50.77028" lon="14.93305"><ele>386.42</ele></trkpt>
      <trkpt lat="50.770415" lon="14.932974999999999"><ele>386.29</ele></trkpt>
      <trkpt lat="50.770519" lon="14.932872999999999"><ele>385.63</ele></trkpt>
      <trkpt lat="50.770767" lon="14.932571"><ele>384.4</ele></trkpt>
      <trkpt lat="50.770818999999996" lon="14.932535"><ele>384.02</ele></trkpt>
      <trkpt lat="50.770964" lon="14.932469999999999"><ele>383.01</ele></trkpt>
      <trkpt lat="50.771597" lon="14.932221"><ele>378.91</ele></trkpt>
      <trkpt lat="50.771713" lon="14.932198999999999"><ele>378.28</ele></trkpt>
      <trkpt lat="50.772365" lon="14.932134"><ele>375.47</ele></trkpt>
      <trkpt lat="50.772878" lon="14.932158"><ele>373.85</ele></trkpt>
      <trkpt lat="50.773106999999996" lon="14.932214"><ele>373.04</ele></trkpt>
      <trkpt lat="50.773379" lon="14.932314"><ele>373.06</ele></trkpt>
      <trkpt lat="50.773613" lon="14.932433999999999"><ele>372.48</ele></trkpt>
      <trkpt lat="50.773723999999994" lon="14.932528999999999"><ele>372.07</ele></trkpt>
      <trkpt lat="50.773813999999994" lon="14.932625"><ele>371.76</ele></trkpt>
      <trkpt lat="50.773813999999994" lon="14.932625"><ele>371.76</ele></trkpt>
      <trkpt lat="50.773813999999994" lon="14.932625"><ele>371.76</ele></trkpt>
      <trkpt lat="50.773813999999994" lon="14.932625"><ele>371.76</ele></trkpt>
      <trkpt lat="50.773813999999994" lon="14.932625"><ele>371.76</ele></trkpt>
      <trkpt lat="50.773987" lon="14.932922999999999"><ele>371.08</ele></trkpt>
      <trkpt lat="50.774153999999996" lon="14.933188999999999"><ele>370.59</ele></trkpt>
      <trkpt lat="50.774426999999996" lon="14.933444999999999"><ele>369.77</ele></trkpt>
      <trkpt lat="50.77456" lon="14.933627"><ele>369.46</ele></trkpt>
      <trkpt lat="50.774660999999995" lon="14.933788"><ele>369.22</ele></trkpt>
      <trkpt lat="50.77477" lon="14.933988999999999"><ele>368.98</ele></trkpt>
      <trkpt lat="50.774817999999996" lon="14.934137"><ele>368.8</ele></trkpt>
      <trkpt lat="50.774851999999996" lon="14.934213"><ele>368.85</ele></trkpt>
      <trkpt lat="50.775121" lon="14.935039999999999"><ele>367.18</ele></trkpt>
      <trkpt lat="50.775141999999995" lon="14.935169"><ele>366.84</ele></trkpt>
      <trkpt lat="50.775155" lon="14.935329"><ele>366.42</ele></trkpt>
      <trkpt lat="50.77516" lon="14.93555"><ele>365.78</ele></trkpt>
      <trkpt lat="50.775171" lon="14.935661"><ele>365.51</ele></trkpt>
      <trkpt lat="50.775196" lon="14.935770999999999"><ele>365.37</ele></trkpt>
      <trkpt lat="50.775213" lon="14.935811"><ele>365.28</ele></trkpt>
      <trkpt lat="50.775237999999995" lon="14.93586"><ele>365.17</ele></trkpt>
      <trkpt lat="50.775504999999995" lon="14.936211"><ele>364.17</ele></trkpt>
      <trkpt lat="50.776077" lon="14.937403"><ele>361.48</ele></trkpt>
      <trkpt lat="50.776705" lon="14.938454"><ele>359.73</ele></trkpt>
      <trkpt lat="50.776748" lon="14.93854"><ele>359.54</ele></trkpt>
      <trkpt lat="50.776792" lon="14.938704"><ele>359.23</ele></trkpt>
      <trkpt lat="50.776830999999994" lon="14.938989"><ele>358.76</ele></trkpt>
      <trkpt lat="50.776851" lon="14.939387"><ele>357.78</ele></trkpt>
      <trkpt lat="50.776886" lon="14.939784"><ele>357.15</ele></trkpt>
      <trkpt lat="50.776924" lon="14.940033999999999"><ele>356.98</ele></trkpt>
      <trkpt lat="50.777307" lon="14.941343"><ele>355.64</ele></trkpt>
      <trkpt lat="50.777625" lon="14.942948999999999"><ele>353.46</ele></trkpt>
      <trkpt lat="50.777671" lon="14.94338"><ele>352.45</ele></trkpt>
      <trkpt lat="50.777947" lon="14.94566"><ele>348.71</ele></trkpt>
      <trkpt lat="50.778254" lon="14.948457999999999"><ele>342.6</ele></trkpt>
      <trkpt lat="50.778273999999996" lon="14.948590999999999"><ele>342.36</ele></trkpt>
      <trkpt lat="50.778313" lon="14.948703"><ele>342.15</ele></trkpt>
      <trkpt lat="50.778458" lon="14.948972999999999"><ele>341.7</ele></trkpt>
      <trkpt lat="50.778504" lon="14.949091999999998"><ele>341.57</ele></trkpt>
      <trkpt lat="50.778566999999995" lon="14.949357"><ele>341.31</ele></trkpt>
      <trkpt lat="50.778658" lon="14.949796"><ele>340.83</ele></trkpt>
      <trkpt lat="50.778746999999996" lon="14.950146"><ele>340.33</ele></trkpt>
      <trkpt lat="50.778839" lon="14.950415"><ele>339.46</ele></trkpt>
      <trkpt lat="50.778969" lon="14.950686999999999"><ele>338.46</ele></trkpt>
      <trkpt lat="50.779277" lon="14.951385"><ele>337</ele></trkpt>
      <trkpt lat="50.779829" lon="14.952382"><ele>334.93</ele></trkpt>
      <trkpt lat="50.779969" lon="14.952582999999999"><ele>334.31</ele></trkpt>
      <trkpt lat="50.780089" lon="14.952708999999999"><ele>333.96</ele></trkpt>
      <trkpt lat="50.780279" lon="14.952876"><ele>333.15</ele></trkpt>
      <trkpt lat="50.780341" lon="14.95298"><ele>332.77</ele></trkpt>
      <trkpt lat="50.780398999999996" lon="14.953132"><ele>332.33</ele></trkpt>
      <trkpt lat="50.780457999999996" lon="14.953477"><ele>331.58</ele></trkpt>
      <trkpt lat="50.780564" lon="14.953945"><ele>330.71</ele></trkpt>
      <trkpt lat="50.780569" lon="14.954282999999998"><ele>330.03</ele></trkpt>
      <trkpt lat="50.780553999999995" lon="14.954542"><ele>329.45</ele></trkpt>
      <trkpt lat="50.780538" lon="14.955141"><ele>329.65</ele></trkpt>
      <trkpt lat="50.780567999999995" lon="14.955288999999999"><ele>330.13</ele></trkpt>
      <trkpt lat="50.780623999999996" lon="14.955487"><ele>329.99</ele></trkpt>
      <trkpt lat="50.780769" lon="14.955753"><ele>329.6</ele></trkpt>
      <trkpt lat="50.780899" lon="14.955957999999999"><ele>329.1</ele></trkpt>
      <trkpt lat="50.781383999999996" lon="14.956584"><ele>327.23</ele></trkpt>
      <trkpt lat="50.781932999999995" lon="14.957142"><ele>325.37</ele></trkpt>
      <trkpt lat="50.781945" lon="14.957156"><ele>325.14</ele></trkpt>
      <trkpt lat="50.782112999999995" lon="14.957348999999999"><ele>324.92</ele></trkpt>
      <trkpt lat="50.782227999999996" lon="14.95754"><ele>324.7</ele></trkpt>
      <trkpt lat="50.782426" lon="14.957968"><ele>324.17</ele></trkpt>
      <trkpt lat="50.782582999999995" lon="14.958381999999999"><ele>325</ele></trkpt>
      <trkpt lat="50.782799999999995" lon="14.959197"><ele>322.62</ele></trkpt>
      <trkpt lat="50.782945" lon="14.959693"><ele>321.06</ele></trkpt>
      <trkpt lat="50.783057" lon="14.959966"><ele>320.15</ele></trkpt>
      <trkpt lat="50.783027" lon="14.96004"><ele>319.76</ele></trkpt>
      <trkpt lat="50.783015" lon="14.960154"><ele>319.36</ele></trkpt>
      <trkpt lat="50.783032999999996" lon="14.960424999999999"><ele>318.52</ele></trkpt>
      <trkpt lat="50.783062" lon="14.960564"><ele>318.01</ele></trkpt>
      <trkpt lat="50.783136" lon="14.960771"><ele>318.37</ele></trkpt>
      <trkpt lat="50.783269" lon="14.960973"><ele>318.39</ele></trkpt>
      <trkpt lat="50.783350999999996" lon="14.961063"><ele>318.18</ele></trkpt>
      <trkpt lat="50.783691" lon="14.961265"><ele>317.28</ele></trkpt>
      <trkpt lat="50.785331" lon="14.961922"><ele>312.71</ele></trkpt>
      <trkpt lat="50.785467999999995" lon="14.962048999999999"><ele>312.99</ele></trkpt>
      <trkpt lat="50.785554999999995" lon="14.962181999999999"><ele>313.3</ele></trkpt>
      <trkpt lat="50.785554999999995" lon="14.962181999999999"><ele>313.3</ele></trkpt>
      <trkpt lat="50.785554999999995" lon="14.962181999999999"><ele>313.3</ele></trkpt>
      <trkpt lat="50.785607" lon="14.962365"><ele>313.67</ele></trkpt>
      <trkpt lat="50.785593999999996" lon="14.962546"><ele>314.04</ele></trkpt>
      <trkpt lat="50.785548999999996" lon="14.962746"><ele>314.54</ele></trkpt>
      <trkpt lat="50.785469" lon="14.962899"><ele>315.03</ele></trkpt>
      <trkpt lat="50.785246" lon="14.963211"><ele>316.26</ele></trkpt>
      <trkpt lat="50.78463" lon="14.963721999999999"><ele>318.81</ele></trkpt>
      <trkpt lat="50.784442999999996" lon="14.96396"><ele>319.73</ele></trkpt>
      <trkpt lat="50.783542" lon="14.966261999999999"><ele>326.68</ele></trkpt>
      <trkpt lat="50.783443" lon="14.966431"><ele>327.45</ele></trkpt>
      <trkpt lat="50.783277" lon="14.966534999999999"><ele>328.37</ele></trkpt>
      <trkpt lat="50.783128" lon="14.966517"><ele>329.1</ele></trkpt>
      <trkpt lat="50.782906999999994" lon="14.966517"><ele>330.11</ele></trkpt>
      <trkpt lat="50.782703999999995" lon="14.966565"><ele>331.04</ele></trkpt>
      <trkpt lat="50.782292999999996" lon="14.966752999999999"><ele>332.96</ele></trkpt>
      <trkpt lat="50.781465999999995" lon="14.967274"><ele>337.14</ele></trkpt>
      <trkpt lat="50.781194" lon="14.967614"><ele>338.43</ele></trkpt>
      <trkpt lat="50.781011" lon="14.967922999999999"><ele>337.77</ele></trkpt>
      <trkpt lat="50.780930999999995" lon="14.968224"><ele>336.89</ele></trkpt>
      <trkpt lat="50.780902999999995" lon="14.9687"><ele>335.66</ele></trkpt>
      <trkpt lat="50.780902999999995" lon="14.9687"><ele>335.66</ele></trkpt>
      <trkpt lat="50.780902999999995" lon="14.9687"><ele>335.66</ele></trkpt>
      <trkpt lat="50.780921" lon="14.969883"><ele>332.07</ele></trkpt>
      <trkpt lat="50.780995999999995" lon="14.970099"><ele>331.14</ele></trkpt>
      <trkpt lat="50.78111" lon="14.970303999999999"><ele>330.01</ele></trkpt>
      <trkpt lat="50.781397999999996" lon="14.970604"><ele>327.41</ele></trkpt>
      <trkpt lat="50.782236" lon="14.971001999999999"><ele>321.88</ele></trkpt>
      <trkpt lat="50.782382" lon="14.971036999999999"><ele>321.66</ele></trkpt>
      <trkpt lat="50.782691" lon="14.971019"><ele>322.17</ele></trkpt>
      <trkpt lat="50.782933" lon="14.971053999999999"><ele>323.41</ele></trkpt>
      <trkpt lat="50.783241" lon="14.971176"><ele>325.67</ele></trkpt>
      <trkpt lat="50.783617" lon="14.971404"><ele>328.79</ele></trkpt>
      <trkpt lat="50.78384" lon="14.971627"><ele>330.94</ele></trkpt>
      <trkpt lat="50.783946" lon="14.97182"><ele>332.35</ele></trkpt>
      <trkpt lat="50.784045" lon="14.972085"><ele>334.07</ele></trkpt>
      <trkpt lat="50.784113" lon="14.972463999999999"><ele>336.15</ele></trkpt>
      <trkpt lat="50.784102" lon="14.972757999999999"><ele>337.82</ele></trkpt>
      <trkpt lat="50.784029999999994" lon="14.973241"><ele>340.56</ele></trkpt>
      <trkpt lat="50.783992" lon="14.973381999999999"><ele>340.67</ele></trkpt>
      <trkpt lat="50.783992" lon="14.973381999999999"><ele>340.67</ele></trkpt>
      <trkpt lat="50.783944" lon="14.973529999999998"><ele>340.47</ele></trkpt>
      <trkpt lat="50.783817" lon="14.973842999999999"><ele>338.86</ele></trkpt>
      <trkpt lat="50.78368" lon="14.974065999999999"><ele>336.85</ele></trkpt>
      <trkpt lat="50.783514999999994" lon="14.974371999999999"><ele>334.12</ele></trkpt>
      <trkpt lat="50.783491" lon="14.974464999999999"><ele>333.23</ele></trkpt>
      <trkpt lat="50.783488999999996" lon="14.974582"><ele>332.11</ele></trkpt>
      <trkpt lat="50.783567" lon="14.974743"><ele>330.5</ele></trkpt>
      <trkpt lat="50.783742" lon="14.97492"><ele>329.01</ele></trkpt>
      <trkpt lat="50.783955" lon="14.975233999999999"><ele>328.05</ele></trkpt>
      <trkpt lat="50.784102999999995" lon="14.975591999999999"><ele>327.01</ele></trkpt>
      <trkpt lat="50.784157" lon="14.975850999999999"><ele>326.96</ele></trkpt>
      <trkpt lat="50.784195" lon="14.976147999999998"><ele>326.68</ele></trkpt>
      <trkpt lat="50.784171" lon="14.976462"><ele>327.22</ele></trkpt>
      <trkpt lat="50.784121" lon="14.976861999999999"><ele>328.96</ele></trkpt>
      <trkpt lat="50.784085999999995" lon="14.9772"><ele>330.47</ele></trkpt>
      <trkpt lat="50.78409" lon="14.977551"><ele>331.85</ele></trkpt>
      <trkpt lat="50.784157" lon="14.977867999999999"><ele>331.12</ele></trkpt>
      <trkpt lat="50.784245999999996" lon="14.978136999999998"><ele>330.85</ele></trkpt>
      <trkpt lat="50.785714999999996" lon="14.980481"><ele>332.72</ele></trkpt>
      <trkpt lat="50.78621" lon="14.981285"><ele>332.88</ele></trkpt>
      <trkpt lat="50.786426" lon="14.981525999999999"><ele>332.67</ele></trkpt>
      <trkpt lat="50.786679" lon="14.981639"><ele>332.21</ele></trkpt>
      <trkpt lat="50.787043999999995" lon="14.981637"><ele>331.5</ele></trkpt>
      <trkpt lat="50.787189999999995" lon="14.981656999999998"><ele>331.16</ele></trkpt>
      <trkpt lat="50.787254999999995" lon="14.981701"><ele>331.32</ele></trkpt>
      <trkpt lat="50.787318" lon="14.981774999999999"><ele>331.73</ele></trkpt>
      <trkpt lat="50.787352999999996" lon="14.981867"><ele>332.05</ele></trkpt>
      <trkpt lat="50.787375999999995" lon="14.982024"><ele>332.36</ele></trkpt>
      <trkpt lat="50.787337" lon="14.982427"><ele>333.11</ele></trkpt>
      <trkpt lat="50.787330999999995" lon="14.982583"><ele>333.38</ele></trkpt>
      <trkpt lat="50.787346" lon="14.982754"><ele>333.32</ele></trkpt>
      <trkpt lat="50.787408" lon="14.98298"><ele>333.03</ele></trkpt>
      <trkpt lat="50.787513" lon="14.983362"><ele>332.99</ele></trkpt>
      <trkpt lat="50.787577999999996" lon="14.983666999999999"><ele>332.99</ele></trkpt>
      <trkpt lat="50.787713" lon="14.984656999999999"><ele>333</ele></trkpt>
      <trkpt lat="50.787887" lon="14.986409"><ele>332.89</ele></trkpt>
      <trkpt lat="50.787963" lon="14.987658999999999"><ele>329.49</ele></trkpt>
      <trkpt lat="50.788098" lon="14.989139"><ele>324.71</ele></trkpt>
      <trkpt lat="50.788202999999996" lon="14.989545"><ele>323.07</ele></trkpt>
      <trkpt lat="50.788463" lon="14.990091999999999"><ele>321</ele></trkpt>
      <trkpt lat="50.789362" lon="14.991525999999999"><ele>319.7</ele></trkpt>
      <trkpt lat="50.789457999999996" lon="14.991629"><ele>319.86</ele></trkpt>
      <trkpt lat="50.789570999999995" lon="14.991674"><ele>319.97</ele></trkpt>
      <trkpt lat="50.789685" lon="14.991676"><ele>319.9</ele></trkpt>
      <trkpt lat="50.789902" lon="14.991596999999999"><ele>319.66</ele></trkpt>
      <trkpt lat="50.789912" lon="14.991671"><ele>319.89</ele></trkpt>
      <trkpt lat="50.789912" lon="14.991671"><ele>319.89</ele></trkpt>
      <trkpt lat="50.789912" lon="14.991671"><ele>319.89</ele></trkpt>
      <trkpt lat="50.789668" lon="14.992393"><ele>319.85</ele></trkpt>
      <trkpt lat="50.789597" lon="14.992659999999999"><ele>320.22</ele></trkpt>
      <trkpt lat="50.789562" lon="14.992846"><ele>320.39</ele></trkpt>
      <trkpt lat="50.789455999999994" lon="14.993189999999998"><ele>321.58</ele></trkpt>
      <trkpt lat="50.789562" lon="14.992846"><ele>320.39</ele></trkpt>
      <trkpt lat="50.789353999999996" lon="14.99352"><ele>322.76</ele></trkpt>
      <trkpt lat="50.788712999999994" lon="14.994899"><ele>332.54</ele></trkpt>
      <trkpt lat="50.788274" lon="14.996267999999999"><ele>333.49</ele></trkpt>
      <trkpt lat="50.788183" lon="14.997007"><ele>332.03</ele></trkpt>
      <trkpt lat="50.788199" lon="14.997838999999999"><ele>329.33</ele></trkpt>
      <trkpt lat="50.788112" lon="14.999035"><ele>325.89</ele></trkpt>
      <trkpt lat="50.788149" lon="14.999272"><ele>325.35</ele></trkpt>
      <trkpt lat="50.788784" lon="15.001128"><ele>322.39</ele></trkpt>
      <trkpt lat="50.788793999999996" lon="15.001876"><ele>322.34</ele></trkpt>
      <trkpt lat="50.78897" lon="15.002613"><ele>323.39</ele></trkpt>
      <trkpt lat="50.788968" lon="15.003373"><ele>327.1</ele></trkpt>
      <trkpt lat="50.789024" lon="15.003959"><ele>331.26</ele></trkpt>
      <trkpt lat="50.789015" lon="15.004067"><ele>332.09</ele></trkpt>
      <trkpt lat="50.788973999999996" lon="15.004180999999999"><ele>333.11</ele></trkpt>
      <trkpt lat="50.788183" lon="15.005184999999999"><ele>341.98</ele></trkpt>
      <trkpt lat="50.788159" lon="15.005274"><ele>341.62</ele></trkpt>
      <trkpt lat="50.788165" lon="15.005436"><ele>341</ele></trkpt>
      <trkpt lat="50.788202" lon="15.005756"><ele>339.72</ele></trkpt>
      <trkpt lat="50.788317" lon="15.006367"><ele>337.14</ele></trkpt>
      <trkpt lat="50.788311" lon="15.0068"><ele>334.37</ele></trkpt>
      <trkpt lat="50.788274" lon="15.006991999999999"><ele>333.16</ele></trkpt>
      <trkpt lat="50.788081" lon="15.00743"><ele>330.89</ele></trkpt>
      <trkpt lat="50.788011999999995" lon="15.007568"><ele>330.47</ele></trkpt>
      <trkpt lat="50.787971999999996" lon="15.007755"><ele>330.19</ele></trkpt>
      <trkpt lat="50.788121" lon="15.010361999999999"><ele>338.63</ele></trkpt>
      <trkpt lat="50.788132" lon="15.010755999999999"><ele>340.02</ele></trkpt>
      <trkpt lat="50.788066" lon="15.01142"><ele>342.31</ele></trkpt>
      <trkpt lat="50.78787" lon="15.012117"><ele>345.17</ele></trkpt>
      <trkpt lat="50.78724" lon="15.013584999999999"><ele>350.33</ele></trkpt>
      <trkpt lat="50.787118" lon="15.01394"><ele>350.09</ele></trkpt>
      <trkpt lat="50.787043999999995" lon="15.014405"><ele>348.8</ele></trkpt>
      <trkpt lat="50.786992999999995" lon="15.014591999999999"><ele>347.51</ele></trkpt>
      <trkpt lat="50.786882" lon="15.014781999999999"><ele>345.54</ele></trkpt>
      <trkpt lat="50.786401" lon="15.015367999999999"><ele>341.81</ele></trkpt>
      <trkpt lat="50.785927" lon="15.016103"><ele>339.61</ele></trkpt>
      <trkpt lat="50.785728" lon="15.016459"><ele>339.09</ele></trkpt>
      <trkpt lat="50.785559" lon="15.016955999999999"><ele>339.05</ele></trkpt>
      <trkpt lat="50.785486" lon="15.017363999999999"><ele>342.02</ele></trkpt>
      <trkpt lat="50.785486" lon="15.017363999999999"><ele>342.02</ele></trkpt>
      <trkpt lat="50.785486" lon="15.017363999999999"><ele>342.02</ele></trkpt>
      <trkpt lat="50.785486" lon="15.017363999999999"><ele>342.02</ele></trkpt>
      <trkpt lat="50.785486" lon="15.017363999999999"><ele>342.02</ele></trkpt>
      <trkpt lat="50.785638" lon="15.01736"><ele>341.73</ele></trkpt>
      <trkpt lat="50.785872999999995" lon="15.017275"><ele>340.51</ele></trkpt>
      <trkpt lat="50.786265" lon="15.016859"><ele>338.97</ele></trkpt>
      <trkpt lat="50.786587" lon="15.016729999999999"><ele>338.38</ele></trkpt>
      <trkpt lat="50.787189999999995" lon="15.016629"><ele>337.24</ele></trkpt>
      <trkpt lat="50.787651" lon="15.016487"><ele>335.76</ele></trkpt>
      <trkpt lat="50.78809" lon="15.016333"><ele>334.24</ele></trkpt>
      <trkpt lat="50.788173" lon="15.016287"><ele>334</ele></trkpt>
      <trkpt lat="50.788278999999996" lon="15.016357"><ele>333.73</ele></trkpt>
      <trkpt lat="50.788360999999995" lon="15.016781"><ele>335.78</ele></trkpt>
      <trkpt lat="50.788585999999995" lon="15.016917"><ele>333.7</ele></trkpt>
      <trkpt lat="50.788882" lon="15.017000999999999"><ele>331.49</ele></trkpt>
      <trkpt lat="50.789041" lon="15.016945"><ele>330.94</ele></trkpt>
      <trkpt lat="50.789212" lon="15.016739999999999"><ele>329.82</ele></trkpt>
      <trkpt lat="50.789445" lon="15.016604"><ele>328.92</ele></trkpt>
      <trkpt lat="50.789680999999995" lon="15.016639"><ele>328.59</ele></trkpt>
      <trkpt lat="50.789935" lon="15.016805"><ele>328.75</ele></trkpt>
      <trkpt lat="50.790008" lon="15.016986999999999"><ele>328.77</ele></trkpt>
      <trkpt lat="50.790033" lon="15.017199"><ele>328.91</ele></trkpt>
      <trkpt lat="50.79005" lon="15.017524"><ele>329.58</ele></trkpt>
      <trkpt lat="50.789991" lon="15.017783"><ele>330.38</ele></trkpt>
      <trkpt lat="50.789573" lon="15.018723999999999"><ele>333.44</ele></trkpt>
      <trkpt lat="50.789249999999996" lon="15.019257"><ele>334.29</ele></trkpt>
      <trkpt lat="50.789035" lon="15.019499999999999"><ele>333.92</ele></trkpt>
      <trkpt lat="50.788956" lon="15.019575999999999"><ele>333.44</ele></trkpt>
      <trkpt lat="50.788835" lon="15.019822"><ele>332.49</ele></trkpt>
      <trkpt lat="50.788819" lon="15.020069"><ele>331.85</ele></trkpt>
      <trkpt lat="50.788947" lon="15.020638"><ele>330.29</ele></trkpt>
      <trkpt lat="50.789117999999995" lon="15.020638"><ele>329.05</ele></trkpt>
      <trkpt lat="50.789542" lon="15.020608999999999"><ele>327.4</ele></trkpt>
      <trkpt lat="50.789654" lon="15.020617"><ele>328.9</ele></trkpt>
      <trkpt lat="50.789746" lon="15.02066"><ele>329.69</ele></trkpt>
      <trkpt lat="50.789808" lon="15.020819999999999"><ele>330</ele></trkpt>
      <trkpt lat="50.78993" lon="15.021002999999999"><ele>330.98</ele></trkpt>
      <trkpt lat="50.789972" lon="15.021096"><ele>331.7</ele></trkpt>
      <trkpt lat="50.789001999999996" lon="15.02294"><ele>341.19</ele></trkpt>
      <trkpt lat="50.788942999999996" lon="15.023083999999999"><ele>342.19</ele></trkpt>
      <trkpt lat="50.788931" lon="15.023145"><ele>342.55</ele></trkpt>
      <trkpt lat="50.788927" lon="15.023242"><ele>343.09</ele></trkpt>
      <trkpt lat="50.788933" lon="15.02329"><ele>343.36</ele></trkpt>
      <trkpt lat="50.788953" lon="15.023365"><ele>343.82</ele></trkpt>
      <trkpt lat="50.788990999999996" lon="15.023429"><ele>344.34</ele></trkpt>
      <trkpt lat="50.789021999999996" lon="15.023458999999999"><ele>344.7</ele></trkpt>
      <trkpt lat="50.789113" lon="15.023494"><ele>345.76</ele></trkpt>
      <trkpt lat="50.789283999999995" lon="15.02351"><ele>347.77</ele></trkpt>
      <trkpt lat="50.789348" lon="15.023529"><ele>348.26</ele></trkpt>
      <trkpt lat="50.789474" lon="15.023596"><ele>349.12</ele></trkpt>
      <trkpt lat="50.791143" lon="15.024930999999999"><ele>361.23</ele></trkpt>
      <trkpt lat="50.791526999999995" lon="15.025262"><ele>364.5</ele></trkpt>
      <trkpt lat="50.793572999999995" lon="15.026912"><ele>378.63</ele></trkpt>
      <trkpt lat="50.795992999999996" lon="15.028929"><ele>396.86</ele></trkpt>
      <trkpt lat="50.798255" lon="15.030771999999999"><ele>388.41</ele></trkpt>
      <trkpt lat="50.798615" lon="15.031096999999999"><ele>386.29</ele></trkpt>
      <trkpt lat="50.799067" lon="15.031600999999998"><ele>384.36</ele></trkpt>
      <trkpt lat="50.799748" lon="15.032435"><ele>382.85</ele></trkpt>
      <trkpt lat="50.800112999999996" lon="15.032819"><ele>381.51</ele></trkpt>
      <trkpt lat="50.800408999999995" lon="15.033092"><ele>379.98</ele></trkpt>
      <trkpt lat="50.800632" lon="15.033185"><ele>378.53</ele></trkpt>
      <trkpt lat="50.800777" lon="15.033175"><ele>377.39</ele></trkpt>
      <trkpt lat="50.800922" lon="15.03313"><ele>376.19</ele></trkpt>
      <trkpt lat="50.801204" lon="15.033026999999999"><ele>374.82</ele></trkpt>
      <trkpt lat="50.801489" lon="15.032897"><ele>374.35</ele></trkpt>
      <trkpt lat="50.801722999999996" lon="15.032867"><ele>374.7</ele></trkpt>
      <trkpt lat="50.801902999999996" lon="15.032938999999999"><ele>374.91</ele></trkpt>
      <trkpt lat="50.802202" lon="15.033088999999999"><ele>375.19</ele></trkpt>
      <trkpt lat="50.802616" lon="15.03333"><ele>376.29</ele></trkpt>
      <trkpt lat="50.802713" lon="15.033411999999998"><ele>376.3</ele></trkpt>
      <trkpt lat="50.802861" lon="15.03356"><ele>376.34</ele></trkpt>
      <trkpt lat="50.803047" lon="15.033790999999999"><ele>378.03</ele></trkpt>
      <trkpt lat="50.803259" lon="15.034151999999999"><ele>380</ele></trkpt>
      <trkpt lat="50.80346" lon="15.034607999999999"><ele>382.16</ele></trkpt>
      <trkpt lat="50.803605999999995" lon="15.035221"><ele>384.11</ele></trkpt>
      <trkpt lat="50.803711" lon="15.035713"><ele>385.46</ele></trkpt>
      <trkpt lat="50.803782" lon="15.036247999999999"><ele>386.5</ele></trkpt>
      <trkpt lat="50.803861" lon="15.036634999999999"><ele>387.79</ele></trkpt>
      <trkpt lat="50.804015" lon="15.037265999999999"><ele>388.6</ele></trkpt>
      <trkpt lat="50.804283" lon="15.038746999999999"><ele>388.13</ele></trkpt>
      <trkpt lat="50.804359" lon="15.039041999999998"><ele>387.4</ele></trkpt>
      <trkpt lat="50.804466999999995" lon="15.039302"><ele>387.28</ele></trkpt>
      <trkpt lat="50.804719" lon="15.039691999999999"><ele>387.87</ele></trkpt>
      <trkpt lat="50.805209" lon="15.040899"><ele>394.24</ele></trkpt>
      <trkpt lat="50.805536" lon="15.041350999999999"><ele>395.42</ele></trkpt>
      <trkpt lat="50.805811" lon="15.04145"><ele>395.01</ele></trkpt>
      <trkpt lat="50.805972999999994" lon="15.041684"><ele>394.11</ele></trkpt>
      <trkpt lat="50.806536" lon="15.042691999999999"><ele>387.38</ele></trkpt>
      <trkpt lat="50.806625" lon="15.042923"><ele>385.8</ele></trkpt>
      <trkpt lat="50.806625" lon="15.042923"><ele>385.8</ele></trkpt>
      <trkpt lat="50.806625" lon="15.042923"><ele>385.8</ele></trkpt>
      <trkpt lat="50.806625" lon="15.042923"><ele>385.8</ele></trkpt>
      <trkpt lat="50.806625" lon="15.042923"><ele>385.8</ele></trkpt>
      <trkpt lat="50.806625" lon="15.043111"><ele>384.67</ele></trkpt>
      <trkpt lat="50.806481" lon="15.043517999999999"><ele>381.18</ele></trkpt>
      <trkpt lat="50.806470999999995" lon="15.04383"><ele>380.46</ele></trkpt>
      <trkpt lat="50.806369" lon="15.044281"><ele>380.51</ele></trkpt>
      <trkpt lat="50.806218" lon="15.044684"><ele>382.46</ele></trkpt>
      <trkpt lat="50.806225" lon="15.044825999999999"><ele>382.94</ele></trkpt>
      <trkpt lat="50.806287" lon="15.045065"><ele>383.74</ele></trkpt>
      <trkpt lat="50.806373" lon="15.04525"><ele>384.65</ele></trkpt>
      <trkpt lat="50.806517" lon="15.045402999999999"><ele>385.99</ele></trkpt>
      <trkpt lat="50.806748" lon="15.045592999999998"><ele>388.1</ele></trkpt>
      <trkpt lat="50.806850999999995" lon="15.045755999999999"><ele>389.01</ele></trkpt>
      <trkpt lat="50.806926999999995" lon="15.046033999999999"><ele>390.63</ele></trkpt>
      <trkpt lat="50.806961" lon="15.046475"><ele>393.22</ele></trkpt>
      <trkpt lat="50.806988" lon="15.048141999999999"><ele>394.07</ele></trkpt>
      <trkpt lat="50.807064999999994" lon="15.048841999999999"><ele>394.95</ele></trkpt>
      <trkpt lat="50.807263999999996" lon="15.049961999999999"><ele>397.41</ele></trkpt>
      <trkpt lat="50.807355" lon="15.050218999999998"><ele>397.67</ele></trkpt>
      <trkpt lat="50.807396999999995" lon="15.050493999999999"><ele>398.64</ele></trkpt>
      <trkpt lat="50.807403" lon="15.051395"><ele>404.59</ele></trkpt>
      <trkpt lat="50.807344" lon="15.052002"><ele>408.54</ele></trkpt>
      <trkpt lat="50.806957" lon="15.053336999999999"><ele>417.46</ele></trkpt>
      <trkpt lat="50.806795" lon="15.05377"><ele>420.28</ele></trkpt>
      <trkpt lat="50.806414" lon="15.054927"><ele>427.32</ele></trkpt>
      <trkpt lat="50.806407" lon="15.054977"><ele>427.77</ele></trkpt>
      <trkpt lat="50.806294" lon="15.055444999999999"><ele>431.25</ele></trkpt>
      <trkpt lat="50.806334" lon="15.055852999999999"><ele>433.96</ele></trkpt>
      <trkpt lat="50.806489" lon="15.056484"><ele>437.45</ele></trkpt>
      <trkpt lat="50.806568999999996" lon="15.056585"><ele>437.31</ele></trkpt>
      <trkpt lat="50.806703999999996" lon="15.056712999999998"><ele>436.49</ele></trkpt>
      <trkpt lat="50.806827" lon="15.056899999999999"><ele>435.34</ele></trkpt>
      <trkpt lat="50.806925" lon="15.057143"><ele>434.36</ele></trkpt>
      <trkpt lat="50.806961" lon="15.0574"><ele>433.7</ele></trkpt>
      <trkpt lat="50.806947" lon="15.057609999999999"><ele>432.98</ele></trkpt>
      <trkpt lat="50.80685" lon="15.057846999999999"><ele>432.05</ele></trkpt>
      <trkpt lat="50.806785999999995" lon="15.058206"><ele>431.08</ele></trkpt>
      <trkpt lat="50.806809" lon="15.058347"><ele>430.8</ele></trkpt>
      <trkpt lat="50.806872" lon="15.058411999999999"><ele>430.62</ele></trkpt>
      <trkpt lat="50.806961" lon="15.058399999999999"><ele>430.48</ele></trkpt>
      <trkpt lat="50.807241999999995" lon="15.058062999999999"><ele>430.37</ele></trkpt>
      <trkpt lat="50.807409" lon="15.05796"><ele>430.72</ele></trkpt>
      <trkpt lat="50.807719999999996" lon="15.057995"><ele>432.53</ele></trkpt>
      <trkpt lat="50.808495" lon="15.058487999999999"><ele>440.56</ele></trkpt>
      <trkpt lat="50.808932" lon="15.058605"><ele>444.33</ele></trkpt>
      <trkpt lat="50.808921" lon="15.058686999999999"><ele>444.98</ele></trkpt>
      <trkpt lat="50.808836" lon="15.058892"><ele>446.46</ele></trkpt>
      <trkpt lat="50.808639" lon="15.05919"><ele>447.84</ele></trkpt>
      <trkpt lat="50.808057" lon="15.059527999999998"><ele>450.24</ele></trkpt>
      <trkpt lat="50.807981999999996" lon="15.059619"><ele>450.73</ele></trkpt>
      <trkpt lat="50.807967" lon="15.059766999999999"><ele>451.24</ele></trkpt>
      <trkpt lat="50.808057" lon="15.060625"><ele>455.11</ele></trkpt>
      <trkpt lat="50.808142" lon="15.060991999999999"><ele>457.28</ele></trkpt>
      <trkpt lat="50.808417999999996" lon="15.061907"><ele>462.85</ele></trkpt>
      <trkpt lat="50.808611" lon="15.062591"><ele>467.09</ele></trkpt>
      <trkpt lat="50.808682" lon="15.063244"><ele>470.88</ele></trkpt>
      <trkpt lat="50.808803999999995" lon="15.063612"><ele>473.01</ele></trkpt>
      <trkpt lat="50.808575" lon="15.063993"><ele>478.14</ele></trkpt>
      <trkpt lat="50.808474999999994" lon="15.064062999999999"><ele>479</ele></trkpt>
      <trkpt lat="50.808392" lon="15.064076"><ele>479.68</ele></trkpt>
      <trkpt lat="50.808226999999995" lon="15.064133"><ele>481.27</ele></trkpt>
      <trkpt lat="50.808077999999995" lon="15.064247"><ele>481.52</ele></trkpt>
      <trkpt lat="50.807994" lon="15.064371999999999"><ele>481.15</ele></trkpt>
      <trkpt lat="50.807994" lon="15.064371999999999"><ele>481.15</ele></trkpt>
      <trkpt lat="50.807994" lon="15.064371999999999"><ele>481.15</ele></trkpt>
      <trkpt lat="50.807994" lon="15.064371999999999"><ele>481.15</ele></trkpt>
      <trkpt lat="50.807994" lon="15.064371999999999"><ele>481.15</ele></trkpt>
      <trkpt lat="50.808186" lon="15.064281"><ele>482.34</ele></trkpt>
      <trkpt lat="50.808454999999995" lon="15.064338"><ele>483.58</ele></trkpt>
      <trkpt lat="50.808699999999995" lon="15.064411999999999"><ele>484.74</ele></trkpt>
      <trkpt lat="50.809041" lon="15.06457"><ele>486.21</ele></trkpt>
      <trkpt lat="50.809354" lon="15.064734999999999"><ele>483.64</ele></trkpt>
      <trkpt lat="50.809765999999996" lon="15.06501"><ele>479.63</ele></trkpt>
      <trkpt lat="50.810112" lon="15.065282"><ele>475.21</ele></trkpt>
      <trkpt lat="50.810407" lon="15.065693"><ele>471.76</ele></trkpt>
      <trkpt lat="50.810565999999994" lon="15.065878999999999"><ele>470.7</ele></trkpt>
      <trkpt lat="50.810803" lon="15.065940999999999"><ele>469.57</ele></trkpt>
      <trkpt lat="50.811116" lon="15.066101999999999"><ele>468.11</ele></trkpt>
      <trkpt lat="50.811730999999995" lon="15.066175999999999"><ele>466.14</ele></trkpt>
      <trkpt lat="50.811972999999995" lon="15.066272999999999"><ele>465.01</ele></trkpt>
      <trkpt lat="50.812141999999994" lon="15.066327"><ele>464.77</ele></trkpt>
      <trkpt lat="50.812413" lon="15.066446"><ele>464.58</ele></trkpt>
      <trkpt lat="50.812442999999995" lon="15.066493999999999"><ele>464.93</ele></trkpt>
      <trkpt lat="50.812504999999994" lon="15.066986"><ele>470.15</ele></trkpt>
      <trkpt lat="50.812813999999996" lon="15.067554"><ele>473.25</ele></trkpt>
      <trkpt lat="50.812934" lon="15.067893"><ele>474.32</ele></trkpt>
      <trkpt lat="50.812967" lon="15.068187"><ele>474.83</ele></trkpt>
      <trkpt lat="50.812991999999994" lon="15.068959999999999"><ele>476.3</ele></trkpt>
      <trkpt lat="50.813044999999995" lon="15.069258"><ele>476.89</ele></trkpt>
      <trkpt lat="50.813154999999995" lon="15.069469999999999"><ele>477.19</ele></trkpt>
      <trkpt lat="50.813182" lon="15.069821999999998"><ele>477.8</ele></trkpt>
      <trkpt lat="50.813277" lon="15.07001"><ele>478.4</ele></trkpt>
      <trkpt lat="50.813432999999996" lon="15.070145"><ele>479.13</ele></trkpt>
      <trkpt lat="50.813863" lon="15.070675"><ele>481.44</ele></trkpt>
      <trkpt lat="50.814164999999996" lon="15.071228999999999"><ele>483.47</ele></trkpt>
      <trkpt lat="50.814628" lon="15.071838999999999"><ele>488.77</ele></trkpt>
      <trkpt lat="50.814684" lon="15.072030999999999"><ele>490.09</ele></trkpt>
      <trkpt lat="50.814671999999995" lon="15.072363"><ele>493.29</ele></trkpt>
      <trkpt lat="50.814688" lon="15.072572999999998"><ele>496.22</ele></trkpt>
      <trkpt lat="50.814817" lon="15.072744"><ele>498.8</ele></trkpt>
      <trkpt lat="50.814951" lon="15.072961"><ele>500.25</ele></trkpt>
      <trkpt lat="50.815059" lon="15.073238"><ele>499.82</ele></trkpt>
      <trkpt lat="50.815059" lon="15.073238"><ele>499.82</ele></trkpt>
      <trkpt lat="50.815059" lon="15.073238"><ele>499.82</ele></trkpt>
      <trkpt lat="50.815059" lon="15.073238"><ele>499.82</ele></trkpt>
      <trkpt lat="50.815059" lon="15.073238"><ele>499.82</ele></trkpt>
      <trkpt lat="50.814947" lon="15.073644999999999"><ele>503.01</ele></trkpt>
      <trkpt lat="50.814642" lon="15.074898"><ele>509.9</ele></trkpt>
      <trkpt lat="50.814614" lon="15.075135999999999"><ele>510.62</ele></trkpt>
      <trkpt lat="50.814626" lon="15.075415"><ele>510.76</ele></trkpt>
      <trkpt lat="50.814693" lon="15.07574"><ele>509.62</ele></trkpt>
      <trkpt lat="50.814768" lon="15.075878999999999"><ele>508.97</ele></trkpt>
      <trkpt lat="50.81505" lon="15.076153999999999"><ele>508.51</ele></trkpt>
      <trkpt lat="50.815093" lon="15.076262"><ele>508.44</ele></trkpt>
      <trkpt lat="50.815129" lon="15.076381"><ele>508.39</ele></trkpt>
      <trkpt lat="50.815131" lon="15.076554"><ele>508.39</ele></trkpt>
      <trkpt lat="50.814868" lon="15.077344"><ele>508.88</ele></trkpt>
      <trkpt lat="50.814811" lon="15.077558"><ele>508.88</ele></trkpt>
      <trkpt lat="50.814816" lon="15.077765999999999"><ele>509.02</ele></trkpt>
      <trkpt lat="50.814844" lon="15.077898999999999"><ele>509.17</ele></trkpt>
      <trkpt lat="50.814952999999996" lon="15.07822"><ele>509.65</ele></trkpt>
      <trkpt lat="50.814949" lon="15.07836"><ele>509.77</ele></trkpt>
      <trkpt lat="50.814899" lon="15.078456"><ele>509.83</ele></trkpt>
      <trkpt lat="50.814586999999996" lon="15.078631"><ele>509.85</ele></trkpt>
      <trkpt lat="50.814505" lon="15.078776999999999"><ele>509.82</ele></trkpt>
      <trkpt lat="50.814543" lon="15.080172"><ele>507.11</ele></trkpt>
      <trkpt lat="50.814434" lon="15.080976"><ele>504.03</ele></trkpt>
      <trkpt lat="50.814343" lon="15.081361"><ele>501.87</ele></trkpt>
      <trkpt lat="50.814367" lon="15.082279"><ele>496.28</ele></trkpt>
      <trkpt lat="50.814474" lon="15.082592"><ele>494.07</ele></trkpt>
      <trkpt lat="50.814659999999996" lon="15.083634"><ele>489.03</ele></trkpt>
      <trkpt lat="50.814724" lon="15.083751"><ele>488.27</ele></trkpt>
      <trkpt lat="50.814828999999996" lon="15.083782999999999"><ele>486.69</ele></trkpt>
      <trkpt lat="50.814772" lon="15.084069"><ele>488.64</ele></trkpt>
      <trkpt lat="50.814755" lon="15.084219"><ele>489.55</ele></trkpt>
      <trkpt lat="50.814741" lon="15.084444"><ele>490.67</ele></trkpt>
      <trkpt lat="50.814747" lon="15.085301999999999"><ele>492.69</ele></trkpt>
      <trkpt lat="50.814772999999995" lon="15.085526"><ele>493</ele></trkpt>
      <trkpt lat="50.81485" lon="15.086020999999999"><ele>496.35</ele></trkpt>
      <trkpt lat="50.814851" lon="15.086158999999999"><ele>497.82</ele></trkpt>
      <trkpt lat="50.814819" lon="15.086265"><ele>499.58</ele></trkpt>
      <trkpt lat="50.814775" lon="15.086331999999999"><ele>500.6</ele></trkpt>
      <trkpt lat="50.814705" lon="15.086357"><ele>501.42</ele></trkpt>
      <trkpt lat="50.814628" lon="15.086350999999999"><ele>502.08</ele></trkpt>
      <trkpt lat="50.814394" lon="15.08617"><ele>505.04</ele></trkpt>
      <trkpt lat="50.814333999999995" lon="15.086153999999999"><ele>505.95</ele></trkpt>
      <trkpt lat="50.814277" lon="15.086170999999998"><ele>506.85</ele></trkpt>
      <trkpt lat="50.814212" lon="15.086243"><ele>507.93</ele></trkpt>
      <trkpt lat="50.814115" lon="15.086402999999999"><ele>509.72</ele></trkpt>
      <trkpt lat="50.814043" lon="15.086587999999999"><ele>511.48</ele></trkpt>
      <trkpt lat="50.813973" lon="15.086955"><ele>515.2</ele></trkpt>
      <trkpt lat="50.813919999999996" lon="15.087155"><ele>517.32</ele></trkpt>
      <trkpt lat="50.813832999999995" lon="15.087385999999999"><ele>519.28</ele></trkpt>
      <trkpt lat="50.813784999999996" lon="15.087485"><ele>520.44</ele></trkpt>
      <trkpt lat="50.813707" lon="15.087589"><ele>521.52</ele></trkpt>
      <trkpt lat="50.813596" lon="15.087677"><ele>522.86</ele></trkpt>
      <trkpt lat="50.813462" lon="15.087714"><ele>525.82</ele></trkpt>
      <trkpt lat="50.813117999999996" lon="15.087762999999999"><ele>531.42</ele></trkpt>
      <trkpt lat="50.81304" lon="15.087800999999999"><ele>532.8</ele></trkpt>
      <trkpt lat="50.812973" lon="15.087888"><ele>534.1</ele></trkpt>
      <trkpt lat="50.812934999999996" lon="15.087975"><ele>535.06</ele></trkpt>
      <trkpt lat="50.812897" lon="15.088147999999999"><ele>536.77</ele></trkpt>
      <trkpt lat="50.812839999999994" lon="15.088683"><ele>541.62</ele></trkpt>
      <trkpt lat="50.812808" lon="15.089687999999999"><ele>550.14</ele></trkpt>
      <trkpt lat="50.812835" lon="15.090038999999999"><ele>553.1</ele></trkpt>
      <trkpt lat="50.812815" lon="15.090349"><ele>556.65</ele></trkpt>
      <trkpt lat="50.812729" lon="15.090475"><ele>558.77</ele></trkpt>
      <trkpt lat="50.812583" lon="15.090475"><ele>561.4</ele></trkpt>
      <trkpt lat="50.812124" lon="15.090328999999999"><ele>569.17</ele></trkpt>
      <trkpt lat="50.812014" lon="15.090416"><ele>570.99</ele></trkpt>
      <trkpt lat="50.811949999999996" lon="15.090625"><ele>573.05</ele></trkpt>
      <trkpt lat="50.811935" lon="15.091042"><ele>576.37</ele></trkpt>
      <trkpt lat="50.812022999999996" lon="15.092302"><ele>584.8</ele></trkpt>
      <trkpt lat="50.812076999999995" lon="15.092861"><ele>588.9</ele></trkpt>
      <trkpt lat="50.81266" lon="15.096513"><ele>621.17</ele></trkpt>
      <trkpt lat="50.81263" lon="15.096791999999999"><ele>623.32</ele></trkpt>
      <trkpt lat="50.812591" lon="15.097009"><ele>625.18</ele></trkpt>
      <trkpt lat="50.812146999999996" lon="15.098040999999998"><ele>635.42</ele></trkpt>
      <trkpt lat="50.811969" lon="15.098381999999999"><ele>638.97</ele></trkpt>
      <trkpt lat="50.811771" lon="15.0986"><ele>642.02</ele></trkpt>
      <trkpt lat="50.811101" lon="15.099082999999998"><ele>651.23</ele></trkpt>
      <trkpt lat="50.810961999999996" lon="15.099222"><ele>653.19</ele></trkpt>
      <trkpt lat="50.809982999999995" lon="15.100477"><ele>666.11</ele></trkpt>
      <trkpt lat="50.809729999999995" lon="15.100861"><ele>668.07</ele></trkpt>
      <trkpt lat="50.809729999999995" lon="15.100861"><ele>668.07</ele></trkpt>
      <trkpt lat="50.809729999999995" lon="15.100861"><ele>668.07</ele></trkpt>
      <trkpt lat="50.809729999999995" lon="15.100861"><ele>668.07</ele></trkpt>
      <trkpt lat="50.809729999999995" lon="15.100861"><ele>668.07</ele></trkpt>
      <trkpt lat="50.809855999999996" lon="15.101168999999999"><ele>669.08</ele></trkpt>
      <trkpt lat="50.810022" lon="15.102058"><ele>672.1</ele></trkpt>
      <trkpt lat="50.810381" lon="15.103126999999999"><ele>674.01</ele></trkpt>
      <trkpt lat="50.810482" lon="15.103555"><ele>674.75</ele></trkpt>
      <trkpt lat="50.810579" lon="15.104802"><ele>678.54</ele></trkpt>
      <trkpt lat="50.810624999999995" lon="15.105113999999999"><ele>680.11</ele></trkpt>
      <trkpt lat="50.810759999999995" lon="15.105274999999999"><ele>680.88</ele></trkpt>
      <trkpt lat="50.810942" lon="15.105369"><ele>681.49</ele></trkpt>
      <trkpt lat="50.812467999999996" lon="15.105238"><ele>686.78</ele></trkpt>
      <trkpt lat="50.812663" lon="15.105246"><ele>687.81</ele></trkpt>
      <trkpt lat="50.812847999999995" lon="15.105286999999999"><ele>688.94</ele></trkpt>
      <trkpt lat="50.81297" lon="15.105353"><ele>689.79</ele></trkpt>
      <trkpt lat="50.81435" lon="15.106409999999999"><ele>703.07</ele></trkpt>
      <trkpt lat="50.814643" lon="15.106698"><ele>707.45</ele></trkpt>
      <trkpt lat="50.814896" lon="15.107042999999999"><ele>712.09</ele></trkpt>
      <trkpt lat="50.815214999999995" lon="15.107569999999999"><ele>718.76</ele></trkpt>
      <trkpt lat="50.815363" lon="15.107977"><ele>722.97</ele></trkpt>
      <trkpt lat="50.815514" lon="15.10873"><ele>729.65</ele></trkpt>
      <trkpt lat="50.815987" lon="15.110313"><ele>742.56</ele></trkpt>
      <trkpt lat="50.816595" lon="15.112912999999999"><ele>759.92</ele></trkpt>
      <trkpt lat="50.816676" lon="15.113073"><ele>760.2</ele></trkpt>
      <trkpt lat="50.816736" lon="15.113157999999999"><ele>760.3</ele></trkpt>
      <trkpt lat="50.816938" lon="15.113398"><ele>762.5</ele></trkpt>
      <trkpt lat="50.817088999999996" lon="15.113748"><ele>764.87</ele></trkpt>
      <trkpt lat="50.817350999999995" lon="15.114493"><ele>769.64</ele></trkpt>
      <trkpt lat="50.817946" lon="15.11552"><ele>778.69</ele></trkpt>
      <trkpt lat="50.818238" lon="15.116076"><ele>783.81</ele></trkpt>
      <trkpt lat="50.818607" lon="15.117199"><ele>793.49</ele></trkpt>
      <trkpt lat="50.818856" lon="15.117849"><ele>799</ele></trkpt>
      <trkpt lat="50.819162999999996" lon="15.118297"><ele>803.19</ele></trkpt>
      <trkpt lat="50.820088" lon="15.11933"><ele>812.11</ele></trkpt>
      <trkpt lat="50.820313999999996" lon="15.119712999999999"><ele>814</ele></trkpt>
      <trkpt lat="50.820864" lon="15.120686999999998"><ele>817.64</ele></trkpt>
      <trkpt lat="50.821622999999995" lon="15.121962"><ele>820.77</ele></trkpt>
      <trkpt lat="50.821825999999994" lon="15.122226"><ele>821.41</ele></trkpt>
      <trkpt lat="50.822990999999995" lon="15.123317"><ele>823.87</ele></trkpt>
      <trkpt lat="50.823434999999996" lon="15.123878"><ele>824.07</ele></trkpt>
      <trkpt lat="50.824587" lon="15.125762"><ele>820.64</ele></trkpt>
      <trkpt lat="50.82474" lon="15.126114"><ele>819.56</ele></trkpt>
      <trkpt lat="50.824816999999996" lon="15.126365"><ele>818.06</ele></trkpt>
      <trkpt lat="50.824844" lon="15.126586"><ele>816.94</ele></trkpt>
      <trkpt lat="50.824824" lon="15.128511"><ele>806.77</ele></trkpt>
      <trkpt lat="50.824796" lon="15.128927"><ele>805.25</ele></trkpt>
      <trkpt lat="50.824743" lon="15.129161"><ele>804.53</ele></trkpt>
      <trkpt lat="50.824577" lon="15.129653"><ele>803.48</ele></trkpt>
      <trkpt lat="50.824521" lon="15.129956"><ele>803.16</ele></trkpt>
      <trkpt lat="50.824549" lon="15.130379"><ele>802.85</ele></trkpt>
      <trkpt lat="50.824659" lon="15.130875999999999"><ele>802.42</ele></trkpt>
      <trkpt lat="50.824982999999996" lon="15.132002"><ele>800.9</ele></trkpt>
      <trkpt lat="50.825173" lon="15.132524"><ele>799.99</ele></trkpt>
      <trkpt lat="50.825415" lon="15.133037"><ele>798.49</ele></trkpt>
      <trkpt lat="50.825415" lon="15.133037"><ele>798.49</ele></trkpt>
      <trkpt lat="50.825415" lon="15.133037"><ele>798.49</ele></trkpt>
      <trkpt lat="50.825415" lon="15.133037"><ele>798.49</ele></trkpt>
      <trkpt lat="50.825415" lon="15.133037"><ele>798.49</ele></trkpt>
      <trkpt lat="50.826834999999996" lon="15.134981999999999"><ele>791.24</ele></trkpt>
      <trkpt lat="50.826753" lon="15.133695999999999"><ele>788.59</ele></trkpt>
      <trkpt lat="50.826767" lon="15.1318"><ele>778.38</ele></trkpt>
      <trkpt lat="50.8268" lon="15.131504"><ele>776.75</ele></trkpt>
      <trkpt lat="50.826843" lon="15.131317999999998"><ele>775.73</ele></trkpt>
      <trkpt lat="50.826963" lon="15.131082"><ele>774.24</ele></trkpt>
      <trkpt lat="50.828196999999996" lon="15.129385"><ele>764.83</ele></trkpt>
      <trkpt lat="50.828292999999995" lon="15.129285"><ele>764.34</ele></trkpt>
      <trkpt lat="50.82839" lon="15.129226"><ele>763.9</ele></trkpt>
      <trkpt lat="50.82948" lon="15.128852"><ele>759.5</ele></trkpt>
      <trkpt lat="50.829730999999995" lon="15.128717"><ele>758.56</ele></trkpt>
      <trkpt lat="50.829912" lon="15.128535"><ele>757.85</ele></trkpt>
      <trkpt lat="50.830073" lon="15.128286999999998"><ele>757.13</ele></trkpt>
      <trkpt lat="50.830256" lon="15.127863"><ele>756.08</ele></trkpt>
      <trkpt lat="50.830425" lon="15.127405"><ele>755.06</ele></trkpt>
      <trkpt lat="50.830569999999994" lon="15.126816999999999"><ele>753.95</ele></trkpt>
      <trkpt lat="50.830746" lon="15.125554999999999"><ele>752</ele></trkpt>
      <trkpt lat="50.830850999999996" lon="15.123386"><ele>748.02</ele></trkpt>
      <trkpt lat="50.830892999999996" lon="15.122864"><ele>747.17</ele></trkpt>
      <trkpt lat="50.831174" lon="15.121118"><ele>743.68</ele></trkpt>
      <trkpt lat="50.831337999999995" lon="15.1206"><ele>741.17</ele></trkpt>
      <trkpt lat="50.831756999999996" lon="15.119364"><ele>731.51</ele></trkpt>
      <trkpt lat="50.831956" lon="15.118022999999999"><ele>721.76</ele></trkpt>
      <trkpt lat="50.831972" lon="15.11773"><ele>720.41</ele></trkpt>
      <trkpt lat="50.831948999999994" lon="15.117471"><ele>719.2</ele></trkpt>
      <trkpt lat="50.831893" lon="15.116574"><ele>718.32</ele></trkpt>
      <trkpt lat="50.832384999999995" lon="15.115656999999999"><ele>712.66</ele></trkpt>
      <trkpt lat="50.832761" lon="15.114787999999999"><ele>708.15</ele></trkpt>
      <trkpt lat="50.832874999999994" lon="15.114576"><ele>706.96</ele></trkpt>
      <trkpt lat="50.833039" lon="15.114412"><ele>705.76</ele></trkpt>
      <trkpt lat="50.833282999999994" lon="15.114215"><ele>704.02</ele></trkpt>
      <trkpt lat="50.833341999999995" lon="15.11409"><ele>703.37</ele></trkpt>
      <trkpt lat="50.833349" lon="15.113975"><ele>702.85</ele></trkpt>
      <trkpt lat="50.833324" lon="15.113856"><ele>702.28</ele></trkpt>
      <trkpt lat="50.833268999999994" lon="15.113743"><ele>701.59</ele></trkpt>
      <trkpt lat="50.832991" lon="15.113551"><ele>699.23</ele></trkpt>
      <trkpt lat="50.832781999999995" lon="15.113354"><ele>697.26</ele></trkpt>
      <trkpt lat="50.832586" lon="15.113062999999999"><ele>694.72</ele></trkpt>
      <trkpt lat="50.832513" lon="15.11282"><ele>693</ele></trkpt>
      <trkpt lat="50.832485999999996" lon="15.112540999999998"><ele>691.17</ele></trkpt>
      <trkpt lat="50.83249" lon="15.112001"><ele>687.68</ele></trkpt>
      <trkpt lat="50.832611" lon="15.111115"><ele>681.79</ele></trkpt>
      <trkpt lat="50.832609" lon="15.110906"><ele>680.33</ele></trkpt>
      <trkpt lat="50.832588" lon="15.110795999999999"><ele>679.47</ele></trkpt>
      <trkpt lat="50.832538" lon="15.110652"><ele>678.23</ele></trkpt>
      <trkpt lat="50.832398999999995" lon="15.110418"><ele>675.88</ele></trkpt>
      <trkpt lat="50.832367" lon="15.110259999999998"><ele>674.72</ele></trkpt>
      <trkpt lat="50.832377" lon="15.110121"><ele>673.76</ele></trkpt>
      <trkpt lat="50.83244" lon="15.110021999999999"><ele>672.8</ele></trkpt>
      <trkpt lat="50.832518" lon="15.109969"><ele>671.87</ele></trkpt>
      <trkpt lat="50.83262" lon="15.109971999999999"><ele>670.78</ele></trkpt>
      <trkpt lat="50.832811" lon="15.110118"><ele>668.62</ele></trkpt>
      <trkpt lat="50.833200999999995" lon="15.110572999999999"><ele>665.31</ele></trkpt>
      <trkpt lat="50.833371" lon="15.11085"><ele>664.12</ele></trkpt>
      <trkpt lat="50.833531" lon="15.111191"><ele>662.61</ele></trkpt>
      <trkpt lat="50.833653999999996" lon="15.111355"><ele>661.59</ele></trkpt>
      <trkpt lat="50.833804" lon="15.111424999999999"><ele>660.51</ele></trkpt>
      <trkpt lat="50.834011" lon="15.111403"><ele>659.03</ele></trkpt>
      <trkpt lat="50.834168999999996" lon="15.11131"><ele>657.79</ele></trkpt>
      <trkpt lat="50.834317" lon="15.111125999999999"><ele>656.43</ele></trkpt>
      <trkpt lat="50.834975" lon="15.109763"><ele>651.1</ele></trkpt>
      <trkpt lat="50.835066" lon="15.109494999999999"><ele>650.2</ele></trkpt>
      <trkpt lat="50.835083999999995" lon="15.109226"><ele>649.36</ele></trkpt>
      <trkpt lat="50.834911" lon="15.105988"><ele>636.42</ele></trkpt>
      <trkpt lat="50.834931999999995" lon="15.105658"><ele>635.44</ele></trkpt>
      <trkpt lat="50.835029999999996" lon="15.105297"><ele>634.77</ele></trkpt>
      <trkpt lat="50.835162" lon="15.104992"><ele>633.19</ele></trkpt>
      <trkpt lat="50.835318" lon="15.104749"><ele>631.41</ele></trkpt>
      <trkpt lat="50.835622" lon="15.104365"><ele>628.36</ele></trkpt>
      <trkpt lat="50.835749" lon="15.104125"><ele>626.57</ele></trkpt>
      <trkpt lat="50.835808" lon="15.10393"><ele>625.22</ele></trkpt>
      <trkpt lat="50.83584" lon="15.103696"><ele>623.68</ele></trkpt>
      <trkpt lat="50.835833" lon="15.103447999999998"><ele>622.05</ele></trkpt>
      <trkpt lat="50.835758" lon="15.102869"><ele>617.89</ele></trkpt>
      <trkpt lat="50.835628" lon="15.101301999999999"><ele>604.63</ele></trkpt>
      <trkpt lat="50.83564" lon="15.101128"><ele>603.13</ele></trkpt>
      <trkpt lat="50.83577" lon="15.100814999999999"><ele>600.09</ele></trkpt>
      <trkpt lat="50.835888" lon="15.100627999999999"><ele>598.09</ele></trkpt>
      <trkpt lat="50.836315" lon="15.100112"><ele>592.21</ele></trkpt>
      <trkpt lat="50.836414" lon="15.100055"><ele>591.29</ele></trkpt>
      <trkpt lat="50.836537" lon="15.100062"><ele>590.33</ele></trkpt>
      <trkpt lat="50.836695999999996" lon="15.100219"><ele>589.02</ele></trkpt>
      <trkpt lat="50.836825999999995" lon="15.100432999999999"><ele>587.91</ele></trkpt>
      <trkpt lat="50.836889" lon="15.100653999999999"><ele>586.92</ele></trkpt>
      <trkpt lat="50.836903" lon="15.100868"><ele>585.76</ele></trkpt>
      <trkpt lat="50.836881999999996" lon="15.101101"><ele>584.23</ele></trkpt>
      <trkpt lat="50.836819" lon="15.101344999999998"><ele>582.5</ele></trkpt>
      <trkpt lat="50.836825999999995" lon="15.101529"><ele>581.42</ele></trkpt>
      <trkpt lat="50.836872" lon="15.101636"><ele>580.69</ele></trkpt>
      <trkpt lat="50.836942" lon="15.101700999999998"><ele>579.98</ele></trkpt>
      <trkpt lat="50.83701" lon="15.101707999999999"><ele>579.4</ele></trkpt>
      <trkpt lat="50.837078999999996" lon="15.101624"><ele>578.61</ele></trkpt>
      <trkpt lat="50.837132" lon="15.101505999999999"><ele>577.78</ele></trkpt>
      <trkpt lat="50.837243" lon="15.100817999999999"><ele>573.96</ele></trkpt>
      <trkpt lat="50.837247999999995" lon="15.10065"><ele>573.5</ele></trkpt>
      <trkpt lat="50.837222" lon="15.100486"><ele>573.2</ele></trkpt>
      <trkpt lat="50.837165999999996" lon="15.100292"><ele>572.87</ele></trkpt>
      <trkpt lat="50.836861999999996" lon="15.099592999999999"><ele>571.3</ele></trkpt>
      <trkpt lat="50.83678" lon="15.099501"><ele>571.11</ele></trkpt>
      <trkpt lat="50.836656999999995" lon="15.099421"><ele>570.93</ele></trkpt>
      <trkpt lat="50.836469" lon="15.099340999999999"><ele>570.4</ele></trkpt>
      <trkpt lat="50.836349" lon="15.099347999999999"><ele>569.7</ele></trkpt>
      <trkpt lat="50.836079" lon="15.099459"><ele>567.31</ele></trkpt>
      <trkpt lat="50.835985" lon="15.099466999999999"><ele>566.42</ele></trkpt>
      <trkpt lat="50.835905" lon="15.099406"><ele>565.58</ele></trkpt>
      <trkpt lat="50.835868999999995" lon="15.099279999999998"><ele>564.79</ele></trkpt>
      <trkpt lat="50.835864" lon="15.099153999999999"><ele>564.05</ele></trkpt>
      <trkpt lat="50.835864" lon="15.099153999999999"><ele>564.05</ele></trkpt>
      <trkpt lat="50.835864" lon="15.099153999999999"><ele>564.05</ele></trkpt>
      <trkpt lat="50.835864" lon="15.099153999999999"><ele>564.05</ele></trkpt>
      <trkpt lat="50.835864" lon="15.099153999999999"><ele>564.05</ele></trkpt>
      <trkpt lat="50.83591" lon="15.099065999999999"><ele>563.35</ele></trkpt>
      <trkpt lat="50.836003999999996" lon="15.099012"><ele>562.22</ele></trkpt>
      <trkpt lat="50.836999999999996" lon="15.098932"><ele>551.88</ele></trkpt>
      <trkpt lat="50.837134999999996" lon="15.098946999999999"><ele>549.91</ele></trkpt>
      <trkpt lat="50.837247999999995" lon="15.09901"><ele>547.99</ele></trkpt>
      <trkpt lat="50.837485" lon="15.099210999999999"><ele>543.76</ele></trkpt>
      <trkpt lat="50.83761" lon="15.099248999999999"><ele>542</ele></trkpt>
      <trkpt lat="50.837706" lon="15.099219"><ele>540.79</ele></trkpt>
      <trkpt lat="50.837892" lon="15.099012"><ele>538.49</ele></trkpt>
      <trkpt lat="50.837984" lon="15.098996999999999"><ele>537.62</ele></trkpt>
      <trkpt lat="50.838055999999995" lon="15.099053999999999"><ele>536.79</ele></trkpt>
      <trkpt lat="50.838071" lon="15.099196"><ele>535.73</ele></trkpt>
      <trkpt lat="50.83802" lon="15.099366999999999"><ele>534.29</ele></trkpt>
      <trkpt lat="50.837948" lon="15.099542999999999"><ele>532.84</ele></trkpt>
      <trkpt lat="50.837933" lon="15.099775999999999"><ele>531.5</ele></trkpt>
      <trkpt lat="50.837984" lon="15.09991"><ele>530.71</ele></trkpt>
      <trkpt lat="50.838083" lon="15.099962999999999"><ele>529.83</ele></trkpt>
      <trkpt lat="50.838169" lon="15.099933"><ele>528.98</ele></trkpt>
      <trkpt lat="50.838338" lon="15.099687999999999"><ele>526.36</ele></trkpt>
      <trkpt lat="50.838536" lon="15.099482"><ele>522.87</ele></trkpt>
      <trkpt lat="50.838615999999995" lon="15.099352"><ele>521.3</ele></trkpt>
      <trkpt lat="50.838643999999995" lon="15.099254"><ele>520.52</ele></trkpt>
      <trkpt lat="50.838698" lon="15.098885999999998"><ele>518.01</ele></trkpt>
      <trkpt lat="50.838736999999995" lon="15.098785"><ele>517.18</ele></trkpt>
      <trkpt lat="50.838806" lon="15.098711"><ele>516.22</ele></trkpt>
      <trkpt lat="50.838888" lon="15.098704"><ele>515.24</ele></trkpt>
      <trkpt lat="50.838961" lon="15.098723"><ele>514.34</ele></trkpt>
      <trkpt lat="50.83904" lon="15.098775999999999"><ele>513.33</ele></trkpt>
      <trkpt lat="50.839129" lon="15.098977999999999"><ele>511.47</ele></trkpt>
      <trkpt lat="50.839189" lon="15.099291"><ele>508.92</ele></trkpt>
      <trkpt lat="50.839287999999996" lon="15.099459"><ele>507.27</ele></trkpt>
      <trkpt lat="50.839394" lon="15.099447999999999"><ele>506.05</ele></trkpt>
      <trkpt lat="50.839481" lon="15.099371"><ele>504.88</ele></trkpt>
      <trkpt lat="50.839645" lon="15.099053999999999"><ele>501.9</ele></trkpt>
      <trkpt lat="50.839679" lon="15.098882999999999"><ele>500.64</ele></trkpt>
      <trkpt lat="50.839681" lon="15.098673"><ele>499.21</ele></trkpt>
      <trkpt lat="50.839648" lon="15.09855"><ele>498.28</ele></trkpt>
      <trkpt lat="50.839479" lon="15.098291"><ele>495.57</ele></trkpt>
      <trkpt lat="50.839433" lon="15.098115"><ele>494.28</ele></trkpt>
      <trkpt lat="50.839365" lon="15.097451"><ele>489.44</ele></trkpt>
      <trkpt lat="50.839321999999996" lon="15.097275"><ele>487.76</ele></trkpt>
      <trkpt lat="50.83927" lon="15.09722"><ele>487.21</ele></trkpt>
      <trkpt lat="50.839168" lon="15.097195"><ele>487.44</ele></trkpt>
      <trkpt lat="50.839062" lon="15.097202"><ele>487.06</ele></trkpt>
      <trkpt lat="50.838978" lon="15.097178"><ele>486.76</ele></trkpt>
      <trkpt lat="50.838929" lon="15.097142999999999"><ele>486.25</ele></trkpt>
      <trkpt lat="50.838899999999995" lon="15.097019"><ele>484.34</ele></trkpt>
      <trkpt lat="50.838893" lon="15.096862999999999"><ele>480.83</ele></trkpt>
      <trkpt lat="50.838947" lon="15.096757"><ele>479.45</ele></trkpt>
      <trkpt lat="50.839034" lon="15.096708999999999"><ele>478.12</ele></trkpt>
      <trkpt lat="50.839172" lon="15.096712"><ele>478.72</ele></trkpt>
      <trkpt lat="50.839607" lon="15.096912"><ele>475.5</ele></trkpt>
      <trkpt lat="50.839704999999995" lon="15.097052999999999"><ele>473.94</ele></trkpt>
      <trkpt lat="50.839838" lon="15.097325"><ele>471.45</ele></trkpt>
      <trkpt lat="50.839915" lon="15.097382"><ele>470.54</ele></trkpt>
      <trkpt lat="50.840004" lon="15.097386"><ele>469.56</ele></trkpt>
      <trkpt lat="50.840067" lon="15.097306"><ele>468.61</ele></trkpt>
      <trkpt lat="50.840081999999995" lon="15.097168"><ele>467.62</ele></trkpt>
      <trkpt lat="50.840064999999996" lon="15.097026999999999"><ele>466.42</ele></trkpt>
      <trkpt lat="50.839935999999994" lon="15.096625999999999"><ele>462.5</ele></trkpt>
      <trkpt lat="50.839921" lon="15.096502"><ele>461.57</ele></trkpt>
      <trkpt lat="50.839921" lon="15.09625"><ele>458.43</ele></trkpt>
      <trkpt lat="50.839948" lon="15.096124"><ele>456.03</ele></trkpt>
      <trkpt lat="50.839991" lon="15.096044"><ele>454.26</ele></trkpt>
      <trkpt lat="50.840091" lon="15.095941999999999"><ele>452.78</ele></trkpt>
      <trkpt lat="50.840167" lon="15.09592"><ele>451.53</ele></trkpt>
      <trkpt lat="50.840388" lon="15.095892999999998"><ele>450.63</ele></trkpt>
      <trkpt lat="50.840454" lon="15.095832"><ele>449.33</ele></trkpt>
      <trkpt lat="50.840536" lon="15.095735"><ele>447.89</ele></trkpt>
      <trkpt lat="50.840897" lon="15.094926999999998"><ele>437.27</ele></trkpt>
      <trkpt lat="50.840989" lon="15.094783999999999"><ele>436.39</ele></trkpt>
      <trkpt lat="50.84109" lon="15.094683"><ele>436.33</ele></trkpt>
      <trkpt lat="50.841640999999996" lon="15.094501999999999"><ele>430.22</ele></trkpt>
      <trkpt lat="50.841832" lon="15.094405"><ele>427.87</ele></trkpt>
      <trkpt lat="50.842054999999995" lon="15.094233"><ele>424.68</ele></trkpt>
      <trkpt lat="50.842374" lon="15.093910999999999"><ele>419.38</ele></trkpt>
      <trkpt lat="50.842583999999995" lon="15.093729"><ele>415.87</ele></trkpt>
      <trkpt lat="50.842847" lon="15.093549999999999"><ele>411.26</ele></trkpt>
      <trkpt lat="50.843092" lon="15.092787999999999"><ele>408.2</ele></trkpt>
      <trkpt lat="50.843185" lon="15.092576"><ele>407.53</ele></trkpt>
      <trkpt lat="50.843270999999994" lon="15.092436"><ele>407.28</ele></trkpt>
      <trkpt lat="50.843359" lon="15.092334"><ele>406.69</ele></trkpt>
      <trkpt lat="50.843477" lon="15.092248999999999"><ele>405.84</ele></trkpt>
      <trkpt lat="50.843866999999996" lon="15.092091"><ele>403.88</ele></trkpt>
      <trkpt lat="50.844066" lon="15.092046"><ele>403.05</ele></trkpt>
      <trkpt lat="50.844711" lon="15.091971"><ele>400.99</ele></trkpt>
      <trkpt lat="50.844874" lon="15.091908"><ele>400.52</ele></trkpt>
      <trkpt lat="50.845093999999996" lon="15.091731"><ele>400</ele></trkpt>
      <trkpt lat="50.845893" lon="15.091142"><ele>399.72</ele></trkpt>
      <trkpt lat="50.846094" lon="15.090971999999999"><ele>399.72</ele></trkpt>
      <trkpt lat="50.846258999999996" lon="15.090689"><ele>399.73</ele></trkpt>
      <trkpt lat="50.846745999999996" lon="15.089533"><ele>400.18</ele></trkpt>
      <trkpt lat="50.846841" lon="15.089243"><ele>399.78</ele></trkpt>
      <trkpt lat="50.846917999999995" lon="15.088868999999999"><ele>399.14</ele></trkpt>
      <trkpt lat="50.846999" lon="15.088621999999999"><ele>398.91</ele></trkpt>
      <trkpt lat="50.847335" lon="15.088002999999999"><ele>398.29</ele></trkpt>
      <trkpt lat="50.847632" lon="15.087487"><ele>398.37</ele></trkpt>
      <trkpt lat="50.847812" lon="15.087245"><ele>398.69</ele></trkpt>
      <trkpt lat="50.848017999999996" lon="15.087019"><ele>399.23</ele></trkpt>
      <trkpt lat="50.848825" lon="15.086291"><ele>402.06</ele></trkpt>
      <trkpt lat="50.849337" lon="15.085875"><ele>403.23</ele></trkpt>
      <trkpt lat="50.849337" lon="15.085761999999999"><ele>402.82</ele></trkpt>
      <trkpt lat="50.849455999999996" lon="15.084228"><ele>396.88</ele></trkpt>
      <trkpt lat="50.849578" lon="15.083452999999999"><ele>394.73</ele></trkpt>
      <trkpt lat="50.849641999999996" lon="15.08348"><ele>394.65</ele></trkpt>
      <trkpt lat="50.849774" lon="15.083483"><ele>394.5</ele></trkpt>
      <trkpt lat="50.849908" lon="15.08352"><ele>394.45</ele></trkpt>
      <trkpt lat="50.850018999999996" lon="15.083285"><ele>393</ele></trkpt>
      <trkpt lat="50.850057" lon="15.083252"><ele>393</ele></trkpt>
      <trkpt lat="50.850327" lon="15.082877"><ele>393.29</ele></trkpt>
      <trkpt lat="50.850327" lon="15.082877"><ele>393.29</ele></trkpt>
      <trkpt lat="50.850327" lon="15.082877"><ele>393.29</ele></trkpt>
      <trkpt lat="50.850327" lon="15.082877"><ele>393.29</ele></trkpt>
      <trkpt lat="50.850327" lon="15.082877"><ele>393.29</ele></trkpt>
      <trkpt lat="50.850409" lon="15.083216"><ele>393.4</ele></trkpt>
      <trkpt lat="50.850623" lon="15.083820999999999"><ele>394.6</ele></trkpt>
      <trkpt lat="50.850736" lon="15.084055"><ele>395.07</ele></trkpt>
      <trkpt lat="50.850905" lon="15.084308"><ele>395.74</ele></trkpt>
      <trkpt lat="50.851181999999994" lon="15.084639999999998"><ele>396.57</ele></trkpt>
      <trkpt lat="50.851406999999995" lon="15.084869"><ele>396.36</ele></trkpt>
      <trkpt lat="50.851476" lon="15.084885"><ele>396.35</ele></trkpt>
      <trkpt lat="50.851544999999994" lon="15.084868"><ele>396.37</ele></trkpt>
      <trkpt lat="50.851909" lon="15.084614"><ele>396.63</ele></trkpt>
      <trkpt lat="50.851957999999996" lon="15.084626"><ele>397.1</ele></trkpt>
      <trkpt lat="50.85205" lon="15.08469"><ele>397.82</ele></trkpt>
      <trkpt lat="50.852396" lon="15.085097999999999"><ele>398.27</ele></trkpt>
      <trkpt lat="50.852509999999995" lon="15.085353"><ele>398.38</ele></trkpt>
      <trkpt lat="50.852866" lon="15.085968999999999"><ele>397.99</ele></trkpt>
      <trkpt lat="50.853032999999996" lon="15.086158999999999"><ele>398.69</ele></trkpt>
      <trkpt lat="50.853162999999995" lon="15.086229999999999"><ele>399.12</ele></trkpt>
      <trkpt lat="50.85333" lon="15.086062"><ele>399.99</ele></trkpt>
      <trkpt lat="50.853542999999995" lon="15.085951"><ele>401.76</ele></trkpt>
      <trkpt lat="50.853643999999996" lon="15.085913999999999"><ele>402.37</ele></trkpt>
      <trkpt lat="50.853936" lon="15.085877"><ele>403.93</ele></trkpt>
      <trkpt lat="50.854220999999995" lon="15.085965"><ele>405.5</ele></trkpt>
      <trkpt lat="50.854423999999995" lon="15.085977999999999"><ele>405.86</ele></trkpt>
      <trkpt lat="50.854654" lon="15.085965999999999"><ele>406.47</ele></trkpt>
      <trkpt lat="50.85491" lon="15.085878999999998"><ele>407.03</ele></trkpt>
      <trkpt lat="50.855123" lon="15.085783"><ele>407.73</ele></trkpt>
      <trkpt lat="50.855228999999994" lon="15.085783"><ele>408.53</ele></trkpt>
      <trkpt lat="50.855317" lon="15.085835999999999"><ele>409.71</ele></trkpt>
      <trkpt lat="50.855774" lon="15.086307999999999"><ele>413.91</ele></trkpt>
      <trkpt lat="50.855953" lon="15.08648"><ele>415.35</ele></trkpt>
      <trkpt lat="50.856058" lon="15.086561999999999"><ele>416.44</ele></trkpt>
      <trkpt lat="50.856124" lon="15.086552999999999"><ele>417.11</ele></trkpt>
      <trkpt lat="50.856072999999995" lon="15.086746999999999"><ele>419.13</ele></trkpt>
      <trkpt lat="50.855999999999995" lon="15.086888"><ele>420.18</ele></trkpt>
      <trkpt lat="50.855776" lon="15.086901"><ele>420.36</ele></trkpt>
      <trkpt lat="50.855472" lon="15.086772"><ele>421.06</ele></trkpt>
      <trkpt lat="50.855252" lon="15.086977999999998"><ele>421.38</ele></trkpt>
      <trkpt lat="50.855232" lon="15.087307"><ele>421.77</ele></trkpt>
      <trkpt lat="50.855309" lon="15.087899"><ele>423.18</ele></trkpt>
      <trkpt lat="50.855844999999995" lon="15.089134"><ele>426.5</ele></trkpt>
      <trkpt lat="50.856231" lon="15.089725999999999"><ele>427.82</ele></trkpt>
      <trkpt lat="50.856531999999994" lon="15.090098999999999"><ele>428.14</ele></trkpt>
      <trkpt lat="50.856629" lon="15.090325"><ele>427.77</ele></trkpt>
      <trkpt lat="50.856995" lon="15.090993999999998"><ele>428.22</ele></trkpt>
      <trkpt lat="50.857417" lon="15.091367"><ele>428.07</ele></trkpt>
      <trkpt lat="50.858011" lon="15.091617999999999"><ele>427.26</ele></trkpt>
      <trkpt lat="50.858388999999995" lon="15.091835999999999"><ele>426.88</ele></trkpt>
      <trkpt lat="50.858515" lon="15.091954"><ele>426.79</ele></trkpt>
      <trkpt lat="50.85875" lon="15.092274999999999"><ele>426.7</ele></trkpt>
      <trkpt lat="50.858926999999994" lon="15.092492"><ele>426.74</ele></trkpt>
      <trkpt lat="50.859176" lon="15.092706999999999"><ele>427.05</ele></trkpt>
      <trkpt lat="50.859534" lon="15.092986"><ele>427.56</ele></trkpt>
      <trkpt lat="50.859806" lon="15.093228"><ele>427.7</ele></trkpt>
      <trkpt lat="50.859921" lon="15.093383"><ele>427.55</ele></trkpt>
      <trkpt lat="50.860077999999994" lon="15.093627999999999"><ele>427.49</ele></trkpt>
      <trkpt lat="50.860223999999995" lon="15.093805"><ele>427.43</ele></trkpt>
      <trkpt lat="50.860651999999995" lon="15.094228999999999"><ele>427.08</ele></trkpt>
      <trkpt lat="50.861090999999995" lon="15.094752999999999"><ele>427.32</ele></trkpt>
      <trkpt lat="50.861204" lon="15.094825"><ele>427.35</ele></trkpt>
      <trkpt lat="50.861363999999995" lon="15.094907999999998"><ele>427.71</ele></trkpt>
      <trkpt lat="50.861557" lon="15.094947"><ele>429</ele></trkpt>
      <trkpt lat="50.861667" lon="15.09499"><ele>430.03</ele></trkpt>
      <trkpt lat="50.861902" lon="15.095199"><ele>431.29</ele></trkpt>
      <trkpt lat="50.862041999999995" lon="15.095378"><ele>431.16</ele></trkpt>
      <trkpt lat="50.862145" lon="15.095585999999999"><ele>430.69</ele></trkpt>
      <trkpt lat="50.862376999999995" lon="15.095706999999999"><ele>430.33</ele></trkpt>
      <trkpt lat="50.862584" lon="15.095879"><ele>430.03</ele></trkpt>
      <trkpt lat="50.862804999999994" lon="15.096013999999998"><ele>429.93</ele></trkpt>
      <trkpt lat="50.862915" lon="15.096319"><ele>429.89</ele></trkpt>
      <trkpt lat="50.863025" lon="15.096516"><ele>430.63</ele></trkpt>
      <trkpt lat="50.863129" lon="15.096663999999999"><ele>432.2</ele></trkpt>
      <trkpt lat="50.863129" lon="15.096663999999999"><ele>432.2</ele></trkpt>
      <trkpt lat="50.863129" lon="15.096663999999999"><ele>432.2</ele></trkpt>
      <trkpt lat="50.863129" lon="15.096663999999999"><ele>432.2</ele></trkpt>
      <trkpt lat="50.863129" lon="15.096663999999999"><ele>432.2</ele></trkpt>
      <trkpt lat="50.863146" lon="15.096757"><ele>432.98</ele></trkpt>
      <trkpt lat="50.863074" lon="15.096905999999999"><ele>433.42</ele></trkpt>
      <trkpt lat="50.862575" lon="15.096900999999999"><ele>431.81</ele></trkpt>
      <trkpt lat="50.862396999999994" lon="15.096967"><ele>431.69</ele></trkpt>
      <trkpt lat="50.861945999999996" lon="15.097662"><ele>432.71</ele></trkpt>
      <trkpt lat="50.861920999999995" lon="15.097961999999999"><ele>433.83</ele></trkpt>
      <trkpt lat="50.862407" lon="15.099793"><ele>446.25</ele></trkpt>
      <trkpt lat="50.862618" lon="15.101106"><ele>453.85</ele></trkpt>
      <trkpt lat="50.862493" lon="15.101322"><ele>455.64</ele></trkpt>
      <trkpt lat="50.862584" lon="15.101918999999999"><ele>459.82</ele></trkpt>
      <trkpt lat="50.862874" lon="15.102763999999999"><ele>468.51</ele></trkpt>
      <trkpt lat="50.863389" lon="15.103472"><ele>476.95</ele></trkpt>
      <trkpt lat="50.863639" lon="15.104019999999998"><ele>480.69</ele></trkpt>
      <trkpt lat="50.863799" lon="15.104588999999999"><ele>481.66</ele></trkpt>
      <trkpt lat="50.863704" lon="15.104740999999999"><ele>482.42</ele></trkpt>
      <trkpt lat="50.863741" lon="15.104877"><ele>482.48</ele></trkpt>
      <trkpt lat="50.863839" lon="15.105034"><ele>481.82</ele></trkpt>
      <trkpt lat="50.863926" lon="15.105191999999999"><ele>481.17</ele></trkpt>
      <trkpt lat="50.863960999999996" lon="15.105341999999998"><ele>480.76</ele></trkpt>
      <trkpt lat="50.863955" lon="15.105468"><ele>481</ele></trkpt>
      <trkpt lat="50.863901" lon="15.105614"><ele>481.4</ele></trkpt>
      <trkpt lat="50.863834999999995" lon="15.105749999999999"><ele>481.1</ele></trkpt>
      <trkpt lat="50.863746" lon="15.105805"><ele>481.34</ele></trkpt>
      <trkpt lat="50.863599" lon="15.105853999999999"><ele>481.34</ele></trkpt>
      <trkpt lat="50.86326" lon="15.105936"><ele>480.91</ele></trkpt>
      <trkpt lat="50.862704" lon="15.106192"><ele>479.3</ele></trkpt>
      <trkpt lat="50.862567" lon="15.106314999999999"><ele>478.83</ele></trkpt>
      <trkpt lat="50.862489" lon="15.106468"><ele>478.49</ele></trkpt>
      <trkpt lat="50.862472" lon="15.106736"><ele>478.03</ele></trkpt>
      <trkpt lat="50.862489" lon="15.106997"><ele>477.62</ele></trkpt>
      <trkpt lat="50.862679" lon="15.107935999999999"><ele>476.79</ele></trkpt>
      <trkpt lat="50.862738" lon="15.108346"><ele>476.18</ele></trkpt>
      <trkpt lat="50.862755" lon="15.108649999999999"><ele>475.72</ele></trkpt>
      <trkpt lat="50.862807" lon="15.108932999999999"><ele>475.31</ele></trkpt>
      <trkpt lat="50.862880999999994" lon="15.109147"><ele>474.98</ele></trkpt>
      <trkpt lat="50.863347" lon="15.109954"><ele>473.85</ele></trkpt>
      <trkpt lat="50.863656" lon="15.110299999999999"><ele>474.07</ele></trkpt>
      <trkpt lat="50.863811999999996" lon="15.110439"><ele>474.27</ele></trkpt>
      <trkpt lat="50.864031999999995" lon="15.110700999999999"><ele>474.32</ele></trkpt>
      <trkpt lat="50.864079" lon="15.111022"><ele>474.21</ele></trkpt>
      <trkpt lat="50.864072" lon="15.111258"><ele>474.11</ele></trkpt>
      <trkpt lat="50.863993" lon="15.111948"><ele>473.38</ele></trkpt>
      <trkpt lat="50.863988" lon="15.112283"><ele>472.66</ele></trkpt>
      <trkpt lat="50.864065" lon="15.112629"><ele>471.97</ele></trkpt>
      <trkpt lat="50.864219999999996" lon="15.112988"><ele>471.51</ele></trkpt>
      <trkpt lat="50.864464999999996" lon="15.113425999999999"><ele>471.17</ele></trkpt>
      <trkpt lat="50.86474" lon="15.113875"><ele>470.91</ele></trkpt>
      <trkpt lat="50.864793999999996" lon="15.114016"><ele>470.9</ele></trkpt>
      <trkpt lat="50.864815" lon="15.114386999999999"><ele>470.59</ele></trkpt>
      <trkpt lat="50.864791999999994" lon="15.115188999999999"><ele>469.57</ele></trkpt>
      <trkpt lat="50.86486" lon="15.115673"><ele>469.15</ele></trkpt>
      <trkpt lat="50.864943" lon="15.116005999999999"><ele>468.99</ele></trkpt>
      <trkpt lat="50.865089999999995" lon="15.116334"><ele>468.75</ele></trkpt>
      <trkpt lat="50.865206" lon="15.116501"><ele>468.65</ele></trkpt>
      <trkpt lat="50.865382" lon="15.116634"><ele>468.61</ele></trkpt>
      <trkpt lat="50.865544" lon="15.116715"><ele>468.75</ele></trkpt>
      <trkpt lat="50.865936" lon="15.116753"><ele>469.34</ele></trkpt>
      <trkpt lat="50.866098" lon="15.116821999999999"><ele>469.6</ele></trkpt>
      <trkpt lat="50.866217" lon="15.117016"><ele>469.92</ele></trkpt>
      <trkpt lat="50.866493" lon="15.11778"><ele>471.35</ele></trkpt>
      <trkpt lat="50.866558999999995" lon="15.118013"><ele>471.39</ele></trkpt>
      <trkpt lat="50.866631999999996" lon="15.118492999999999"><ele>471.39</ele></trkpt>
      <trkpt lat="50.866637" lon="15.118751"><ele>471.35</ele></trkpt>
      <trkpt lat="50.866693" lon="15.118910999999999"><ele>471.27</ele></trkpt>
      <trkpt lat="50.866937" lon="15.119289"><ele>470.65</ele></trkpt>
      <trkpt lat="50.867208999999995" lon="15.119613"><ele>469.62</ele></trkpt>
      <trkpt lat="50.867402" lon="15.119758"><ele>469.04</ele></trkpt>
      <trkpt lat="50.867816" lon="15.119833999999999"><ele>468.25</ele></trkpt>
      <trkpt lat="50.868041999999996" lon="15.119912"><ele>468.15</ele></trkpt>
      <trkpt lat="50.86824" lon="15.120025"><ele>468.11</ele></trkpt>
      <trkpt lat="50.868500999999995" lon="15.120251999999999"><ele>468.31</ele></trkpt>
      <trkpt lat="50.869108999999995" lon="15.121053999999999"><ele>468.49</ele></trkpt>
      <trkpt lat="50.869662" lon="15.121808"><ele>468.2</ele></trkpt>
      <trkpt lat="50.869735" lon="15.121943"><ele>468.19</ele></trkpt>
      <trkpt lat="50.869786" lon="15.122119"><ele>468.21</ele></trkpt>
      <trkpt lat="50.869786" lon="15.122119"><ele>468.21</ele></trkpt>
      <trkpt lat="50.869786" lon="15.122119"><ele>468.21</ele></trkpt>
      <trkpt lat="50.869786" lon="15.122119"><ele>468.21</ele></trkpt>
      <trkpt lat="50.869786" lon="15.122119"><ele>468.21</ele></trkpt>
      <trkpt lat="50.869803" lon="15.122245999999999"><ele>468.41</ele></trkpt>
      <trkpt lat="50.869794" lon="15.122323"><ele>468.58</ele></trkpt>
      <trkpt lat="50.869755" lon="15.12244"><ele>468.81</ele></trkpt>
      <trkpt lat="50.869228" lon="15.123591999999999"><ele>468.98</ele></trkpt>
      <trkpt lat="50.869125" lon="15.123762999999999"><ele>468.9</ele></trkpt>
      <trkpt lat="50.869049" lon="15.123869"><ele>468.81</ele></trkpt>
      <trkpt lat="50.868835" lon="15.124072"><ele>468.56</ele></trkpt>
      <trkpt lat="50.868669999999995" lon="15.124286999999999"><ele>468.35</ele></trkpt>
      <trkpt lat="50.868634" lon="15.124414999999999"><ele>468.27</ele></trkpt>
      <trkpt lat="50.868634" lon="15.124516"><ele>468.22</ele></trkpt>
      <trkpt lat="50.868659" lon="15.124687999999999"><ele>468.17</ele></trkpt>
      <trkpt lat="50.868806" lon="15.125383999999999"><ele>467.97</ele></trkpt>
      <trkpt lat="50.868807" lon="15.125454999999999"><ele>467.99</ele></trkpt>
      <trkpt lat="50.868795" lon="15.125544999999999"><ele>468.02</ele></trkpt>
      <trkpt lat="50.868761" lon="15.125649"><ele>468.04</ele></trkpt>
      <trkpt lat="50.868663" lon="15.125852"><ele>468.13</ele></trkpt>
      <trkpt lat="50.86846" lon="15.126123999999999"><ele>468.47</ele></trkpt>
      <trkpt lat="50.868359" lon="15.126211999999999"><ele>468.6</ele></trkpt>
      <trkpt lat="50.868302" lon="15.126242999999999"><ele>468.64</ele></trkpt>
      <trkpt lat="50.868224999999995" lon="15.126232"><ele>468.66</ele></trkpt>
      <trkpt lat="50.86792" lon="15.126031"><ele>468.64</ele></trkpt>
      <trkpt lat="50.867857" lon="15.126017"><ele>468.65</ele></trkpt>
      <trkpt lat="50.867523999999996" lon="15.12605"><ele>468.75</ele></trkpt>
      <trkpt lat="50.867393" lon="15.126017"><ele>468.75</ele></trkpt>
      <trkpt lat="50.867014999999995" lon="15.125862"><ele>468.48</ele></trkpt>
      <trkpt lat="50.866568" lon="15.125643"><ele>468.76</ele></trkpt>
      <trkpt lat="50.86622" lon="15.125435"><ele>469.18</ele></trkpt>
      <trkpt lat="50.865213" lon="15.125029999999999"><ele>469.46</ele></trkpt>
      <trkpt lat="50.864593" lon="15.124664999999998"><ele>469.13</ele></trkpt>
      <trkpt lat="50.86446" lon="15.124644"><ele>469.2</ele></trkpt>
      <trkpt lat="50.864036" lon="15.124661"><ele>469.42</ele></trkpt>
      <trkpt lat="50.863563" lon="15.124747"><ele>469.46</ele></trkpt>
      <trkpt lat="50.863172999999996" lon="15.124753"><ele>469.5</ele></trkpt>
      <trkpt lat="50.863076" lon="15.124780999999999"><ele>469.44</ele></trkpt>
      <trkpt lat="50.862953" lon="15.124879"><ele>469.22</ele></trkpt>
      <trkpt lat="50.862919" lon="15.124934999999999"><ele>469.14</ele></trkpt>
      <trkpt lat="50.862812" lon="15.125186"><ele>469.16</ele></trkpt>
      <trkpt lat="50.862742999999995" lon="15.125475999999999"><ele>469.35</ele></trkpt>
      <trkpt lat="50.862687" lon="15.125843"><ele>469.61</ele></trkpt>
      <trkpt lat="50.862612999999996" lon="15.126069999999999"><ele>469.66</ele></trkpt>
      <trkpt lat="50.862500999999995" lon="15.126235999999999"><ele>469.48</ele></trkpt>
      <trkpt lat="50.862178" lon="15.126619999999999"><ele>469.61</ele></trkpt>
      <trkpt lat="50.862116" lon="15.126757"><ele>469.63</ele></trkpt>
      <trkpt lat="50.862116" lon="15.126757"><ele>469.63</ele></trkpt>
      <trkpt lat="50.862116" lon="15.126757"><ele>469.63</ele></trkpt>
      <trkpt lat="50.862116" lon="15.126757"><ele>469.63</ele></trkpt>
      <trkpt lat="50.862109999999994" lon="15.126902999999999"><ele>469.55</ele></trkpt>
      <trkpt lat="50.862165" lon="15.127035"><ele>469.44</ele></trkpt>
      <trkpt lat="50.8623" lon="15.127229999999999"><ele>469.17</ele></trkpt>
      <trkpt lat="50.862671" lon="15.127412"><ele>468.96</ele></trkpt>
      <trkpt lat="50.862854999999996" lon="15.127448999999999"><ele>469.09</ele></trkpt>
      <trkpt lat="50.863107" lon="15.127676"><ele>469.13</ele></trkpt>
      <trkpt lat="50.863229999999994" lon="15.127962"><ele>469.18</ele></trkpt>
      <trkpt lat="50.863353" lon="15.128943999999999"><ele>470.29</ele></trkpt>
      <trkpt lat="50.86342" lon="15.128921"><ele>458.61</ele></trkpt>
      <trkpt lat="50.86342" lon="15.128921"><ele>458.61</ele></trkpt>
      <trkpt lat="50.863353" lon="15.128943999999999"><ele>470.29</ele></trkpt>
      <trkpt lat="50.863402" lon="15.129209"><ele>470.97</ele></trkpt>
      <trkpt lat="50.863383999999996" lon="15.129368"><ele>471.06</ele></trkpt>
      <trkpt lat="50.863240999999995" lon="15.129717"><ele>469.68</ele></trkpt>
      <trkpt lat="50.863212" lon="15.129892"><ele>469.34</ele></trkpt>
      <trkpt lat="50.863247" lon="15.13009"><ele>469.17</ele></trkpt>
      <trkpt lat="50.863614999999996" lon="15.130476"><ele>469.74</ele></trkpt>
      <trkpt lat="50.863614999999996" lon="15.130476"><ele>469.74</ele></trkpt>
      <trkpt lat="50.863949" lon="15.130828"><ele>470.31</ele></trkpt>
      <trkpt lat="50.864202" lon="15.131143999999999"><ele>471.7</ele></trkpt>
      <trkpt lat="50.86467" lon="15.131903"><ele>473.1</ele></trkpt>
      <trkpt lat="50.864813" lon="15.132116"><ele>472.82</ele></trkpt>
      <trkpt lat="50.864861" lon="15.13238"><ele>472.8</ele></trkpt>
      <trkpt lat="50.86479" lon="15.13304"><ele>474.34</ele></trkpt>
      <trkpt lat="50.864917" lon="15.133491999999999"><ele>474.75</ele></trkpt>
      <trkpt lat="50.865502" lon="15.134274"><ele>475.72</ele></trkpt>
      <trkpt lat="50.86562" lon="15.134754"><ele>476.09</ele></trkpt>
      <trkpt lat="50.865624" lon="15.135219999999999"><ele>476.59</ele></trkpt>
      <trkpt lat="50.865584" lon="15.135639"><ele>477.02</ele></trkpt>
      <trkpt lat="50.865471" lon="15.135914"><ele>477.22</ele></trkpt>
      <trkpt lat="50.865207999999996" lon="15.136097"><ele>477.46</ele></trkpt>
      <trkpt lat="50.865074" lon="15.136294"><ele>477.64</ele></trkpt>
      <trkpt lat="50.864881999999994" lon="15.136906"><ele>478.02</ele></trkpt>
      <trkpt lat="50.864436999999995" lon="15.137599999999999"><ele>477.9</ele></trkpt>
      <trkpt lat="50.864387" lon="15.137872999999999"><ele>477.91</ele></trkpt>
      <trkpt lat="50.864447999999996" lon="15.139246"><ele>478.94</ele></trkpt>
      <trkpt lat="50.864429" lon="15.13952"><ele>479.85</ele></trkpt>
      <trkpt lat="50.864387" lon="15.139679"><ele>480.23</ele></trkpt>
      <trkpt lat="50.864008999999996" lon="15.140058"><ele>482.11</ele></trkpt>
      <trkpt lat="50.863837" lon="15.140163"><ele>482.91</ele></trkpt>
      <trkpt lat="50.863653" lon="15.140158"><ele>483.11</ele></trkpt>
      <trkpt lat="50.863422" lon="15.140122"><ele>483.41</ele></trkpt>
      <trkpt lat="50.863267" lon="15.140196"><ele>483.75</ele></trkpt>
      <trkpt lat="50.863144999999996" lon="15.140479"><ele>484.01</ele></trkpt>
      <trkpt lat="50.863122999999995" lon="15.140756"><ele>483.94</ele></trkpt>
      <trkpt lat="50.863161" lon="15.140953"><ele>483.86</ele></trkpt>
      <trkpt lat="50.863237" lon="15.141155"><ele>483.82</ele></trkpt>
      <trkpt lat="50.863527999999995" lon="15.141437999999999"><ele>484.32</ele></trkpt>
      <trkpt lat="50.86446" lon="15.142059999999999"><ele>485.61</ele></trkpt>
      <trkpt lat="50.86465" lon="15.142296"><ele>486.01</ele></trkpt>
      <trkpt lat="50.864821" lon="15.142885"><ele>486.36</ele></trkpt>
      <trkpt lat="50.864903" lon="15.143559"><ele>486.41</ele></trkpt>
      <trkpt lat="50.86515" lon="15.144549999999999"><ele>486.85</ele></trkpt>
      <trkpt lat="50.865151999999995" lon="15.144857"><ele>487.34</ele></trkpt>
      <trkpt lat="50.865091" lon="15.145010999999998"><ele>487.69</ele></trkpt>
      <trkpt lat="50.864732" lon="15.145164"><ele>488.46</ele></trkpt>
      <trkpt lat="50.864512999999995" lon="15.145323"><ele>488.64</ele></trkpt>
      <trkpt lat="50.864436999999995" lon="15.145532999999999"><ele>488.7</ele></trkpt>
      <trkpt lat="50.864385" lon="15.145774999999999"><ele>488.8</ele></trkpt>
      <trkpt lat="50.864483" lon="15.146355"><ele>488.14</ele></trkpt>
      <trkpt lat="50.864475999999996" lon="15.146673"><ele>487.76</ele></trkpt>
      <trkpt lat="50.864380999999995" lon="15.146929"><ele>487.4</ele></trkpt>
      <trkpt lat="50.864157" lon="15.147039"><ele>486.9</ele></trkpt>
      <trkpt lat="50.864008999999996" lon="15.147236999999999"><ele>486.21</ele></trkpt>
      <trkpt lat="50.863775" lon="15.148385"><ele>483.04</ele></trkpt>
      <trkpt lat="50.863703" lon="15.149222"><ele>481.99</ele></trkpt>
      <trkpt lat="50.86342" lon="15.150058999999999"><ele>481.1</ele></trkpt>
      <trkpt lat="50.863392999999995" lon="15.150274"><ele>480.86</ele></trkpt>
      <trkpt lat="50.863388" lon="15.150405999999998"><ele>480.67</ele></trkpt>
      <trkpt lat="50.8634" lon="15.150519"><ele>480.48</ele></trkpt>
      <trkpt lat="50.863422" lon="15.150611"><ele>480.3</ele></trkpt>
      <trkpt lat="50.863422" lon="15.150611"><ele>480.3</ele></trkpt>
      <trkpt lat="50.863422" lon="15.150611"><ele>480.3</ele></trkpt>
      <trkpt lat="50.863422" lon="15.150611"><ele>480.3</ele></trkpt>
      <trkpt lat="50.863422" lon="15.150611"><ele>480.3</ele></trkpt>
      <trkpt lat="50.8636" lon="15.150965"><ele>479.18</ele></trkpt>
      <trkpt lat="50.863797999999996" lon="15.151311999999999"><ele>478.12</ele></trkpt>
      <trkpt lat="50.863895" lon="15.151425999999999"><ele>477.69</ele></trkpt>
      <trkpt lat="50.864053" lon="15.151522"><ele>477.1</ele></trkpt>
      <trkpt lat="50.864473" lon="15.151667"><ele>476.19</ele></trkpt>
      <trkpt lat="50.864526" lon="15.151698999999999"><ele>476.06</ele></trkpt>
      <trkpt lat="50.864867" lon="15.152004999999999"><ele>475.37</ele></trkpt>
      <trkpt lat="50.865061999999995" lon="15.152301"><ele>475.21</ele></trkpt>
      <trkpt lat="50.865137" lon="15.152514"><ele>475.21</ele></trkpt>
      <trkpt lat="50.865218999999996" lon="15.153312999999999"><ele>475.53</ele></trkpt>
      <trkpt lat="50.865277" lon="15.153694"><ele>476.01</ele></trkpt>
      <trkpt lat="50.865303" lon="15.153773"><ele>476.13</ele></trkpt>
      <trkpt lat="50.865831" lon="15.154802"><ele>478.71</ele></trkpt>
      <trkpt lat="50.865879" lon="15.154838"><ele>478.93</ele></trkpt>
      <trkpt lat="50.865956999999995" lon="15.154855999999999"><ele>479.28</ele></trkpt>
      <trkpt lat="50.866305" lon="15.154909"><ele>480.69</ele></trkpt>
      <trkpt lat="50.866451" lon="15.154869"><ele>481.13</ele></trkpt>
      <trkpt lat="50.866737" lon="15.154726"><ele>481.73</ele></trkpt>
      <trkpt lat="50.866831999999995" lon="15.154703999999999"><ele>481.92</ele></trkpt>
      <trkpt lat="50.867185" lon="15.154679"><ele>482.59</ele></trkpt>
      <trkpt lat="50.867332999999995" lon="15.154684"><ele>482.82</ele></trkpt>
      <trkpt lat="50.867430999999996" lon="15.154698999999999"><ele>482.95</ele></trkpt>
      <trkpt lat="50.867514" lon="15.154729999999999"><ele>483.08</ele></trkpt>
      <trkpt lat="50.867602" lon="15.154791"><ele>483.27</ele></trkpt>
      <trkpt lat="50.867669" lon="15.154864"><ele>483.45</ele></trkpt>
      <trkpt lat="50.867914" lon="15.155192999999999"><ele>484.29</ele></trkpt>
      <trkpt lat="50.868117999999996" lon="15.155370999999999"><ele>484.67</ele></trkpt>
      <trkpt lat="50.868258999999995" lon="15.155455"><ele>484.77</ele></trkpt>
      <trkpt lat="50.868345" lon="15.155488"><ele>484.79</ele></trkpt>
      <trkpt lat="50.868483" lon="15.155503999999999"><ele>484.85</ele></trkpt>
      <trkpt lat="50.868817" lon="15.155427999999999"><ele>485.12</ele></trkpt>
      <trkpt lat="50.868879" lon="15.155429"><ele>485.15</ele></trkpt>
      <trkpt lat="50.868973999999994" lon="15.155453"><ele>485.17</ele></trkpt>
      <trkpt lat="50.869284" lon="15.155638"><ele>485.17</ele></trkpt>
      <trkpt lat="50.869434" lon="15.155697"><ele>485.21</ele></trkpt>
      <trkpt lat="50.869566999999996" lon="15.155719999999999"><ele>485.32</ele></trkpt>
      <trkpt lat="50.870065" lon="15.15574"><ele>485.53</ele></trkpt>
      <trkpt lat="50.870256999999995" lon="15.155771999999999"><ele>485.6</ele></trkpt>
      <trkpt lat="50.870354999999996" lon="15.155813"><ele>485.63</ele></trkpt>
      <trkpt lat="50.870411" lon="15.155864"><ele>485.64</ele></trkpt>
      <trkpt lat="50.870546" lon="15.156077"><ele>485.77</ele></trkpt>
      <trkpt lat="50.870722" lon="15.156384"><ele>486.15</ele></trkpt>
      <trkpt lat="50.870829" lon="15.156635999999999"><ele>485.97</ele></trkpt>
      <trkpt lat="50.870863" lon="15.156761999999999"><ele>485.99</ele></trkpt>
      <trkpt lat="50.870878999999995" lon="15.156903999999999"><ele>486.43</ele></trkpt>
      <trkpt lat="50.870878999999995" lon="15.156903999999999"><ele>486.43</ele></trkpt>
      <trkpt lat="50.870878999999995" lon="15.156903999999999"><ele>486.43</ele></trkpt>
      <trkpt lat="50.870878999999995" lon="15.156903999999999"><ele>486.43</ele></trkpt>
      <trkpt lat="50.870878999999995" lon="15.156903999999999"><ele>486.43</ele></trkpt>
      <trkpt lat="50.870867" lon="15.157008999999999"><ele>486.6</ele></trkpt>
      <trkpt lat="50.870796999999996" lon="15.157193"><ele>486.71</ele></trkpt>
      <trkpt lat="50.870670999999994" lon="15.157402999999999"><ele>486.26</ele></trkpt>
      <trkpt lat="50.870556" lon="15.157534"><ele>485.38</ele></trkpt>
      <trkpt lat="50.870329" lon="15.157724"><ele>485.25</ele></trkpt>
      <trkpt lat="50.870024" lon="15.157895"><ele>484.18</ele></trkpt>
      <trkpt lat="50.86981" lon="15.157988999999999"><ele>483.45</ele></trkpt>
      <trkpt lat="50.869226" lon="15.158159999999999"><ele>481.27</ele></trkpt>
      <trkpt lat="50.869158" lon="15.158192"><ele>480.96</ele></trkpt>
      <trkpt lat="50.869080999999994" lon="15.158253"><ele>480.59</ele></trkpt>
      <trkpt lat="50.869025" lon="15.158344"><ele>480.23</ele></trkpt>
      <trkpt lat="50.868992999999996" lon="15.158434999999999"><ele>479.93</ele></trkpt>
      <trkpt lat="50.868966" lon="15.158584999999999"><ele>479.47</ele></trkpt>
      <trkpt lat="50.86897" lon="15.158733"><ele>479.03</ele></trkpt>
      <trkpt lat="50.869142" lon="15.159801999999999"><ele>475.8</ele></trkpt>
      <trkpt lat="50.86916" lon="15.160117"><ele>475.09</ele></trkpt>
      <trkpt lat="50.869153" lon="15.160255999999999"><ele>474.81</ele></trkpt>
      <trkpt lat="50.869088999999995" lon="15.161059"><ele>473.35</ele></trkpt>
      <trkpt lat="50.868992999999996" lon="15.161959"><ele>471.19</ele></trkpt>
      <trkpt lat="50.868950999999996" lon="15.162201"><ele>470.51</ele></trkpt>
      <trkpt lat="50.86888" lon="15.16241"><ele>469.82</ele></trkpt>
      <trkpt lat="50.868686999999994" lon="15.162854"><ele>468.24</ele></trkpt>
      <trkpt lat="50.868458" lon="15.163172"><ele>466.98</ele></trkpt>
      <trkpt lat="50.867936" lon="15.163637999999999"><ele>464.25</ele></trkpt>
      <trkpt lat="50.867719" lon="15.163810999999999"><ele>463.06</ele></trkpt>
      <trkpt lat="50.867563" lon="15.163877999999999"><ele>462.24</ele></trkpt>
      <trkpt lat="50.867331" lon="15.163882999999998"><ele>461.18</ele></trkpt>
      <trkpt lat="50.867264999999996" lon="15.163867999999999"><ele>460.84</ele></trkpt>
      <trkpt lat="50.867162" lon="15.163822"><ele>460.27</ele></trkpt>
      <trkpt lat="50.867124999999994" lon="15.163791"><ele>460.05</ele></trkpt>
      <trkpt lat="50.867" lon="15.163642999999999"><ele>459.28</ele></trkpt>
      <trkpt lat="50.8669" lon="15.163509"><ele>458.77</ele></trkpt>
      <trkpt lat="50.866788" lon="15.163407"><ele>458.29</ele></trkpt>
      <trkpt lat="50.866692" lon="15.163376"><ele>457.88</ele></trkpt>
      <trkpt lat="50.866614999999996" lon="15.163395"><ele>457.53</ele></trkpt>
      <trkpt lat="50.866571" lon="15.163425"><ele>457.32</ele></trkpt>
      <trkpt lat="50.866302" lon="15.163746999999999"><ele>455.67</ele></trkpt>
      <trkpt lat="50.86584" lon="15.164463"><ele>452.19</ele></trkpt>
      <trkpt lat="50.865781" lon="15.1646"><ele>451.58</ele></trkpt>
      <trkpt lat="50.865764999999996" lon="15.164684999999999"><ele>451.26</ele></trkpt>
      <trkpt lat="50.865769" lon="15.164793"><ele>450.91</ele></trkpt>
      <trkpt lat="50.865947" lon="15.165493"><ele>448.92</ele></trkpt>
      <trkpt lat="50.866039" lon="15.165782"><ele>448.1</ele></trkpt>
      <trkpt lat="50.866167999999995" lon="15.166105"><ele>447.25</ele></trkpt>
      <trkpt lat="50.866251" lon="15.166364999999999"><ele>446.72</ele></trkpt>
      <trkpt lat="50.866295" lon="15.166615"><ele>446.27</ele></trkpt>
      <trkpt lat="50.866282" lon="15.166765999999999"><ele>445.98</ele></trkpt>
      <trkpt lat="50.866195" lon="15.167050999999999"><ele>445.32</ele></trkpt>
      <trkpt lat="50.865998" lon="15.16751"><ele>444.18</ele></trkpt>
      <trkpt lat="50.86591" lon="15.167651999999999"><ele>443.77</ele></trkpt>
      <trkpt lat="50.865821999999994" lon="15.167746999999999"><ele>443.38</ele></trkpt>
      <trkpt lat="50.865649" lon="15.167898"><ele>442.55</ele></trkpt>
      <trkpt lat="50.865565" lon="15.168002999999999"><ele>442.03</ele></trkpt>
      <trkpt lat="50.865511999999995" lon="15.168089"><ele>441.64</ele></trkpt>
      <trkpt lat="50.865438999999995" lon="15.168287999999999"><ele>440.83</ele></trkpt>
      <trkpt lat="50.865355" lon="15.168612"><ele>439.49</ele></trkpt>
      <trkpt lat="50.865136" lon="15.169372999999998"><ele>435.49</ele></trkpt>
      <trkpt lat="50.865072" lon="15.169507999999999"><ele>434.62</ele></trkpt>
      <trkpt lat="50.86501" lon="15.169607"><ele>433.93</ele></trkpt>
      <trkpt lat="50.864481999999995" lon="15.170157999999999"><ele>428.76</ele></trkpt>
      <trkpt lat="50.864425" lon="15.170243"><ele>428.12</ele></trkpt>
      <trkpt lat="50.864396" lon="15.170312"><ele>427.57</ele></trkpt>
      <trkpt lat="50.864380999999995" lon="15.170394"><ele>427.13</ele></trkpt>
      <trkpt lat="50.864382" lon="15.17047"><ele>426.82</ele></trkpt>
      <trkpt lat="50.864382" lon="15.17047"><ele>426.82</ele></trkpt>
      <trkpt lat="50.864382" lon="15.17047"><ele>426.82</ele></trkpt>
      <trkpt lat="50.864382" lon="15.17047"><ele>426.82</ele></trkpt>
      <trkpt lat="50.864382" lon="15.17047"><ele>426.82</ele></trkpt>
      <trkpt lat="50.864391999999995" lon="15.170527"><ele>426.43</ele></trkpt>
      <trkpt lat="50.864414" lon="15.170586"><ele>425.82</ele></trkpt>
      <trkpt lat="50.864464" lon="15.17067"><ele>424.19</ele></trkpt>
      <trkpt lat="50.864562" lon="15.170821"><ele>423.01</ele></trkpt>
      <trkpt lat="50.864681999999995" lon="15.170943999999999"><ele>424.28</ele></trkpt>
      <trkpt lat="50.864823" lon="15.171002"><ele>425.49</ele></trkpt>
      <trkpt lat="50.865109999999994" lon="15.171005999999998"><ele>427.78</ele></trkpt>
      <trkpt lat="50.8653" lon="15.171044"><ele>429.09</ele></trkpt>
      <trkpt lat="50.865472999999994" lon="15.17114"><ele>430.31</ele></trkpt>
      <trkpt lat="50.86564" lon="15.171318"><ele>432.23</ele></trkpt>
      <trkpt lat="50.865773999999995" lon="15.171564"><ele>433.27</ele></trkpt>
      <trkpt lat="50.866138" lon="15.172345"><ele>434.21</ele></trkpt>
      <trkpt lat="50.866274" lon="15.172772"><ele>433.24</ele></trkpt>
      <trkpt lat="50.866474" lon="15.173578"><ele>431.69</ele></trkpt>
      <trkpt lat="50.866533999999994" lon="15.17375"><ele>431.69</ele></trkpt>
      <trkpt lat="50.866619" lon="15.173871"><ele>431.84</ele></trkpt>
      <trkpt lat="50.866772999999995" lon="15.173979"><ele>431.51</ele></trkpt>
      <trkpt lat="50.866872" lon="15.174083999999999"><ele>431.18</ele></trkpt>
      <trkpt lat="50.867126999999996" lon="15.174142"><ele>428.79</ele></trkpt>
      <trkpt lat="50.867571999999996" lon="15.173929999999999"><ele>423.99</ele></trkpt>
      <trkpt lat="50.867765" lon="15.173881999999999"><ele>422.44</ele></trkpt>
      <trkpt lat="50.868086" lon="15.173985"><ele>419.94</ele></trkpt>
      <trkpt lat="50.868818" lon="15.174263"><ele>415.51</ele></trkpt>
      <trkpt lat="50.86972" lon="15.174570999999998"><ele>408.59</ele></trkpt>
      <trkpt lat="50.869845" lon="15.174653"><ele>407.64</ele></trkpt>
      <trkpt lat="50.871106999999995" lon="15.175849999999999"><ele>405.99</ele></trkpt>
      <trkpt lat="50.872684" lon="15.177734"><ele>396.68</ele></trkpt>
      <trkpt lat="50.872899999999994" lon="15.177923"><ele>395.46</ele></trkpt>
      <trkpt lat="50.873047" lon="15.17803"><ele>394.31</ele></trkpt>
      <trkpt lat="50.87334" lon="15.178135"><ele>391.7</ele></trkpt>
      <trkpt lat="50.875583" lon="15.178657"><ele>380.82</ele></trkpt>
      <trkpt lat="50.875623999999995" lon="15.178994"><ele>379.39</ele></trkpt>
      <trkpt lat="50.87567" lon="15.179285"><ele>378.36</ele></trkpt>
      <trkpt lat="50.87572" lon="15.179494"><ele>377.65</ele></trkpt>
      <trkpt lat="50.875774" lon="15.179594999999999"><ele>377.21</ele></trkpt>
      <trkpt lat="50.875890999999996" lon="15.179644"><ele>376.72</ele></trkpt>
      <trkpt lat="50.875977" lon="15.179704"><ele>376.4</ele></trkpt>
      <trkpt lat="50.876051999999994" lon="15.179810999999999"><ele>375.83</ele></trkpt>
      <trkpt lat="50.876321" lon="15.180373999999999"><ele>373.33</ele></trkpt>
      <trkpt lat="50.876439999999995" lon="15.180703"><ele>368.16</ele></trkpt>
      <trkpt lat="50.876439999999995" lon="15.180703"><ele>368.16</ele></trkpt>
      <trkpt lat="50.876439999999995" lon="15.180703"><ele>368.16</ele></trkpt>
      <trkpt lat="50.876439999999995" lon="15.180703"><ele>368.16</ele></trkpt>
      <trkpt lat="50.876439999999995" lon="15.180703"><ele>368.16</ele></trkpt>
      <trkpt lat="50.876512999999996" lon="15.181073999999999"><ele>369.17</ele></trkpt>
      <trkpt lat="50.876501" lon="15.181476"><ele>374.76</ele></trkpt>
      <trkpt lat="50.876514" lon="15.181598"><ele>375.91</ele></trkpt>
      <trkpt lat="50.876599999999996" lon="15.182030999999998"><ele>376.84</ele></trkpt>
      <trkpt lat="50.876751999999996" lon="15.182794999999999"><ele>376.64</ele></trkpt>
      <trkpt lat="50.87676" lon="15.182877"><ele>376.67</ele></trkpt>
      <trkpt lat="50.876039" lon="15.183245999999999"><ele>373.76</ele></trkpt>
      <trkpt lat="50.875989" lon="15.183294"><ele>373.54</ele></trkpt>
      <trkpt lat="50.875946" lon="15.183368999999999"><ele>373.13</ele></trkpt>
      <trkpt lat="50.875924" lon="15.18343"><ele>372.62</ele></trkpt>
      <trkpt lat="50.875907999999995" lon="15.183537"><ele>371.79</ele></trkpt>
      <trkpt lat="50.875907999999995" lon="15.183644999999999"><ele>371.71</ele></trkpt>
      <trkpt lat="50.875986" lon="15.184228"><ele>372.55</ele></trkpt>
      <trkpt lat="50.876062" lon="15.184679"><ele>372.56</ele></trkpt>
      <trkpt lat="50.876162" lon="15.18517"><ele>372.86</ele></trkpt>
      <trkpt lat="50.876217999999994" lon="15.185369999999999"><ele>372.94</ele></trkpt>
      <trkpt lat="50.876311" lon="15.185588"><ele>373.05</ele></trkpt>
      <trkpt lat="50.876501" lon="15.18591"><ele>373.5</ele></trkpt>
      <trkpt lat="50.876649" lon="15.186183"><ele>373.92</ele></trkpt>
      <trkpt lat="50.876886999999996" lon="15.186658999999999"><ele>374.68</ele></trkpt>
      <trkpt lat="50.877013999999996" lon="15.18686"><ele>375.31</ele></trkpt>
      <trkpt lat="50.877206" lon="15.187116"><ele>375.35</ele></trkpt>
      <trkpt lat="50.877255" lon="15.187221999999998"><ele>374.86</ele></trkpt>
      <trkpt lat="50.87728" lon="15.187348"><ele>374.89</ele></trkpt>
      <trkpt lat="50.877288" lon="15.187489"><ele>374.94</ele></trkpt>
      <trkpt lat="50.877272999999995" lon="15.187692"><ele>374.64</ele></trkpt>
      <trkpt lat="50.877233999999994" lon="15.187940999999999"><ele>374.16</ele></trkpt>
      <trkpt lat="50.877204" lon="15.188058999999999"><ele>374</ele></trkpt>
      <trkpt lat="50.877103" lon="15.188384"><ele>373.97</ele></trkpt>
      <trkpt lat="50.87681" lon="15.189209"><ele>374</ele></trkpt>
      <trkpt lat="50.876689999999996" lon="15.189511999999999"><ele>373.94</ele></trkpt>
      <trkpt lat="50.876402" lon="15.190121"><ele>374.22</ele></trkpt>
      <trkpt lat="50.876272" lon="15.190458"><ele>374.44</ele></trkpt>
      <trkpt lat="50.876079999999995" lon="15.191056999999999"><ele>375.04</ele></trkpt>
      <trkpt lat="50.875865999999995" lon="15.191811999999999"><ele>375.96</ele></trkpt>
      <trkpt lat="50.875727" lon="15.192381"><ele>376.49</ele></trkpt>
      <trkpt lat="50.875699999999995" lon="15.192577"><ele>376.56</ele></trkpt>
      <trkpt lat="50.875695" lon="15.192729"><ele>376.91</ele></trkpt>
      <trkpt lat="50.875721999999996" lon="15.192978"><ele>377.53</ele></trkpt>
      <trkpt lat="50.875845" lon="15.193558"><ele>379.04</ele></trkpt>
      <trkpt lat="50.875856999999996" lon="15.193709"><ele>379.07</ele></trkpt>
      <trkpt lat="50.875853" lon="15.193888999999999"><ele>379.07</ele></trkpt>
      <trkpt lat="50.875817" lon="15.194118999999999"><ele>378.38</ele></trkpt>
      <trkpt lat="50.875785" lon="15.194256999999999"><ele>378.27</ele></trkpt>
      <trkpt lat="50.875654" lon="15.194650999999999"><ele>378.35</ele></trkpt>
      <trkpt lat="50.875605" lon="15.194844"><ele>378.34</ele></trkpt>
      <trkpt lat="50.875581999999994" lon="15.194994"><ele>378.42</ele></trkpt>
      <trkpt lat="50.87556" lon="15.195886"><ele>378.71</ele></trkpt>
      <trkpt lat="50.875567" lon="15.196126"><ele>378.85</ele></trkpt>
      <trkpt lat="50.875603" lon="15.196606"><ele>378.94</ele></trkpt>
      <trkpt lat="50.875651" lon="15.197033999999999"><ele>379.12</ele></trkpt>
      <trkpt lat="50.875681" lon="15.197384999999999"><ele>379.2</ele></trkpt>
      <trkpt lat="50.875699" lon="15.19793"><ele>379.45</ele></trkpt>
      <trkpt lat="50.875657999999994" lon="15.198341999999998"><ele>379.74</ele></trkpt>
      <trkpt lat="50.875612999999994" lon="15.198514999999999"><ele>380.31</ele></trkpt>
      <trkpt lat="50.875568" lon="15.198635"><ele>381.13</ele></trkpt>
      <trkpt lat="50.875056" lon="15.199762999999999"><ele>382.92</ele></trkpt>
      <trkpt lat="50.874815" lon="15.200349"><ele>384.11</ele></trkpt>
      <trkpt lat="50.874756" lon="15.200522"><ele>384.59</ele></trkpt>
      <trkpt lat="50.874717999999994" lon="15.200683"><ele>385.22</ele></trkpt>
      <trkpt lat="50.874703999999994" lon="15.200809999999999"><ele>385.71</ele></trkpt>
      <trkpt lat="50.874700999999995" lon="15.201018"><ele>385.97</ele></trkpt>
      <trkpt lat="50.874708" lon="15.202126"><ele>388.6</ele></trkpt>
      <trkpt lat="50.874724" lon="15.202782"><ele>388.99</ele></trkpt>
      <trkpt lat="50.87475" lon="15.203158"><ele>389.27</ele></trkpt>
      <trkpt lat="50.874854" lon="15.204046"><ele>390.34</ele></trkpt>
      <trkpt lat="50.87489" lon="15.204581"><ele>391.3</ele></trkpt>
      <trkpt lat="50.874893" lon="15.204844999999999"><ele>391.89</ele></trkpt>
      <trkpt lat="50.87491" lon="15.205077"><ele>392.49</ele></trkpt>
      <trkpt lat="50.874939999999995" lon="15.20529"><ele>393.17</ele></trkpt>
      <trkpt lat="50.87502" lon="15.205708999999999"><ele>394.58</ele></trkpt>
      <trkpt lat="50.875021999999994" lon="15.205917"><ele>395.16</ele></trkpt>
      <trkpt lat="50.874918" lon="15.206621"><ele>396.25</ele></trkpt>
      <trkpt lat="50.874795999999996" lon="15.207324"><ele>398.05</ele></trkpt>
      <trkpt lat="50.874764" lon="15.207593999999999"><ele>398.78</ele></trkpt>
      <trkpt lat="50.874773" lon="15.207735999999999"><ele>398.98</ele></trkpt>
      <trkpt lat="50.874846999999995" lon="15.20796"><ele>399.15</ele></trkpt>
      <trkpt lat="50.874987999999995" lon="15.208136"><ele>399.43</ele></trkpt>
      <trkpt lat="50.875119" lon="15.208328"><ele>399.68</ele></trkpt>
      <trkpt lat="50.875294999999994" lon="15.20866"><ele>399.86</ele></trkpt>
      <trkpt lat="50.875388" lon="15.208931"><ele>400.07</ele></trkpt>
      <trkpt lat="50.875481" lon="15.209280999999999"><ele>400.2</ele></trkpt>
      <trkpt lat="50.875544" lon="15.209449"><ele>400.76</ele></trkpt>
      <trkpt lat="50.875761" lon="15.209902"><ele>400.58</ele></trkpt>
      <trkpt lat="50.875983" lon="15.210336"><ele>401.42</ele></trkpt>
      <trkpt lat="50.876003" lon="15.210389"><ele>401.49</ele></trkpt>
      <trkpt lat="50.876013" lon="15.210517"><ele>401.38</ele></trkpt>
      <trkpt lat="50.87601" lon="15.210562999999999"><ele>401.26</ele></trkpt>
      <trkpt lat="50.875971" lon="15.21088"><ele>401.09</ele></trkpt>
      <trkpt lat="50.875989999999994" lon="15.210992999999998"><ele>401.2</ele></trkpt>
      <trkpt lat="50.876051999999994" lon="15.211158"><ele>401.41</ele></trkpt>
      <trkpt lat="50.87634" lon="15.211787999999999"><ele>402.76</ele></trkpt>
      <trkpt lat="50.876396" lon="15.211976"><ele>403.17</ele></trkpt>
      <trkpt lat="50.876414" lon="15.212352999999998"><ele>404.24</ele></trkpt>
      <trkpt lat="50.876399" lon="15.212542"><ele>404.87</ele></trkpt>
      <trkpt lat="50.876399" lon="15.212542"><ele>404.87</ele></trkpt>
      <trkpt lat="50.876399" lon="15.212542"><ele>404.87</ele></trkpt>
      <trkpt lat="50.876399" lon="15.212542"><ele>404.87</ele></trkpt>
      <trkpt lat="50.876399" lon="15.212542"><ele>404.87</ele></trkpt>
      <trkpt lat="50.876334" lon="15.21276"><ele>405.4</ele></trkpt>
      <trkpt lat="50.876194999999996" lon="15.213037"><ele>406.11</ele></trkpt>
      <trkpt lat="50.876037" lon="15.213477999999999"><ele>407.27</ele></trkpt>
      <trkpt lat="50.875938" lon="15.213659"><ele>407.33</ele></trkpt>
      <trkpt lat="50.875792999999994" lon="15.213859999999999"><ele>407.26</ele></trkpt>
      <trkpt lat="50.875651" lon="15.214129"><ele>407.68</ele></trkpt>
      <trkpt lat="50.875479" lon="15.214506"><ele>408.38</ele></trkpt>
      <trkpt lat="50.875429999999994" lon="15.214673"><ele>408.65</ele></trkpt>
      <trkpt lat="50.875386999999996" lon="15.2149"><ele>409.1</ele></trkpt>
      <trkpt lat="50.875291" lon="15.215561"><ele>410.61</ele></trkpt>
      <trkpt lat="50.875268999999996" lon="15.215662"><ele>410.27</ele></trkpt>
      <trkpt lat="50.875231" lon="15.215812999999999"><ele>409.9</ele></trkpt>
      <trkpt lat="50.875118" lon="15.216071999999999"><ele>410.5</ele></trkpt>
      <trkpt lat="50.875004" lon="15.216235999999999"><ele>411.75</ele></trkpt>
      <trkpt lat="50.874939999999995" lon="15.216296999999999"><ele>412.17</ele></trkpt>
      <trkpt lat="50.874843" lon="15.216348"><ele>412.76</ele></trkpt>
      <trkpt lat="50.874548999999995" lon="15.216453"><ele>414.45</ele></trkpt>
      <trkpt lat="50.874426" lon="15.21651"><ele>415.12</ele></trkpt>
      <trkpt lat="50.874339" lon="15.216569"><ele>415.68</ele></trkpt>
      <trkpt lat="50.874072" lon="15.216894"><ele>417.45</ele></trkpt>
      <trkpt lat="50.873782" lon="15.21744"><ele>419.76</ele></trkpt>
      <trkpt lat="50.873732" lon="15.217563"><ele>420.2</ele></trkpt>
      <trkpt lat="50.873588999999996" lon="15.218034"><ele>422.07</ele></trkpt>
      <trkpt lat="50.873535999999994" lon="15.218148999999999"><ele>422.31</ele></trkpt>
      <trkpt lat="50.873453" lon="15.218293"><ele>423.05</ele></trkpt>
      <trkpt lat="50.873311" lon="15.218513"><ele>424.48</ele></trkpt>
      <trkpt lat="50.872986" lon="15.218957"><ele>427.51</ele></trkpt>
      <trkpt lat="50.872901" lon="15.219107999999999"><ele>428.31</ele></trkpt>
      <trkpt lat="50.872833" lon="15.219358"><ele>429.2</ele></trkpt>
      <trkpt lat="50.872814999999996" lon="15.21951"><ele>429.58</ele></trkpt>
      <trkpt lat="50.872805" lon="15.219712"><ele>429.8</ele></trkpt>
      <trkpt lat="50.872825" lon="15.219888"><ele>429.76</ele></trkpt>
      <trkpt lat="50.872856999999996" lon="15.220044999999999"><ele>429.75</ele></trkpt>
      <trkpt lat="50.872865" lon="15.220073999999999"><ele>429.76</ele></trkpt>
      <trkpt lat="50.872943" lon="15.220379999999999"><ele>429.78</ele></trkpt>
      <trkpt lat="50.872856" lon="15.220708"><ele>430.57</ele></trkpt>
      <trkpt lat="50.872763" lon="15.220991"><ele>431.14</ele></trkpt>
      <trkpt lat="50.87264" lon="15.221219"><ele>431.65</ele></trkpt>
      <trkpt lat="50.872544" lon="15.221428"><ele>432.53</ele></trkpt>
      <trkpt lat="50.872454999999995" lon="15.221680999999998"><ele>433.43</ele></trkpt>
      <trkpt lat="50.872361" lon="15.222085"><ele>435.25</ele></trkpt>
      <trkpt lat="50.872372999999996" lon="15.222653999999999"><ele>437.38</ele></trkpt>
      <trkpt lat="50.872353999999994" lon="15.222871"><ele>438.43</ele></trkpt>
      <trkpt lat="50.87229" lon="15.223123999999999"><ele>439.76</ele></trkpt>
      <trkpt lat="50.872129" lon="15.223289"><ele>441.26</ele></trkpt>
      <trkpt lat="50.871784" lon="15.223916"><ele>446.22</ele></trkpt>
      <trkpt lat="50.871579" lon="15.224176"><ele>448.71</ele></trkpt>
      <trkpt lat="50.871517999999995" lon="15.224357999999999"><ele>450.11</ele></trkpt>
      <trkpt lat="50.871489999999994" lon="15.224513"><ele>451.26</ele></trkpt>
      <trkpt lat="50.871443" lon="15.225048999999999"><ele>453.61</ele></trkpt>
      <trkpt lat="50.871444" lon="15.225228999999999"><ele>453.56</ele></trkpt>
      <trkpt lat="50.871398" lon="15.225347999999999"><ele>453.69</ele></trkpt>
      <trkpt lat="50.871294" lon="15.225494"><ele>453.95</ele></trkpt>
      <trkpt lat="50.871255" lon="15.225581"><ele>454.28</ele></trkpt>
      <trkpt lat="50.871235" lon="15.22571"><ele>453.85</ele></trkpt>
      <trkpt lat="50.871224" lon="15.225817999999999"><ele>453.29</ele></trkpt>
      <trkpt lat="50.871224" lon="15.225912999999998"><ele>453.49</ele></trkpt>
      <trkpt lat="50.871244999999995" lon="15.226075999999999"><ele>454.01</ele></trkpt>
      <trkpt lat="50.871243" lon="15.226211999999999"><ele>454.73</ele></trkpt>
      <trkpt lat="50.871213999999995" lon="15.226332999999999"><ele>455.56</ele></trkpt>
      <trkpt lat="50.871145999999996" lon="15.226491999999999"><ele>456.87</ele></trkpt>
      <trkpt lat="50.870841999999996" lon="15.226851"><ele>460.24</ele></trkpt>
      <trkpt lat="50.870635" lon="15.226999"><ele>462.13</ele></trkpt>
      <trkpt lat="50.870324" lon="15.227032"><ele>464.38</ele></trkpt>
      <trkpt lat="50.870219" lon="15.227079999999999"><ele>464.83</ele></trkpt>
      <trkpt lat="50.870148" lon="15.227183"><ele>465.34</ele></trkpt>
      <trkpt lat="50.870097" lon="15.227369999999999"><ele>466.18</ele></trkpt>
      <trkpt lat="50.870059999999995" lon="15.227886999999999"><ele>467.83</ele></trkpt>
      <trkpt lat="50.870059999999995" lon="15.227886999999999"><ele>467.83</ele></trkpt>
      <trkpt lat="50.870038" lon="15.228028"><ele>470.58</ele></trkpt>
      <trkpt lat="50.870003" lon="15.228145999999999"><ele>471.59</ele></trkpt>
      <trkpt lat="50.869909" lon="15.228549"><ele>474.88</ele></trkpt>
      <trkpt lat="50.869892" lon="15.228802"><ele>476.87</ele></trkpt>
      <trkpt lat="50.869904" lon="15.229750999999998"><ele>484.24</ele></trkpt>
      <trkpt lat="50.869899" lon="15.230322"><ele>486.3</ele></trkpt>
      <trkpt lat="50.869813" lon="15.230656999999999"><ele>486.2</ele></trkpt>
      <trkpt lat="50.869789" lon="15.230789"><ele>486.34</ele></trkpt>
      <trkpt lat="50.869786" lon="15.230934"><ele>486.58</ele></trkpt>
      <trkpt lat="50.869809" lon="15.231257999999999"><ele>487</ele></trkpt>
      <trkpt lat="50.869842" lon="15.231404"><ele>487.17</ele></trkpt>
      <trkpt lat="50.869865999999995" lon="15.23166"><ele>487.53</ele></trkpt>
      <trkpt lat="50.869872" lon="15.231808"><ele>487.76</ele></trkpt>
      <trkpt lat="50.869924999999995" lon="15.232011"><ele>488.14</ele></trkpt>
      <trkpt lat="50.869976" lon="15.232266"><ele>488.62</ele></trkpt>
      <trkpt lat="50.87" lon="15.232495"><ele>489.01</ele></trkpt>
      <trkpt lat="50.8701" lon="15.232882"><ele>489.35</ele></trkpt>
      <trkpt lat="50.870487999999995" lon="15.234233"><ele>488.42</ele></trkpt>
      <trkpt lat="50.870529" lon="15.234461999999999"><ele>488.37</ele></trkpt>
      <trkpt lat="50.870565" lon="15.23505"><ele>488.38</ele></trkpt>
      <trkpt lat="50.870557" lon="15.235493"><ele>488.8</ele></trkpt>
      <trkpt lat="50.870529" lon="15.236013999999999"><ele>488.48</ele></trkpt>
      <trkpt lat="50.870553" lon="15.236455999999999"><ele>488.04</ele></trkpt>
      <trkpt lat="50.87058" lon="15.236668"><ele>487.82</ele></trkpt>
      <trkpt lat="50.870535999999994" lon="15.236844"><ele>488.31</ele></trkpt>
      <trkpt lat="50.870522" lon="15.236939"><ele>488.74</ele></trkpt>
      <trkpt lat="50.870535999999994" lon="15.236844"><ele>488.31</ele></trkpt>
      <trkpt lat="50.870475" lon="15.237255999999999"><ele>489.16</ele></trkpt>
      <trkpt lat="50.870405" lon="15.237827999999999"><ele>490.08</ele></trkpt>
      <trkpt lat="50.870151" lon="15.239384"><ele>496.21</ele></trkpt>
      <trkpt lat="50.870098" lon="15.239524999999999"><ele>497.94</ele></trkpt>
      <trkpt lat="50.870036" lon="15.239567999999998"><ele>498.29</ele></trkpt>
      <trkpt lat="50.869726" lon="15.239642"><ele>499.78</ele></trkpt>
      <trkpt lat="50.869622" lon="15.239695"><ele>500.56</ele></trkpt>
      <trkpt lat="50.869513999999995" lon="15.239866"><ele>501.63</ele></trkpt>
      <trkpt lat="50.869468999999995" lon="15.239956999999999"><ele>502.12</ele></trkpt>
      <trkpt lat="50.869437999999995" lon="15.240124999999999"><ele>502.85</ele></trkpt>
      <trkpt lat="50.869448" lon="15.24029"><ele>503.58</ele></trkpt>
      <trkpt lat="50.869499999999995" lon="15.240492"><ele>504.6</ele></trkpt>
      <trkpt lat="50.869583" lon="15.240725"><ele>505.93</ele></trkpt>
      <trkpt lat="50.869589999999995" lon="15.240857"><ele>506.5</ele></trkpt>
      <trkpt lat="50.869577" lon="15.240981"><ele>507.08</ele></trkpt>
      <trkpt lat="50.869462" lon="15.241340999999998"><ele>509.48</ele></trkpt>
      <trkpt lat="50.869046999999995" lon="15.242284"><ele>513.2</ele></trkpt>
      <trkpt lat="50.868677" lon="15.243219"><ele>517.76</ele></trkpt>
      <trkpt lat="50.868606" lon="15.243482"><ele>518.82</ele></trkpt>
      <trkpt lat="50.868522" lon="15.243903999999999"><ele>520.52</ele></trkpt>
      <trkpt lat="50.868472" lon="15.244069"><ele>521.5</ele></trkpt>
      <trkpt lat="50.868299" lon="15.244397"><ele>523.55</ele></trkpt>
      <trkpt lat="50.868224999999995" lon="15.24457"><ele>524.86</ele></trkpt>
      <trkpt lat="50.868189" lon="15.244722"><ele>525.98</ele></trkpt>
      <trkpt lat="50.868187999999996" lon="15.244817"><ele>526.54</ele></trkpt>
      <trkpt lat="50.868215" lon="15.244918"><ele>527.1</ele></trkpt>
      <trkpt lat="50.868272999999995" lon="15.245021"><ele>527.77</ele></trkpt>
      <trkpt lat="50.868339999999996" lon="15.245047999999999"><ele>528.1</ele></trkpt>
      <trkpt lat="50.868446999999996" lon="15.245038999999998"><ele>528.44</ele></trkpt>
      <trkpt lat="50.869053" lon="15.244881"><ele>531.81</ele></trkpt>
      <trkpt lat="50.869133" lon="15.244904"><ele>532.32</ele></trkpt>
      <trkpt lat="50.869201999999994" lon="15.244964999999999"><ele>532.8</ele></trkpt>
      <trkpt lat="50.869248" lon="15.245066999999999"><ele>533.26</ele></trkpt>
      <trkpt lat="50.86926" lon="15.245177"><ele>533.68</ele></trkpt>
      <trkpt lat="50.86925" lon="15.245312"><ele>534.17</ele></trkpt>
      <trkpt lat="50.869201999999994" lon="15.245436"><ele>534.72</ele></trkpt>
      <trkpt lat="50.869201999999994" lon="15.245436"><ele>534.72</ele></trkpt>
      <trkpt lat="50.869201999999994" lon="15.245436"><ele>534.72</ele></trkpt>
      <trkpt lat="50.869201999999994" lon="15.245436"><ele>534.72</ele></trkpt>
      <trkpt lat="50.868714999999995" lon="15.245654"><ele>537.7</ele></trkpt>
      <trkpt lat="50.868431" lon="15.245864"><ele>539.05</ele></trkpt>
      <trkpt lat="50.867885" lon="15.246478"><ele>543.45</ele></trkpt>
      <trkpt lat="50.867684" lon="15.246806"><ele>545.67</ele></trkpt>
      <trkpt lat="50.86719" lon="15.247910999999998"><ele>551.96</ele></trkpt>
      <trkpt lat="50.866912" lon="15.248802999999999"><ele>556.6</ele></trkpt>
      <trkpt lat="50.866313" lon="15.250038"><ele>562.71</ele></trkpt>
      <trkpt lat="50.865928" lon="15.250532999999999"><ele>565.75</ele></trkpt>
      <trkpt lat="50.865407999999995" lon="15.251085"><ele>570.26</ele></trkpt>
      <trkpt lat="50.865116" lon="15.251515"><ele>574.01</ele></trkpt>
      <trkpt lat="50.864976999999996" lon="15.251648"><ele>575.75</ele></trkpt>
      <trkpt lat="50.864888" lon="15.251710999999998"><ele>576.1</ele></trkpt>
      <trkpt lat="50.864757999999995" lon="15.251695999999999"><ele>576.14</ele></trkpt>
      <trkpt lat="50.864720999999996" lon="15.251646"><ele>575.95</ele></trkpt>
      <trkpt lat="50.864649" lon="15.251508"><ele>577.94</ele></trkpt>
      <trkpt lat="50.864591999999995" lon="15.251157"><ele>579.2</ele></trkpt>
      <trkpt lat="50.864518999999994" lon="15.251043"><ele>580.37</ele></trkpt>
      <trkpt lat="50.864449" lon="15.250990999999999"><ele>581.54</ele></trkpt>
      <trkpt lat="50.864335" lon="15.250981"><ele>581.72</ele></trkpt>
      <trkpt lat="50.864066" lon="15.251118"><ele>583.73</ele></trkpt>
      <trkpt lat="50.863625" lon="15.251280999999999"><ele>586.06</ele></trkpt>
      <trkpt lat="50.86356" lon="15.25129"><ele>586.31</ele></trkpt>
      <trkpt lat="50.86338" lon="15.251232"><ele>586.69</ele></trkpt>
      <trkpt lat="50.863259" lon="15.251258"><ele>588.52</ele></trkpt>
      <trkpt lat="50.863172" lon="15.251311999999999"><ele>590.06</ele></trkpt>
      <trkpt lat="50.863088999999995" lon="15.251491"><ele>591.17</ele></trkpt>
      <trkpt lat="50.863037" lon="15.251875"><ele>592.88</ele></trkpt>
      <trkpt lat="50.863001999999994" lon="15.252013999999999"><ele>593.51</ele></trkpt>
      <trkpt lat="50.862786" lon="15.252578"><ele>596.29</ele></trkpt>
      <trkpt lat="50.862463" lon="15.254088"><ele>603.74</ele></trkpt>
      <trkpt lat="50.862395" lon="15.254263"><ele>604.7</ele></trkpt>
      <trkpt lat="50.862277" lon="15.254404"><ele>605.74</ele></trkpt>
      <trkpt lat="50.862162999999995" lon="15.25447"><ele>606.58</ele></trkpt>
      <trkpt lat="50.862089" lon="15.254589999999999"><ele>607.3</ele></trkpt>
      <trkpt lat="50.862009" lon="15.254861"><ele>608.55</ele></trkpt>
      <trkpt lat="50.86197" lon="15.255177"><ele>609.75</ele></trkpt>
      <trkpt lat="50.861965999999995" lon="15.2556"><ele>610.92</ele></trkpt>
      <trkpt lat="50.862114999999996" lon="15.256696999999999"><ele>615.37</ele></trkpt>
      <trkpt lat="50.862133" lon="15.256977"><ele>616.69</ele></trkpt>
      <trkpt lat="50.862086" lon="15.257145"><ele>617.57</ele></trkpt>
      <trkpt lat="50.862033999999994" lon="15.257245999999999"><ele>618.3</ele></trkpt>
      <trkpt lat="50.861973" lon="15.257278999999999"><ele>618.96</ele></trkpt>
      <trkpt lat="50.861867" lon="15.257302999999999"><ele>620.02</ele></trkpt>
      <trkpt lat="50.861607" lon="15.257268"><ele>621.69</ele></trkpt>
      <trkpt lat="50.86155" lon="15.257228"><ele>621.88</ele></trkpt>
      <trkpt lat="50.8615" lon="15.257097"><ele>622.83</ele></trkpt>
      <trkpt lat="50.861453" lon="15.256883"><ele>624.36</ele></trkpt>
      <trkpt lat="50.861484999999995" lon="15.256514"><ele>626.16</ele></trkpt>
      <trkpt lat="50.861402" lon="15.255179"><ele>632.31</ele></trkpt>
      <trkpt lat="50.861429" lon="15.25465"><ele>632.99</ele></trkpt>
      <trkpt lat="50.861475" lon="15.254430999999999"><ele>634.95</ele></trkpt>
      <trkpt lat="50.861477" lon="15.254302"><ele>635.86</ele></trkpt>
      <trkpt lat="50.861433999999996" lon="15.254211"><ele>636.57</ele></trkpt>
      <trkpt lat="50.861388999999996" lon="15.254166999999999"><ele>637.06</ele></trkpt>
      <trkpt lat="50.861308" lon="15.254145"><ele>637.73</ele></trkpt>
      <trkpt lat="50.861239" lon="15.254173"><ele>638.35</ele></trkpt>
      <trkpt lat="50.861188999999996" lon="15.254235"><ele>638.92</ele></trkpt>
      <trkpt lat="50.861151" lon="15.254425999999999"><ele>640.08</ele></trkpt>
      <trkpt lat="50.861098" lon="15.254826"><ele>642.89</ele></trkpt>
      <trkpt lat="50.860775999999994" lon="15.256022999999999"><ele>649.24</ele></trkpt>
      <trkpt lat="50.860662999999995" lon="15.256663"><ele>651.55</ele></trkpt>
      <trkpt lat="50.860606" lon="15.257159"><ele>653.34</ele></trkpt>
      <trkpt lat="50.860565" lon="15.257416"><ele>654.59</ele></trkpt>
      <trkpt lat="50.86035" lon="15.258097999999999"><ele>657.91</ele></trkpt>
      <trkpt lat="50.860181" lon="15.258524"><ele>660.38</ele></trkpt>
      <trkpt lat="50.859966" lon="15.258932"><ele>662.92</ele></trkpt>
      <trkpt lat="50.859635" lon="15.259361"><ele>665.96</ele></trkpt>
      <trkpt lat="50.858736" lon="15.260411999999999"><ele>674.18</ele></trkpt>
      <trkpt lat="50.858582" lon="15.260494"><ele>675.49</ele></trkpt>
      <trkpt lat="50.858478999999996" lon="15.260418999999999"><ele>676.39</ele></trkpt>
      <trkpt lat="50.858450999999995" lon="15.260347"><ele>676.83</ele></trkpt>
      <trkpt lat="50.85845" lon="15.260218"><ele>677.51</ele></trkpt>
      <trkpt lat="50.858509999999995" lon="15.260038999999999"><ele>678.58</ele></trkpt>
      <trkpt lat="50.858686" lon="15.259888"><ele>680.45</ele></trkpt>
      <trkpt lat="50.85876" lon="15.259794999999999"><ele>681.18</ele></trkpt>
      <trkpt lat="50.858850999999994" lon="15.259511999999999"><ele>681.71</ele></trkpt>
      <trkpt lat="50.859055" lon="15.258783999999999"><ele>684.64</ele></trkpt>
      <trkpt lat="50.859204" lon="15.258519999999999"><ele>686.18</ele></trkpt>
      <trkpt lat="50.859213999999994" lon="15.258362"><ele>687.18</ele></trkpt>
      <trkpt lat="50.859176999999995" lon="15.258227999999999"><ele>687.87</ele></trkpt>
      <trkpt lat="50.859123" lon="15.258149999999999"><ele>688.36</ele></trkpt>
      <trkpt lat="50.859069999999996" lon="15.258137"><ele>688.72</ele></trkpt>
      <trkpt lat="50.858988" lon="15.258172"><ele>689.29</ele></trkpt>
      <trkpt lat="50.858934" lon="15.258225999999999"><ele>689.71</ele></trkpt>
      <trkpt lat="50.858809" lon="15.258578"><ele>691.65</ele></trkpt>
      <trkpt lat="50.858694" lon="15.258776"><ele>693.03</ele></trkpt>
      <trkpt lat="50.858247999999996" lon="15.259362999999999"><ele>696.52</ele></trkpt>
      <trkpt lat="50.857504" lon="15.260048999999999"><ele>702.57</ele></trkpt>
      <trkpt lat="50.856034" lon="15.261146"><ele>714.41</ele></trkpt>
      <trkpt lat="50.855743999999994" lon="15.261334999999999"><ele>716.32</ele></trkpt>
      <trkpt lat="50.855526999999995" lon="15.261543999999999"><ele>717.91</ele></trkpt>
      <trkpt lat="50.855362" lon="15.261949999999999"><ele>720.38</ele></trkpt>
      <trkpt lat="50.855281999999995" lon="15.262061999999998"><ele>721.26</ele></trkpt>
      <trkpt lat="50.855163" lon="15.262101"><ele>722.18</ele></trkpt>
      <trkpt lat="50.855070999999995" lon="15.262015"><ele>722.88</ele></trkpt>
      <trkpt lat="50.855019999999996" lon="15.261875999999999"><ele>723.52</ele></trkpt>
      <trkpt lat="50.855019" lon="15.261723"><ele>724.15</ele></trkpt>
      <trkpt lat="50.85508" lon="15.261612999999999"><ele>724.98</ele></trkpt>
      <trkpt lat="50.855272" lon="15.261382"><ele>727.05</ele></trkpt>
      <trkpt lat="50.855357" lon="15.261241"><ele>727.14</ele></trkpt>
      <trkpt lat="50.85574" lon="15.260444"><ele>731.04</ele></trkpt>
      <trkpt lat="50.856235999999996" lon="15.259309"><ele>737.49</ele></trkpt>
      <trkpt lat="50.856581999999996" lon="15.258735"><ele>740.48</ele></trkpt>
      <trkpt lat="50.856849" lon="15.258414"><ele>741.97</ele></trkpt>
      <trkpt lat="50.856885" lon="15.258284999999999"><ele>742.48</ele></trkpt>
      <trkpt lat="50.856882999999996" lon="15.258149"><ele>743.66</ele></trkpt>
      <trkpt lat="50.856849" lon="15.258045"><ele>744.96</ele></trkpt>
      <trkpt lat="50.856786" lon="15.25799"><ele>746.78</ele></trkpt>
      <trkpt lat="50.856688999999996" lon="15.257985"><ele>747.55</ele></trkpt>
      <trkpt lat="50.856607999999994" lon="15.258056999999999"><ele>748.09</ele></trkpt>
      <trkpt lat="50.856486" lon="15.258296999999999"><ele>749.14</ele></trkpt>
      <trkpt lat="50.856352" lon="15.2585"><ele>750.26</ele></trkpt>
      <trkpt lat="50.85411" lon="15.260399999999999"><ele>767.07</ele></trkpt>
      <trkpt lat="50.853246999999996" lon="15.261208"><ele>774</ele></trkpt>
      <trkpt lat="50.852508" lon="15.261847"><ele>780.22</ele></trkpt>
      <trkpt lat="50.851439" lon="15.26287"><ele>789.08</ele></trkpt>
      <trkpt lat="50.850873" lon="15.26356"><ele>792.99</ele></trkpt>
      <trkpt lat="50.850631" lon="15.264012"><ele>794.44</ele></trkpt>
      <trkpt lat="50.850432999999995" lon="15.264436"><ele>795.44</ele></trkpt>
      <trkpt lat="50.850013999999994" lon="15.265543"><ele>797.75</ele></trkpt>
      <trkpt lat="50.849779" lon="15.266081999999999"><ele>799.1</ele></trkpt>
      <trkpt lat="50.849467999999995" lon="15.266725"><ele>801.08</ele></trkpt>
      <trkpt lat="50.84926" lon="15.267045999999999"><ele>802.29</ele></trkpt>
      <trkpt lat="50.848670999999996" lon="15.267837"><ele>805.57</ele></trkpt>
      <trkpt lat="50.848349999999996" lon="15.268154"><ele>808.22</ele></trkpt>
      <trkpt lat="50.848219" lon="15.268244"><ele>809.39</ele></trkpt>
      <trkpt lat="50.848023" lon="15.268338"><ele>810.79</ele></trkpt>
      <trkpt lat="50.847659" lon="15.268455999999999"><ele>813.43</ele></trkpt>
      <trkpt lat="50.84691" lon="15.268642"><ele>818.78</ele></trkpt>
      <trkpt lat="50.846785" lon="15.268685999999999"><ele>819.61</ele></trkpt>
      <trkpt lat="50.846610999999996" lon="15.268775"><ele>820.51</ele></trkpt>
      <trkpt lat="50.84652" lon="15.268799999999999"><ele>820.85</ele></trkpt>
      <trkpt lat="50.846453999999994" lon="15.268801"><ele>821.09</ele></trkpt>
      <trkpt lat="50.846266" lon="15.268759999999999"><ele>821.91</ele></trkpt>
      <trkpt lat="50.846173" lon="15.268768999999999"><ele>822.13</ele></trkpt>
      <trkpt lat="50.846114" lon="15.268801"><ele>822.29</ele></trkpt>
      <trkpt lat="50.845644" lon="15.269423"><ele>822.69</ele></trkpt>
      <trkpt lat="50.845586" lon="15.269509"><ele>823.56</ele></trkpt>
      <trkpt lat="50.845524999999995" lon="15.269649"><ele>824.51</ele></trkpt>
      <trkpt lat="50.845496" lon="15.269751999999999"><ele>824.79</ele></trkpt>
      <trkpt lat="50.845316999999994" lon="15.270729999999999"><ele>827.23</ele></trkpt>
      <trkpt lat="50.845205" lon="15.271059"><ele>828.2</ele></trkpt>
      <trkpt lat="50.844713999999996" lon="15.272335"><ele>832.56</ele></trkpt>
      <trkpt lat="50.844623999999996" lon="15.27253"><ele>833.87</ele></trkpt>
      <trkpt lat="50.844454" lon="15.272813999999999"><ele>834.74</ele></trkpt>
      <trkpt lat="50.844271" lon="15.273074999999999"><ele>836.58</ele></trkpt>
      <trkpt lat="50.843942" lon="15.273458"><ele>839.7</ele></trkpt>
      <trkpt lat="50.843787999999996" lon="15.273620999999999"><ele>840.69</ele></trkpt>
      <trkpt lat="50.843491" lon="15.273874"><ele>842.89</ele></trkpt>
      <trkpt lat="50.843153" lon="15.274199"><ele>844.83</ele></trkpt>
      <trkpt lat="50.842751" lon="15.274661"><ele>846.59</ele></trkpt>
      <trkpt lat="50.842639" lon="15.274756"><ele>847.31</ele></trkpt>
      <trkpt lat="50.842617999999995" lon="15.274875"><ele>846.9</ele></trkpt>
      <trkpt lat="50.842566999999995" lon="15.275037999999999"><ele>846.39</ele></trkpt>
      <trkpt lat="50.842112" lon="15.276086"><ele>846.73</ele></trkpt>
      <trkpt lat="50.842059" lon="15.276252"><ele>846.69</ele></trkpt>
      <trkpt lat="50.842017" lon="15.276449999999999"><ele>846.53</ele></trkpt>
      <trkpt lat="50.841994" lon="15.276608999999999"><ele>846.78</ele></trkpt>
      <trkpt lat="50.841986" lon="15.276788999999999"><ele>847.29</ele></trkpt>
      <trkpt lat="50.841954" lon="15.277123"><ele>854.75</ele></trkpt>
      <trkpt lat="50.841954" lon="15.277123"><ele>854.75</ele></trkpt>
      <trkpt lat="50.841954" lon="15.277123"><ele>854.75</ele></trkpt>
      <trkpt lat="50.841954" lon="15.277123"><ele>854.75</ele></trkpt>
      <trkpt lat="50.841986" lon="15.276788999999999"><ele>847.29</ele></trkpt>
      <trkpt lat="50.842248" lon="15.276921999999999"><ele>846.97</ele></trkpt>
      <trkpt lat="50.842524999999995" lon="15.277083"><ele>846.98</ele></trkpt>
      <trkpt lat="50.842828999999995" lon="15.277135999999999"><ele>846.89</ele></trkpt>
      <trkpt lat="50.843643" lon="15.277021"><ele>847.06</ele></trkpt>
      <trkpt lat="50.843937999999994" lon="15.277076999999998"><ele>847.14</ele></trkpt>
      <trkpt lat="50.844156999999996" lon="15.277137999999999"><ele>847.22</ele></trkpt>
      <trkpt lat="50.844519999999996" lon="15.277296999999999"><ele>847.35</ele></trkpt>
      <trkpt lat="50.845628" lon="15.278054"><ele>847.73</ele></trkpt>
      <trkpt lat="50.845901" lon="15.278172999999999"><ele>847.88</ele></trkpt>
      <trkpt lat="50.846450999999995" lon="15.278196999999999"><ele>850.35</ele></trkpt>
      <trkpt lat="50.846726999999994" lon="15.278139"><ele>851.94</ele></trkpt>
      <trkpt lat="50.84769" lon="15.277728"><ele>856.79</ele></trkpt>
      <trkpt lat="50.847952" lon="15.277685"><ele>858.01</ele></trkpt>
      <trkpt lat="50.848214999999996" lon="15.277721"><ele>859.25</ele></trkpt>
      <trkpt lat="50.848487" lon="15.277835999999999"><ele>860.45</ele></trkpt>
      <trkpt lat="50.848741999999994" lon="15.278082999999999"><ele>861.66</ele></trkpt>
      <trkpt lat="50.849163" lon="15.278642"><ele>863.49</ele></trkpt>
      <trkpt lat="50.849256999999994" lon="15.278824"><ele>863.95</ele></trkpt>
      <trkpt lat="50.849391999999995" lon="15.279147"><ele>865.06</ele></trkpt>
      <trkpt lat="50.849391999999995" lon="15.279147"><ele>865.06</ele></trkpt>
      <trkpt lat="50.849391999999995" lon="15.279147"><ele>865.06</ele></trkpt>
      <trkpt lat="50.849588" lon="15.279024"><ele>863.73</ele></trkpt>
      <trkpt lat="50.849748999999996" lon="15.278931"><ele>864.07</ele></trkpt>
      <trkpt lat="50.849985" lon="15.278820999999999"><ele>865.01</ele></trkpt>
      <trkpt lat="50.850108" lon="15.278737"><ele>865.8</ele></trkpt>
      <trkpt lat="50.85019" lon="15.278647"><ele>866.41</ele></trkpt>
      <trkpt lat="50.850274999999996" lon="15.27853"><ele>867.04</ele></trkpt>
      <trkpt lat="50.850379" lon="15.278315"><ele>868.05</ele></trkpt>
      <trkpt lat="50.850715" lon="15.277567999999999"><ele>871.97</ele></trkpt>
      <trkpt lat="50.851105999999994" lon="15.276885"><ele>875.93</ele></trkpt>
      <trkpt lat="50.851309" lon="15.276625"><ele>876.77</ele></trkpt>
      <trkpt lat="50.851504" lon="15.276430999999999"><ele>877.15</ele></trkpt>
      <trkpt lat="50.851872" lon="15.276178999999999"><ele>877.62</ele></trkpt>
      <trkpt lat="50.852553" lon="15.27582"><ele>878.03</ele></trkpt>
      <trkpt lat="50.852813" lon="15.275633"><ele>878.17</ele></trkpt>
      <trkpt lat="50.853719999999996" lon="15.274865"><ele>879.08</ele></trkpt>
      <trkpt lat="50.854383999999996" lon="15.274194999999999"><ele>880.63</ele></trkpt>
      <trkpt lat="50.854717" lon="15.273838"><ele>881.36</ele></trkpt>
      <trkpt lat="50.854822999999996" lon="15.273750999999999"><ele>881.61</ele></trkpt>
      <trkpt lat="50.854945" lon="15.273686"><ele>881.95</ele></trkpt>
      <trkpt lat="50.855581" lon="15.273482"><ele>879.63</ele></trkpt>
      <trkpt lat="50.856047" lon="15.273235"><ele>877.91</ele></trkpt>
      <trkpt lat="50.856186" lon="15.273145"><ele>877.46</ele></trkpt>
      <trkpt lat="50.856283999999995" lon="15.273111"><ele>876.75</ele></trkpt>
      <trkpt lat="50.856376999999995" lon="15.273111"><ele>876.21</ele></trkpt>
      <trkpt lat="50.856376999999995" lon="15.273111"><ele>876.21</ele></trkpt>
      <trkpt lat="50.856376999999995" lon="15.273111"><ele>876.21</ele></trkpt>
      <trkpt lat="50.856527" lon="15.273147999999999"><ele>875.5</ele></trkpt>
      <trkpt lat="50.856784999999995" lon="15.27328"><ele>874.9</ele></trkpt>
      <trkpt lat="50.856784999999995" lon="15.27328"><ele>874.9</ele></trkpt>
      <trkpt lat="50.856784999999995" lon="15.27328"><ele>874.9</ele></trkpt>
      <trkpt lat="50.857067" lon="15.273501999999999"><ele>875.92</ele></trkpt>
      <trkpt lat="50.857279" lon="15.273743999999999"><ele>877</ele></trkpt>
      <trkpt lat="50.85749" lon="15.27409"><ele>878.61</ele></trkpt>
      <trkpt lat="50.857938" lon="15.274944999999999"><ele>883.43</ele></trkpt>
      <trkpt lat="50.858236999999995" lon="15.275416"><ele>886.67</ele></trkpt>
      <trkpt lat="50.858526999999995" lon="15.275775"><ele>889.67</ele></trkpt>
      <trkpt lat="50.859159" lon="15.276169"><ele>893.61</ele></trkpt>
      <trkpt lat="50.85968" lon="15.276553"><ele>896.36</ele></trkpt>
      <trkpt lat="50.859877" lon="15.276731999999999"><ele>897.34</ele></trkpt>
      <trkpt lat="50.860054999999996" lon="15.276914"><ele>898.19</ele></trkpt>
      <trkpt lat="50.860513999999995" lon="15.277489999999998"><ele>899.67</ele></trkpt>
      <trkpt lat="50.860777" lon="15.277925999999999"><ele>899.89</ele></trkpt>
      <trkpt lat="50.861157999999996" lon="15.278841"><ele>898.8</ele></trkpt>
      <trkpt lat="50.861346" lon="15.27938"><ele>897.6</ele></trkpt>
      <trkpt lat="50.861587" lon="15.28026"><ele>895.47</ele></trkpt>
      <trkpt lat="50.86188" lon="15.281713"><ele>892.79</ele></trkpt>
      <trkpt lat="50.862193999999995" lon="15.283168"><ele>891.26</ele></trkpt>
      <trkpt lat="50.862216" lon="15.283361"><ele>890.97</ele></trkpt>
      <trkpt lat="50.862226" lon="15.283453"><ele>890.58</ele></trkpt>
      <trkpt lat="50.862277" lon="15.283655999999999"><ele>889.99</ele></trkpt>
      <trkpt lat="50.862342" lon="15.283966"><ele>888.87</ele></trkpt>
      <trkpt lat="50.862489" lon="15.284492"><ele>886.58</ele></trkpt>
      <trkpt lat="50.862778" lon="15.285335"><ele>882.68</ele></trkpt>
      <trkpt lat="50.862944999999996" lon="15.285731"><ele>880.82</ele></trkpt>
      <trkpt lat="50.863175999999996" lon="15.286097999999999"><ele>878.86</ele></trkpt>
      <trkpt lat="50.863468999999995" lon="15.286442"><ele>876.8</ele></trkpt>
      <trkpt lat="50.863988" lon="15.286935"><ele>873.85</ele></trkpt>
      <trkpt lat="50.864199" lon="15.287071999999998"><ele>872.48</ele></trkpt>
      <trkpt lat="50.864489999999996" lon="15.287224"><ele>870.89</ele></trkpt>
      <trkpt lat="50.864611" lon="15.287336"><ele>870.2</ele></trkpt>
      <trkpt lat="50.864734" lon="15.287503999999998"><ele>869.45</ele></trkpt>
      <trkpt lat="50.865244999999994" lon="15.288603"><ele>866.93</ele></trkpt>
      <trkpt lat="50.865418" lon="15.288844999999998"><ele>866.69</ele></trkpt>
      <trkpt lat="50.865843" lon="15.289149"><ele>867.22</ele></trkpt>
      <trkpt lat="50.865843" lon="15.289149"><ele>867.22</ele></trkpt>
      <trkpt lat="50.865843" lon="15.289149"><ele>867.22</ele></trkpt>
      <trkpt lat="50.865843" lon="15.289149"><ele>867.22</ele></trkpt>
      <trkpt lat="50.865843" lon="15.289149"><ele>867.22</ele></trkpt>
      <trkpt lat="50.865994" lon="15.289164"><ele>866.38</ele></trkpt>
      <trkpt lat="50.866096" lon="15.289111"><ele>865.85</ele></trkpt>
      <trkpt lat="50.866293" lon="15.288893999999999"><ele>864.8</ele></trkpt>
      <trkpt lat="50.866557" lon="15.28857"><ele>863.34</ele></trkpt>
      <trkpt lat="50.866800999999995" lon="15.288438"><ele>862.87</ele></trkpt>
      <trkpt lat="50.86795" lon="15.288079"><ele>864.47</ele></trkpt>
      <trkpt lat="50.868683" lon="15.287673"><ele>864.45</ele></trkpt>
      <trkpt lat="50.868812" lon="15.287552999999999"><ele>864.39</ele></trkpt>
      <trkpt lat="50.868977" lon="15.287346"><ele>864.42</ele></trkpt>
      <trkpt lat="50.869206" lon="15.287097"><ele>864.61</ele></trkpt>
      <trkpt lat="50.870253" lon="15.286142"><ele>864.56</ele></trkpt>
      <trkpt lat="50.87061" lon="15.285903"><ele>864.99</ele></trkpt>
      <trkpt lat="50.871437" lon="15.285402"><ele>866.3</ele></trkpt>
      <trkpt lat="50.871733" lon="15.285264999999999"><ele>866.62</ele></trkpt>
      <trkpt lat="50.872622" lon="15.284941"><ele>868.92</ele></trkpt>
      <trkpt lat="50.874024999999996" lon="15.284358"><ele>874.31</ele></trkpt>
      <trkpt lat="50.874198" lon="15.284308"><ele>874.72</ele></trkpt>
      <trkpt lat="50.875076" lon="15.284203"><ele>878.53</ele></trkpt>
      <trkpt lat="50.875332" lon="15.284227999999999"><ele>880.05</ele></trkpt>
      <trkpt lat="50.876560999999995" lon="15.284562999999999"><ele>888.12</ele></trkpt>
      <trkpt lat="50.876705" lon="15.284538999999999"><ele>889.16</ele></trkpt>
      <trkpt lat="50.876705" lon="15.284538999999999"><ele>889.16</ele></trkpt>
      <trkpt lat="50.876705" lon="15.284538999999999"><ele>889.16</ele></trkpt>
      <trkpt lat="50.876705" lon="15.284538999999999"><ele>889.16</ele></trkpt>
      <trkpt lat="50.876705" lon="15.284538999999999"><ele>889.16</ele></trkpt>
      <trkpt lat="50.876754" lon="15.2845"><ele>889.61</ele></trkpt>
      <trkpt lat="50.876798" lon="15.284434999999998"><ele>890.06</ele></trkpt>
      <trkpt lat="50.876858999999996" lon="15.284282999999999"><ele>890.97</ele></trkpt>
      <trkpt lat="50.87721" lon="15.283182"><ele>895.81</ele></trkpt>
      <trkpt lat="50.877306999999995" lon="15.282929999999999"><ele>896.78</ele></trkpt>
      <trkpt lat="50.877769" lon="15.28216"><ele>900.76</ele></trkpt>
      <trkpt lat="50.877961" lon="15.281649"><ele>902.99</ele></trkpt>
      <trkpt lat="50.879768999999996" lon="15.278079"><ele>918.38</ele></trkpt>
      <trkpt lat="50.88001" lon="15.277484"><ele>920.5</ele></trkpt>
      <trkpt lat="50.880361" lon="15.276498"><ele>923.74</ele></trkpt>
      <trkpt lat="50.881189" lon="15.273873"><ele>933.03</ele></trkpt>
      <trkpt lat="50.881332" lon="15.273353"><ele>935.03</ele></trkpt>
      <trkpt lat="50.881367999999995" lon="15.273121"><ele>935.44</ele></trkpt>
      <trkpt lat="50.881356999999994" lon="15.272639999999999"><ele>934.46</ele></trkpt>
      <trkpt lat="50.881364" lon="15.272544"><ele>934.37</ele></trkpt>
      <trkpt lat="50.881436" lon="15.271920999999999"><ele>933.65</ele></trkpt>
      <trkpt lat="50.881488999999995" lon="15.271118"><ele>932.87</ele></trkpt>
      <trkpt lat="50.881533" lon="15.270686"><ele>932.3</ele></trkpt>
      <trkpt lat="50.8816" lon="15.270169"><ele>931.68</ele></trkpt>
      <trkpt lat="50.881667" lon="15.269471"><ele>930.39</ele></trkpt>
      <trkpt lat="50.881681" lon="15.269252"><ele>929.94</ele></trkpt>
      <trkpt lat="50.881691" lon="15.268270999999999"><ele>927.38</ele></trkpt>
      <trkpt lat="50.881685999999995" lon="15.267964"><ele>926.43</ele></trkpt>
      <trkpt lat="50.881665" lon="15.267660999999999"><ele>925.53</ele></trkpt>
      <trkpt lat="50.881603999999996" lon="15.267161"><ele>924.14</ele></trkpt>
      <trkpt lat="50.881555" lon="15.266897"><ele>923.56</ele></trkpt>
      <trkpt lat="50.881394" lon="15.266157999999999"><ele>922.38</ele></trkpt>
      <trkpt lat="50.881330999999996" lon="15.265951999999999"><ele>922.08</ele></trkpt>
      <trkpt lat="50.881135" lon="15.265609999999999"><ele>921.59</ele></trkpt>
      <trkpt lat="50.881062" lon="15.2654"><ele>921.4</ele></trkpt>
      <trkpt lat="50.880964999999996" lon="15.264963999999999"><ele>920.95</ele></trkpt>
      <trkpt lat="50.880882" lon="15.264475"><ele>920.37</ele></trkpt>
      <trkpt lat="50.880804999999995" lon="15.263815"><ele>919.9</ele></trkpt>
      <trkpt lat="50.880686" lon="15.262139"><ele>918.33</ele></trkpt>
      <trkpt lat="50.880662" lon="15.261453999999999"><ele>917.68</ele></trkpt>
      <trkpt lat="50.880689999999994" lon="15.260786"><ele>917.63</ele></trkpt>
      <trkpt lat="50.880663999999996" lon="15.260456"><ele>917.09</ele></trkpt>
      <trkpt lat="50.880621999999995" lon="15.260261"><ele>916.79</ele></trkpt>
      <trkpt lat="50.880443" lon="15.25971"><ele>915.77</ele></trkpt>
      <trkpt lat="50.880423" lon="15.259528999999999"><ele>915.3</ele></trkpt>
      <trkpt lat="50.880449999999996" lon="15.259091"><ele>913.93</ele></trkpt>
      <trkpt lat="50.880449999999996" lon="15.258875"><ele>913.25</ele></trkpt>
      <trkpt lat="50.880390999999996" lon="15.258448999999999"><ele>912.07</ele></trkpt>
      <trkpt lat="50.880403" lon="15.258265"><ele>911.56</ele></trkpt>
      <trkpt lat="50.880492" lon="15.257812999999999"><ele>909.88</ele></trkpt>
      <trkpt lat="50.880527" lon="15.257515999999999"><ele>908.8</ele></trkpt>
      <trkpt lat="50.880520999999995" lon="15.256936"><ele>906.57</ele></trkpt>
      <trkpt lat="50.880562" lon="15.25662"><ele>905.25</ele></trkpt>
      <trkpt lat="50.880769" lon="15.255607"><ele>901.19</ele></trkpt>
      <trkpt lat="50.880801999999996" lon="15.25512"><ele>899.94</ele></trkpt>
      <trkpt lat="50.880843999999996" lon="15.2549"><ele>899.5</ele></trkpt>
      <trkpt lat="50.881035" lon="15.254342999999999"><ele>898.26</ele></trkpt>
      <trkpt lat="50.881073" lon="15.2539"><ele>897.35</ele></trkpt>
      <trkpt lat="50.881048" lon="15.253616"><ele>896.64</ele></trkpt>
      <trkpt lat="50.881046" lon="15.253357999999999"><ele>895.83</ele></trkpt>
      <trkpt lat="50.881102" lon="15.252942"><ele>894.32</ele></trkpt>
      <trkpt lat="50.88129" lon="15.252234999999999"><ele>892.02</ele></trkpt>
      <trkpt lat="50.881434999999996" lon="15.251902999999999"><ele>890.78</ele></trkpt>
      <trkpt lat="50.881541" lon="15.251498999999999"><ele>889.49</ele></trkpt>
      <trkpt lat="50.881747" lon="15.250043999999999"><ele>884.59</ele></trkpt>
      <trkpt lat="50.881811" lon="15.249702999999998"><ele>883.14</ele></trkpt>
      <trkpt lat="50.881876999999996" lon="15.249424999999999"><ele>882.17</ele></trkpt>
      <trkpt lat="50.881868999999995" lon="15.2493"><ele>881.43</ele></trkpt>
      <trkpt lat="50.881842999999996" lon="15.249165999999999"><ele>880.66</ele></trkpt>
      <trkpt lat="50.881823" lon="15.249103999999999"><ele>880.31</ele></trkpt>
      <trkpt lat="50.881795" lon="15.249049"><ele>879.84</ele></trkpt>
      <trkpt lat="50.881704" lon="15.248959"><ele>878.52</ele></trkpt>
      <trkpt lat="50.881557" lon="15.248854999999999"><ele>876.65</ele></trkpt>
      <trkpt lat="50.881482999999996" lon="15.248769"><ele>875.69</ele></trkpt>
      <trkpt lat="50.881437" lon="15.2487"><ele>875.08</ele></trkpt>
      <trkpt lat="50.881305" lon="15.248377999999999"><ele>872.76</ele></trkpt>
      <trkpt lat="50.881178999999996" lon="15.248109999999999"><ele>870.6</ele></trkpt>
      <trkpt lat="50.881046" lon="15.24791"><ele>868.8</ele></trkpt>
      <trkpt lat="50.881004999999995" lon="15.24781"><ele>868.1</ele></trkpt>
      <trkpt lat="50.880978999999996" lon="15.247625999999999"><ele>867.09</ele></trkpt>
      <trkpt lat="50.880981" lon="15.247088999999999"><ele>864.51</ele></trkpt>
      <trkpt lat="50.881012" lon="15.246775999999999"><ele>862.74</ele></trkpt>
      <trkpt lat="50.881052999999994" lon="15.246592999999999"><ele>862.4</ele></trkpt>
      <trkpt lat="50.881107" lon="15.246473"><ele>862.81</ele></trkpt>
      <trkpt lat="50.881107" lon="15.246473"><ele>862.81</ele></trkpt>
      <trkpt lat="50.881107" lon="15.246473"><ele>862.81</ele></trkpt>
      <trkpt lat="50.881107" lon="15.246473"><ele>862.81</ele></trkpt>
      <trkpt lat="50.881107" lon="15.246473"><ele>862.81</ele></trkpt>
      <trkpt lat="50.881169" lon="15.246416"><ele>862.51</ele></trkpt>
      <trkpt lat="50.881302999999996" lon="15.246364"><ele>860.69</ele></trkpt>
      <trkpt lat="50.881515" lon="15.246367999999999"><ele>858.19</ele></trkpt>
      <trkpt lat="50.881614" lon="15.246402999999999"><ele>857.02</ele></trkpt>
      <trkpt lat="50.881845" lon="15.246512999999998"><ele>853.89</ele></trkpt>
      <trkpt lat="50.881966999999996" lon="15.246545"><ele>852.28</ele></trkpt>
      <trkpt lat="50.882717" lon="15.246576999999998"><ele>842.29</ele></trkpt>
      <trkpt lat="50.882881" lon="15.246552999999999"><ele>840.05</ele></trkpt>
      <trkpt lat="50.883012" lon="15.246495999999999"><ele>838.2</ele></trkpt>
      <trkpt lat="50.883599999999994" lon="15.246044"><ele>829.35</ele></trkpt>
      <trkpt lat="50.883745999999995" lon="15.245875"><ele>828.16</ele></trkpt>
      <trkpt lat="50.883896" lon="15.245560999999999"><ele>825.13</ele></trkpt>
      <trkpt lat="50.884132" lon="15.24503"><ele>819.94</ele></trkpt>
      <trkpt lat="50.884419" lon="15.244468999999999"><ele>814.07</ele></trkpt>
      <trkpt lat="50.885394999999995" lon="15.242719"><ele>795.97</ele></trkpt>
      <trkpt lat="50.885464" lon="15.242652"><ele>795.09</ele></trkpt>
      <trkpt lat="50.885613" lon="15.242645"><ele>793.48</ele></trkpt>
      <trkpt lat="50.885707" lon="15.242678999999999"><ele>792.46</ele></trkpt>
      <trkpt lat="50.885967" lon="15.24283"><ele>789.62</ele></trkpt>
      <trkpt lat="50.886148" lon="15.242918999999999"><ele>787.82</ele></trkpt>
      <trkpt lat="50.886229" lon="15.242941"><ele>787.06</ele></trkpt>
      <trkpt lat="50.886610999999995" lon="15.242937"><ele>784.15</ele></trkpt>
      <trkpt lat="50.886708" lon="15.242961999999999"><ele>783.59</ele></trkpt>
      <trkpt lat="50.886834" lon="15.243048"><ele>782.93</ele></trkpt>
      <trkpt lat="50.887243" lon="15.243625"><ele>781.47</ele></trkpt>
      <trkpt lat="50.887353999999995" lon="15.243739"><ele>781.1</ele></trkpt>
      <trkpt lat="50.887446999999995" lon="15.243803999999999"><ele>780.38</ele></trkpt>
      <trkpt lat="50.887502999999995" lon="15.243813"><ele>779.41</ele></trkpt>
      <trkpt lat="50.887561999999996" lon="15.243789"><ele>779.9</ele></trkpt>
      <trkpt lat="50.887629" lon="15.243720999999999"><ele>779.42</ele></trkpt>
      <trkpt lat="50.888014999999996" lon="15.243089999999999"><ele>773.71</ele></trkpt>
      <trkpt lat="50.888272" lon="15.242574999999999"><ele>769.76</ele></trkpt>
      <trkpt lat="50.888588999999996" lon="15.241911"><ele>765.13</ele></trkpt>
      <trkpt lat="50.888739" lon="15.241563999999999"><ele>762.97</ele></trkpt>
      <trkpt lat="50.888993" lon="15.240806999999998"><ele>758.48</ele></trkpt>
      <trkpt lat="50.889267" lon="15.240031"><ele>754.11</ele></trkpt>
      <trkpt lat="50.889627999999995" lon="15.23889"><ele>748.27</ele></trkpt>
      <trkpt lat="50.889683999999995" lon="15.238678"><ele>747.19</ele></trkpt>
      <trkpt lat="50.889765" lon="15.238159"><ele>744.65</ele></trkpt>
      <trkpt lat="50.889872" lon="15.237632999999999"><ele>742</ele></trkpt>
      <trkpt lat="50.890077999999995" lon="15.236981"><ele>738.54</ele></trkpt>
      <trkpt lat="50.89019" lon="15.236680999999999"><ele>736.98</ele></trkpt>
      <trkpt lat="50.890266" lon="15.236524"><ele>736.01</ele></trkpt>
      <trkpt lat="50.890361" lon="15.236386"><ele>735.32</ele></trkpt>
      <trkpt lat="50.890474" lon="15.236295"><ele>734.59</ele></trkpt>
      <trkpt lat="50.890474" lon="15.236295"><ele>734.59</ele></trkpt>
      <trkpt lat="50.890474" lon="15.236295"><ele>734.59</ele></trkpt>
      <trkpt lat="50.890474" lon="15.236295"><ele>734.59</ele></trkpt>
      <trkpt lat="50.890474" lon="15.236295"><ele>734.59</ele></trkpt>
      <trkpt lat="50.890577" lon="15.236253"><ele>734.37</ele></trkpt>
      <trkpt lat="50.890691" lon="15.236244999999998"><ele>734.01</ele></trkpt>
      <trkpt lat="50.890798" lon="15.236262"><ele>733.55</ele></trkpt>
      <trkpt lat="50.890916" lon="15.236319"><ele>732.95</ele></trkpt>
      <trkpt lat="50.891003999999995" lon="15.236377"><ele>732.48</ele></trkpt>
      <trkpt lat="50.89196" lon="15.237233"><ele>727.12</ele></trkpt>
      <trkpt lat="50.893662" lon="15.239322"><ele>720.45</ele></trkpt>
      <trkpt lat="50.893978" lon="15.239535"><ele>719.99</ele></trkpt>
      <trkpt lat="50.894282" lon="15.239657999999999"><ele>719.71</ele></trkpt>
      <trkpt lat="50.894662999999994" lon="15.239657999999999"><ele>719.38</ele></trkpt>
      <trkpt lat="50.895179" lon="15.239407"><ele>718.61</ele></trkpt>
      <trkpt lat="50.895731" lon="15.239099999999999"><ele>716.68</ele></trkpt>
      <trkpt lat="50.896038" lon="15.238816"><ele>714.33</ele></trkpt>
      <trkpt lat="50.896401" lon="15.238221"><ele>711.78</ele></trkpt>
      <trkpt lat="50.896664" lon="15.238036999999998"><ele>710.87</ele></trkpt>
      <trkpt lat="50.897003" lon="15.237947"><ele>710.61</ele></trkpt>
      <trkpt lat="50.897939" lon="15.237895"><ele>707.84</ele></trkpt>
      <trkpt lat="50.898163" lon="15.237815"><ele>707.02</ele></trkpt>
      <trkpt lat="50.898378" lon="15.237635"><ele>706</ele></trkpt>
      <trkpt lat="50.899336999999996" lon="15.236383"><ele>698.3</ele></trkpt>
      <trkpt lat="50.899494999999995" lon="15.236284999999999"><ele>696.79</ele></trkpt>
      <trkpt lat="50.899558999999996" lon="15.236269"><ele>696.35</ele></trkpt>
      <trkpt lat="50.899558999999996" lon="15.236269"><ele>696.35</ele></trkpt>
      <trkpt lat="50.899558999999996" lon="15.236269"><ele>696.35</ele></trkpt>
      <trkpt lat="50.899558999999996" lon="15.236269"><ele>696.35</ele></trkpt>
      <trkpt lat="50.899558999999996" lon="15.236269"><ele>696.35</ele></trkpt>
      <trkpt lat="50.899637" lon="15.23636"><ele>695.68</ele></trkpt>
      <trkpt lat="50.899660999999995" lon="15.236415"><ele>695.35</ele></trkpt>
      <trkpt lat="50.899637" lon="15.23636"><ele>695.68</ele></trkpt>
      <trkpt lat="50.899606999999996" lon="15.236315999999999"><ele>695.97</ele></trkpt>
      <trkpt lat="50.899558999999996" lon="15.236269"><ele>696.35</ele></trkpt>
      <trkpt lat="50.899606999999996" lon="15.236315999999999"><ele>695.97</ele></trkpt>
      <trkpt lat="50.899637" lon="15.23636"><ele>695.68</ele></trkpt>
      <trkpt lat="50.899660999999995" lon="15.236415"><ele>695.35</ele></trkpt>
      <trkpt lat="50.89964" lon="15.236602"><ele>694.84</ele></trkpt>
      <trkpt lat="50.899439" lon="15.237167999999999"><ele>693.72</ele></trkpt>
      <trkpt lat="50.899027" lon="15.238522"><ele>692.74</ele></trkpt>
      <trkpt lat="50.898882" lon="15.238895"><ele>692.52</ele></trkpt>
      <trkpt lat="50.898765" lon="15.239296999999999"><ele>691.21</ele></trkpt>
      <trkpt lat="50.898697" lon="15.239327999999999"><ele>691.4</ele></trkpt>
      <trkpt lat="50.898347" lon="15.239569"><ele>690.69</ele></trkpt>
      <trkpt lat="50.898225" lon="15.239624999999998"><ele>690.29</ele></trkpt>
      <trkpt lat="50.898013999999996" lon="15.23968"><ele>689.76</ele></trkpt>
      <trkpt lat="50.897889" lon="15.239668"><ele>689.41</ele></trkpt>
      <trkpt lat="50.897552999999995" lon="15.239562"><ele>688.3</ele></trkpt>
      <trkpt lat="50.897380999999996" lon="15.239585"><ele>687.73</ele></trkpt>
      <trkpt lat="50.897310999999995" lon="15.239637"><ele>687.47</ele></trkpt>
      <trkpt lat="50.897216" lon="15.239728"><ele>687.07</ele></trkpt>
      <trkpt lat="50.897138" lon="15.239849"><ele>686.65</ele></trkpt>
      <trkpt lat="50.897084" lon="15.240089"><ele>685.93</ele></trkpt>
      <trkpt lat="50.897062" lon="15.240300999999999"><ele>685.32</ele></trkpt>
      <trkpt lat="50.897056" lon="15.240635"><ele>684.4</ele></trkpt>
      <trkpt lat="50.897026" lon="15.240889"><ele>683.62</ele></trkpt>
      <trkpt lat="50.896975" lon="15.241102999999999"><ele>682.96</ele></trkpt>
      <trkpt lat="50.896735" lon="15.241733"><ele>681.39</ele></trkpt>
      <trkpt lat="50.896392" lon="15.242593"><ele>680.66</ele></trkpt>
      <trkpt lat="50.896235" lon="15.242892999999999"><ele>680.78</ele></trkpt>
      <trkpt lat="50.896097999999995" lon="15.243120999999999"><ele>680.65</ele></trkpt>
      <trkpt lat="50.896029" lon="15.243286"><ele>680.53</ele></trkpt>
      <trkpt lat="50.895989" lon="15.243473"><ele>680.44</ele></trkpt>
      <trkpt lat="50.895981" lon="15.243727999999999"><ele>680.31</ele></trkpt>
      <trkpt lat="50.895959" lon="15.243981999999999"><ele>680.13</ele></trkpt>
      <trkpt lat="50.895894999999996" lon="15.244240999999999"><ele>679.68</ele></trkpt>
      <trkpt lat="50.895801999999996" lon="15.244525"><ele>679.34</ele></trkpt>
      <trkpt lat="50.895727" lon="15.244715"><ele>679.17</ele></trkpt>
      <trkpt lat="50.895678" lon="15.244867999999999"><ele>679.03</ele></trkpt>
      <trkpt lat="50.895651" lon="15.244992"><ele>678.74</ele></trkpt>
      <trkpt lat="50.895624999999995" lon="15.245327"><ele>678.46</ele></trkpt>
      <trkpt lat="50.895615" lon="15.245987999999999"><ele>678.12</ele></trkpt>
      <trkpt lat="50.895615" lon="15.245987999999999"><ele>678.12</ele></trkpt>
      <trkpt lat="50.895615" lon="15.245987999999999"><ele>678.12</ele></trkpt>
      <trkpt lat="50.895615" lon="15.245987999999999"><ele>678.12</ele></trkpt>
      <trkpt lat="50.895615" lon="15.245987999999999"><ele>678.12</ele></trkpt>
      <trkpt lat="50.895668" lon="15.246288999999999"><ele>677.69</ele></trkpt>
      <trkpt lat="50.89571" lon="15.246440999999999"><ele>677.54</ele></trkpt>
      <trkpt lat="50.895846" lon="15.246794999999999"><ele>676.89</ele></trkpt>
      <trkpt lat="50.895907" lon="15.246924"><ele>676.68</ele></trkpt>
      <trkpt lat="50.895982" lon="15.247"><ele>677.01</ele></trkpt>
      <trkpt lat="50.896173" lon="15.24715"><ele>677.86</ele></trkpt>
      <trkpt lat="50.896397" lon="15.247297"><ele>678.48</ele></trkpt>
      <trkpt lat="50.896511" lon="15.247435999999999"><ele>678.66</ele></trkpt>
      <trkpt lat="50.896727999999996" lon="15.247765999999999"><ele>678.92</ele></trkpt>
      <trkpt lat="50.896986999999996" lon="15.248009"><ele>679.5</ele></trkpt>
      <trkpt lat="50.897622999999996" lon="15.248387"><ele>680.68</ele></trkpt>
      <trkpt lat="50.898022999999995" lon="15.24875"><ele>681.37</ele></trkpt>
      <trkpt lat="50.898471" lon="15.249277"><ele>682.31</ele></trkpt>
      <trkpt lat="50.899439" lon="15.250719"><ele>685.39</ele></trkpt>
      <trkpt lat="50.899989" lon="15.251586999999999"><ele>687.3</ele></trkpt>
      <trkpt lat="50.900273" lon="15.252187"><ele>688.47</ele></trkpt>
      <trkpt lat="50.900566" lon="15.253062"><ele>690.11</ele></trkpt>
      <trkpt lat="50.900737" lon="15.253478"><ele>690.77</ele></trkpt>
      <trkpt lat="50.901444999999995" lon="15.254757999999999"><ele>692.34</ele></trkpt>
      <trkpt lat="50.901669" lon="15.255118"><ele>692.82</ele></trkpt>
      <trkpt lat="50.901925999999996" lon="15.255498999999999"><ele>693.6</ele></trkpt>
      <trkpt lat="50.901925999999996" lon="15.255498999999999"><ele>693.6</ele></trkpt>
      <trkpt lat="50.901925999999996" lon="15.255498999999999"><ele>693.6</ele></trkpt>
      <trkpt lat="50.901925999999996" lon="15.255498999999999"><ele>693.6</ele></trkpt>
      <trkpt lat="50.901925999999996" lon="15.255498999999999"><ele>693.6</ele></trkpt>
      <trkpt lat="50.902297" lon="15.255868999999999"><ele>695.01</ele></trkpt>
      <trkpt lat="50.902575999999996" lon="15.256053"><ele>696.08</ele></trkpt>
      <trkpt lat="50.903051999999995" lon="15.256224"><ele>697.81</ele></trkpt>
      <trkpt lat="50.903202" lon="15.256243"><ele>697.66</ele></trkpt>
      <trkpt lat="50.903332999999996" lon="15.256236"><ele>697.45</ele></trkpt>
      <trkpt lat="50.903372" lon="15.256281999999999"><ele>697.49</ele></trkpt>
      <trkpt lat="50.903493" lon="15.256506"><ele>697.04</ele></trkpt>
      <trkpt lat="50.903665" lon="15.25695"><ele>695.04</ele></trkpt>
      <trkpt lat="50.903791" lon="15.257107999999999"><ele>693.6</ele></trkpt>
      <trkpt lat="50.904095999999996" lon="15.257308"><ele>690.52</ele></trkpt>
      <trkpt lat="50.905570999999995" lon="15.258731"><ele>668.32</ele></trkpt>
      <trkpt lat="50.905826999999995" lon="15.258875"><ele>664.56</ele></trkpt>
      <trkpt lat="50.906002" lon="15.258937"><ele>662.11</ele></trkpt>
      <trkpt lat="50.906797" lon="15.258894"><ele>651.89</ele></trkpt>
      <trkpt lat="50.906957" lon="15.258908"><ele>649.87</ele></trkpt>
      <trkpt lat="50.907252" lon="15.259060999999999"><ele>645.74</ele></trkpt>
      <trkpt lat="50.907723" lon="15.259393"><ele>639.19</ele></trkpt>
      <trkpt lat="50.907790999999996" lon="15.259417"><ele>638.35</ele></trkpt>
      <trkpt lat="50.907992" lon="15.259447"><ele>635.99</ele></trkpt>
      <trkpt lat="50.909599" lon="15.258956"><ele>619.17</ele></trkpt>
      <trkpt lat="50.910291" lon="15.258752"><ele>612.2</ele></trkpt>
      <trkpt lat="50.910443" lon="15.258693999999998"><ele>610.89</ele></trkpt>
      <trkpt lat="50.910579999999996" lon="15.258560999999998"><ele>609.64</ele></trkpt>
      <trkpt lat="50.911243" lon="15.257784"><ele>603.77</ele></trkpt>
      <trkpt lat="50.911375" lon="15.257655"><ele>602.45</ele></trkpt>
      <trkpt lat="50.911542" lon="15.257548"><ele>600.81</ele></trkpt>
      <trkpt lat="50.911778999999996" lon="15.257477"><ele>598.53</ele></trkpt>
      <trkpt lat="50.912095" lon="15.257416999999998"><ele>595.44</ele></trkpt>
      <trkpt lat="50.912285999999995" lon="15.257333"><ele>593.56</ele></trkpt>
      <trkpt lat="50.912628999999995" lon="15.257083999999999"><ele>590.43</ele></trkpt>
      <trkpt lat="50.91278" lon="15.257036"><ele>589.05</ele></trkpt>
      <trkpt lat="50.912895" lon="15.25704"><ele>587.99</ele></trkpt>
      <trkpt lat="50.913270999999995" lon="15.25709"><ele>583.56</ele></trkpt>
      <trkpt lat="50.913509999999995" lon="15.257105999999999"><ele>581.15</ele></trkpt>
      <trkpt lat="50.913736" lon="15.257150999999999"><ele>579.13</ele></trkpt>
      <trkpt lat="50.913894" lon="15.257276"><ele>578.58</ele></trkpt>
      <trkpt lat="50.914021999999996" lon="15.257285"><ele>578.68</ele></trkpt>
      <trkpt lat="50.914288" lon="15.257235999999999"><ele>576.97</ele></trkpt>
      <trkpt lat="50.914581999999996" lon="15.257213"><ele>574.47</ele></trkpt>
      <trkpt lat="50.914719" lon="15.25739"><ele>574.59</ele></trkpt>
      <trkpt lat="50.914815" lon="15.257404"><ele>574.07</ele></trkpt>
      <trkpt lat="50.915264" lon="15.257705"><ele>571.64</ele></trkpt>
      <trkpt lat="50.915794" lon="15.257415"><ele>568.85</ele></trkpt>
      <trkpt lat="50.916066" lon="15.257408"><ele>567.88</ele></trkpt>
      <trkpt lat="50.91636" lon="15.257534"><ele>567.08</ele></trkpt>
      <trkpt lat="50.916646" lon="15.257753999999998"><ele>566.33</ele></trkpt>
      <trkpt lat="50.917151999999994" lon="15.258068"><ele>563.93</ele></trkpt>
      <trkpt lat="50.917794" lon="15.258559"><ele>559.69</ele></trkpt>
      <trkpt lat="50.917936" lon="15.258733999999999"><ele>558.65</ele></trkpt>
      <trkpt lat="50.918346" lon="15.259053999999999"><ele>555.97</ele></trkpt>
      <trkpt lat="50.91845" lon="15.259350999999999"><ele>555.31</ele></trkpt>
      <trkpt lat="50.918512" lon="15.259428999999999"><ele>555.02</ele></trkpt>
      <trkpt lat="50.918566999999996" lon="15.259538"><ele>554.86</ele></trkpt>
      <trkpt lat="50.918566999999996" lon="15.259538"><ele>554.86</ele></trkpt>
      <trkpt lat="50.918566999999996" lon="15.259538"><ele>554.86</ele></trkpt>
      <trkpt lat="50.918637" lon="15.259936999999999"><ele>554.76</ele></trkpt>
      <trkpt lat="50.918858" lon="15.260676"><ele>555.47</ele></trkpt>
      <trkpt lat="50.918893999999995" lon="15.261204999999999"><ele>556.12</ele></trkpt>
      <trkpt lat="50.918986" lon="15.261828"><ele>556.63</ele></trkpt>
      <trkpt lat="50.919169" lon="15.262398"><ele>557</ele></trkpt>
      <trkpt lat="50.919228" lon="15.262654999999999"><ele>557.19</ele></trkpt>
      <trkpt lat="50.919228" lon="15.262654999999999"><ele>557.19</ele></trkpt>
      <trkpt lat="50.919228" lon="15.262654999999999"><ele>557.19</ele></trkpt>
      <trkpt lat="50.91923" lon="15.262792"><ele>557.29</ele></trkpt>
      <trkpt lat="50.919205" lon="15.263401"><ele>557.81</ele></trkpt>
      <trkpt lat="50.919202999999996" lon="15.263884"><ele>558.74</ele></trkpt>
      <trkpt lat="50.919246" lon="15.264306"><ele>559.42</ele></trkpt>
      <trkpt lat="50.919219" lon="15.26461"><ele>559.48</ele></trkpt>
      <trkpt lat="50.919185" lon="15.264728"><ele>559.42</ele></trkpt>
      <trkpt lat="50.919202999999996" lon="15.265063999999999"><ele>559.04</ele></trkpt>
      <trkpt lat="50.919252" lon="15.265172"><ele>558.84</ele></trkpt>
      <trkpt lat="50.919312999999995" lon="15.265245"><ele>558.63</ele></trkpt>
      <trkpt lat="50.919323999999996" lon="15.265279"><ele>558.55</ele></trkpt>
      <trkpt lat="50.919363" lon="15.265331999999999"><ele>558.39</ele></trkpt>
      <trkpt lat="50.919458999999996" lon="15.265531999999999"><ele>557.77</ele></trkpt>
      <trkpt lat="50.919528" lon="15.265721999999998"><ele>557.07</ele></trkpt>
      <trkpt lat="50.919588999999995" lon="15.265951"><ele>556.06</ele></trkpt>
      <trkpt lat="50.919633" lon="15.266058999999998"><ele>555.57</ele></trkpt>
      <trkpt lat="50.919657" lon="15.266171"><ele>555.19</ele></trkpt>
      <trkpt lat="50.91966" lon="15.266288"><ele>554.83</ele></trkpt>
      <trkpt lat="50.919647999999995" lon="15.266397"><ele>554.61</ele></trkpt>
      <trkpt lat="50.919574999999995" lon="15.266589999999999"><ele>554.15</ele></trkpt>
      <trkpt lat="50.919546" lon="15.266641"><ele>554.17</ele></trkpt>
      <trkpt lat="50.919472" lon="15.266701"><ele>554.49</ele></trkpt>
      <trkpt lat="50.919318" lon="15.266981"><ele>555.27</ele></trkpt>
      <trkpt lat="50.919259" lon="15.267211"><ele>555.79</ele></trkpt>
      <trkpt lat="50.919236999999995" lon="15.267330999999999"><ele>556.14</ele></trkpt>
      <trkpt lat="50.919216" lon="15.267586999999999"><ele>556.52</ele></trkpt>
      <trkpt lat="50.919242999999994" lon="15.267857"><ele>556.98</ele></trkpt>
      <trkpt lat="50.919233" lon="15.268683"><ele>559.03</ele></trkpt>
      <trkpt lat="50.919273" lon="15.269089999999998"><ele>560.03</ele></trkpt>
      <trkpt lat="50.919439999999994" lon="15.269511"><ele>560.46</ele></trkpt>
      <trkpt lat="50.919453999999995" lon="15.269692"><ele>560.75</ele></trkpt>
      <trkpt lat="50.91936" lon="15.269599"><ele>561.95</ele></trkpt>
      <trkpt lat="50.919233" lon="15.269392999999999"><ele>563.19</ele></trkpt>
      <trkpt lat="50.918780999999996" lon="15.268792"><ele>566.15</ele></trkpt>
      <trkpt lat="50.918606999999994" lon="15.268519999999999"><ele>567.38</ele></trkpt>
      <trkpt lat="50.918459999999996" lon="15.268251999999999"><ele>568.48</ele></trkpt>
      <trkpt lat="50.918319" lon="15.268094"><ele>569.29</ele></trkpt>
      <trkpt lat="50.918077999999994" lon="15.267957"><ele>570.46</ele></trkpt>
      <trkpt lat="50.918167" lon="15.268141"><ele>571.15</ele></trkpt>
      <trkpt lat="50.918205" lon="15.268327"><ele>571.76</ele></trkpt>
      <trkpt lat="50.918324" lon="15.268651"><ele>572.89</ele></trkpt>
      <trkpt lat="50.918451999999995" lon="15.269148999999999"><ele>574.37</ele></trkpt>
      <trkpt lat="50.918558999999995" lon="15.269722"><ele>576.13</ele></trkpt>
      <trkpt lat="50.918684999999996" lon="15.270245"><ele>577.44</ele></trkpt>
      <trkpt lat="50.918821" lon="15.270481"><ele>576.56</ele></trkpt>
      <trkpt lat="50.91912" lon="15.270940999999999"><ele>574.67</ele></trkpt>
      <trkpt lat="50.919357" lon="15.271574999999999"><ele>573.59</ele></trkpt>
      <trkpt lat="50.919456" lon="15.272120999999999"><ele>573.31</ele></trkpt>
      <trkpt lat="50.919601" lon="15.273109999999999"><ele>573.02</ele></trkpt>
      <trkpt lat="50.919762999999996" lon="15.273956"><ele>572.41</ele></trkpt>
      <trkpt lat="50.919945" lon="15.275951999999998"><ele>570.19</ele></trkpt>
      <trkpt lat="50.919818" lon="15.276883"><ele>572.42</ele></trkpt>
      <trkpt lat="50.919818" lon="15.277180999999999"><ele>572.25</ele></trkpt>
      <trkpt lat="50.919857" lon="15.278704999999999"><ele>570.92</ele></trkpt>
      <trkpt lat="50.919878999999995" lon="15.279131"><ele>569.71</ele></trkpt>
      <trkpt lat="50.919920999999995" lon="15.279708"><ele>567.67</ele></trkpt>
      <trkpt lat="50.919903999999995" lon="15.280021"><ele>565.59</ele></trkpt>
      <trkpt lat="50.91976" lon="15.280372999999999"><ele>564.69</ele></trkpt>
      <trkpt lat="50.919669" lon="15.280458999999999"><ele>564.05</ele></trkpt>
      <trkpt lat="50.919585999999995" lon="15.280501999999998"><ele>563.34</ele></trkpt>
      <trkpt lat="50.919492999999996" lon="15.280619999999999"><ele>562.27</ele></trkpt>
      <trkpt lat="50.919407" lon="15.280797"><ele>561.25</ele></trkpt>
      <trkpt lat="50.919328" lon="15.280994999999999"><ele>560.27</ele></trkpt>
      <trkpt lat="50.919258" lon="15.281094999999999"><ele>559.72</ele></trkpt>
      <trkpt lat="50.919111" lon="15.281231"><ele>558.89</ele></trkpt>
      <trkpt lat="50.918980999999995" lon="15.281374"><ele>558.28</ele></trkpt>
      <trkpt lat="50.918298" lon="15.281906999999999"><ele>558.33</ele></trkpt>
      <trkpt lat="50.918299" lon="15.281982999999999"><ele>557.95</ele></trkpt>
      <trkpt lat="50.918319999999994" lon="15.282074"><ele>558.37</ele></trkpt>
      <trkpt lat="50.91849" lon="15.282091"><ele>556.89</ele></trkpt>
      <trkpt lat="50.918617999999995" lon="15.2821"><ele>556.14</ele></trkpt>
      <trkpt lat="50.918735999999996" lon="15.282288999999999"><ele>556.52</ele></trkpt>
      <trkpt lat="50.919252" lon="15.282487"><ele>557.01</ele></trkpt>
      <trkpt lat="50.919421" lon="15.282497"><ele>557.29</ele></trkpt>
      <trkpt lat="50.919765999999996" lon="15.282746"><ele>557.88</ele></trkpt>
      <trkpt lat="50.919999999999995" lon="15.283154"><ele>558.7</ele></trkpt>
      <trkpt lat="50.920108" lon="15.283392"><ele>558.81</ele></trkpt>
      <trkpt lat="50.92017" lon="15.283786999999998"><ele>560.02</ele></trkpt>
      <trkpt lat="50.920213" lon="15.284930999999998"><ele>563.52</ele></trkpt>
      <trkpt lat="50.920145" lon="15.285864"><ele>566.81</ele></trkpt>
      <trkpt lat="50.920103999999995" lon="15.286342999999999"><ele>568.54</ele></trkpt>
      <trkpt lat="50.920162999999995" lon="15.287529"><ele>566.21</ele></trkpt>
      <trkpt lat="50.920136" lon="15.287538999999999"><ele>566.85</ele></trkpt>
      <trkpt lat="50.920054" lon="15.287732"><ele>568.22</ele></trkpt>
      <trkpt lat="50.920024" lon="15.287802999999998"><ele>568.36</ele></trkpt>
      <trkpt lat="50.920015" lon="15.287858"><ele>568.53</ele></trkpt>
      <trkpt lat="50.919998" lon="15.287899999999999"><ele>568.68</ele></trkpt>
      <trkpt lat="50.919981" lon="15.287908"><ele>568.74</ele></trkpt>
      <trkpt lat="50.91994" lon="15.288058999999999"><ele>568.99</ele></trkpt>
      <trkpt lat="50.919869" lon="15.288148999999999"><ele>569.26</ele></trkpt>
      <trkpt lat="50.919826" lon="15.288236999999999"><ele>569.57</ele></trkpt>
      <trkpt lat="50.919812" lon="15.288338999999999"><ele>569.94</ele></trkpt>
      <trkpt lat="50.919824999999996" lon="15.288444"><ele>570.36</ele></trkpt>
      <trkpt lat="50.91992" lon="15.28887"><ele>572.12</ele></trkpt>
      <trkpt lat="50.920071" lon="15.289622"><ele>576.36</ele></trkpt>
      <trkpt lat="50.920071" lon="15.290481999999999"><ele>581.57</ele></trkpt>
      <trkpt lat="50.920199" lon="15.291772"><ele>581.94</ele></trkpt>
      <trkpt lat="50.920096" lon="15.29294"><ele>584.76</ele></trkpt>
      <trkpt lat="50.920108" lon="15.293199"><ele>585.02</ele></trkpt>
      <trkpt lat="50.9201" lon="15.293963999999999"><ele>585.06</ele></trkpt>
      <trkpt lat="50.920049" lon="15.294417999999999"><ele>584.91</ele></trkpt>
      <trkpt lat="50.919940999999994" lon="15.294899"><ele>586.71</ele></trkpt>
      <trkpt lat="50.919754" lon="15.295504"><ele>589.54</ele></trkpt>
      <trkpt lat="50.919754" lon="15.295504"><ele>589.54</ele></trkpt>
      <trkpt lat="50.919754" lon="15.295504"><ele>589.54</ele></trkpt>
      <trkpt lat="50.919658" lon="15.295741"><ele>590.64</ele></trkpt>
      <trkpt lat="50.919658" lon="15.295741"><ele>590.64</ele></trkpt>
      <trkpt lat="50.919658" lon="15.295741"><ele>590.64</ele></trkpt>
      <trkpt lat="50.919539" lon="15.295912999999999"><ele>592.22</ele></trkpt>
      <trkpt lat="50.919394" lon="15.295973"><ele>593.82</ele></trkpt>
      <trkpt lat="50.919049" lon="15.296019"><ele>597.04</ele></trkpt>
      <trkpt lat="50.918641" lon="15.296021999999999"><ele>600.47</ele></trkpt>
      <trkpt lat="50.91836" lon="15.296128"><ele>602.52</ele></trkpt>
      <trkpt lat="50.918194" lon="15.296228"><ele>603.46</ele></trkpt>
      <trkpt lat="50.918025" lon="15.296232"><ele>605.15</ele></trkpt>
      <trkpt lat="50.917907" lon="15.29627"><ele>605.75</ele></trkpt>
      <trkpt lat="50.917654" lon="15.296272"><ele>608.44</ele></trkpt>
      <trkpt lat="50.917642" lon="15.296209"><ele>609.48</ele></trkpt>
      <trkpt lat="50.917775" lon="15.29605"><ele>610.88</ele></trkpt>
      <trkpt lat="50.918032" lon="15.295815"><ele>612.53</ele></trkpt>
      <trkpt lat="50.918254" lon="15.295556"><ele>613.95</ele></trkpt>
      <trkpt lat="50.918304" lon="15.295447"><ele>614.34</ele></trkpt>
      <trkpt lat="50.918276999999996" lon="15.295425"><ele>614.48</ele></trkpt>
      <trkpt lat="50.917716" lon="15.295741999999999"><ele>617.21</ele></trkpt>
      <trkpt lat="50.917593" lon="15.295798999999999"><ele>617.76</ele></trkpt>
      <trkpt lat="50.9174" lon="15.295819999999999"><ele>618.5</ele></trkpt>
      <trkpt lat="50.916964" lon="15.295981"><ele>620.34</ele></trkpt>
      <trkpt lat="50.916658" lon="15.296261"><ele>621</ele></trkpt>
      <trkpt lat="50.91603" lon="15.296598"><ele>624.37</ele></trkpt>
      <trkpt lat="50.915592" lon="15.296768"><ele>626.91</ele></trkpt>
      <trkpt lat="50.915451" lon="15.29689"><ele>627.46</ele></trkpt>
      <trkpt lat="50.915265" lon="15.296997999999999"><ele>627.98</ele></trkpt>
      <trkpt lat="50.915" lon="15.297175"><ele>629.16</ele></trkpt>
      <trkpt lat="50.914868" lon="15.297201"><ele>629.71</ele></trkpt>
      <trkpt lat="50.914805" lon="15.297186"><ele>630</ele></trkpt>
      <trkpt lat="50.914465" lon="15.296916"><ele>631.57</ele></trkpt>
      <trkpt lat="50.913916" lon="15.296213999999999"><ele>635.2</ele></trkpt>
      <trkpt lat="50.913466" lon="15.295539999999999"><ele>640.19</ele></trkpt>
      <trkpt lat="50.913072" lon="15.295169"><ele>641.34</ele></trkpt>
      <trkpt lat="50.91227" lon="15.294328"><ele>644.55</ele></trkpt>
      <trkpt lat="50.910979" lon="15.293483"><ele>646.7</ele></trkpt>
      <trkpt lat="50.910455999999996" lon="15.293268"><ele>646.51</ele></trkpt>
      <trkpt lat="50.910382" lon="15.293149999999999"><ele>646.19</ele></trkpt>
      <trkpt lat="50.909938" lon="15.292993999999998"><ele>644.32</ele></trkpt>
      <trkpt lat="50.909433" lon="15.292945"><ele>642.76</ele></trkpt>
      <trkpt lat="50.908946" lon="15.292812999999999"><ele>643.22</ele></trkpt>
      <trkpt lat="50.908193999999995" lon="15.292539999999999"><ele>646.46</ele></trkpt>
      <trkpt lat="50.907759" lon="15.292309999999999"><ele>646.88</ele></trkpt>
      <trkpt lat="50.907149999999994" lon="15.292024"><ele>645.56</ele></trkpt>
      <trkpt lat="50.906982" lon="15.291841999999999"><ele>644.82</ele></trkpt>
      <trkpt lat="50.906639999999996" lon="15.291530999999999"><ele>643.76</ele></trkpt>
      <trkpt lat="50.90629" lon="15.291355"><ele>642.89</ele></trkpt>
      <trkpt lat="50.906268" lon="15.291297"><ele>643.68</ele></trkpt>
      <trkpt lat="50.906164" lon="15.29115"><ele>644.14</ele></trkpt>
      <trkpt lat="50.906116" lon="15.291117"><ele>644.15</ele></trkpt>
      <trkpt lat="50.906116" lon="15.291117"><ele>644.15</ele></trkpt>
      <trkpt lat="50.906116" lon="15.291117"><ele>644.15</ele></trkpt>
      <trkpt lat="50.906062" lon="15.291141"><ele>644.07</ele></trkpt>
      <trkpt lat="50.90602" lon="15.291257"><ele>643.42</ele></trkpt>
      <trkpt lat="50.905893" lon="15.291507"><ele>643.34</ele></trkpt>
      <trkpt lat="50.905834999999996" lon="15.29164"><ele>643.51</ele></trkpt>
      <trkpt lat="50.905741" lon="15.291789999999999"><ele>644.09</ele></trkpt>
      <trkpt lat="50.905654999999996" lon="15.291832"><ele>644.17</ele></trkpt>
      <trkpt lat="50.905508999999995" lon="15.291818999999998"><ele>643.74</ele></trkpt>
      <trkpt lat="50.905465" lon="15.291851999999999"><ele>643.71</ele></trkpt>
      <trkpt lat="50.905423" lon="15.292015"><ele>643.71</ele></trkpt>
      <trkpt lat="50.905417" lon="15.292173"><ele>643.75</ele></trkpt>
      <trkpt lat="50.905527" lon="15.292492"><ele>643.83</ele></trkpt>
      <trkpt lat="50.905595" lon="15.29313"><ele>643</ele></trkpt>
      <trkpt lat="50.905583" lon="15.293477"><ele>643.34</ele></trkpt>
      <trkpt lat="50.905547" lon="15.293738"><ele>642.82</ele></trkpt>
      <trkpt lat="50.905491" lon="15.293978"><ele>641.92</ele></trkpt>
      <trkpt lat="50.905480999999995" lon="15.294044999999999"><ele>641.68</ele></trkpt>
      <trkpt lat="50.905389" lon="15.294255999999999"><ele>641.3</ele></trkpt>
      <trkpt lat="50.905190999999995" lon="15.294564"><ele>640.32</ele></trkpt>
      <trkpt lat="50.904779999999995" lon="15.294870999999999"><ele>639.12</ele></trkpt>
      <trkpt lat="50.904779999999995" lon="15.294870999999999"><ele>639.12</ele></trkpt>
      <trkpt lat="50.904779999999995" lon="15.294870999999999"><ele>639.12</ele></trkpt>
      <trkpt lat="50.904801" lon="15.295129"><ele>636.33</ele></trkpt>
      <trkpt lat="50.904801" lon="15.295129"><ele>636.33</ele></trkpt>
      <trkpt lat="50.904801" lon="15.295129"><ele>636.33</ele></trkpt>
      <trkpt lat="50.904818" lon="15.295209999999999"><ele>635.89</ele></trkpt>
      <trkpt lat="50.90483" lon="15.295228"><ele>635.76</ele></trkpt>
      <trkpt lat="50.9054" lon="15.295532"><ele>631.79</ele></trkpt>
      <trkpt lat="50.90598" lon="15.295691999999999"><ele>626.07</ele></trkpt>
      <trkpt lat="50.906824" lon="15.295881"><ele>615.21</ele></trkpt>
      <trkpt lat="50.907278999999996" lon="15.295903"><ele>608.75</ele></trkpt>
      <trkpt lat="50.907492999999995" lon="15.295846"><ele>606.14</ele></trkpt>
      <trkpt lat="50.907466" lon="15.296004"><ele>607.55</ele></trkpt>
      <trkpt lat="50.907703" lon="15.297554"><ele>615.83</ele></trkpt>
      <trkpt lat="50.907816999999994" lon="15.297937"><ele>616.82</ele></trkpt>
      <trkpt lat="50.907979999999995" lon="15.298382"><ele>616.18</ele></trkpt>
      <trkpt lat="50.908156" lon="15.298706"><ele>613.85</ele></trkpt>
      <trkpt lat="50.908317" lon="15.298969"><ele>612.76</ele></trkpt>
      <trkpt lat="50.908522999999995" lon="15.299223999999999"><ele>614.35</ele></trkpt>
      <trkpt lat="50.908943" lon="15.299496999999999"><ele>615.64</ele></trkpt>
      <trkpt lat="50.909091" lon="15.299612999999999"><ele>616.06</ele></trkpt>
      <trkpt lat="50.909375999999995" lon="15.299894"><ele>616.62</ele></trkpt>
      <trkpt lat="50.909624" lon="15.300192"><ele>616.88</ele></trkpt>
      <trkpt lat="50.909836999999996" lon="15.300467999999999"><ele>617.06</ele></trkpt>
      <trkpt lat="50.910019999999996" lon="15.300766"><ele>617.19</ele></trkpt>
      <trkpt lat="50.911134" lon="15.302909"><ele>616.75</ele></trkpt>
      <trkpt lat="50.91139" lon="15.303526"><ele>617.41</ele></trkpt>
      <trkpt lat="50.911514999999994" lon="15.303994999999999"><ele>618.84</ele></trkpt>
      <trkpt lat="50.911539" lon="15.304172999999999"><ele>619.56</ele></trkpt>
      <trkpt lat="50.911550999999996" lon="15.304331999999999"><ele>620.28</ele></trkpt>
      <trkpt lat="50.911561999999996" lon="15.304725"><ele>622.39</ele></trkpt>
      <trkpt lat="50.911553" lon="15.304971"><ele>623.94</ele></trkpt>
      <trkpt lat="50.911497999999995" lon="15.305686"><ele>629.23</ele></trkpt>
      <trkpt lat="50.911404" lon="15.30646"><ele>635.34</ele></trkpt>
      <trkpt lat="50.911358" lon="15.306778"><ele>637.74</ele></trkpt>
      <trkpt lat="50.911238" lon="15.307305999999999"><ele>641.25</ele></trkpt>
      <trkpt lat="50.910986" lon="15.308321"><ele>645.66</ele></trkpt>
      <trkpt lat="50.910965999999995" lon="15.30857"><ele>645.42</ele></trkpt>
      <trkpt lat="50.910965" lon="15.308708"><ele>645.34</ele></trkpt>
      <trkpt lat="50.910986" lon="15.308923"><ele>645.17</ele></trkpt>
      <trkpt lat="50.911026" lon="15.309087"><ele>644.65</ele></trkpt>
      <trkpt lat="50.911476" lon="15.310405"><ele>642.04</ele></trkpt>
      <trkpt lat="50.91139" lon="15.310934999999999"><ele>645.33</ele></trkpt>
      <trkpt lat="50.911361" lon="15.311224999999999"><ele>646.59</ele></trkpt>
      <trkpt lat="50.911353" lon="15.311447"><ele>647.06</ele></trkpt>
      <trkpt lat="50.911347" lon="15.313066999999998"><ele>647.38</ele></trkpt>
      <trkpt lat="50.911355" lon="15.313241999999999"><ele>645.97</ele></trkpt>
      <trkpt lat="50.911398999999996" lon="15.31341"><ele>644.38</ele></trkpt>
      <trkpt lat="50.911398999999996" lon="15.31341"><ele>644.38</ele></trkpt>
      <trkpt lat="50.911398999999996" lon="15.31341"><ele>644.38</ele></trkpt>
      <trkpt lat="50.911536" lon="15.313189999999999"><ele>644.79</ele></trkpt>
      <trkpt lat="50.912033" lon="15.312501"><ele>645</ele></trkpt>
      <trkpt lat="50.912352" lon="15.312643"><ele>645.15</ele></trkpt>
      <trkpt lat="50.912532" lon="15.312752999999999"><ele>645.14</ele></trkpt>
      <trkpt lat="50.912625999999996" lon="15.312847999999999"><ele>645.14</ele></trkpt>
      <trkpt lat="50.912731" lon="15.31298"><ele>645.18</ele></trkpt>
      <trkpt lat="50.912951" lon="15.313388999999999"><ele>645.24</ele></trkpt>
      <trkpt lat="50.913204" lon="15.314013999999998"><ele>645.68</ele></trkpt>
      <trkpt lat="50.913365999999996" lon="15.314442999999999"><ele>645.36</ele></trkpt>
      <trkpt lat="50.913367" lon="15.314684999999999"><ele>643.24</ele></trkpt>
      <trkpt lat="50.913526" lon="15.315076999999999"><ele>640.52</ele></trkpt>
      <trkpt lat="50.913624999999996" lon="15.31552"><ele>637.6</ele></trkpt>
      <trkpt lat="50.913813" lon="15.315928"><ele>634.65</ele></trkpt>
      <trkpt lat="50.914038" lon="15.316089999999999"><ele>632.44</ele></trkpt>
      <trkpt lat="50.914128" lon="15.316080999999999"><ele>631.66</ele></trkpt>
      <trkpt lat="50.914210999999995" lon="15.316097999999998"><ele>630.97</ele></trkpt>
      <trkpt lat="50.914229999999996" lon="15.316146999999999"><ele>630.67</ele></trkpt>
      <trkpt lat="50.914218999999996" lon="15.316227999999999"><ele>630.25</ele></trkpt>
      <trkpt lat="50.914178" lon="15.316270999999999"><ele>629.85</ele></trkpt>
      <trkpt lat="50.914125" lon="15.3163"><ele>629.4</ele></trkpt>
      <trkpt lat="50.914117999999995" lon="15.316371"><ele>629.04</ele></trkpt>
      <trkpt lat="50.914172" lon="15.316400999999999"><ele>628.59</ele></trkpt>
      <trkpt lat="50.914378" lon="15.316365"><ele>627.03</ele></trkpt>
      <trkpt lat="50.914542999999995" lon="15.316270999999999"><ele>625.76</ele></trkpt>
      <trkpt lat="50.914634" lon="15.316253"><ele>625.15</ele></trkpt>
      <trkpt lat="50.914708" lon="15.316355999999999"><ele>624.41</ele></trkpt>
      <trkpt lat="50.914735" lon="15.316536"><ele>623.56</ele></trkpt>
      <trkpt lat="50.914685999999996" lon="15.317243999999999"><ele>620.72</ele></trkpt>
      <trkpt lat="50.914750999999995" lon="15.317497"><ele>621.17</ele></trkpt>
      <trkpt lat="50.914736999999995" lon="15.317647"><ele>620.86</ele></trkpt>
      <trkpt lat="50.914702" lon="15.317843"><ele>620.65</ele></trkpt>
      <trkpt lat="50.914747999999996" lon="15.318183999999999"><ele>620.2</ele></trkpt>
      <trkpt lat="50.914933" lon="15.31865"><ele>619.27</ele></trkpt>
      <trkpt lat="50.915141999999996" lon="15.318940999999999"><ele>618.54</ele></trkpt>
      <trkpt lat="50.915141999999996" lon="15.318940999999999"><ele>618.54</ele></trkpt>
      <trkpt lat="50.915141999999996" lon="15.318940999999999"><ele>618.54</ele></trkpt>
      <trkpt lat="50.915341" lon="15.318947"><ele>617.75</ele></trkpt>
      <trkpt lat="50.915341" lon="15.318947"><ele>617.75</ele></trkpt>
      <trkpt lat="50.915341" lon="15.318947"><ele>617.75</ele></trkpt>
      <trkpt lat="50.915565" lon="15.318769999999999"><ele>616.71</ele></trkpt>
      <trkpt lat="50.915717" lon="15.318399999999999"><ele>617.01</ele></trkpt>
      <trkpt lat="50.915785" lon="15.318045"><ele>617.31</ele></trkpt>
      <trkpt lat="50.915836999999996" lon="15.317815999999999"><ele>617.23</ele></trkpt>
      <trkpt lat="50.915794" lon="15.317464999999999"><ele>617.4</ele></trkpt>
      <trkpt lat="50.915738" lon="15.317229"><ele>617.24</ele></trkpt>
      <trkpt lat="50.915690999999995" lon="15.316958999999999"><ele>616.89</ele></trkpt>
      <trkpt lat="50.915589999999995" lon="15.316761999999999"><ele>616.97</ele></trkpt>
      <trkpt lat="50.915557" lon="15.316471"><ele>616.49</ele></trkpt>
      <trkpt lat="50.915437" lon="15.315862"><ele>616.35</ele></trkpt>
      <trkpt lat="50.915440999999994" lon="15.315688999999999"><ele>616.54</ele></trkpt>
      <trkpt lat="50.915409" lon="15.315496"><ele>616.76</ele></trkpt>
      <trkpt lat="50.91542" lon="15.315116"><ele>616.29</ele></trkpt>
      <trkpt lat="50.915485999999994" lon="15.314874"><ele>615.94</ele></trkpt>
      <trkpt lat="50.915596" lon="15.314646999999999"><ele>615.46</ele></trkpt>
      <trkpt lat="50.915780999999996" lon="15.314141"><ele>613.69</ele></trkpt>
      <trkpt lat="50.915870999999996" lon="15.313621999999999"><ele>611.22</ele></trkpt>
      <trkpt lat="50.915983" lon="15.313068999999999"><ele>608.12</ele></trkpt>
      <trkpt lat="50.916135" lon="15.312394"><ele>603.93</ele></trkpt>
      <trkpt lat="50.916165" lon="15.312130999999999"><ele>602.38</ele></trkpt>
      <trkpt lat="50.916182" lon="15.311262"><ele>597.98</ele></trkpt>
      <trkpt lat="50.91619" lon="15.311145"><ele>597.42</ele></trkpt>
      <trkpt lat="50.91619" lon="15.311145"><ele>597.42</ele></trkpt>
      <trkpt lat="50.91619" lon="15.311145"><ele>597.42</ele></trkpt>
      <trkpt lat="50.91619" lon="15.311145"><ele>597.42</ele></trkpt>
      <trkpt lat="50.91619" lon="15.311145"><ele>597.42</ele></trkpt>
      <trkpt lat="50.916295999999996" lon="15.311314"><ele>595.91</ele></trkpt>
      <trkpt lat="50.916787" lon="15.312441999999999"><ele>589.14</ele></trkpt>
      <trkpt lat="50.917162999999995" lon="15.314166"><ele>581.68</ele></trkpt>
      <trkpt lat="50.917342999999995" lon="15.314459999999999"><ele>580.95</ele></trkpt>
      <trkpt lat="50.917437" lon="15.314668"><ele>581.85</ele></trkpt>
      <trkpt lat="50.91746" lon="15.314656"><ele>581.62</ele></trkpt>
      <trkpt lat="50.917562" lon="15.314456"><ele>580.07</ele></trkpt>
      <trkpt lat="50.917756999999995" lon="15.314200999999999"><ele>577.95</ele></trkpt>
      <trkpt lat="50.917826999999996" lon="15.314084"><ele>577.06</ele></trkpt>
      <trkpt lat="50.918062" lon="15.313993"><ele>575.05</ele></trkpt>
      <trkpt lat="50.91814" lon="15.313875999999999"><ele>574.21</ele></trkpt>
      <trkpt lat="50.918267" lon="15.313806"><ele>573.19</ele></trkpt>
      <trkpt lat="50.91876" lon="15.31382"><ele>569.74</ele></trkpt>
      <trkpt lat="50.919267" lon="15.313975999999998"><ele>566.73</ele></trkpt>
      <trkpt lat="50.919740999999995" lon="15.313759999999998"><ele>564.09</ele></trkpt>
      <trkpt lat="50.919964" lon="15.313561"><ele>562.68</ele></trkpt>
      <trkpt lat="50.920199" lon="15.313384999999998"><ele>561.73</ele></trkpt>
      <trkpt lat="50.920384" lon="15.313163"><ele>561.65</ele></trkpt>
      <trkpt lat="50.920629" lon="15.312626999999999"><ele>560.43</ele></trkpt>
      <trkpt lat="50.920755" lon="15.312185999999999"><ele>559.81</ele></trkpt>
      <trkpt lat="50.921206999999995" lon="15.311684999999999"><ele>557.93</ele></trkpt>
      <trkpt lat="50.921518" lon="15.311269999999999"><ele>556.35</ele></trkpt>
      <trkpt lat="50.921883" lon="15.31095"><ele>553.97</ele></trkpt>
      <trkpt lat="50.922123" lon="15.310967"><ele>552.85</ele></trkpt>
      <trkpt lat="50.922123" lon="15.310967"><ele>552.85</ele></trkpt>
      <trkpt lat="50.922123" lon="15.310967"><ele>552.85</ele></trkpt>
      <trkpt lat="50.922247999999996" lon="15.311217999999998"><ele>553.14</ele></trkpt>
      <trkpt lat="50.922247999999996" lon="15.311217999999998"><ele>553.14</ele></trkpt>
      <trkpt lat="50.922247999999996" lon="15.311217999999998"><ele>553.14</ele></trkpt>
      <trkpt lat="50.922444" lon="15.311822999999999"><ele>553.39</ele></trkpt>
      <trkpt lat="50.922765999999996" lon="15.313319"><ele>555.11</ele></trkpt>
      <trkpt lat="50.922906999999995" lon="15.313759999999998"><ele>555.6</ele></trkpt>
      <trkpt lat="50.923283" lon="15.314658999999999"><ele>553.84</ele></trkpt>
      <trkpt lat="50.923545" lon="15.315152"><ele>552.06</ele></trkpt>
      <trkpt lat="50.923697999999995" lon="15.315636"><ele>549.82</ele></trkpt>
      <trkpt lat="50.923778999999996" lon="15.316345"><ele>548.47</ele></trkpt>
      <trkpt lat="50.92373" lon="15.317321999999999"><ele>547.9</ele></trkpt>
      <trkpt lat="50.92361" lon="15.318022"><ele>547.91</ele></trkpt>
      <trkpt lat="50.923561" lon="15.318705"><ele>546.69</ele></trkpt>
      <trkpt lat="50.923469" lon="15.319163"><ele>546.12</ele></trkpt>
      <trkpt lat="50.923251" lon="15.319379"><ele>546.1</ele></trkpt>
      <trkpt lat="50.922897" lon="15.319569999999999"><ele>545.16</ele></trkpt>
      <trkpt lat="50.922492999999996" lon="15.319604"><ele>542.29</ele></trkpt>
      <trkpt lat="50.922024" lon="15.320037"><ele>538.19</ele></trkpt>
      <trkpt lat="50.921572" lon="15.320511999999999"><ele>534.47</ele></trkpt>
      <trkpt lat="50.921163" lon="15.321169"><ele>531.9</ele></trkpt>
      <trkpt lat="50.920738" lon="15.321653"><ele>530.03</ele></trkpt>
      <trkpt lat="50.920519999999996" lon="15.321938999999999"><ele>528.57</ele></trkpt>
      <trkpt lat="50.920471" lon="15.322465999999999"><ele>528.39</ele></trkpt>
      <trkpt lat="50.920547" lon="15.322871999999998"><ele>528.38</ele></trkpt>
      <trkpt lat="50.920646" lon="15.323139999999999"><ele>528.33</ele></trkpt>
      <trkpt lat="50.920846999999995" lon="15.323547"><ele>528.28</ele></trkpt>
      <trkpt lat="50.921654" lon="15.324186999999998"><ele>527.56</ele></trkpt>
      <trkpt lat="50.922143999999996" lon="15.324506"><ele>526.74</ele></trkpt>
      <trkpt lat="50.922667999999994" lon="15.324696999999999"><ele>524.97</ele></trkpt>
      <trkpt lat="50.922984" lon="15.324644999999999"><ele>523.6</ele></trkpt>
      <trkpt lat="50.923556" lon="15.324454999999999"><ele>523.24</ele></trkpt>
      <trkpt lat="50.923981" lon="15.324005"><ele>521.54</ele></trkpt>
      <trkpt lat="50.924363" lon="15.323772"><ele>519.8</ele></trkpt>
      <trkpt lat="50.924699999999994" lon="15.323685"><ele>518.38</ele></trkpt>
      <trkpt lat="50.925059999999995" lon="15.324359"><ele>516.26</ele></trkpt>
      <trkpt lat="50.925235" lon="15.324973"><ele>515.38</ele></trkpt>
      <trkpt lat="50.9253" lon="15.325655999999999"><ele>514.52</ele></trkpt>
      <trkpt lat="50.92536" lon="15.326469"><ele>512.26</ele></trkpt>
      <trkpt lat="50.925512" lon="15.327281999999999"><ele>509.44</ele></trkpt>
      <trkpt lat="50.925353" lon="15.328875"><ele>506.97</ele></trkpt>
      <trkpt lat="50.925303" lon="15.329018"><ele>507.26</ele></trkpt>
      <trkpt lat="50.925239" lon="15.329085999999998"><ele>507.57</ele></trkpt>
      <trkpt lat="50.925157999999996" lon="15.32921"><ele>507.53</ele></trkpt>
      <trkpt lat="50.924803999999995" lon="15.329614999999999"><ele>506.63</ele></trkpt>
      <trkpt lat="50.924602" lon="15.330126"><ele>505.96</ele></trkpt>
      <trkpt lat="50.924285999999995" lon="15.330515"><ele>505.75</ele></trkpt>
      <trkpt lat="50.923801" lon="15.330886999999999"><ele>506.52</ele></trkpt>
      <trkpt lat="50.922864" lon="15.331268"><ele>507.89</ele></trkpt>
      <trkpt lat="50.922782" lon="15.331560999999999"><ele>507.94</ele></trkpt>
      <trkpt lat="50.922782" lon="15.331560999999999"><ele>507.94</ele></trkpt>
      <trkpt lat="50.922782" lon="15.331560999999999"><ele>507.94</ele></trkpt>
      <trkpt lat="50.922934999999995" lon="15.331994"><ele>507.86</ele></trkpt>
      <trkpt lat="50.923305" lon="15.332668"><ele>507.75</ele></trkpt>
      <trkpt lat="50.923604999999995" lon="15.333333999999999"><ele>507.65</ele></trkpt>
      <trkpt lat="50.923856" lon="15.333775"><ele>507.35</ele></trkpt>
      <trkpt lat="50.924122999999994" lon="15.334389"><ele>506.05</ele></trkpt>
      <trkpt lat="50.924673" lon="15.334950999999998"><ele>502.95</ele></trkpt>
      <trkpt lat="50.924983999999995" lon="15.335106"><ele>501.03</ele></trkpt>
      <trkpt lat="50.925196" lon="15.33508"><ele>499.73</ele></trkpt>
      <trkpt lat="50.925703" lon="15.334916"><ele>496.44</ele></trkpt>
      <trkpt lat="50.926117" lon="15.334847"><ele>493.81</ele></trkpt>
      <trkpt lat="50.926460999999996" lon="15.334916"><ele>491.74</ele></trkpt>
      <trkpt lat="50.9267" lon="15.335158"><ele>490.13</ele></trkpt>
      <trkpt lat="50.927006" lon="15.335858"><ele>487.37</ele></trkpt>
      <trkpt lat="50.927375999999995" lon="15.337622"><ele>482.75</ele></trkpt>
      <trkpt lat="50.927616" lon="15.339983"><ele>479.13</ele></trkpt>
      <trkpt lat="50.92767" lon="15.340821"><ele>478.56</ele></trkpt>
      <trkpt lat="50.927637999999995" lon="15.341253"><ele>478.77</ele></trkpt>
      <trkpt lat="50.927648999999995" lon="15.341954"><ele>478.31</ele></trkpt>
      <trkpt lat="50.927679999999995" lon="15.342243"><ele>476.99</ele></trkpt>
      <trkpt lat="50.927682" lon="15.342486"><ele>476.05</ele></trkpt>
      <trkpt lat="50.927465" lon="15.342986999999999"><ele>474.09</ele></trkpt>
      <trkpt lat="50.927706" lon="15.343050999999999"><ele>470.08</ele></trkpt>
      <trkpt lat="50.927856999999996" lon="15.343053"><ele>467.69</ele></trkpt>
      <trkpt lat="50.928549" lon="15.342794"><ele>456.9</ele></trkpt>
      <trkpt lat="50.92883" lon="15.342718999999999"><ele>452.94</ele></trkpt>
      <trkpt lat="50.929292999999994" lon="15.342563"><ele>446.76</ele></trkpt>
      <trkpt lat="50.929384999999996" lon="15.343192"><ele>445.93</ele></trkpt>
      <trkpt lat="50.930341" lon="15.348759999999999"><ele>433</ele></trkpt>
      <trkpt lat="50.930431999999996" lon="15.349397"><ele>431.01</ele></trkpt>
      <trkpt lat="50.930547" lon="15.350657"><ele>425.69</ele></trkpt>
      <trkpt lat="50.930645" lon="15.352005"><ele>418.04</ele></trkpt>
      <trkpt lat="50.930734" lon="15.353033"><ele>416.03</ele></trkpt>
      <trkpt lat="50.930799" lon="15.354292"><ele>411.45</ele></trkpt>
      <trkpt lat="50.930799" lon="15.354500999999999"><ele>410.84</ele></trkpt>
      <trkpt lat="50.930789" lon="15.354669"><ele>410.32</ele></trkpt>
      <trkpt lat="50.930789" lon="15.354669"><ele>410.32</ele></trkpt>
      <trkpt lat="50.930789" lon="15.354669"><ele>410.32</ele></trkpt>
      <trkpt lat="50.93105" lon="15.354856"><ele>409.92</ele></trkpt>
      <trkpt lat="50.931205" lon="15.354942"><ele>409.66</ele></trkpt>
      <trkpt lat="50.931394" lon="15.354928999999998"><ele>408.98</ele></trkpt>
      <trkpt lat="50.931864999999995" lon="15.354837"><ele>407.9</ele></trkpt>
      <trkpt lat="50.931991" lon="15.354844"><ele>407.7</ele></trkpt>
      <trkpt lat="50.932508" lon="15.354961"><ele>406.81</ele></trkpt>
      <trkpt lat="50.932697" lon="15.354982"><ele>406.29</ele></trkpt>
      <trkpt lat="50.933645" lon="15.354894999999999"><ele>404.92</ele></trkpt>
      <trkpt lat="50.933786" lon="15.354899999999999"><ele>404.77</ele></trkpt>
      <trkpt lat="50.933952999999995" lon="15.354941"><ele>404.55</ele></trkpt>
      <trkpt lat="50.934205999999996" lon="15.355027"><ele>404</ele></trkpt>
      <trkpt lat="50.934453" lon="15.355307999999999"><ele>403.69</ele></trkpt>
      <trkpt lat="50.934568999999996" lon="15.355519"><ele>403.07</ele></trkpt>
      <trkpt lat="50.934881999999995" lon="15.356385999999999"><ele>401.29</ele></trkpt>
      <trkpt lat="50.935382" lon="15.357809"><ele>401.32</ele></trkpt>
      <trkpt lat="50.935502" lon="15.358151999999999"><ele>401.66</ele></trkpt>
      <trkpt lat="50.935593999999995" lon="15.358461"><ele>401.61</ele></trkpt>
      <trkpt lat="50.935635" lon="15.358626999999998"><ele>401.46</ele></trkpt>
      <trkpt lat="50.935688" lon="15.358903999999999"><ele>402</ele></trkpt>
      <trkpt lat="50.935688" lon="15.358903999999999"><ele>402</ele></trkpt>
      <trkpt lat="50.935688" lon="15.358903999999999"><ele>402</ele></trkpt>
      <trkpt lat="50.935713" lon="15.359174999999999"><ele>402.11</ele></trkpt>
      <trkpt lat="50.935725" lon="15.359395"><ele>402.36</ele></trkpt>
      <trkpt lat="50.935724" lon="15.359672999999999"><ele>402.93</ele></trkpt>
      <trkpt lat="50.935705" lon="15.359950999999999"><ele>403.7</ele></trkpt>
      <trkpt lat="50.935680999999995" lon="15.360178999999999"><ele>404.2</ele></trkpt>
      <trkpt lat="50.93564" lon="15.360375999999999"><ele>404.68</ele></trkpt>
      <trkpt lat="50.935570999999996" lon="15.360646"><ele>405.45</ele></trkpt>
      <trkpt lat="50.935499" lon="15.360881"><ele>406.23</ele></trkpt>
      <trkpt lat="50.935372" lon="15.361199"><ele>407.46</ele></trkpt>
      <trkpt lat="50.934723999999996" lon="15.362668999999999"><ele>413.48</ele></trkpt>
      <trkpt lat="50.934446" lon="15.363349"><ele>416.05</ele></trkpt>
      <trkpt lat="50.934309999999996" lon="15.363705"><ele>417.4</ele></trkpt>
      <trkpt lat="50.934203" lon="15.364061"><ele>418.67</ele></trkpt>
      <trkpt lat="50.934141" lon="15.364322999999999"><ele>419.56</ele></trkpt>
      <trkpt lat="50.933808" lon="15.366575999999998"><ele>424.29</ele></trkpt>
      <trkpt lat="50.933764" lon="15.366969999999998"><ele>423.9</ele></trkpt>
      <trkpt lat="50.933702" lon="15.368260999999999"><ele>424.63</ele></trkpt>
      <trkpt lat="50.933605" lon="15.369767"><ele>425.52</ele></trkpt>
      <trkpt lat="50.933609" lon="15.369955"><ele>425.52</ele></trkpt>
      <trkpt lat="50.933658" lon="15.370721999999999"><ele>425.49</ele></trkpt>
      <trkpt lat="50.933665999999995" lon="15.371049999999999"><ele>425.47</ele></trkpt>
      <trkpt lat="50.933653" lon="15.371421999999999"><ele>425.51</ele></trkpt>
      <trkpt lat="50.933597999999996" lon="15.372228999999999"><ele>426.01</ele></trkpt>
      <trkpt lat="50.933583999999996" lon="15.372580999999998"><ele>426.1</ele></trkpt>
      <trkpt lat="50.933569999999996" lon="15.373743999999999"><ele>427.07</ele></trkpt>
      <trkpt lat="50.933552" lon="15.374111"><ele>427.62</ele></trkpt>
      <trkpt lat="50.933519" lon="15.374393999999999"><ele>428.12</ele></trkpt>
      <trkpt lat="50.933361999999995" lon="15.375423"><ele>430.38</ele></trkpt>
      <trkpt lat="50.933194" lon="15.376631"><ele>433.14</ele></trkpt>
      <trkpt lat="50.933127" lon="15.377063999999999"><ele>434.48</ele></trkpt>
      <trkpt lat="50.932947" lon="15.377932"><ele>435.69</ele></trkpt>
      <trkpt lat="50.932860999999995" lon="15.378656999999999"><ele>436.1</ele></trkpt>
      <trkpt lat="50.932807" lon="15.379387999999999"><ele>436.33</ele></trkpt>
      <trkpt lat="50.932778" lon="15.379639"><ele>436.44</ele></trkpt>
      <trkpt lat="50.932748" lon="15.379798"><ele>436.54</ele></trkpt>
      <trkpt lat="50.932705" lon="15.379947999999999"><ele>436.67</ele></trkpt>
      <trkpt lat="50.932443" lon="15.380761999999999"><ele>438.17</ele></trkpt>
      <trkpt lat="50.932199" lon="15.381412"><ele>440.4</ele></trkpt>
      <trkpt lat="50.932030999999995" lon="15.381748"><ele>441.98</ele></trkpt>
      <trkpt lat="50.931546999999995" lon="15.382596"><ele>446.78</ele></trkpt>
      <trkpt lat="50.931456" lon="15.382774"><ele>447.64</ele></trkpt>
      <trkpt lat="50.931399" lon="15.382912999999999"><ele>448.19</ele></trkpt>
      <trkpt lat="50.931354" lon="15.383059999999999"><ele>448.7</ele></trkpt>
      <trkpt lat="50.931317" lon="15.383192999999999"><ele>449.14</ele></trkpt>
      <trkpt lat="50.931162" lon="15.383859"><ele>450.98</ele></trkpt>
      <trkpt lat="50.931079" lon="15.384127"><ele>451.68</ele></trkpt>
      <trkpt lat="50.931034999999994" lon="15.384241"><ele>452</ele></trkpt>
      <trkpt lat="50.930865999999995" lon="15.384618999999999"><ele>453.26</ele></trkpt>
      <trkpt lat="50.930622" lon="15.385091"><ele>455.31</ele></trkpt>
      <trkpt lat="50.930271" lon="15.385719"><ele>458.43</ele></trkpt>
      <trkpt lat="50.930211" lon="15.385905"><ele>458.9</ele></trkpt>
      <trkpt lat="50.930194" lon="15.386000999999998"><ele>458.97</ele></trkpt>
      <trkpt lat="50.930184999999994" lon="15.386154"><ele>458.68</ele></trkpt>
      <trkpt lat="50.930184999999994" lon="15.387583999999999"><ele>456.64</ele></trkpt>
      <trkpt lat="50.930192999999996" lon="15.387789"><ele>456.55</ele></trkpt>
      <trkpt lat="50.930211" lon="15.387972"><ele>456.5</ele></trkpt>
      <trkpt lat="50.930301" lon="15.388539"><ele>456.23</ele></trkpt>
      <trkpt lat="50.930364" lon="15.389139"><ele>455.68</ele></trkpt>
      <trkpt lat="50.930429" lon="15.390023999999999"><ele>454.48</ele></trkpt>
      <trkpt lat="50.930443999999994" lon="15.391250999999999"><ele>453.13</ele></trkpt>
      <trkpt lat="50.930516" lon="15.392151"><ele>452.43</ele></trkpt>
      <trkpt lat="50.930751" lon="15.393937999999999"><ele>450.85</ele></trkpt>
      <trkpt lat="50.930867" lon="15.39533"><ele>449.29</ele></trkpt>
      <trkpt lat="50.931031999999995" lon="15.39688"><ele>446.97</ele></trkpt>
      <trkpt lat="50.931081" lon="15.39773"><ele>446.33</ele></trkpt>
      <trkpt lat="50.931117" lon="15.398147999999999"><ele>446.25</ele></trkpt>
      <trkpt lat="50.931245999999994" lon="15.399227"><ele>446.13</ele></trkpt>
      <trkpt lat="50.93132" lon="15.399842"><ele>446.74</ele></trkpt>
      <trkpt lat="50.931357999999996" lon="15.400217999999999"><ele>446.69</ele></trkpt>
      <trkpt lat="50.931374999999996" lon="15.400412"><ele>446.76</ele></trkpt>
      <trkpt lat="50.931376" lon="15.400552999999999"><ele>446.78</ele></trkpt>
      <trkpt lat="50.931366999999995" lon="15.400682999999999"><ele>446.74</ele></trkpt>
      <trkpt lat="50.93134" lon="15.400815"><ele>446.64</ele></trkpt>
      <trkpt lat="50.931216" lon="15.401228"><ele>446.36</ele></trkpt>
      <trkpt lat="50.931128" lon="15.40157"><ele>445.96</ele></trkpt>
      <trkpt lat="50.93096" lon="15.402346999999999"><ele>446.56</ele></trkpt>
      <trkpt lat="50.930887" lon="15.402648"><ele>446.81</ele></trkpt>
      <trkpt lat="50.930698" lon="15.403004"><ele>451.22</ele></trkpt>
      <trkpt lat="50.930727999999995" lon="15.402939"><ele>447.37</ele></trkpt>
      <trkpt lat="50.929826999999996" lon="15.404881999999999"><ele>455.07</ele></trkpt>
      <trkpt lat="50.929826999999996" lon="15.404881999999999"><ele>455.07</ele></trkpt>
      <trkpt lat="50.929826999999996" lon="15.404881999999999"><ele>455.07</ele></trkpt>
      <trkpt lat="50.929553999999996" lon="15.405251"><ele>458.44</ele></trkpt>
      <trkpt lat="50.929265" lon="15.405697"><ele>462.58</ele></trkpt>
      <trkpt lat="50.929111" lon="15.405951"><ele>464.85</ele></trkpt>
      <trkpt lat="50.928875" lon="15.40645"><ele>468.82</ele></trkpt>
      <trkpt lat="50.928540999999996" lon="15.407122"><ele>474.56</ele></trkpt>
      <trkpt lat="50.928380999999995" lon="15.40735"><ele>477.08</ele></trkpt>
      <trkpt lat="50.927507" lon="15.408422999999999"><ele>492.12</ele></trkpt>
      <trkpt lat="50.926915" lon="15.40927"><ele>501.85</ele></trkpt>
      <trkpt lat="50.926561" lon="15.409759999999999"><ele>506.13</ele></trkpt>
      <trkpt lat="50.926421" lon="15.409968999999998"><ele>507.68</ele></trkpt>
      <trkpt lat="50.926044" lon="15.410228"><ele>510.57</ele></trkpt>
      <trkpt lat="50.925771" lon="15.410345"><ele>513.17</ele></trkpt>
      <trkpt lat="50.925568" lon="15.410419999999998"><ele>515.26</ele></trkpt>
      <trkpt lat="50.925419" lon="15.410442999999999"><ele>516.96</ele></trkpt>
      <trkpt lat="50.925290999999994" lon="15.410438999999998"><ele>518.54</ele></trkpt>
      <trkpt lat="50.925143" lon="15.410402"><ele>520.27</ele></trkpt>
      <trkpt lat="50.924537" lon="15.410385999999999"><ele>527.09</ele></trkpt>
      <trkpt lat="50.924139" lon="15.410349"><ele>531.78</ele></trkpt>
      <trkpt lat="50.923947999999996" lon="15.410307999999999"><ele>534.34</ele></trkpt>
      <trkpt lat="50.923725999999995" lon="15.410243"><ele>537.39</ele></trkpt>
      <trkpt lat="50.923570999999995" lon="15.410178"><ele>539.71</ele></trkpt>
      <trkpt lat="50.923438999999995" lon="15.410108999999999"><ele>542.09</ele></trkpt>
      <trkpt lat="50.923356999999996" lon="15.410084999999999"><ele>543.57</ele></trkpt>
      <trkpt lat="50.923274" lon="15.410081"><ele>544.92</ele></trkpt>
      <trkpt lat="50.922989" lon="15.410136999999999"><ele>548.54</ele></trkpt>
      <trkpt lat="50.922889" lon="15.410146999999998"><ele>549.82</ele></trkpt>
      <trkpt lat="50.922754999999995" lon="15.410143999999999"><ele>551.65</ele></trkpt>
      <trkpt lat="50.922411" lon="15.410219"><ele>554.48</ele></trkpt>
      <trkpt lat="50.922194" lon="15.410316"><ele>556.37</ele></trkpt>
      <trkpt lat="50.922081999999996" lon="15.410397"><ele>557.4</ele></trkpt>
      <trkpt lat="50.922005999999996" lon="15.410471"><ele>558.3</ele></trkpt>
      <trkpt lat="50.921927" lon="15.410582"><ele>559.18</ele></trkpt>
      <trkpt lat="50.921867" lon="15.410731"><ele>559.35</ele></trkpt>
      <trkpt lat="50.921824" lon="15.410896"><ele>559.44</ele></trkpt>
      <trkpt lat="50.921656" lon="15.411909"><ele>561.26</ele></trkpt>
      <trkpt lat="50.92142" lon="15.413813999999999"><ele>573.9</ele></trkpt>
      <trkpt lat="50.921395" lon="15.414071999999999"><ele>576.18</ele></trkpt>
      <trkpt lat="50.921391" lon="15.414207"><ele>577.25</ele></trkpt>
      <trkpt lat="50.921431" lon="15.414748"><ele>579.4</ele></trkpt>
      <trkpt lat="50.921489" lon="15.415332"><ele>581.19</ele></trkpt>
      <trkpt lat="50.921493999999996" lon="15.415477"><ele>581.63</ele></trkpt>
      <trkpt lat="50.921489" lon="15.415548"><ele>581.91</ele></trkpt>
      <trkpt lat="50.921462999999996" lon="15.415585"><ele>582.2</ele></trkpt>
      <trkpt lat="50.921462999999996" lon="15.415585"><ele>582.2</ele></trkpt>
      <trkpt lat="50.921462999999996" lon="15.415585"><ele>582.2</ele></trkpt>
      <trkpt lat="50.921462999999996" lon="15.415585"><ele>582.2</ele></trkpt>
      <trkpt lat="50.921462999999996" lon="15.415585"><ele>582.2</ele></trkpt>
      <trkpt lat="50.921406" lon="15.415583"><ele>582.81</ele></trkpt>
      <trkpt lat="50.921215" lon="15.415388"><ele>585.4</ele></trkpt>
      <trkpt lat="50.920659" lon="15.414919999999999"><ele>592.13</ele></trkpt>
      <trkpt lat="50.920473" lon="15.414784"><ele>594.18</ele></trkpt>
      <trkpt lat="50.920213" lon="15.41465"><ele>596.88</ele></trkpt>
      <trkpt lat="50.919987" lon="15.414551999999999"><ele>599.26</ele></trkpt>
      <trkpt lat="50.919444999999996" lon="15.414342999999999"><ele>605.68</ele></trkpt>
      <trkpt lat="50.919312999999995" lon="15.414261"><ele>607.46</ele></trkpt>
      <trkpt lat="50.918994" lon="15.41401"><ele>612.45</ele></trkpt>
      <trkpt lat="50.91882" lon="15.413839"><ele>616.11</ele></trkpt>
      <trkpt lat="50.918327" lon="15.4134"><ele>625.63</ele></trkpt>
      <trkpt lat="50.918031" lon="15.413172999999999"><ele>631.4</ele></trkpt>
      <trkpt lat="50.917668" lon="15.412968"><ele>637.42</ele></trkpt>
      <trkpt lat="50.917182999999994" lon="15.412633999999999"><ele>643.8</ele></trkpt>
      <trkpt lat="50.916624" lon="15.412187999999999"><ele>650.39</ele></trkpt>
      <trkpt lat="50.916118999999995" lon="15.411608999999999"><ele>656.53</ele></trkpt>
      <trkpt lat="50.915575" lon="15.411040999999999"><ele>662.66</ele></trkpt>
      <trkpt lat="50.915437999999995" lon="15.410881999999999"><ele>663.98</ele></trkpt>
      <trkpt lat="50.915273" lon="15.410774"><ele>665.24</ele></trkpt>
      <trkpt lat="50.915108" lon="15.410718"><ele>666.33</ele></trkpt>
      <trkpt lat="50.914648" lon="15.410596"><ele>669.19</ele></trkpt>
      <trkpt lat="50.91437" lon="15.410468"><ele>671.21</ele></trkpt>
      <trkpt lat="50.914037" lon="15.4101"><ele>674.62</ele></trkpt>
      <trkpt lat="50.913509999999995" lon="15.409766"><ele>680.07</ele></trkpt>
      <trkpt lat="50.912777" lon="15.409384"><ele>687.45</ele></trkpt>
      <trkpt lat="50.91232" lon="15.40917"><ele>692.37</ele></trkpt>
      <trkpt lat="50.91169" lon="15.408778"><ele>699.49</ele></trkpt>
      <trkpt lat="50.911241999999994" lon="15.408373999999998"><ele>704.35</ele></trkpt>
      <trkpt lat="50.910635" lon="15.407767"><ele>710.62</ele></trkpt>
      <trkpt lat="50.910095" lon="15.4073"><ele>716.72</ele></trkpt>
      <trkpt lat="50.909898999999996" lon="15.407157"><ele>719.43</ele></trkpt>
      <trkpt lat="50.909144999999995" lon="15.407335999999999"><ele>735.84</ele></trkpt>
      <trkpt lat="50.909144999999995" lon="15.407335999999999"><ele>735.84</ele></trkpt>
      <trkpt lat="50.909144999999995" lon="15.407335999999999"><ele>735.84</ele></trkpt>
      <trkpt lat="50.909144999999995" lon="15.407335999999999"><ele>735.84</ele></trkpt>
      <trkpt lat="50.909144999999995" lon="15.407335999999999"><ele>735.84</ele></trkpt>
      <trkpt lat="50.909364" lon="15.408477"><ele>735.94</ele></trkpt>
      <trkpt lat="50.90947" lon="15.408897999999999"><ele>736.46</ele></trkpt>
      <trkpt lat="50.909501999999996" lon="15.409054"><ele>736.75</ele></trkpt>
      <trkpt lat="50.909506" lon="15.409243"><ele>737.14</ele></trkpt>
      <trkpt lat="50.909476" lon="15.409758"><ele>738.6</ele></trkpt>
      <trkpt lat="50.909403999999995" lon="15.410539"><ele>741.85</ele></trkpt>
      <trkpt lat="50.909335" lon="15.411169"><ele>744.49</ele></trkpt>
      <trkpt lat="50.909186" lon="15.412270999999999"><ele>749</ele></trkpt>
      <trkpt lat="50.909026" lon="15.413195"><ele>753.01</ele></trkpt>
      <trkpt lat="50.908815" lon="15.414313"><ele>758.1</ele></trkpt>
      <trkpt lat="50.908614" lon="15.4156"><ele>762.65</ele></trkpt>
      <trkpt lat="50.908646" lon="15.416018"><ele>762.15</ele></trkpt>
      <trkpt lat="50.908684" lon="15.416303999999998"><ele>761.44</ele></trkpt>
      <trkpt lat="50.908688" lon="15.416526"><ele>760.68</ele></trkpt>
      <trkpt lat="50.908663999999995" lon="15.416970999999998"><ele>759.32</ele></trkpt>
      <trkpt lat="50.908667" lon="15.417758999999998"><ele>756.39</ele></trkpt>
      <trkpt lat="50.908755" lon="15.419194"><ele>750.88</ele></trkpt>
      <trkpt lat="50.908755" lon="15.419675"><ele>749.08</ele></trkpt>
      <trkpt lat="50.908718" lon="15.420798999999999"><ele>744.98</ele></trkpt>
      <trkpt lat="50.908530999999996" lon="15.423696999999999"><ele>733.57</ele></trkpt>
      <trkpt lat="50.908547" lon="15.424339"><ele>730.79</ele></trkpt>
      <trkpt lat="50.908466999999995" lon="15.425472"><ele>726.13</ele></trkpt>
      <trkpt lat="50.908425" lon="15.426807"><ele>720.97</ele></trkpt>
      <trkpt lat="50.908505" lon="15.427745"><ele>716.76</ele></trkpt>
      <trkpt lat="50.908530999999996" lon="15.428868"><ele>711.56</ele></trkpt>
      <trkpt lat="50.908499" lon="15.429443"><ele>708.97</ele></trkpt>
      <trkpt lat="50.90855" lon="15.430325999999999"><ele>704.93</ele></trkpt>
      <trkpt lat="50.90859" lon="15.431937"><ele>696.92</ele></trkpt>
      <trkpt lat="50.908404999999995" lon="15.435889999999999"><ele>680.98</ele></trkpt>
      <trkpt lat="50.908404" lon="15.436083"><ele>679.91</ele></trkpt>
      <trkpt lat="50.908294" lon="15.43634"><ele>681.47</ele></trkpt>
      <trkpt lat="50.908212" lon="15.436658999999999"><ele>682.31</ele></trkpt>
      <trkpt lat="50.908147" lon="15.436986999999998"><ele>682.51</ele></trkpt>
      <trkpt lat="50.908108" lon="15.437693"><ele>682.68</ele></trkpt>
      <trkpt lat="50.908054" lon="15.438201999999999"><ele>682.53</ele></trkpt>
      <trkpt lat="50.907897999999996" lon="15.438680999999999"><ele>682.41</ele></trkpt>
      <trkpt lat="50.907557999999995" lon="15.439468"><ele>682.04</ele></trkpt>
      <trkpt lat="50.907232" lon="15.440195"><ele>681.45</ele></trkpt>
      <trkpt lat="50.906524999999995" lon="15.440944"><ele>681.2</ele></trkpt>
      <trkpt lat="50.906206999999995" lon="15.441182999999999"><ele>681.34</ele></trkpt>
      <trkpt lat="50.90567" lon="15.441564"><ele>681.85</ele></trkpt>
      <trkpt lat="50.905302999999996" lon="15.441853"><ele>681.99</ele></trkpt>
      <trkpt lat="50.905158" lon="15.441911999999999"><ele>682.1</ele></trkpt>
      <trkpt lat="50.905088" lon="15.441967"><ele>682.15</ele></trkpt>
      <trkpt lat="50.905004999999996" lon="15.442088"><ele>682.21</ele></trkpt>
      <trkpt lat="50.904802" lon="15.442423999999999"><ele>682.25</ele></trkpt>
      <trkpt lat="50.904716" lon="15.442537999999999"><ele>682.22</ele></trkpt>
      <trkpt lat="50.904573" lon="15.442675999999999"><ele>682.11</ele></trkpt>
      <trkpt lat="50.904511" lon="15.442749999999998"><ele>682.11</ele></trkpt>
      <trkpt lat="50.904274" lon="15.443159"><ele>682.1</ele></trkpt>
      <trkpt lat="50.904196999999996" lon="15.443321"><ele>682.05</ele></trkpt>
      <trkpt lat="50.904007" lon="15.443935999999999"><ele>681.89</ele></trkpt>
      <trkpt lat="50.903628999999995" lon="15.445025999999999"><ele>681.76</ele></trkpt>
      <trkpt lat="50.903558999999994" lon="15.445321"><ele>681.76</ele></trkpt>
      <trkpt lat="50.903506" lon="15.445827999999999"><ele>681.71</ele></trkpt>
      <trkpt lat="50.903470999999996" lon="15.446335999999999"><ele>681.79</ele></trkpt>
      <trkpt lat="50.903341999999995" lon="15.447707"><ele>681.62</ele></trkpt>
      <trkpt lat="50.903262999999995" lon="15.448400999999999"><ele>681.52</ele></trkpt>
      <trkpt lat="50.903040999999995" lon="15.449776"><ele>682.17</ele></trkpt>
      <trkpt lat="50.902753" lon="15.451457"><ele>682.3</ele></trkpt>
      <trkpt lat="50.902677" lon="15.451775999999999"><ele>682.29</ele></trkpt>
      <trkpt lat="50.902577" lon="15.452145"><ele>682.24</ele></trkpt>
      <trkpt lat="50.902390999999994" lon="15.452767"><ele>682.24</ele></trkpt>
      <trkpt lat="50.901405999999994" lon="15.455836"><ele>680.2</ele></trkpt>
      <trkpt lat="50.901399" lon="15.45591"><ele>679.91</ele></trkpt>
      <trkpt lat="50.901399" lon="15.45591"><ele>679.91</ele></trkpt>
      <trkpt lat="50.901399" lon="15.45591"><ele>679.91</ele></trkpt>
      <trkpt lat="50.901399" lon="15.45591"><ele>679.91</ele></trkpt>
      <trkpt lat="50.901399" lon="15.45591"><ele>679.91</ele></trkpt>
      <trkpt lat="50.901416" lon="15.455988999999999"><ele>679.58</ele></trkpt>
      <trkpt lat="50.901450999999994" lon="15.456031999999999"><ele>679.28</ele></trkpt>
      <trkpt lat="50.901509999999995" lon="15.456043"><ele>678.85</ele></trkpt>
      <trkpt lat="50.901559" lon="15.456023"><ele>678.47</ele></trkpt>
      <trkpt lat="50.9017" lon="15.455909"><ele>677.17</ele></trkpt>
      <trkpt lat="50.902448" lon="15.455464"><ele>668.83</ele></trkpt>
      <trkpt lat="50.903437999999994" lon="15.454925"><ele>657.81</ele></trkpt>
      <trkpt lat="50.904948" lon="15.453890999999999"><ele>639.39</ele></trkpt>
      <trkpt lat="50.905318" lon="15.453603999999999"><ele>635.15</ele></trkpt>
      <trkpt lat="50.905449999999995" lon="15.453439999999999"><ele>633.48</ele></trkpt>
      <trkpt lat="50.905539" lon="15.453297"><ele>632.27</ele></trkpt>
      <trkpt lat="50.905854" lon="15.452746"><ele>627.91</ele></trkpt>
      <trkpt lat="50.905957" lon="15.452592"><ele>626.62</ele></trkpt>
      <trkpt lat="50.906101" lon="15.452442"><ele>624.98</ele></trkpt>
      <trkpt lat="50.90642" lon="15.452154"><ele>621.35</ele></trkpt>
      <trkpt lat="50.907219999999995" lon="15.451459999999999"><ele>611.36</ele></trkpt>
      <trkpt lat="50.907305" lon="15.451360999999999"><ele>610.24</ele></trkpt>
      <trkpt lat="50.907374" lon="15.451248"><ele>609.19</ele></trkpt>
      <trkpt lat="50.90784" lon="15.450361"><ele>601.53</ele></trkpt>
      <trkpt lat="50.907948999999995" lon="15.450177"><ele>599.77</ele></trkpt>
      <trkpt lat="50.90808" lon="15.450028999999999"><ele>597.9</ele></trkpt>
      <trkpt lat="50.908170999999996" lon="15.449962"><ele>596.65</ele></trkpt>
      <trkpt lat="50.908238" lon="15.449876999999999"><ele>595.55</ele></trkpt>
      <trkpt lat="50.908662" lon="15.449204"><ele>587.1</ele></trkpt>
      <trkpt lat="50.908916999999995" lon="15.448967999999999"><ele>582.71</ele></trkpt>
      <trkpt lat="50.909414999999996" lon="15.448578999999999"><ele>574.32</ele></trkpt>
      <trkpt lat="50.90952" lon="15.448469999999999"><ele>572.45</ele></trkpt>
      <trkpt lat="50.909496999999995" lon="15.44871"><ele>572.89</ele></trkpt>
      <trkpt lat="50.909523" lon="15.448953999999999"><ele>573.71</ele></trkpt>
      <trkpt lat="50.909565" lon="15.449086999999999"><ele>574.12</ele></trkpt>
      <trkpt lat="50.909645999999995" lon="15.449205999999998"><ele>574.65</ele></trkpt>
      <trkpt lat="50.909791999999996" lon="15.449273"><ele>575.34</ele></trkpt>
      <trkpt lat="50.91" lon="15.449402"><ele>576.38</ele></trkpt>
      <trkpt lat="50.910194" lon="15.449504999999998"><ele>577.17</ele></trkpt>
      <trkpt lat="50.911443999999996" lon="15.450227"><ele>584.54</ele></trkpt>
      <trkpt lat="50.912960999999996" lon="15.450788999999999"><ele>593.38</ele></trkpt>
      <trkpt lat="50.913218" lon="15.45099"><ele>595.07</ele></trkpt>
      <trkpt lat="50.913218" lon="15.45099"><ele>595.07</ele></trkpt>
      <trkpt lat="50.913218" lon="15.45099"><ele>595.07</ele></trkpt>
      <trkpt lat="50.913218" lon="15.45099"><ele>595.07</ele></trkpt>
      <trkpt lat="50.913218" lon="15.45099"><ele>595.07</ele></trkpt>
      <trkpt lat="50.913464" lon="15.451459"><ele>597.46</ele></trkpt>
      <trkpt lat="50.913629" lon="15.452034"><ele>600.11</ele></trkpt>
      <trkpt lat="50.913716" lon="15.45249"><ele>602.22</ele></trkpt>
      <trkpt lat="50.913788999999994" lon="15.452751999999998"><ele>603.09</ele></trkpt>
      <trkpt lat="50.913816" lon="15.453005"><ele>604.2</ele></trkpt>
      <trkpt lat="50.913852999999996" lon="15.454232999999999"><ele>609.18</ele></trkpt>
      <trkpt lat="50.913909" lon="15.455416999999999"><ele>613.25</ele></trkpt>
      <trkpt lat="50.913894" lon="15.456945999999999"><ele>618.92</ele></trkpt>
      <trkpt lat="50.913838999999996" lon="15.45915"><ele>627.51</ele></trkpt>
      <trkpt lat="50.913765" lon="15.460448"><ele>632.8</ele></trkpt>
      <trkpt lat="50.913644999999995" lon="15.461526999999998"><ele>636.39</ele></trkpt>
      <trkpt lat="50.913588999999995" lon="15.461922"><ele>637.41</ele></trkpt>
      <trkpt lat="50.913593" lon="15.462216999999999"><ele>637.78</ele></trkpt>
      <trkpt lat="50.913629" lon="15.462696"><ele>636.89</ele></trkpt>
      <trkpt lat="50.913695999999995" lon="15.463222"><ele>635.11</ele></trkpt>
      <trkpt lat="50.913733" lon="15.463598"><ele>633.72</ele></trkpt>
      <trkpt lat="50.913754999999995" lon="15.463970999999999"><ele>632.4</ele></trkpt>
      <trkpt lat="50.913756" lon="15.464310999999999"><ele>631.18</ele></trkpt>
      <trkpt lat="50.913725" lon="15.464640999999999"><ele>629.97</ele></trkpt>
      <trkpt lat="50.913736" lon="15.464789999999999"><ele>629.43</ele></trkpt>
      <trkpt lat="50.913686" lon="15.465086"><ele>628.34</ele></trkpt>
      <trkpt lat="50.913647" lon="15.465466"><ele>626.97</ele></trkpt>
      <trkpt lat="50.913542" lon="15.466035999999999"><ele>624.85</ele></trkpt>
      <trkpt lat="50.913384" lon="15.466826"><ele>621.91</ele></trkpt>
      <trkpt lat="50.912938" lon="15.468511999999999"><ele>615.71</ele></trkpt>
      <trkpt lat="50.912938" lon="15.468511999999999"><ele>615.71</ele></trkpt>
      <trkpt lat="50.912938" lon="15.468511999999999"><ele>615.71</ele></trkpt>
      <trkpt lat="50.9126" lon="15.469505"><ele>611.63</ele></trkpt>
      <trkpt lat="50.9126" lon="15.469505"><ele>611.63</ele></trkpt>
      <trkpt lat="50.9126" lon="15.469505"><ele>611.63</ele></trkpt>
      <trkpt lat="50.911418999999995" lon="15.470835"><ele>621.8</ele></trkpt>
      <trkpt lat="50.910765999999995" lon="15.471477"><ele>628.2</ele></trkpt>
      <trkpt lat="50.91039" lon="15.471819"><ele>631.78</ele></trkpt>
      <trkpt lat="50.910177999999995" lon="15.472071999999999"><ele>633.92</ele></trkpt>
      <trkpt lat="50.909532999999996" lon="15.473053"><ele>641.13</ele></trkpt>
      <trkpt lat="50.909247" lon="15.473466"><ele>644.3</ele></trkpt>
      <trkpt lat="50.909147999999995" lon="15.473583"><ele>645.29</ele></trkpt>
      <trkpt lat="50.908133" lon="15.474229999999999"><ele>653.82</ele></trkpt>
      <trkpt lat="50.907647" lon="15.474471"><ele>657.62</ele></trkpt>
      <trkpt lat="50.907453999999994" lon="15.474518999999999"><ele>659.08</ele></trkpt>
      <trkpt lat="50.907185" lon="15.474528999999999"><ele>661.14</ele></trkpt>
      <trkpt lat="50.906183999999996" lon="15.474181"><ele>669.02</ele></trkpt>
      <trkpt lat="50.904891" lon="15.474095"><ele>674.38</ele></trkpt>
      <trkpt lat="50.903904" lon="15.474133"><ele>679.78</ele></trkpt>
      <trkpt lat="50.903565" lon="15.474191999999999"><ele>681.92</ele></trkpt>
      <trkpt lat="50.902781" lon="15.474433"><ele>686.82</ele></trkpt>
      <trkpt lat="50.902511" lon="15.474487"><ele>688.28</ele></trkpt>
      <trkpt lat="50.902148999999994" lon="15.474692999999998"><ele>690.25</ele></trkpt>
      <trkpt lat="50.90087" lon="15.475643999999999"><ele>697.64</ele></trkpt>
      <trkpt lat="50.900532" lon="15.475876999999999"><ele>699.66</ele></trkpt>
      <trkpt lat="50.899311999999995" lon="15.476649"><ele>706.59</ele></trkpt>
      <trkpt lat="50.899069999999995" lon="15.477329999999998"><ele>702.88</ele></trkpt>
      <trkpt lat="50.898945999999995" lon="15.477865"><ele>699.35</ele></trkpt>
      <trkpt lat="50.898784" lon="15.478271999999999"><ele>696.98</ele></trkpt>
      <trkpt lat="50.898621" lon="15.478492"><ele>695.19</ele></trkpt>
      <trkpt lat="50.898540999999994" lon="15.478532"><ele>694.5</ele></trkpt>
      <trkpt lat="50.898376" lon="15.47856"><ele>693.17</ele></trkpt>
      <trkpt lat="50.898106999999996" lon="15.478498"><ele>691.04</ele></trkpt>
      <trkpt lat="50.897256" lon="15.478031999999999"><ele>683.51</ele></trkpt>
      <trkpt lat="50.896767" lon="15.477991999999999"><ele>679.33</ele></trkpt>
      <trkpt lat="50.896543" lon="15.478015"><ele>677.36</ele></trkpt>
      <trkpt lat="50.895682" lon="15.478366999999999"><ele>669.78</ele></trkpt>
      <trkpt lat="50.894911" lon="15.478781"><ele>667.85</ele></trkpt>
      <trkpt lat="50.894718" lon="15.478914"><ele>667.85</ele></trkpt>
      <trkpt lat="50.894197999999996" lon="15.479652999999999"><ele>663.43</ele></trkpt>
      <trkpt lat="50.893784" lon="15.480262"><ele>659.49</ele></trkpt>
      <trkpt lat="50.893784" lon="15.480262"><ele>659.49</ele></trkpt>
      <trkpt lat="50.893784" lon="15.480262"><ele>659.49</ele></trkpt>
      <trkpt lat="50.893784" lon="15.480262"><ele>659.49</ele></trkpt>
      <trkpt lat="50.893784" lon="15.480262"><ele>659.49</ele></trkpt>
      <trkpt lat="50.893353999999995" lon="15.480979999999999"><ele>654.83</ele></trkpt>
      <trkpt lat="50.892821" lon="15.482064999999999"><ele>648.02</ele></trkpt>
      <trkpt lat="50.892641" lon="15.482381"><ele>645.89</ele></trkpt>
      <trkpt lat="50.892233" lon="15.483018"><ele>641.52</ele></trkpt>
      <trkpt lat="50.892033" lon="15.483398999999999"><ele>639.15</ele></trkpt>
      <trkpt lat="50.89181" lon="15.483939"><ele>636.23</ele></trkpt>
      <trkpt lat="50.89167" lon="15.484489"><ele>633.53</ele></trkpt>
      <trkpt lat="50.891625" lon="15.484746"><ele>632.27</ele></trkpt>
      <trkpt lat="50.891594999999995" lon="15.485137"><ele>630.38</ele></trkpt>
      <trkpt lat="50.891591" lon="15.485655"><ele>627.84</ele></trkpt>
      <trkpt lat="50.891675" lon="15.486533"><ele>623.63</ele></trkpt>
      <trkpt lat="50.891676999999994" lon="15.486998999999999"><ele>621.56</ele></trkpt>
      <trkpt lat="50.891616" lon="15.487527"><ele>619.73</ele></trkpt>
      <trkpt lat="50.891698" lon="15.487616999999998"><ele>617.76</ele></trkpt>
      <trkpt lat="50.891853" lon="15.488152999999999"><ele>612.19</ele></trkpt>
      <trkpt lat="50.892430999999995" lon="15.489032"><ele>600.08</ele></trkpt>
      <trkpt lat="50.893021999999995" lon="15.489766"><ele>589.95</ele></trkpt>
      <trkpt lat="50.893209" lon="15.489942"><ele>587.2</ele></trkpt>
      <trkpt lat="50.893736999999994" lon="15.490383999999999"><ele>581.93</ele></trkpt>
      <trkpt lat="50.894247" lon="15.490734"><ele>577.68</ele></trkpt>
      <trkpt lat="50.894818" lon="15.49138"><ele>572.95</ele></trkpt>
      <trkpt lat="50.895309" lon="15.492033"><ele>568.68</ele></trkpt>
      <trkpt lat="50.896471" lon="15.493934999999999"><ele>560.77</ele></trkpt>
      <trkpt lat="50.897149999999996" lon="15.495968"><ele>561.52</ele></trkpt>
      <trkpt lat="50.897386" lon="15.496773"><ele>557.85</ele></trkpt>
      <trkpt lat="50.897407" lon="15.496889"><ele>557.43</ele></trkpt>
      <trkpt lat="50.897414" lon="15.49701"><ele>557.01</ele></trkpt>
      <trkpt lat="50.897408" lon="15.497383999999998"><ele>555.66</ele></trkpt>
      <trkpt lat="50.897386999999995" lon="15.497601999999999"><ele>554.85</ele></trkpt>
      <trkpt lat="50.897332" lon="15.497929"><ele>553.58</ele></trkpt>
      <trkpt lat="50.897284" lon="15.498282999999999"><ele>552.2</ele></trkpt>
      <trkpt lat="50.897279" lon="15.498377999999999"><ele>551.81</ele></trkpt>
      <trkpt lat="50.897290999999996" lon="15.498484"><ele>551.35</ele></trkpt>
      <trkpt lat="50.897338" lon="15.498622"><ele>550.65</ele></trkpt>
      <trkpt lat="50.897473999999995" lon="15.498909999999999"><ele>548.95</ele></trkpt>
      <trkpt lat="50.897636" lon="15.499327999999998"><ele>546.5</ele></trkpt>
      <trkpt lat="50.897897" lon="15.500095"><ele>542.23</ele></trkpt>
      <trkpt lat="50.897949" lon="15.500264"><ele>541.44</ele></trkpt>
      <trkpt lat="50.897976" lon="15.500397999999999"><ele>540.86</ele></trkpt>
      <trkpt lat="50.897976" lon="15.500397999999999"><ele>540.86</ele></trkpt>
      <trkpt lat="50.897976" lon="15.500397999999999"><ele>540.86</ele></trkpt>
      <trkpt lat="50.897976" lon="15.500397999999999"><ele>540.86</ele></trkpt>
      <trkpt lat="50.897976" lon="15.500397999999999"><ele>540.86</ele></trkpt>
      <trkpt lat="50.897853" lon="15.500618"><ele>540.54</ele></trkpt>
      <trkpt lat="50.897759" lon="15.500753999999999"><ele>540.43</ele></trkpt>
      <trkpt lat="50.897344999999994" lon="15.501213"><ele>539.58</ele></trkpt>
      <trkpt lat="50.897166999999996" lon="15.50138"><ele>539.04</ele></trkpt>
      <trkpt lat="50.896802" lon="15.501304"><ele>539.68</ele></trkpt>
      <trkpt lat="50.896595999999995" lon="15.501239"><ele>540.11</ele></trkpt>
      <trkpt lat="50.896522999999995" lon="15.501204999999999"><ele>540.18</ele></trkpt>
      <trkpt lat="50.896204999999995" lon="15.501011"><ele>540.66</ele></trkpt>
      <trkpt lat="50.895975" lon="15.500950999999999"><ele>540.72</ele></trkpt>
      <trkpt lat="50.895741" lon="15.500824"><ele>540.37</ele></trkpt>
      <trkpt lat="50.895688" lon="15.500833"><ele>539.9</ele></trkpt>
      <trkpt lat="50.895651" lon="15.500867"><ele>539.38</ele></trkpt>
      <trkpt lat="50.895329" lon="15.501607"><ele>533.62</ele></trkpt>
      <trkpt lat="50.895250999999995" lon="15.5017"><ele>532.81</ele></trkpt>
      <trkpt lat="50.895176" lon="15.501754"><ele>532.14</ele></trkpt>
      <trkpt lat="50.895072" lon="15.501769999999999"><ele>531.22</ele></trkpt>
      <trkpt lat="50.894838" lon="15.501844"><ele>529.69</ele></trkpt>
      <trkpt lat="50.894621" lon="15.501987999999999"><ele>528.43</ele></trkpt>
      <trkpt lat="50.894436999999996" lon="15.502049999999999"><ele>527.64</ele></trkpt>
      <trkpt lat="50.894262" lon="15.502085"><ele>527.65</ele></trkpt>
      <trkpt lat="50.893665999999996" lon="15.502438"><ele>526.86</ele></trkpt>
      <trkpt lat="50.89344" lon="15.502590999999999"><ele>526.8</ele></trkpt>
      <trkpt lat="50.893364999999996" lon="15.502707"><ele>526.86</ele></trkpt>
      <trkpt lat="50.893195" lon="15.503205999999999"><ele>527.43</ele></trkpt>
      <trkpt lat="50.893136999999996" lon="15.503314999999999"><ele>527.64</ele></trkpt>
      <trkpt lat="50.893012" lon="15.503433999999999"><ele>527.97</ele></trkpt>
      <trkpt lat="50.89253" lon="15.50381"><ele>528.86</ele></trkpt>
      <trkpt lat="50.892395" lon="15.50391"><ele>528.71</ele></trkpt>
      <trkpt lat="50.892174999999995" lon="15.504043"><ele>527.95</ele></trkpt>
      <trkpt lat="50.891872" lon="15.504406"><ele>526</ele></trkpt>
      <trkpt lat="50.891768" lon="15.504517"><ele>524.54</ele></trkpt>
      <trkpt lat="50.891728" lon="15.504577999999999"><ele>523.9</ele></trkpt>
      <trkpt lat="50.891681" lon="15.504681"><ele>523.13</ele></trkpt>
      <trkpt lat="50.891642999999995" lon="15.504812999999999"><ele>522.35</ele></trkpt>
      <trkpt lat="50.891605999999996" lon="15.50507"><ele>520.66</ele></trkpt>
      <trkpt lat="50.891493999999994" lon="15.505495999999999"><ele>518.83</ele></trkpt>
      <trkpt lat="50.891366999999995" lon="15.505877"><ele>518.04</ele></trkpt>
      <trkpt lat="50.891352" lon="15.506129"><ele>518.28</ele></trkpt>
      <trkpt lat="50.891104999999996" lon="15.506112"><ele>519.33</ele></trkpt>
      <trkpt lat="50.891104999999996" lon="15.506112"><ele>519.33</ele></trkpt>
      <trkpt lat="50.891104999999996" lon="15.506112"><ele>519.33</ele></trkpt>
      <trkpt lat="50.891104999999996" lon="15.506112"><ele>519.33</ele></trkpt>
      <trkpt lat="50.891104999999996" lon="15.506112"><ele>519.33</ele></trkpt>
      <trkpt lat="50.890966999999996" lon="15.506048999999999"><ele>519.91</ele></trkpt>
      <trkpt lat="50.89084" lon="15.505944999999999"><ele>520.37</ele></trkpt>
      <trkpt lat="50.890755" lon="15.505828999999999"><ele>520.76</ele></trkpt>
      <trkpt lat="50.89049" lon="15.505225999999999"><ele>522.43</ele></trkpt>
      <trkpt lat="50.890445" lon="15.505137"><ele>522.68</ele></trkpt>
      <trkpt lat="50.890319" lon="15.504945999999999"><ele>523.42</ele></trkpt>
      <trkpt lat="50.890299" lon="15.504850999999999"><ele>523.74</ele></trkpt>
      <trkpt lat="50.890271999999996" lon="15.504633"><ele>524.55</ele></trkpt>
      <trkpt lat="50.890256" lon="15.50422"><ele>526.14</ele></trkpt>
      <trkpt lat="50.89024" lon="15.504135999999999"><ele>526.48</ele></trkpt>
      <trkpt lat="50.890195999999996" lon="15.504019999999999"><ele>526.99</ele></trkpt>
      <trkpt lat="50.890136999999996" lon="15.503886"><ele>527.61</ele></trkpt>
      <trkpt lat="50.890029999999996" lon="15.503729"><ele>528.45</ele></trkpt>
      <trkpt lat="50.889846" lon="15.503416999999999"><ele>530</ele></trkpt>
      <trkpt lat="50.889686999999995" lon="15.503051999999999"><ele>531.35</ele></trkpt>
      <trkpt lat="50.889461999999995" lon="15.502578"><ele>532.22</ele></trkpt>
      <trkpt lat="50.889137999999996" lon="15.50185"><ele>534.36</ele></trkpt>
      <trkpt lat="50.888881" lon="15.501344999999999"><ele>535.95</ele></trkpt>
      <trkpt lat="50.888819999999996" lon="15.501228"><ele>536.25</ele></trkpt>
      <trkpt lat="50.888678999999996" lon="15.501007"><ele>536.88</ele></trkpt>
      <trkpt lat="50.888273" lon="15.500642"><ele>538.42</ele></trkpt>
      <trkpt lat="50.888037" lon="15.500458"><ele>539.43</ele></trkpt>
      <trkpt lat="50.887769999999996" lon="15.500286"><ele>540.39</ele></trkpt>
      <trkpt lat="50.887628" lon="15.500077"><ele>541.06</ele></trkpt>
      <trkpt lat="50.887451" lon="15.499462"><ele>542.66</ele></trkpt>
      <trkpt lat="50.887356999999994" lon="15.499172"><ele>543.49</ele></trkpt>
      <trkpt lat="50.887274999999995" lon="15.499032999999999"><ele>543.89</ele></trkpt>
      <trkpt lat="50.886511" lon="15.4985"><ele>547.02</ele></trkpt>
      <trkpt lat="50.886328" lon="15.498320999999999"><ele>547.76</ele></trkpt>
      <trkpt lat="50.886196" lon="15.498175"><ele>548.27</ele></trkpt>
      <trkpt lat="50.886083" lon="15.497878"><ele>548.72</ele></trkpt>
      <trkpt lat="50.88596" lon="15.497492999999999"><ele>549.56</ele></trkpt>
      <trkpt lat="50.885863" lon="15.497273999999999"><ele>550.05</ele></trkpt>
      <trkpt lat="50.885743999999995" lon="15.497105999999999"><ele>550.79</ele></trkpt>
      <trkpt lat="50.885596" lon="15.496963"><ele>551.54</ele></trkpt>
      <trkpt lat="50.885349999999995" lon="15.496804"><ele>552.59</ele></trkpt>
      <trkpt lat="50.885255" lon="15.496865999999999"><ele>553.61</ele></trkpt>
      <trkpt lat="50.885076999999995" lon="15.497008999999998"><ele>555.77</ele></trkpt>
      <trkpt lat="50.884777" lon="15.49737"><ele>560.12</ele></trkpt>
      <trkpt lat="50.884602" lon="15.497556999999999"><ele>562.56</ele></trkpt>
      <trkpt lat="50.884046" lon="15.497928"><ele>569.76</ele></trkpt>
      <trkpt lat="50.883658" lon="15.498296"><ele>575.06</ele></trkpt>
      <trkpt lat="50.883429" lon="15.498484999999999"><ele>577.81</ele></trkpt>
      <trkpt lat="50.883348" lon="15.498534"><ele>578.72</ele></trkpt>
      <trkpt lat="50.883191" lon="15.498577999999998"><ele>580.37</ele></trkpt>
      <trkpt lat="50.882971999999995" lon="15.498600999999999"><ele>582.54</ele></trkpt>
      <trkpt lat="50.882841" lon="15.498678"><ele>583.86</ele></trkpt>
      <trkpt lat="50.882728" lon="15.498792"><ele>585.08</ele></trkpt>
      <trkpt lat="50.882115" lon="15.499118999999999"><ele>591.71</ele></trkpt>
      <trkpt lat="50.882041" lon="15.499193"><ele>592.72</ele></trkpt>
      <trkpt lat="50.882041" lon="15.499193"><ele>592.72</ele></trkpt>
      <trkpt lat="50.882041" lon="15.499193"><ele>592.72</ele></trkpt>
      <trkpt lat="50.882041" lon="15.499193"><ele>592.72</ele></trkpt>
      <trkpt lat="50.882041" lon="15.499193"><ele>592.72</ele></trkpt>
      <trkpt lat="50.88187" lon="15.499601"><ele>596.52</ele></trkpt>
      <trkpt lat="50.8818" lon="15.499839"><ele>598.75</ele></trkpt>
      <trkpt lat="50.881688" lon="15.500338"><ele>603.58</ele></trkpt>
      <trkpt lat="50.881454999999995" lon="15.501223"><ele>612.15</ele></trkpt>
      <trkpt lat="50.881414" lon="15.501330999999999"><ele>613.23</ele></trkpt>
      <trkpt lat="50.880987999999995" lon="15.501985"><ele>620.67</ele></trkpt>
      <trkpt lat="50.880635999999996" lon="15.502657999999998"><ele>627.08</ele></trkpt>
      <trkpt lat="50.879812" lon="15.504064"><ele>641.01</ele></trkpt>
      <trkpt lat="50.879601" lon="15.504389999999999"><ele>644.04</ele></trkpt>
      <trkpt lat="50.879323" lon="15.504332"><ele>644.69</ele></trkpt>
      <trkpt lat="50.879014999999995" lon="15.504251"><ele>645.54</ele></trkpt>
      <trkpt lat="50.878749" lon="15.504586"><ele>649.02</ele></trkpt>
      <trkpt lat="50.878752" lon="15.504771"><ele>650.17</ele></trkpt>
      <trkpt lat="50.878771" lon="15.504966"><ele>651.31</ele></trkpt>
      <trkpt lat="50.878842" lon="15.505344"><ele>653.81</ele></trkpt>
      <trkpt lat="50.87893" lon="15.505987999999999"><ele>658.24</ele></trkpt>
      <trkpt lat="50.878957" lon="15.506399"><ele>661.14</ele></trkpt>
      <trkpt lat="50.878972999999995" lon="15.507081999999999"><ele>666.1</ele></trkpt>
      <trkpt lat="50.878993" lon="15.507356"><ele>668.13</ele></trkpt>
      <trkpt lat="50.878993" lon="15.508277"><ele>674.66</ele></trkpt>
      <trkpt lat="50.879036" lon="15.508588999999999"><ele>676.68</ele></trkpt>
      <trkpt lat="50.879112" lon="15.509471999999999"><ele>680.54</ele></trkpt>
      <trkpt lat="50.879172" lon="15.509872999999999"><ele>681.41</ele></trkpt>
      <trkpt lat="50.879182" lon="15.510869"><ele>681.83</ele></trkpt>
      <trkpt lat="50.879101999999996" lon="15.511604"><ele>681.47</ele></trkpt>
      <trkpt lat="50.879037999999994" lon="15.511645"><ele>681.94</ele></trkpt>
      <trkpt lat="50.878952" lon="15.51164"><ele>682.57</ele></trkpt>
      <trkpt lat="50.878308" lon="15.511718"><ele>687.7</ele></trkpt>
      <trkpt lat="50.878017" lon="15.511661"><ele>690.21</ele></trkpt>
      <trkpt lat="50.877894999999995" lon="15.511661"><ele>691.33</ele></trkpt>
      <trkpt lat="50.877809" lon="15.511692"><ele>692.16</ele></trkpt>
      <trkpt lat="50.877654" lon="15.511794"><ele>693.8</ele></trkpt>
      <trkpt lat="50.877165999999995" lon="15.512224"><ele>699.57</ele></trkpt>
      <trkpt lat="50.876729999999995" lon="15.512547"><ele>704.68</ele></trkpt>
      <trkpt lat="50.876619" lon="15.512588"><ele>705.84</ele></trkpt>
      <trkpt lat="50.875791" lon="15.512417999999998"><ele>713.99</ele></trkpt>
      <trkpt lat="50.875631" lon="15.512407999999999"><ele>715.53</ele></trkpt>
      <trkpt lat="50.875479" lon="15.512421999999999"><ele>716.96</ele></trkpt>
      <trkpt lat="50.875049" lon="15.512599"><ele>720.63</ele></trkpt>
      <trkpt lat="50.874916" lon="15.512614"><ele>721.63</ele></trkpt>
      <trkpt lat="50.874457" lon="15.512531999999998"><ele>724.66</ele></trkpt>
      <trkpt lat="50.874219" lon="15.512571"><ele>726.24</ele></trkpt>
      <trkpt lat="50.874100999999996" lon="15.512626"><ele>727.38</ele></trkpt>
      <trkpt lat="50.873805999999995" lon="15.513022"><ele>732.04</ele></trkpt>
      <trkpt lat="50.873571999999996" lon="15.513613"><ele>736.75</ele></trkpt>
      <trkpt lat="50.873436999999996" lon="15.513815"><ele>738.49</ele></trkpt>
      <trkpt lat="50.873272" lon="15.514140999999999"><ele>740.54</ele></trkpt>
      <trkpt lat="50.873084" lon="15.514441"><ele>742.35</ele></trkpt>
      <trkpt lat="50.872800999999995" lon="15.51507"><ele>744</ele></trkpt>
      <trkpt lat="50.872707" lon="15.515388999999999"><ele>743.6</ele></trkpt>
      <trkpt lat="50.872707" lon="15.515388999999999"><ele>743.6</ele></trkpt>
      <trkpt lat="50.872707" lon="15.515388999999999"><ele>743.6</ele></trkpt>
      <trkpt lat="50.872707" lon="15.515388999999999"><ele>743.6</ele></trkpt>
      <trkpt lat="50.872707" lon="15.515388999999999"><ele>743.6</ele></trkpt>
      <trkpt lat="50.872723" lon="15.516782"><ele>739.17</ele></trkpt>
      <trkpt lat="50.872701" lon="15.517152999999999"><ele>737.79</ele></trkpt>
      <trkpt lat="50.872861" lon="15.517738999999999"><ele>736.96</ele></trkpt>
      <trkpt lat="50.872975" lon="15.518263999999999"><ele>736.23</ele></trkpt>
      <trkpt lat="50.873194999999996" lon="15.519178"><ele>735.29</ele></trkpt>
      <trkpt lat="50.873709999999996" lon="15.521002999999999"><ele>735.01</ele></trkpt>
      <trkpt lat="50.873906" lon="15.521675"><ele>734.95</ele></trkpt>
      <trkpt lat="50.873954" lon="15.521885999999999"><ele>734.91</ele></trkpt>
      <trkpt lat="50.873993999999996" lon="15.522164"><ele>734.85</ele></trkpt>
      <trkpt lat="50.874015" lon="15.522426"><ele>734.76</ele></trkpt>
      <trkpt lat="50.874021" lon="15.522888"><ele>734.58</ele></trkpt>
      <trkpt lat="50.874010999999996" lon="15.523349"><ele>734.48</ele></trkpt>
      <trkpt lat="50.874018" lon="15.523769999999999"><ele>734.48</ele></trkpt>
      <trkpt lat="50.87415" lon="15.524213"><ele>734.95</ele></trkpt>
      <trkpt lat="50.874313" lon="15.524685999999999"><ele>735</ele></trkpt>
      <trkpt lat="50.874373" lon="15.524909"><ele>735.17</ele></trkpt>
      <trkpt lat="50.874392" lon="15.525089"><ele>734.84</ele></trkpt>
      <trkpt lat="50.874398" lon="15.525381"><ele>734.2</ele></trkpt>
      <trkpt lat="50.874438999999995" lon="15.525697999999998"><ele>733.27</ele></trkpt>
      <trkpt lat="50.874483999999995" lon="15.526479"><ele>731.39</ele></trkpt>
      <trkpt lat="50.874483999999995" lon="15.526479"><ele>731.39</ele></trkpt>
      <trkpt lat="50.874483999999995" lon="15.526479"><ele>731.39</ele></trkpt>
      <trkpt lat="50.874483999999995" lon="15.526479"><ele>731.39</ele></trkpt>
      <trkpt lat="50.874483999999995" lon="15.526479"><ele>731.39</ele></trkpt>
      <trkpt lat="50.874432" lon="15.526392"><ele>732.11</ele></trkpt>
      <trkpt lat="50.872868999999994" lon="15.524861999999999"><ele>725.97</ele></trkpt>
      <trkpt lat="50.872554" lon="15.524783999999999"><ele>722.22</ele></trkpt>
      <trkpt lat="50.872263999999994" lon="15.524087"><ele>715.96</ele></trkpt>
      <trkpt lat="50.871558" lon="15.522743"><ele>705.09</ele></trkpt>
      <trkpt lat="50.870883" lon="15.521892999999999"><ele>698.49</ele></trkpt>
      <trkpt lat="50.870633" lon="15.521666999999999"><ele>696.31</ele></trkpt>
      <trkpt lat="50.869192999999996" lon="15.520845"><ele>688.72</ele></trkpt>
      <trkpt lat="50.868216999999994" lon="15.519625999999999"><ele>681.77</ele></trkpt>
      <trkpt lat="50.86739" lon="15.516843999999999"><ele>678.72</ele></trkpt>
      <trkpt lat="50.86705" lon="15.514413999999999"><ele>670.03</ele></trkpt>
      <trkpt lat="50.866502" lon="15.512452"><ele>660.02</ele></trkpt>
      <trkpt lat="50.865496" lon="15.507052999999999"><ele>636.8</ele></trkpt>
      <trkpt lat="50.864833" lon="15.503127999999998"><ele>627.48</ele></trkpt>
      <trkpt lat="50.864622" lon="15.501667"><ele>624.55</ele></trkpt>
      <trkpt lat="50.864433999999996" lon="15.500789999999999"><ele>623.01</ele></trkpt>
      <trkpt lat="50.864307" lon="15.499685999999999"><ele>621.47</ele></trkpt>
      <trkpt lat="50.864332" lon="15.495794"><ele>615.85</ele></trkpt>
      <trkpt lat="50.864273" lon="15.495648"><ele>616.05</ele></trkpt>
      <trkpt lat="50.864151" lon="15.495588999999999"><ele>616.09</ele></trkpt>
      <trkpt lat="50.864073" lon="15.495607"><ele>617.1</ele></trkpt>
      <trkpt lat="50.863755" lon="15.495756"><ele>619.66</ele></trkpt>
      <trkpt lat="50.863296999999996" lon="15.495799"><ele>623.39</ele></trkpt>
      <trkpt lat="50.863296999999996" lon="15.495799"><ele>623.39</ele></trkpt>
      <trkpt lat="50.863296999999996" lon="15.495799"><ele>623.39</ele></trkpt>
      <trkpt lat="50.863296999999996" lon="15.495799"><ele>623.39</ele></trkpt>
      <trkpt lat="50.863515" lon="15.495035"><ele>625.37</ele></trkpt>
      <trkpt lat="50.863564" lon="15.494746"><ele>626.18</ele></trkpt>
      <trkpt lat="50.863572999999995" lon="15.493523999999999"><ele>629.55</ele></trkpt>
      <trkpt lat="50.863544" lon="15.493203999999999"><ele>630.42</ele></trkpt>
      <trkpt lat="50.863543" lon="15.492704999999999"><ele>631.8</ele></trkpt>
      <trkpt lat="50.863512" lon="15.492291999999999"><ele>632.99</ele></trkpt>
      <trkpt lat="50.863369999999996" lon="15.491045"><ele>636.79</ele></trkpt>
      <trkpt lat="50.863205" lon="15.489294"><ele>641.91</ele></trkpt>
      <trkpt lat="50.863153" lon="15.488913"><ele>643.04</ele></trkpt>
      <trkpt lat="50.863156" lon="15.488686"><ele>643.71</ele></trkpt>
      <trkpt lat="50.863209" lon="15.488465999999999"><ele>644.42</ele></trkpt>
      <trkpt lat="50.863411" lon="15.487938999999999"><ele>646.58</ele></trkpt>
      <trkpt lat="50.863434999999996" lon="15.487656999999999"><ele>647.61</ele></trkpt>
      <trkpt lat="50.863426999999994" lon="15.487504999999999"><ele>648.16</ele></trkpt>
      <trkpt lat="50.863361999999995" lon="15.487124"><ele>649.57</ele></trkpt>
      <trkpt lat="50.863295" lon="15.486899"><ele>650.45</ele></trkpt>
      <trkpt lat="50.863108" lon="15.486089999999999"><ele>653.35</ele></trkpt>
      <trkpt lat="50.862933" lon="15.484304999999999"><ele>659.04</ele></trkpt>
      <trkpt lat="50.862913999999996" lon="15.48391"><ele>660.44</ele></trkpt>
      <trkpt lat="50.862929" lon="15.483519999999999"><ele>661.87</ele></trkpt>
      <trkpt lat="50.863001" lon="15.482588"><ele>665.33</ele></trkpt>
      <trkpt lat="50.862998" lon="15.482406999999998"><ele>666.1</ele></trkpt>
      <trkpt lat="50.862977" lon="15.482185"><ele>666.97</ele></trkpt>
      <trkpt lat="50.862977" lon="15.482185"><ele>666.97</ele></trkpt>
      <trkpt lat="50.862958" lon="15.481992"><ele>667.83</ele></trkpt>
      <trkpt lat="50.86288" lon="15.48148"><ele>670.29</ele></trkpt>
      <trkpt lat="50.862835" lon="15.481067999999999"><ele>672.04</ele></trkpt>
      <trkpt lat="50.862863999999995" lon="15.480787"><ele>673.17</ele></trkpt>
      <trkpt lat="50.862873" lon="15.480493"><ele>674.15</ele></trkpt>
      <trkpt lat="50.862846" lon="15.480217"><ele>674.77</ele></trkpt>
      <trkpt lat="50.862859" lon="15.479916"><ele>675.59</ele></trkpt>
      <trkpt lat="50.862839" lon="15.479714999999999"><ele>676.07</ele></trkpt>
      <trkpt lat="50.862839" lon="15.479714999999999"><ele>676.07</ele></trkpt>
      <trkpt lat="50.862826" lon="15.479584"><ele>676.56</ele></trkpt>
      <trkpt lat="50.86286" lon="15.478947999999999"><ele>678.22</ele></trkpt>
      <trkpt lat="50.862908999999995" lon="15.478622999999999"><ele>679.1</ele></trkpt>
      <trkpt lat="50.863201" lon="15.477507"><ele>682.19</ele></trkpt>
      <trkpt lat="50.863234" lon="15.477304"><ele>682.69</ele></trkpt>
      <trkpt lat="50.863305" lon="15.476609"><ele>684.53</ele></trkpt>
      <trkpt lat="50.863391" lon="15.476021999999999"><ele>686.2</ele></trkpt>
      <trkpt lat="50.863397" lon="15.475798999999999"><ele>686.81</ele></trkpt>
      <trkpt lat="50.863278" lon="15.474563999999999"><ele>690.25</ele></trkpt>
      <trkpt lat="50.863240999999995" lon="15.473936"><ele>692.19</ele></trkpt>
      <trkpt lat="50.863141" lon="15.473224"><ele>694.7</ele></trkpt>
      <trkpt lat="50.86311" lon="15.473063999999999"><ele>695.31</ele></trkpt>
      <trkpt lat="50.862857" lon="15.472125"><ele>698.99</ele></trkpt>
      <trkpt lat="50.862825" lon="15.471644"><ele>700.51</ele></trkpt>
      <trkpt lat="50.86286" lon="15.471385999999999"><ele>701.36</ele></trkpt>
      <trkpt lat="50.862887" lon="15.470913999999999"><ele>702.94</ele></trkpt>
      <trkpt lat="50.862894" lon="15.470507999999999"><ele>704.35</ele></trkpt>
      <trkpt lat="50.862874" lon="15.469197"><ele>709.35</ele></trkpt>
      <trkpt lat="50.862826" lon="15.468812999999999"><ele>710.75</ele></trkpt>
      <trkpt lat="50.862668" lon="15.4682"><ele>712.94</ele></trkpt>
      <trkpt lat="50.862609" lon="15.467754999999999"><ele>714.48</ele></trkpt>
      <trkpt lat="50.862683999999994" lon="15.467270999999998"><ele>716.26</ele></trkpt>
      <trkpt lat="50.862742999999995" lon="15.467101"><ele>716.94</ele></trkpt>
      <trkpt lat="50.862891999999995" lon="15.466785999999999"><ele>718.63</ele></trkpt>
      <trkpt lat="50.863008" lon="15.466451"><ele>719.76</ele></trkpt>
      <trkpt lat="50.863046999999995" lon="15.466261999999999"><ele>720.48</ele></trkpt>
      <trkpt lat="50.863048" lon="15.465321"><ele>723.9</ele></trkpt>
      <trkpt lat="50.863215" lon="15.464068"><ele>728</ele></trkpt>
      <trkpt lat="50.863363" lon="15.463023"><ele>731.7</ele></trkpt>
      <trkpt lat="50.863399" lon="15.461905999999999"><ele>735.23</ele></trkpt>
      <trkpt lat="50.863354" lon="15.461454999999999"><ele>736.62</ele></trkpt>
      <trkpt lat="50.863254999999995" lon="15.461060999999999"><ele>737.94</ele></trkpt>
      <trkpt lat="50.863150999999995" lon="15.460695999999999"><ele>739.06</ele></trkpt>
      <trkpt lat="50.863124" lon="15.460274"><ele>740.02</ele></trkpt>
      <trkpt lat="50.863124" lon="15.460274"><ele>740.02</ele></trkpt>
      <trkpt lat="50.863124" lon="15.460274"><ele>740.02</ele></trkpt>
      <trkpt lat="50.863124" lon="15.460274"><ele>740.02</ele></trkpt>
      <trkpt lat="50.863124" lon="15.460274"><ele>740.02</ele></trkpt>
      <trkpt lat="50.863164" lon="15.459902999999999"><ele>740.68</ele></trkpt>
      <trkpt lat="50.863909" lon="15.455907"><ele>745.38</ele></trkpt>
      <trkpt lat="50.864633999999995" lon="15.452147"><ele>756.87</ele></trkpt>
      <trkpt lat="50.865015" lon="15.450054999999999"><ele>763.16</ele></trkpt>
      <trkpt lat="50.865316" lon="15.448544"><ele>768.35</ele></trkpt>
      <trkpt lat="50.865384999999996" lon="15.448513"><ele>768.58</ele></trkpt>
      <trkpt lat="50.865438" lon="15.448504999999999"><ele>768.7</ele></trkpt>
      <trkpt lat="50.8655" lon="15.448532"><ele>768.79</ele></trkpt>
      <trkpt lat="50.865629" lon="15.448611999999999"><ele>768.81</ele></trkpt>
      <trkpt lat="50.866181999999995" lon="15.448863999999999"><ele>769.25</ele></trkpt>
      <trkpt lat="50.866913" lon="15.449171"><ele>772.76</ele></trkpt>
      <trkpt lat="50.866962" lon="15.448860999999999"><ele>773.09</ele></trkpt>
      <trkpt lat="50.867036999999996" lon="15.448065999999999"><ele>773.3</ele></trkpt>
      <trkpt lat="50.867064" lon="15.447913"><ele>773.36</ele></trkpt>
      <trkpt lat="50.867118" lon="15.447787"><ele>773.42</ele></trkpt>
      <trkpt lat="50.867266" lon="15.447505999999999"><ele>773.57</ele></trkpt>
      <trkpt lat="50.867404" lon="15.447182999999999"><ele>773.73</ele></trkpt>
      <trkpt lat="50.867515" lon="15.446866"><ele>773.92</ele></trkpt>
      <trkpt lat="50.867692" lon="15.446292999999999"><ele>774.3</ele></trkpt>
      <trkpt lat="50.86781" lon="15.445761999999998"><ele>774.66</ele></trkpt>
      <trkpt lat="50.867984" lon="15.445065"><ele>774.94</ele></trkpt>
      <trkpt lat="50.868117" lon="15.444417999999999"><ele>775.48</ele></trkpt>
      <trkpt lat="50.868299" lon="15.443634"><ele>776.02</ele></trkpt>
      <trkpt lat="50.868389" lon="15.443294999999999"><ele>776.27</ele></trkpt>
      <trkpt lat="50.868489999999994" lon="15.443052"><ele>776.44</ele></trkpt>
      <trkpt lat="50.868770999999995" lon="15.442506999999999"><ele>776.62</ele></trkpt>
      <trkpt lat="50.869409999999995" lon="15.441429"><ele>776.48</ele></trkpt>
      <trkpt lat="50.869923" lon="15.440645"><ele>776.4</ele></trkpt>
      <trkpt lat="50.870394" lon="15.439903"><ele>776.2</ele></trkpt>
      <trkpt lat="50.870729999999995" lon="15.439311"><ele>775.87</ele></trkpt>
      <trkpt lat="50.871185999999994" lon="15.438556"><ele>775.5</ele></trkpt>
      <trkpt lat="50.871449999999996" lon="15.438206"><ele>775.47</ele></trkpt>
      <trkpt lat="50.871852" lon="15.437738999999999"><ele>775.51</ele></trkpt>
      <trkpt lat="50.872426999999995" lon="15.437175"><ele>775.52</ele></trkpt>
      <trkpt lat="50.872558" lon="15.437024"><ele>775.49</ele></trkpt>
      <trkpt lat="50.873338999999994" lon="15.435877"><ele>775.56</ele></trkpt>
      <trkpt lat="50.873542" lon="15.435526"><ele>775.6</ele></trkpt>
      <trkpt lat="50.873926999999995" lon="15.434712999999999"><ele>775.6</ele></trkpt>
      <trkpt lat="50.874216" lon="15.434163"><ele>775.46</ele></trkpt>
      <trkpt lat="50.874587999999996" lon="15.43334"><ele>775.16</ele></trkpt>
      <trkpt lat="50.874766" lon="15.432872999999999"><ele>775.06</ele></trkpt>
      <trkpt lat="50.875060999999995" lon="15.432008"><ele>775.08</ele></trkpt>
      <trkpt lat="50.875403" lon="15.43074"><ele>775.28</ele></trkpt>
      <trkpt lat="50.875526" lon="15.430309"><ele>775.23</ele></trkpt>
      <trkpt lat="50.875923" lon="15.42917"><ele>774.62</ele></trkpt>
      <trkpt lat="50.876110999999995" lon="15.42873"><ele>774.5</ele></trkpt>
      <trkpt lat="50.876371" lon="15.428203"><ele>774.44</ele></trkpt>
      <trkpt lat="50.876709" lon="15.427589"><ele>774.52</ele></trkpt>
      <trkpt lat="50.876976" lon="15.42724"><ele>774.37</ele></trkpt>
      <trkpt lat="50.877103999999996" lon="15.427019999999999"><ele>774.35</ele></trkpt>
      <trkpt lat="50.87723" lon="15.426768"><ele>774.29</ele></trkpt>
      <trkpt lat="50.877598" lon="15.425844999999999"><ele>774.23</ele></trkpt>
      <trkpt lat="50.877784999999996" lon="15.425474999999999"><ele>774.55</ele></trkpt>
      <trkpt lat="50.877862" lon="15.425182999999999"><ele>773.32</ele></trkpt>
      <trkpt lat="50.877967" lon="15.424582"><ele>770.14</ele></trkpt>
      <trkpt lat="50.878065" lon="15.424239"><ele>768.87</ele></trkpt>
      <trkpt lat="50.878173" lon="15.423976"><ele>767.94</ele></trkpt>
      <trkpt lat="50.878913" lon="15.422466"><ele>766.2</ele></trkpt>
      <trkpt lat="50.879155" lon="15.422004999999999"><ele>765.78</ele></trkpt>
      <trkpt lat="50.879698" lon="15.421023"><ele>765.06</ele></trkpt>
      <trkpt lat="50.879698" lon="15.421023"><ele>765.06</ele></trkpt>
      <trkpt lat="50.879698" lon="15.421023"><ele>765.06</ele></trkpt>
      <trkpt lat="50.879698" lon="15.421023"><ele>765.06</ele></trkpt>
      <trkpt lat="50.879698" lon="15.421023"><ele>765.06</ele></trkpt>
      <trkpt lat="50.879855" lon="15.420862"><ele>765.18</ele></trkpt>
      <trkpt lat="50.880009" lon="15.420762999999999"><ele>765.36</ele></trkpt>
      <trkpt lat="50.880128" lon="15.420701"><ele>765.49</ele></trkpt>
      <trkpt lat="50.88037" lon="15.420658"><ele>765.73</ele></trkpt>
      <trkpt lat="50.880637" lon="15.420641999999999"><ele>765.75</ele></trkpt>
      <trkpt lat="50.882027" lon="15.420655"><ele>759.4</ele></trkpt>
      <trkpt lat="50.882518999999995" lon="15.420639"><ele>756.28</ele></trkpt>
      <trkpt lat="50.882774999999995" lon="15.420703999999999"><ele>754.96</ele></trkpt>
      <trkpt lat="50.88308" lon="15.420829999999999"><ele>753.6</ele></trkpt>
      <trkpt lat="50.883654" lon="15.421038999999999"><ele>751.68</ele></trkpt>
      <trkpt lat="50.883835999999995" lon="15.421082"><ele>751.07</ele></trkpt>
      <trkpt lat="50.885256999999996" lon="15.421266999999999"><ele>747.94</ele></trkpt>
      <trkpt lat="50.885408" lon="15.421304"><ele>747.9</ele></trkpt>
      <trkpt lat="50.885521" lon="15.421363"><ele>747.98</ele></trkpt>
      <trkpt lat="50.885701999999995" lon="15.421522"><ele>748.66</ele></trkpt>
      <trkpt lat="50.885813999999996" lon="15.421581"><ele>748.79</ele></trkpt>
      <trkpt lat="50.886036999999995" lon="15.421558999999998"><ele>750.23</ele></trkpt>
      <trkpt lat="50.886159" lon="15.421495"><ele>750.82</ele></trkpt>
      <trkpt lat="50.886402999999994" lon="15.421211"><ele>751.19</ele></trkpt>
      <trkpt lat="50.886517999999995" lon="15.421000999999999"><ele>751.34</ele></trkpt>
      <trkpt lat="50.886761" lon="15.420254"><ele>751.63</ele></trkpt>
      <trkpt lat="50.886865" lon="15.420062"><ele>751.91</ele></trkpt>
      <trkpt lat="50.887239" lon="15.419735"><ele>753.71</ele></trkpt>
      <trkpt lat="50.88751" lon="15.419449"><ele>755.95</ele></trkpt>
      <trkpt lat="50.888039" lon="15.418574"><ele>760.38</ele></trkpt>
      <trkpt lat="50.888265" lon="15.418102999999999"><ele>761.71</ele></trkpt>
      <trkpt lat="50.888524999999994" lon="15.417425999999999"><ele>762.72</ele></trkpt>
      <trkpt lat="50.888757" lon="15.416907"><ele>763.28</ele></trkpt>
      <trkpt lat="50.888877" lon="15.416678"><ele>763.28</ele></trkpt>
      <trkpt lat="50.889012" lon="15.416495"><ele>763.09</ele></trkpt>
      <trkpt lat="50.889117999999996" lon="15.416395"><ele>762.86</ele></trkpt>
      <trkpt lat="50.889506" lon="15.416075"><ele>761.44</ele></trkpt>
      <trkpt lat="50.889942" lon="15.415636999999998"><ele>760.04</ele></trkpt>
      <trkpt lat="50.890029999999996" lon="15.415588999999999"><ele>759.93</ele></trkpt>
      <trkpt lat="50.890463" lon="15.415562"><ele>759.57</ele></trkpt>
      <trkpt lat="50.890584999999994" lon="15.415524"><ele>759.65</ele></trkpt>
      <trkpt lat="50.890704" lon="15.415405999999999"><ele>759.83</ele></trkpt>
      <trkpt lat="50.89089" lon="15.415251"><ele>760.11</ele></trkpt>
      <trkpt lat="50.891180999999996" lon="15.415058"><ele>760.47</ele></trkpt>
      <trkpt lat="50.891377" lon="15.414961"><ele>760.8</ele></trkpt>
      <trkpt lat="50.892024" lon="15.414753999999999"><ele>762.75</ele></trkpt>
      <trkpt lat="50.892308" lon="15.414693"><ele>763.48</ele></trkpt>
      <trkpt lat="50.892575" lon="15.414693"><ele>763.99</ele></trkpt>
      <trkpt lat="50.893175" lon="15.414731"><ele>764.69</ele></trkpt>
      <trkpt lat="50.893566" lon="15.414741"><ele>764.69</ele></trkpt>
      <trkpt lat="50.894121" lon="15.414575"><ele>763.74</ele></trkpt>
      <trkpt lat="50.894304" lon="15.414537"><ele>762.47</ele></trkpt>
      <trkpt lat="50.894405" lon="15.414499999999999"><ele>761.51</ele></trkpt>
      <trkpt lat="50.894405" lon="15.414499999999999"><ele>761.51</ele></trkpt>
      <trkpt lat="50.894405" lon="15.414499999999999"><ele>761.51</ele></trkpt>
      <trkpt lat="50.894405" lon="15.414499999999999"><ele>761.51</ele></trkpt>
      <trkpt lat="50.894405" lon="15.414499999999999"><ele>761.51</ele></trkpt>
      <trkpt lat="50.894416" lon="15.41391"><ele>757.15</ele></trkpt>
      <trkpt lat="50.894532" lon="15.412222"><ele>745.63</ele></trkpt>
      <trkpt lat="50.893718" lon="15.411282"><ele>743.86</ele></trkpt>
      <trkpt lat="50.893102999999996" lon="15.410910999999999"><ele>742.38</ele></trkpt>
      <trkpt lat="50.891926" lon="15.409286"><ele>739.59</ele></trkpt>
      <trkpt lat="50.891774" lon="15.408757"><ele>739.32</ele></trkpt>
      <trkpt lat="50.891593" lon="15.406632"><ele>739.27</ele></trkpt>
      <trkpt lat="50.891633999999996" lon="15.406196"><ele>739.11</ele></trkpt>
      <trkpt lat="50.891709999999996" lon="15.406018999999999"><ele>739.01</ele></trkpt>
      <trkpt lat="50.891932" lon="15.405769"><ele>738.75</ele></trkpt>
      <trkpt lat="50.893074" lon="15.405119"><ele>737.07</ele></trkpt>
      <trkpt lat="50.893466" lon="15.404841"><ele>736.62</ele></trkpt>
      <trkpt lat="50.894707" lon="15.401703999999999"><ele>732.41</ele></trkpt>
      <trkpt lat="50.894971" lon="15.40123"><ele>731.73</ele></trkpt>
      <trkpt lat="50.895533" lon="15.400348999999999"><ele>730.47</ele></trkpt>
      <trkpt lat="50.895779" lon="15.399885"><ele>730.09</ele></trkpt>
      <trkpt lat="50.896054" lon="15.399077"><ele>729.87</ele></trkpt>
      <trkpt lat="50.896159" lon="15.39852"><ele>729.73</ele></trkpt>
      <trkpt lat="50.896124" lon="15.398287999999999"><ele>729.58</ele></trkpt>
      <trkpt lat="50.896065" lon="15.398093"><ele>729.38</ele></trkpt>
      <trkpt lat="50.896065" lon="15.398093"><ele>729.38</ele></trkpt>
      <trkpt lat="50.896065" lon="15.398093"><ele>729.38</ele></trkpt>
      <trkpt lat="50.896065" lon="15.398093"><ele>729.38</ele></trkpt>
      <trkpt lat="50.896065" lon="15.398093"><ele>729.38</ele></trkpt>
      <trkpt lat="50.895843" lon="15.397843"><ele>728.86</ele></trkpt>
      <trkpt lat="50.895391" lon="15.397580999999999"><ele>727.78</ele></trkpt>
      <trkpt lat="50.894374" lon="15.396612"><ele>725.14</ele></trkpt>
      <trkpt lat="50.894068999999995" lon="15.396220999999999"><ele>724.61</ele></trkpt>
      <trkpt lat="50.893766" lon="15.395646999999999"><ele>724.27</ele></trkpt>
      <trkpt lat="50.8936" lon="15.395150999999998"><ele>724</ele></trkpt>
      <trkpt lat="50.893511" lon="15.395052999999999"><ele>723.71</ele></trkpt>
      <trkpt lat="50.893417" lon="15.395081"><ele>722.54</ele></trkpt>
      <trkpt lat="50.893417" lon="15.395081"><ele>722.54</ele></trkpt>
      <trkpt lat="50.893417" lon="15.395081"><ele>722.54</ele></trkpt>
      <trkpt lat="50.893417" lon="15.395081"><ele>722.54</ele></trkpt>
      <trkpt lat="50.893417" lon="15.395081"><ele>722.54</ele></trkpt>
      <trkpt lat="50.893391" lon="15.395280999999999"><ele>720.89</ele></trkpt>
      <trkpt lat="50.893457" lon="15.395394999999999"><ele>720.33</ele></trkpt>
      <trkpt lat="50.893651999999996" lon="15.395842"><ele>718.41</ele></trkpt>
      <trkpt lat="50.893919" lon="15.396517"><ele>715.16</ele></trkpt>
      <trkpt lat="50.894251" lon="15.397212"><ele>711.39</ele></trkpt>
      <trkpt lat="50.894411" lon="15.397725"><ele>709.08</ele></trkpt>
      <trkpt lat="50.894484999999996" lon="15.398251"><ele>706.99</ele></trkpt>
      <trkpt lat="50.89445" lon="15.398473999999998"><ele>706.11</ele></trkpt>
      <trkpt lat="50.894332999999996" lon="15.398677999999999"><ele>705.04</ele></trkpt>
      <trkpt lat="50.893618" lon="15.399085999999999"><ele>700.17</ele></trkpt>
      <trkpt lat="50.893173" lon="15.399049"><ele>696.93</ele></trkpt>
      <trkpt lat="50.892576" lon="15.399085999999999"><ele>692.69</ele></trkpt>
      <trkpt lat="50.892376999999996" lon="15.399365"><ele>691.04</ele></trkpt>
      <trkpt lat="50.892272" lon="15.400089"><ele>688.38</ele></trkpt>
      <trkpt lat="50.892025999999994" lon="15.400293"><ele>686.88</ele></trkpt>
      <trkpt lat="50.89116" lon="15.400609"><ele>681.5</ele></trkpt>
      <trkpt lat="50.890656" lon="15.400404"><ele>678.08</ele></trkpt>
      <trkpt lat="50.890105999999996" lon="15.399958999999999"><ele>673.49</ele></trkpt>
      <trkpt lat="50.88993" lon="15.399996"><ele>671.92</ele></trkpt>
      <trkpt lat="50.889778" lon="15.400219"><ele>670.14</ele></trkpt>
      <trkpt lat="50.889637" lon="15.400646"><ele>667.68</ele></trkpt>
      <trkpt lat="50.889719" lon="15.401667"><ele>663.29</ele></trkpt>
      <trkpt lat="50.889661" lon="15.401981999999999"><ele>662.25</ele></trkpt>
      <trkpt lat="50.889509" lon="15.402372"><ele>660.75</ele></trkpt>
      <trkpt lat="50.888466" lon="15.403856999999999"><ele>651.8</ele></trkpt>
      <trkpt lat="50.888244" lon="15.404599"><ele>647.25</ele></trkpt>
      <trkpt lat="50.888138999999995" lon="15.404729"><ele>645.99</ele></trkpt>
      <trkpt lat="50.888138999999995" lon="15.404729"><ele>645.99</ele></trkpt>
      <trkpt lat="50.888138999999995" lon="15.404729"><ele>645.99</ele></trkpt>
      <trkpt lat="50.888138999999995" lon="15.404729"><ele>645.99</ele></trkpt>
      <trkpt lat="50.888138999999995" lon="15.404729"><ele>645.99</ele></trkpt>
      <trkpt lat="50.888020999999995" lon="15.404618"><ele>644.68</ele></trkpt>
      <trkpt lat="50.887657999999995" lon="15.402315999999999"><ele>629.82</ele></trkpt>
      <trkpt lat="50.887482999999996" lon="15.401834"><ele>625.81</ele></trkpt>
      <trkpt lat="50.887073" lon="15.401257999999999"><ele>618.88</ele></trkpt>
      <trkpt lat="50.886827" lon="15.400367"><ele>610.74</ele></trkpt>
      <trkpt lat="50.886768" lon="15.399569"><ele>604.23</ele></trkpt>
      <trkpt lat="50.886768" lon="15.399569"><ele>604.23</ele></trkpt>
      <trkpt lat="50.886768" lon="15.399569"><ele>604.23</ele></trkpt>
      <trkpt lat="50.886768" lon="15.399569"><ele>604.23</ele></trkpt>
      <trkpt lat="50.886768" lon="15.399569"><ele>604.23</ele></trkpt>
      <trkpt lat="50.886804" lon="15.398418"><ele>595.9</ele></trkpt>
      <trkpt lat="50.887423999999996" lon="15.396654999999999"><ele>586.05</ele></trkpt>
      <trkpt lat="50.888141999999995" lon="15.395465"><ele>580.68</ele></trkpt>
      <trkpt lat="50.888220999999994" lon="15.395304999999999"><ele>579.7</ele></trkpt>
      <trkpt lat="50.888231999999995" lon="15.395135"><ele>578.78</ele></trkpt>
      <trkpt lat="50.888193" lon="15.394979"><ele>577.79</ele></trkpt>
      <trkpt lat="50.888115" lon="15.394559999999998"><ele>574.95</ele></trkpt>
      <trkpt lat="50.888002" lon="15.394222"><ele>572.37</ele></trkpt>
      <trkpt lat="50.887921999999996" lon="15.393837"><ele>569.44</ele></trkpt>
      <trkpt lat="50.887910999999995" lon="15.39373"><ele>568.65</ele></trkpt>
      <trkpt lat="50.887921" lon="15.393383"><ele>566.34</ele></trkpt>
      <trkpt lat="50.887881" lon="15.393272"><ele>565.62</ele></trkpt>
      <trkpt lat="50.887724" lon="15.392926999999998"><ele>563.18</ele></trkpt>
      <trkpt lat="50.887691999999994" lon="15.392812999999999"><ele>562.37</ele></trkpt>
      <trkpt lat="50.887679999999996" lon="15.392678"><ele>561.56</ele></trkpt>
      <trkpt lat="50.887681" lon="15.392529999999999"><ele>561.1</ele></trkpt>
      <trkpt lat="50.887732" lon="15.391948"><ele>559.92</ele></trkpt>
      <trkpt lat="50.887682999999996" lon="15.391494999999999"><ele>558.36</ele></trkpt>
      <trkpt lat="50.887679999999996" lon="15.391115"><ele>557.31</ele></trkpt>
      <trkpt lat="50.88762" lon="15.390407999999999"><ele>556.53</ele></trkpt>
      <trkpt lat="50.887575999999996" lon="15.389567"><ele>555.47</ele></trkpt>
      <trkpt lat="50.887544999999996" lon="15.389163"><ele>554.19</ele></trkpt>
      <trkpt lat="50.887404" lon="15.388786999999999"><ele>551.77</ele></trkpt>
      <trkpt lat="50.887218999999995" lon="15.388415"><ele>550.71</ele></trkpt>
      <trkpt lat="50.887052" lon="15.388112999999999"><ele>550.31</ele></trkpt>
      <trkpt lat="50.886976999999995" lon="15.387948999999999"><ele>550.11</ele></trkpt>
      <trkpt lat="50.886871" lon="15.387613"><ele>549.72</ele></trkpt>
      <trkpt lat="50.88681" lon="15.387367999999999"><ele>549.27</ele></trkpt>
      <trkpt lat="50.886696" lon="15.387054"><ele>549.21</ele></trkpt>
      <trkpt lat="50.886495" lon="15.386695"><ele>549.77</ele></trkpt>
      <trkpt lat="50.886541" lon="15.386500999999999"><ele>549.22</ele></trkpt>
      <trkpt lat="50.886624" lon="15.386247"><ele>548.09</ele></trkpt>
      <trkpt lat="50.886761" lon="15.385848"><ele>547.59</ele></trkpt>
      <trkpt lat="50.886905999999996" lon="15.385473999999999"><ele>547.12</ele></trkpt>
      <trkpt lat="50.887114" lon="15.385041"><ele>546.63</ele></trkpt>
      <trkpt lat="50.887311" lon="15.384666999999999"><ele>546.24</ele></trkpt>
      <trkpt lat="50.889519" lon="15.381191"><ele>540.31</ele></trkpt>
      <trkpt lat="50.889846" lon="15.380656"><ele>539.96</ele></trkpt>
      <trkpt lat="50.889933" lon="15.380471"><ele>539.87</ele></trkpt>
      <trkpt lat="50.890015" lon="15.380272"><ele>539.86</ele></trkpt>
      <trkpt lat="50.890069999999994" lon="15.380111999999999"><ele>539.82</ele></trkpt>
      <trkpt lat="50.890164999999996" lon="15.379755"><ele>539.96</ele></trkpt>
      <trkpt lat="50.890193" lon="15.379563"><ele>539.53</ele></trkpt>
      <trkpt lat="50.890223" lon="15.379214999999999"><ele>538.89</ele></trkpt>
      <trkpt lat="50.890314" lon="15.378402999999999"><ele>537.53</ele></trkpt>
      <trkpt lat="50.890519" lon="15.376297"><ele>539.35</ele></trkpt>
      <trkpt lat="50.890574" lon="15.375964"><ele>539.44</ele></trkpt>
      <trkpt lat="50.890662999999996" lon="15.375601999999999"><ele>539.49</ele></trkpt>
      <trkpt lat="50.890749" lon="15.375361999999999"><ele>539.57</ele></trkpt>
      <trkpt lat="50.890882999999995" lon="15.375038"><ele>539.7</ele></trkpt>
      <trkpt lat="50.891611999999995" lon="15.373536"><ele>538.85</ele></trkpt>
      <trkpt lat="50.891784" lon="15.373159999999999"><ele>538.04</ele></trkpt>
      <trkpt lat="50.891653999999996" lon="15.373279"><ele>538.76</ele></trkpt>
      <trkpt lat="50.891383" lon="15.37369"><ele>541.55</ele></trkpt>
      <trkpt lat="50.891284" lon="15.373695"><ele>543.62</ele></trkpt>
      <trkpt lat="50.891214" lon="15.373673"><ele>545.13</ele></trkpt>
      <trkpt lat="50.890893" lon="15.37333"><ele>550</ele></trkpt>
      <trkpt lat="50.890705" lon="15.373069"><ele>552.51</ele></trkpt>
      <trkpt lat="50.890643999999995" lon="15.372938"><ele>553.15</ele></trkpt>
      <trkpt lat="50.890577" lon="15.372726"><ele>555.04</ele></trkpt>
      <trkpt lat="50.890584999999994" lon="15.372542"><ele>556.49</ele></trkpt>
      <trkpt lat="50.890643999999995" lon="15.372389"><ele>557.66</ele></trkpt>
      <trkpt lat="50.890767999999994" lon="15.372268"><ele>559.09</ele></trkpt>
      <trkpt lat="50.891053" lon="15.372038"><ele>562.44</ele></trkpt>
      <trkpt lat="50.891191" lon="15.371836"><ele>564.25</ele></trkpt>
      <trkpt lat="50.891315999999996" lon="15.371514"><ele>566.25</ele></trkpt>
      <trkpt lat="50.891377999999996" lon="15.371243999999999"><ele>567.76</ele></trkpt>
      <trkpt lat="50.891434999999994" lon="15.370745999999999"><ele>570.56</ele></trkpt>
      <trkpt lat="50.891496" lon="15.370394999999998"><ele>572.44</ele></trkpt>
      <trkpt lat="50.891667999999996" lon="15.369677"><ele>576.19</ele></trkpt>
      <trkpt lat="50.891709999999996" lon="15.369466999999998"><ele>577.34</ele></trkpt>
      <trkpt lat="50.891717" lon="15.369268"><ele>578.39</ele></trkpt>
      <trkpt lat="50.891701" lon="15.368901999999999"><ele>580.27</ele></trkpt>
      <trkpt lat="50.891633999999996" lon="15.368212999999999"><ele>583.76</ele></trkpt>
      <trkpt lat="50.891489" lon="15.367156999999999"><ele>589.41</ele></trkpt>
      <trkpt lat="50.891397999999995" lon="15.366814"><ele>591.29</ele></trkpt>
      <trkpt lat="50.891324999999995" lon="15.366648999999999"><ele>592.33</ele></trkpt>
      <trkpt lat="50.891056999999996" lon="15.36623"><ele>595.59</ele></trkpt>
      <trkpt lat="50.890736999999994" lon="15.365864"><ele>598.84</ele></trkpt>
      <trkpt lat="50.890578" lon="15.365732999999999"><ele>600.15</ele></trkpt>
      <trkpt lat="50.890042" lon="15.365397999999999"><ele>603.87</ele></trkpt>
      <trkpt lat="50.889948999999994" lon="15.365314999999999"><ele>604.48</ele></trkpt>
      <trkpt lat="50.889871" lon="15.365219999999999"><ele>605.03</ele></trkpt>
      <trkpt lat="50.889776999999995" lon="15.365055"><ele>605.82</ele></trkpt>
      <trkpt lat="50.889722" lon="15.364915"><ele>606.43</ele></trkpt>
      <trkpt lat="50.889654" lon="15.364688999999998"><ele>607.36</ele></trkpt>
      <trkpt lat="50.889612" lon="15.364479"><ele>608.18</ele></trkpt>
      <trkpt lat="50.88959" lon="15.364244999999999"><ele>609.13</ele></trkpt>
      <trkpt lat="50.889573" lon="15.363843"><ele>610.88</ele></trkpt>
      <trkpt lat="50.889562" lon="15.363306"><ele>613.21</ele></trkpt>
      <trkpt lat="50.889472" lon="15.362587999999999"><ele>616.56</ele></trkpt>
      <trkpt lat="50.889261" lon="15.361550999999999"><ele>621.6</ele></trkpt>
      <trkpt lat="50.889081999999995" lon="15.360726"><ele>625.35</ele></trkpt>
      <trkpt lat="50.888895999999995" lon="15.360109999999999"><ele>628.4</ele></trkpt>
      <trkpt lat="50.888842" lon="15.360031"><ele>629.22</ele></trkpt>
      <trkpt lat="50.888797" lon="15.360014"><ele>630.06</ele></trkpt>
      <trkpt lat="50.888746" lon="15.359777"><ele>629.12</ele></trkpt>
      <trkpt lat="50.888748" lon="15.359708"><ele>629.1</ele></trkpt>
      <trkpt lat="50.88879" lon="15.35961"><ele>628.95</ele></trkpt>
      <trkpt lat="50.888917" lon="15.35953"><ele>628.5</ele></trkpt>
      <trkpt lat="50.889244" lon="15.359378999999999"><ele>627.48</ele></trkpt>
      <trkpt lat="50.889368999999995" lon="15.359366999999999"><ele>627.16</ele></trkpt>
      <trkpt lat="50.889477" lon="15.359392999999999"><ele>626.86</ele></trkpt>
      <trkpt lat="50.889900999999995" lon="15.359601999999999"><ele>625.53</ele></trkpt>
      <trkpt lat="50.890052999999995" lon="15.359655"><ele>625.26</ele></trkpt>
      <trkpt lat="50.890128" lon="15.359663999999999"><ele>625.21</ele></trkpt>
      <trkpt lat="50.89024" lon="15.359625"><ele>625.64</ele></trkpt>
      <trkpt lat="50.890315" lon="15.359565"><ele>625.8</ele></trkpt>
      <trkpt lat="50.89038" lon="15.359478"><ele>626.12</ele></trkpt>
      <trkpt lat="50.890446999999995" lon="15.359314999999999"><ele>627.06</ele></trkpt>
      <trkpt lat="50.890491" lon="15.359119999999999"><ele>627.91</ele></trkpt>
      <trkpt lat="50.890511" lon="15.358941"><ele>628.57</ele></trkpt>
      <trkpt lat="50.890494999999994" lon="15.358606"><ele>629.74</ele></trkpt>
      <trkpt lat="50.890442" lon="15.35826"><ele>631.07</ele></trkpt>
      <trkpt lat="50.890377" lon="15.357947999999999"><ele>632.25</ele></trkpt>
      <trkpt lat="50.890181999999996" lon="15.357194"><ele>635.25</ele></trkpt>
      <trkpt lat="50.889908" lon="15.356330999999999"><ele>638.72</ele></trkpt>
      <trkpt lat="50.889779" lon="15.355862"><ele>640.38</ele></trkpt>
      <trkpt lat="50.889703999999995" lon="15.355177"><ele>642.47</ele></trkpt>
      <trkpt lat="50.889697999999996" lon="15.354821999999999"><ele>643.6</ele></trkpt>
      <trkpt lat="50.889652999999996" lon="15.354192999999999"><ele>645.99</ele></trkpt>
      <trkpt lat="50.889553" lon="15.353767"><ele>647.69</ele></trkpt>
      <trkpt lat="50.889416" lon="15.353437"><ele>649.39</ele></trkpt>
      <trkpt lat="50.889379999999996" lon="15.353309999999999"><ele>650</ele></trkpt>
      <trkpt lat="50.889371999999995" lon="15.353199"><ele>650.51</ele></trkpt>
      <trkpt lat="50.88939" lon="15.353092"><ele>651.01</ele></trkpt>
      <trkpt lat="50.889435" lon="15.353019"><ele>651.46</ele></trkpt>
      <trkpt lat="50.889499" lon="15.352977"><ele>651.95</ele></trkpt>
      <trkpt lat="50.889568999999995" lon="15.352962999999999"><ele>652.44</ele></trkpt>
      <trkpt lat="50.889762999999995" lon="15.352983"><ele>653.74</ele></trkpt>
      <trkpt lat="50.889938" lon="15.352946999999999"><ele>654.86</ele></trkpt>
      <trkpt lat="50.890888" lon="15.352933"><ele>660.81</ele></trkpt>
      <trkpt lat="50.89104" lon="15.352863999999999"><ele>661.96</ele></trkpt>
      <trkpt lat="50.891237" lon="15.352682"><ele>663.5</ele></trkpt>
      <trkpt lat="50.891512999999996" lon="15.352283"><ele>665.77</ele></trkpt>
      <trkpt lat="50.891715999999995" lon="15.351925"><ele>667.47</ele></trkpt>
      <trkpt lat="50.891999999999996" lon="15.351348"><ele>669.54</ele></trkpt>
      <trkpt lat="50.892227999999996" lon="15.350816"><ele>671.26</ele></trkpt>
      <trkpt lat="50.892441999999996" lon="15.350247"><ele>672.83</ele></trkpt>
      <trkpt lat="50.892534" lon="15.349934999999999"><ele>673.7</ele></trkpt>
      <trkpt lat="50.892593999999995" lon="15.349661999999999"><ele>674.41</ele></trkpt>
      <trkpt lat="50.892632" lon="15.349435999999999"><ele>674.93</ele></trkpt>
      <trkpt lat="50.892672999999995" lon="15.348920999999999"><ele>676.12</ele></trkpt>
      <trkpt lat="50.892643" lon="15.348389999999998"><ele>677.63</ele></trkpt>
      <trkpt lat="50.892519" lon="15.347814999999999"><ele>679.37</ele></trkpt>
      <trkpt lat="50.89223" lon="15.346824999999999"><ele>683.13</ele></trkpt>
      <trkpt lat="50.892173" lon="15.34658"><ele>684.06</ele></trkpt>
      <trkpt lat="50.892027" lon="15.345756999999999"><ele>687.41</ele></trkpt>
      <trkpt lat="50.891861999999996" lon="15.344697"><ele>691.66</ele></trkpt>
      <trkpt lat="50.891825" lon="15.344213"><ele>693.69</ele></trkpt>
      <trkpt lat="50.891864999999996" lon="15.343554"><ele>696.36</ele></trkpt>
      <trkpt lat="50.891838" lon="15.343160999999998"><ele>698.03</ele></trkpt>
      <trkpt lat="50.891855" lon="15.342953"><ele>698.93</ele></trkpt>
      <trkpt lat="50.891923" lon="15.342599"><ele>700.48</ele></trkpt>
      <trkpt lat="50.8921" lon="15.342054999999998"><ele>702.98</ele></trkpt>
      <trkpt lat="50.892342" lon="15.341514"><ele>705.85</ele></trkpt>
      <trkpt lat="50.892497999999996" lon="15.341239999999999"><ele>707.42</ele></trkpt>
      <trkpt lat="50.892801999999996" lon="15.340779"><ele>710.22</ele></trkpt>
      <trkpt lat="50.893026" lon="15.340373"><ele>712.42</ele></trkpt>
      <trkpt lat="50.893277" lon="15.339765"><ele>715.31</ele></trkpt>
      <trkpt lat="50.893482" lon="15.339160999999999"><ele>718.11</ele></trkpt>
      <trkpt lat="50.893668999999996" lon="15.338327999999999"><ele>721.75</ele></trkpt>
      <trkpt lat="50.894225999999996" lon="15.335439"><ele>732.76</ele></trkpt>
      <trkpt lat="50.894284" lon="15.335061"><ele>733.95</ele></trkpt>
      <trkpt lat="50.894304999999996" lon="15.334824999999999"><ele>734.71</ele></trkpt>
      <trkpt lat="50.894304999999996" lon="15.334824999999999"><ele>734.71</ele></trkpt>
      <trkpt lat="50.894304999999996" lon="15.334824999999999"><ele>734.71</ele></trkpt>
      <trkpt lat="50.894304999999996" lon="15.334824999999999"><ele>734.71</ele></trkpt>
      <trkpt lat="50.894304999999996" lon="15.334824999999999"><ele>734.71</ele></trkpt>
      <trkpt lat="50.894309" lon="15.334313"><ele>736.58</ele></trkpt>
      <trkpt lat="50.894296" lon="15.334161"><ele>737.22</ele></trkpt>
      <trkpt lat="50.894245999999995" lon="15.333938"><ele>738.29</ele></trkpt>
      <trkpt lat="50.894073" lon="15.333357999999999"><ele>741.48</ele></trkpt>
      <trkpt lat="50.893611" lon="15.332268"><ele>748.47</ele></trkpt>
      <trkpt lat="50.893144" lon="15.331278"><ele>754.69</ele></trkpt>
      <trkpt lat="50.89272" lon="15.330544"><ele>759.4</ele></trkpt>
      <trkpt lat="50.892429" lon="15.330103999999999"><ele>762.41</ele></trkpt>
      <trkpt lat="50.891873999999994" lon="15.329364"><ele>767.82</ele></trkpt>
      <trkpt lat="50.891639" lon="15.328973999999999"><ele>770.35</ele></trkpt>
      <trkpt lat="50.891394999999996" lon="15.328520999999999"><ele>773.21</ele></trkpt>
      <trkpt lat="50.891231" lon="15.328133"><ele>775.47</ele></trkpt>
      <trkpt lat="50.890856" lon="15.327119"><ele>781.21</ele></trkpt>
      <trkpt lat="50.89058" lon="15.326231"><ele>785.79</ele></trkpt>
      <trkpt lat="50.890493" lon="15.325816"><ele>787.88</ele></trkpt>
      <trkpt lat="50.890471999999995" lon="15.325607"><ele>789.08</ele></trkpt>
      <trkpt lat="50.890457" lon="15.325298"><ele>791.33</ele></trkpt>
      <trkpt lat="50.890459" lon="15.325113"><ele>791.18</ele></trkpt>
      <trkpt lat="50.89049" lon="15.324853"><ele>790.82</ele></trkpt>
      <trkpt lat="50.890477" lon="15.324786"><ele>791.3</ele></trkpt>
      <trkpt lat="50.890463" lon="15.324753"><ele>791.7</ele></trkpt>
      <trkpt lat="50.890463" lon="15.324753"><ele>791.7</ele></trkpt>
      <trkpt lat="50.890463" lon="15.324753"><ele>791.7</ele></trkpt>
      <trkpt lat="50.890414" lon="15.324708999999999"><ele>792.63</ele></trkpt>
      <trkpt lat="50.890414" lon="15.324708999999999"><ele>792.63</ele></trkpt>
      <trkpt lat="50.890414" lon="15.324708999999999"><ele>792.63</ele></trkpt>
      <trkpt lat="50.890383" lon="15.324710999999999"><ele>793.08</ele></trkpt>
      <trkpt lat="50.89033" lon="15.324741"><ele>793.77</ele></trkpt>
      <trkpt lat="50.890283" lon="15.324819999999999"><ele>794.48</ele></trkpt>
      <trkpt lat="50.890271" lon="15.324867"><ele>794.78</ele></trkpt>
      <trkpt lat="50.890204" lon="15.325358"><ele>797.51</ele></trkpt>
      <trkpt lat="50.890102" lon="15.326647"><ele>804.06</ele></trkpt>
      <trkpt lat="50.890105999999996" lon="15.326891"><ele>805.22</ele></trkpt>
      <trkpt lat="50.890173999999995" lon="15.327309"><ele>807.3</ele></trkpt>
      <trkpt lat="50.890195" lon="15.327983999999999"><ele>810.58</ele></trkpt>
      <trkpt lat="50.890285" lon="15.329238"><ele>817.06</ele></trkpt>
      <trkpt lat="50.890536999999995" lon="15.331147"><ele>826.33</ele></trkpt>
      <trkpt lat="50.890757" lon="15.332212"><ele>831.84</ele></trkpt>
      <trkpt lat="50.890794" lon="15.332564"><ele>833.63</ele></trkpt>
      <trkpt lat="50.890806" lon="15.333136999999999"><ele>836.54</ele></trkpt>
      <trkpt lat="50.890766" lon="15.333566999999999"><ele>838.83</ele></trkpt>
      <trkpt lat="50.890643" lon="15.334228999999999"><ele>842.66</ele></trkpt>
      <trkpt lat="50.890511" lon="15.334691999999999"><ele>845.53</ele></trkpt>
      <trkpt lat="50.890271999999996" lon="15.335322"><ele>849.6</ele></trkpt>
      <trkpt lat="50.890023" lon="15.335747"><ele>852.63</ele></trkpt>
      <trkpt lat="50.889787999999996" lon="15.336113999999998"><ele>855.28</ele></trkpt>
      <trkpt lat="50.889787999999996" lon="15.336113999999998"><ele>855.28</ele></trkpt>
      <trkpt lat="50.889787999999996" lon="15.336113999999998"><ele>855.28</ele></trkpt>
      <trkpt lat="50.889669" lon="15.336265"><ele>856.47</ele></trkpt>
      <trkpt lat="50.889477" lon="15.336450999999999"><ele>858.17</ele></trkpt>
      <trkpt lat="50.888511" lon="15.33751"><ele>866.76</ele></trkpt>
      <trkpt lat="50.888296" lon="15.337715999999999"><ele>868.69</ele></trkpt>
      <trkpt lat="50.887857" lon="15.338038"><ele>872.3</ele></trkpt>
      <trkpt lat="50.887608" lon="15.338279"><ele>874.39</ele></trkpt>
      <trkpt lat="50.887316999999996" lon="15.33859"><ele>876.7</ele></trkpt>
      <trkpt lat="50.886714" lon="15.339452"><ele>881.81</ele></trkpt>
      <trkpt lat="50.886570999999996" lon="15.339678999999999"><ele>883.16</ele></trkpt>
      <trkpt lat="50.886291" lon="15.340072"><ele>885.81</ele></trkpt>
      <trkpt lat="50.885577" lon="15.340917"><ele>892.77</ele></trkpt>
      <trkpt lat="50.885144999999994" lon="15.341368999999998"><ele>896.61</ele></trkpt>
      <trkpt lat="50.884862999999996" lon="15.341783"><ele>899.39</ele></trkpt>
      <trkpt lat="50.884741999999996" lon="15.341887999999999"><ele>900.28</ele></trkpt>
      <trkpt lat="50.884482999999996" lon="15.342048"><ele>901.89</ele></trkpt>
      <trkpt lat="50.884206" lon="15.342253"><ele>903.63</ele></trkpt>
      <trkpt lat="50.883665" lon="15.342735999999999"><ele>906.4</ele></trkpt>
      <trkpt lat="50.883243" lon="15.343195999999999"><ele>908.67</ele></trkpt>
      <trkpt lat="50.883243" lon="15.343195999999999"><ele>908.67</ele></trkpt>
      <trkpt lat="50.883243" lon="15.343195999999999"><ele>908.67</ele></trkpt>
      <trkpt lat="50.881957" lon="15.344102"><ele>916.78</ele></trkpt>
      <trkpt lat="50.881471999999995" lon="15.344123999999999"><ele>921.98</ele></trkpt>
      <trkpt lat="50.880925" lon="15.344180999999999"><ele>927.27</ele></trkpt>
      <trkpt lat="50.880309" lon="15.344182"><ele>934.74</ele></trkpt>
      <trkpt lat="50.880036999999994" lon="15.344138"><ele>938.62</ele></trkpt>
      <trkpt lat="50.879683" lon="15.343999"><ele>943.97</ele></trkpt>
      <trkpt lat="50.879346999999996" lon="15.343805999999999"><ele>948.98</ele></trkpt>
      <trkpt lat="50.879039" lon="15.343686"><ele>952.95</ele></trkpt>
      <trkpt lat="50.878591" lon="15.343675"><ele>957.67</ele></trkpt>
      <trkpt lat="50.87806" lon="15.343471"><ele>962.27</ele></trkpt>
      <trkpt lat="50.877648" lon="15.34362"><ele>963.95</ele></trkpt>
      <trkpt lat="50.87741" lon="15.343736999999999"><ele>963.97</ele></trkpt>
      <trkpt lat="50.876577999999995" lon="15.343998"><ele>964.93</ele></trkpt>
      <trkpt lat="50.876473" lon="15.344062"><ele>965.07</ele></trkpt>
      <trkpt lat="50.876357" lon="15.344159999999999"><ele>965.05</ele></trkpt>
      <trkpt lat="50.875302" lon="15.345187999999998"><ele>967.3</ele></trkpt>
      <trkpt lat="50.875184" lon="15.345269"><ele>967.74</ele></trkpt>
      <trkpt lat="50.875023999999996" lon="15.345298"><ele>968.28</ele></trkpt>
      <trkpt lat="50.874997" lon="15.345295"><ele>969.58</ele></trkpt>
      <trkpt lat="50.874086999999996" lon="15.345168999999999"><ele>970.89</ele></trkpt>
      <trkpt lat="50.873926999999995" lon="15.345179"><ele>970.66</ele></trkpt>
      <trkpt lat="50.873602999999996" lon="15.345009"><ele>969.81</ele></trkpt>
      <trkpt lat="50.87323" lon="15.344769"><ele>968.11</ele></trkpt>
      <trkpt lat="50.872896" lon="15.344581"><ele>966.49</ele></trkpt>
      <trkpt lat="50.872648" lon="15.344551"><ele>965.18</ele></trkpt>
      <trkpt lat="50.872395999999995" lon="15.344679999999999"><ele>963.61</ele></trkpt>
      <trkpt lat="50.872167999999995" lon="15.344716"><ele>962.22</ele></trkpt>
      <trkpt lat="50.872034" lon="15.344709"><ele>961.38</ele></trkpt>
      <trkpt lat="50.871821" lon="15.344631999999999"><ele>959.94</ele></trkpt>
      <trkpt lat="50.871173" lon="15.344664"><ele>955.47</ele></trkpt>
      <trkpt lat="50.870605999999995" lon="15.344721999999999"><ele>951.95</ele></trkpt>
      <trkpt lat="50.869313" lon="15.344906"><ele>943.73</ele></trkpt>
      <trkpt lat="50.869188" lon="15.344939"><ele>942.93</ele></trkpt>
      <trkpt lat="50.869074" lon="15.345003"><ele>942.37</ele></trkpt>
      <trkpt lat="50.8685" lon="15.345443999999999"><ele>938.78</ele></trkpt>
      <trkpt lat="50.868308" lon="15.345533999999999"><ele>937.53</ele></trkpt>
      <trkpt lat="50.867719" lon="15.345666"><ele>933.44</ele></trkpt>
      <trkpt lat="50.8664" lon="15.345915"><ele>923.75</ele></trkpt>
      <trkpt lat="50.864849" lon="15.345951999999999"><ele>914.25</ele></trkpt>
      <trkpt lat="50.864723999999995" lon="15.345930999999998"><ele>913.46</ele></trkpt>
      <trkpt lat="50.864723999999995" lon="15.345930999999998"><ele>913.46</ele></trkpt>
      <trkpt lat="50.86459" lon="15.345908"><ele>912.67</ele></trkpt>
      <trkpt lat="50.863642" lon="15.345504"><ele>906.22</ele></trkpt>
      <trkpt lat="50.86351" lon="15.345488"><ele>905.28</ele></trkpt>
      <trkpt lat="50.862815" lon="15.345547999999999"><ele>900.65</ele></trkpt>
      <trkpt lat="50.862590999999995" lon="15.345547"><ele>899.19</ele></trkpt>
      <trkpt lat="50.862443999999996" lon="15.345521999999999"><ele>898.25</ele></trkpt>
      <trkpt lat="50.862111999999996" lon="15.345315"><ele>895.97</ele></trkpt>
      <trkpt lat="50.861777" lon="15.345006999999999"><ele>893.31</ele></trkpt>
      <trkpt lat="50.861456" lon="15.344805"><ele>890.78</ele></trkpt>
      <trkpt lat="50.860869" lon="15.344548"><ele>886.82</ele></trkpt>
      <trkpt lat="50.860583" lon="15.344527999999999"><ele>885.06</ele></trkpt>
      <trkpt lat="50.860291" lon="15.344589"><ele>883.24</ele></trkpt>
      <trkpt lat="50.86014" lon="15.34461"><ele>882.29</ele></trkpt>
      <trkpt lat="50.860040999999995" lon="15.344607"><ele>881.68</ele></trkpt>
      <trkpt lat="50.859961999999996" lon="15.34445"><ele>880.87</ele></trkpt>
      <trkpt lat="50.859776" lon="15.343762"><ele>877.58</ele></trkpt>
      <trkpt lat="50.859694" lon="15.343575"><ele>876.51</ele></trkpt>
      <trkpt lat="50.859564" lon="15.343395999999998"><ele>875.18</ele></trkpt>
      <trkpt lat="50.859331999999995" lon="15.343223"><ele>873.23</ele></trkpt>
      <trkpt lat="50.859024999999995" lon="15.343072999999999"><ele>870.82</ele></trkpt>
      <trkpt lat="50.858686" lon="15.343050999999999"><ele>868.4</ele></trkpt>
      <trkpt lat="50.858540999999995" lon="15.343084999999999"><ele>867.36</ele></trkpt>
      <trkpt lat="50.858540999999995" lon="15.343084999999999"><ele>867.36</ele></trkpt>
      <trkpt lat="50.858540999999995" lon="15.343084999999999"><ele>867.36</ele></trkpt>
      <trkpt lat="50.858238" lon="15.343271"><ele>865.02</ele></trkpt>
      <trkpt lat="50.858042999999995" lon="15.343418999999999"><ele>863.43</ele></trkpt>
      <trkpt lat="50.857476" lon="15.343814"><ele>858.44</ele></trkpt>
      <trkpt lat="50.857088999999995" lon="15.344137"><ele>855.04</ele></trkpt>
      <trkpt lat="50.856652" lon="15.344657"><ele>850.75</ele></trkpt>
      <trkpt lat="50.856044" lon="15.345243"><ele>845.39</ele></trkpt>
      <trkpt lat="50.855919" lon="15.345483999999999"><ele>843.85</ele></trkpt>
      <trkpt lat="50.855812" lon="15.345868999999999"><ele>841.83</ele></trkpt>
      <trkpt lat="50.855717999999996" lon="15.346069"><ele>840.67</ele></trkpt>
      <trkpt lat="50.855581" lon="15.3462"><ele>839.51</ele></trkpt>
      <trkpt lat="50.854949" lon="15.346395999999999"><ele>834.66</ele></trkpt>
      <trkpt lat="50.854834" lon="15.346786999999999"><ele>835.08</ele></trkpt>
      <trkpt lat="50.854738999999995" lon="15.347227"><ele>835.71</ele></trkpt>
      <trkpt lat="50.854644" lon="15.347788"><ele>836.21</ele></trkpt>
      <trkpt lat="50.854616" lon="15.348061"><ele>836.48</ele></trkpt>
      <trkpt lat="50.854603999999995" lon="15.348507999999999"><ele>836.93</ele></trkpt>
      <trkpt lat="50.854572" lon="15.349048999999999"><ele>837.26</ele></trkpt>
      <trkpt lat="50.854561999999994" lon="15.35004"><ele>838.18</ele></trkpt>
      <trkpt lat="50.854588" lon="15.350385"><ele>838.48</ele></trkpt>
      <trkpt lat="50.854583999999996" lon="15.350862"><ele>838.87</ele></trkpt>
      <trkpt lat="50.85462" lon="15.3517"><ele>838.51</ele></trkpt>
      <trkpt lat="50.854642999999996" lon="15.35191"><ele>838.36</ele></trkpt>
      <trkpt lat="50.854673" lon="15.352053"><ele>838.25</ele></trkpt>
      <trkpt lat="50.854755999999995" lon="15.352227"><ele>838.05</ele></trkpt>
      <trkpt lat="50.854912" lon="15.352478999999999"><ele>837.57</ele></trkpt>
      <trkpt lat="50.85498" lon="15.352623999999999"><ele>837.22</ele></trkpt>
      <trkpt lat="50.855066" lon="15.352910999999999"><ele>836.5</ele></trkpt>
      <trkpt lat="50.855125" lon="15.353034"><ele>836.18</ele></trkpt>
      <trkpt lat="50.85523" lon="15.353187"><ele>835.76</ele></trkpt>
      <trkpt lat="50.855303" lon="15.353321"><ele>835.52</ele></trkpt>
      <trkpt lat="50.855385" lon="15.353511999999998"><ele>834.88</ele></trkpt>
      <trkpt lat="50.855461" lon="15.353724"><ele>833.95</ele></trkpt>
      <trkpt lat="50.855534999999996" lon="15.354"><ele>833.14</ele></trkpt>
      <trkpt lat="50.855585" lon="15.354114"><ele>833.1</ele></trkpt>
      <trkpt lat="50.855599999999995" lon="15.354149"><ele>833.16</ele></trkpt>
      <trkpt lat="50.855835" lon="15.354585"><ele>834.15</ele></trkpt>
      <trkpt lat="50.855882" lon="15.354719"><ele>834.54</ele></trkpt>
      <trkpt lat="50.855917999999996" lon="15.354911999999999"><ele>835.01</ele></trkpt>
      <trkpt lat="50.856002" lon="15.35623"><ele>840.57</ele></trkpt>
      <trkpt lat="50.856057" lon="15.356459"><ele>841.93</ele></trkpt>
      <trkpt lat="50.85615" lon="15.356663"><ele>843.35</ele></trkpt>
      <trkpt lat="50.856277" lon="15.356886"><ele>845.01</ele></trkpt>
      <trkpt lat="50.856438999999995" lon="15.357092"><ele>846.86</ele></trkpt>
      <trkpt lat="50.856618" lon="15.357263"><ele>848.78</ele></trkpt>
      <trkpt lat="50.856663999999995" lon="15.357353"><ele>849.44</ele></trkpt>
      <trkpt lat="50.856685" lon="15.357434999999999"><ele>849.9</ele></trkpt>
      <trkpt lat="50.856685" lon="15.357434999999999"><ele>849.9</ele></trkpt>
      <trkpt lat="50.856685" lon="15.357434999999999"><ele>849.9</ele></trkpt>
      <trkpt lat="50.855813999999995" lon="15.357762"><ele>843.31</ele></trkpt>
      <trkpt lat="50.856685" lon="15.357434999999999"><ele>849.9</ele></trkpt>
      <trkpt lat="50.855104999999995" lon="15.358028"><ele>836.73</ele></trkpt>
      <trkpt lat="50.854518" lon="15.358231"><ele>836.19</ele></trkpt>
      <trkpt lat="50.854034999999996" lon="15.358521"><ele>838.85</ele></trkpt>
      <trkpt lat="50.853187999999996" lon="15.358305"><ele>834.77</ele></trkpt>
      <trkpt lat="50.853065" lon="15.358302"><ele>834.33</ele></trkpt>
      <trkpt lat="50.851516" lon="15.359067"><ele>833.1</ele></trkpt>
      <trkpt lat="50.851364999999994" lon="15.359119"><ele>832.71</ele></trkpt>
      <trkpt lat="50.850721" lon="15.359290999999999"><ele>830.57</ele></trkpt>
      <trkpt lat="50.850389" lon="15.359394"><ele>829.41</ele></trkpt>
      <trkpt lat="50.850137" lon="15.359546"><ele>828.5</ele></trkpt>
      <trkpt lat="50.850044999999994" lon="15.359518999999999"><ele>828.34</ele></trkpt>
      <trkpt lat="50.850044999999994" lon="15.359518999999999"><ele>828.34</ele></trkpt>
      <trkpt lat="50.850044999999994" lon="15.359518999999999"><ele>828.34</ele></trkpt>
      <trkpt lat="50.849905" lon="15.359608"><ele>829.27</ele></trkpt>
      <trkpt lat="50.849776999999996" lon="15.359829"><ele>830.99</ele></trkpt>
      <trkpt lat="50.849035" lon="15.360593999999999"><ele>840.13</ele></trkpt>
      <trkpt lat="50.848532999999996" lon="15.360983999999998"><ele>843.09</ele></trkpt>
      <trkpt lat="50.848341999999995" lon="15.361184999999999"><ele>843.55</ele></trkpt>
      <trkpt lat="50.848076" lon="15.361552999999999"><ele>843.99</ele></trkpt>
      <trkpt lat="50.848015" lon="15.361697999999999"><ele>844.07</ele></trkpt>
      <trkpt lat="50.847418" lon="15.363408999999999"><ele>844.73</ele></trkpt>
      <trkpt lat="50.846906999999995" lon="15.364455"><ele>844.48</ele></trkpt>
      <trkpt lat="50.846855" lon="15.364595"><ele>844.41</ele></trkpt>
      <trkpt lat="50.846810999999995" lon="15.36478"><ele>844.26</ele></trkpt>
      <trkpt lat="50.846675" lon="15.365565"><ele>843.56</ele></trkpt>
      <trkpt lat="50.846636" lon="15.365718"><ele>843.49</ele></trkpt>
      <trkpt lat="50.846588999999994" lon="15.365844"><ele>843.46</ele></trkpt>
      <trkpt lat="50.846151" lon="15.366776"><ele>843.96</ele></trkpt>
      <trkpt lat="50.846028999999994" lon="15.367016"><ele>844.48</ele></trkpt>
      <trkpt lat="50.845695" lon="15.367319"><ele>845.35</ele></trkpt>
      <trkpt lat="50.845408" lon="15.367545999999999"><ele>845.47</ele></trkpt>
      <trkpt lat="50.845408" lon="15.367545999999999"><ele>845.47</ele></trkpt>
      <trkpt lat="50.845408" lon="15.367545999999999"><ele>845.47</ele></trkpt>
      <trkpt lat="50.845315" lon="15.367591"><ele>845.23</ele></trkpt>
      <trkpt lat="50.845205" lon="15.367616"><ele>845.03</ele></trkpt>
      <trkpt lat="50.845076" lon="15.367612999999999"><ele>844.84</ele></trkpt>
      <trkpt lat="50.840596" lon="15.366971999999999"><ele>834.29</ele></trkpt>
      <trkpt lat="50.840516" lon="15.366964999999999"><ele>834.13</ele></trkpt>
      <trkpt lat="50.840446" lon="15.366978"><ele>833.98</ele></trkpt>
      <trkpt lat="50.840356" lon="15.367011999999999"><ele>833.8</ele></trkpt>
      <trkpt lat="50.839433" lon="15.367477999999998"><ele>831.9</ele></trkpt>
      <trkpt lat="50.834502" lon="15.369997"><ele>822.19</ele></trkpt>
      <trkpt lat="50.834297" lon="15.370104"><ele>821.99</ele></trkpt>
      <trkpt lat="50.834061999999996" lon="15.370275999999999"><ele>822.02</ele></trkpt>
      <trkpt lat="50.833895999999996" lon="15.370348"><ele>821.86</ele></trkpt>
      <trkpt lat="50.833793" lon="15.370369"><ele>821.77</ele></trkpt>
      <trkpt lat="50.831015" lon="15.370401"><ele>817.77</ele></trkpt>
      <trkpt lat="50.830912" lon="15.370419"><ele>817.69</ele></trkpt>
      <trkpt lat="50.830828" lon="15.370469"><ele>817.63</ele></trkpt>
      <trkpt lat="50.827658" lon="15.372829"><ele>815.64</ele></trkpt>
      <trkpt lat="50.827529999999996" lon="15.372948999999998"><ele>815.43</ele></trkpt>
      <trkpt lat="50.825554" lon="15.375174999999999"><ele>810.21</ele></trkpt>
      <trkpt lat="50.823798" lon="15.376799"><ele>807.53</ele></trkpt>
      <trkpt lat="50.823510999999996" lon="15.376987"><ele>807.08</ele></trkpt>
      <trkpt lat="50.822401" lon="15.377562"><ele>805.91</ele></trkpt>
      <trkpt lat="50.8219" lon="15.377865"><ele>805.69</ele></trkpt>
      <trkpt lat="50.820636" lon="15.378867999999999"><ele>807.04</ele></trkpt>
      <trkpt lat="50.82036" lon="15.37905"><ele>807.88</ele></trkpt>
      <trkpt lat="50.818686" lon="15.380224"><ele>815.6</ele></trkpt>
      <trkpt lat="50.818411999999995" lon="15.380386"><ele>816.11</ele></trkpt>
      <trkpt lat="50.818056999999996" lon="15.380538"><ele>817.78</ele></trkpt>
      <trkpt lat="50.817651" lon="15.380643999999998"><ele>819.41</ele></trkpt>
      <trkpt lat="50.817403" lon="15.380726999999998"><ele>820.4</ele></trkpt>
      <trkpt lat="50.816703999999994" lon="15.381091"><ele>822.6</ele></trkpt>
      <trkpt lat="50.816579" lon="15.381167"><ele>822.92</ele></trkpt>
      <trkpt lat="50.816480999999996" lon="15.381245999999999"><ele>823.09</ele></trkpt>
      <trkpt lat="50.815718" lon="15.382019"><ele>823.73</ele></trkpt>
      <trkpt lat="50.815203999999994" lon="15.382653"><ele>824.71</ele></trkpt>
      <trkpt lat="50.815017" lon="15.382847"><ele>824.94</ele></trkpt>
      <trkpt lat="50.815017" lon="15.382847"><ele>824.94</ele></trkpt>
      <trkpt lat="50.814840999999994" lon="15.383085"><ele>825.51</ele></trkpt>
      <trkpt lat="50.814840999999994" lon="15.383085"><ele>825.51</ele></trkpt>
      <trkpt lat="50.814840999999994" lon="15.383085"><ele>825.51</ele></trkpt>
      <trkpt lat="50.814871" lon="15.383279"><ele>825.09</ele></trkpt>
      <trkpt lat="50.814862999999995" lon="15.383847"><ele>824.15</ele></trkpt>
      <trkpt lat="50.81487" lon="15.384079"><ele>823.96</ele></trkpt>
      <trkpt lat="50.814927999999995" lon="15.384309"><ele>823.77</ele></trkpt>
      <trkpt lat="50.815242999999995" lon="15.385316999999999"><ele>827.12</ele></trkpt>
      <trkpt lat="50.815708" lon="15.386695999999999"><ele>832.14</ele></trkpt>
      <trkpt lat="50.814764" lon="15.385755"><ele>827.47</ele></trkpt>
      <trkpt lat="50.814558999999996" lon="15.385619"><ele>827.5</ele></trkpt>
      <trkpt lat="50.814508" lon="15.385822"><ele>828.56</ele></trkpt>
      <trkpt lat="50.813775" lon="15.388357999999998"><ele>836.24</ele></trkpt>
      <trkpt lat="50.813741" lon="15.388573"><ele>837</ele></trkpt>
      <trkpt lat="50.813761" lon="15.388800999999999"><ele>837.85</ele></trkpt>
      <trkpt lat="50.813972" lon="15.390082"><ele>843.89</ele></trkpt>
      <trkpt lat="50.813688" lon="15.390924"><ele>848.53</ele></trkpt>
      <trkpt lat="50.813679" lon="15.39102"><ele>849.03</ele></trkpt>
      <trkpt lat="50.813691" lon="15.391115999999998"><ele>849.61</ele></trkpt>
      <trkpt lat="50.813745" lon="15.391231"><ele>850.8</ele></trkpt>
      <trkpt lat="50.8139" lon="15.391361999999999"><ele>852.65</ele></trkpt>
      <trkpt lat="50.814561999999995" lon="15.391686"><ele>859.16</ele></trkpt>
      <trkpt lat="50.814966999999996" lon="15.391929"><ele>863.32</ele></trkpt>
      <trkpt lat="50.815121999999995" lon="15.392066"><ele>864.97</ele></trkpt>
      <trkpt lat="50.815374999999996" lon="15.392444"><ele>868.12</ele></trkpt>
      <trkpt lat="50.815619999999996" lon="15.392869"><ele>871.44</ele></trkpt>
      <trkpt lat="50.815726" lon="15.393129"><ele>873.3</ele></trkpt>
      <trkpt lat="50.816302" lon="15.39496"><ele>886.49</ele></trkpt>
      <trkpt lat="50.816511999999996" lon="15.395754"><ele>891.96</ele></trkpt>
      <trkpt lat="50.816551" lon="15.395928"><ele>893.08</ele></trkpt>
      <trkpt lat="50.816592" lon="15.396258"><ele>895.07</ele></trkpt>
      <trkpt lat="50.816615" lon="15.396887"><ele>899.15</ele></trkpt>
      <trkpt lat="50.816599" lon="15.397105999999999"><ele>900.65</ele></trkpt>
      <trkpt lat="50.816496" lon="15.397794999999999"><ele>905.67</ele></trkpt>
      <trkpt lat="50.816454" lon="15.397950999999999"><ele>906.89</ele></trkpt>
      <trkpt lat="50.816403" lon="15.398043999999999"><ele>907.8</ele></trkpt>
      <trkpt lat="50.816342" lon="15.398093"><ele>908.63</ele></trkpt>
      <trkpt lat="50.816221" lon="15.398105999999999"><ele>910.13</ele></trkpt>
      <trkpt lat="50.81586" lon="15.397891"><ele>914.84</ele></trkpt>
      <trkpt lat="50.81577" lon="15.397891"><ele>915.88</ele></trkpt>
      <trkpt lat="50.815678" lon="15.397959"><ele>916.99</ele></trkpt>
      <trkpt lat="50.815630999999996" lon="15.398071"><ele>917.88</ele></trkpt>
      <trkpt lat="50.815611" lon="15.398237"><ele>918.95</ele></trkpt>
      <trkpt lat="50.815619999999996" lon="15.398456"><ele>920.32</ele></trkpt>
      <trkpt lat="50.815675" lon="15.399472"><ele>925.98</ele></trkpt>
      <trkpt lat="50.815701999999995" lon="15.399706"><ele>927.31</ele></trkpt>
      <trkpt lat="50.816176" lon="15.402472"><ele>933.3</ele></trkpt>
      <trkpt lat="50.816353" lon="15.403414"><ele>933.1</ele></trkpt>
      <trkpt lat="50.8184" lon="15.414874999999999"><ele>970.34</ele></trkpt>
      <trkpt lat="50.818773" lon="15.416877"><ele>983.76</ele></trkpt>
      <trkpt lat="50.81899" lon="15.418177"><ele>987.64</ele></trkpt>
      <trkpt lat="50.819303999999995" lon="15.419908999999999"><ele>983.15</ele></trkpt>
      <trkpt lat="50.819406" lon="15.420553"><ele>978.74</ele></trkpt>
      <trkpt lat="50.819416" lon="15.420665"><ele>977.87</ele></trkpt>
      <trkpt lat="50.819404" lon="15.420829999999999"><ele>976.63</ele></trkpt>
      <trkpt lat="50.819327" lon="15.420995"><ele>975.08</ele></trkpt>
      <trkpt lat="50.819201" lon="15.421123"><ele>973.23</ele></trkpt>
      <trkpt lat="50.818909" lon="15.421361"><ele>969.05</ele></trkpt>
      <trkpt lat="50.818839" lon="15.421443"><ele>967.94</ele></trkpt>
      <trkpt lat="50.818799" lon="15.421546"><ele>966.99</ele></trkpt>
      <trkpt lat="50.818782" lon="15.421726"><ele>965.58</ele></trkpt>
      <trkpt lat="50.818804" lon="15.421857999999999"><ele>964.54</ele></trkpt>
      <trkpt lat="50.818954999999995" lon="15.422127999999999"><ele>961.87</ele></trkpt>
      <trkpt lat="50.819278" lon="15.422657999999998"><ele>956.93</ele></trkpt>
      <trkpt lat="50.819756999999996" lon="15.423331999999998"><ele>950.56</ele></trkpt>
      <trkpt lat="50.819891999999996" lon="15.423566999999998"><ele>948.64</ele></trkpt>
      <trkpt lat="50.820186" lon="15.424"><ele>944.6</ele></trkpt>
      <trkpt lat="50.820257999999995" lon="15.424176999999998"><ele>943.18</ele></trkpt>
      <trkpt lat="50.820267" lon="15.424258"><ele>942.63</ele></trkpt>
      <trkpt lat="50.820267" lon="15.424258"><ele>942.63</ele></trkpt>
      <trkpt lat="50.820267" lon="15.424258"><ele>942.63</ele></trkpt>
      <trkpt lat="50.820256" lon="15.42438"><ele>941.84</ele></trkpt>
      <trkpt lat="50.820214" lon="15.424534999999999"><ele>940.78</ele></trkpt>
      <trkpt lat="50.820139999999995" lon="15.424679999999999"><ele>939.59</ele></trkpt>
      <trkpt lat="50.820054999999996" lon="15.424779"><ele>938.5</ele></trkpt>
      <trkpt lat="50.819956999999995" lon="15.424840999999999"><ele>937.37</ele></trkpt>
      <trkpt lat="50.819815999999996" lon="15.424852999999999"><ele>935.81</ele></trkpt>
      <trkpt lat="50.819545" lon="15.424759"><ele>932.71</ele></trkpt>
      <trkpt lat="50.819421999999996" lon="15.424757999999999"><ele>931.43</ele></trkpt>
      <trkpt lat="50.819297999999996" lon="15.424849"><ele>929.77</ele></trkpt>
      <trkpt lat="50.81923" lon="15.424961999999999"><ele>928.72</ele></trkpt>
      <trkpt lat="50.819114" lon="15.425208"><ele>926.57</ele></trkpt>
      <trkpt lat="50.818611999999995" lon="15.426580999999999"><ele>917.9</ele></trkpt>
      <trkpt lat="50.81849" lon="15.426853999999999"><ele>916.08</ele></trkpt>
      <trkpt lat="50.818346999999996" lon="15.427271999999999"><ele>913.31</ele></trkpt>
      <trkpt lat="50.818135" lon="15.427771"><ele>910.02</ele></trkpt>
      <trkpt lat="50.818073" lon="15.427969"><ele>908.92</ele></trkpt>
      <trkpt lat="50.817918999999996" lon="15.428522999999998"><ele>905.86</ele></trkpt>
      <trkpt lat="50.817533999999995" lon="15.430095999999999"><ele>896.56</ele></trkpt>
      <trkpt lat="50.817479" lon="15.430596999999999"><ele>893.7</ele></trkpt>
      <trkpt lat="50.81746" lon="15.430975"><ele>892.2</ele></trkpt>
      <trkpt lat="50.817448" lon="15.431106999999999"><ele>891.79</ele></trkpt>
      <trkpt lat="50.817448" lon="15.431106999999999"><ele>891.79</ele></trkpt>
      <trkpt lat="50.817429999999995" lon="15.431358"><ele>890.83</ele></trkpt>
      <trkpt lat="50.817361" lon="15.431327"><ele>890.61</ele></trkpt>
      <trkpt lat="50.816981" lon="15.431125999999999"><ele>888.95</ele></trkpt>
      <trkpt lat="50.816666" lon="15.430836999999999"><ele>887</ele></trkpt>
      <trkpt lat="50.816593999999995" lon="15.430828"><ele>886.74</ele></trkpt>
      <trkpt lat="50.816404" lon="15.430838999999999"><ele>886.03</ele></trkpt>
      <trkpt lat="50.815974" lon="15.430404"><ele>884.28</ele></trkpt>
      <trkpt lat="50.815858999999996" lon="15.430252"><ele>884.02</ele></trkpt>
      <trkpt lat="50.815625999999995" lon="15.429905"><ele>883.25</ele></trkpt>
      <trkpt lat="50.815408" lon="15.429609"><ele>880.98</ele></trkpt>
    </trkseg>
  </trk>
</gpx>