<?xml version="1.0" encoding="UTF-8"?>
<gpx xmlns:gpxdata="http://www.cluetrust.com/XML/GPXDATA/1/0" xmlns:xsi="http://www.w3.org/2001/XMLSchema-instance" xmlns="http://www.topografix.com/GPX/1/1" version="1.1" creator="http://ridewithgps.com/" xsi:schemaLocation="http://www.topografix.com/GPX/1/1 http://www.topografix.com/GPX/1/1/gpx.xsd http://www.cluetrust.com/XML/GPXDATA/1/0 http://www.cluetrust.com/Schemas/gpxdata10.xsd">
  <metadata>
    <name>PROZIAK300 2025 - FINAL</name>
    <link href="https://ridewithgps.com/routes/51275853">
      <text>PROZIAK300 2025 - FINAL</text>
    </link>
    <time>2025-06-16T13:16:47Z</time>
  </metadata>
  <trk>
    <name>PROZIAK300 2025 - FINAL</name>
    <trkseg>
      <trkpt lat="49.2613" lon="22.68305">
        <ele>693.5</ele>
      </trkpt>
      <trkpt lat="49.26107" lon="22.68303">
        <ele>692.1</ele>
      </trkpt>
      <trkpt lat="49.26082" lon="22.68304">
        <ele>690.7</ele>
      </trkpt>
      <trkpt lat="49.26047" lon="22.68311">
        <ele>688.1</ele>
      </trkpt>
      <trkpt lat="49.26024" lon="22.68319">
        <ele>686.0</ele>
      </trkpt>
      <trkpt lat="49.25999" lon="22.68337">
        <ele>684.0</ele>
      </trkpt>
      <trkpt lat="49.25953" lon="22.68395">
        <ele>679.2</ele>
      </trkpt>
      <trkpt lat="49.25942" lon="22.68403">
        <ele>679.2</ele>
      </trkpt>
      <trkpt lat="49.25882" lon="22.68433">
        <ele>671.5</ele>
      </trkpt>
      <trkpt lat="49.25853" lon="22.68458">
        <ele>668.2</ele>
      </trkpt>
      <trkpt lat="49.2583" lon="22.68484">
        <ele>666.3</ele>
      </trkpt>
      <trkpt lat="49.257895" lon="22.685365">
        <ele>664.4</ele>
      </trkpt>
      <trkpt lat="49.25749" lon="22.68589">
        <ele>660.7</ele>
      </trkpt>
      <trkpt lat="49.256945" lon="22.686645">
        <ele>655.1</ele>
      </trkpt>
      <trkpt lat="49.2564" lon="22.6874">
        <ele>651.4</ele>
      </trkpt>
      <trkpt lat="49.25588" lon="22.688143">
        <ele>650.9</ele>
      </trkpt>
      <trkpt lat="49.25536" lon="22.688885">
        <ele>651.7</ele>
      </trkpt>
      <trkpt lat="49.25484" lon="22.689628">
        <ele>651.0</ele>
      </trkpt>
      <trkpt lat="49.25432" lon="22.69037">
        <ele>648.7</ele>
      </trkpt>
      <trkpt lat="49.25385" lon="22.691097">
        <ele>645.2</ele>
      </trkpt>
      <trkpt lat="49.25338" lon="22.691823">
        <ele>641.6</ele>
      </trkpt>
      <trkpt lat="49.25291" lon="22.69255">
        <ele>637.7</ele>
      </trkpt>
      <trkpt lat="49.25234" lon="22.693473">
        <ele>631.8</ele>
      </trkpt>
      <trkpt lat="49.25177" lon="22.694397">
        <ele>627.5</ele>
      </trkpt>
      <trkpt lat="49.2512" lon="22.69532">
        <ele>621.8</ele>
      </trkpt>
      <trkpt lat="49.25088" lon="22.6958">
        <ele>617.8</ele>
      </trkpt>
      <trkpt lat="49.25064" lon="22.69599">
        <ele>615.0</ele>
      </trkpt>
      <trkpt lat="49.25054" lon="22.69604">
        <ele>613.2</ele>
      </trkpt>
      <trkpt lat="49.25039" lon="22.69606">
        <ele>612.5</ele>
      </trkpt>
      <trkpt lat="49.25022" lon="22.69604">
        <ele>611.4</ele>
      </trkpt>
      <trkpt lat="49.25001" lon="22.69594">
        <ele>608.9</ele>
      </trkpt>
      <trkpt lat="49.24942" lon="22.695545">
        <ele>605.7</ele>
      </trkpt>
      <trkpt lat="49.24883" lon="22.69515">
        <ele>606.3</ele>
      </trkpt>
      <trkpt lat="49.24841" lon="22.69486">
        <ele>608.4</ele>
      </trkpt>
      <trkpt lat="49.24826" lon="22.69473">
        <ele>608.5</ele>
      </trkpt>
      <trkpt lat="49.24758" lon="22.69393">
        <ele>606.0</ele>
      </trkpt>
      <trkpt lat="49.24739" lon="22.69377">
        <ele>604.7</ele>
      </trkpt>
      <trkpt lat="49.24714" lon="22.69366">
        <ele>602.9</ele>
      </trkpt>
      <trkpt lat="49.246365" lon="22.69352">
        <ele>602.8</ele>
      </trkpt>
      <trkpt lat="49.24559" lon="22.69338">
        <ele>602.6</ele>
      </trkpt>
      <trkpt lat="49.24493" lon="22.69329">
        <ele>602.4</ele>
      </trkpt>
      <trkpt lat="49.24465" lon="22.69333">
        <ele>602.8</ele>
      </trkpt>
      <trkpt lat="49.24433" lon="22.69351">
        <ele>603.0</ele>
      </trkpt>
      <trkpt lat="49.2441" lon="22.69373">
        <ele>603.3</ele>
      </trkpt>
      <trkpt lat="49.24355" lon="22.69446">
        <ele>602.1</ele>
      </trkpt>
      <trkpt lat="49.243" lon="22.69519">
        <ele>597.1</ele>
      </trkpt>
      <trkpt lat="49.2429" lon="22.69539">
        <ele>596.2</ele>
      </trkpt>
      <trkpt lat="49.2428" lon="22.69571">
        <ele>595.0</ele>
      </trkpt>
      <trkpt lat="49.24268" lon="22.69668">
        <ele>593.0</ele>
      </trkpt>
      <trkpt lat="49.24256" lon="22.69765">
        <ele>592.7</ele>
      </trkpt>
      <trkpt lat="49.24248" lon="22.69791">
        <ele>592.7</ele>
      </trkpt>
      <trkpt lat="49.24238" lon="22.69808">
        <ele>592.7</ele>
      </trkpt>
      <trkpt lat="49.241845" lon="22.69871">
        <ele>592.8</ele>
      </trkpt>
      <trkpt lat="49.24131" lon="22.69934">
        <ele>593.0</ele>
      </trkpt>
      <trkpt lat="49.24085" lon="22.69984">
        <ele>591.6</ele>
      </trkpt>
      <trkpt lat="49.24074" lon="22.69994">
        <ele>591.6</ele>
      </trkpt>
      <trkpt lat="49.24057" lon="22.70005">
        <ele>591.2</ele>
      </trkpt>
      <trkpt lat="49.24047" lon="22.70009">
        <ele>591.2</ele>
      </trkpt>
      <trkpt lat="49.24027" lon="22.70013">
        <ele>590.9</ele>
      </trkpt>
      <trkpt lat="49.24018" lon="22.70013">
        <ele>590.6</ele>
      </trkpt>
      <trkpt lat="49.23996" lon="22.70006">
        <ele>590.6</ele>
      </trkpt>
      <trkpt lat="49.23984" lon="22.69999">
        <ele>589.3</ele>
      </trkpt>
      <trkpt lat="49.23975" lon="22.69991">
        <ele>589.3</ele>
      </trkpt>
      <trkpt lat="49.23959" lon="22.69972">
        <ele>589.1</ele>
      </trkpt>
      <trkpt lat="49.2392" lon="22.69913">
        <ele>588.2</ele>
      </trkpt>
      <trkpt lat="49.23881" lon="22.69854">
        <ele>586.6</ele>
      </trkpt>
      <trkpt lat="49.23865" lon="22.69837">
        <ele>585.1</ele>
      </trkpt>
      <trkpt lat="49.23857" lon="22.69831">
        <ele>585.1</ele>
      </trkpt>
      <trkpt lat="49.23837" lon="22.69825">
        <ele>584.4</ele>
      </trkpt>
      <trkpt lat="49.23824" lon="22.69828">
        <ele>584.4</ele>
      </trkpt>
      <trkpt lat="49.23797" lon="22.69841">
        <ele>584.5</ele>
      </trkpt>
      <trkpt lat="49.237295" lon="22.6988">
        <ele>588.0</ele>
      </trkpt>
      <trkpt lat="49.23662" lon="22.69919">
        <ele>588.1</ele>
      </trkpt>
      <trkpt lat="49.235973" lon="22.6996">
        <ele>586.6</ele>
      </trkpt>
      <trkpt lat="49.235327" lon="22.70001">
        <ele>584.3</ele>
      </trkpt>
      <trkpt lat="49.23468" lon="22.70042">
        <ele>581.9</ele>
      </trkpt>
      <trkpt lat="49.23397" lon="22.70082">
        <ele>578.1</ele>
      </trkpt>
      <trkpt lat="49.23313" lon="22.70126">
        <ele>573.9</ele>
      </trkpt>
      <trkpt lat="49.23229" lon="22.7017">
        <ele>574.1</ele>
      </trkpt>
      <trkpt lat="49.232" lon="22.70177">
        <ele>574.1</ele>
      </trkpt>
      <trkpt lat="49.231293" lon="22.701853">
        <ele>574.3</ele>
      </trkpt>
      <trkpt lat="49.230587" lon="22.701937">
        <ele>573.0</ele>
      </trkpt>
      <trkpt lat="49.22988" lon="22.70202">
        <ele>572.2</ele>
      </trkpt>
      <trkpt lat="49.22968" lon="22.70202">
        <ele>572.2</ele>
      </trkpt>
      <trkpt lat="49.2295" lon="22.70193">
        <ele>572.1</ele>
      </trkpt>
      <trkpt lat="49.22939" lon="22.70181">
        <ele>572.1</ele>
      </trkpt>
      <trkpt lat="49.22929" lon="22.70166">
        <ele>572.2</ele>
      </trkpt>
      <trkpt lat="49.228763" lon="22.700637">
        <ele>574.1</ele>
      </trkpt>
      <trkpt lat="49.228237" lon="22.699613">
        <ele>577.2</ele>
      </trkpt>
      <trkpt lat="49.22771" lon="22.69859">
        <ele>580.5</ele>
      </trkpt>
      <trkpt lat="49.22748" lon="22.69823">
        <ele>580.9</ele>
      </trkpt>
      <trkpt lat="49.22727" lon="22.69795">
        <ele>579.8</ele>
      </trkpt>
      <trkpt lat="49.22662" lon="22.69734">
        <ele>574.4</ele>
      </trkpt>
      <trkpt lat="49.22597" lon="22.69673">
        <ele>570.0</ele>
      </trkpt>
      <trkpt lat="49.22532" lon="22.69612">
        <ele>569.2</ele>
      </trkpt>
      <trkpt lat="49.22467" lon="22.69551">
        <ele>570.0</ele>
      </trkpt>
      <trkpt lat="49.22421" lon="22.695135">
        <ele>570.1</ele>
      </trkpt>
      <trkpt lat="49.22375" lon="22.69476">
        <ele>569.8</ele>
      </trkpt>
      <trkpt lat="49.22354" lon="22.69462">
        <ele>569.2</ele>
      </trkpt>
      <trkpt lat="49.22298" lon="22.69433">
        <ele>568.0</ele>
      </trkpt>
      <trkpt lat="49.22246" lon="22.6941">
        <ele>567.7</ele>
      </trkpt>
      <trkpt lat="49.22194" lon="22.69387">
        <ele>568.1</ele>
      </trkpt>
      <trkpt lat="49.22176" lon="22.69382">
        <ele>568.4</ele>
      </trkpt>
      <trkpt lat="49.22106" lon="22.69373">
        <ele>568.9</ele>
      </trkpt>
      <trkpt lat="49.22073" lon="22.69375">
        <ele>568.9</ele>
      </trkpt>
      <trkpt lat="49.22038" lon="22.69382">
        <ele>568.2</ele>
      </trkpt>
      <trkpt lat="49.22027" lon="22.69381">
        <ele>567.8</ele>
      </trkpt>
      <trkpt lat="49.22007" lon="22.69376">
        <ele>567.3</ele>
      </trkpt>
      <trkpt lat="49.21967" lon="22.69354">
        <ele>564.2</ele>
      </trkpt>
      <trkpt lat="49.21936" lon="22.69341">
        <ele>560.8</ele>
      </trkpt>
      <trkpt lat="49.21877" lon="22.693245">
        <ele>557.9</ele>
      </trkpt>
      <trkpt lat="49.21818" lon="22.69308">
        <ele>556.2</ele>
      </trkpt>
      <trkpt lat="49.2179" lon="22.69295">
        <ele>555.9</ele>
      </trkpt>
      <trkpt lat="49.21754" lon="22.69271">
        <ele>555.7</ele>
      </trkpt>
      <trkpt lat="49.216955" lon="22.692245">
        <ele>554.7</ele>
      </trkpt>
      <trkpt lat="49.21637" lon="22.69178">
        <ele>553.9</ele>
      </trkpt>
      <trkpt lat="49.21572" lon="22.691193">
        <ele>553.3</ele>
      </trkpt>
      <trkpt lat="49.21507" lon="22.690607">
        <ele>552.8</ele>
      </trkpt>
      <trkpt lat="49.21442" lon="22.69002">
        <ele>552.2</ele>
      </trkpt>
      <trkpt lat="49.21416" lon="22.68975">
        <ele>551.7</ele>
      </trkpt>
      <trkpt lat="49.213647" lon="22.68911">
        <ele>550.7</ele>
      </trkpt>
      <trkpt lat="49.213133" lon="22.68847">
        <ele>550.2</ele>
      </trkpt>
      <trkpt lat="49.21262" lon="22.68783">
        <ele>550.4</ele>
      </trkpt>
      <trkpt lat="49.2124" lon="22.68744">
        <ele>550.6</ele>
      </trkpt>
      <trkpt lat="49.2122" lon="22.68691">
        <ele>550.5</ele>
      </trkpt>
      <trkpt lat="49.21208" lon="22.68639">
        <ele>550.3</ele>
      </trkpt>
      <trkpt lat="49.211897" lon="22.685053">
        <ele>549.8</ele>
      </trkpt>
      <trkpt lat="49.211713" lon="22.683717">
        <ele>549.0</ele>
      </trkpt>
      <trkpt lat="49.21153" lon="22.68238">
        <ele>548.6</ele>
      </trkpt>
      <trkpt lat="49.21139" lon="22.68178">
        <ele>548.3</ele>
      </trkpt>
      <trkpt lat="49.21109" lon="22.680975">
        <ele>546.7</ele>
      </trkpt>
      <trkpt lat="49.21079" lon="22.68017">
        <ele>543.6</ele>
      </trkpt>
      <trkpt lat="49.21057" lon="22.6799">
        <ele>542.9</ele>
      </trkpt>
      <trkpt lat="49.21033" lon="22.67971">
        <ele>542.8</ele>
      </trkpt>
      <trkpt lat="49.209618" lon="22.679213">
        <ele>546.5</ele>
      </trkpt>
      <trkpt lat="49.208907" lon="22.678717">
        <ele>553.7</ele>
      </trkpt>
      <trkpt lat="49.208195" lon="22.67822">
        <ele>557.2</ele>
      </trkpt>
      <trkpt lat="49.207483" lon="22.677723">
        <ele>558.5</ele>
      </trkpt>
      <trkpt lat="49.206772" lon="22.677227">
        <ele>560.4</ele>
      </trkpt>
      <trkpt lat="49.20606" lon="22.67673">
        <ele>563.1</ele>
      </trkpt>
      <trkpt lat="49.20591" lon="22.67661">
        <ele>563.6</ele>
      </trkpt>
      <trkpt lat="49.20548" lon="22.67636">
        <ele>565.6</ele>
      </trkpt>
      <trkpt lat="49.20524" lon="22.67625">
        <ele>565.6</ele>
      </trkpt>
      <trkpt lat="49.20476" lon="22.6761">
        <ele>567.0</ele>
      </trkpt>
      <trkpt lat="49.203967" lon="22.675912">
        <ele>565.1</ele>
      </trkpt>
      <trkpt lat="49.203173" lon="22.675723">
        <ele>559.3</ele>
      </trkpt>
      <trkpt lat="49.20238" lon="22.675535">
        <ele>552.7</ele>
      </trkpt>
      <trkpt lat="49.201587" lon="22.675347">
        <ele>545.3</ele>
      </trkpt>
      <trkpt lat="49.200793" lon="22.675158">
        <ele>544.1</ele>
      </trkpt>
      <trkpt lat="49.2" lon="22.67497">
        <ele>544.2</ele>
      </trkpt>
      <trkpt lat="49.19975" lon="22.67492">
        <ele>544.2</ele>
      </trkpt>
      <trkpt lat="49.19949" lon="22.67491">
        <ele>544.4</ele>
      </trkpt>
      <trkpt lat="49.19933" lon="22.67493">
        <ele>544.4</ele>
      </trkpt>
      <trkpt lat="49.19934" lon="22.67492">
        <ele>544.4</ele>
      </trkpt>
      <trkpt lat="49.19904" lon="22.67505">
        <ele>544.8</ele>
      </trkpt>
      <trkpt lat="49.1989" lon="22.67513">
        <ele>544.8</ele>
      </trkpt>
      <trkpt lat="49.19875" lon="22.67525">
        <ele>544.8</ele>
      </trkpt>
      <trkpt lat="49.19862" lon="22.67538">
        <ele>544.8</ele>
      </trkpt>
      <trkpt lat="49.19843" lon="22.67562">
        <ele>544.6</ele>
      </trkpt>
      <trkpt lat="49.19827" lon="22.6759">
        <ele>544.5</ele>
      </trkpt>
      <trkpt lat="49.197804" lon="22.676908">
        <ele>543.8</ele>
      </trkpt>
      <trkpt lat="49.197338" lon="22.677916">
        <ele>543.6</ele>
      </trkpt>
      <trkpt lat="49.196872" lon="22.678924">
        <ele>543.8</ele>
      </trkpt>
      <trkpt lat="49.196406" lon="22.679932">
        <ele>543.8</ele>
      </trkpt>
      <trkpt lat="49.19594" lon="22.68094">
        <ele>544.1</ele>
      </trkpt>
      <trkpt lat="49.19614" lon="22.68125">
        <ele>543.8</ele>
      </trkpt>
      <trkpt lat="49.196455" lon="22.681875">
        <ele>544.0</ele>
      </trkpt>
      <trkpt lat="49.19677" lon="22.6825">
        <ele>544.2</ele>
      </trkpt>
      <trkpt lat="49.19692" lon="22.68276">
        <ele>544.3</ele>
      </trkpt>
      <trkpt lat="49.19713" lon="22.68296">
        <ele>545.3</ele>
      </trkpt>
      <trkpt lat="49.197775" lon="22.683495">
        <ele>548.7</ele>
      </trkpt>
      <trkpt lat="49.19842" lon="22.68403">
        <ele>551.0</ele>
      </trkpt>
      <trkpt lat="49.19896" lon="22.68453">
        <ele>554.8</ele>
      </trkpt>
      <trkpt lat="49.199525" lon="22.6851">
        <ele>556.4</ele>
      </trkpt>
      <trkpt lat="49.20009" lon="22.68567">
        <ele>557.7</ele>
      </trkpt>
      <trkpt lat="49.20033" lon="22.68588">
        <ele>558.5</ele>
      </trkpt>
      <trkpt lat="49.20056" lon="22.68613">
        <ele>558.8</ele>
      </trkpt>
      <trkpt lat="49.20082" lon="22.68649">
        <ele>559.6</ele>
      </trkpt>
      <trkpt lat="49.20106" lon="22.68688">
        <ele>560.6</ele>
      </trkpt>
      <trkpt lat="49.20128" lon="22.68739">
        <ele>561.6</ele>
      </trkpt>
      <trkpt lat="49.2015" lon="22.68819">
        <ele>564.3</ele>
      </trkpt>
      <trkpt lat="49.201745" lon="22.68918">
        <ele>566.7</ele>
      </trkpt>
      <trkpt lat="49.20199" lon="22.69017">
        <ele>569.4</ele>
      </trkpt>
      <trkpt lat="49.202235" lon="22.69116">
        <ele>571.8</ele>
      </trkpt>
      <trkpt lat="49.20248" lon="22.69215">
        <ele>572.6</ele>
      </trkpt>
      <trkpt lat="49.20259" lon="22.69274">
        <ele>572.8</ele>
      </trkpt>
      <trkpt lat="49.20267" lon="22.69337">
        <ele>573.5</ele>
      </trkpt>
      <trkpt lat="49.20268" lon="22.69391">
        <ele>574.4</ele>
      </trkpt>
      <trkpt lat="49.2026" lon="22.69492">
        <ele>574.5</ele>
      </trkpt>
      <trkpt lat="49.20247" lon="22.69572">
        <ele>573.3</ele>
      </trkpt>
      <trkpt lat="49.20234" lon="22.69652">
        <ele>572.1</ele>
      </trkpt>
      <trkpt lat="49.20232" lon="22.69713">
        <ele>570.7</ele>
      </trkpt>
      <trkpt lat="49.20247" lon="22.69812">
        <ele>567.0</ele>
      </trkpt>
      <trkpt lat="49.20257" lon="22.69887">
        <ele>562.9</ele>
      </trkpt>
      <trkpt lat="49.20259" lon="22.69952">
        <ele>562.4</ele>
      </trkpt>
      <trkpt lat="49.20256" lon="22.70069">
        <ele>562.7</ele>
      </trkpt>
      <trkpt lat="49.20258" lon="22.70117">
        <ele>561.8</ele>
      </trkpt>
      <trkpt lat="49.20265" lon="22.70193">
        <ele>561.2</ele>
      </trkpt>
      <trkpt lat="49.20272" lon="22.70269">
        <ele>560.3</ele>
      </trkpt>
      <trkpt lat="49.20286" lon="22.70402">
        <ele>560.7</ele>
      </trkpt>
      <trkpt lat="49.203" lon="22.70535">
        <ele>560.3</ele>
      </trkpt>
      <trkpt lat="49.20312" lon="22.70671">
        <ele>561.7</ele>
      </trkpt>
      <trkpt lat="49.20313" lon="22.70704">
        <ele>562.2</ele>
      </trkpt>
      <trkpt lat="49.20306" lon="22.70749">
        <ele>562.3</ele>
      </trkpt>
      <trkpt lat="49.20281" lon="22.70825">
        <ele>559.8</ele>
      </trkpt>
      <trkpt lat="49.20273" lon="22.70836">
        <ele>559.5</ele>
      </trkpt>
      <trkpt lat="49.20258" lon="22.70852">
        <ele>558.8</ele>
      </trkpt>
      <trkpt lat="49.20242" lon="22.70859">
        <ele>558.4</ele>
      </trkpt>
      <trkpt lat="49.20188" lon="22.708735">
        <ele>560.9</ele>
      </trkpt>
      <trkpt lat="49.20134" lon="22.70888">
        <ele>567.3</ele>
      </trkpt>
      <trkpt lat="49.20079" lon="22.70907">
        <ele>570.5</ele>
      </trkpt>
      <trkpt lat="49.20053" lon="22.70922">
        <ele>571.4</ele>
      </trkpt>
      <trkpt lat="49.2004" lon="22.7094">
        <ele>571.1</ele>
      </trkpt>
      <trkpt lat="49.20032" lon="22.70956">
        <ele>570.6</ele>
      </trkpt>
      <trkpt lat="49.20023" lon="22.70993">
        <ele>570.5</ele>
      </trkpt>
      <trkpt lat="49.20004" lon="22.71097">
        <ele>581.3</ele>
      </trkpt>
      <trkpt lat="49.199925" lon="22.711705">
        <ele>584.7</ele>
      </trkpt>
      <trkpt lat="49.19981" lon="22.71244">
        <ele>590.2</ele>
      </trkpt>
      <trkpt lat="49.19975" lon="22.71271">
        <ele>592.7</ele>
      </trkpt>
      <trkpt lat="49.19963" lon="22.71296">
        <ele>595.9</ele>
      </trkpt>
      <trkpt lat="49.19921" lon="22.71343">
        <ele>600.6</ele>
      </trkpt>
      <trkpt lat="49.19879" lon="22.7139">
        <ele>601.0</ele>
      </trkpt>
      <trkpt lat="49.19848" lon="22.71434">
        <ele>597.9</ele>
      </trkpt>
      <trkpt lat="49.198125" lon="22.714995">
        <ele>599.5</ele>
      </trkpt>
      <trkpt lat="49.19777" lon="22.71565">
        <ele>605.4</ele>
      </trkpt>
      <trkpt lat="49.19754" lon="22.71596">
        <ele>606.6</ele>
      </trkpt>
      <trkpt lat="49.19734" lon="22.71617">
        <ele>607.2</ele>
      </trkpt>
      <trkpt lat="49.19715" lon="22.7163">
        <ele>607.4</ele>
      </trkpt>
      <trkpt lat="49.19675" lon="22.71639">
        <ele>605.1</ele>
      </trkpt>
      <trkpt lat="49.19607" lon="22.716587">
        <ele>598.7</ele>
      </trkpt>
      <trkpt lat="49.19539" lon="22.716783">
        <ele>593.6</ele>
      </trkpt>
      <trkpt lat="49.19471" lon="22.71698">
        <ele>591.3</ele>
      </trkpt>
      <trkpt lat="49.1944" lon="22.71704">
        <ele>592.2</ele>
      </trkpt>
      <trkpt lat="49.19411" lon="22.71706">
        <ele>593.7</ele>
      </trkpt>
      <trkpt lat="49.19339" lon="22.71699">
        <ele>596.3</ele>
      </trkpt>
      <trkpt lat="49.1928" lon="22.71699">
        <ele>595.2</ele>
      </trkpt>
      <trkpt lat="49.19264" lon="22.71691">
        <ele>593.5</ele>
      </trkpt>
      <trkpt lat="49.19237" lon="22.71673">
        <ele>591.7</ele>
      </trkpt>
      <trkpt lat="49.19187" lon="22.71646">
        <ele>589.9</ele>
      </trkpt>
      <trkpt lat="49.1916" lon="22.71629">
        <ele>590.3</ele>
      </trkpt>
      <trkpt lat="49.19131" lon="22.71604">
        <ele>590.3</ele>
      </trkpt>
      <trkpt lat="49.19091" lon="22.7156">
        <ele>589.6</ele>
      </trkpt>
      <trkpt lat="49.19039" lon="22.71486">
        <ele>590.3</ele>
      </trkpt>
      <trkpt lat="49.19021" lon="22.71472">
        <ele>591.1</ele>
      </trkpt>
      <trkpt lat="49.18997" lon="22.71458">
        <ele>592.5</ele>
      </trkpt>
      <trkpt lat="49.1893" lon="22.7143">
        <ele>598.7</ele>
      </trkpt>
      <trkpt lat="49.188715" lon="22.713965">
        <ele>602.8</ele>
      </trkpt>
      <trkpt lat="49.18813" lon="22.71363">
        <ele>607.3</ele>
      </trkpt>
      <trkpt lat="49.18769" lon="22.71344">
        <ele>609.5</ele>
      </trkpt>
      <trkpt lat="49.18719" lon="22.7133">
        <ele>613.1</ele>
      </trkpt>
      <trkpt lat="49.18678" lon="22.71309">
        <ele>615.6</ele>
      </trkpt>
      <trkpt lat="49.1864" lon="22.71285">
        <ele>618.3</ele>
      </trkpt>
      <trkpt lat="49.18595" lon="22.71241">
        <ele>621.0</ele>
      </trkpt>
      <trkpt lat="49.18538" lon="22.71179">
        <ele>623.5</ele>
      </trkpt>
      <trkpt lat="49.18474" lon="22.711273">
        <ele>624.3</ele>
      </trkpt>
      <trkpt lat="49.1841" lon="22.710757">
        <ele>623.1</ele>
      </trkpt>
      <trkpt lat="49.18346" lon="22.71024">
        <ele>624.5</ele>
      </trkpt>
      <trkpt lat="49.18284" lon="22.7095">
        <ele>629.7</ele>
      </trkpt>
      <trkpt lat="49.182595" lon="22.708755">
        <ele>633.8</ele>
      </trkpt>
      <trkpt lat="49.18235" lon="22.70801">
        <ele>637.6</ele>
      </trkpt>
      <trkpt lat="49.18233" lon="22.70723">
        <ele>639.5</ele>
      </trkpt>
      <trkpt lat="49.18228" lon="22.70661">
        <ele>641.7</ele>
      </trkpt>
      <trkpt lat="49.18199" lon="22.70605">
        <ele>644.3</ele>
      </trkpt>
      <trkpt lat="49.18176" lon="22.70526">
        <ele>645.8</ele>
      </trkpt>
      <trkpt lat="49.181765" lon="22.704405">
        <ele>647.3</ele>
      </trkpt>
      <trkpt lat="49.18177" lon="22.70355">
        <ele>650.1</ele>
      </trkpt>
      <trkpt lat="49.18187" lon="22.70239">
        <ele>653.0</ele>
      </trkpt>
      <trkpt lat="49.18186" lon="22.70205">
        <ele>654.9</ele>
      </trkpt>
      <trkpt lat="49.18179" lon="22.70151">
        <ele>656.1</ele>
      </trkpt>
      <trkpt lat="49.1815" lon="22.70083">
        <ele>656.1</ele>
      </trkpt>
      <trkpt lat="49.18137" lon="22.7006">
        <ele>656.3</ele>
      </trkpt>
      <trkpt lat="49.18077" lon="22.69969">
        <ele>657.3</ele>
      </trkpt>
      <trkpt lat="49.18056" lon="22.69948">
        <ele>657.7</ele>
      </trkpt>
      <trkpt lat="49.18038" lon="22.69935">
        <ele>657.8</ele>
      </trkpt>
      <trkpt lat="49.18021" lon="22.6993">
        <ele>658.2</ele>
      </trkpt>
      <trkpt lat="49.1801" lon="22.6993">
        <ele>658.5</ele>
      </trkpt>
      <trkpt lat="49.17922" lon="22.69947">
        <ele>661.6</ele>
      </trkpt>
      <trkpt lat="49.179" lon="22.69954">
        <ele>663.2</ele>
      </trkpt>
      <trkpt lat="49.17844" lon="22.69983">
        <ele>665.1</ele>
      </trkpt>
      <trkpt lat="49.17838" lon="22.69985">
        <ele>665.4</ele>
      </trkpt>
      <trkpt lat="49.17825" lon="22.69985">
        <ele>666.0</ele>
      </trkpt>
      <trkpt lat="49.17809" lon="22.6998">
        <ele>666.2</ele>
      </trkpt>
      <trkpt lat="49.17799" lon="22.69969">
        <ele>666.4</ele>
      </trkpt>
      <trkpt lat="49.17768" lon="22.69925">
        <ele>666.2</ele>
      </trkpt>
      <trkpt lat="49.17746" lon="22.699">
        <ele>666.7</ele>
      </trkpt>
      <trkpt lat="49.17729" lon="22.69889">
        <ele>667.1</ele>
      </trkpt>
      <trkpt lat="49.1771" lon="22.69881">
        <ele>668.2</ele>
      </trkpt>
      <trkpt lat="49.17652" lon="22.698675">
        <ele>670.9</ele>
      </trkpt>
      <trkpt lat="49.17594" lon="22.69854">
        <ele>672.3</ele>
      </trkpt>
      <trkpt lat="49.17526" lon="22.69864">
        <ele>673.5</ele>
      </trkpt>
      <trkpt lat="49.17489" lon="22.69862">
        <ele>674.1</ele>
      </trkpt>
      <trkpt lat="49.17461" lon="22.69854">
        <ele>673.9</ele>
      </trkpt>
      <trkpt lat="49.17454" lon="22.69887">
        <ele>674.3</ele>
      </trkpt>
      <trkpt lat="49.17447" lon="22.69907">
        <ele>674.4</ele>
      </trkpt>
      <trkpt lat="49.17438" lon="22.69924">
        <ele>674.6</ele>
      </trkpt>
      <trkpt lat="49.17429" lon="22.69934">
        <ele>674.6</ele>
      </trkpt>
      <trkpt lat="49.173535" lon="22.699915">
        <ele>676.1</ele>
      </trkpt>
      <trkpt lat="49.17278" lon="22.70049">
        <ele>677.1</ele>
      </trkpt>
      <trkpt lat="49.17207" lon="22.70102">
        <ele>677.6</ele>
      </trkpt>
      <trkpt lat="49.17189" lon="22.70118">
        <ele>677.9</ele>
      </trkpt>
      <trkpt lat="49.17168" lon="22.70142">
        <ele>678.3</ele>
      </trkpt>
      <trkpt lat="49.171325" lon="22.70192">
        <ele>680.2</ele>
      </trkpt>
      <trkpt lat="49.17097" lon="22.70242">
        <ele>681.1</ele>
      </trkpt>
      <trkpt lat="49.17028" lon="22.70315">
        <ele>682.9</ele>
      </trkpt>
      <trkpt lat="49.17013" lon="22.70325">
        <ele>682.9</ele>
      </trkpt>
      <trkpt lat="49.16929" lon="22.70347">
        <ele>683.3</ele>
      </trkpt>
      <trkpt lat="49.16892" lon="22.70366">
        <ele>683.6</ele>
      </trkpt>
      <trkpt lat="49.168435" lon="22.70398">
        <ele>685.0</ele>
      </trkpt>
      <trkpt lat="49.16795" lon="22.7043">
        <ele>686.0</ele>
      </trkpt>
      <trkpt lat="49.16717" lon="22.70497">
        <ele>686.6</ele>
      </trkpt>
      <trkpt lat="49.167" lon="22.70505">
        <ele>686.8</ele>
      </trkpt>
      <trkpt lat="49.16637" lon="22.7052">
        <ele>687.3</ele>
      </trkpt>
      <trkpt lat="49.16609" lon="22.70524">
        <ele>687.9</ele>
      </trkpt>
      <trkpt lat="49.16578" lon="22.70523">
        <ele>688.4</ele>
      </trkpt>
      <trkpt lat="49.16495" lon="22.70511">
        <ele>689.4</ele>
      </trkpt>
      <trkpt lat="49.16412" lon="22.70499">
        <ele>690.1</ele>
      </trkpt>
      <trkpt lat="49.16403" lon="22.70501">
        <ele>690.2</ele>
      </trkpt>
      <trkpt lat="49.16388" lon="22.7051">
        <ele>690.5</ele>
      </trkpt>
      <trkpt lat="49.16377" lon="22.70524">
        <ele>690.8</ele>
      </trkpt>
      <trkpt lat="49.16367" lon="22.70542">
        <ele>691.9</ele>
      </trkpt>
      <trkpt lat="49.16356" lon="22.70555">
        <ele>692.2</ele>
      </trkpt>
      <trkpt lat="49.16349" lon="22.7056">
        <ele>692.5</ele>
      </trkpt>
      <trkpt lat="49.16335" lon="22.70562">
        <ele>692.7</ele>
      </trkpt>
      <trkpt lat="49.16267" lon="22.70549">
        <ele>693.0</ele>
      </trkpt>
      <trkpt lat="49.16199" lon="22.70536">
        <ele>694.4</ele>
      </trkpt>
      <trkpt lat="49.16136" lon="22.70545">
        <ele>695.2</ele>
      </trkpt>
      <trkpt lat="49.16114" lon="22.70552">
        <ele>695.7</ele>
      </trkpt>
      <trkpt lat="49.16088" lon="22.70569">
        <ele>696.2</ele>
      </trkpt>
      <trkpt lat="49.16089" lon="22.70568">
        <ele>696.2</ele>
      </trkpt>
      <trkpt lat="49.16059" lon="22.70597">
        <ele>697.1</ele>
      </trkpt>
      <trkpt lat="49.16041" lon="22.70619">
        <ele>697.3</ele>
      </trkpt>
      <trkpt lat="49.16034" lon="22.70638">
        <ele>697.2</ele>
      </trkpt>
      <trkpt lat="49.16033" lon="22.70661">
        <ele>697.2</ele>
      </trkpt>
      <trkpt lat="49.16036" lon="22.70685">
        <ele>697.6</ele>
      </trkpt>
      <trkpt lat="49.16053" lon="22.70748">
        <ele>700.8</ele>
      </trkpt>
      <trkpt lat="49.16055" lon="22.70771">
        <ele>701.5</ele>
      </trkpt>
      <trkpt lat="49.16051" lon="22.70794">
        <ele>701.6</ele>
      </trkpt>
      <trkpt lat="49.16046" lon="22.7081">
        <ele>701.6</ele>
      </trkpt>
      <trkpt lat="49.16004" lon="22.70897">
        <ele>699.4</ele>
      </trkpt>
      <trkpt lat="49.15995" lon="22.70921">
        <ele>698.2</ele>
      </trkpt>
      <trkpt lat="49.15991" lon="22.70945">
        <ele>698.0</ele>
      </trkpt>
      <trkpt lat="49.15996" lon="22.70974">
        <ele>697.8</ele>
      </trkpt>
      <trkpt lat="49.16041" lon="22.71082">
        <ele>698.7</ele>
      </trkpt>
      <trkpt lat="49.16046" lon="22.71101">
        <ele>698.7</ele>
      </trkpt>
      <trkpt lat="49.16047" lon="22.71132">
        <ele>698.7</ele>
      </trkpt>
      <trkpt lat="49.16041" lon="22.71154">
        <ele>698.6</ele>
      </trkpt>
      <trkpt lat="49.15991" lon="22.71242">
        <ele>696.7</ele>
      </trkpt>
      <trkpt lat="49.1597" lon="22.71289">
        <ele>696.1</ele>
      </trkpt>
      <trkpt lat="49.15938" lon="22.7138">
        <ele>695.8</ele>
      </trkpt>
      <trkpt lat="49.15906" lon="22.71471">
        <ele>696.4</ele>
      </trkpt>
      <trkpt lat="49.15893" lon="22.71501">
        <ele>696.7</ele>
      </trkpt>
      <trkpt lat="49.159" lon="22.71524">
        <ele>695.3</ele>
      </trkpt>
      <trkpt lat="49.159025" lon="22.71599">
        <ele>689.5</ele>
      </trkpt>
      <trkpt lat="49.15905" lon="22.71674">
        <ele>684.0</ele>
      </trkpt>
      <trkpt lat="49.15901" lon="22.717775">
        <ele>679.1</ele>
      </trkpt>
      <trkpt lat="49.15897" lon="22.71881">
        <ele>674.7</ele>
      </trkpt>
      <trkpt lat="49.15888" lon="22.71913">
        <ele>672.4</ele>
      </trkpt>
      <trkpt lat="49.15882" lon="22.71923">
        <ele>671.6</ele>
      </trkpt>
      <trkpt lat="49.15877" lon="22.7193">
        <ele>670.6</ele>
      </trkpt>
      <trkpt lat="49.1587" lon="22.71935">
        <ele>669.5</ele>
      </trkpt>
      <trkpt lat="49.15859" lon="22.71939">
        <ele>667.6</ele>
      </trkpt>
      <trkpt lat="49.15847" lon="22.71938">
        <ele>666.4</ele>
      </trkpt>
      <trkpt lat="49.15797" lon="22.71923">
        <ele>660.7</ele>
      </trkpt>
      <trkpt lat="49.15755" lon="22.71908">
        <ele>657.5</ele>
      </trkpt>
      <trkpt lat="49.15692" lon="22.71865">
        <ele>652.5</ele>
      </trkpt>
      <trkpt lat="49.15679" lon="22.7186">
        <ele>651.7</ele>
      </trkpt>
      <trkpt lat="49.15655" lon="22.71859">
        <ele>650.2</ele>
      </trkpt>
      <trkpt lat="49.15641" lon="22.71861">
        <ele>648.8</ele>
      </trkpt>
      <trkpt lat="49.15631" lon="22.71869">
        <ele>647.9</ele>
      </trkpt>
      <trkpt lat="49.15621" lon="22.71893">
        <ele>645.9</ele>
      </trkpt>
      <trkpt lat="49.15621" lon="22.71924">
        <ele>644.1</ele>
      </trkpt>
      <trkpt lat="49.15644" lon="22.72042">
        <ele>643.4</ele>
      </trkpt>
      <trkpt lat="49.1565" lon="22.72086">
        <ele>643.5</ele>
      </trkpt>
      <trkpt lat="49.15661" lon="22.72109">
        <ele>643.7</ele>
      </trkpt>
      <trkpt lat="49.15681" lon="22.72135">
        <ele>643.9</ele>
      </trkpt>
      <trkpt lat="49.15735" lon="22.72198">
        <ele>642.5</ele>
      </trkpt>
      <trkpt lat="49.15789" lon="22.72261">
        <ele>640.7</ele>
      </trkpt>
      <trkpt lat="49.15836" lon="22.72338">
        <ele>639.6</ele>
      </trkpt>
      <trkpt lat="49.158673" lon="22.724367">
        <ele>638.1</ele>
      </trkpt>
      <trkpt lat="49.158985" lon="22.725355">
        <ele>635.9</ele>
      </trkpt>
      <trkpt lat="49.159298" lon="22.726342">
        <ele>634.9</ele>
      </trkpt>
      <trkpt lat="49.15961" lon="22.72733">
        <ele>633.1</ele>
      </trkpt>
      <trkpt lat="49.15974" lon="22.72797">
        <ele>630.9</ele>
      </trkpt>
      <trkpt lat="49.15974" lon="22.72862">
        <ele>629.5</ele>
      </trkpt>
      <trkpt lat="49.15968" lon="22.729425">
        <ele>629.1</ele>
      </trkpt>
      <trkpt lat="49.15962" lon="22.73023">
        <ele>628.7</ele>
      </trkpt>
      <trkpt lat="49.15954" lon="22.73083">
        <ele>628.6</ele>
      </trkpt>
      <trkpt lat="49.159255" lon="22.73203">
        <ele>628.5</ele>
      </trkpt>
      <trkpt lat="49.15897" lon="22.73323">
        <ele>630.5</ele>
      </trkpt>
      <trkpt lat="49.15878" lon="22.73387">
        <ele>633.5</ele>
      </trkpt>
      <trkpt lat="49.15862" lon="22.73424">
        <ele>634.7</ele>
      </trkpt>
      <trkpt lat="49.15827" lon="22.73495">
        <ele>642.0</ele>
      </trkpt>
      <trkpt lat="49.15807" lon="22.73552">
        <ele>647.4</ele>
      </trkpt>
      <trkpt lat="49.15792" lon="22.7364">
        <ele>655.3</ele>
      </trkpt>
      <trkpt lat="49.15781" lon="22.73671">
        <ele>657.1</ele>
      </trkpt>
      <trkpt lat="49.15772" lon="22.73683">
        <ele>657.9</ele>
      </trkpt>
      <trkpt lat="49.15757" lon="22.73691">
        <ele>658.8</ele>
      </trkpt>
      <trkpt lat="49.15728" lon="22.73692">
        <ele>660.0</ele>
      </trkpt>
      <trkpt lat="49.156575" lon="22.736705">
        <ele>664.6</ele>
      </trkpt>
      <trkpt lat="49.15587" lon="22.73649">
        <ele>666.7</ele>
      </trkpt>
      <trkpt lat="49.15564" lon="22.73657">
        <ele>666.9</ele>
      </trkpt>
      <trkpt lat="49.15532" lon="22.73703">
        <ele>667.7</ele>
      </trkpt>
      <trkpt lat="49.15504" lon="22.73779">
        <ele>675.9</ele>
      </trkpt>
      <trkpt lat="49.15476" lon="22.73855">
        <ele>680.2</ele>
      </trkpt>
      <trkpt lat="49.15447" lon="22.7391">
        <ele>683.7</ele>
      </trkpt>
      <trkpt lat="49.15423" lon="22.73926">
        <ele>685.5</ele>
      </trkpt>
      <trkpt lat="49.15402" lon="22.73917">
        <ele>686.8</ele>
      </trkpt>
      <trkpt lat="49.15385" lon="22.73897">
        <ele>687.9</ele>
      </trkpt>
      <trkpt lat="49.15337" lon="22.73815">
        <ele>692.0</ele>
      </trkpt>
      <trkpt lat="49.15289" lon="22.73733">
        <ele>696.5</ele>
      </trkpt>
      <trkpt lat="49.15262" lon="22.73701">
        <ele>697.4</ele>
      </trkpt>
      <trkpt lat="49.15191" lon="22.73667">
        <ele>697.6</ele>
      </trkpt>
      <trkpt lat="49.15135" lon="22.736625">
        <ele>694.7</ele>
      </trkpt>
      <trkpt lat="49.15079" lon="22.73658">
        <ele>688.4</ele>
      </trkpt>
      <trkpt lat="49.1506" lon="22.7366">
        <ele>687.3</ele>
      </trkpt>
      <trkpt lat="49.15044" lon="22.73675">
        <ele>687.6</ele>
      </trkpt>
      <trkpt lat="49.15039" lon="22.73691">
        <ele>688.6</ele>
      </trkpt>
      <trkpt lat="49.15038" lon="22.73708">
        <ele>689.5</ele>
      </trkpt>
      <trkpt lat="49.15043" lon="22.73762">
        <ele>693.7</ele>
      </trkpt>
      <trkpt lat="49.15041" lon="22.73786">
        <ele>694.8</ele>
      </trkpt>
      <trkpt lat="49.150235" lon="22.73918">
        <ele>700.8</ele>
      </trkpt>
      <trkpt lat="49.15006" lon="22.7405">
        <ele>707.2</ele>
      </trkpt>
      <trkpt lat="49.14993" lon="22.74101">
        <ele>707.8</ele>
      </trkpt>
      <trkpt lat="49.14981" lon="22.74119">
        <ele>707.5</ele>
      </trkpt>
      <trkpt lat="49.149345" lon="22.741475">
        <ele>704.8</ele>
      </trkpt>
      <trkpt lat="49.14888" lon="22.74176">
        <ele>700.9</ele>
      </trkpt>
      <trkpt lat="49.1487" lon="22.74181">
        <ele>700.5</ele>
      </trkpt>
      <trkpt lat="49.14831" lon="22.74165">
        <ele>698.8</ele>
      </trkpt>
      <trkpt lat="49.14796" lon="22.74159">
        <ele>697.9</ele>
      </trkpt>
      <trkpt lat="49.14742" lon="22.74185">
        <ele>694.1</ele>
      </trkpt>
      <trkpt lat="49.14688" lon="22.74211">
        <ele>691.6</ele>
      </trkpt>
      <trkpt lat="49.14661" lon="22.74229">
        <ele>689.2</ele>
      </trkpt>
      <trkpt lat="49.14649" lon="22.74249">
        <ele>687.5</ele>
      </trkpt>
      <trkpt lat="49.14647" lon="22.74279">
        <ele>686.6</ele>
      </trkpt>
      <trkpt lat="49.14658" lon="22.74307">
        <ele>685.8</ele>
      </trkpt>
      <trkpt lat="49.14683" lon="22.74356">
        <ele>687.1</ele>
      </trkpt>
      <trkpt lat="49.14708" lon="22.74422">
        <ele>690.8</ele>
      </trkpt>
      <trkpt lat="49.14728" lon="22.74503">
        <ele>695.7</ele>
      </trkpt>
      <trkpt lat="49.1474" lon="22.74613">
        <ele>701.6</ele>
      </trkpt>
      <trkpt lat="49.14736" lon="22.74644">
        <ele>703.0</ele>
      </trkpt>
      <trkpt lat="49.14717" lon="22.747215">
        <ele>706.1</ele>
      </trkpt>
      <trkpt lat="49.14698" lon="22.74799">
        <ele>709.6</ele>
      </trkpt>
      <trkpt lat="49.14695" lon="22.74851">
        <ele>709.3</ele>
      </trkpt>
      <trkpt lat="49.14698" lon="22.74896">
        <ele>708.3</ele>
      </trkpt>
      <trkpt lat="49.14709" lon="22.74935">
        <ele>705.5</ele>
      </trkpt>
      <trkpt lat="49.14715" lon="22.7497">
        <ele>703.4</ele>
      </trkpt>
      <trkpt lat="49.14705" lon="22.75004">
        <ele>701.3</ele>
      </trkpt>
      <trkpt lat="49.14687" lon="22.75027">
        <ele>698.7</ele>
      </trkpt>
      <trkpt lat="49.14665" lon="22.75045">
        <ele>696.6</ele>
      </trkpt>
      <trkpt lat="49.14663" lon="22.7507">
        <ele>696.2</ele>
      </trkpt>
      <trkpt lat="49.14669" lon="22.75091">
        <ele>696.6</ele>
      </trkpt>
      <trkpt lat="49.14683" lon="22.75124">
        <ele>698.3</ele>
      </trkpt>
      <trkpt lat="49.14694" lon="22.7516">
        <ele>700.1</ele>
      </trkpt>
      <trkpt lat="49.14697" lon="22.75204">
        <ele>703.5</ele>
      </trkpt>
      <trkpt lat="49.14689" lon="22.75241">
        <ele>705.6</ele>
      </trkpt>
      <trkpt lat="49.14669" lon="22.75263">
        <ele>706.2</ele>
      </trkpt>
      <trkpt lat="49.14647" lon="22.75271">
        <ele>706.8</ele>
      </trkpt>
      <trkpt lat="49.14592" lon="22.75264">
        <ele>707.6</ele>
      </trkpt>
      <trkpt lat="49.14573" lon="22.75279">
        <ele>707.8</ele>
      </trkpt>
      <trkpt lat="49.14563" lon="22.75308">
        <ele>708.6</ele>
      </trkpt>
      <trkpt lat="49.14551" lon="22.75407">
        <ele>713.1</ele>
      </trkpt>
      <trkpt lat="49.14543" lon="22.7544">
        <ele>713.9</ele>
      </trkpt>
      <trkpt lat="49.14506" lon="22.75492">
        <ele>712.6</ele>
      </trkpt>
      <trkpt lat="49.14475" lon="22.75522">
        <ele>710.1</ele>
      </trkpt>
      <trkpt lat="49.14405" lon="22.75553">
        <ele>705.4</ele>
      </trkpt>
      <trkpt lat="49.14335" lon="22.75584">
        <ele>706.6</ele>
      </trkpt>
      <trkpt lat="49.14279" lon="22.75606">
        <ele>706.0</ele>
      </trkpt>
      <trkpt lat="49.14266" lon="22.75633">
        <ele>706.7</ele>
      </trkpt>
      <trkpt lat="49.14271" lon="22.75679">
        <ele>708.6</ele>
      </trkpt>
      <trkpt lat="49.14302" lon="22.75742">
        <ele>714.5</ele>
      </trkpt>
      <trkpt lat="49.14343" lon="22.75777">
        <ele>717.1</ele>
      </trkpt>
      <trkpt lat="49.14358" lon="22.75793">
        <ele>717.5</ele>
      </trkpt>
      <trkpt lat="49.14365" lon="22.75819">
        <ele>717.2</ele>
      </trkpt>
      <trkpt lat="49.14358" lon="22.75853">
        <ele>715.3</ele>
      </trkpt>
      <trkpt lat="49.14335" lon="22.7588">
        <ele>711.7</ele>
      </trkpt>
      <trkpt lat="49.14256" lon="22.75928">
        <ele>702.3</ele>
      </trkpt>
      <trkpt lat="49.14181" lon="22.75982">
        <ele>697.3</ele>
      </trkpt>
      <trkpt lat="49.14166" lon="22.76005">
        <ele>695.9</ele>
      </trkpt>
      <trkpt lat="49.14167" lon="22.7603">
        <ele>694.3</ele>
      </trkpt>
      <trkpt lat="49.14179" lon="22.76058">
        <ele>693.4</ele>
      </trkpt>
      <trkpt lat="49.14235" lon="22.76123">
        <ele>697.2</ele>
      </trkpt>
      <trkpt lat="49.14253" lon="22.76174">
        <ele>700.9</ele>
      </trkpt>
      <trkpt lat="49.14256" lon="22.76218">
        <ele>702.9</ele>
      </trkpt>
      <trkpt lat="49.14249" lon="22.76305">
        <ele>706.6</ele>
      </trkpt>
      <trkpt lat="49.14238" lon="22.76355">
        <ele>709.0</ele>
      </trkpt>
      <trkpt lat="49.14212" lon="22.7641">
        <ele>713.7</ele>
      </trkpt>
      <trkpt lat="49.14158" lon="22.76464">
        <ele>719.1</ele>
      </trkpt>
      <trkpt lat="49.14145" lon="22.76486">
        <ele>721.8</ele>
      </trkpt>
      <trkpt lat="49.14144" lon="22.76523">
        <ele>724.7</ele>
      </trkpt>
      <trkpt lat="49.14151" lon="22.76619">
        <ele>728.5</ele>
      </trkpt>
      <trkpt lat="49.14149" lon="22.76652">
        <ele>729.8</ele>
      </trkpt>
      <trkpt lat="49.14129" lon="22.76739">
        <ele>732.4</ele>
      </trkpt>
      <trkpt lat="49.14109" lon="22.76826">
        <ele>734.1</ele>
      </trkpt>
      <trkpt lat="49.14095" lon="22.76877">
        <ele>731.0</ele>
      </trkpt>
      <trkpt lat="49.14082" lon="22.76897">
        <ele>728.5</ele>
      </trkpt>
      <trkpt lat="49.14048" lon="22.7692">
        <ele>725.5</ele>
      </trkpt>
      <trkpt lat="49.13985" lon="22.7695">
        <ele>720.6</ele>
      </trkpt>
      <trkpt lat="49.13919" lon="22.76971">
        <ele>716.4</ele>
      </trkpt>
      <trkpt lat="49.13858" lon="22.76977">
        <ele>711.2</ele>
      </trkpt>
      <trkpt lat="49.1378" lon="22.76965">
        <ele>703.9</ele>
      </trkpt>
      <trkpt lat="49.13741" lon="22.76964">
        <ele>702.1</ele>
      </trkpt>
      <trkpt lat="49.13717" lon="22.76983">
        <ele>703.0</ele>
      </trkpt>
      <trkpt lat="49.13711" lon="22.77">
        <ele>704.0</ele>
      </trkpt>
      <trkpt lat="49.13699" lon="22.77064">
        <ele>707.9</ele>
      </trkpt>
      <trkpt lat="49.13682" lon="22.77092">
        <ele>710.3</ele>
      </trkpt>
      <trkpt lat="49.13631" lon="22.77116">
        <ele>712.8</ele>
      </trkpt>
      <trkpt lat="49.13555" lon="22.77141">
        <ele>714.8</ele>
      </trkpt>
      <trkpt lat="49.13531" lon="22.77159">
        <ele>713.5</ele>
      </trkpt>
      <trkpt lat="49.13521" lon="22.77179">
        <ele>713.0</ele>
      </trkpt>
      <trkpt lat="49.13531" lon="22.77213">
        <ele>714.5</ele>
      </trkpt>
      <trkpt lat="49.13579" lon="22.77251">
        <ele>719.0</ele>
      </trkpt>
      <trkpt lat="49.13615" lon="22.773105">
        <ele>722.4</ele>
      </trkpt>
      <trkpt lat="49.13651" lon="22.7737">
        <ele>729.8</ele>
      </trkpt>
      <trkpt lat="49.13653" lon="22.77395">
        <ele>730.6</ele>
      </trkpt>
      <trkpt lat="49.136225" lon="22.774715">
        <ele>728.9</ele>
      </trkpt>
      <trkpt lat="49.13592" lon="22.77548">
        <ele>723.3</ele>
      </trkpt>
      <trkpt lat="49.135825" lon="22.776225">
        <ele>720.4</ele>
      </trkpt>
      <trkpt lat="49.13573" lon="22.77697">
        <ele>720.0</ele>
      </trkpt>
      <trkpt lat="49.13569" lon="22.77739">
        <ele>720.9</ele>
      </trkpt>
      <trkpt lat="49.13575" lon="22.77819">
        <ele>722.2</ele>
      </trkpt>
      <trkpt lat="49.13583" lon="22.77856">
        <ele>722.4</ele>
      </trkpt>
      <trkpt lat="49.13602" lon="22.77901">
        <ele>722.4</ele>
      </trkpt>
      <trkpt lat="49.13666" lon="22.77967">
        <ele>723.0</ele>
      </trkpt>
      <trkpt lat="49.13676" lon="22.77983">
        <ele>723.5</ele>
      </trkpt>
      <trkpt lat="49.13688" lon="22.78008">
        <ele>723.6</ele>
      </trkpt>
      <trkpt lat="49.13697" lon="22.78038">
        <ele>724.0</ele>
      </trkpt>
      <trkpt lat="49.13702" lon="22.78063">
        <ele>724.8</ele>
      </trkpt>
      <trkpt lat="49.13701" lon="22.78084">
        <ele>725.9</ele>
      </trkpt>
      <trkpt lat="49.13694" lon="22.78108">
        <ele>726.3</ele>
      </trkpt>
      <trkpt lat="49.13684" lon="22.78122">
        <ele>725.9</ele>
      </trkpt>
      <trkpt lat="49.13672" lon="22.78131">
        <ele>725.4</ele>
      </trkpt>
      <trkpt lat="49.13604" lon="22.78155">
        <ele>720.3</ele>
      </trkpt>
      <trkpt lat="49.13577" lon="22.7816">
        <ele>717.4</ele>
      </trkpt>
      <trkpt lat="49.13561" lon="22.78157">
        <ele>716.0</ele>
      </trkpt>
      <trkpt lat="49.13543" lon="22.78148">
        <ele>714.2</ele>
      </trkpt>
      <trkpt lat="49.1349" lon="22.78101">
        <ele>708.1</ele>
      </trkpt>
      <trkpt lat="49.13437" lon="22.78054">
        <ele>703.7</ele>
      </trkpt>
      <trkpt lat="49.13398" lon="22.78038">
        <ele>702.7</ele>
      </trkpt>
      <trkpt lat="49.13364" lon="22.78036">
        <ele>700.4</ele>
      </trkpt>
      <trkpt lat="49.13349" lon="22.78038">
        <ele>698.8</ele>
      </trkpt>
      <trkpt lat="49.13327" lon="22.78034">
        <ele>697.0</ele>
      </trkpt>
      <trkpt lat="49.13306" lon="22.78038">
        <ele>696.4</ele>
      </trkpt>
      <trkpt lat="49.13299" lon="22.78043">
        <ele>694.9</ele>
      </trkpt>
      <trkpt lat="49.13291" lon="22.78064">
        <ele>694.3</ele>
      </trkpt>
      <trkpt lat="49.1329" lon="22.78077">
        <ele>693.8</ele>
      </trkpt>
      <trkpt lat="49.13291" lon="22.7809">
        <ele>693.8</ele>
      </trkpt>
      <trkpt lat="49.13268" lon="22.78077">
        <ele>693.8</ele>
      </trkpt>
      <trkpt lat="49.13224" lon="22.78047">
        <ele>693.8</ele>
      </trkpt>
      <trkpt lat="49.13202" lon="22.7804">
        <ele>693.8</ele>
      </trkpt>
      <trkpt lat="49.13157" lon="22.78035">
        <ele>693.8</ele>
      </trkpt>
      <trkpt lat="49.13087" lon="22.7803">
        <ele>693.8</ele>
      </trkpt>
      <trkpt lat="49.13031" lon="22.78031">
        <ele>762.6</ele>
      </trkpt>
      <trkpt lat="49.13001" lon="22.7803">
        <ele>762.6</ele>
      </trkpt>
      <trkpt lat="49.1298" lon="22.7804">
        <ele>762.6</ele>
      </trkpt>
      <trkpt lat="49.12961" lon="22.78062">
        <ele>762.6</ele>
      </trkpt>
      <trkpt lat="49.12946" lon="22.78087">
        <ele>762.6</ele>
      </trkpt>
      <trkpt lat="49.1293" lon="22.78127">
        <ele>762.6</ele>
      </trkpt>
      <trkpt lat="49.12913" lon="22.78244">
        <ele>762.6</ele>
      </trkpt>
      <trkpt lat="49.12906" lon="22.78235">
        <ele>762.6</ele>
      </trkpt>
      <trkpt lat="49.12895" lon="22.78237">
        <ele>762.6</ele>
      </trkpt>
      <trkpt lat="49.1286" lon="22.78213">
        <ele>774.2</ele>
      </trkpt>
      <trkpt lat="49.12851" lon="22.78196">
        <ele>774.2</ele>
      </trkpt>
      <trkpt lat="49.12838" lon="22.7818">
        <ele>774.2</ele>
      </trkpt>
      <trkpt lat="49.12821" lon="22.78167">
        <ele>774.2</ele>
      </trkpt>
      <trkpt lat="49.12819" lon="22.78185">
        <ele>774.2</ele>
      </trkpt>
      <trkpt lat="49.12823" lon="22.78204">
        <ele>774.2</ele>
      </trkpt>
      <trkpt lat="49.12824" lon="22.78229">
        <ele>774.2</ele>
      </trkpt>
      <trkpt lat="49.12822" lon="22.78248">
        <ele>769.4</ele>
      </trkpt>
      <trkpt lat="49.12818" lon="22.78266">
        <ele>769.4</ele>
      </trkpt>
      <trkpt lat="49.12806" lon="22.7829">
        <ele>769.4</ele>
      </trkpt>
      <trkpt lat="49.12789" lon="22.78306">
        <ele>769.4</ele>
      </trkpt>
      <trkpt lat="49.12749" lon="22.78326">
        <ele>766.8</ele>
      </trkpt>
      <trkpt lat="49.12736" lon="22.78337">
        <ele>765.1</ele>
      </trkpt>
      <trkpt lat="49.12713" lon="22.78344">
        <ele>762.3</ele>
      </trkpt>
      <trkpt lat="49.12696" lon="22.78359">
        <ele>760.1</ele>
      </trkpt>
      <trkpt lat="49.12681" lon="22.78343">
        <ele>760.5</ele>
      </trkpt>
      <trkpt lat="49.12672" lon="22.78336">
        <ele>761.9</ele>
      </trkpt>
      <trkpt lat="49.12662" lon="22.78332">
        <ele>762.6</ele>
      </trkpt>
      <trkpt lat="49.12654" lon="22.78332">
        <ele>762.6</ele>
      </trkpt>
      <trkpt lat="49.12647" lon="22.78335">
        <ele>764.7</ele>
      </trkpt>
      <trkpt lat="49.12633" lon="22.78347">
        <ele>764.7</ele>
      </trkpt>
      <trkpt lat="49.12578" lon="22.78425">
        <ele>771.7</ele>
      </trkpt>
      <trkpt lat="49.12567" lon="22.78432">
        <ele>772.4</ele>
      </trkpt>
      <trkpt lat="49.12553" lon="22.78433">
        <ele>773.3</ele>
      </trkpt>
      <trkpt lat="49.12541" lon="22.7843">
        <ele>773.7</ele>
      </trkpt>
      <trkpt lat="49.12526" lon="22.78423">
        <ele>774.2</ele>
      </trkpt>
      <trkpt lat="49.12517" lon="22.78416">
        <ele>774.8</ele>
      </trkpt>
      <trkpt lat="49.12502" lon="22.78399">
        <ele>776.3</ele>
      </trkpt>
      <trkpt lat="49.12475" lon="22.7836">
        <ele>778.6</ele>
      </trkpt>
      <trkpt lat="49.124355" lon="22.782905">
        <ele>784.1</ele>
      </trkpt>
      <trkpt lat="49.12396" lon="22.78221">
        <ele>785.8</ele>
      </trkpt>
      <trkpt lat="49.12374" lon="22.78204">
        <ele>784.0</ele>
      </trkpt>
      <trkpt lat="49.12354" lon="22.78199">
        <ele>782.6</ele>
      </trkpt>
      <trkpt lat="49.12304" lon="22.78209">
        <ele>777.8</ele>
      </trkpt>
      <trkpt lat="49.12291" lon="22.7821">
        <ele>775.7</ele>
      </trkpt>
      <trkpt lat="49.12282" lon="22.78206">
        <ele>775.7</ele>
      </trkpt>
      <trkpt lat="49.12273" lon="22.78197">
        <ele>774.0</ele>
      </trkpt>
      <trkpt lat="49.12265" lon="22.78177">
        <ele>772.0</ele>
      </trkpt>
      <trkpt lat="49.12253" lon="22.78114">
        <ele>771.1</ele>
      </trkpt>
      <trkpt lat="49.12245" lon="22.78096">
        <ele>768.9</ele>
      </trkpt>
      <trkpt lat="49.12223" lon="22.78155">
        <ele>765.0</ele>
      </trkpt>
      <trkpt lat="49.12211" lon="22.78176">
        <ele>764.3</ele>
      </trkpt>
      <trkpt lat="49.12201" lon="22.78184">
        <ele>764.0</ele>
      </trkpt>
      <trkpt lat="49.1218" lon="22.78185">
        <ele>762.8</ele>
      </trkpt>
      <trkpt lat="49.12167" lon="22.78178">
        <ele>761.0</ele>
      </trkpt>
      <trkpt lat="49.12124" lon="22.78124">
        <ele>757.0</ele>
      </trkpt>
      <trkpt lat="49.12093" lon="22.78097">
        <ele>755.0</ele>
      </trkpt>
      <trkpt lat="49.1208" lon="22.78091">
        <ele>754.2</ele>
      </trkpt>
      <trkpt lat="49.12066" lon="22.78087">
        <ele>752.2</ele>
      </trkpt>
      <trkpt lat="49.12052" lon="22.7809">
        <ele>751.6</ele>
      </trkpt>
      <trkpt lat="49.12042" lon="22.78096">
        <ele>751.4</ele>
      </trkpt>
      <trkpt lat="49.12035" lon="22.78106">
        <ele>751.3</ele>
      </trkpt>
      <trkpt lat="49.12031" lon="22.78116">
        <ele>751.5</ele>
      </trkpt>
      <trkpt lat="49.12029" lon="22.78137">
        <ele>751.5</ele>
      </trkpt>
      <trkpt lat="49.12032" lon="22.78162">
        <ele>752.2</ele>
      </trkpt>
      <trkpt lat="49.12059" lon="22.78261">
        <ele>750.7</ele>
      </trkpt>
      <trkpt lat="49.1206" lon="22.78281">
        <ele>750.7</ele>
      </trkpt>
      <trkpt lat="49.12058" lon="22.78297">
        <ele>749.3</ele>
      </trkpt>
      <trkpt lat="49.12054" lon="22.78312">
        <ele>748.8</ele>
      </trkpt>
      <trkpt lat="49.12045" lon="22.78329">
        <ele>748.0</ele>
      </trkpt>
      <trkpt lat="49.11993" lon="22.7841">
        <ele>745.0</ele>
      </trkpt>
      <trkpt lat="49.11978" lon="22.78428">
        <ele>744.5</ele>
      </trkpt>
      <trkpt lat="49.11961" lon="22.78434">
        <ele>743.3</ele>
      </trkpt>
      <trkpt lat="49.11947" lon="22.78434">
        <ele>742.9</ele>
      </trkpt>
      <trkpt lat="49.11897" lon="22.78422">
        <ele>739.6</ele>
      </trkpt>
      <trkpt lat="49.11847" lon="22.7841">
        <ele>737.7</ele>
      </trkpt>
      <trkpt lat="49.1178" lon="22.78397">
        <ele>733.6</ele>
      </trkpt>
      <trkpt lat="49.1177" lon="22.78397">
        <ele>733.6</ele>
      </trkpt>
      <trkpt lat="49.11759" lon="22.78403">
        <ele>732.0</ele>
      </trkpt>
      <trkpt lat="49.11752" lon="22.7841">
        <ele>731.0</ele>
      </trkpt>
      <trkpt lat="49.11746" lon="22.78425">
        <ele>731.0</ele>
      </trkpt>
      <trkpt lat="49.11746" lon="22.78426">
        <ele>731.0</ele>
      </trkpt>
      <trkpt lat="49.11742" lon="22.78453">
        <ele>731.1</ele>
      </trkpt>
      <trkpt lat="49.11743" lon="22.78466">
        <ele>731.1</ele>
      </trkpt>
      <trkpt lat="49.11751" lon="22.78487">
        <ele>731.4</ele>
      </trkpt>
      <trkpt lat="49.11763" lon="22.785">
        <ele>732.1</ele>
      </trkpt>
      <trkpt lat="49.11841" lon="22.78557">
        <ele>731.9</ele>
      </trkpt>
      <trkpt lat="49.11896" lon="22.78582">
        <ele>730.0</ele>
      </trkpt>
      <trkpt lat="49.11941" lon="22.78619">
        <ele>728.3</ele>
      </trkpt>
      <trkpt lat="49.11986" lon="22.78656">
        <ele>727.0</ele>
      </trkpt>
      <trkpt lat="49.12006" lon="22.78666">
        <ele>725.9</ele>
      </trkpt>
      <trkpt lat="49.12026" lon="22.78672">
        <ele>725.3</ele>
      </trkpt>
      <trkpt lat="49.120775" lon="22.78675">
        <ele>723.0</ele>
      </trkpt>
      <trkpt lat="49.12129" lon="22.78678">
        <ele>720.9</ele>
      </trkpt>
      <trkpt lat="49.12208" lon="22.787">
        <ele>718.6</ele>
      </trkpt>
      <trkpt lat="49.12251" lon="22.78719">
        <ele>716.7</ele>
      </trkpt>
      <trkpt lat="49.12274" lon="22.78739">
        <ele>716.5</ele>
      </trkpt>
      <trkpt lat="49.12306" lon="22.78774">
        <ele>715.5</ele>
      </trkpt>
      <trkpt lat="49.12322" lon="22.78808">
        <ele>715.0</ele>
      </trkpt>
      <trkpt lat="49.12357" lon="22.789052">
        <ele>713.2</ele>
      </trkpt>
      <trkpt lat="49.12392" lon="22.790025">
        <ele>709.3</ele>
      </trkpt>
      <trkpt lat="49.12427" lon="22.790997">
        <ele>702.9</ele>
      </trkpt>
      <trkpt lat="49.12462" lon="22.79197">
        <ele>698.6</ele>
      </trkpt>
      <trkpt lat="49.125095" lon="22.79297">
        <ele>694.1</ele>
      </trkpt>
      <trkpt lat="49.12557" lon="22.79397">
        <ele>692.2</ele>
      </trkpt>
      <trkpt lat="49.12603" lon="22.794895">
        <ele>690.2</ele>
      </trkpt>
      <trkpt lat="49.12649" lon="22.79582">
        <ele>687.3</ele>
      </trkpt>
      <trkpt lat="49.12667" lon="22.79613">
        <ele>686.8</ele>
      </trkpt>
      <trkpt lat="49.12689" lon="22.79644">
        <ele>685.6</ele>
      </trkpt>
      <trkpt lat="49.127516" lon="22.79726">
        <ele>682.8</ele>
      </trkpt>
      <trkpt lat="49.128141" lon="22.79808">
        <ele>680.5</ele>
      </trkpt>
      <trkpt lat="49.128767" lon="22.7989">
        <ele>678.5</ele>
      </trkpt>
      <trkpt lat="49.129393" lon="22.79972">
        <ele>675.1</ele>
      </trkpt>
      <trkpt lat="49.130019" lon="22.80054">
        <ele>672.9</ele>
      </trkpt>
      <trkpt lat="49.130644" lon="22.80136">
        <ele>670.4</ele>
      </trkpt>
      <trkpt lat="49.13127" lon="22.80218">
        <ele>667.1</ele>
      </trkpt>
      <trkpt lat="49.13177" lon="22.80286">
        <ele>665.7</ele>
      </trkpt>
      <trkpt lat="49.13186" lon="22.80303">
        <ele>665.7</ele>
      </trkpt>
      <trkpt lat="49.13187" lon="22.80322">
        <ele>665.7</ele>
      </trkpt>
      <trkpt lat="49.13182" lon="22.80339">
        <ele>665.5</ele>
      </trkpt>
      <trkpt lat="49.131445" lon="22.80405">
        <ele>666.0</ele>
      </trkpt>
      <trkpt lat="49.13107" lon="22.80471">
        <ele>666.2</ele>
      </trkpt>
      <trkpt lat="49.13086" lon="22.80499">
        <ele>666.0</ele>
      </trkpt>
      <trkpt lat="49.13063" lon="22.80521">
        <ele>666.0</ele>
      </trkpt>
      <trkpt lat="49.13045" lon="22.80535">
        <ele>665.7</ele>
      </trkpt>
      <trkpt lat="49.13019" lon="22.80551">
        <ele>665.5</ele>
      </trkpt>
      <trkpt lat="49.12949" lon="22.80589">
        <ele>665.3</ele>
      </trkpt>
      <trkpt lat="49.12894" lon="22.80627">
        <ele>667.5</ele>
      </trkpt>
      <trkpt lat="49.12876" lon="22.80643">
        <ele>670.9</ele>
      </trkpt>
      <trkpt lat="49.12854" lon="22.80669">
        <ele>672.6</ele>
      </trkpt>
      <trkpt lat="49.128175" lon="22.807355">
        <ele>674.7</ele>
      </trkpt>
      <trkpt lat="49.12781" lon="22.80802">
        <ele>676.7</ele>
      </trkpt>
      <trkpt lat="49.12756" lon="22.80844">
        <ele>677.9</ele>
      </trkpt>
      <trkpt lat="49.12746" lon="22.80857">
        <ele>678.3</ele>
      </trkpt>
      <trkpt lat="49.12721" lon="22.8088">
        <ele>679.8</ele>
      </trkpt>
      <trkpt lat="49.12701" lon="22.80891">
        <ele>680.4</ele>
      </trkpt>
      <trkpt lat="49.12691" lon="22.80894">
        <ele>680.8</ele>
      </trkpt>
      <trkpt lat="49.12606" lon="22.809023">
        <ele>678.5</ele>
      </trkpt>
      <trkpt lat="49.12521" lon="22.809107">
        <ele>671.7</ele>
      </trkpt>
      <trkpt lat="49.12436" lon="22.80919">
        <ele>671.8</ele>
      </trkpt>
      <trkpt lat="49.12421" lon="22.80922">
        <ele>673.7</ele>
      </trkpt>
      <trkpt lat="49.12403" lon="22.80931">
        <ele>674.4</ele>
      </trkpt>
      <trkpt lat="49.12391" lon="22.80946">
        <ele>675.6</ele>
      </trkpt>
      <trkpt lat="49.1238" lon="22.80972">
        <ele>676.1</ele>
      </trkpt>
      <trkpt lat="49.12365" lon="22.81031">
        <ele>673.5</ele>
      </trkpt>
      <trkpt lat="49.12339" lon="22.811528">
        <ele>665.8</ele>
      </trkpt>
      <trkpt lat="49.12313" lon="22.812746">
        <ele>670.4</ele>
      </trkpt>
      <trkpt lat="49.12287" lon="22.813964">
        <ele>677.8</ele>
      </trkpt>
      <trkpt lat="49.12261" lon="22.815182">
        <ele>678.4</ele>
      </trkpt>
      <trkpt lat="49.12235" lon="22.8164">
        <ele>679.1</ele>
      </trkpt>
      <trkpt lat="49.12227" lon="22.81677">
        <ele>679.1</ele>
      </trkpt>
      <trkpt lat="49.12208" lon="22.81744">
        <ele>677.7</ele>
      </trkpt>
      <trkpt lat="49.12172" lon="22.818333">
        <ele>674.1</ele>
      </trkpt>
      <trkpt lat="49.12136" lon="22.819227">
        <ele>678.2</ele>
      </trkpt>
      <trkpt lat="49.121" lon="22.82012">
        <ele>683.3</ele>
      </trkpt>
      <trkpt lat="49.120603" lon="22.821055">
        <ele>683.6</ele>
      </trkpt>
      <trkpt lat="49.120205" lon="22.82199">
        <ele>682.4</ele>
      </trkpt>
      <trkpt lat="49.119808" lon="22.822925">
        <ele>681.3</ele>
      </trkpt>
      <trkpt lat="49.11941" lon="22.82386">
        <ele>676.5</ele>
      </trkpt>
      <trkpt lat="49.11903" lon="22.824785">
        <ele>670.7</ele>
      </trkpt>
      <trkpt lat="49.11865" lon="22.82571">
        <ele>667.9</ele>
      </trkpt>
      <trkpt lat="49.11854" lon="22.82594">
        <ele>668.8</ele>
      </trkpt>
      <trkpt lat="49.1184" lon="22.82615">
        <ele>670.7</ele>
      </trkpt>
      <trkpt lat="49.1184" lon="22.82616">
        <ele>670.7</ele>
      </trkpt>
      <trkpt lat="49.11822" lon="22.82632">
        <ele>673.5</ele>
      </trkpt>
      <trkpt lat="49.11795" lon="22.82642">
        <ele>676.3</ele>
      </trkpt>
      <trkpt lat="49.117172" lon="22.826608">
        <ele>681.1</ele>
      </trkpt>
      <trkpt lat="49.116394" lon="22.826796">
        <ele>682.0</ele>
      </trkpt>
      <trkpt lat="49.115616" lon="22.826984">
        <ele>679.0</ele>
      </trkpt>
      <trkpt lat="49.114838" lon="22.827172">
        <ele>674.9</ele>
      </trkpt>
      <trkpt lat="49.11406" lon="22.82736">
        <ele>670.0</ele>
      </trkpt>
      <trkpt lat="49.11347" lon="22.8276">
        <ele>667.0</ele>
      </trkpt>
      <trkpt lat="49.11329" lon="22.82773">
        <ele>666.8</ele>
      </trkpt>
      <trkpt lat="49.11301" lon="22.82799">
        <ele>667.1</ele>
      </trkpt>
      <trkpt lat="49.11241" lon="22.828717">
        <ele>668.4</ele>
      </trkpt>
      <trkpt lat="49.11181" lon="22.829443">
        <ele>668.6</ele>
      </trkpt>
      <trkpt lat="49.11121" lon="22.83017">
        <ele>668.2</ele>
      </trkpt>
      <trkpt lat="49.11096" lon="22.83052">
        <ele>668.4</ele>
      </trkpt>
      <trkpt lat="49.11069" lon="22.83103">
        <ele>668.0</ele>
      </trkpt>
      <trkpt lat="49.1106" lon="22.83133">
        <ele>668.1</ele>
      </trkpt>
      <trkpt lat="49.110383" lon="22.832287">
        <ele>668.9</ele>
      </trkpt>
      <trkpt lat="49.110167" lon="22.833243">
        <ele>669.4</ele>
      </trkpt>
      <trkpt lat="49.10995" lon="22.8342">
        <ele>670.3</ele>
      </trkpt>
      <trkpt lat="49.109568" lon="22.835343">
        <ele>671.0</ele>
      </trkpt>
      <trkpt lat="49.109185" lon="22.836485">
        <ele>671.1</ele>
      </trkpt>
      <trkpt lat="49.108803" lon="22.837628">
        <ele>670.8</ele>
      </trkpt>
      <trkpt lat="49.10842" lon="22.83877">
        <ele>671.6</ele>
      </trkpt>
      <trkpt lat="49.10826" lon="22.83908">
        <ele>672.2</ele>
      </trkpt>
      <trkpt lat="49.10803" lon="22.8394">
        <ele>672.7</ele>
      </trkpt>
      <trkpt lat="49.1079" lon="22.83955">
        <ele>672.9</ele>
      </trkpt>
      <trkpt lat="49.107138" lon="22.840268">
        <ele>675.8</ele>
      </trkpt>
      <trkpt lat="49.106377" lon="22.840987">
        <ele>682.4</ele>
      </trkpt>
      <trkpt lat="49.105615" lon="22.841705">
        <ele>692.4</ele>
      </trkpt>
      <trkpt lat="49.104853" lon="22.842423">
        <ele>699.1</ele>
      </trkpt>
      <trkpt lat="49.104092" lon="22.843142">
        <ele>704.2</ele>
      </trkpt>
      <trkpt lat="49.10333" lon="22.84386">
        <ele>705.3</ele>
      </trkpt>
      <trkpt lat="49.103" lon="22.8441">
        <ele>705.1</ele>
      </trkpt>
      <trkpt lat="49.102182" lon="22.844565">
        <ele>703.4</ele>
      </trkpt>
      <trkpt lat="49.101363" lon="22.84503">
        <ele>700.2</ele>
      </trkpt>
      <trkpt lat="49.100545" lon="22.845495">
        <ele>697.5</ele>
      </trkpt>
      <trkpt lat="49.099727" lon="22.84596">
        <ele>698.4</ele>
      </trkpt>
      <trkpt lat="49.098908" lon="22.846425">
        <ele>702.3</ele>
      </trkpt>
      <trkpt lat="49.09809" lon="22.84689">
        <ele>709.4</ele>
      </trkpt>
      <trkpt lat="49.09786" lon="22.84691">
        <ele>710.9</ele>
      </trkpt>
      <trkpt lat="49.09778" lon="22.8469">
        <ele>710.9</ele>
      </trkpt>
      <trkpt lat="49.09759" lon="22.84676">
        <ele>711.5</ele>
      </trkpt>
      <trkpt lat="49.09748" lon="22.84665">
        <ele>711.7</ele>
      </trkpt>
      <trkpt lat="49.09736" lon="22.84648">
        <ele>712.0</ele>
      </trkpt>
      <trkpt lat="49.09709" lon="22.84602">
        <ele>713.9</ele>
      </trkpt>
      <trkpt lat="49.09664" lon="22.845223">
        <ele>717.0</ele>
      </trkpt>
      <trkpt lat="49.09619" lon="22.844427">
        <ele>720.4</ele>
      </trkpt>
      <trkpt lat="49.09574" lon="22.84363">
        <ele>726.8</ele>
      </trkpt>
      <trkpt lat="49.09559" lon="22.84346">
        <ele>727.6</ele>
      </trkpt>
      <trkpt lat="49.09537" lon="22.84328">
        <ele>730.3</ele>
      </trkpt>
      <trkpt lat="49.0953" lon="22.84325">
        <ele>730.9</ele>
      </trkpt>
      <trkpt lat="49.09512" lon="22.84323">
        <ele>731.4</ele>
      </trkpt>
      <trkpt lat="49.09437" lon="22.84346">
        <ele>736.9</ele>
      </trkpt>
      <trkpt lat="49.093885" lon="22.843595">
        <ele>742.3</ele>
      </trkpt>
      <trkpt lat="49.0934" lon="22.84373">
        <ele>744.9</ele>
      </trkpt>
      <trkpt lat="49.09327" lon="22.84379">
        <ele>745.3</ele>
      </trkpt>
      <trkpt lat="49.09297" lon="22.84399">
        <ele>746.8</ele>
      </trkpt>
      <trkpt lat="49.09254" lon="22.84415">
        <ele>750.3</ele>
      </trkpt>
      <trkpt lat="49.09206" lon="22.84443">
        <ele>753.7</ele>
      </trkpt>
      <trkpt lat="49.09161" lon="22.84458">
        <ele>757.5</ele>
      </trkpt>
      <trkpt lat="49.09123" lon="22.84467">
        <ele>760.5</ele>
      </trkpt>
      <trkpt lat="49.09042" lon="22.844745">
        <ele>766.1</ele>
      </trkpt>
      <trkpt lat="49.08961" lon="22.84482">
        <ele>772.5</ele>
      </trkpt>
      <trkpt lat="49.08918" lon="22.8448">
        <ele>777.5</ele>
      </trkpt>
      <trkpt lat="49.08843" lon="22.84486">
        <ele>783.0</ele>
      </trkpt>
      <trkpt lat="49.08831" lon="22.8449">
        <ele>783.5</ele>
      </trkpt>
      <trkpt lat="49.0882" lon="22.84497">
        <ele>784.2</ele>
      </trkpt>
      <trkpt lat="49.087825" lon="22.845365">
        <ele>785.6</ele>
      </trkpt>
      <trkpt lat="49.08745" lon="22.84576">
        <ele>786.9</ele>
      </trkpt>
      <trkpt lat="49.08724" lon="22.84588">
        <ele>787.5</ele>
      </trkpt>
      <trkpt lat="49.08696" lon="22.84592">
        <ele>787.6</ele>
      </trkpt>
      <trkpt lat="49.08676" lon="22.84588">
        <ele>786.8</ele>
      </trkpt>
      <trkpt lat="49.08619" lon="22.84555">
        <ele>784.1</ele>
      </trkpt>
      <trkpt lat="49.085655" lon="22.84523">
        <ele>778.5</ele>
      </trkpt>
      <trkpt lat="49.08512" lon="22.84491">
        <ele>774.1</ele>
      </trkpt>
      <trkpt lat="49.08466" lon="22.84476">
        <ele>769.7</ele>
      </trkpt>
      <trkpt lat="49.08451" lon="22.84473">
        <ele>767.5</ele>
      </trkpt>
      <trkpt lat="49.08364" lon="22.84468">
        <ele>759.2</ele>
      </trkpt>
      <trkpt lat="49.08313" lon="22.84449">
        <ele>754.7</ele>
      </trkpt>
      <trkpt lat="49.08292" lon="22.84436">
        <ele>753.0</ele>
      </trkpt>
      <trkpt lat="49.082465" lon="22.844005">
        <ele>751.0</ele>
      </trkpt>
      <trkpt lat="49.08201" lon="22.84365">
        <ele>752.3</ele>
      </trkpt>
      <trkpt lat="49.08135" lon="22.84308">
        <ele>757.6</ele>
      </trkpt>
      <trkpt lat="49.08069" lon="22.84251">
        <ele>762.8</ele>
      </trkpt>
      <trkpt lat="49.08052" lon="22.84239">
        <ele>766.6</ele>
      </trkpt>
      <trkpt lat="49.08035" lon="22.84232">
        <ele>766.6</ele>
      </trkpt>
      <trkpt lat="49.08021" lon="22.84229">
        <ele>768.7</ele>
      </trkpt>
      <trkpt lat="49.07994" lon="22.84231">
        <ele>771.4</ele>
      </trkpt>
      <trkpt lat="49.07928" lon="22.842553">
        <ele>776.4</ele>
      </trkpt>
      <trkpt lat="49.07862" lon="22.842797">
        <ele>782.0</ele>
      </trkpt>
      <trkpt lat="49.07796" lon="22.84304">
        <ele>785.3</ele>
      </trkpt>
      <trkpt lat="49.07744" lon="22.84321">
        <ele>787.6</ele>
      </trkpt>
      <trkpt lat="49.07729" lon="22.84322">
        <ele>788.1</ele>
      </trkpt>
      <trkpt lat="49.07713" lon="22.84319">
        <ele>788.2</ele>
      </trkpt>
      <trkpt lat="49.07694" lon="22.84311">
        <ele>788.3</ele>
      </trkpt>
      <trkpt lat="49.076297" lon="22.842773">
        <ele>787.0</ele>
      </trkpt>
      <trkpt lat="49.075653" lon="22.842437">
        <ele>782.8</ele>
      </trkpt>
      <trkpt lat="49.07501" lon="22.8421">
        <ele>777.2</ele>
      </trkpt>
      <trkpt lat="49.07472" lon="22.84199">
        <ele>774.0</ele>
      </trkpt>
      <trkpt lat="49.0744" lon="22.84197">
        <ele>768.6</ele>
      </trkpt>
      <trkpt lat="49.07412" lon="22.84203">
        <ele>765.7</ele>
      </trkpt>
      <trkpt lat="49.07329" lon="22.84244">
        <ele>757.7</ele>
      </trkpt>
      <trkpt lat="49.07326" lon="22.84225">
        <ele>757.4</ele>
      </trkpt>
      <trkpt lat="49.073223" lon="22.841197">
        <ele>759.0</ele>
      </trkpt>
      <trkpt lat="49.073185" lon="22.840145">
        <ele>762.6</ele>
      </trkpt>
      <trkpt lat="49.073148" lon="22.839092">
        <ele>765.8</ele>
      </trkpt>
      <trkpt lat="49.07311" lon="22.83804">
        <ele>770.8</ele>
      </trkpt>
      <trkpt lat="49.07307" lon="22.83731">
        <ele>774.6</ele>
      </trkpt>
      <trkpt lat="49.07303" lon="22.83658">
        <ele>777.8</ele>
      </trkpt>
      <trkpt lat="49.07297" lon="22.83637">
        <ele>777.9</ele>
      </trkpt>
      <trkpt lat="49.0728" lon="22.83605">
        <ele>776.6</ele>
      </trkpt>
      <trkpt lat="49.07236" lon="22.835305">
        <ele>771.7</ele>
      </trkpt>
      <trkpt lat="49.07192" lon="22.83456">
        <ele>767.9</ele>
      </trkpt>
      <trkpt lat="49.07168" lon="22.8341">
        <ele>765.0</ele>
      </trkpt>
      <trkpt lat="49.07155" lon="22.83367">
        <ele>763.0</ele>
      </trkpt>
      <trkpt lat="49.071335" lon="22.83275">
        <ele>762.2</ele>
      </trkpt>
      <trkpt lat="49.07112" lon="22.83183">
        <ele>765.9</ele>
      </trkpt>
      <trkpt lat="49.071515" lon="22.83143">
        <ele>771.6</ele>
      </trkpt>
      <trkpt lat="49.07191" lon="22.83103">
        <ele>778.9</ele>
      </trkpt>
      <trkpt lat="49.07222" lon="22.83061">
        <ele>783.1</ele>
      </trkpt>
      <trkpt lat="49.07257" lon="22.830045">
        <ele>789.3</ele>
      </trkpt>
      <trkpt lat="49.07292" lon="22.82948">
        <ele>794.4</ele>
      </trkpt>
      <trkpt lat="49.07315" lon="22.82905">
        <ele>799.9</ele>
      </trkpt>
      <trkpt lat="49.07331" lon="22.8285">
        <ele>803.9</ele>
      </trkpt>
      <trkpt lat="49.07343" lon="22.82777">
        <ele>807.2</ele>
      </trkpt>
      <trkpt lat="49.07347" lon="22.82721">
        <ele>810.4</ele>
      </trkpt>
      <trkpt lat="49.07352" lon="22.82688">
        <ele>812.9</ele>
      </trkpt>
      <trkpt lat="49.07372" lon="22.82659">
        <ele>816.8</ele>
      </trkpt>
      <trkpt lat="49.07411" lon="22.82623">
        <ele>820.2</ele>
      </trkpt>
      <trkpt lat="49.07473" lon="22.8257">
        <ele>819.6</ele>
      </trkpt>
      <trkpt lat="49.075267" lon="22.825223">
        <ele>815.2</ele>
      </trkpt>
      <trkpt lat="49.075803" lon="22.824747">
        <ele>814.5</ele>
      </trkpt>
      <trkpt lat="49.07634" lon="22.82427">
        <ele>821.1</ele>
      </trkpt>
      <trkpt lat="49.0769" lon="22.82382">
        <ele>824.2</ele>
      </trkpt>
      <trkpt lat="49.07704" lon="22.82367">
        <ele>824.7</ele>
      </trkpt>
      <trkpt lat="49.07715" lon="22.82351">
        <ele>824.9</ele>
      </trkpt>
      <trkpt lat="49.07727" lon="22.82327">
        <ele>825.0</ele>
      </trkpt>
      <trkpt lat="49.0775" lon="22.82202">
        <ele>821.3</ele>
      </trkpt>
      <trkpt lat="49.07773" lon="22.82077">
        <ele>814.6</ele>
      </trkpt>
      <trkpt lat="49.07787" lon="22.82013">
        <ele>810.4</ele>
      </trkpt>
      <trkpt lat="49.07799" lon="22.8197">
        <ele>807.4</ele>
      </trkpt>
      <trkpt lat="49.0782" lon="22.81925">
        <ele>803.8</ele>
      </trkpt>
      <trkpt lat="49.07842" lon="22.81886">
        <ele>800.6</ele>
      </trkpt>
      <trkpt lat="49.078915" lon="22.81789">
        <ele>796.1</ele>
      </trkpt>
      <trkpt lat="49.07941" lon="22.81692">
        <ele>792.6</ele>
      </trkpt>
      <trkpt lat="49.07953" lon="22.8168">
        <ele>791.3</ele>
      </trkpt>
      <trkpt lat="49.07964" lon="22.81672">
        <ele>791.3</ele>
      </trkpt>
      <trkpt lat="49.0798" lon="22.81669">
        <ele>789.3</ele>
      </trkpt>
      <trkpt lat="49.07991" lon="22.8167">
        <ele>788.3</ele>
      </trkpt>
      <trkpt lat="49.08054" lon="22.81691">
        <ele>787.9</ele>
      </trkpt>
      <trkpt lat="49.08068" lon="22.81701">
        <ele>788.3</ele>
      </trkpt>
      <trkpt lat="49.08082" lon="22.81716">
        <ele>788.6</ele>
      </trkpt>
      <trkpt lat="49.08097" lon="22.81741">
        <ele>788.6</ele>
      </trkpt>
      <trkpt lat="49.08129" lon="22.81817">
        <ele>787.0</ele>
      </trkpt>
      <trkpt lat="49.081687" lon="22.81899">
        <ele>783.8</ele>
      </trkpt>
      <trkpt lat="49.082083" lon="22.81981">
        <ele>783.2</ele>
      </trkpt>
      <trkpt lat="49.08248" lon="22.82063">
        <ele>782.9</ele>
      </trkpt>
      <trkpt lat="49.08269" lon="22.82085">
        <ele>784.6</ele>
      </trkpt>
      <trkpt lat="49.08296" lon="22.82101">
        <ele>788.7</ele>
      </trkpt>
      <trkpt lat="49.0833" lon="22.82113">
        <ele>790.7</ele>
      </trkpt>
      <trkpt lat="49.08382" lon="22.82125">
        <ele>792.6</ele>
      </trkpt>
      <trkpt lat="49.08401" lon="22.82123">
        <ele>794.0</ele>
      </trkpt>
      <trkpt lat="49.08415" lon="22.82119">
        <ele>795.2</ele>
      </trkpt>
      <trkpt lat="49.08432" lon="22.82106">
        <ele>796.9</ele>
      </trkpt>
      <trkpt lat="49.08483" lon="22.82051">
        <ele>802.6</ele>
      </trkpt>
      <trkpt lat="49.08499" lon="22.82027">
        <ele>803.6</ele>
      </trkpt>
      <trkpt lat="49.08505" lon="22.82008">
        <ele>803.9</ele>
      </trkpt>
      <trkpt lat="49.08508" lon="22.81987">
        <ele>804.6</ele>
      </trkpt>
      <trkpt lat="49.08508" lon="22.819135">
        <ele>806.3</ele>
      </trkpt>
      <trkpt lat="49.08508" lon="22.8184">
        <ele>804.4</ele>
      </trkpt>
      <trkpt lat="49.0851" lon="22.81776">
        <ele>799.8</ele>
      </trkpt>
      <trkpt lat="49.08514" lon="22.8173">
        <ele>796.7</ele>
      </trkpt>
      <trkpt lat="49.08527" lon="22.81676">
        <ele>794.3</ele>
      </trkpt>
      <trkpt lat="49.08553" lon="22.81614">
        <ele>791.8</ele>
      </trkpt>
      <trkpt lat="49.08579" lon="22.81552">
        <ele>791.0</ele>
      </trkpt>
      <trkpt lat="49.08595" lon="22.81498">
        <ele>789.9</ele>
      </trkpt>
      <trkpt lat="49.08608" lon="22.81445">
        <ele>789.7</ele>
      </trkpt>
      <trkpt lat="49.08612" lon="22.81409">
        <ele>789.7</ele>
      </trkpt>
      <trkpt lat="49.08607" lon="22.81283">
        <ele>792.8</ele>
      </trkpt>
      <trkpt lat="49.08614" lon="22.81235">
        <ele>792.2</ele>
      </trkpt>
      <trkpt lat="49.08622" lon="22.8121">
        <ele>791.8</ele>
      </trkpt>
      <trkpt lat="49.0863" lon="22.81199">
        <ele>791.5</ele>
      </trkpt>
      <trkpt lat="49.08645" lon="22.81189">
        <ele>790.8</ele>
      </trkpt>
      <trkpt lat="49.08659" lon="22.81185">
        <ele>790.9</ele>
      </trkpt>
      <trkpt lat="49.08671" lon="22.81185">
        <ele>791.7</ele>
      </trkpt>
      <trkpt lat="49.08699" lon="22.81192">
        <ele>794.0</ele>
      </trkpt>
      <trkpt lat="49.087485" lon="22.812225">
        <ele>800.5</ele>
      </trkpt>
      <trkpt lat="49.08798" lon="22.81253">
        <ele>803.8</ele>
      </trkpt>
      <trkpt lat="49.088435" lon="22.81279">
        <ele>800.7</ele>
      </trkpt>
      <trkpt lat="49.08889" lon="22.81305">
        <ele>795.2</ele>
      </trkpt>
      <trkpt lat="49.08943" lon="22.81333">
        <ele>786.6</ele>
      </trkpt>
      <trkpt lat="49.08965" lon="22.81338">
        <ele>784.5</ele>
      </trkpt>
      <trkpt lat="49.09031" lon="22.81342">
        <ele>778.7</ele>
      </trkpt>
      <trkpt lat="49.09042" lon="22.81345">
        <ele>778.2</ele>
      </trkpt>
      <trkpt lat="49.09057" lon="22.81353">
        <ele>776.6</ele>
      </trkpt>
      <trkpt lat="49.09098" lon="22.81399">
        <ele>774.6</ele>
      </trkpt>
      <trkpt lat="49.0911" lon="22.81407">
        <ele>773.6</ele>
      </trkpt>
      <trkpt lat="49.09119" lon="22.81411">
        <ele>773.2</ele>
      </trkpt>
      <trkpt lat="49.09132" lon="22.81404">
        <ele>773.2</ele>
      </trkpt>
      <trkpt lat="49.09136" lon="22.81391">
        <ele>768.8</ele>
      </trkpt>
      <trkpt lat="49.09137" lon="22.81366">
        <ele>767.8</ele>
      </trkpt>
      <trkpt lat="49.09134" lon="22.81345">
        <ele>766.8</ele>
      </trkpt>
      <trkpt lat="49.09112" lon="22.81271">
        <ele>760.4</ele>
      </trkpt>
      <trkpt lat="49.0911" lon="22.8125">
        <ele>760.4</ele>
      </trkpt>
      <trkpt lat="49.09111" lon="22.81234">
        <ele>759.6</ele>
      </trkpt>
      <trkpt lat="49.09117" lon="22.81199">
        <ele>757.1</ele>
      </trkpt>
      <trkpt lat="49.09146" lon="22.81119">
        <ele>756.0</ele>
      </trkpt>
      <trkpt lat="49.09166" lon="22.81097">
        <ele>758.5</ele>
      </trkpt>
      <trkpt lat="49.09225" lon="22.81071">
        <ele>764.1</ele>
      </trkpt>
      <trkpt lat="49.09252" lon="22.81049">
        <ele>765.2</ele>
      </trkpt>
      <trkpt lat="49.09271" lon="22.81005">
        <ele>766.8</ele>
      </trkpt>
      <trkpt lat="49.09274" lon="22.80968">
        <ele>767.8</ele>
      </trkpt>
      <trkpt lat="49.09264" lon="22.80895">
        <ele>766.7</ele>
      </trkpt>
      <trkpt lat="49.09269" lon="22.80866">
        <ele>765.5</ele>
      </trkpt>
      <trkpt lat="49.09287" lon="22.8084">
        <ele>764.8</ele>
      </trkpt>
      <trkpt lat="49.09313" lon="22.80825">
        <ele>765.8</ele>
      </trkpt>
      <trkpt lat="49.09365" lon="22.80825">
        <ele>770.1</ele>
      </trkpt>
      <trkpt lat="49.09385" lon="22.80811">
        <ele>771.9</ele>
      </trkpt>
      <trkpt lat="49.09401" lon="22.80781">
        <ele>774.4</ele>
      </trkpt>
      <trkpt lat="49.09434" lon="22.80661">
        <ele>774.3</ele>
      </trkpt>
      <trkpt lat="49.09452" lon="22.8063">
        <ele>772.2</ele>
      </trkpt>
      <trkpt lat="49.09468" lon="22.80617">
        <ele>771.6</ele>
      </trkpt>
      <trkpt lat="49.09526" lon="22.80596">
        <ele>775.4</ele>
      </trkpt>
      <trkpt lat="49.0955" lon="22.80582">
        <ele>777.2</ele>
      </trkpt>
      <trkpt lat="49.09568" lon="22.80563">
        <ele>778.5</ele>
      </trkpt>
      <trkpt lat="49.09605" lon="22.80491">
        <ele>782.4</ele>
      </trkpt>
      <trkpt lat="49.09642" lon="22.80419">
        <ele>784.6</ele>
      </trkpt>
      <trkpt lat="49.09684" lon="22.80331">
        <ele>788.3</ele>
      </trkpt>
      <trkpt lat="49.09699" lon="22.80295">
        <ele>789.9</ele>
      </trkpt>
      <trkpt lat="49.09707" lon="22.80252">
        <ele>790.8</ele>
      </trkpt>
      <trkpt lat="49.09712" lon="22.80167">
        <ele>794.8</ele>
      </trkpt>
      <trkpt lat="49.09717" lon="22.80144">
        <ele>795.2</ele>
      </trkpt>
      <trkpt lat="49.0973" lon="22.80122">
        <ele>795.5</ele>
      </trkpt>
      <trkpt lat="49.09765" lon="22.80081">
        <ele>792.7</ele>
      </trkpt>
      <trkpt lat="49.09788" lon="22.8006">
        <ele>791.3</ele>
      </trkpt>
      <trkpt lat="49.09811" lon="22.80052">
        <ele>790.7</ele>
      </trkpt>
      <trkpt lat="49.0983" lon="22.8005">
        <ele>791.0</ele>
      </trkpt>
      <trkpt lat="49.09846" lon="22.80054">
        <ele>791.3</ele>
      </trkpt>
      <trkpt lat="49.09914" lon="22.80052">
        <ele>793.5</ele>
      </trkpt>
      <trkpt lat="49.09982" lon="22.8005">
        <ele>794.2</ele>
      </trkpt>
      <trkpt lat="49.09999" lon="22.80038">
        <ele>794.4</ele>
      </trkpt>
      <trkpt lat="49.10007" lon="22.80018">
        <ele>794.4</ele>
      </trkpt>
      <trkpt lat="49.10012" lon="22.79993">
        <ele>794.5</ele>
      </trkpt>
      <trkpt lat="49.10005" lon="22.79951">
        <ele>795.1</ele>
      </trkpt>
      <trkpt lat="49.099803" lon="22.79843">
        <ele>800.2</ele>
      </trkpt>
      <trkpt lat="49.099555" lon="22.79735">
        <ele>802.0</ele>
      </trkpt>
      <trkpt lat="49.099308" lon="22.79627">
        <ele>802.4</ele>
      </trkpt>
      <trkpt lat="49.09906" lon="22.79519">
        <ele>804.3</ele>
      </trkpt>
      <trkpt lat="49.09906" lon="22.79489">
        <ele>804.9</ele>
      </trkpt>
      <trkpt lat="49.09926" lon="22.79393">
        <ele>808.3</ele>
      </trkpt>
      <trkpt lat="49.09942" lon="22.7936">
        <ele>809.6</ele>
      </trkpt>
      <trkpt lat="49.09957" lon="22.79339">
        <ele>810.8</ele>
      </trkpt>
      <trkpt lat="49.09993" lon="22.79297">
        <ele>813.7</ele>
      </trkpt>
      <trkpt lat="49.1001" lon="22.79285">
        <ele>814.1</ele>
      </trkpt>
      <trkpt lat="49.10027" lon="22.79279">
        <ele>814.1</ele>
      </trkpt>
      <trkpt lat="49.100883" lon="22.792847">
        <ele>814.6</ele>
      </trkpt>
      <trkpt lat="49.101497" lon="22.792903">
        <ele>816.5</ele>
      </trkpt>
      <trkpt lat="49.10211" lon="22.79296">
        <ele>818.8</ele>
      </trkpt>
      <trkpt lat="49.1025" lon="22.79303">
        <ele>819.2</ele>
      </trkpt>
      <trkpt lat="49.103195" lon="22.793285">
        <ele>819.5</ele>
      </trkpt>
      <trkpt lat="49.10389" lon="22.79354">
        <ele>822.3</ele>
      </trkpt>
      <trkpt lat="49.10401" lon="22.79354">
        <ele>822.3</ele>
      </trkpt>
      <trkpt lat="49.10414" lon="22.7935">
        <ele>822.8</ele>
      </trkpt>
      <trkpt lat="49.1043" lon="22.79335">
        <ele>823.3</ele>
      </trkpt>
      <trkpt lat="49.10439" lon="22.79318">
        <ele>824.0</ele>
      </trkpt>
      <trkpt lat="49.10445" lon="22.79285">
        <ele>824.7</ele>
      </trkpt>
      <trkpt lat="49.10454" lon="22.791663">
        <ele>823.8</ele>
      </trkpt>
      <trkpt lat="49.10463" lon="22.790477">
        <ele>825.6</ele>
      </trkpt>
      <trkpt lat="49.10472" lon="22.78929">
        <ele>827.1</ele>
      </trkpt>
      <trkpt lat="49.10478" lon="22.789">
        <ele>827.4</ele>
      </trkpt>
      <trkpt lat="49.10493" lon="22.78876">
        <ele>827.9</ele>
      </trkpt>
      <trkpt lat="49.10509" lon="22.78861">
        <ele>828.8</ele>
      </trkpt>
      <trkpt lat="49.1054" lon="22.7883">
        <ele>832.6</ele>
      </trkpt>
      <trkpt lat="49.10555" lon="22.78819">
        <ele>834.5</ele>
      </trkpt>
      <trkpt lat="49.10589" lon="22.78728">
        <ele>836.4</ele>
      </trkpt>
      <trkpt lat="49.10592" lon="22.78706">
        <ele>836.8</ele>
      </trkpt>
      <trkpt lat="49.1059" lon="22.78681">
        <ele>837.0</ele>
      </trkpt>
      <trkpt lat="49.10579" lon="22.78636">
        <ele>839.0</ele>
      </trkpt>
      <trkpt lat="49.10578" lon="22.78619">
        <ele>839.1</ele>
      </trkpt>
      <trkpt lat="49.10584" lon="22.78581">
        <ele>838.6</ele>
      </trkpt>
      <trkpt lat="49.10595" lon="22.78562">
        <ele>837.8</ele>
      </trkpt>
      <trkpt lat="49.106305" lon="22.78513">
        <ele>834.0</ele>
      </trkpt>
      <trkpt lat="49.10666" lon="22.78464">
        <ele>826.7</ele>
      </trkpt>
      <trkpt lat="49.10681" lon="22.78449">
        <ele>824.7</ele>
      </trkpt>
      <trkpt lat="49.10703" lon="22.78433">
        <ele>822.5</ele>
      </trkpt>
      <trkpt lat="49.1072" lon="22.7843">
        <ele>820.7</ele>
      </trkpt>
      <trkpt lat="49.1077" lon="22.78448">
        <ele>813.4</ele>
      </trkpt>
      <trkpt lat="49.1078" lon="22.78448">
        <ele>813.4</ele>
      </trkpt>
      <trkpt lat="49.10827" lon="22.78424">
        <ele>805.5</ele>
      </trkpt>
      <trkpt lat="49.1084" lon="22.78421">
        <ele>803.8</ele>
      </trkpt>
      <trkpt lat="49.10855" lon="22.78424">
        <ele>800.1</ele>
      </trkpt>
      <trkpt lat="49.10873" lon="22.78431">
        <ele>800.1</ele>
      </trkpt>
      <trkpt lat="49.10891" lon="22.78433">
        <ele>797.0</ele>
      </trkpt>
      <trkpt lat="49.10908" lon="22.78427">
        <ele>794.7</ele>
      </trkpt>
      <trkpt lat="49.10927" lon="22.7841">
        <ele>792.0</ele>
      </trkpt>
      <trkpt lat="49.10948" lon="22.78406">
        <ele>788.5</ele>
      </trkpt>
      <trkpt lat="49.10978" lon="22.78416">
        <ele>785.8</ele>
      </trkpt>
      <trkpt lat="49.110495" lon="22.784185">
        <ele>776.7</ele>
      </trkpt>
      <trkpt lat="49.11121" lon="22.78421">
        <ele>771.2</ele>
      </trkpt>
      <trkpt lat="49.11147" lon="22.78427">
        <ele>768.5</ele>
      </trkpt>
      <trkpt lat="49.11166" lon="22.78438">
        <ele>767.2</ele>
      </trkpt>
      <trkpt lat="49.11201" lon="22.78465">
        <ele>762.5</ele>
      </trkpt>
      <trkpt lat="49.11253" lon="22.78488">
        <ele>759.1</ele>
      </trkpt>
      <trkpt lat="49.11308" lon="22.78518">
        <ele>753.9</ele>
      </trkpt>
      <trkpt lat="49.11345" lon="22.78528">
        <ele>749.9</ele>
      </trkpt>
      <trkpt lat="49.11401" lon="22.78529">
        <ele>749.7</ele>
      </trkpt>
      <trkpt lat="49.11457" lon="22.7853">
        <ele>748.9</ele>
      </trkpt>
      <trkpt lat="49.11484" lon="22.78528">
        <ele>748.2</ele>
      </trkpt>
      <trkpt lat="49.11511" lon="22.78519">
        <ele>746.4</ele>
      </trkpt>
      <trkpt lat="49.11536" lon="22.78503">
        <ele>746.2</ele>
      </trkpt>
      <trkpt lat="49.1157" lon="22.78475">
        <ele>744.8</ele>
      </trkpt>
      <trkpt lat="49.11588" lon="22.78467">
        <ele>744.0</ele>
      </trkpt>
      <trkpt lat="49.11602" lon="22.78465">
        <ele>743.3</ele>
      </trkpt>
      <trkpt lat="49.11676" lon="22.78467">
        <ele>737.0</ele>
      </trkpt>
      <trkpt lat="49.11746" lon="22.78478">
        <ele>731.2</ele>
      </trkpt>
      <trkpt lat="49.11743" lon="22.78466">
        <ele>731.1</ele>
      </trkpt>
      <trkpt lat="49.11742" lon="22.78453">
        <ele>731.5</ele>
      </trkpt>
      <trkpt lat="49.11745" lon="22.78426">
        <ele>732.5</ele>
      </trkpt>
      <trkpt lat="49.11752" lon="22.7841">
        <ele>733.2</ele>
      </trkpt>
      <trkpt lat="49.11759" lon="22.78403">
        <ele>733.7</ele>
      </trkpt>
      <trkpt lat="49.1177" lon="22.78397">
        <ele>734.3</ele>
      </trkpt>
      <trkpt lat="49.1178" lon="22.78397">
        <ele>735.2</ele>
      </trkpt>
      <trkpt lat="49.11847" lon="22.7841">
        <ele>738.4</ele>
      </trkpt>
      <trkpt lat="49.11897" lon="22.78422">
        <ele>741.0</ele>
      </trkpt>
      <trkpt lat="49.11947" lon="22.78434">
        <ele>743.3</ele>
      </trkpt>
      <trkpt lat="49.11961" lon="22.78434">
        <ele>744.5</ele>
      </trkpt>
      <trkpt lat="49.11978" lon="22.78428">
        <ele>745.0</ele>
      </trkpt>
      <trkpt lat="49.11993" lon="22.7841">
        <ele>745.9</ele>
      </trkpt>
      <trkpt lat="49.12045" lon="22.78329">
        <ele>748.8</ele>
      </trkpt>
      <trkpt lat="49.12054" lon="22.78312">
        <ele>749.3</ele>
      </trkpt>
      <trkpt lat="49.12058" lon="22.78297">
        <ele>750.7</ele>
      </trkpt>
      <trkpt lat="49.1206" lon="22.78281">
        <ele>751.2</ele>
      </trkpt>
      <trkpt lat="49.12059" lon="22.78261">
        <ele>751.7</ele>
      </trkpt>
      <trkpt lat="49.12032" lon="22.78162">
        <ele>751.5</ele>
      </trkpt>
      <trkpt lat="49.12029" lon="22.78137">
        <ele>751.3</ele>
      </trkpt>
      <trkpt lat="49.12031" lon="22.78116">
        <ele>751.4</ele>
      </trkpt>
      <trkpt lat="49.12035" lon="22.78106">
        <ele>751.6</ele>
      </trkpt>
      <trkpt lat="49.12042" lon="22.78096">
        <ele>752.0</ele>
      </trkpt>
      <trkpt lat="49.12052" lon="22.7809">
        <ele>752.6</ele>
      </trkpt>
      <trkpt lat="49.12066" lon="22.78087">
        <ele>754.2</ele>
      </trkpt>
      <trkpt lat="49.1208" lon="22.78091">
        <ele>755.0</ele>
      </trkpt>
      <trkpt lat="49.12093" lon="22.78097">
        <ele>756.4</ele>
      </trkpt>
      <trkpt lat="49.12124" lon="22.78124">
        <ele>758.8</ele>
      </trkpt>
      <trkpt lat="49.12167" lon="22.78178">
        <ele>762.8</ele>
      </trkpt>
      <trkpt lat="49.1218" lon="22.78185">
        <ele>762.8</ele>
      </trkpt>
      <trkpt lat="49.12201" lon="22.78184">
        <ele>765.0</ele>
      </trkpt>
      <trkpt lat="49.12211" lon="22.78176">
        <ele>765.0</ele>
      </trkpt>
      <trkpt lat="49.12222" lon="22.78155">
        <ele>766.6</ele>
      </trkpt>
      <trkpt lat="49.12245" lon="22.78096">
        <ele>769.8</ele>
      </trkpt>
      <trkpt lat="49.12261" lon="22.78039">
        <ele>771.0</ele>
      </trkpt>
      <trkpt lat="49.12296" lon="22.7796">
        <ele>771.6</ele>
      </trkpt>
      <trkpt lat="49.12308" lon="22.77926">
        <ele>771.6</ele>
      </trkpt>
      <trkpt lat="49.12314" lon="22.77892">
        <ele>771.6</ele>
      </trkpt>
      <trkpt lat="49.12314" lon="22.7784">
        <ele>770.9</ele>
      </trkpt>
      <trkpt lat="49.123013" lon="22.777355">
        <ele>768.6</ele>
      </trkpt>
      <trkpt lat="49.122885" lon="22.77631">
        <ele>766.1</ele>
      </trkpt>
      <trkpt lat="49.122758" lon="22.775265">
        <ele>764.9</ele>
      </trkpt>
      <trkpt lat="49.12263" lon="22.77422">
        <ele>764.7</ele>
      </trkpt>
      <trkpt lat="49.12261" lon="22.77386">
        <ele>764.8</ele>
      </trkpt>
      <trkpt lat="49.12262" lon="22.77356">
        <ele>765.2</ele>
      </trkpt>
      <trkpt lat="49.12273" lon="22.77303">
        <ele>765.1</ele>
      </trkpt>
      <trkpt lat="49.12295" lon="22.7725">
        <ele>764.1</ele>
      </trkpt>
      <trkpt lat="49.123393" lon="22.771615">
        <ele>761.2</ele>
      </trkpt>
      <trkpt lat="49.123835" lon="22.77073">
        <ele>760.9</ele>
      </trkpt>
      <trkpt lat="49.124278" lon="22.769845">
        <ele>760.1</ele>
      </trkpt>
      <trkpt lat="49.12472" lon="22.76896">
        <ele>756.9</ele>
      </trkpt>
      <trkpt lat="49.12506" lon="22.76841">
        <ele>755.5</ele>
      </trkpt>
      <trkpt lat="49.12548" lon="22.76785">
        <ele>754.2</ele>
      </trkpt>
      <trkpt lat="49.1259" lon="22.76729">
        <ele>753.8</ele>
      </trkpt>
      <trkpt lat="49.12631" lon="22.76661">
        <ele>752.4</ele>
      </trkpt>
      <trkpt lat="49.126665" lon="22.765795">
        <ele>750.3</ele>
      </trkpt>
      <trkpt lat="49.12702" lon="22.76498">
        <ele>749.7</ele>
      </trkpt>
      <trkpt lat="49.12712" lon="22.7646">
        <ele>749.4</ele>
      </trkpt>
      <trkpt lat="49.12718" lon="22.76422">
        <ele>749.3</ele>
      </trkpt>
      <trkpt lat="49.12723" lon="22.76367">
        <ele>749.0</ele>
      </trkpt>
      <trkpt lat="49.12728" lon="22.76259">
        <ele>747.7</ele>
      </trkpt>
      <trkpt lat="49.12738" lon="22.761565">
        <ele>746.5</ele>
      </trkpt>
      <trkpt lat="49.12748" lon="22.76054">
        <ele>744.4</ele>
      </trkpt>
      <trkpt lat="49.12758" lon="22.75971">
        <ele>743.5</ele>
      </trkpt>
      <trkpt lat="49.12768" lon="22.75888">
        <ele>742.6</ele>
      </trkpt>
      <trkpt lat="49.1277" lon="22.7584">
        <ele>742.1</ele>
      </trkpt>
      <trkpt lat="49.12765" lon="22.75801">
        <ele>740.8</ele>
      </trkpt>
      <trkpt lat="49.127335" lon="22.756755">
        <ele>738.7</ele>
      </trkpt>
      <trkpt lat="49.12702" lon="22.7555">
        <ele>735.7</ele>
      </trkpt>
      <trkpt lat="49.12701" lon="22.75487">
        <ele>734.4</ele>
      </trkpt>
      <trkpt lat="49.12708" lon="22.75437">
        <ele>733.5</ele>
      </trkpt>
      <trkpt lat="49.127235" lon="22.75368">
        <ele>732.7</ele>
      </trkpt>
      <trkpt lat="49.12739" lon="22.75299">
        <ele>732.2</ele>
      </trkpt>
      <trkpt lat="49.1275" lon="22.75217">
        <ele>731.7</ele>
      </trkpt>
      <trkpt lat="49.12753" lon="22.7508">
        <ele>730.3</ele>
      </trkpt>
      <trkpt lat="49.12756" lon="22.74943">
        <ele>729.1</ele>
      </trkpt>
      <trkpt lat="49.12763" lon="22.74868">
        <ele>727.5</ele>
      </trkpt>
      <trkpt lat="49.12772" lon="22.74826">
        <ele>726.9</ele>
      </trkpt>
      <trkpt lat="49.12794" lon="22.74744">
        <ele>726.0</ele>
      </trkpt>
      <trkpt lat="49.1281" lon="22.74706">
        <ele>725.2</ele>
      </trkpt>
      <trkpt lat="49.12823" lon="22.7469">
        <ele>724.6</ele>
      </trkpt>
      <trkpt lat="49.12847" lon="22.74666">
        <ele>723.8</ele>
      </trkpt>
      <trkpt lat="49.1287" lon="22.74655">
        <ele>723.1</ele>
      </trkpt>
      <trkpt lat="49.12929" lon="22.74635">
        <ele>721.8</ele>
      </trkpt>
      <trkpt lat="49.12988" lon="22.74615">
        <ele>721.3</ele>
      </trkpt>
      <trkpt lat="49.13014" lon="22.74598">
        <ele>721.2</ele>
      </trkpt>
      <trkpt lat="49.1303" lon="22.74582">
        <ele>720.6</ele>
      </trkpt>
      <trkpt lat="49.13086" lon="22.74521">
        <ele>718.5</ele>
      </trkpt>
      <trkpt lat="49.13142" lon="22.7446">
        <ele>716.4</ele>
      </trkpt>
      <trkpt lat="49.1316" lon="22.74429">
        <ele>714.5</ele>
      </trkpt>
      <trkpt lat="49.13183" lon="22.74383">
        <ele>713.0</ele>
      </trkpt>
      <trkpt lat="49.132" lon="22.74331">
        <ele>711.6</ele>
      </trkpt>
      <trkpt lat="49.13129" lon="22.74292">
        <ele>718.4</ele>
      </trkpt>
      <trkpt lat="49.13072" lon="22.742437">
        <ele>724.7</ele>
      </trkpt>
      <trkpt lat="49.13015" lon="22.741953">
        <ele>724.2</ele>
      </trkpt>
      <trkpt lat="49.12958" lon="22.74147">
        <ele>723.7</ele>
      </trkpt>
      <trkpt lat="49.12917" lon="22.74097">
        <ele>725.8</ele>
      </trkpt>
      <trkpt lat="49.12867" lon="22.74024">
        <ele>731.0</ele>
      </trkpt>
      <trkpt lat="49.12854" lon="22.73959">
        <ele>729.6</ele>
      </trkpt>
      <trkpt lat="49.128435" lon="22.73858">
        <ele>729.3</ele>
      </trkpt>
      <trkpt lat="49.12833" lon="22.73757">
        <ele>732.0</ele>
      </trkpt>
      <trkpt lat="49.12827" lon="22.73713">
        <ele>733.1</ele>
      </trkpt>
      <trkpt lat="49.12808" lon="22.73659">
        <ele>735.2</ele>
      </trkpt>
      <trkpt lat="49.12798" lon="22.73625">
        <ele>737.5</ele>
      </trkpt>
      <trkpt lat="49.12796" lon="22.73585">
        <ele>738.9</ele>
      </trkpt>
      <trkpt lat="49.12803" lon="22.73539">
        <ele>740.7</ele>
      </trkpt>
      <trkpt lat="49.12808" lon="22.73457">
        <ele>743.5</ele>
      </trkpt>
      <trkpt lat="49.12808" lon="22.73396">
        <ele>745.6</ele>
      </trkpt>
      <trkpt lat="49.128" lon="22.73305">
        <ele>751.4</ele>
      </trkpt>
      <trkpt lat="49.12791" lon="22.73263">
        <ele>754.1</ele>
      </trkpt>
      <trkpt lat="49.12762" lon="22.73197">
        <ele>759.3</ele>
      </trkpt>
      <trkpt lat="49.12727" lon="22.73101">
        <ele>762.5</ele>
      </trkpt>
      <trkpt lat="49.127015" lon="22.730025">
        <ele>767.6</ele>
      </trkpt>
      <trkpt lat="49.12676" lon="22.72904">
        <ele>772.1</ele>
      </trkpt>
      <trkpt lat="49.12661" lon="22.72875">
        <ele>772.7</ele>
      </trkpt>
      <trkpt lat="49.12642" lon="22.72852">
        <ele>773.9</ele>
      </trkpt>
      <trkpt lat="49.12572" lon="22.728105">
        <ele>777.6</ele>
      </trkpt>
      <trkpt lat="49.12502" lon="22.72769">
        <ele>781.9</ele>
      </trkpt>
      <trkpt lat="49.12487" lon="22.72741">
        <ele>782.2</ele>
      </trkpt>
      <trkpt lat="49.12446" lon="22.7262">
        <ele>783.6</ele>
      </trkpt>
      <trkpt lat="49.12425" lon="22.72588">
        <ele>787.1</ele>
      </trkpt>
      <trkpt lat="49.12373" lon="22.72545">
        <ele>790.6</ele>
      </trkpt>
      <trkpt lat="49.12358" lon="22.72518">
        <ele>792.2</ele>
      </trkpt>
      <trkpt lat="49.12356" lon="22.72493">
        <ele>793.0</ele>
      </trkpt>
      <trkpt lat="49.12368" lon="22.72464">
        <ele>794.7</ele>
      </trkpt>
      <trkpt lat="49.12382" lon="22.72443">
        <ele>797.2</ele>
      </trkpt>
      <trkpt lat="49.12446" lon="22.72422">
        <ele>803.1</ele>
      </trkpt>
      <trkpt lat="49.1247" lon="22.72411">
        <ele>805.4</ele>
      </trkpt>
      <trkpt lat="49.12484" lon="22.7239">
        <ele>806.9</ele>
      </trkpt>
      <trkpt lat="49.12492" lon="22.72365">
        <ele>809.0</ele>
      </trkpt>
      <trkpt lat="49.12495" lon="22.72322">
        <ele>810.5</ele>
      </trkpt>
      <trkpt lat="49.12485" lon="22.7228">
        <ele>813.9</ele>
      </trkpt>
      <trkpt lat="49.12465" lon="22.72232">
        <ele>816.1</ele>
      </trkpt>
      <trkpt lat="49.12449" lon="22.72202">
        <ele>820.3</ele>
      </trkpt>
      <trkpt lat="49.12395" lon="22.72139">
        <ele>825.8</ele>
      </trkpt>
      <trkpt lat="49.12375" lon="22.721">
        <ele>826.8</ele>
      </trkpt>
      <trkpt lat="49.12376" lon="22.72078">
        <ele>826.6</ele>
      </trkpt>
      <trkpt lat="49.12389" lon="22.72062">
        <ele>826.7</ele>
      </trkpt>
      <trkpt lat="49.12414" lon="22.72068">
        <ele>827.5</ele>
      </trkpt>
      <trkpt lat="49.12431" lon="22.72058">
        <ele>829.0</ele>
      </trkpt>
      <trkpt lat="49.12471" lon="22.72006">
        <ele>836.5</ele>
      </trkpt>
      <trkpt lat="49.12504" lon="22.71946">
        <ele>842.1</ele>
      </trkpt>
      <trkpt lat="49.12519" lon="22.71927">
        <ele>844.6</ele>
      </trkpt>
      <trkpt lat="49.12544" lon="22.71903">
        <ele>846.6</ele>
      </trkpt>
      <trkpt lat="49.12616" lon="22.71857">
        <ele>851.3</ele>
      </trkpt>
      <trkpt lat="49.12624" lon="22.71837">
        <ele>850.2</ele>
      </trkpt>
      <trkpt lat="49.1263" lon="22.71812">
        <ele>848.4</ele>
      </trkpt>
      <trkpt lat="49.12633" lon="22.71744">
        <ele>844.5</ele>
      </trkpt>
      <trkpt lat="49.12629" lon="22.71719">
        <ele>843.5</ele>
      </trkpt>
      <trkpt lat="49.12611" lon="22.7167">
        <ele>839.1</ele>
      </trkpt>
      <trkpt lat="49.12607" lon="22.71635">
        <ele>836.5</ele>
      </trkpt>
      <trkpt lat="49.1261" lon="22.71578">
        <ele>833.9</ele>
      </trkpt>
      <trkpt lat="49.12621" lon="22.71487">
        <ele>828.5</ele>
      </trkpt>
      <trkpt lat="49.12645" lon="22.71402">
        <ele>820.9</ele>
      </trkpt>
      <trkpt lat="49.12646" lon="22.7138">
        <ele>820.0</ele>
      </trkpt>
      <trkpt lat="49.12632" lon="22.71286">
        <ele>809.5</ele>
      </trkpt>
      <trkpt lat="49.12617" lon="22.71241">
        <ele>806.8</ele>
      </trkpt>
      <trkpt lat="49.12616" lon="22.71201">
        <ele>803.7</ele>
      </trkpt>
      <trkpt lat="49.12621" lon="22.71187">
        <ele>802.7</ele>
      </trkpt>
      <trkpt lat="49.12634" lon="22.71182">
        <ele>802.0</ele>
      </trkpt>
      <trkpt lat="49.12704" lon="22.71203">
        <ele>796.8</ele>
      </trkpt>
      <trkpt lat="49.12745" lon="22.71213">
        <ele>792.7</ele>
      </trkpt>
      <trkpt lat="49.12766" lon="22.71197">
        <ele>791.4</ele>
      </trkpt>
      <trkpt lat="49.12783" lon="22.71192">
        <ele>790.3</ele>
      </trkpt>
      <trkpt lat="49.12816" lon="22.7121">
        <ele>787.4</ele>
      </trkpt>
      <trkpt lat="49.12882" lon="22.71257">
        <ele>781.7</ele>
      </trkpt>
      <trkpt lat="49.12916" lon="22.71253">
        <ele>776.0</ele>
      </trkpt>
      <trkpt lat="49.12934" lon="22.71265">
        <ele>774.9</ele>
      </trkpt>
      <trkpt lat="49.13009" lon="22.71257">
        <ele>766.2</ele>
      </trkpt>
      <trkpt lat="49.13044" lon="22.71245">
        <ele>762.8</ele>
      </trkpt>
      <trkpt lat="49.13072" lon="22.71213">
        <ele>761.3</ele>
      </trkpt>
      <trkpt lat="49.13087" lon="22.71203">
        <ele>760.5</ele>
      </trkpt>
      <trkpt lat="49.13124" lon="22.71197">
        <ele>758.0</ele>
      </trkpt>
      <trkpt lat="49.13146" lon="22.71201">
        <ele>755.4</ele>
      </trkpt>
      <trkpt lat="49.13173" lon="22.71211">
        <ele>753.1</ele>
      </trkpt>
      <trkpt lat="49.13233" lon="22.71189">
        <ele>747.6</ele>
      </trkpt>
      <trkpt lat="49.13276" lon="22.71192">
        <ele>746.5</ele>
      </trkpt>
      <trkpt lat="49.13275" lon="22.71063">
        <ele>755.8</ele>
      </trkpt>
      <trkpt lat="49.13268" lon="22.71017">
        <ele>757.0</ele>
      </trkpt>
      <trkpt lat="49.13236" lon="22.70965">
        <ele>760.3</ele>
      </trkpt>
      <trkpt lat="49.13204" lon="22.70913">
        <ele>764.6</ele>
      </trkpt>
      <trkpt lat="49.13187" lon="22.70849">
        <ele>768.7</ele>
      </trkpt>
      <trkpt lat="49.13174" lon="22.70813">
        <ele>772.5</ele>
      </trkpt>
      <trkpt lat="49.13132" lon="22.70773">
        <ele>775.8</ele>
      </trkpt>
      <trkpt lat="49.130955" lon="22.707105">
        <ele>782.6</ele>
      </trkpt>
      <trkpt lat="49.13059" lon="22.70648">
        <ele>785.5</ele>
      </trkpt>
      <trkpt lat="49.13032" lon="22.7056">
        <ele>791.3</ele>
      </trkpt>
      <trkpt lat="49.13018" lon="22.70532">
        <ele>792.2</ele>
      </trkpt>
      <trkpt lat="49.13011" lon="22.70506">
        <ele>792.5</ele>
      </trkpt>
      <trkpt lat="49.13012" lon="22.70485">
        <ele>793.6</ele>
      </trkpt>
      <trkpt lat="49.13019" lon="22.70469">
        <ele>795.1</ele>
      </trkpt>
      <trkpt lat="49.13027" lon="22.70456">
        <ele>795.1</ele>
      </trkpt>
      <trkpt lat="49.13027" lon="22.70457">
        <ele>795.1</ele>
      </trkpt>
      <trkpt lat="49.13107" lon="22.704125">
        <ele>803.7</ele>
      </trkpt>
      <trkpt lat="49.13187" lon="22.70368">
        <ele>808.1</ele>
      </trkpt>
      <trkpt lat="49.13265" lon="22.70318">
        <ele>803.4</ele>
      </trkpt>
      <trkpt lat="49.13288" lon="22.70299">
        <ele>801.1</ele>
      </trkpt>
      <trkpt lat="49.13351" lon="22.70232">
        <ele>793.3</ele>
      </trkpt>
      <trkpt lat="49.13372" lon="22.7022">
        <ele>791.7</ele>
      </trkpt>
      <trkpt lat="49.13395" lon="22.7022">
        <ele>789.9</ele>
      </trkpt>
      <trkpt lat="49.13426" lon="22.70243">
        <ele>786.7</ele>
      </trkpt>
      <trkpt lat="49.13445" lon="22.70248">
        <ele>784.4</ele>
      </trkpt>
      <trkpt lat="49.1347" lon="22.70247">
        <ele>782.3</ele>
      </trkpt>
      <trkpt lat="49.1348" lon="22.70244">
        <ele>782.3</ele>
      </trkpt>
      <trkpt lat="49.13511" lon="22.70225">
        <ele>778.1</ele>
      </trkpt>
      <trkpt lat="49.1353" lon="22.70217">
        <ele>776.9</ele>
      </trkpt>
      <trkpt lat="49.13542" lon="22.70219">
        <ele>775.2</ele>
      </trkpt>
      <trkpt lat="49.13564" lon="22.70229">
        <ele>771.1</ele>
      </trkpt>
      <trkpt lat="49.13575" lon="22.70225">
        <ele>770.4</ele>
      </trkpt>
      <trkpt lat="49.13595" lon="22.70203">
        <ele>766.9</ele>
      </trkpt>
      <trkpt lat="49.13614" lon="22.70188">
        <ele>765.9</ele>
      </trkpt>
      <trkpt lat="49.13652" lon="22.70152">
        <ele>759.2</ele>
      </trkpt>
      <trkpt lat="49.13678" lon="22.70116">
        <ele>756.3</ele>
      </trkpt>
      <trkpt lat="49.13714" lon="22.70057">
        <ele>751.4</ele>
      </trkpt>
      <trkpt lat="49.1375" lon="22.69998">
        <ele>747.8</ele>
      </trkpt>
      <trkpt lat="49.13779" lon="22.69972">
        <ele>745.1</ele>
      </trkpt>
      <trkpt lat="49.13809" lon="22.6994">
        <ele>741.1</ele>
      </trkpt>
      <trkpt lat="49.13816" lon="22.69935">
        <ele>740.5</ele>
      </trkpt>
      <trkpt lat="49.13821" lon="22.69934">
        <ele>740.0</ele>
      </trkpt>
      <trkpt lat="49.1383" lon="22.69936">
        <ele>738.7</ele>
      </trkpt>
      <trkpt lat="49.1384" lon="22.69943">
        <ele>737.3</ele>
      </trkpt>
      <trkpt lat="49.1386" lon="22.69966">
        <ele>733.7</ele>
      </trkpt>
      <trkpt lat="49.13867" lon="22.69968">
        <ele>731.8</ele>
      </trkpt>
      <trkpt lat="49.13875" lon="22.69967">
        <ele>730.7</ele>
      </trkpt>
      <trkpt lat="49.13885" lon="22.69951">
        <ele>729.6</ele>
      </trkpt>
      <trkpt lat="49.13886" lon="22.69928">
        <ele>727.0</ele>
      </trkpt>
      <trkpt lat="49.13878" lon="22.6984">
        <ele>721.6</ele>
      </trkpt>
      <trkpt lat="49.13878" lon="22.69787">
        <ele>718.3</ele>
      </trkpt>
      <trkpt lat="49.13888" lon="22.69747">
        <ele>716.5</ele>
      </trkpt>
      <trkpt lat="49.13896" lon="22.69729">
        <ele>716.5</ele>
      </trkpt>
      <trkpt lat="49.13905" lon="22.69715">
        <ele>715.2</ele>
      </trkpt>
      <trkpt lat="49.13913" lon="22.69706">
        <ele>714.5</ele>
      </trkpt>
      <trkpt lat="49.13922" lon="22.69701">
        <ele>712.9</ele>
      </trkpt>
      <trkpt lat="49.14001" lon="22.69683">
        <ele>707.4</ele>
      </trkpt>
      <trkpt lat="49.14043" lon="22.69647">
        <ele>705.0</ele>
      </trkpt>
      <trkpt lat="49.1407" lon="22.69629">
        <ele>701.6</ele>
      </trkpt>
      <trkpt lat="49.14073" lon="22.69617">
        <ele>701.0</ele>
      </trkpt>
      <trkpt lat="49.14072" lon="22.69608">
        <ele>699.0</ele>
      </trkpt>
      <trkpt lat="49.14069" lon="22.696">
        <ele>699.0</ele>
      </trkpt>
      <trkpt lat="49.14061" lon="22.69592">
        <ele>697.7</ele>
      </trkpt>
      <trkpt lat="49.1404" lon="22.69583">
        <ele>695.0</ele>
      </trkpt>
      <trkpt lat="49.13954" lon="22.69579">
        <ele>687.7</ele>
      </trkpt>
      <trkpt lat="49.13906" lon="22.69588">
        <ele>683.5</ele>
      </trkpt>
      <trkpt lat="49.13882" lon="22.69588">
        <ele>682.1</ele>
      </trkpt>
      <trkpt lat="49.13845" lon="22.69583">
        <ele>678.5</ele>
      </trkpt>
      <trkpt lat="49.13825" lon="22.69573">
        <ele>675.6</ele>
      </trkpt>
      <trkpt lat="49.13821" lon="22.69563">
        <ele>675.6</ele>
      </trkpt>
      <trkpt lat="49.1382" lon="22.69551">
        <ele>674.2</ele>
      </trkpt>
      <trkpt lat="49.13824" lon="22.69534">
        <ele>673.3</ele>
      </trkpt>
      <trkpt lat="49.13837" lon="22.69503">
        <ele>671.6</ele>
      </trkpt>
      <trkpt lat="49.1385" lon="22.69484">
        <ele>669.2</ele>
      </trkpt>
      <trkpt lat="49.13869" lon="22.69464">
        <ele>667.5</ele>
      </trkpt>
      <trkpt lat="49.13882" lon="22.69454">
        <ele>666.6</ele>
      </trkpt>
      <trkpt lat="49.13904" lon="22.6943">
        <ele>665.5</ele>
      </trkpt>
      <trkpt lat="49.13964" lon="22.69329">
        <ele>660.5</ele>
      </trkpt>
      <trkpt lat="49.13994" lon="22.692725">
        <ele>658.1</ele>
      </trkpt>
      <trkpt lat="49.14024" lon="22.69216">
        <ele>654.4</ele>
      </trkpt>
      <trkpt lat="49.14077" lon="22.69196">
        <ele>651.1</ele>
      </trkpt>
      <trkpt lat="49.1413" lon="22.69176">
        <ele>648.3</ele>
      </trkpt>
      <trkpt lat="49.14147" lon="22.69165">
        <ele>645.9</ele>
      </trkpt>
      <trkpt lat="49.14161" lon="22.69149">
        <ele>645.3</ele>
      </trkpt>
      <trkpt lat="49.14181" lon="22.69117">
        <ele>644.0</ele>
      </trkpt>
      <trkpt lat="49.14236" lon="22.69052">
        <ele>640.5</ele>
      </trkpt>
      <trkpt lat="49.14265" lon="22.68997">
        <ele>637.0</ele>
      </trkpt>
      <trkpt lat="49.1429" lon="22.6898">
        <ele>636.1</ele>
      </trkpt>
      <trkpt lat="49.14346" lon="22.68954">
        <ele>632.1</ele>
      </trkpt>
      <trkpt lat="49.14371" lon="22.68939">
        <ele>630.4</ele>
      </trkpt>
      <trkpt lat="49.14421" lon="22.68894">
        <ele>628.5</ele>
      </trkpt>
      <trkpt lat="49.14473" lon="22.68851">
        <ele>625.8</ele>
      </trkpt>
      <trkpt lat="49.14525" lon="22.68808">
        <ele>623.8</ele>
      </trkpt>
      <trkpt lat="49.14546" lon="22.68796">
        <ele>623.4</ele>
      </trkpt>
      <trkpt lat="49.14605" lon="22.68774">
        <ele>624.0</ele>
      </trkpt>
      <trkpt lat="49.14657" lon="22.68774">
        <ele>622.4</ele>
      </trkpt>
      <trkpt lat="49.14712" lon="22.68757">
        <ele>618.1</ele>
      </trkpt>
      <trkpt lat="49.14728" lon="22.68757">
        <ele>617.7</ele>
      </trkpt>
      <trkpt lat="49.14761" lon="22.6876">
        <ele>616.3</ele>
      </trkpt>
      <trkpt lat="49.14773" lon="22.68758">
        <ele>615.2</ele>
      </trkpt>
      <trkpt lat="49.14789" lon="22.68752">
        <ele>614.7</ele>
      </trkpt>
      <trkpt lat="49.148355" lon="22.68723">
        <ele>612.4</ele>
      </trkpt>
      <trkpt lat="49.14882" lon="22.68694">
        <ele>609.4</ele>
      </trkpt>
      <trkpt lat="49.14901" lon="22.68685">
        <ele>609.0</ele>
      </trkpt>
      <trkpt lat="49.14974" lon="22.68672">
        <ele>606.5</ele>
      </trkpt>
      <trkpt lat="49.14994" lon="22.6866">
        <ele>605.2</ele>
      </trkpt>
      <trkpt lat="49.15011" lon="22.68641">
        <ele>604.2</ele>
      </trkpt>
      <trkpt lat="49.15031" lon="22.6861">
        <ele>602.7</ele>
      </trkpt>
      <trkpt lat="49.150775" lon="22.68533">
        <ele>595.8</ele>
      </trkpt>
      <trkpt lat="49.15124" lon="22.68456">
        <ele>592.5</ele>
      </trkpt>
      <trkpt lat="49.15147" lon="22.68422">
        <ele>590.9</ele>
      </trkpt>
      <trkpt lat="49.15204" lon="22.684787">
        <ele>587.6</ele>
      </trkpt>
      <trkpt lat="49.15261" lon="22.685353">
        <ele>586.0</ele>
      </trkpt>
      <trkpt lat="49.15318" lon="22.68592">
        <ele>584.4</ele>
      </trkpt>
      <trkpt lat="49.1535" lon="22.68612">
        <ele>584.2</ele>
      </trkpt>
      <trkpt lat="49.154235" lon="22.68627">
        <ele>583.6</ele>
      </trkpt>
      <trkpt lat="49.15497" lon="22.68642">
        <ele>582.8</ele>
      </trkpt>
      <trkpt lat="49.15552" lon="22.686505">
        <ele>582.2</ele>
      </trkpt>
      <trkpt lat="49.15607" lon="22.68659">
        <ele>581.8</ele>
      </trkpt>
      <trkpt lat="49.156845" lon="22.68673">
        <ele>582.5</ele>
      </trkpt>
      <trkpt lat="49.15762" lon="22.68687">
        <ele>584.9</ele>
      </trkpt>
      <trkpt lat="49.15785" lon="22.68695">
        <ele>584.8</ele>
      </trkpt>
      <trkpt lat="49.158475" lon="22.68732">
        <ele>583.1</ele>
      </trkpt>
      <trkpt lat="49.1591" lon="22.68769">
        <ele>581.3</ele>
      </trkpt>
      <trkpt lat="49.159715" lon="22.688095">
        <ele>580.2</ele>
      </trkpt>
      <trkpt lat="49.16033" lon="22.6885">
        <ele>580.2</ele>
      </trkpt>
      <trkpt lat="49.16066" lon="22.68875">
        <ele>580.0</ele>
      </trkpt>
      <trkpt lat="49.16095" lon="22.68907">
        <ele>579.6</ele>
      </trkpt>
      <trkpt lat="49.16148" lon="22.68986">
        <ele>579.3</ele>
      </trkpt>
      <trkpt lat="49.16201" lon="22.69065">
        <ele>578.8</ele>
      </trkpt>
      <trkpt lat="49.16254" lon="22.69144">
        <ele>578.6</ele>
      </trkpt>
      <trkpt lat="49.16268" lon="22.6916">
        <ele>578.5</ele>
      </trkpt>
      <trkpt lat="49.16282" lon="22.69171">
        <ele>578.3</ele>
      </trkpt>
      <trkpt lat="49.16302" lon="22.69182">
        <ele>578.0</ele>
      </trkpt>
      <trkpt lat="49.16316" lon="22.69187">
        <ele>578.0</ele>
      </trkpt>
      <trkpt lat="49.16332" lon="22.69189">
        <ele>577.9</ele>
      </trkpt>
      <trkpt lat="49.16354" lon="22.69188">
        <ele>577.8</ele>
      </trkpt>
      <trkpt lat="49.1642" lon="22.6917">
        <ele>577.1</ele>
      </trkpt>
      <trkpt lat="49.165062" lon="22.691438">
        <ele>575.9</ele>
      </trkpt>
      <trkpt lat="49.165924" lon="22.691176">
        <ele>573.9</ele>
      </trkpt>
      <trkpt lat="49.166786" lon="22.690914">
        <ele>572.3</ele>
      </trkpt>
      <trkpt lat="49.167648" lon="22.690652">
        <ele>571.2</ele>
      </trkpt>
      <trkpt lat="49.16851" lon="22.69039">
        <ele>569.5</ele>
      </trkpt>
      <trkpt lat="49.16847" lon="22.69014">
        <ele>570.6</ele>
      </trkpt>
      <trkpt lat="49.1684" lon="22.68994">
        <ele>571.5</ele>
      </trkpt>
      <trkpt lat="49.16827" lon="22.68973">
        <ele>573.8</ele>
      </trkpt>
      <trkpt lat="49.16802" lon="22.68946">
        <ele>577.8</ele>
      </trkpt>
      <trkpt lat="49.16786" lon="22.68919">
        <ele>580.2</ele>
      </trkpt>
      <trkpt lat="49.1677" lon="22.68883">
        <ele>582.1</ele>
      </trkpt>
      <trkpt lat="49.16729" lon="22.68768">
        <ele>585.6</ele>
      </trkpt>
      <trkpt lat="49.1671" lon="22.68642">
        <ele>589.0</ele>
      </trkpt>
      <trkpt lat="49.16691" lon="22.68516">
        <ele>593.5</ele>
      </trkpt>
      <trkpt lat="49.16692" lon="22.68462">
        <ele>595.8</ele>
      </trkpt>
      <trkpt lat="49.16699" lon="22.68364">
        <ele>598.3</ele>
      </trkpt>
      <trkpt lat="49.16715" lon="22.68255">
        <ele>600.1</ele>
      </trkpt>
      <trkpt lat="49.16727" lon="22.68218">
        <ele>600.1</ele>
      </trkpt>
      <trkpt lat="49.167705" lon="22.681285">
        <ele>599.4</ele>
      </trkpt>
      <trkpt lat="49.16814" lon="22.68039">
        <ele>602.4</ele>
      </trkpt>
      <trkpt lat="49.16864" lon="22.679285">
        <ele>606.5</ele>
      </trkpt>
      <trkpt lat="49.16914" lon="22.67818">
        <ele>610.3</ele>
      </trkpt>
      <trkpt lat="49.16936" lon="22.67735">
        <ele>612.0</ele>
      </trkpt>
      <trkpt lat="49.16947" lon="22.6761">
        <ele>615.8</ele>
      </trkpt>
      <trkpt lat="49.16945" lon="22.67575">
        <ele>617.5</ele>
      </trkpt>
      <trkpt lat="49.16918" lon="22.67457">
        <ele>620.4</ele>
      </trkpt>
      <trkpt lat="49.16916" lon="22.6743">
        <ele>620.8</ele>
      </trkpt>
      <trkpt lat="49.16917" lon="22.673213">
        <ele>623.8</ele>
      </trkpt>
      <trkpt lat="49.16918" lon="22.672127">
        <ele>628.4</ele>
      </trkpt>
      <trkpt lat="49.16919" lon="22.67104">
        <ele>630.9</ele>
      </trkpt>
      <trkpt lat="49.16921" lon="22.67067">
        <ele>631.5</ele>
      </trkpt>
      <trkpt lat="49.16925" lon="22.67035">
        <ele>631.7</ele>
      </trkpt>
      <trkpt lat="49.1693" lon="22.67013">
        <ele>632.0</ele>
      </trkpt>
      <trkpt lat="49.16938" lon="22.66993">
        <ele>632.3</ele>
      </trkpt>
      <trkpt lat="49.16963" lon="22.66947">
        <ele>634.1</ele>
      </trkpt>
      <trkpt lat="49.16988" lon="22.66883">
        <ele>637.9</ele>
      </trkpt>
      <trkpt lat="49.16998" lon="22.66862">
        <ele>639.8</ele>
      </trkpt>
      <trkpt lat="49.17003" lon="22.66859">
        <ele>640.8</ele>
      </trkpt>
      <trkpt lat="49.17007" lon="22.66861">
        <ele>640.8</ele>
      </trkpt>
      <trkpt lat="49.17012" lon="22.66877">
        <ele>642.0</ele>
      </trkpt>
      <trkpt lat="49.17013" lon="22.66945">
        <ele>646.0</ele>
      </trkpt>
      <trkpt lat="49.1703" lon="22.67047">
        <ele>649.8</ele>
      </trkpt>
      <trkpt lat="49.17035" lon="22.67098">
        <ele>651.3</ele>
      </trkpt>
      <trkpt lat="49.17055" lon="22.67181">
        <ele>655.7</ele>
      </trkpt>
      <trkpt lat="49.17068" lon="22.6727">
        <ele>661.2</ele>
      </trkpt>
      <trkpt lat="49.17087" lon="22.67323">
        <ele>662.8</ele>
      </trkpt>
      <trkpt lat="49.17095" lon="22.6737">
        <ele>664.2</ele>
      </trkpt>
      <trkpt lat="49.17106" lon="22.67422">
        <ele>665.0</ele>
      </trkpt>
      <trkpt lat="49.17127" lon="22.67474">
        <ele>666.1</ele>
      </trkpt>
      <trkpt lat="49.1713" lon="22.67532">
        <ele>667.4</ele>
      </trkpt>
      <trkpt lat="49.17146" lon="22.67559">
        <ele>668.3</ele>
      </trkpt>
      <trkpt lat="49.17153" lon="22.67581">
        <ele>668.8</ele>
      </trkpt>
      <trkpt lat="49.17158" lon="22.67632">
        <ele>670.7</ele>
      </trkpt>
      <trkpt lat="49.17154" lon="22.67672">
        <ele>671.4</ele>
      </trkpt>
      <trkpt lat="49.17157" lon="22.67713">
        <ele>673.1</ele>
      </trkpt>
      <trkpt lat="49.17156" lon="22.67724">
        <ele>673.1</ele>
      </trkpt>
      <trkpt lat="49.17145" lon="22.67758">
        <ele>673.9</ele>
      </trkpt>
      <trkpt lat="49.17142" lon="22.67779">
        <ele>674.1</ele>
      </trkpt>
      <trkpt lat="49.17142" lon="22.67795">
        <ele>674.3</ele>
      </trkpt>
      <trkpt lat="49.17146" lon="22.67812">
        <ele>674.5</ele>
      </trkpt>
      <trkpt lat="49.17165" lon="22.67853">
        <ele>676.3</ele>
      </trkpt>
      <trkpt lat="49.17169" lon="22.67866">
        <ele>676.3</ele>
      </trkpt>
      <trkpt lat="49.17169" lon="22.67882">
        <ele>678.6</ele>
      </trkpt>
      <trkpt lat="49.17166" lon="22.67907">
        <ele>678.6</ele>
      </trkpt>
      <trkpt lat="49.17168" lon="22.67922">
        <ele>679.3</ele>
      </trkpt>
      <trkpt lat="49.17172" lon="22.67934">
        <ele>680.4</ele>
      </trkpt>
      <trkpt lat="49.17185" lon="22.67953">
        <ele>681.6</ele>
      </trkpt>
      <trkpt lat="49.17191" lon="22.67954">
        <ele>681.8</ele>
      </trkpt>
      <trkpt lat="49.17209" lon="22.67947">
        <ele>682.2</ele>
      </trkpt>
      <trkpt lat="49.17262" lon="22.67918">
        <ele>683.9</ele>
      </trkpt>
      <trkpt lat="49.17286" lon="22.67891">
        <ele>684.6</ele>
      </trkpt>
      <trkpt lat="49.17327" lon="22.67831">
        <ele>688.3</ele>
      </trkpt>
      <trkpt lat="49.17339" lon="22.67806">
        <ele>689.5</ele>
      </trkpt>
      <trkpt lat="49.17346" lon="22.67781">
        <ele>690.7</ele>
      </trkpt>
      <trkpt lat="49.173585" lon="22.676855">
        <ele>694.6</ele>
      </trkpt>
      <trkpt lat="49.17371" lon="22.6759">
        <ele>699.3</ele>
      </trkpt>
      <trkpt lat="49.17381" lon="22.67473">
        <ele>706.5</ele>
      </trkpt>
      <trkpt lat="49.17392" lon="22.67411">
        <ele>709.8</ele>
      </trkpt>
      <trkpt lat="49.17406" lon="22.67354">
        <ele>714.5</ele>
      </trkpt>
      <trkpt lat="49.17424" lon="22.67311">
        <ele>717.0</ele>
      </trkpt>
      <trkpt lat="49.17442" lon="22.67283">
        <ele>720.5</ele>
      </trkpt>
      <trkpt lat="49.17457" lon="22.67266">
        <ele>721.5</ele>
      </trkpt>
      <trkpt lat="49.17505" lon="22.67218">
        <ele>728.7</ele>
      </trkpt>
      <trkpt lat="49.17545" lon="22.67186">
        <ele>732.3</ele>
      </trkpt>
      <trkpt lat="49.17566" lon="22.67172">
        <ele>733.4</ele>
      </trkpt>
      <trkpt lat="49.17583" lon="22.67164">
        <ele>734.7</ele>
      </trkpt>
      <trkpt lat="49.17614" lon="22.67156">
        <ele>736.0</ele>
      </trkpt>
      <trkpt lat="49.17646" lon="22.67154">
        <ele>739.1</ele>
      </trkpt>
      <trkpt lat="49.1767" lon="22.67162">
        <ele>740.4</ele>
      </trkpt>
      <trkpt lat="49.1768" lon="22.6716">
        <ele>741.1</ele>
      </trkpt>
      <trkpt lat="49.17691" lon="22.67153">
        <ele>741.9</ele>
      </trkpt>
      <trkpt lat="49.17726" lon="22.67118">
        <ele>745.3</ele>
      </trkpt>
      <trkpt lat="49.17751" lon="22.67081">
        <ele>749.0</ele>
      </trkpt>
      <trkpt lat="49.17758" lon="22.67064">
        <ele>749.6</ele>
      </trkpt>
      <trkpt lat="49.17764" lon="22.67041">
        <ele>750.7</ele>
      </trkpt>
      <trkpt lat="49.17767" lon="22.67017">
        <ele>751.0</ele>
      </trkpt>
      <trkpt lat="49.17764" lon="22.66936">
        <ele>754.2</ele>
      </trkpt>
      <trkpt lat="49.17767" lon="22.66916">
        <ele>754.5</ele>
      </trkpt>
      <trkpt lat="49.17779" lon="22.66875">
        <ele>753.7</ele>
      </trkpt>
      <trkpt lat="49.17797" lon="22.66829">
        <ele>751.5</ele>
      </trkpt>
      <trkpt lat="49.17829" lon="22.66766">
        <ele>748.9</ele>
      </trkpt>
      <trkpt lat="49.17845" lon="22.66714">
        <ele>748.0</ele>
      </trkpt>
      <trkpt lat="49.17875" lon="22.66654">
        <ele>746.9</ele>
      </trkpt>
      <trkpt lat="49.17915" lon="22.66547">
        <ele>744.2</ele>
      </trkpt>
      <trkpt lat="49.17955" lon="22.6644">
        <ele>739.9</ele>
      </trkpt>
      <trkpt lat="49.17968" lon="22.66399">
        <ele>739.0</ele>
      </trkpt>
      <trkpt lat="49.17994" lon="22.66363">
        <ele>739.3</ele>
      </trkpt>
      <trkpt lat="49.18" lon="22.6636">
        <ele>739.3</ele>
      </trkpt>
      <trkpt lat="49.18005" lon="22.66361">
        <ele>739.4</ele>
      </trkpt>
      <trkpt lat="49.18024" lon="22.66383">
        <ele>738.7</ele>
      </trkpt>
      <trkpt lat="49.18037" lon="22.66403">
        <ele>737.2</ele>
      </trkpt>
      <trkpt lat="49.18062" lon="22.66463">
        <ele>734.6</ele>
      </trkpt>
      <trkpt lat="49.18072" lon="22.66471">
        <ele>734.1</ele>
      </trkpt>
      <trkpt lat="49.18098" lon="22.66474">
        <ele>732.0</ele>
      </trkpt>
      <trkpt lat="49.1813" lon="22.66494">
        <ele>729.5</ele>
      </trkpt>
      <trkpt lat="49.18175" lon="22.66573">
        <ele>723.6</ele>
      </trkpt>
      <trkpt lat="49.18209" lon="22.66617">
        <ele>720.3</ele>
      </trkpt>
      <trkpt lat="49.18266" lon="22.66631">
        <ele>715.0</ele>
      </trkpt>
      <trkpt lat="49.1835" lon="22.66672">
        <ele>703.7</ele>
      </trkpt>
      <trkpt lat="49.1841" lon="22.66711">
        <ele>695.4</ele>
      </trkpt>
      <trkpt lat="49.184425" lon="22.66781">
        <ele>687.8</ele>
      </trkpt>
      <trkpt lat="49.18475" lon="22.66851">
        <ele>684.1</ele>
      </trkpt>
      <trkpt lat="49.18493" lon="22.669215">
        <ele>680.2</ele>
      </trkpt>
      <trkpt lat="49.18511" lon="22.66992">
        <ele>677.3</ele>
      </trkpt>
      <trkpt lat="49.18539" lon="22.67117">
        <ele>673.4</ele>
      </trkpt>
      <trkpt lat="49.18548" lon="22.67147">
        <ele>671.2</ele>
      </trkpt>
      <trkpt lat="49.18559" lon="22.67155">
        <ele>669.7</ele>
      </trkpt>
      <trkpt lat="49.18567" lon="22.67156">
        <ele>669.2</ele>
      </trkpt>
      <trkpt lat="49.18575" lon="22.67154">
        <ele>668.3</ele>
      </trkpt>
      <trkpt lat="49.18581" lon="22.67149">
        <ele>667.5</ele>
      </trkpt>
      <trkpt lat="49.18609" lon="22.67099">
        <ele>663.5</ele>
      </trkpt>
      <trkpt lat="49.18634" lon="22.67032">
        <ele>659.4</ele>
      </trkpt>
      <trkpt lat="49.18659" lon="22.66985">
        <ele>656.1</ele>
      </trkpt>
      <trkpt lat="49.18684" lon="22.66944">
        <ele>650.9</ele>
      </trkpt>
      <trkpt lat="49.18693" lon="22.66906">
        <ele>648.2</ele>
      </trkpt>
      <trkpt lat="49.18693" lon="22.66879">
        <ele>645.7</ele>
      </trkpt>
      <trkpt lat="49.18681" lon="22.6679">
        <ele>641.6</ele>
      </trkpt>
      <trkpt lat="49.18684" lon="22.66766">
        <ele>641.2</ele>
      </trkpt>
      <trkpt lat="49.187" lon="22.66746">
        <ele>640.6</ele>
      </trkpt>
      <trkpt lat="49.18715" lon="22.6675">
        <ele>640.1</ele>
      </trkpt>
      <trkpt lat="49.187697" lon="22.668007">
        <ele>636.2</ele>
      </trkpt>
      <trkpt lat="49.188243" lon="22.668513">
        <ele>632.0</ele>
      </trkpt>
      <trkpt lat="49.18879" lon="22.66902">
        <ele>627.0</ele>
      </trkpt>
      <trkpt lat="49.18898" lon="22.66928">
        <ele>624.0</ele>
      </trkpt>
      <trkpt lat="49.1891" lon="22.66958">
        <ele>621.1</ele>
      </trkpt>
      <trkpt lat="49.18922" lon="22.67012">
        <ele>616.8</ele>
      </trkpt>
      <trkpt lat="49.18937" lon="22.6712">
        <ele>609.3</ele>
      </trkpt>
      <trkpt lat="49.1895" lon="22.67153">
        <ele>605.9</ele>
      </trkpt>
      <trkpt lat="49.18991" lon="22.67209">
        <ele>601.7</ele>
      </trkpt>
      <trkpt lat="49.190415" lon="22.67241">
        <ele>599.0</ele>
      </trkpt>
      <trkpt lat="49.19092" lon="22.67273">
        <ele>597.7</ele>
      </trkpt>
      <trkpt lat="49.19158" lon="22.67311">
        <ele>595.5</ele>
      </trkpt>
      <trkpt lat="49.19179" lon="22.67332">
        <ele>594.4</ele>
      </trkpt>
      <trkpt lat="49.19235" lon="22.67402">
        <ele>585.0</ele>
      </trkpt>
      <trkpt lat="49.19276" lon="22.67435">
        <ele>580.3</ele>
      </trkpt>
      <trkpt lat="49.19316" lon="22.67459">
        <ele>578.2</ele>
      </trkpt>
      <trkpt lat="49.1933" lon="22.67463">
        <ele>578.2</ele>
      </trkpt>
      <trkpt lat="49.19329" lon="22.67463">
        <ele>578.2</ele>
      </trkpt>
      <trkpt lat="49.19329" lon="22.67451">
        <ele>578.7</ele>
      </trkpt>
      <trkpt lat="49.19344" lon="22.67393">
        <ele>581.4</ele>
      </trkpt>
      <trkpt lat="49.19348" lon="22.67354">
        <ele>583.1</ele>
      </trkpt>
      <trkpt lat="49.19352" lon="22.67269">
        <ele>587.5</ele>
      </trkpt>
      <trkpt lat="49.19349" lon="22.67175">
        <ele>589.1</ele>
      </trkpt>
      <trkpt lat="49.19344" lon="22.67138">
        <ele>589.7</ele>
      </trkpt>
      <trkpt lat="49.19338" lon="22.67113">
        <ele>590.0</ele>
      </trkpt>
      <trkpt lat="49.19326" lon="22.67076">
        <ele>591.0</ele>
      </trkpt>
      <trkpt lat="49.19292" lon="22.670105">
        <ele>593.7</ele>
      </trkpt>
      <trkpt lat="49.19258" lon="22.66945">
        <ele>596.8</ele>
      </trkpt>
      <trkpt lat="49.19228" lon="22.66892">
        <ele>598.1</ele>
      </trkpt>
      <trkpt lat="49.1922" lon="22.66873">
        <ele>598.1</ele>
      </trkpt>
      <trkpt lat="49.1922" lon="22.66853">
        <ele>597.9</ele>
      </trkpt>
      <trkpt lat="49.19231" lon="22.66832">
        <ele>597.7</ele>
      </trkpt>
      <trkpt lat="49.19262" lon="22.66817">
        <ele>598.1</ele>
      </trkpt>
      <trkpt lat="49.19309" lon="22.66827">
        <ele>599.6</ele>
      </trkpt>
      <trkpt lat="49.19325" lon="22.66835">
        <ele>601.0</ele>
      </trkpt>
      <trkpt lat="49.19336" lon="22.66844">
        <ele>601.7</ele>
      </trkpt>
      <trkpt lat="49.19356" lon="22.66867">
        <ele>604.2</ele>
      </trkpt>
      <trkpt lat="49.19374" lon="22.66879">
        <ele>605.7</ele>
      </trkpt>
      <trkpt lat="49.19392" lon="22.66887">
        <ele>607.3</ele>
      </trkpt>
      <trkpt lat="49.19405" lon="22.66888">
        <ele>608.2</ele>
      </trkpt>
      <trkpt lat="49.19426" lon="22.66883">
        <ele>609.0</ele>
      </trkpt>
      <trkpt lat="49.1947" lon="22.66865">
        <ele>609.5</ele>
      </trkpt>
      <trkpt lat="49.19524" lon="22.66836">
        <ele>609.2</ele>
      </trkpt>
      <trkpt lat="49.19531" lon="22.66839">
        <ele>609.1</ele>
      </trkpt>
      <trkpt lat="49.19541" lon="22.66849">
        <ele>609.2</ele>
      </trkpt>
      <trkpt lat="49.19576" lon="22.66903">
        <ele>610.6</ele>
      </trkpt>
      <trkpt lat="49.19604" lon="22.66913">
        <ele>611.1</ele>
      </trkpt>
      <trkpt lat="49.19664" lon="22.66909">
        <ele>613.7</ele>
      </trkpt>
      <trkpt lat="49.19713" lon="22.66899">
        <ele>614.5</ele>
      </trkpt>
      <trkpt lat="49.19743" lon="22.66885">
        <ele>614.9</ele>
      </trkpt>
      <trkpt lat="49.19776" lon="22.66864">
        <ele>615.7</ele>
      </trkpt>
      <trkpt lat="49.19844" lon="22.66798">
        <ele>618.9</ele>
      </trkpt>
      <trkpt lat="49.19871" lon="22.6676">
        <ele>619.7</ele>
      </trkpt>
      <trkpt lat="49.19913" lon="22.66681">
        <ele>618.4</ele>
      </trkpt>
      <trkpt lat="49.19934" lon="22.66655">
        <ele>618.1</ele>
      </trkpt>
      <trkpt lat="49.19978" lon="22.66612">
        <ele>617.9</ele>
      </trkpt>
      <trkpt lat="49.19987" lon="22.66597">
        <ele>618.1</ele>
      </trkpt>
      <trkpt lat="49.19988" lon="22.66588">
        <ele>618.0</ele>
      </trkpt>
      <trkpt lat="49.19986" lon="22.66577">
        <ele>617.9</ele>
      </trkpt>
      <trkpt lat="49.19973" lon="22.66558">
        <ele>617.5</ele>
      </trkpt>
      <trkpt lat="49.19962" lon="22.66548">
        <ele>616.2</ele>
      </trkpt>
      <trkpt lat="49.19909" lon="22.66513">
        <ele>613.2</ele>
      </trkpt>
      <trkpt lat="49.19847" lon="22.66498">
        <ele>609.9</ele>
      </trkpt>
      <trkpt lat="49.19822" lon="22.66478">
        <ele>607.1</ele>
      </trkpt>
      <trkpt lat="49.1976" lon="22.6641">
        <ele>601.7</ele>
      </trkpt>
      <trkpt lat="49.19719" lon="22.663525">
        <ele>601.2</ele>
      </trkpt>
      <trkpt lat="49.19678" lon="22.66295">
        <ele>600.6</ele>
      </trkpt>
      <trkpt lat="49.19662" lon="22.66268">
        <ele>600.4</ele>
      </trkpt>
      <trkpt lat="49.19655" lon="22.66248">
        <ele>600.3</ele>
      </trkpt>
      <trkpt lat="49.19654" lon="22.66225">
        <ele>600.3</ele>
      </trkpt>
      <trkpt lat="49.19659" lon="22.66208">
        <ele>600.3</ele>
      </trkpt>
      <trkpt lat="49.19664" lon="22.66202">
        <ele>600.3</ele>
      </trkpt>
      <trkpt lat="49.19669" lon="22.662">
        <ele>600.6</ele>
      </trkpt>
      <trkpt lat="49.19678" lon="22.66201">
        <ele>600.6</ele>
      </trkpt>
      <trkpt lat="49.19699" lon="22.66213">
        <ele>600.6</ele>
      </trkpt>
      <trkpt lat="49.19736" lon="22.66228">
        <ele>601.3</ele>
      </trkpt>
      <trkpt lat="49.19749" lon="22.66238">
        <ele>601.6</ele>
      </trkpt>
      <trkpt lat="49.19772" lon="22.66261">
        <ele>602.1</ele>
      </trkpt>
      <trkpt lat="49.19782" lon="22.66269">
        <ele>602.3</ele>
      </trkpt>
      <trkpt lat="49.19837" lon="22.66289">
        <ele>602.1</ele>
      </trkpt>
      <trkpt lat="49.19855" lon="22.66291">
        <ele>601.6</ele>
      </trkpt>
      <trkpt lat="49.19884" lon="22.66288">
        <ele>600.2</ele>
      </trkpt>
      <trkpt lat="49.19919" lon="22.6629">
        <ele>599.3</ele>
      </trkpt>
      <trkpt lat="49.19937" lon="22.66287">
        <ele>598.8</ele>
      </trkpt>
      <trkpt lat="49.19957" lon="22.66279">
        <ele>598.2</ele>
      </trkpt>
      <trkpt lat="49.19985" lon="22.66254">
        <ele>597.1</ele>
      </trkpt>
      <trkpt lat="49.19991" lon="22.66243">
        <ele>596.7</ele>
      </trkpt>
      <trkpt lat="49.19996" lon="22.66216">
        <ele>595.9</ele>
      </trkpt>
      <trkpt lat="49.19993" lon="22.66188">
        <ele>594.7</ele>
      </trkpt>
      <trkpt lat="49.19972" lon="22.66108">
        <ele>592.2</ele>
      </trkpt>
      <trkpt lat="49.19954" lon="22.66011">
        <ele>590.6</ele>
      </trkpt>
      <trkpt lat="49.19938" lon="22.65965">
        <ele>589.6</ele>
      </trkpt>
      <trkpt lat="49.19925" lon="22.6589">
        <ele>587.5</ele>
      </trkpt>
      <trkpt lat="49.19925" lon="22.6587">
        <ele>586.7</ele>
      </trkpt>
      <trkpt lat="49.19929" lon="22.65852">
        <ele>586.5</ele>
      </trkpt>
      <trkpt lat="49.19934" lon="22.65843">
        <ele>586.2</ele>
      </trkpt>
      <trkpt lat="49.19944" lon="22.65835">
        <ele>586.0</ele>
      </trkpt>
      <trkpt lat="49.19952" lon="22.65833">
        <ele>586.0</ele>
      </trkpt>
      <trkpt lat="49.1996" lon="22.65837">
        <ele>586.0</ele>
      </trkpt>
      <trkpt lat="49.19968" lon="22.65854">
        <ele>586.0</ele>
      </trkpt>
      <trkpt lat="49.19972" lon="22.65848">
        <ele>586.4</ele>
      </trkpt>
      <trkpt lat="49.19978" lon="22.65846">
        <ele>586.6</ele>
      </trkpt>
      <trkpt lat="49.19985" lon="22.65848">
        <ele>587.2</ele>
      </trkpt>
      <trkpt lat="49.200265" lon="22.658885">
        <ele>591.0</ele>
      </trkpt>
      <trkpt lat="49.20068" lon="22.65929">
        <ele>594.1</ele>
      </trkpt>
      <trkpt lat="49.20115" lon="22.659815">
        <ele>600.5</ele>
      </trkpt>
      <trkpt lat="49.20162" lon="22.66034">
        <ele>604.1</ele>
      </trkpt>
      <trkpt lat="49.20205" lon="22.66057">
        <ele>605.2</ele>
      </trkpt>
      <trkpt lat="49.20248" lon="22.6608">
        <ele>605.6</ele>
      </trkpt>
      <trkpt lat="49.20259" lon="22.6608">
        <ele>605.5</ele>
      </trkpt>
      <trkpt lat="49.20264" lon="22.66077">
        <ele>605.5</ele>
      </trkpt>
      <trkpt lat="49.20266" lon="22.66072">
        <ele>605.5</ele>
      </trkpt>
      <trkpt lat="49.2027" lon="22.66056">
        <ele>605.3</ele>
      </trkpt>
      <trkpt lat="49.20266" lon="22.65994">
        <ele>602.3</ele>
      </trkpt>
      <trkpt lat="49.20267" lon="22.6595">
        <ele>601.2</ele>
      </trkpt>
      <trkpt lat="49.20259" lon="22.65853">
        <ele>597.9</ele>
      </trkpt>
      <trkpt lat="49.20263" lon="22.65819">
        <ele>596.6</ele>
      </trkpt>
      <trkpt lat="49.2028" lon="22.65753">
        <ele>593.1</ele>
      </trkpt>
      <trkpt lat="49.20297" lon="22.65636">
        <ele>587.4</ele>
      </trkpt>
      <trkpt lat="49.20287" lon="22.65503">
        <ele>583.4</ele>
      </trkpt>
      <trkpt lat="49.20287" lon="22.65475">
        <ele>582.2</ele>
      </trkpt>
      <trkpt lat="49.20301" lon="22.65387">
        <ele>577.2</ele>
      </trkpt>
      <trkpt lat="49.20328" lon="22.65295">
        <ele>574.8</ele>
      </trkpt>
      <trkpt lat="49.20335" lon="22.65258">
        <ele>574.0</ele>
      </trkpt>
      <trkpt lat="49.20353" lon="22.65191">
        <ele>572.6</ele>
      </trkpt>
      <trkpt lat="49.20371" lon="22.65124">
        <ele>570.1</ele>
      </trkpt>
      <trkpt lat="49.20381" lon="22.65094">
        <ele>569.2</ele>
      </trkpt>
      <trkpt lat="49.20391" lon="22.65074">
        <ele>569.1</ele>
      </trkpt>
      <trkpt lat="49.20413" lon="22.65046">
        <ele>569.2</ele>
      </trkpt>
      <trkpt lat="49.20418" lon="22.65023">
        <ele>568.9</ele>
      </trkpt>
      <trkpt lat="49.20403" lon="22.64997">
        <ele>567.6</ele>
      </trkpt>
      <trkpt lat="49.20332" lon="22.64919">
        <ele>563.4</ele>
      </trkpt>
      <trkpt lat="49.20282" lon="22.64858">
        <ele>560.4</ele>
      </trkpt>
      <trkpt lat="49.20271" lon="22.64841">
        <ele>559.7</ele>
      </trkpt>
      <trkpt lat="49.20268" lon="22.64828">
        <ele>559.5</ele>
      </trkpt>
      <trkpt lat="49.20268" lon="22.64815">
        <ele>559.4</ele>
      </trkpt>
      <trkpt lat="49.20283" lon="22.64802">
        <ele>559.8</ele>
      </trkpt>
      <trkpt lat="49.20305" lon="22.64797">
        <ele>561.7</ele>
      </trkpt>
      <trkpt lat="49.20391" lon="22.64814">
        <ele>562.9</ele>
      </trkpt>
      <trkpt lat="49.20442" lon="22.64835">
        <ele>563.7</ele>
      </trkpt>
      <trkpt lat="49.204875" lon="22.64849">
        <ele>563.9</ele>
      </trkpt>
      <trkpt lat="49.20533" lon="22.64863">
        <ele>564.2</ele>
      </trkpt>
      <trkpt lat="49.20577" lon="22.64867">
        <ele>565.3</ele>
      </trkpt>
      <trkpt lat="49.20587" lon="22.64862">
        <ele>565.4</ele>
      </trkpt>
      <trkpt lat="49.20594" lon="22.64853">
        <ele>565.5</ele>
      </trkpt>
      <trkpt lat="49.20595" lon="22.64822">
        <ele>565.2</ele>
      </trkpt>
      <trkpt lat="49.20585" lon="22.64774">
        <ele>564.4</ele>
      </trkpt>
      <trkpt lat="49.20572" lon="22.64731">
        <ele>562.8</ele>
      </trkpt>
      <trkpt lat="49.205425" lon="22.6461">
        <ele>559.0</ele>
      </trkpt>
      <trkpt lat="49.20513" lon="22.64489">
        <ele>553.3</ele>
      </trkpt>
      <trkpt lat="49.2051" lon="22.64468">
        <ele>553.3</ele>
      </trkpt>
      <trkpt lat="49.20514" lon="22.64454">
        <ele>552.5</ele>
      </trkpt>
      <trkpt lat="49.2052" lon="22.64447">
        <ele>552.1</ele>
      </trkpt>
      <trkpt lat="49.20537" lon="22.64448">
        <ele>552.6</ele>
      </trkpt>
      <trkpt lat="49.20552" lon="22.64458">
        <ele>554.8</ele>
      </trkpt>
      <trkpt lat="49.20616" lon="22.64519">
        <ele>560.1</ele>
      </trkpt>
      <trkpt lat="49.20669" lon="22.64565">
        <ele>563.0</ele>
      </trkpt>
      <trkpt lat="49.20722" lon="22.64611">
        <ele>563.4</ele>
      </trkpt>
      <trkpt lat="49.20766" lon="22.64715">
        <ele>560.7</ele>
      </trkpt>
      <trkpt lat="49.20779" lon="22.64725">
        <ele>560.1</ele>
      </trkpt>
      <trkpt lat="49.2079" lon="22.6473">
        <ele>558.6</ele>
      </trkpt>
      <trkpt lat="49.20802" lon="22.64728">
        <ele>558.0</ele>
      </trkpt>
      <trkpt lat="49.20885" lon="22.6469">
        <ele>557.8</ele>
      </trkpt>
      <trkpt lat="49.20912" lon="22.64671">
        <ele>557.8</ele>
      </trkpt>
      <trkpt lat="49.20965" lon="22.64666">
        <ele>557.5</ele>
      </trkpt>
      <trkpt lat="49.20983" lon="22.64671">
        <ele>556.7</ele>
      </trkpt>
      <trkpt lat="49.21008" lon="22.64671">
        <ele>555.1</ele>
      </trkpt>
      <trkpt lat="49.21069" lon="22.64663">
        <ele>552.2</ele>
      </trkpt>
      <trkpt lat="49.21102" lon="22.64682">
        <ele>548.5</ele>
      </trkpt>
      <trkpt lat="49.21111" lon="22.64684">
        <ele>548.0</ele>
      </trkpt>
      <trkpt lat="49.21123" lon="22.64681">
        <ele>546.8</ele>
      </trkpt>
      <trkpt lat="49.21138" lon="22.64664">
        <ele>545.6</ele>
      </trkpt>
      <trkpt lat="49.21179" lon="22.646095">
        <ele>542.6</ele>
      </trkpt>
      <trkpt lat="49.2122" lon="22.64555">
        <ele>537.6</ele>
      </trkpt>
      <trkpt lat="49.21268" lon="22.64506">
        <ele>534.1</ele>
      </trkpt>
      <trkpt lat="49.21311" lon="22.64449">
        <ele>534.4</ele>
      </trkpt>
      <trkpt lat="49.21326" lon="22.64419">
        <ele>534.6</ele>
      </trkpt>
      <trkpt lat="49.21364" lon="22.643725">
        <ele>536.7</ele>
      </trkpt>
      <trkpt lat="49.21402" lon="22.64326">
        <ele>538.3</ele>
      </trkpt>
      <trkpt lat="49.21426" lon="22.64281">
        <ele>539.7</ele>
      </trkpt>
      <trkpt lat="49.21442" lon="22.64246">
        <ele>541.0</ele>
      </trkpt>
      <trkpt lat="49.21469" lon="22.64174">
        <ele>542.5</ele>
      </trkpt>
      <trkpt lat="49.21489" lon="22.64106">
        <ele>542.6</ele>
      </trkpt>
      <trkpt lat="49.21522" lon="22.64029">
        <ele>543.0</ele>
      </trkpt>
      <trkpt lat="49.21545" lon="22.63954">
        <ele>544.5</ele>
      </trkpt>
      <trkpt lat="49.21589" lon="22.638435">
        <ele>546.2</ele>
      </trkpt>
      <trkpt lat="49.21633" lon="22.63733">
        <ele>547.9</ele>
      </trkpt>
      <trkpt lat="49.2167" lon="22.63635">
        <ele>547.9</ele>
      </trkpt>
      <trkpt lat="49.21707" lon="22.63537">
        <ele>544.7</ele>
      </trkpt>
      <trkpt lat="49.21727" lon="22.634675">
        <ele>543.9</ele>
      </trkpt>
      <trkpt lat="49.21747" lon="22.63398">
        <ele>542.8</ele>
      </trkpt>
      <trkpt lat="49.21747" lon="22.63372">
        <ele>542.8</ele>
      </trkpt>
      <trkpt lat="49.21729" lon="22.632975">
        <ele>543.1</ele>
      </trkpt>
      <trkpt lat="49.21711" lon="22.63223">
        <ele>541.2</ele>
      </trkpt>
      <trkpt lat="49.21688" lon="22.63149">
        <ele>538.4</ele>
      </trkpt>
      <trkpt lat="49.21666" lon="22.6312">
        <ele>537.3</ele>
      </trkpt>
      <trkpt lat="49.21597" lon="22.6307">
        <ele>536.1</ele>
      </trkpt>
      <trkpt lat="49.21589" lon="22.63061">
        <ele>534.6</ele>
      </trkpt>
      <trkpt lat="49.21583" lon="22.63051">
        <ele>533.8</ele>
      </trkpt>
      <trkpt lat="49.21579" lon="22.63032">
        <ele>532.9</ele>
      </trkpt>
      <trkpt lat="49.21583" lon="22.63013">
        <ele>531.3</ele>
      </trkpt>
      <trkpt lat="49.21544" lon="22.62993">
        <ele>531.7</ele>
      </trkpt>
      <trkpt lat="49.21524" lon="22.62977">
        <ele>531.8</ele>
      </trkpt>
      <trkpt lat="49.21501" lon="22.62946">
        <ele>531.9</ele>
      </trkpt>
      <trkpt lat="49.21438" lon="22.62853">
        <ele>532.4</ele>
      </trkpt>
      <trkpt lat="49.21429" lon="22.62843">
        <ele>532.4</ele>
      </trkpt>
      <trkpt lat="49.21405" lon="22.62825">
        <ele>532.7</ele>
      </trkpt>
      <trkpt lat="49.213334" lon="22.627982">
        <ele>534.5</ele>
      </trkpt>
      <trkpt lat="49.212618" lon="22.627714">
        <ele>537.0</ele>
      </trkpt>
      <trkpt lat="49.211902" lon="22.627446">
        <ele>537.2</ele>
      </trkpt>
      <trkpt lat="49.211186" lon="22.627178">
        <ele>537.5</ele>
      </trkpt>
      <trkpt lat="49.21047" lon="22.62691">
        <ele>538.9</ele>
      </trkpt>
      <trkpt lat="49.21001" lon="22.62684">
        <ele>540.3</ele>
      </trkpt>
      <trkpt lat="49.209515" lon="22.626795">
        <ele>540.9</ele>
      </trkpt>
      <trkpt lat="49.20902" lon="22.62675">
        <ele>541.4</ele>
      </trkpt>
      <trkpt lat="49.20884" lon="22.62668">
        <ele>541.8</ele>
      </trkpt>
      <trkpt lat="49.20871" lon="22.62661">
        <ele>542.2</ele>
      </trkpt>
      <trkpt lat="49.207943" lon="22.626055">
        <ele>544.4</ele>
      </trkpt>
      <trkpt lat="49.207175" lon="22.6255">
        <ele>545.8</ele>
      </trkpt>
      <trkpt lat="49.206408" lon="22.624945">
        <ele>545.7</ele>
      </trkpt>
      <trkpt lat="49.20564" lon="22.62439">
        <ele>544.0</ele>
      </trkpt>
      <trkpt lat="49.20503" lon="22.62397">
        <ele>543.7</ele>
      </trkpt>
      <trkpt lat="49.20442" lon="22.62355">
        <ele>544.8</ele>
      </trkpt>
      <trkpt lat="49.20412" lon="22.62345">
        <ele>545.5</ele>
      </trkpt>
      <trkpt lat="49.20366" lon="22.62341">
        <ele>546.3</ele>
      </trkpt>
      <trkpt lat="49.2032" lon="22.62337">
        <ele>546.2</ele>
      </trkpt>
      <trkpt lat="49.20291" lon="22.6233">
        <ele>545.3</ele>
      </trkpt>
      <trkpt lat="49.20276" lon="22.62321">
        <ele>545.0</ele>
      </trkpt>
      <trkpt lat="49.20197" lon="22.62265">
        <ele>547.0</ele>
      </trkpt>
      <trkpt lat="49.20176" lon="22.62252">
        <ele>548.8</ele>
      </trkpt>
      <trkpt lat="49.20159" lon="22.62248">
        <ele>550.5</ele>
      </trkpt>
      <trkpt lat="49.200967" lon="22.622497">
        <ele>553.5</ele>
      </trkpt>
      <trkpt lat="49.200343" lon="22.622513">
        <ele>556.0</ele>
      </trkpt>
      <trkpt lat="49.19972" lon="22.62253">
        <ele>557.0</ele>
      </trkpt>
      <trkpt lat="49.19949" lon="22.62247">
        <ele>557.1</ele>
      </trkpt>
      <trkpt lat="49.19933" lon="22.62236">
        <ele>557.2</ele>
      </trkpt>
      <trkpt lat="49.19922" lon="22.62226">
        <ele>557.4</ele>
      </trkpt>
      <trkpt lat="49.19892" lon="22.62191">
        <ele>558.3</ele>
      </trkpt>
      <trkpt lat="49.19873" lon="22.62172">
        <ele>559.6</ele>
      </trkpt>
      <trkpt lat="49.19853" lon="22.6216">
        <ele>560.3</ele>
      </trkpt>
      <trkpt lat="49.19801" lon="22.62152">
        <ele>561.3</ele>
      </trkpt>
      <trkpt lat="49.19751" lon="22.62148">
        <ele>562.2</ele>
      </trkpt>
      <trkpt lat="49.19729" lon="22.62144">
        <ele>562.9</ele>
      </trkpt>
      <trkpt lat="49.19722" lon="22.6214">
        <ele>562.9</ele>
      </trkpt>
      <trkpt lat="49.19708" lon="22.62126">
        <ele>563.3</ele>
      </trkpt>
      <trkpt lat="49.19666" lon="22.62071">
        <ele>564.2</ele>
      </trkpt>
      <trkpt lat="49.19641" lon="22.62043">
        <ele>565.2</ele>
      </trkpt>
      <trkpt lat="49.19615" lon="22.62024">
        <ele>565.8</ele>
      </trkpt>
      <trkpt lat="49.19597" lon="22.62016">
        <ele>566.2</ele>
      </trkpt>
      <trkpt lat="49.19579" lon="22.62012">
        <ele>566.2</ele>
      </trkpt>
      <trkpt lat="49.195185" lon="22.620095">
        <ele>568.3</ele>
      </trkpt>
      <trkpt lat="49.19458" lon="22.62007">
        <ele>570.0</ele>
      </trkpt>
      <trkpt lat="49.19436" lon="22.61999">
        <ele>570.4</ele>
      </trkpt>
      <trkpt lat="49.19426" lon="22.61986">
        <ele>570.5</ele>
      </trkpt>
      <trkpt lat="49.19421" lon="22.61974">
        <ele>570.6</ele>
      </trkpt>
      <trkpt lat="49.193838" lon="22.618572">
        <ele>571.7</ele>
      </trkpt>
      <trkpt lat="49.193465" lon="22.617405">
        <ele>573.7</ele>
      </trkpt>
      <trkpt lat="49.193093" lon="22.616237">
        <ele>575.4</ele>
      </trkpt>
      <trkpt lat="49.19272" lon="22.61507">
        <ele>575.8</ele>
      </trkpt>
      <trkpt lat="49.19232" lon="22.61392">
        <ele>575.1</ele>
      </trkpt>
      <trkpt lat="49.19202" lon="22.6133">
        <ele>575.0</ele>
      </trkpt>
      <trkpt lat="49.19192" lon="22.61302">
        <ele>575.0</ele>
      </trkpt>
      <trkpt lat="49.19184" lon="22.61273">
        <ele>575.0</ele>
      </trkpt>
      <trkpt lat="49.19178" lon="22.61214">
        <ele>575.3</ele>
      </trkpt>
      <trkpt lat="49.19173" lon="22.61177">
        <ele>576.6</ele>
      </trkpt>
      <trkpt lat="49.19165" lon="22.61152">
        <ele>577.3</ele>
      </trkpt>
      <trkpt lat="49.19144" lon="22.61117">
        <ele>580.6</ele>
      </trkpt>
      <trkpt lat="49.19105" lon="22.61058">
        <ele>583.4</ele>
      </trkpt>
      <trkpt lat="49.19066" lon="22.60999">
        <ele>585.0</ele>
      </trkpt>
      <trkpt lat="49.19043" lon="22.60979">
        <ele>585.7</ele>
      </trkpt>
      <trkpt lat="49.19021" lon="22.60975">
        <ele>586.4</ele>
      </trkpt>
      <trkpt lat="49.19001" lon="22.6098">
        <ele>586.9</ele>
      </trkpt>
      <trkpt lat="49.18921" lon="22.61032">
        <ele>588.3</ele>
      </trkpt>
      <trkpt lat="49.18839" lon="22.61071">
        <ele>589.7</ele>
      </trkpt>
      <trkpt lat="49.18789" lon="22.61085">
        <ele>591.0</ele>
      </trkpt>
      <trkpt lat="49.18743" lon="22.610825">
        <ele>592.0</ele>
      </trkpt>
      <trkpt lat="49.18697" lon="22.6108">
        <ele>593.6</ele>
      </trkpt>
      <trkpt lat="49.18654" lon="22.61064">
        <ele>594.7</ele>
      </trkpt>
      <trkpt lat="49.1863" lon="22.61046">
        <ele>595.1</ele>
      </trkpt>
      <trkpt lat="49.185905" lon="22.60995">
        <ele>595.9</ele>
      </trkpt>
      <trkpt lat="49.18551" lon="22.60944">
        <ele>596.0</ele>
      </trkpt>
      <trkpt lat="49.18537" lon="22.6091">
        <ele>596.1</ele>
      </trkpt>
      <trkpt lat="49.1853" lon="22.60878">
        <ele>596.3</ele>
      </trkpt>
      <trkpt lat="49.1852" lon="22.607955">
        <ele>596.9</ele>
      </trkpt>
      <trkpt lat="49.1851" lon="22.60713">
        <ele>597.8</ele>
      </trkpt>
      <trkpt lat="49.18506" lon="22.60693">
        <ele>597.8</ele>
      </trkpt>
      <trkpt lat="49.18497" lon="22.60665">
        <ele>598.6</ele>
      </trkpt>
      <trkpt lat="49.184585" lon="22.605835">
        <ele>599.9</ele>
      </trkpt>
      <trkpt lat="49.1842" lon="22.60502">
        <ele>602.1</ele>
      </trkpt>
      <trkpt lat="49.18403" lon="22.60473">
        <ele>602.3</ele>
      </trkpt>
      <trkpt lat="49.18386" lon="22.60453">
        <ele>603.1</ele>
      </trkpt>
      <trkpt lat="49.18366" lon="22.60433">
        <ele>603.1</ele>
      </trkpt>
      <trkpt lat="49.18353" lon="22.60424">
        <ele>603.5</ele>
      </trkpt>
      <trkpt lat="49.18345" lon="22.60421">
        <ele>603.5</ele>
      </trkpt>
      <trkpt lat="49.18328" lon="22.60418">
        <ele>604.0</ele>
      </trkpt>
      <trkpt lat="49.18282" lon="22.6042">
        <ele>605.5</ele>
      </trkpt>
      <trkpt lat="49.18253" lon="22.60417">
        <ele>606.0</ele>
      </trkpt>
      <trkpt lat="49.18217" lon="22.60404">
        <ele>606.7</ele>
      </trkpt>
      <trkpt lat="49.181563" lon="22.603853">
        <ele>608.0</ele>
      </trkpt>
      <trkpt lat="49.180957" lon="22.603667">
        <ele>609.2</ele>
      </trkpt>
      <trkpt lat="49.18035" lon="22.60348">
        <ele>610.3</ele>
      </trkpt>
      <trkpt lat="49.17987" lon="22.60323">
        <ele>612.0</ele>
      </trkpt>
      <trkpt lat="49.17993" lon="22.60238">
        <ele>616.6</ele>
      </trkpt>
      <trkpt lat="49.17973" lon="22.60113">
        <ele>623.0</ele>
      </trkpt>
      <trkpt lat="49.17971" lon="22.60068">
        <ele>626.0</ele>
      </trkpt>
      <trkpt lat="49.17975" lon="22.60009">
        <ele>629.6</ele>
      </trkpt>
      <trkpt lat="49.17986" lon="22.59927">
        <ele>633.4</ele>
      </trkpt>
      <trkpt lat="49.18006" lon="22.59796">
        <ele>640.1</ele>
      </trkpt>
      <trkpt lat="49.18026" lon="22.59665">
        <ele>649.7</ele>
      </trkpt>
      <trkpt lat="49.18031" lon="22.59592">
        <ele>652.5</ele>
      </trkpt>
      <trkpt lat="49.18029" lon="22.59533">
        <ele>655.0</ele>
      </trkpt>
      <trkpt lat="49.18021" lon="22.59412">
        <ele>660.1</ele>
      </trkpt>
      <trkpt lat="49.18027" lon="22.59387">
        <ele>660.9</ele>
      </trkpt>
      <trkpt lat="49.18035" lon="22.5938">
        <ele>661.7</ele>
      </trkpt>
      <trkpt lat="49.18046" lon="22.59376">
        <ele>662.1</ele>
      </trkpt>
      <trkpt lat="49.18057" lon="22.59382">
        <ele>663.8</ele>
      </trkpt>
      <trkpt lat="49.18064" lon="22.59393">
        <ele>664.5</ele>
      </trkpt>
      <trkpt lat="49.18068" lon="22.59416">
        <ele>665.4</ele>
      </trkpt>
      <trkpt lat="49.1807" lon="22.59501">
        <ele>666.0</ele>
      </trkpt>
      <trkpt lat="49.18093" lon="22.59631">
        <ele>669.1</ele>
      </trkpt>
      <trkpt lat="49.18098" lon="22.59647">
        <ele>670.2</ele>
      </trkpt>
      <trkpt lat="49.18103" lon="22.59674">
        <ele>670.2</ele>
      </trkpt>
      <trkpt lat="49.18116" lon="22.59791">
        <ele>676.4</ele>
      </trkpt>
      <trkpt lat="49.18121" lon="22.59898">
        <ele>683.6</ele>
      </trkpt>
      <trkpt lat="49.18127" lon="22.59913">
        <ele>684.3</ele>
      </trkpt>
      <trkpt lat="49.18135" lon="22.59918">
        <ele>684.9</ele>
      </trkpt>
      <trkpt lat="49.18142" lon="22.59917">
        <ele>685.3</ele>
      </trkpt>
      <trkpt lat="49.18149" lon="22.5991">
        <ele>685.7</ele>
      </trkpt>
      <trkpt lat="49.18161" lon="22.59886">
        <ele>686.3</ele>
      </trkpt>
      <trkpt lat="49.18183" lon="22.59808">
        <ele>690.0</ele>
      </trkpt>
      <trkpt lat="49.18197" lon="22.59769">
        <ele>692.3</ele>
      </trkpt>
      <trkpt lat="49.18211" lon="22.59743">
        <ele>693.0</ele>
      </trkpt>
      <trkpt lat="49.1824" lon="22.59711">
        <ele>697.3</ele>
      </trkpt>
      <trkpt lat="49.18263" lon="22.59678">
        <ele>697.9</ele>
      </trkpt>
      <trkpt lat="49.18288" lon="22.5965">
        <ele>701.1</ele>
      </trkpt>
      <trkpt lat="49.18317" lon="22.59624">
        <ele>703.6</ele>
      </trkpt>
      <trkpt lat="49.1833" lon="22.59615">
        <ele>704.0</ele>
      </trkpt>
      <trkpt lat="49.18338" lon="22.59616">
        <ele>704.3</ele>
      </trkpt>
      <trkpt lat="49.18344" lon="22.5962">
        <ele>704.5</ele>
      </trkpt>
      <trkpt lat="49.18346" lon="22.59626">
        <ele>704.5</ele>
      </trkpt>
      <trkpt lat="49.18346" lon="22.59634">
        <ele>704.5</ele>
      </trkpt>
      <trkpt lat="49.18326" lon="22.59696">
        <ele>706.1</ele>
      </trkpt>
      <trkpt lat="49.18321" lon="22.59719">
        <ele>706.7</ele>
      </trkpt>
      <trkpt lat="49.1832" lon="22.59784">
        <ele>707.6</ele>
      </trkpt>
      <trkpt lat="49.18329" lon="22.59859">
        <ele>709.7</ele>
      </trkpt>
      <trkpt lat="49.18335" lon="22.59882">
        <ele>709.8</ele>
      </trkpt>
      <trkpt lat="49.18342" lon="22.59896">
        <ele>710.1</ele>
      </trkpt>
      <trkpt lat="49.1836" lon="22.59919">
        <ele>711.1</ele>
      </trkpt>
      <trkpt lat="49.18376" lon="22.5995">
        <ele>711.8</ele>
      </trkpt>
      <trkpt lat="49.183985" lon="22.600095">
        <ele>714.3</ele>
      </trkpt>
      <trkpt lat="49.18421" lon="22.60069">
        <ele>716.6</ele>
      </trkpt>
      <trkpt lat="49.18433" lon="22.60088">
        <ele>717.6</ele>
      </trkpt>
      <trkpt lat="49.18474" lon="22.6013">
        <ele>718.9</ele>
      </trkpt>
      <trkpt lat="49.18492" lon="22.60151">
        <ele>719.4</ele>
      </trkpt>
      <trkpt lat="49.18543" lon="22.60232">
        <ele>718.7</ele>
      </trkpt>
      <trkpt lat="49.18563" lon="22.60288">
        <ele>717.6</ele>
      </trkpt>
      <trkpt lat="49.18594" lon="22.60338">
        <ele>717.5</ele>
      </trkpt>
      <trkpt lat="49.186" lon="22.60344">
        <ele>717.5</ele>
      </trkpt>
      <trkpt lat="49.18608" lon="22.60342">
        <ele>717.5</ele>
      </trkpt>
      <trkpt lat="49.18613" lon="22.60335">
        <ele>717.6</ele>
      </trkpt>
      <trkpt lat="49.18636" lon="22.60269">
        <ele>719.9</ele>
      </trkpt>
      <trkpt lat="49.18645" lon="22.6025">
        <ele>720.2</ele>
      </trkpt>
      <trkpt lat="49.18654" lon="22.60241">
        <ele>721.2</ele>
      </trkpt>
      <trkpt lat="49.18692" lon="22.60216">
        <ele>724.4</ele>
      </trkpt>
      <trkpt lat="49.18722" lon="22.60199">
        <ele>727.1</ele>
      </trkpt>
      <trkpt lat="49.18736" lon="22.60193">
        <ele>727.9</ele>
      </trkpt>
      <trkpt lat="49.18745" lon="22.60193">
        <ele>727.9</ele>
      </trkpt>
      <trkpt lat="49.18763" lon="22.60205">
        <ele>727.3</ele>
      </trkpt>
      <trkpt lat="49.1877" lon="22.60217">
        <ele>727.3</ele>
      </trkpt>
      <trkpt lat="49.18785" lon="22.60258">
        <ele>725.3</ele>
      </trkpt>
      <trkpt lat="49.18792" lon="22.60293">
        <ele>724.5</ele>
      </trkpt>
      <trkpt lat="49.18794" lon="22.60329">
        <ele>723.1</ele>
      </trkpt>
      <trkpt lat="49.18793" lon="22.60365">
        <ele>720.4</ele>
      </trkpt>
      <trkpt lat="49.18794" lon="22.60382">
        <ele>719.5</ele>
      </trkpt>
      <trkpt lat="49.18799" lon="22.60393">
        <ele>719.0</ele>
      </trkpt>
      <trkpt lat="49.18804" lon="22.60398">
        <ele>718.0</ele>
      </trkpt>
      <trkpt lat="49.18829" lon="22.60402">
        <ele>715.9</ele>
      </trkpt>
      <trkpt lat="49.18843" lon="22.60408">
        <ele>715.2</ele>
      </trkpt>
      <trkpt lat="49.18881" lon="22.60444">
        <ele>713.3</ele>
      </trkpt>
      <trkpt lat="49.18901" lon="22.60461">
        <ele>711.7</ele>
      </trkpt>
      <trkpt lat="49.18917" lon="22.60471">
        <ele>711.1</ele>
      </trkpt>
      <trkpt lat="49.18926" lon="22.60484">
        <ele>710.7</ele>
      </trkpt>
      <trkpt lat="49.18931" lon="22.60503">
        <ele>710.3</ele>
      </trkpt>
      <trkpt lat="49.18936" lon="22.60566">
        <ele>707.7</ele>
      </trkpt>
      <trkpt lat="49.18945" lon="22.6058">
        <ele>706.7</ele>
      </trkpt>
      <trkpt lat="49.18956" lon="22.60593">
        <ele>705.2</ele>
      </trkpt>
      <trkpt lat="49.18967" lon="22.60597">
        <ele>705.2</ele>
      </trkpt>
      <trkpt lat="49.19034" lon="22.60613">
        <ele>700.2</ele>
      </trkpt>
      <trkpt lat="49.19046" lon="22.60621">
        <ele>699.4</ele>
      </trkpt>
      <trkpt lat="49.19057" lon="22.60633">
        <ele>698.8</ele>
      </trkpt>
      <trkpt lat="49.19071" lon="22.60657">
        <ele>697.9</ele>
      </trkpt>
      <trkpt lat="49.19091" lon="22.6068">
        <ele>695.9</ele>
      </trkpt>
      <trkpt lat="49.19106" lon="22.60701">
        <ele>695.0</ele>
      </trkpt>
      <trkpt lat="49.1913" lon="22.60719">
        <ele>693.1</ele>
      </trkpt>
      <trkpt lat="49.19159" lon="22.60755">
        <ele>691.5</ele>
      </trkpt>
      <trkpt lat="49.19195" lon="22.60814">
        <ele>693.8</ele>
      </trkpt>
      <trkpt lat="49.19212" lon="22.60835">
        <ele>695.8</ele>
      </trkpt>
      <trkpt lat="49.19231" lon="22.60853">
        <ele>697.0</ele>
      </trkpt>
      <trkpt lat="49.1924" lon="22.60856">
        <ele>697.0</ele>
      </trkpt>
      <trkpt lat="49.1925" lon="22.60851">
        <ele>697.4</ele>
      </trkpt>
      <trkpt lat="49.19259" lon="22.60841">
        <ele>698.0</ele>
      </trkpt>
      <trkpt lat="49.19267" lon="22.6082">
        <ele>698.3</ele>
      </trkpt>
      <trkpt lat="49.1928" lon="22.60761">
        <ele>700.9</ele>
      </trkpt>
      <trkpt lat="49.19291" lon="22.60679">
        <ele>704.8</ele>
      </trkpt>
      <trkpt lat="49.19293" lon="22.60647">
        <ele>706.3</ele>
      </trkpt>
      <trkpt lat="49.192905" lon="22.60572">
        <ele>709.5</ele>
      </trkpt>
      <trkpt lat="49.19288" lon="22.60497">
        <ele>713.4</ele>
      </trkpt>
      <trkpt lat="49.19293" lon="22.60462">
        <ele>714.8</ele>
      </trkpt>
      <trkpt lat="49.19304" lon="22.60421">
        <ele>716.1</ele>
      </trkpt>
      <trkpt lat="49.193335" lon="22.603375">
        <ele>718.5</ele>
      </trkpt>
      <trkpt lat="49.19363" lon="22.60254">
        <ele>722.4</ele>
      </trkpt>
      <trkpt lat="49.1938" lon="22.60227">
        <ele>723.1</ele>
      </trkpt>
      <trkpt lat="49.19393" lon="22.60195">
        <ele>723.9</ele>
      </trkpt>
      <trkpt lat="49.19397" lon="22.60173">
        <ele>725.1</ele>
      </trkpt>
      <trkpt lat="49.19397" lon="22.60151">
        <ele>725.8</ele>
      </trkpt>
      <trkpt lat="49.19395" lon="22.60134">
        <ele>727.0</ele>
      </trkpt>
      <trkpt lat="49.19384" lon="22.60106">
        <ele>728.7</ele>
      </trkpt>
      <trkpt lat="49.19369" lon="22.60045">
        <ele>730.9</ele>
      </trkpt>
      <trkpt lat="49.19334" lon="22.59942">
        <ele>734.4</ele>
      </trkpt>
      <trkpt lat="49.1933" lon="22.59914">
        <ele>734.9</ele>
      </trkpt>
      <trkpt lat="49.19327" lon="22.5985">
        <ele>734.6</ele>
      </trkpt>
      <trkpt lat="49.19329" lon="22.59834">
        <ele>734.5</ele>
      </trkpt>
      <trkpt lat="49.19335" lon="22.59823">
        <ele>734.8</ele>
      </trkpt>
      <trkpt lat="49.19341" lon="22.59821">
        <ele>735.0</ele>
      </trkpt>
      <trkpt lat="49.1935" lon="22.59823">
        <ele>735.3</ele>
      </trkpt>
      <trkpt lat="49.19371" lon="22.59841">
        <ele>737.3</ele>
      </trkpt>
      <trkpt lat="49.194075" lon="22.59884">
        <ele>740.6</ele>
      </trkpt>
      <trkpt lat="49.19444" lon="22.59927">
        <ele>742.4</ele>
      </trkpt>
      <trkpt lat="49.19463" lon="22.59945">
        <ele>743.0</ele>
      </trkpt>
      <trkpt lat="49.19483" lon="22.59977">
        <ele>744.8</ele>
      </trkpt>
      <trkpt lat="49.195" lon="22.59996">
        <ele>745.7</ele>
      </trkpt>
      <trkpt lat="49.19521" lon="22.60028">
        <ele>747.3</ele>
      </trkpt>
      <trkpt lat="49.19574" lon="22.60138">
        <ele>752.0</ele>
      </trkpt>
      <trkpt lat="49.19577" lon="22.60139">
        <ele>752.0</ele>
      </trkpt>
      <trkpt lat="49.19586" lon="22.60138">
        <ele>754.3</ele>
      </trkpt>
      <trkpt lat="49.19597" lon="22.60126">
        <ele>754.3</ele>
      </trkpt>
      <trkpt lat="49.1961" lon="22.60103">
        <ele>756.4</ele>
      </trkpt>
      <trkpt lat="49.19633" lon="22.60025">
        <ele>759.0</ele>
      </trkpt>
      <trkpt lat="49.196595" lon="22.59942">
        <ele>764.2</ele>
      </trkpt>
      <trkpt lat="49.19686" lon="22.59859">
        <ele>766.7</ele>
      </trkpt>
      <trkpt lat="49.19701" lon="22.59795">
        <ele>769.9</ele>
      </trkpt>
      <trkpt lat="49.19715" lon="22.5976">
        <ele>771.5</ele>
      </trkpt>
      <trkpt lat="49.19726" lon="22.59747">
        <ele>772.9</ele>
      </trkpt>
      <trkpt lat="49.1978" lon="22.59709">
        <ele>777.2</ele>
      </trkpt>
      <trkpt lat="49.19801" lon="22.59684">
        <ele>778.4</ele>
      </trkpt>
      <trkpt lat="49.19821" lon="22.59642">
        <ele>780.0</ele>
      </trkpt>
      <trkpt lat="49.19836" lon="22.59602">
        <ele>781.4</ele>
      </trkpt>
      <trkpt lat="49.19851" lon="22.59528">
        <ele>784.8</ele>
      </trkpt>
      <trkpt lat="49.198555" lon="22.59426">
        <ele>789.7</ele>
      </trkpt>
      <trkpt lat="49.1986" lon="22.59324">
        <ele>792.2</ele>
      </trkpt>
      <trkpt lat="49.19857" lon="22.59271">
        <ele>794.8</ele>
      </trkpt>
      <trkpt lat="49.1985" lon="22.59242">
        <ele>796.1</ele>
      </trkpt>
      <trkpt lat="49.19828" lon="22.59194">
        <ele>799.1</ele>
      </trkpt>
      <trkpt lat="49.19812" lon="22.59177">
        <ele>800.1</ele>
      </trkpt>
      <trkpt lat="49.19799" lon="22.59158">
        <ele>800.9</ele>
      </trkpt>
      <trkpt lat="49.19786" lon="22.59121">
        <ele>802.9</ele>
      </trkpt>
      <trkpt lat="49.19769" lon="22.59093">
        <ele>803.7</ele>
      </trkpt>
      <trkpt lat="49.19758" lon="22.59067">
        <ele>804.0</ele>
      </trkpt>
      <trkpt lat="49.19753" lon="22.59045">
        <ele>803.8</ele>
      </trkpt>
      <trkpt lat="49.19752" lon="22.59027">
        <ele>803.5</ele>
      </trkpt>
      <trkpt lat="49.19758" lon="22.5901">
        <ele>803.3</ele>
      </trkpt>
      <trkpt lat="49.19766" lon="22.59004">
        <ele>803.5</ele>
      </trkpt>
      <trkpt lat="49.19774" lon="22.59003">
        <ele>803.9</ele>
      </trkpt>
      <trkpt lat="49.19782" lon="22.59005">
        <ele>804.4</ele>
      </trkpt>
      <trkpt lat="49.1979" lon="22.59012">
        <ele>804.8</ele>
      </trkpt>
      <trkpt lat="49.19826" lon="22.59024">
        <ele>804.5</ele>
      </trkpt>
      <trkpt lat="49.19839" lon="22.59025">
        <ele>803.4</ele>
      </trkpt>
      <trkpt lat="49.19878" lon="22.59013">
        <ele>801.9</ele>
      </trkpt>
      <trkpt lat="49.19892" lon="22.59013">
        <ele>801.6</ele>
      </trkpt>
      <trkpt lat="49.19927" lon="22.59018">
        <ele>799.2</ele>
      </trkpt>
      <trkpt lat="49.19943" lon="22.59027">
        <ele>798.7</ele>
      </trkpt>
      <trkpt lat="49.2001" lon="22.59108">
        <ele>793.4</ele>
      </trkpt>
      <trkpt lat="49.20022" lon="22.59118">
        <ele>793.4</ele>
      </trkpt>
      <trkpt lat="49.20044" lon="22.59131">
        <ele>790.7</ele>
      </trkpt>
      <trkpt lat="49.2005" lon="22.59138">
        <ele>790.7</ele>
      </trkpt>
      <trkpt lat="49.20063" lon="22.59167">
        <ele>788.9</ele>
      </trkpt>
      <trkpt lat="49.20069" lon="22.59175">
        <ele>788.3</ele>
      </trkpt>
      <trkpt lat="49.20077" lon="22.59181">
        <ele>787.9</ele>
      </trkpt>
      <trkpt lat="49.20102" lon="22.59181">
        <ele>785.7</ele>
      </trkpt>
      <trkpt lat="49.20119" lon="22.59175">
        <ele>784.5</ele>
      </trkpt>
      <trkpt lat="49.20152" lon="22.59157">
        <ele>782.9</ele>
      </trkpt>
      <trkpt lat="49.20165" lon="22.59142">
        <ele>782.9</ele>
      </trkpt>
      <trkpt lat="49.20177" lon="22.59124">
        <ele>782.6</ele>
      </trkpt>
      <trkpt lat="49.202" lon="22.59064">
        <ele>781.1</ele>
      </trkpt>
      <trkpt lat="49.2021" lon="22.59017">
        <ele>778.4</ele>
      </trkpt>
      <trkpt lat="49.20242" lon="22.588945">
        <ele>773.6</ele>
      </trkpt>
      <trkpt lat="49.20274" lon="22.58772">
        <ele>769.9</ele>
      </trkpt>
      <trkpt lat="49.2028" lon="22.5874">
        <ele>769.6</ele>
      </trkpt>
      <trkpt lat="49.20284" lon="22.5869">
        <ele>768.7</ele>
      </trkpt>
      <trkpt lat="49.20283" lon="22.58634">
        <ele>767.5</ele>
      </trkpt>
      <trkpt lat="49.20278" lon="22.58557">
        <ele>766.7</ele>
      </trkpt>
      <trkpt lat="49.20269" lon="22.5851">
        <ele>764.5</ele>
      </trkpt>
      <trkpt lat="49.20268" lon="22.58493">
        <ele>764.0</ele>
      </trkpt>
      <trkpt lat="49.20271" lon="22.58471">
        <ele>763.5</ele>
      </trkpt>
      <trkpt lat="49.20277" lon="22.58454">
        <ele>763.4</ele>
      </trkpt>
      <trkpt lat="49.20289" lon="22.58436">
        <ele>763.4</ele>
      </trkpt>
      <trkpt lat="49.20302" lon="22.58424">
        <ele>763.1</ele>
      </trkpt>
      <trkpt lat="49.20322" lon="22.58414">
        <ele>762.7</ele>
      </trkpt>
      <trkpt lat="49.20343" lon="22.58406">
        <ele>762.1</ele>
      </trkpt>
      <trkpt lat="49.20381" lon="22.58399">
        <ele>760.1</ele>
      </trkpt>
      <trkpt lat="49.20427" lon="22.58381">
        <ele>759.4</ele>
      </trkpt>
      <trkpt lat="49.20452" lon="22.58378">
        <ele>758.1</ele>
      </trkpt>
      <trkpt lat="49.2049" lon="22.58366">
        <ele>754.3</ele>
      </trkpt>
      <trkpt lat="49.20503" lon="22.5836">
        <ele>752.5</ele>
      </trkpt>
      <trkpt lat="49.20518" lon="22.58348">
        <ele>751.1</ele>
      </trkpt>
      <trkpt lat="49.20533" lon="22.58332">
        <ele>750.4</ele>
      </trkpt>
      <trkpt lat="49.2054" lon="22.58319">
        <ele>750.4</ele>
      </trkpt>
      <trkpt lat="49.20544" lon="22.58307">
        <ele>748.6</ele>
      </trkpt>
      <trkpt lat="49.2056" lon="22.5819">
        <ele>745.7</ele>
      </trkpt>
      <trkpt lat="49.20564" lon="22.58145">
        <ele>744.7</ele>
      </trkpt>
      <trkpt lat="49.20561" lon="22.58091">
        <ele>744.4</ele>
      </trkpt>
      <trkpt lat="49.20547" lon="22.58003">
        <ele>741.7</ele>
      </trkpt>
      <trkpt lat="49.20545" lon="22.57983">
        <ele>740.2</ele>
      </trkpt>
      <trkpt lat="49.20546" lon="22.57965">
        <ele>739.0</ele>
      </trkpt>
      <trkpt lat="49.20558" lon="22.57929">
        <ele>738.4</ele>
      </trkpt>
      <trkpt lat="49.20571" lon="22.57906">
        <ele>738.7</ele>
      </trkpt>
      <trkpt lat="49.2059" lon="22.57884">
        <ele>739.4</ele>
      </trkpt>
      <trkpt lat="49.20666" lon="22.57855">
        <ele>734.3</ele>
      </trkpt>
      <trkpt lat="49.20675" lon="22.57846">
        <ele>733.6</ele>
      </trkpt>
      <trkpt lat="49.20702" lon="22.57803">
        <ele>730.2</ele>
      </trkpt>
      <trkpt lat="49.20716" lon="22.57787">
        <ele>728.7</ele>
      </trkpt>
      <trkpt lat="49.20738" lon="22.5777">
        <ele>728.2</ele>
      </trkpt>
      <trkpt lat="49.20814" lon="22.57735">
        <ele>723.5</ele>
      </trkpt>
      <trkpt lat="49.20834" lon="22.5773">
        <ele>722.7</ele>
      </trkpt>
      <trkpt lat="49.20853" lon="22.57731">
        <ele>722.2</ele>
      </trkpt>
      <trkpt lat="49.20889" lon="22.57736">
        <ele>719.9</ele>
      </trkpt>
      <trkpt lat="49.20955" lon="22.57756">
        <ele>716.3</ele>
      </trkpt>
      <trkpt lat="49.21033" lon="22.57785">
        <ele>712.1</ele>
      </trkpt>
      <trkpt lat="49.21081" lon="22.578">
        <ele>709.4</ele>
      </trkpt>
      <trkpt lat="49.21105" lon="22.57803">
        <ele>709.4</ele>
      </trkpt>
      <trkpt lat="49.2112" lon="22.57801">
        <ele>708.6</ele>
      </trkpt>
      <trkpt lat="49.2113" lon="22.57794">
        <ele>708.2</ele>
      </trkpt>
      <trkpt lat="49.21137" lon="22.57785">
        <ele>707.6</ele>
      </trkpt>
      <trkpt lat="49.21142" lon="22.57766">
        <ele>706.9</ele>
      </trkpt>
      <trkpt lat="49.21142" lon="22.5775">
        <ele>706.9</ele>
      </trkpt>
      <trkpt lat="49.21139" lon="22.57732">
        <ele>706.0</ele>
      </trkpt>
      <trkpt lat="49.21131" lon="22.5772">
        <ele>706.0</ele>
      </trkpt>
      <trkpt lat="49.21116" lon="22.57708">
        <ele>705.0</ele>
      </trkpt>
      <trkpt lat="49.21079" lon="22.57668">
        <ele>703.3</ele>
      </trkpt>
      <trkpt lat="49.21062" lon="22.57644">
        <ele>702.9</ele>
      </trkpt>
      <trkpt lat="49.2104" lon="22.57593">
        <ele>701.6</ele>
      </trkpt>
      <trkpt lat="49.21031" lon="22.57565">
        <ele>701.6</ele>
      </trkpt>
      <trkpt lat="49.21028" lon="22.5755">
        <ele>700.9</ele>
      </trkpt>
      <trkpt lat="49.21031" lon="22.57538">
        <ele>700.9</ele>
      </trkpt>
      <trkpt lat="49.21038" lon="22.57529">
        <ele>700.6</ele>
      </trkpt>
      <trkpt lat="49.21124" lon="22.57493">
        <ele>697.7</ele>
      </trkpt>
      <trkpt lat="49.21138" lon="22.57482">
        <ele>697.2</ele>
      </trkpt>
      <trkpt lat="49.21184" lon="22.57436">
        <ele>695.8</ele>
      </trkpt>
      <trkpt lat="49.21194" lon="22.5743">
        <ele>695.7</ele>
      </trkpt>
      <trkpt lat="49.21228" lon="22.57426">
        <ele>696.1</ele>
      </trkpt>
      <trkpt lat="49.21266" lon="22.57414">
        <ele>695.7</ele>
      </trkpt>
      <trkpt lat="49.21316" lon="22.57378">
        <ele>692.7</ele>
      </trkpt>
      <trkpt lat="49.21352" lon="22.57345">
        <ele>691.0</ele>
      </trkpt>
      <trkpt lat="49.21385" lon="22.57312">
        <ele>689.9</ele>
      </trkpt>
      <trkpt lat="49.21399" lon="22.57304">
        <ele>689.0</ele>
      </trkpt>
      <trkpt lat="49.21421" lon="22.57296">
        <ele>687.9</ele>
      </trkpt>
      <trkpt lat="49.21461" lon="22.57292">
        <ele>685.6</ele>
      </trkpt>
      <trkpt lat="49.2153" lon="22.57319">
        <ele>680.0</ele>
      </trkpt>
      <trkpt lat="49.21588" lon="22.57321">
        <ele>676.4</ele>
      </trkpt>
      <trkpt lat="49.21614" lon="22.57324">
        <ele>673.6</ele>
      </trkpt>
      <trkpt lat="49.21652" lon="22.57332">
        <ele>669.1</ele>
      </trkpt>
      <trkpt lat="49.21729" lon="22.57374">
        <ele>657.8</ele>
      </trkpt>
      <trkpt lat="49.21783" lon="22.57389">
        <ele>650.6</ele>
      </trkpt>
      <trkpt lat="49.21837" lon="22.57399">
        <ele>644.9</ele>
      </trkpt>
      <trkpt lat="49.21849" lon="22.57396">
        <ele>643.9</ele>
      </trkpt>
      <trkpt lat="49.21863" lon="22.57383">
        <ele>642.4</ele>
      </trkpt>
      <trkpt lat="49.21907" lon="22.57331">
        <ele>635.1</ele>
      </trkpt>
      <trkpt lat="49.21942" lon="22.57281">
        <ele>630.5</ele>
      </trkpt>
      <trkpt lat="49.21959" lon="22.57262">
        <ele>628.2</ele>
      </trkpt>
      <trkpt lat="49.21977" lon="22.57245">
        <ele>625.5</ele>
      </trkpt>
      <trkpt lat="49.21999" lon="22.57237">
        <ele>624.0</ele>
      </trkpt>
      <trkpt lat="49.22041" lon="22.57227">
        <ele>618.9</ele>
      </trkpt>
      <trkpt lat="49.22097" lon="22.57208">
        <ele>613.5</ele>
      </trkpt>
      <trkpt lat="49.22113" lon="22.57207">
        <ele>613.1</ele>
      </trkpt>
      <trkpt lat="49.22129" lon="22.57211">
        <ele>612.3</ele>
      </trkpt>
      <trkpt lat="49.22214" lon="22.57243">
        <ele>610.0</ele>
      </trkpt>
      <trkpt lat="49.22275" lon="22.57282">
        <ele>607.1</ele>
      </trkpt>
      <trkpt lat="49.22291" lon="22.57286">
        <ele>606.5</ele>
      </trkpt>
      <trkpt lat="49.22309" lon="22.57287">
        <ele>604.9</ele>
      </trkpt>
      <trkpt lat="49.22343" lon="22.57281">
        <ele>601.4</ele>
      </trkpt>
      <trkpt lat="49.2236" lon="22.5728">
        <ele>600.5</ele>
      </trkpt>
      <trkpt lat="49.22377" lon="22.57283">
        <ele>599.0</ele>
      </trkpt>
      <trkpt lat="49.22398" lon="22.57292">
        <ele>596.9</ele>
      </trkpt>
      <trkpt lat="49.22432" lon="22.57314">
        <ele>593.9</ele>
      </trkpt>
      <trkpt lat="49.22452" lon="22.57333">
        <ele>591.0</ele>
      </trkpt>
      <trkpt lat="49.22491" lon="22.57392">
        <ele>584.6</ele>
      </trkpt>
      <trkpt lat="49.22512" lon="22.57414">
        <ele>581.2</ele>
      </trkpt>
      <trkpt lat="49.22539" lon="22.57438">
        <ele>579.0</ele>
      </trkpt>
      <trkpt lat="49.22594" lon="22.57477">
        <ele>572.4</ele>
      </trkpt>
      <trkpt lat="49.22621" lon="22.57491">
        <ele>569.5</ele>
      </trkpt>
      <trkpt lat="49.22664" lon="22.57496">
        <ele>563.4</ele>
      </trkpt>
      <trkpt lat="49.22692" lon="22.57494">
        <ele>563.4</ele>
      </trkpt>
      <trkpt lat="49.22731" lon="22.57485">
        <ele>560.4</ele>
      </trkpt>
      <trkpt lat="49.22763" lon="22.57468">
        <ele>558.5</ele>
      </trkpt>
      <trkpt lat="49.22785" lon="22.57444">
        <ele>556.0</ele>
      </trkpt>
      <trkpt lat="49.2283" lon="22.57376">
        <ele>550.3</ele>
      </trkpt>
      <trkpt lat="49.22875" lon="22.57308">
        <ele>545.3</ele>
      </trkpt>
      <trkpt lat="49.22908" lon="22.57226">
        <ele>539.5</ele>
      </trkpt>
      <trkpt lat="49.22945" lon="22.57158">
        <ele>531.7</ele>
      </trkpt>
      <trkpt lat="49.22967" lon="22.57107">
        <ele>529.2</ele>
      </trkpt>
      <trkpt lat="49.2298" lon="22.57064">
        <ele>527.2</ele>
      </trkpt>
      <trkpt lat="49.22991" lon="22.57037">
        <ele>524.9</ele>
      </trkpt>
      <trkpt lat="49.23019" lon="22.5699">
        <ele>519.9</ele>
      </trkpt>
      <trkpt lat="49.23033" lon="22.56974">
        <ele>518.4</ele>
      </trkpt>
      <trkpt lat="49.23038" lon="22.56959">
        <ele>517.6</ele>
      </trkpt>
      <trkpt lat="49.23042" lon="22.56926">
        <ele>516.5</ele>
      </trkpt>
      <trkpt lat="49.23045" lon="22.56908">
        <ele>516.7</ele>
      </trkpt>
      <trkpt lat="49.23059" lon="22.5688">
        <ele>517.5</ele>
      </trkpt>
      <trkpt lat="49.23066" lon="22.56858">
        <ele>519.0</ele>
      </trkpt>
      <trkpt lat="49.23077" lon="22.56798">
        <ele>520.4</ele>
      </trkpt>
      <trkpt lat="49.23091" lon="22.56763">
        <ele>520.6</ele>
      </trkpt>
      <trkpt lat="49.23113" lon="22.5673">
        <ele>519.7</ele>
      </trkpt>
      <trkpt lat="49.23153" lon="22.56699">
        <ele>518.7</ele>
      </trkpt>
      <trkpt lat="49.23162" lon="22.5669">
        <ele>518.4</ele>
      </trkpt>
      <trkpt lat="49.2317" lon="22.56677">
        <ele>517.9</ele>
      </trkpt>
      <trkpt lat="49.23174" lon="22.56658">
        <ele>517.7</ele>
      </trkpt>
      <trkpt lat="49.23176" lon="22.56625">
        <ele>516.3</ele>
      </trkpt>
      <trkpt lat="49.2318" lon="22.56612">
        <ele>516.1</ele>
      </trkpt>
      <trkpt lat="49.23186" lon="22.56603">
        <ele>516.0</ele>
      </trkpt>
      <trkpt lat="49.23197" lon="22.56597">
        <ele>515.7</ele>
      </trkpt>
      <trkpt lat="49.23235" lon="22.56606">
        <ele>514.6</ele>
      </trkpt>
      <trkpt lat="49.23256" lon="22.56606">
        <ele>512.2</ele>
      </trkpt>
      <trkpt lat="49.23283" lon="22.56601">
        <ele>511.0</ele>
      </trkpt>
      <trkpt lat="49.23314" lon="22.56585">
        <ele>509.7</ele>
      </trkpt>
      <trkpt lat="49.23326" lon="22.56575">
        <ele>508.5</ele>
      </trkpt>
      <trkpt lat="49.23336" lon="22.56563">
        <ele>508.5</ele>
      </trkpt>
      <trkpt lat="49.23335" lon="22.56564">
        <ele>508.5</ele>
      </trkpt>
      <trkpt lat="49.23345" lon="22.56548">
        <ele>507.8</ele>
      </trkpt>
      <trkpt lat="49.23351" lon="22.56523">
        <ele>507.5</ele>
      </trkpt>
      <trkpt lat="49.23356" lon="22.56489">
        <ele>507.1</ele>
      </trkpt>
      <trkpt lat="49.2337" lon="22.56448">
        <ele>505.9</ele>
      </trkpt>
      <trkpt lat="49.234035" lon="22.563845">
        <ele>503.5</ele>
      </trkpt>
      <trkpt lat="49.23437" lon="22.56321">
        <ele>500.8</ele>
      </trkpt>
      <trkpt lat="49.23458" lon="22.56274">
        <ele>498.7</ele>
      </trkpt>
      <trkpt lat="49.23465" lon="22.56267">
        <ele>498.3</ele>
      </trkpt>
      <trkpt lat="49.23465" lon="22.56249">
        <ele>499.0</ele>
      </trkpt>
      <trkpt lat="49.23468" lon="22.56231">
        <ele>499.4</ele>
      </trkpt>
      <trkpt lat="49.23502" lon="22.56135">
        <ele>501.3</ele>
      </trkpt>
      <trkpt lat="49.23523" lon="22.56064">
        <ele>501.6</ele>
      </trkpt>
      <trkpt lat="49.23525" lon="22.5604">
        <ele>501.6</ele>
      </trkpt>
      <trkpt lat="49.23523" lon="22.55997">
        <ele>501.9</ele>
      </trkpt>
      <trkpt lat="49.23518" lon="22.55978">
        <ele>502.0</ele>
      </trkpt>
      <trkpt lat="49.23504" lon="22.55948">
        <ele>502.6</ele>
      </trkpt>
      <trkpt lat="49.23485" lon="22.55929">
        <ele>504.0</ele>
      </trkpt>
      <trkpt lat="49.23469" lon="22.55918">
        <ele>504.7</ele>
      </trkpt>
      <trkpt lat="49.23411" lon="22.558965">
        <ele>510.4</ele>
      </trkpt>
      <trkpt lat="49.23353" lon="22.55875">
        <ele>513.9</ele>
      </trkpt>
      <trkpt lat="49.23293" lon="22.558555">
        <ele>516.6</ele>
      </trkpt>
      <trkpt lat="49.23233" lon="22.55836">
        <ele>516.1</ele>
      </trkpt>
      <trkpt lat="49.23183" lon="22.55799">
        <ele>513.3</ele>
      </trkpt>
      <trkpt lat="49.23114" lon="22.557245">
        <ele>511.3</ele>
      </trkpt>
      <trkpt lat="49.23045" lon="22.5565">
        <ele>511.2</ele>
      </trkpt>
      <trkpt lat="49.23014" lon="22.55609">
        <ele>511.5</ele>
      </trkpt>
      <trkpt lat="49.22974" lon="22.55538">
        <ele>511.7</ele>
      </trkpt>
      <trkpt lat="49.22934" lon="22.55467">
        <ele>511.5</ele>
      </trkpt>
      <trkpt lat="49.22903" lon="22.55434">
        <ele>511.6</ele>
      </trkpt>
      <trkpt lat="49.228625" lon="22.55404">
        <ele>511.6</ele>
      </trkpt>
      <trkpt lat="49.22822" lon="22.55374">
        <ele>511.6</ele>
      </trkpt>
      <trkpt lat="49.2275" lon="22.55318">
        <ele>511.9</ele>
      </trkpt>
      <trkpt lat="49.22773" lon="22.55232">
        <ele>514.1</ele>
      </trkpt>
      <trkpt lat="49.22775" lon="22.55207">
        <ele>516.1</ele>
      </trkpt>
      <trkpt lat="49.2277" lon="22.55179">
        <ele>516.1</ele>
      </trkpt>
      <trkpt lat="49.2276" lon="22.55161">
        <ele>519.1</ele>
      </trkpt>
      <trkpt lat="49.22702" lon="22.55101">
        <ele>523.0</ele>
      </trkpt>
      <trkpt lat="49.22692" lon="22.55078">
        <ele>524.6</ele>
      </trkpt>
      <trkpt lat="49.22688" lon="22.55062">
        <ele>526.0</ele>
      </trkpt>
      <trkpt lat="49.22687" lon="22.55047">
        <ele>526.0</ele>
      </trkpt>
      <trkpt lat="49.22689" lon="22.55023">
        <ele>527.4</ele>
      </trkpt>
      <trkpt lat="49.226935" lon="22.5493">
        <ele>533.8</ele>
      </trkpt>
      <trkpt lat="49.22698" lon="22.54837">
        <ele>540.3</ele>
      </trkpt>
      <trkpt lat="49.22691" lon="22.547455">
        <ele>545.9</ele>
      </trkpt>
      <trkpt lat="49.22684" lon="22.54654">
        <ele>551.5</ele>
      </trkpt>
      <trkpt lat="49.22671" lon="22.54521">
        <ele>555.6</ele>
      </trkpt>
      <trkpt lat="49.226543" lon="22.544017">
        <ele>564.1</ele>
      </trkpt>
      <trkpt lat="49.226377" lon="22.542823">
        <ele>573.4</ele>
      </trkpt>
      <trkpt lat="49.22621" lon="22.54163">
        <ele>581.6</ele>
      </trkpt>
      <trkpt lat="49.22612" lon="22.54143">
        <ele>582.6</ele>
      </trkpt>
      <trkpt lat="49.2259" lon="22.54105">
        <ele>584.0</ele>
      </trkpt>
      <trkpt lat="49.22583" lon="22.54089">
        <ele>584.5</ele>
      </trkpt>
      <trkpt lat="49.2258" lon="22.54077">
        <ele>585.1</ele>
      </trkpt>
      <trkpt lat="49.22581" lon="22.54064">
        <ele>586.5</ele>
      </trkpt>
      <trkpt lat="49.22585" lon="22.5406">
        <ele>586.5</ele>
      </trkpt>
      <trkpt lat="49.22601" lon="22.5406">
        <ele>587.0</ele>
      </trkpt>
      <trkpt lat="49.22607" lon="22.54068">
        <ele>587.8</ele>
      </trkpt>
      <trkpt lat="49.22644" lon="22.54134">
        <ele>591.1</ele>
      </trkpt>
      <trkpt lat="49.22663" lon="22.54158">
        <ele>593.6</ele>
      </trkpt>
      <trkpt lat="49.22703" lon="22.54198">
        <ele>597.2</ele>
      </trkpt>
      <trkpt lat="49.22715" lon="22.54207">
        <ele>600.6</ele>
      </trkpt>
      <trkpt lat="49.22736" lon="22.5421">
        <ele>600.6</ele>
      </trkpt>
      <trkpt lat="49.22752" lon="22.54202">
        <ele>604.6</ele>
      </trkpt>
      <trkpt lat="49.22763" lon="22.54189">
        <ele>604.6</ele>
      </trkpt>
      <trkpt lat="49.2277" lon="22.54168">
        <ele>605.8</ele>
      </trkpt>
      <trkpt lat="49.22772" lon="22.54149">
        <ele>607.8</ele>
      </trkpt>
      <trkpt lat="49.227735" lon="22.540675">
        <ele>613.2</ele>
      </trkpt>
      <trkpt lat="49.22775" lon="22.53986">
        <ele>618.1</ele>
      </trkpt>
      <trkpt lat="49.22778" lon="22.5393">
        <ele>622.0</ele>
      </trkpt>
      <trkpt lat="49.22791" lon="22.53822">
        <ele>632.9</ele>
      </trkpt>
      <trkpt lat="49.22799" lon="22.53777">
        <ele>635.6</ele>
      </trkpt>
      <trkpt lat="49.22826" lon="22.53718">
        <ele>639.7</ele>
      </trkpt>
      <trkpt lat="49.2284" lon="22.53694">
        <ele>642.0</ele>
      </trkpt>
      <trkpt lat="49.22854" lon="22.53679">
        <ele>644.0</ele>
      </trkpt>
      <trkpt lat="49.22907" lon="22.53643">
        <ele>647.7</ele>
      </trkpt>
      <trkpt lat="49.2292" lon="22.53625">
        <ele>650.9</ele>
      </trkpt>
      <trkpt lat="49.22929" lon="22.53606">
        <ele>651.9</ele>
      </trkpt>
      <trkpt lat="49.22931" lon="22.53585">
        <ele>654.3</ele>
      </trkpt>
      <trkpt lat="49.2293" lon="22.53567">
        <ele>655.3</ele>
      </trkpt>
      <trkpt lat="49.22889" lon="22.534583">
        <ele>659.6</ele>
      </trkpt>
      <trkpt lat="49.22848" lon="22.533497">
        <ele>657.7</ele>
      </trkpt>
      <trkpt lat="49.22807" lon="22.53241">
        <ele>655.9</ele>
      </trkpt>
      <trkpt lat="49.22802" lon="22.53215">
        <ele>655.1</ele>
      </trkpt>
      <trkpt lat="49.22805" lon="22.53194">
        <ele>654.2</ele>
      </trkpt>
      <trkpt lat="49.22811" lon="22.53173">
        <ele>653.1</ele>
      </trkpt>
      <trkpt lat="49.22822" lon="22.53148">
        <ele>652.2</ele>
      </trkpt>
      <trkpt lat="49.22844" lon="22.53116">
        <ele>647.9</ele>
      </trkpt>
      <trkpt lat="49.22898" lon="22.530697">
        <ele>641.5</ele>
      </trkpt>
      <trkpt lat="49.22952" lon="22.530233">
        <ele>632.4</ele>
      </trkpt>
      <trkpt lat="49.23006" lon="22.52977">
        <ele>625.5</ele>
      </trkpt>
      <trkpt lat="49.23022" lon="22.52951">
        <ele>623.1</ele>
      </trkpt>
      <trkpt lat="49.2304" lon="22.52907">
        <ele>620.7</ele>
      </trkpt>
      <trkpt lat="49.23057" lon="22.52848">
        <ele>617.0</ele>
      </trkpt>
      <trkpt lat="49.23056" lon="22.52822">
        <ele>614.7</ele>
      </trkpt>
      <trkpt lat="49.23043" lon="22.52753">
        <ele>609.8</ele>
      </trkpt>
      <trkpt lat="49.23043" lon="22.52728">
        <ele>609.0</ele>
      </trkpt>
      <trkpt lat="49.23051" lon="22.52706">
        <ele>606.5</ele>
      </trkpt>
      <trkpt lat="49.23062" lon="22.52693">
        <ele>604.8</ele>
      </trkpt>
      <trkpt lat="49.23075" lon="22.52689">
        <ele>603.3</ele>
      </trkpt>
      <trkpt lat="49.23088" lon="22.52691">
        <ele>599.2</ele>
      </trkpt>
      <trkpt lat="49.231437" lon="22.5274">
        <ele>591.9</ele>
      </trkpt>
      <trkpt lat="49.231993" lon="22.52789">
        <ele>585.4</ele>
      </trkpt>
      <trkpt lat="49.23255" lon="22.52838">
        <ele>580.9</ele>
      </trkpt>
      <trkpt lat="49.23271" lon="22.52841">
        <ele>577.9</ele>
      </trkpt>
      <trkpt lat="49.23287" lon="22.52838">
        <ele>576.6</ele>
      </trkpt>
      <trkpt lat="49.23357" lon="22.527995">
        <ele>569.3</ele>
      </trkpt>
      <trkpt lat="49.23427" lon="22.52761">
        <ele>561.0</ele>
      </trkpt>
      <trkpt lat="49.23444" lon="22.52743">
        <ele>559.6</ele>
      </trkpt>
      <trkpt lat="49.23451" lon="22.52722">
        <ele>557.7</ele>
      </trkpt>
      <trkpt lat="49.23451" lon="22.52707">
        <ele>556.6</ele>
      </trkpt>
      <trkpt lat="49.23448" lon="22.52692">
        <ele>556.6</ele>
      </trkpt>
      <trkpt lat="49.23436" lon="22.52666">
        <ele>554.4</ele>
      </trkpt>
      <trkpt lat="49.233905" lon="22.52617">
        <ele>551.1</ele>
      </trkpt>
      <trkpt lat="49.23345" lon="22.52568">
        <ele>550.2</ele>
      </trkpt>
      <trkpt lat="49.23334" lon="22.52546">
        <ele>550.4</ele>
      </trkpt>
      <trkpt lat="49.23327" lon="22.52527">
        <ele>550.5</ele>
      </trkpt>
      <trkpt lat="49.23321" lon="22.525">
        <ele>550.5</ele>
      </trkpt>
      <trkpt lat="49.233067" lon="22.52386">
        <ele>547.7</ele>
      </trkpt>
      <trkpt lat="49.232923" lon="22.52272">
        <ele>541.4</ele>
      </trkpt>
      <trkpt lat="49.23278" lon="22.52158">
        <ele>539.9</ele>
      </trkpt>
      <trkpt lat="49.23274" lon="22.5213">
        <ele>540.3</ele>
      </trkpt>
      <trkpt lat="49.23269" lon="22.52112">
        <ele>541.3</ele>
      </trkpt>
      <trkpt lat="49.23252" lon="22.52092">
        <ele>542.7</ele>
      </trkpt>
      <trkpt lat="49.23241" lon="22.52084">
        <ele>543.3</ele>
      </trkpt>
      <trkpt lat="49.231855" lon="22.52066">
        <ele>545.9</ele>
      </trkpt>
      <trkpt lat="49.2313" lon="22.52048">
        <ele>548.3</ele>
      </trkpt>
      <trkpt lat="49.23074" lon="22.520235">
        <ele>550.0</ele>
      </trkpt>
      <trkpt lat="49.23018" lon="22.51999">
        <ele>552.9</ele>
      </trkpt>
      <trkpt lat="49.22995" lon="22.51981">
        <ele>553.8</ele>
      </trkpt>
      <trkpt lat="49.22977" lon="22.51951">
        <ele>555.1</ele>
      </trkpt>
      <trkpt lat="49.22936" lon="22.51837">
        <ele>560.3</ele>
      </trkpt>
      <trkpt lat="49.22927" lon="22.5182">
        <ele>561.2</ele>
      </trkpt>
      <trkpt lat="49.22916" lon="22.51807">
        <ele>561.7</ele>
      </trkpt>
      <trkpt lat="49.22856" lon="22.51797">
        <ele>564.0</ele>
      </trkpt>
      <trkpt lat="49.22864" lon="22.51768">
        <ele>565.0</ele>
      </trkpt>
      <trkpt lat="49.22863" lon="22.51769">
        <ele>565.0</ele>
      </trkpt>
      <trkpt lat="49.22884" lon="22.51724">
        <ele>568.9</ele>
      </trkpt>
      <trkpt lat="49.229" lon="22.51709">
        <ele>570.7</ele>
      </trkpt>
      <trkpt lat="49.22913" lon="22.51701">
        <ele>571.4</ele>
      </trkpt>
      <trkpt lat="49.22987" lon="22.51698">
        <ele>575.5</ele>
      </trkpt>
      <trkpt lat="49.23061" lon="22.51695">
        <ele>577.8</ele>
      </trkpt>
      <trkpt lat="49.23135" lon="22.51692">
        <ele>586.4</ele>
      </trkpt>
      <trkpt lat="49.23161" lon="22.51698">
        <ele>590.9</ele>
      </trkpt>
      <trkpt lat="49.23235" lon="22.51742">
        <ele>600.4</ele>
      </trkpt>
      <trkpt lat="49.23254" lon="22.51743">
        <ele>601.8</ele>
      </trkpt>
      <trkpt lat="49.233213" lon="22.517187">
        <ele>608.0</ele>
      </trkpt>
      <trkpt lat="49.233887" lon="22.516943">
        <ele>615.2</ele>
      </trkpt>
      <trkpt lat="49.23456" lon="22.5167">
        <ele>621.3</ele>
      </trkpt>
      <trkpt lat="49.23484" lon="22.51654">
        <ele>625.3</ele>
      </trkpt>
      <trkpt lat="49.23494" lon="22.51633">
        <ele>626.5</ele>
      </trkpt>
      <trkpt lat="49.23498" lon="22.51606">
        <ele>627.5</ele>
      </trkpt>
      <trkpt lat="49.234865" lon="22.515195">
        <ele>628.3</ele>
      </trkpt>
      <trkpt lat="49.23475" lon="22.51433">
        <ele>628.8</ele>
      </trkpt>
      <trkpt lat="49.23477" lon="22.51401">
        <ele>628.3</ele>
      </trkpt>
      <trkpt lat="49.23486" lon="22.51378">
        <ele>627.4</ele>
      </trkpt>
      <trkpt lat="49.23535" lon="22.51304">
        <ele>620.7</ele>
      </trkpt>
      <trkpt lat="49.23545" lon="22.51283">
        <ele>619.2</ele>
      </trkpt>
      <trkpt lat="49.23547" lon="22.51255">
        <ele>617.3</ele>
      </trkpt>
      <trkpt lat="49.23532" lon="22.51169">
        <ele>609.4</ele>
      </trkpt>
      <trkpt lat="49.2352" lon="22.51142">
        <ele>607.1</ele>
      </trkpt>
      <trkpt lat="49.23482" lon="22.51114">
        <ele>602.3</ele>
      </trkpt>
      <trkpt lat="49.23465" lon="22.51084">
        <ele>599.7</ele>
      </trkpt>
      <trkpt lat="49.23451" lon="22.51024">
        <ele>597.4</ele>
      </trkpt>
      <trkpt lat="49.23407" lon="22.50926">
        <ele>593.6</ele>
      </trkpt>
      <trkpt lat="49.2341" lon="22.50895">
        <ele>593.9</ele>
      </trkpt>
      <trkpt lat="49.23435" lon="22.50838">
        <ele>594.6</ele>
      </trkpt>
      <trkpt lat="49.2345" lon="22.50817">
        <ele>594.4</ele>
      </trkpt>
      <trkpt lat="49.235175" lon="22.50769">
        <ele>591.6</ele>
      </trkpt>
      <trkpt lat="49.23585" lon="22.50721">
        <ele>587.5</ele>
      </trkpt>
      <trkpt lat="49.23605" lon="22.50697">
        <ele>586.1</ele>
      </trkpt>
      <trkpt lat="49.23633" lon="22.50648">
        <ele>583.3</ele>
      </trkpt>
      <trkpt lat="49.23641" lon="22.50608">
        <ele>582.0</ele>
      </trkpt>
      <trkpt lat="49.236285" lon="22.504835">
        <ele>578.3</ele>
      </trkpt>
      <trkpt lat="49.23616" lon="22.50359">
        <ele>575.9</ele>
      </trkpt>
      <trkpt lat="49.23623" lon="22.5033">
        <ele>574.7</ele>
      </trkpt>
      <trkpt lat="49.23642" lon="22.50308">
        <ele>573.7</ele>
      </trkpt>
      <trkpt lat="49.23672" lon="22.50288">
        <ele>574.7</ele>
      </trkpt>
      <trkpt lat="49.23721" lon="22.50247">
        <ele>580.2</ele>
      </trkpt>
      <trkpt lat="49.23739" lon="22.50219">
        <ele>582.7</ele>
      </trkpt>
      <trkpt lat="49.23761" lon="22.50148">
        <ele>585.6</ele>
      </trkpt>
      <trkpt lat="49.23774" lon="22.50129">
        <ele>587.3</ele>
      </trkpt>
      <trkpt lat="49.2379" lon="22.50125">
        <ele>587.8</ele>
      </trkpt>
      <trkpt lat="49.23812" lon="22.50141">
        <ele>590.5</ele>
      </trkpt>
      <trkpt lat="49.23881" lon="22.50217">
        <ele>599.6</ele>
      </trkpt>
      <trkpt lat="49.23893" lon="22.50226">
        <ele>600.6</ele>
      </trkpt>
      <trkpt lat="49.23915" lon="22.50228">
        <ele>602.6</ele>
      </trkpt>
      <trkpt lat="49.23976" lon="22.50215">
        <ele>608.6</ele>
      </trkpt>
      <trkpt lat="49.24003" lon="22.50199">
        <ele>610.5</ele>
      </trkpt>
      <trkpt lat="49.24065" lon="22.50133">
        <ele>615.0</ele>
      </trkpt>
      <trkpt lat="49.241427" lon="22.500883">
        <ele>620.3</ele>
      </trkpt>
      <trkpt lat="49.242203" lon="22.500437">
        <ele>628.8</ele>
      </trkpt>
      <trkpt lat="49.24298" lon="22.49999">
        <ele>634.0</ele>
      </trkpt>
      <trkpt lat="49.24318" lon="22.49979">
        <ele>632.6</ele>
      </trkpt>
      <trkpt lat="49.24325" lon="22.49966">
        <ele>631.5</ele>
      </trkpt>
      <trkpt lat="49.24327" lon="22.4994">
        <ele>628.5</ele>
      </trkpt>
      <trkpt lat="49.24315" lon="22.49882">
        <ele>623.2</ele>
      </trkpt>
      <trkpt lat="49.242935" lon="22.498">
        <ele>618.8</ele>
      </trkpt>
      <trkpt lat="49.24272" lon="22.49718">
        <ele>614.4</ele>
      </trkpt>
      <trkpt lat="49.24276" lon="22.49676">
        <ele>611.5</ele>
      </trkpt>
      <trkpt lat="49.24283" lon="22.49659">
        <ele>611.1</ele>
      </trkpt>
      <trkpt lat="49.24299" lon="22.49645">
        <ele>611.5</ele>
      </trkpt>
      <trkpt lat="49.24324" lon="22.49636">
        <ele>612.8</ele>
      </trkpt>
      <trkpt lat="49.24349" lon="22.49621">
        <ele>614.1</ele>
      </trkpt>
      <trkpt lat="49.24366" lon="22.496">
        <ele>616.0</ele>
      </trkpt>
      <trkpt lat="49.24401" lon="22.494987">
        <ele>624.3</ele>
      </trkpt>
      <trkpt lat="49.24436" lon="22.493973">
        <ele>628.4</ele>
      </trkpt>
      <trkpt lat="49.24471" lon="22.49296">
        <ele>627.2</ele>
      </trkpt>
      <trkpt lat="49.24484" lon="22.49269">
        <ele>627.1</ele>
      </trkpt>
      <trkpt lat="49.24514" lon="22.4925">
        <ele>626.0</ele>
      </trkpt>
      <trkpt lat="49.2459" lon="22.49217">
        <ele>622.3</ele>
      </trkpt>
      <trkpt lat="49.24605" lon="22.49205">
        <ele>622.1</ele>
      </trkpt>
      <trkpt lat="49.24612" lon="22.49189">
        <ele>622.0</ele>
      </trkpt>
      <trkpt lat="49.24612" lon="22.49169">
        <ele>621.5</ele>
      </trkpt>
      <trkpt lat="49.24602" lon="22.49132">
        <ele>619.5</ele>
      </trkpt>
      <trkpt lat="49.2456" lon="22.49093">
        <ele>614.3</ele>
      </trkpt>
      <trkpt lat="49.2454" lon="22.49071">
        <ele>613.0</ele>
      </trkpt>
      <trkpt lat="49.24516" lon="22.48979">
        <ele>605.7</ele>
      </trkpt>
      <trkpt lat="49.245015" lon="22.48903">
        <ele>604.2</ele>
      </trkpt>
      <trkpt lat="49.24487" lon="22.48827">
        <ele>603.5</ele>
      </trkpt>
      <trkpt lat="49.24462" lon="22.4874">
        <ele>601.5</ele>
      </trkpt>
      <trkpt lat="49.24432" lon="22.48664">
        <ele>598.6</ele>
      </trkpt>
      <trkpt lat="49.24398" lon="22.48645">
        <ele>595.3</ele>
      </trkpt>
      <trkpt lat="49.24376" lon="22.48637">
        <ele>593.0</ele>
      </trkpt>
      <trkpt lat="49.24331" lon="22.48645">
        <ele>583.4</ele>
      </trkpt>
      <trkpt lat="49.24275" lon="22.48644">
        <ele>579.3</ele>
      </trkpt>
      <trkpt lat="49.24192" lon="22.48598">
        <ele>573.1</ele>
      </trkpt>
      <trkpt lat="49.24116" lon="22.48607">
        <ele>567.4</ele>
      </trkpt>
      <trkpt lat="49.24102" lon="22.48596">
        <ele>564.5</ele>
      </trkpt>
      <trkpt lat="49.24065" lon="22.48504">
        <ele>559.8</ele>
      </trkpt>
      <trkpt lat="49.24028" lon="22.48412">
        <ele>561.8</ele>
      </trkpt>
      <trkpt lat="49.24024" lon="22.48385">
        <ele>561.9</ele>
      </trkpt>
      <trkpt lat="49.24054" lon="22.48356">
        <ele>561.5</ele>
      </trkpt>
      <trkpt lat="49.24082" lon="22.48337">
        <ele>561.1</ele>
      </trkpt>
      <trkpt lat="49.24131" lon="22.483095">
        <ele>560.6</ele>
      </trkpt>
      <trkpt lat="49.2418" lon="22.48282">
        <ele>560.0</ele>
      </trkpt>
      <trkpt lat="49.24218" lon="22.4827">
        <ele>558.0</ele>
      </trkpt>
      <trkpt lat="49.24295" lon="22.4827">
        <ele>551.4</ele>
      </trkpt>
      <trkpt lat="49.24372" lon="22.4827">
        <ele>546.7</ele>
      </trkpt>
      <trkpt lat="49.24449" lon="22.4827">
        <ele>541.5</ele>
      </trkpt>
      <trkpt lat="49.24482" lon="22.48262">
        <ele>540.7</ele>
      </trkpt>
      <trkpt lat="49.24498" lon="22.48232">
        <ele>541.5</ele>
      </trkpt>
      <trkpt lat="49.24487" lon="22.4812">
        <ele>547.4</ele>
      </trkpt>
      <trkpt lat="49.24477" lon="22.48055">
        <ele>549.9</ele>
      </trkpt>
      <trkpt lat="49.24458" lon="22.48013">
        <ele>552.6</ele>
      </trkpt>
      <trkpt lat="49.24466" lon="22.47987">
        <ele>553.1</ele>
      </trkpt>
      <trkpt lat="49.24487" lon="22.47975">
        <ele>554.9</ele>
      </trkpt>
      <trkpt lat="49.24504" lon="22.47985">
        <ele>555.6</ele>
      </trkpt>
      <trkpt lat="49.24544" lon="22.48026">
        <ele>558.2</ele>
      </trkpt>
      <trkpt lat="49.24587" lon="22.48059">
        <ele>564.0</ele>
      </trkpt>
      <trkpt lat="49.24612" lon="22.48056">
        <ele>565.9</ele>
      </trkpt>
      <trkpt lat="49.24629" lon="22.48044">
        <ele>567.1</ele>
      </trkpt>
      <trkpt lat="49.24638" lon="22.4803">
        <ele>567.9</ele>
      </trkpt>
      <trkpt lat="49.24657" lon="22.47977">
        <ele>569.4</ele>
      </trkpt>
      <trkpt lat="49.2468" lon="22.47936">
        <ele>572.5</ele>
      </trkpt>
      <trkpt lat="49.24747" lon="22.47884">
        <ele>577.3</ele>
      </trkpt>
      <trkpt lat="49.24804" lon="22.478515">
        <ele>579.5</ele>
      </trkpt>
      <trkpt lat="49.24861" lon="22.47819">
        <ele>581.0</ele>
      </trkpt>
      <trkpt lat="49.249325" lon="22.478108">
        <ele>583.1</ele>
      </trkpt>
      <trkpt lat="49.25004" lon="22.478025">
        <ele>585.8</ele>
      </trkpt>
      <trkpt lat="49.250755" lon="22.477943">
        <ele>587.2</ele>
      </trkpt>
      <trkpt lat="49.25147" lon="22.47786">
        <ele>591.2</ele>
      </trkpt>
      <trkpt lat="49.25163" lon="22.47776">
        <ele>591.7</ele>
      </trkpt>
      <trkpt lat="49.25171" lon="22.47759">
        <ele>591.5</ele>
      </trkpt>
      <trkpt lat="49.25163" lon="22.47727">
        <ele>589.8</ele>
      </trkpt>
      <trkpt lat="49.251105" lon="22.47619">
        <ele>583.3</ele>
      </trkpt>
      <trkpt lat="49.25058" lon="22.47511">
        <ele>578.7</ele>
      </trkpt>
      <trkpt lat="49.25027" lon="22.47468">
        <ele>577.3</ele>
      </trkpt>
      <trkpt lat="49.25029" lon="22.47431">
        <ele>575.6</ele>
      </trkpt>
      <trkpt lat="49.25035" lon="22.47415">
        <ele>575.0</ele>
      </trkpt>
      <trkpt lat="49.25048" lon="22.47391">
        <ele>574.7</ele>
      </trkpt>
      <trkpt lat="49.25098" lon="22.47371">
        <ele>573.1</ele>
      </trkpt>
      <trkpt lat="49.251735" lon="22.473685">
        <ele>572.1</ele>
      </trkpt>
      <trkpt lat="49.25249" lon="22.47366">
        <ele>571.2</ele>
      </trkpt>
      <trkpt lat="49.25313" lon="22.47347">
        <ele>570.3</ele>
      </trkpt>
      <trkpt lat="49.253777" lon="22.472963">
        <ele>566.6</ele>
      </trkpt>
      <trkpt lat="49.254423" lon="22.472457">
        <ele>563.2</ele>
      </trkpt>
      <trkpt lat="49.25507" lon="22.47195">
        <ele>561.5</ele>
      </trkpt>
      <trkpt lat="49.25521" lon="22.47159">
        <ele>560.0</ele>
      </trkpt>
      <trkpt lat="49.2552" lon="22.47124">
        <ele>558.7</ele>
      </trkpt>
      <trkpt lat="49.254973" lon="22.470367">
        <ele>553.0</ele>
      </trkpt>
      <trkpt lat="49.254747" lon="22.469493">
        <ele>550.3</ele>
      </trkpt>
      <trkpt lat="49.25452" lon="22.46862">
        <ele>547.0</ele>
      </trkpt>
      <trkpt lat="49.25436" lon="22.46733">
        <ele>543.4</ele>
      </trkpt>
      <trkpt lat="49.25441" lon="22.46698">
        <ele>541.3</ele>
      </trkpt>
      <trkpt lat="49.25458" lon="22.46675">
        <ele>541.0</ele>
      </trkpt>
      <trkpt lat="49.255205" lon="22.466325">
        <ele>543.2</ele>
      </trkpt>
      <trkpt lat="49.25583" lon="22.4659">
        <ele>546.3</ele>
      </trkpt>
      <trkpt lat="49.25649" lon="22.46603">
        <ele>550.3</ele>
      </trkpt>
      <trkpt lat="49.2567" lon="22.46596">
        <ele>550.6</ele>
      </trkpt>
      <trkpt lat="49.25717" lon="22.46537">
        <ele>550.6</ele>
      </trkpt>
      <trkpt lat="49.25737" lon="22.46536">
        <ele>551.3</ele>
      </trkpt>
      <trkpt lat="49.25799" lon="22.46558">
        <ele>556.8</ele>
      </trkpt>
      <trkpt lat="49.258495" lon="22.465535">
        <ele>559.0</ele>
      </trkpt>
      <trkpt lat="49.259" lon="22.46549">
        <ele>559.8</ele>
      </trkpt>
      <trkpt lat="49.25954" lon="22.46553">
        <ele>560.9</ele>
      </trkpt>
      <trkpt lat="49.25985" lon="22.46546">
        <ele>561.7</ele>
      </trkpt>
      <trkpt lat="49.25994" lon="22.46537">
        <ele>561.4</ele>
      </trkpt>
      <trkpt lat="49.25994" lon="22.46464">
        <ele>558.7</ele>
      </trkpt>
      <trkpt lat="49.259775" lon="22.463785">
        <ele>555.4</ele>
      </trkpt>
      <trkpt lat="49.25961" lon="22.46293">
        <ele>554.3</ele>
      </trkpt>
      <trkpt lat="49.25939" lon="22.4622">
        <ele>554.4</ele>
      </trkpt>
      <trkpt lat="49.25953" lon="22.46194">
        <ele>556.2</ele>
      </trkpt>
      <trkpt lat="49.25977" lon="22.46192">
        <ele>559.1</ele>
      </trkpt>
      <trkpt lat="49.26009" lon="22.46186">
        <ele>561.4</ele>
      </trkpt>
      <trkpt lat="49.26033" lon="22.46169">
        <ele>562.6</ele>
      </trkpt>
      <trkpt lat="49.26053" lon="22.46136">
        <ele>563.5</ele>
      </trkpt>
      <trkpt lat="49.26084" lon="22.46118">
        <ele>566.0</ele>
      </trkpt>
      <trkpt lat="49.26116" lon="22.46083">
        <ele>567.8</ele>
      </trkpt>
      <trkpt lat="49.26184" lon="22.46028">
        <ele>575.7</ele>
      </trkpt>
      <trkpt lat="49.26192" lon="22.46013">
        <ele>576.5</ele>
      </trkpt>
      <trkpt lat="49.26199" lon="22.45989">
        <ele>577.5</ele>
      </trkpt>
      <trkpt lat="49.26214" lon="22.45871">
        <ele>581.5</ele>
      </trkpt>
      <trkpt lat="49.26214" lon="22.45822">
        <ele>582.6</ele>
      </trkpt>
      <trkpt lat="49.2622" lon="22.45737">
        <ele>586.3</ele>
      </trkpt>
      <trkpt lat="49.26225" lon="22.45722">
        <ele>586.3</ele>
      </trkpt>
      <trkpt lat="49.2624" lon="22.45695">
        <ele>587.3</ele>
      </trkpt>
      <trkpt lat="49.26259" lon="22.45671">
        <ele>588.2</ele>
      </trkpt>
      <trkpt lat="49.26271" lon="22.45669">
        <ele>589.0</ele>
      </trkpt>
      <trkpt lat="49.26288" lon="22.45672">
        <ele>590.4</ele>
      </trkpt>
      <trkpt lat="49.26298" lon="22.45671">
        <ele>590.9</ele>
      </trkpt>
      <trkpt lat="49.26331" lon="22.45657">
        <ele>592.2</ele>
      </trkpt>
      <trkpt lat="49.26343" lon="22.45658">
        <ele>592.4</ele>
      </trkpt>
      <trkpt lat="49.26353" lon="22.45665">
        <ele>592.8</ele>
      </trkpt>
      <trkpt lat="49.26367" lon="22.4568">
        <ele>593.8</ele>
      </trkpt>
      <trkpt lat="49.26394" lon="22.45699">
        <ele>594.7</ele>
      </trkpt>
      <trkpt lat="49.26404" lon="22.45704">
        <ele>595.3</ele>
      </trkpt>
      <trkpt lat="49.26418" lon="22.457">
        <ele>595.3</ele>
      </trkpt>
      <trkpt lat="49.26432" lon="22.4569">
        <ele>595.7</ele>
      </trkpt>
      <trkpt lat="49.26442" lon="22.45669">
        <ele>596.1</ele>
      </trkpt>
      <trkpt lat="49.26464" lon="22.45614">
        <ele>597.6</ele>
      </trkpt>
      <trkpt lat="49.26493" lon="22.45574">
        <ele>599.1</ele>
      </trkpt>
      <trkpt lat="49.26509" lon="22.45548">
        <ele>601.2</ele>
      </trkpt>
      <trkpt lat="49.26541" lon="22.45502">
        <ele>604.9</ele>
      </trkpt>
      <trkpt lat="49.26567" lon="22.45474">
        <ele>608.5</ele>
      </trkpt>
      <trkpt lat="49.26577" lon="22.4546">
        <ele>609.0</ele>
      </trkpt>
      <trkpt lat="49.2658" lon="22.4545">
        <ele>609.0</ele>
      </trkpt>
      <trkpt lat="49.26581" lon="22.45449">
        <ele>609.0</ele>
      </trkpt>
      <trkpt lat="49.26583" lon="22.45434">
        <ele>609.7</ele>
      </trkpt>
      <trkpt lat="49.26581" lon="22.45418">
        <ele>610.5</ele>
      </trkpt>
      <trkpt lat="49.26573" lon="22.45384">
        <ele>610.4</ele>
      </trkpt>
      <trkpt lat="49.2656" lon="22.4536">
        <ele>609.7</ele>
      </trkpt>
      <trkpt lat="49.2653" lon="22.45315">
        <ele>609.7</ele>
      </trkpt>
      <trkpt lat="49.26517" lon="22.4529">
        <ele>609.5</ele>
      </trkpt>
      <trkpt lat="49.26519" lon="22.45275">
        <ele>609.1</ele>
      </trkpt>
      <trkpt lat="49.26523" lon="22.45267">
        <ele>608.6</ele>
      </trkpt>
      <trkpt lat="49.26508" lon="22.45258">
        <ele>609.6</ele>
      </trkpt>
      <trkpt lat="49.26455" lon="22.45217">
        <ele>615.8</ele>
      </trkpt>
      <trkpt lat="49.26439" lon="22.45216">
        <ele>617.7</ele>
      </trkpt>
      <trkpt lat="49.26425" lon="22.45224">
        <ele>619.9</ele>
      </trkpt>
      <trkpt lat="49.26398" lon="22.4525">
        <ele>623.4</ele>
      </trkpt>
      <trkpt lat="49.26353" lon="22.4528">
        <ele>627.9</ele>
      </trkpt>
      <trkpt lat="49.2634" lon="22.45281">
        <ele>629.6</ele>
      </trkpt>
      <trkpt lat="49.26327" lon="22.45276">
        <ele>632.4</ele>
      </trkpt>
      <trkpt lat="49.26318" lon="22.4527">
        <ele>633.0</ele>
      </trkpt>
      <trkpt lat="49.26305" lon="22.45258">
        <ele>634.4</ele>
      </trkpt>
      <trkpt lat="49.26289" lon="22.45234">
        <ele>636.3</ele>
      </trkpt>
      <trkpt lat="49.26279" lon="22.45212">
        <ele>636.7</ele>
      </trkpt>
      <trkpt lat="49.26274" lon="22.45193">
        <ele>636.3</ele>
      </trkpt>
      <trkpt lat="49.26273" lon="22.45165">
        <ele>634.9</ele>
      </trkpt>
      <trkpt lat="49.26275" lon="22.45139">
        <ele>634.2</ele>
      </trkpt>
      <trkpt lat="49.26269" lon="22.45118">
        <ele>633.9</ele>
      </trkpt>
      <trkpt lat="49.26255" lon="22.45101">
        <ele>634.2</ele>
      </trkpt>
      <trkpt lat="49.26246" lon="22.45096">
        <ele>634.7</ele>
      </trkpt>
      <trkpt lat="49.26233" lon="22.45096">
        <ele>635.0</ele>
      </trkpt>
      <trkpt lat="49.26212" lon="22.45109">
        <ele>637.6</ele>
      </trkpt>
      <trkpt lat="49.26185" lon="22.45129">
        <ele>638.8</ele>
      </trkpt>
      <trkpt lat="49.26114" lon="22.45176">
        <ele>642.1</ele>
      </trkpt>
      <trkpt lat="49.26083" lon="22.45199">
        <ele>643.1</ele>
      </trkpt>
      <trkpt lat="49.26057" lon="22.45215">
        <ele>642.5</ele>
      </trkpt>
      <trkpt lat="49.26004" lon="22.45216">
        <ele>641.8</ele>
      </trkpt>
      <trkpt lat="49.25993" lon="22.45225">
        <ele>641.9</ele>
      </trkpt>
      <trkpt lat="49.25984" lon="22.45246">
        <ele>642.0</ele>
      </trkpt>
      <trkpt lat="49.2597" lon="22.4527">
        <ele>642.3</ele>
      </trkpt>
      <trkpt lat="49.25949" lon="22.45284">
        <ele>642.6</ele>
      </trkpt>
      <trkpt lat="49.25912" lon="22.453">
        <ele>644.0</ele>
      </trkpt>
      <trkpt lat="49.25887" lon="22.45285">
        <ele>644.2</ele>
      </trkpt>
      <trkpt lat="49.25878" lon="22.45284">
        <ele>643.9</ele>
      </trkpt>
      <trkpt lat="49.25843" lon="22.45303">
        <ele>642.5</ele>
      </trkpt>
      <trkpt lat="49.25831" lon="22.45305">
        <ele>641.0</ele>
      </trkpt>
      <trkpt lat="49.25813" lon="22.453">
        <ele>639.5</ele>
      </trkpt>
      <trkpt lat="49.25808" lon="22.4529">
        <ele>639.0</ele>
      </trkpt>
      <trkpt lat="49.25796" lon="22.45213">
        <ele>631.3</ele>
      </trkpt>
      <trkpt lat="49.25781" lon="22.45173">
        <ele>628.4</ele>
      </trkpt>
      <trkpt lat="49.25763" lon="22.45113">
        <ele>624.3</ele>
      </trkpt>
      <trkpt lat="49.25735" lon="22.45091">
        <ele>621.3</ele>
      </trkpt>
      <trkpt lat="49.25697" lon="22.4507">
        <ele>618.6</ele>
      </trkpt>
      <trkpt lat="49.2567" lon="22.45072">
        <ele>616.1</ele>
      </trkpt>
      <trkpt lat="49.25652" lon="22.45077">
        <ele>613.0</ele>
      </trkpt>
      <trkpt lat="49.25631" lon="22.45074">
        <ele>612.1</ele>
      </trkpt>
      <trkpt lat="49.25613" lon="22.45066">
        <ele>610.6</ele>
      </trkpt>
      <trkpt lat="49.25595" lon="22.45051">
        <ele>608.0</ele>
      </trkpt>
      <trkpt lat="49.25582" lon="22.45047">
        <ele>608.0</ele>
      </trkpt>
      <trkpt lat="49.25548" lon="22.45064">
        <ele>604.1</ele>
      </trkpt>
      <trkpt lat="49.25512" lon="22.45068">
        <ele>601.9</ele>
      </trkpt>
      <trkpt lat="49.25492" lon="22.45078">
        <ele>601.5</ele>
      </trkpt>
      <trkpt lat="49.25463" lon="22.45111">
        <ele>599.4</ele>
      </trkpt>
      <trkpt lat="49.254145" lon="22.45132">
        <ele>595.9</ele>
      </trkpt>
      <trkpt lat="49.25366" lon="22.45153">
        <ele>591.4</ele>
      </trkpt>
      <trkpt lat="49.253155" lon="22.451775">
        <ele>588.9</ele>
      </trkpt>
      <trkpt lat="49.25265" lon="22.45202">
        <ele>586.5</ele>
      </trkpt>
      <trkpt lat="49.25226" lon="22.45214">
        <ele>584.0</ele>
      </trkpt>
      <trkpt lat="49.25196" lon="22.45201">
        <ele>581.4</ele>
      </trkpt>
      <trkpt lat="49.25165" lon="22.45195">
        <ele>578.2</ele>
      </trkpt>
      <trkpt lat="49.25109" lon="22.45212">
        <ele>576.5</ele>
      </trkpt>
      <trkpt lat="49.25085" lon="22.45232">
        <ele>571.6</ele>
      </trkpt>
      <trkpt lat="49.25074" lon="22.45237">
        <ele>571.6</ele>
      </trkpt>
      <trkpt lat="49.25061" lon="22.45231">
        <ele>570.9</ele>
      </trkpt>
      <trkpt lat="49.25054" lon="22.45213">
        <ele>570.2</ele>
      </trkpt>
      <trkpt lat="49.25046" lon="22.45181">
        <ele>568.4</ele>
      </trkpt>
      <trkpt lat="49.25023" lon="22.45144">
        <ele>563.9</ele>
      </trkpt>
      <trkpt lat="49.25004" lon="22.4513">
        <ele>562.9</ele>
      </trkpt>
      <trkpt lat="49.24982" lon="22.4511">
        <ele>560.7</ele>
      </trkpt>
      <trkpt lat="49.24954" lon="22.45077">
        <ele>557.3</ele>
      </trkpt>
      <trkpt lat="49.24937" lon="22.4506">
        <ele>555.9</ele>
      </trkpt>
      <trkpt lat="49.24902" lon="22.45012">
        <ele>553.0</ele>
      </trkpt>
      <trkpt lat="49.24881" lon="22.45002">
        <ele>551.8</ele>
      </trkpt>
      <trkpt lat="49.24857" lon="22.45013">
        <ele>549.9</ele>
      </trkpt>
      <trkpt lat="49.24836" lon="22.45035">
        <ele>547.8</ele>
      </trkpt>
      <trkpt lat="49.24825" lon="22.4505">
        <ele>546.8</ele>
      </trkpt>
      <trkpt lat="49.2481" lon="22.45062">
        <ele>545.5</ele>
      </trkpt>
      <trkpt lat="49.24798" lon="22.45067">
        <ele>544.9</ele>
      </trkpt>
      <trkpt lat="49.24786" lon="22.4506">
        <ele>544.8</ele>
      </trkpt>
      <trkpt lat="49.24776" lon="22.45039">
        <ele>545.3</ele>
      </trkpt>
      <trkpt lat="49.24752" lon="22.45011">
        <ele>546.0</ele>
      </trkpt>
      <trkpt lat="49.24732" lon="22.45">
        <ele>548.7</ele>
      </trkpt>
      <trkpt lat="49.24648" lon="22.44984">
        <ele>553.0</ele>
      </trkpt>
      <trkpt lat="49.24594" lon="22.44968">
        <ele>554.2</ele>
      </trkpt>
      <trkpt lat="49.2454" lon="22.44952">
        <ele>555.4</ele>
      </trkpt>
      <trkpt lat="49.24522" lon="22.44931">
        <ele>555.0</ele>
      </trkpt>
      <trkpt lat="49.2451" lon="22.44911">
        <ele>555.3</ele>
      </trkpt>
      <trkpt lat="49.24496" lon="22.44878">
        <ele>556.0</ele>
      </trkpt>
      <trkpt lat="49.2444" lon="22.4479">
        <ele>559.1</ele>
      </trkpt>
      <trkpt lat="49.24411" lon="22.44729">
        <ele>561.8</ele>
      </trkpt>
      <trkpt lat="49.24389" lon="22.4466">
        <ele>564.4</ele>
      </trkpt>
      <trkpt lat="49.24367" lon="22.44591">
        <ele>568.5</ele>
      </trkpt>
      <trkpt lat="49.24354" lon="22.44556">
        <ele>569.2</ele>
      </trkpt>
      <trkpt lat="49.2434" lon="22.44478">
        <ele>569.3</ele>
      </trkpt>
      <trkpt lat="49.24343" lon="22.44403">
        <ele>568.7</ele>
      </trkpt>
      <trkpt lat="49.2435" lon="22.44353">
        <ele>568.0</ele>
      </trkpt>
      <trkpt lat="49.24364" lon="22.44293">
        <ele>565.1</ele>
      </trkpt>
      <trkpt lat="49.2441" lon="22.44176">
        <ele>561.6</ele>
      </trkpt>
      <trkpt lat="49.24427" lon="22.44148">
        <ele>560.5</ele>
      </trkpt>
      <trkpt lat="49.24443" lon="22.44129">
        <ele>559.8</ele>
      </trkpt>
      <trkpt lat="49.24461" lon="22.44099">
        <ele>558.1</ele>
      </trkpt>
      <trkpt lat="49.24486" lon="22.44026">
        <ele>555.1</ele>
      </trkpt>
      <trkpt lat="49.24507" lon="22.4399">
        <ele>553.9</ele>
      </trkpt>
      <trkpt lat="49.24525" lon="22.43976">
        <ele>553.2</ele>
      </trkpt>
      <trkpt lat="49.24541" lon="22.43966">
        <ele>551.8</ele>
      </trkpt>
      <trkpt lat="49.24551" lon="22.43936">
        <ele>550.0</ele>
      </trkpt>
      <trkpt lat="49.24563" lon="22.43853">
        <ele>545.8</ele>
      </trkpt>
      <trkpt lat="49.24561" lon="22.43829">
        <ele>544.9</ele>
      </trkpt>
      <trkpt lat="49.24562" lon="22.43747">
        <ele>540.4</ele>
      </trkpt>
      <trkpt lat="49.24555" lon="22.43721">
        <ele>540.1</ele>
      </trkpt>
      <trkpt lat="49.2454" lon="22.43687">
        <ele>539.2</ele>
      </trkpt>
      <trkpt lat="49.24489" lon="22.43614">
        <ele>535.8</ele>
      </trkpt>
      <trkpt lat="49.24419" lon="22.43551">
        <ele>535.2</ele>
      </trkpt>
      <trkpt lat="49.24375" lon="22.435175">
        <ele>535.1</ele>
      </trkpt>
      <trkpt lat="49.24331" lon="22.43484">
        <ele>535.7</ele>
      </trkpt>
      <trkpt lat="49.24292" lon="22.43457">
        <ele>535.7</ele>
      </trkpt>
      <trkpt lat="49.24211" lon="22.4341">
        <ele>536.4</ele>
      </trkpt>
      <trkpt lat="49.24184" lon="22.434">
        <ele>536.6</ele>
      </trkpt>
      <trkpt lat="49.2414" lon="22.43392">
        <ele>537.2</ele>
      </trkpt>
      <trkpt lat="49.24062" lon="22.43385">
        <ele>537.7</ele>
      </trkpt>
      <trkpt lat="49.24041" lon="22.43389">
        <ele>538.0</ele>
      </trkpt>
      <trkpt lat="49.239825" lon="22.434255">
        <ele>539.0</ele>
      </trkpt>
      <trkpt lat="49.23924" lon="22.43462">
        <ele>539.5</ele>
      </trkpt>
      <trkpt lat="49.23854" lon="22.435135">
        <ele>541.4</ele>
      </trkpt>
      <trkpt lat="49.23784" lon="22.43565">
        <ele>542.0</ele>
      </trkpt>
      <trkpt lat="49.23771" lon="22.43573">
        <ele>541.9</ele>
      </trkpt>
      <trkpt lat="49.2376" lon="22.43573">
        <ele>541.9</ele>
      </trkpt>
      <trkpt lat="49.23741" lon="22.43554">
        <ele>541.9</ele>
      </trkpt>
      <trkpt lat="49.23697" lon="22.43483">
        <ele>541.9</ele>
      </trkpt>
      <trkpt lat="49.23694" lon="22.43472">
        <ele>541.9</ele>
      </trkpt>
      <trkpt lat="49.236203" lon="22.4354">
        <ele>541.8</ele>
      </trkpt>
      <trkpt lat="49.235465" lon="22.43608">
        <ele>543.4</ele>
      </trkpt>
      <trkpt lat="49.234728" lon="22.43676">
        <ele>543.9</ele>
      </trkpt>
      <trkpt lat="49.23399" lon="22.43744">
        <ele>545.0</ele>
      </trkpt>
      <trkpt lat="49.23389" lon="22.43752">
        <ele>545.2</ele>
      </trkpt>
      <trkpt lat="49.23373" lon="22.4376">
        <ele>545.4</ele>
      </trkpt>
      <trkpt lat="49.2335" lon="22.43763">
        <ele>545.6</ele>
      </trkpt>
      <trkpt lat="49.232837" lon="22.437573">
        <ele>546.5</ele>
      </trkpt>
      <trkpt lat="49.232173" lon="22.437517">
        <ele>547.3</ele>
      </trkpt>
      <trkpt lat="49.23151" lon="22.43746">
        <ele>547.6</ele>
      </trkpt>
      <trkpt lat="49.23133" lon="22.43746">
        <ele>547.6</ele>
      </trkpt>
      <trkpt lat="49.23119" lon="22.43748">
        <ele>547.6</ele>
      </trkpt>
      <trkpt lat="49.23068" lon="22.43771">
        <ele>547.2</ele>
      </trkpt>
      <trkpt lat="49.22994" lon="22.43812">
        <ele>546.4</ele>
      </trkpt>
      <trkpt lat="49.2292" lon="22.43853">
        <ele>545.6</ele>
      </trkpt>
      <trkpt lat="49.22884" lon="22.43871">
        <ele>545.0</ele>
      </trkpt>
      <trkpt lat="49.22851" lon="22.43877">
        <ele>545.2</ele>
      </trkpt>
      <trkpt lat="49.22819" lon="22.43874">
        <ele>545.6</ele>
      </trkpt>
      <trkpt lat="49.227377" lon="22.43858">
        <ele>547.8</ele>
      </trkpt>
      <trkpt lat="49.226563" lon="22.43842">
        <ele>548.7</ele>
      </trkpt>
      <trkpt lat="49.22575" lon="22.43826">
        <ele>550.6</ele>
      </trkpt>
      <trkpt lat="49.22561" lon="22.43826">
        <ele>551.6</ele>
      </trkpt>
      <trkpt lat="49.22536" lon="22.43832">
        <ele>552.2</ele>
      </trkpt>
      <trkpt lat="49.22465" lon="22.438565">
        <ele>552.8</ele>
      </trkpt>
      <trkpt lat="49.22394" lon="22.43881">
        <ele>553.7</ele>
      </trkpt>
      <trkpt lat="49.22364" lon="22.43887">
        <ele>553.7</ele>
      </trkpt>
      <trkpt lat="49.222915" lon="22.43888">
        <ele>554.6</ele>
      </trkpt>
      <trkpt lat="49.22219" lon="22.43889">
        <ele>555.9</ele>
      </trkpt>
      <trkpt lat="49.221465" lon="22.4389">
        <ele>556.3</ele>
      </trkpt>
      <trkpt lat="49.22074" lon="22.43891">
        <ele>555.8</ele>
      </trkpt>
      <trkpt lat="49.22051" lon="22.4389">
        <ele>555.8</ele>
      </trkpt>
      <trkpt lat="49.22025" lon="22.43883">
        <ele>556.0</ele>
      </trkpt>
      <trkpt lat="49.21994" lon="22.43862">
        <ele>556.9</ele>
      </trkpt>
      <trkpt lat="49.21978" lon="22.43846">
        <ele>557.2</ele>
      </trkpt>
      <trkpt lat="49.219255" lon="22.43772">
        <ele>558.1</ele>
      </trkpt>
      <trkpt lat="49.21873" lon="22.43698">
        <ele>558.2</ele>
      </trkpt>
      <trkpt lat="49.21847" lon="22.43674">
        <ele>557.7</ele>
      </trkpt>
      <trkpt lat="49.218035" lon="22.43647">
        <ele>557.5</ele>
      </trkpt>
      <trkpt lat="49.2176" lon="22.4362">
        <ele>557.6</ele>
      </trkpt>
      <trkpt lat="49.21706" lon="22.43582">
        <ele>558.4</ele>
      </trkpt>
      <trkpt lat="49.21652" lon="22.43544">
        <ele>562.3</ele>
      </trkpt>
      <trkpt lat="49.2159" lon="22.4349">
        <ele>569.6</ele>
      </trkpt>
      <trkpt lat="49.21557" lon="22.43472">
        <ele>572.3</ele>
      </trkpt>
      <trkpt lat="49.21505" lon="22.43457">
        <ele>574.0</ele>
      </trkpt>
      <trkpt lat="49.21459" lon="22.43456">
        <ele>572.2</ele>
      </trkpt>
      <trkpt lat="49.21438" lon="22.43451">
        <ele>570.3</ele>
      </trkpt>
      <trkpt lat="49.213915" lon="22.434455">
        <ele>569.3</ele>
      </trkpt>
      <trkpt lat="49.21345" lon="22.4344">
        <ele>569.2</ele>
      </trkpt>
      <trkpt lat="49.21302" lon="22.43431">
        <ele>569.6</ele>
      </trkpt>
      <trkpt lat="49.21261" lon="22.4342">
        <ele>570.2</ele>
      </trkpt>
      <trkpt lat="49.21235" lon="22.43406">
        <ele>570.2</ele>
      </trkpt>
      <trkpt lat="49.21215" lon="22.43393">
        <ele>570.8</ele>
      </trkpt>
      <trkpt lat="49.21194" lon="22.43374">
        <ele>570.9</ele>
      </trkpt>
      <trkpt lat="49.2114" lon="22.43302">
        <ele>571.6</ele>
      </trkpt>
      <trkpt lat="49.21121" lon="22.43282">
        <ele>571.0</ele>
      </trkpt>
      <trkpt lat="49.21056" lon="22.43233">
        <ele>566.3</ele>
      </trkpt>
      <trkpt lat="49.20991" lon="22.43184">
        <ele>565.4</ele>
      </trkpt>
      <trkpt lat="49.2097" lon="22.4317">
        <ele>565.8</ele>
      </trkpt>
      <trkpt lat="49.20928" lon="22.43145">
        <ele>566.5</ele>
      </trkpt>
      <trkpt lat="49.20886" lon="22.4312">
        <ele>567.4</ele>
      </trkpt>
      <trkpt lat="49.20859" lon="22.43097">
        <ele>567.4</ele>
      </trkpt>
      <trkpt lat="49.208087" lon="22.430447">
        <ele>568.0</ele>
      </trkpt>
      <trkpt lat="49.207583" lon="22.429923">
        <ele>569.8</ele>
      </trkpt>
      <trkpt lat="49.20708" lon="22.4294">
        <ele>570.6</ele>
      </trkpt>
      <trkpt lat="49.206685" lon="22.428875">
        <ele>567.3</ele>
      </trkpt>
      <trkpt lat="49.20629" lon="22.42835">
        <ele>566.6</ele>
      </trkpt>
      <trkpt lat="49.20591" lon="22.4279">
        <ele>568.6</ele>
      </trkpt>
      <trkpt lat="49.20572" lon="22.42762">
        <ele>568.8</ele>
      </trkpt>
      <trkpt lat="49.20554" lon="22.42742">
        <ele>569.1</ele>
      </trkpt>
      <trkpt lat="49.20534" lon="22.42727">
        <ele>569.6</ele>
      </trkpt>
      <trkpt lat="49.20515" lon="22.42719">
        <ele>569.6</ele>
      </trkpt>
      <trkpt lat="49.204375" lon="22.427055">
        <ele>569.9</ele>
      </trkpt>
      <trkpt lat="49.2036" lon="22.42692">
        <ele>569.8</ele>
      </trkpt>
      <trkpt lat="49.20322" lon="22.4269">
        <ele>570.0</ele>
      </trkpt>
      <trkpt lat="49.20249" lon="22.426943">
        <ele>570.5</ele>
      </trkpt>
      <trkpt lat="49.20176" lon="22.426987">
        <ele>570.5</ele>
      </trkpt>
      <trkpt lat="49.20103" lon="22.42703">
        <ele>570.8</ele>
      </trkpt>
      <trkpt lat="49.20061" lon="22.427">
        <ele>571.1</ele>
      </trkpt>
      <trkpt lat="49.20016" lon="22.42691">
        <ele>571.4</ele>
      </trkpt>
      <trkpt lat="49.19971" lon="22.42682">
        <ele>572.0</ele>
      </trkpt>
      <trkpt lat="49.19936" lon="22.42664">
        <ele>572.4</ele>
      </trkpt>
      <trkpt lat="49.19908" lon="22.42644">
        <ele>572.6</ele>
      </trkpt>
      <trkpt lat="49.19846" lon="22.42591">
        <ele>573.2</ele>
      </trkpt>
      <trkpt lat="49.19794" lon="22.42553">
        <ele>574.6</ele>
      </trkpt>
      <trkpt lat="49.19769" lon="22.42541">
        <ele>575.3</ele>
      </trkpt>
      <trkpt lat="49.197095" lon="22.425235">
        <ele>576.5</ele>
      </trkpt>
      <trkpt lat="49.1965" lon="22.42506">
        <ele>577.2</ele>
      </trkpt>
      <trkpt lat="49.19624" lon="22.42501">
        <ele>577.4</ele>
      </trkpt>
      <trkpt lat="49.19583" lon="22.425">
        <ele>578.2</ele>
      </trkpt>
      <trkpt lat="49.195055" lon="22.42512">
        <ele>579.1</ele>
      </trkpt>
      <trkpt lat="49.19428" lon="22.42524">
        <ele>580.3</ele>
      </trkpt>
      <trkpt lat="49.19364" lon="22.425335">
        <ele>581.7</ele>
      </trkpt>
      <trkpt lat="49.193" lon="22.42543">
        <ele>584.2</ele>
      </trkpt>
      <trkpt lat="49.19274" lon="22.42537">
        <ele>584.5</ele>
      </trkpt>
      <trkpt lat="49.19262" lon="22.42568">
        <ele>584.4</ele>
      </trkpt>
      <trkpt lat="49.19245" lon="22.42598">
        <ele>584.6</ele>
      </trkpt>
      <trkpt lat="49.1923" lon="22.42615">
        <ele>584.6</ele>
      </trkpt>
      <trkpt lat="49.19194" lon="22.42645">
        <ele>584.7</ele>
      </trkpt>
      <trkpt lat="49.19126" lon="22.42696">
        <ele>585.2</ele>
      </trkpt>
      <trkpt lat="49.19108" lon="22.42702">
        <ele>585.3</ele>
      </trkpt>
      <trkpt lat="49.19087" lon="22.42704">
        <ele>585.5</ele>
      </trkpt>
      <trkpt lat="49.1907" lon="22.42701">
        <ele>585.8</ele>
      </trkpt>
      <trkpt lat="49.190215" lon="22.426785">
        <ele>586.2</ele>
      </trkpt>
      <trkpt lat="49.18973" lon="22.42656">
        <ele>587.0</ele>
      </trkpt>
      <trkpt lat="49.18955" lon="22.42651">
        <ele>587.2</ele>
      </trkpt>
      <trkpt lat="49.18939" lon="22.4265">
        <ele>587.3</ele>
      </trkpt>
      <trkpt lat="49.18891" lon="22.42656">
        <ele>587.9</ele>
      </trkpt>
      <trkpt lat="49.18852" lon="22.42663">
        <ele>588.6</ele>
      </trkpt>
      <trkpt lat="49.18815" lon="22.42677">
        <ele>588.9</ele>
      </trkpt>
      <trkpt lat="49.187478" lon="22.427075">
        <ele>590.2</ele>
      </trkpt>
      <trkpt lat="49.186805" lon="22.42738">
        <ele>590.8</ele>
      </trkpt>
      <trkpt lat="49.186133" lon="22.427685">
        <ele>591.3</ele>
      </trkpt>
      <trkpt lat="49.18546" lon="22.42799">
        <ele>590.7</ele>
      </trkpt>
      <trkpt lat="49.18496" lon="22.4282">
        <ele>588.1</ele>
      </trkpt>
      <trkpt lat="49.1848" lon="22.42824">
        <ele>588.1</ele>
      </trkpt>
      <trkpt lat="49.18461" lon="22.42826">
        <ele>587.3</ele>
      </trkpt>
      <trkpt lat="49.18425" lon="22.42825">
        <ele>586.4</ele>
      </trkpt>
      <trkpt lat="49.18377" lon="22.428185">
        <ele>586.0</ele>
      </trkpt>
      <trkpt lat="49.18329" lon="22.42812">
        <ele>585.3</ele>
      </trkpt>
      <trkpt lat="49.18317" lon="22.42812">
        <ele>585.3</ele>
      </trkpt>
      <trkpt lat="49.18308" lon="22.42815">
        <ele>585.3</ele>
      </trkpt>
      <trkpt lat="49.18296" lon="22.42823">
        <ele>585.2</ele>
      </trkpt>
      <trkpt lat="49.18286" lon="22.42833">
        <ele>585.1</ele>
      </trkpt>
      <trkpt lat="49.18272" lon="22.4286">
        <ele>585.1</ele>
      </trkpt>
      <trkpt lat="49.18264" lon="22.42882">
        <ele>585.2</ele>
      </trkpt>
      <trkpt lat="49.182455" lon="22.43016">
        <ele>586.0</ele>
      </trkpt>
      <trkpt lat="49.18227" lon="22.4315">
        <ele>588.6</ele>
      </trkpt>
      <trkpt lat="49.18218" lon="22.43194">
        <ele>589.8</ele>
      </trkpt>
      <trkpt lat="49.18205" lon="22.43238">
        <ele>591.1</ele>
      </trkpt>
      <trkpt lat="49.18181" lon="22.43295">
        <ele>591.8</ele>
      </trkpt>
      <trkpt lat="49.181505" lon="22.43358">
        <ele>591.8</ele>
      </trkpt>
      <trkpt lat="49.1812" lon="22.43421">
        <ele>592.1</ele>
      </trkpt>
      <trkpt lat="49.181" lon="22.4346">
        <ele>592.6</ele>
      </trkpt>
      <trkpt lat="49.1808" lon="22.4348">
        <ele>593.5</ele>
      </trkpt>
      <trkpt lat="49.18073" lon="22.43482">
        <ele>593.7</ele>
      </trkpt>
      <trkpt lat="49.1805" lon="22.43481">
        <ele>593.9</ele>
      </trkpt>
      <trkpt lat="49.17981" lon="22.434685">
        <ele>596.7</ele>
      </trkpt>
      <trkpt lat="49.17912" lon="22.43456">
        <ele>598.5</ele>
      </trkpt>
      <trkpt lat="49.17893" lon="22.43459">
        <ele>599.2</ele>
      </trkpt>
      <trkpt lat="49.17875" lon="22.43468">
        <ele>599.2</ele>
      </trkpt>
      <trkpt lat="49.17862" lon="22.43478">
        <ele>599.2</ele>
      </trkpt>
      <trkpt lat="49.1785" lon="22.43491">
        <ele>600.1</ele>
      </trkpt>
      <trkpt lat="49.177996" lon="22.435702">
        <ele>600.8</ele>
      </trkpt>
      <trkpt lat="49.177492" lon="22.436494">
        <ele>602.1</ele>
      </trkpt>
      <trkpt lat="49.176988" lon="22.437286">
        <ele>603.0</ele>
      </trkpt>
      <trkpt lat="49.176484" lon="22.438078">
        <ele>603.4</ele>
      </trkpt>
      <trkpt lat="49.17598" lon="22.43887">
        <ele>604.0</ele>
      </trkpt>
      <trkpt lat="49.17552" lon="22.439513">
        <ele>605.3</ele>
      </trkpt>
      <trkpt lat="49.17506" lon="22.440157">
        <ele>608.4</ele>
      </trkpt>
      <trkpt lat="49.1746" lon="22.4408">
        <ele>609.9</ele>
      </trkpt>
      <trkpt lat="49.17442" lon="22.441">
        <ele>610.1</ele>
      </trkpt>
      <trkpt lat="49.1743" lon="22.4411">
        <ele>610.1</ele>
      </trkpt>
      <trkpt lat="49.17416" lon="22.44118">
        <ele>610.2</ele>
      </trkpt>
      <trkpt lat="49.17375" lon="22.44136">
        <ele>610.6</ele>
      </trkpt>
      <trkpt lat="49.17351" lon="22.4415">
        <ele>611.0</ele>
      </trkpt>
      <trkpt lat="49.17331" lon="22.44167">
        <ele>611.0</ele>
      </trkpt>
      <trkpt lat="49.17291" lon="22.44212">
        <ele>610.2</ele>
      </trkpt>
      <trkpt lat="49.17282" lon="22.44195">
        <ele>610.4</ele>
      </trkpt>
      <trkpt lat="49.17235" lon="22.441255">
        <ele>611.8</ele>
      </trkpt>
      <trkpt lat="49.17188" lon="22.44056">
        <ele>612.8</ele>
      </trkpt>
      <trkpt lat="49.1716" lon="22.44024">
        <ele>613.1</ele>
      </trkpt>
      <trkpt lat="49.17111" lon="22.43989">
        <ele>614.1</ele>
      </trkpt>
      <trkpt lat="49.17039" lon="22.43943">
        <ele>615.6</ele>
      </trkpt>
      <trkpt lat="49.16967" lon="22.43897">
        <ele>617.0</ele>
      </trkpt>
      <trkpt lat="49.16938" lon="22.43872">
        <ele>618.1</ele>
      </trkpt>
      <trkpt lat="49.16921" lon="22.43852">
        <ele>618.1</ele>
      </trkpt>
      <trkpt lat="49.16896" lon="22.43815">
        <ele>618.7</ele>
      </trkpt>
      <trkpt lat="49.1686" lon="22.437325">
        <ele>619.7</ele>
      </trkpt>
      <trkpt lat="49.16824" lon="22.4365">
        <ele>620.7</ele>
      </trkpt>
      <trkpt lat="49.16812" lon="22.43628">
        <ele>620.6</ele>
      </trkpt>
      <trkpt lat="49.16796" lon="22.43608">
        <ele>620.0</ele>
      </trkpt>
      <trkpt lat="49.16781" lon="22.43598">
        <ele>619.5</ele>
      </trkpt>
      <trkpt lat="49.16772" lon="22.43594">
        <ele>619.1</ele>
      </trkpt>
      <trkpt lat="49.16728" lon="22.43581">
        <ele>617.1</ele>
      </trkpt>
      <trkpt lat="49.16652" lon="22.435635">
        <ele>614.7</ele>
      </trkpt>
      <trkpt lat="49.16576" lon="22.43546">
        <ele>616.2</ele>
      </trkpt>
      <trkpt lat="49.16548" lon="22.43529">
        <ele>616.3</ele>
      </trkpt>
      <trkpt lat="49.16505" lon="22.43495">
        <ele>617.3</ele>
      </trkpt>
      <trkpt lat="49.16485" lon="22.43483">
        <ele>618.6</ele>
      </trkpt>
      <trkpt lat="49.16446" lon="22.43474">
        <ele>621.8</ele>
      </trkpt>
      <trkpt lat="49.16395" lon="22.43468">
        <ele>622.7</ele>
      </trkpt>
      <trkpt lat="49.16383" lon="22.43468">
        <ele>622.7</ele>
      </trkpt>
      <trkpt lat="49.16376" lon="22.43472">
        <ele>622.3</ele>
      </trkpt>
      <trkpt lat="49.16363" lon="22.43484">
        <ele>622.3</ele>
      </trkpt>
      <trkpt lat="49.16328" lon="22.43527">
        <ele>622.9</ele>
      </trkpt>
      <trkpt lat="49.16295" lon="22.43549">
        <ele>624.4</ele>
      </trkpt>
      <trkpt lat="49.16214" lon="22.43557">
        <ele>628.9</ele>
      </trkpt>
      <trkpt lat="49.16161" lon="22.43582">
        <ele>632.2</ele>
      </trkpt>
      <trkpt lat="49.160913" lon="22.436273">
        <ele>633.9</ele>
      </trkpt>
      <trkpt lat="49.160217" lon="22.436727">
        <ele>635.5</ele>
      </trkpt>
      <trkpt lat="49.15952" lon="22.43718">
        <ele>637.0</ele>
      </trkpt>
      <trkpt lat="49.15903" lon="22.43738">
        <ele>638.6</ele>
      </trkpt>
      <trkpt lat="49.15819" lon="22.43756">
        <ele>640.8</ele>
      </trkpt>
      <trkpt lat="49.15735" lon="22.43774">
        <ele>642.7</ele>
      </trkpt>
      <trkpt lat="49.15722" lon="22.43774">
        <ele>643.3</ele>
      </trkpt>
      <trkpt lat="49.15707" lon="22.43768">
        <ele>643.3</ele>
      </trkpt>
      <trkpt lat="49.15684" lon="22.43747">
        <ele>644.0</ele>
      </trkpt>
      <trkpt lat="49.15636" lon="22.43688">
        <ele>646.4</ele>
      </trkpt>
      <trkpt lat="49.15625" lon="22.43679">
        <ele>646.4</ele>
      </trkpt>
      <trkpt lat="49.15609" lon="22.43672">
        <ele>647.3</ele>
      </trkpt>
      <trkpt lat="49.15586" lon="22.43678">
        <ele>647.7</ele>
      </trkpt>
      <trkpt lat="49.15509" lon="22.43722">
        <ele>647.7</ele>
      </trkpt>
      <trkpt lat="49.15475" lon="22.43724">
        <ele>647.7</ele>
      </trkpt>
      <trkpt lat="49.15448" lon="22.43723">
        <ele>648.0</ele>
      </trkpt>
      <trkpt lat="49.15439" lon="22.43719">
        <ele>648.3</ele>
      </trkpt>
      <trkpt lat="49.15397" lon="22.43684">
        <ele>649.0</ele>
      </trkpt>
      <trkpt lat="49.15377" lon="22.43685">
        <ele>649.4</ele>
      </trkpt>
      <trkpt lat="49.15323" lon="22.43698">
        <ele>650.4</ele>
      </trkpt>
      <trkpt lat="49.15303" lon="22.43697">
        <ele>650.8</ele>
      </trkpt>
      <trkpt lat="49.15242" lon="22.43672">
        <ele>653.9</ele>
      </trkpt>
      <trkpt lat="49.15181" lon="22.43647">
        <ele>655.3</ele>
      </trkpt>
      <trkpt lat="49.1515" lon="22.43631">
        <ele>656.0</ele>
      </trkpt>
      <trkpt lat="49.1511" lon="22.435975">
        <ele>657.4</ele>
      </trkpt>
      <trkpt lat="49.1507" lon="22.43564">
        <ele>658.3</ele>
      </trkpt>
      <trkpt lat="49.150245" lon="22.43533">
        <ele>659.5</ele>
      </trkpt>
      <trkpt lat="49.14979" lon="22.43502">
        <ele>660.2</ele>
      </trkpt>
      <trkpt lat="49.14935" lon="22.43475">
        <ele>661.3</ele>
      </trkpt>
      <trkpt lat="49.1491" lon="22.43439">
        <ele>662.3</ele>
      </trkpt>
      <trkpt lat="49.14878" lon="22.43369">
        <ele>663.2</ele>
      </trkpt>
      <trkpt lat="49.14846" lon="22.43335">
        <ele>663.6</ele>
      </trkpt>
      <trkpt lat="49.14809" lon="22.43291">
        <ele>665.1</ele>
      </trkpt>
      <trkpt lat="49.14755" lon="22.4328">
        <ele>666.4</ele>
      </trkpt>
      <trkpt lat="49.14701" lon="22.43269">
        <ele>668.0</ele>
      </trkpt>
      <trkpt lat="49.14645" lon="22.43265">
        <ele>669.4</ele>
      </trkpt>
      <trkpt lat="49.146" lon="22.43275">
        <ele>671.1</ele>
      </trkpt>
      <trkpt lat="49.14555" lon="22.43285">
        <ele>671.7</ele>
      </trkpt>
      <trkpt lat="49.14496" lon="22.43312">
        <ele>673.1</ele>
      </trkpt>
      <trkpt lat="49.144315" lon="22.433165">
        <ele>675.4</ele>
      </trkpt>
      <trkpt lat="49.14367" lon="22.43321">
        <ele>678.0</ele>
      </trkpt>
      <trkpt lat="49.143215" lon="22.43322">
        <ele>679.6</ele>
      </trkpt>
      <trkpt lat="49.14276" lon="22.43323">
        <ele>680.5</ele>
      </trkpt>
      <trkpt lat="49.14199" lon="22.43294">
        <ele>682.9</ele>
      </trkpt>
      <trkpt lat="49.14125" lon="22.43276">
        <ele>684.9</ele>
      </trkpt>
      <trkpt lat="49.14057" lon="22.43255">
        <ele>687.1</ele>
      </trkpt>
      <trkpt lat="49.14004" lon="22.43205">
        <ele>689.3</ele>
      </trkpt>
      <trkpt lat="49.13961" lon="22.43158">
        <ele>692.9</ele>
      </trkpt>
      <trkpt lat="49.13916" lon="22.43079">
        <ele>695.8</ele>
      </trkpt>
      <trkpt lat="49.13875" lon="22.42998">
        <ele>696.8</ele>
      </trkpt>
      <trkpt lat="49.13856" lon="22.42948">
        <ele>695.6</ele>
      </trkpt>
      <trkpt lat="49.138345" lon="22.42864">
        <ele>695.4</ele>
      </trkpt>
      <trkpt lat="49.13813" lon="22.4278">
        <ele>696.3</ele>
      </trkpt>
      <trkpt lat="49.13794" lon="22.427155">
        <ele>697.0</ele>
      </trkpt>
      <trkpt lat="49.13775" lon="22.42651">
        <ele>697.8</ele>
      </trkpt>
      <trkpt lat="49.1377" lon="22.42593">
        <ele>697.8</ele>
      </trkpt>
      <trkpt lat="49.13771" lon="22.42575">
        <ele>697.8</ele>
      </trkpt>
      <trkpt lat="49.13768" lon="22.42554">
        <ele>697.9</ele>
      </trkpt>
      <trkpt lat="49.13727" lon="22.42454">
        <ele>700.4</ele>
      </trkpt>
      <trkpt lat="49.13743" lon="22.42454">
        <ele>699.6</ele>
      </trkpt>
      <trkpt lat="49.1377" lon="22.42506">
        <ele>696.7</ele>
      </trkpt>
      <trkpt lat="49.13788" lon="22.42573">
        <ele>695.6</ele>
      </trkpt>
      <trkpt lat="49.138205" lon="22.426225">
        <ele>695.6</ele>
      </trkpt>
      <trkpt lat="49.13853" lon="22.42672">
        <ele>695.7</ele>
      </trkpt>
      <trkpt lat="49.13869" lon="22.42707">
        <ele>696.2</ele>
      </trkpt>
      <trkpt lat="49.1388" lon="22.42746">
        <ele>697.1</ele>
      </trkpt>
      <trkpt lat="49.13891" lon="22.42816">
        <ele>698.8</ele>
      </trkpt>
      <trkpt lat="49.139" lon="22.42841">
        <ele>699.4</ele>
      </trkpt>
      <trkpt lat="49.13917" lon="22.42874">
        <ele>700.2</ele>
      </trkpt>
      <trkpt lat="49.13962" lon="22.42939">
        <ele>702.7</ele>
      </trkpt>
      <trkpt lat="49.13972" lon="22.42948">
        <ele>703.1</ele>
      </trkpt>
      <trkpt lat="49.13978" lon="22.42951">
        <ele>703.1</ele>
      </trkpt>
      <trkpt lat="49.13985" lon="22.4295">
        <ele>704.7</ele>
      </trkpt>
      <trkpt lat="49.13991" lon="22.42945">
        <ele>704.7</ele>
      </trkpt>
      <trkpt lat="49.13999" lon="22.4293">
        <ele>704.7</ele>
      </trkpt>
      <trkpt lat="49.1401" lon="22.42897">
        <ele>706.6</ele>
      </trkpt>
      <trkpt lat="49.1402" lon="22.42836">
        <ele>709.5</ele>
      </trkpt>
      <trkpt lat="49.14029" lon="22.42795">
        <ele>711.4</ele>
      </trkpt>
      <trkpt lat="49.14039" lon="22.42784">
        <ele>711.8</ele>
      </trkpt>
      <trkpt lat="49.14044" lon="22.42801">
        <ele>712.0</ele>
      </trkpt>
      <trkpt lat="49.14042" lon="22.42909">
        <ele>708.7</ele>
      </trkpt>
      <trkpt lat="49.1404" lon="22.43017">
        <ele>706.6</ele>
      </trkpt>
      <trkpt lat="49.14057" lon="22.43045">
        <ele>707.1</ele>
      </trkpt>
      <trkpt lat="49.14073" lon="22.43061">
        <ele>707.5</ele>
      </trkpt>
      <trkpt lat="49.14102" lon="22.43098">
        <ele>708.5</ele>
      </trkpt>
      <trkpt lat="49.14121" lon="22.43118">
        <ele>709.7</ele>
      </trkpt>
      <trkpt lat="49.14133" lon="22.43127">
        <ele>709.7</ele>
      </trkpt>
      <trkpt lat="49.14167" lon="22.43136">
        <ele>711.9</ele>
      </trkpt>
      <trkpt lat="49.14181" lon="22.43135">
        <ele>711.9</ele>
      </trkpt>
      <trkpt lat="49.1421" lon="22.43128">
        <ele>712.7</ele>
      </trkpt>
      <trkpt lat="49.14251" lon="22.4311">
        <ele>714.6</ele>
      </trkpt>
      <trkpt lat="49.142985" lon="22.430795">
        <ele>716.1</ele>
      </trkpt>
      <trkpt lat="49.14346" lon="22.43049">
        <ele>718.7</ele>
      </trkpt>
      <trkpt lat="49.14362" lon="22.43041">
        <ele>719.3</ele>
      </trkpt>
      <trkpt lat="49.14437" lon="22.43027">
        <ele>721.8</ele>
      </trkpt>
      <trkpt lat="49.14473" lon="22.43026">
        <ele>723.2</ele>
      </trkpt>
      <trkpt lat="49.14506" lon="22.43029">
        <ele>724.4</ele>
      </trkpt>
      <trkpt lat="49.14589" lon="22.43061">
        <ele>727.9</ele>
      </trkpt>
      <trkpt lat="49.14659" lon="22.43077">
        <ele>730.9</ele>
      </trkpt>
      <trkpt lat="49.14667" lon="22.43078">
        <ele>730.9</ele>
      </trkpt>
      <trkpt lat="49.14717" lon="22.4307">
        <ele>732.1</ele>
      </trkpt>
      <trkpt lat="49.14801" lon="22.43025">
        <ele>735.3</ele>
      </trkpt>
      <trkpt lat="49.14846" lon="22.42995">
        <ele>737.5</ele>
      </trkpt>
      <trkpt lat="49.1489" lon="22.42956">
        <ele>738.7</ele>
      </trkpt>
      <trkpt lat="49.14907" lon="22.42932">
        <ele>740.2</ele>
      </trkpt>
      <trkpt lat="49.1493" lon="22.42887">
        <ele>741.8</ele>
      </trkpt>
      <trkpt lat="49.14935" lon="22.42866">
        <ele>742.4</ele>
      </trkpt>
      <trkpt lat="49.14941" lon="22.42804">
        <ele>744.5</ele>
      </trkpt>
      <trkpt lat="49.14942" lon="22.4277">
        <ele>745.2</ele>
      </trkpt>
      <trkpt lat="49.14932" lon="22.4273">
        <ele>745.4</ele>
      </trkpt>
      <trkpt lat="49.14934" lon="22.42718">
        <ele>745.3</ele>
      </trkpt>
      <trkpt lat="49.14943" lon="22.42699">
        <ele>745.4</ele>
      </trkpt>
      <trkpt lat="49.14953" lon="22.42691">
        <ele>745.7</ele>
      </trkpt>
      <trkpt lat="49.14967" lon="22.4269">
        <ele>746.3</ele>
      </trkpt>
      <trkpt lat="49.15023" lon="22.42714">
        <ele>748.3</ele>
      </trkpt>
      <trkpt lat="49.15039" lon="22.42711">
        <ele>749.1</ele>
      </trkpt>
      <trkpt lat="49.15053" lon="22.42702">
        <ele>749.4</ele>
      </trkpt>
      <trkpt lat="49.15067" lon="22.42685">
        <ele>750.0</ele>
      </trkpt>
      <trkpt lat="49.15084" lon="22.42655">
        <ele>750.2</ele>
      </trkpt>
      <trkpt lat="49.15096" lon="22.42625">
        <ele>751.6</ele>
      </trkpt>
      <trkpt lat="49.15104" lon="22.42592">
        <ele>751.6</ele>
      </trkpt>
      <trkpt lat="49.1511" lon="22.42516">
        <ele>752.5</ele>
      </trkpt>
      <trkpt lat="49.15111" lon="22.4247">
        <ele>752.7</ele>
      </trkpt>
      <trkpt lat="49.15115" lon="22.4245">
        <ele>752.7</ele>
      </trkpt>
      <trkpt lat="49.15125" lon="22.42432">
        <ele>752.9</ele>
      </trkpt>
      <trkpt lat="49.15162" lon="22.424">
        <ele>753.7</ele>
      </trkpt>
      <trkpt lat="49.15181" lon="22.42374">
        <ele>754.2</ele>
      </trkpt>
      <trkpt lat="49.15191" lon="22.42358">
        <ele>754.8</ele>
      </trkpt>
      <trkpt lat="49.15204" lon="22.42327">
        <ele>755.3</ele>
      </trkpt>
      <trkpt lat="49.15214" lon="22.42293">
        <ele>755.5</ele>
      </trkpt>
      <trkpt lat="49.1522" lon="22.42233">
        <ele>756.0</ele>
      </trkpt>
      <trkpt lat="49.15216" lon="22.42206">
        <ele>756.5</ele>
      </trkpt>
      <trkpt lat="49.15208" lon="22.42178">
        <ele>756.9</ele>
      </trkpt>
      <trkpt lat="49.15182" lon="22.42122">
        <ele>757.0</ele>
      </trkpt>
      <trkpt lat="49.15176" lon="22.42092">
        <ele>756.6</ele>
      </trkpt>
      <trkpt lat="49.1518" lon="22.42073">
        <ele>756.8</ele>
      </trkpt>
      <trkpt lat="49.15206" lon="22.42015">
        <ele>758.5</ele>
      </trkpt>
      <trkpt lat="49.15222" lon="22.41913">
        <ele>757.2</ele>
      </trkpt>
      <trkpt lat="49.15227" lon="22.41893">
        <ele>756.3</ele>
      </trkpt>
      <trkpt lat="49.15235" lon="22.41871">
        <ele>754.5</ele>
      </trkpt>
      <trkpt lat="49.15256" lon="22.41833">
        <ele>752.4</ele>
      </trkpt>
      <trkpt lat="49.15267" lon="22.4183">
        <ele>752.6</ele>
      </trkpt>
      <trkpt lat="49.1528" lon="22.41839">
        <ele>754.1</ele>
      </trkpt>
      <trkpt lat="49.15291" lon="22.41844">
        <ele>755.6</ele>
      </trkpt>
      <trkpt lat="49.15301" lon="22.41855">
        <ele>756.5</ele>
      </trkpt>
      <trkpt lat="49.15308" lon="22.41874">
        <ele>757.3</ele>
      </trkpt>
      <trkpt lat="49.15318" lon="22.41938">
        <ele>760.0</ele>
      </trkpt>
      <trkpt lat="49.1533" lon="22.41989">
        <ele>761.4</ele>
      </trkpt>
      <trkpt lat="49.15337" lon="22.42005">
        <ele>761.4</ele>
      </trkpt>
      <trkpt lat="49.15356" lon="22.42037">
        <ele>762.3</ele>
      </trkpt>
      <trkpt lat="49.15372" lon="22.42051">
        <ele>763.7</ele>
      </trkpt>
      <trkpt lat="49.15391" lon="22.42057">
        <ele>763.7</ele>
      </trkpt>
      <trkpt lat="49.15472" lon="22.42067">
        <ele>766.9</ele>
      </trkpt>
      <trkpt lat="49.155225" lon="22.42081">
        <ele>767.5</ele>
      </trkpt>
      <trkpt lat="49.15573" lon="22.42095">
        <ele>768.5</ele>
      </trkpt>
      <trkpt lat="49.15589" lon="22.42097">
        <ele>768.8</ele>
      </trkpt>
      <trkpt lat="49.15606" lon="22.42102">
        <ele>769.5</ele>
      </trkpt>
      <trkpt lat="49.1562" lon="22.42098">
        <ele>769.5</ele>
      </trkpt>
      <trkpt lat="49.15631" lon="22.42086">
        <ele>769.8</ele>
      </trkpt>
      <trkpt lat="49.15639" lon="22.42073">
        <ele>770.0</ele>
      </trkpt>
      <trkpt lat="49.15645" lon="22.42056">
        <ele>770.1</ele>
      </trkpt>
      <trkpt lat="49.15647" lon="22.42026">
        <ele>770.1</ele>
      </trkpt>
      <trkpt lat="49.15637" lon="22.41968">
        <ele>769.9</ele>
      </trkpt>
      <trkpt lat="49.15635" lon="22.4194">
        <ele>769.9</ele>
      </trkpt>
      <trkpt lat="49.15638" lon="22.41911">
        <ele>769.9</ele>
      </trkpt>
      <trkpt lat="49.15646" lon="22.41902">
        <ele>769.9</ele>
      </trkpt>
      <trkpt lat="49.1566" lon="22.419">
        <ele>769.9</ele>
      </trkpt>
      <trkpt lat="49.15715" lon="22.41919">
        <ele>770.4</ele>
      </trkpt>
      <trkpt lat="49.15739" lon="22.4191">
        <ele>770.5</ele>
      </trkpt>
      <trkpt lat="49.15782" lon="22.41877">
        <ele>770.6</ele>
      </trkpt>
      <trkpt lat="49.15796" lon="22.41863">
        <ele>770.9</ele>
      </trkpt>
      <trkpt lat="49.15808" lon="22.41847">
        <ele>771.1</ele>
      </trkpt>
      <trkpt lat="49.1583" lon="22.41761">
        <ele>772.4</ele>
      </trkpt>
      <trkpt lat="49.1585" lon="22.41713">
        <ele>773.4</ele>
      </trkpt>
      <trkpt lat="49.15863" lon="22.41691">
        <ele>773.9</ele>
      </trkpt>
      <trkpt lat="49.15877" lon="22.41648">
        <ele>774.0</ele>
      </trkpt>
      <trkpt lat="49.1588" lon="22.41617">
        <ele>773.8</ele>
      </trkpt>
      <trkpt lat="49.15894" lon="22.41546">
        <ele>773.6</ele>
      </trkpt>
      <trkpt lat="49.15901" lon="22.41486">
        <ele>773.5</ele>
      </trkpt>
      <trkpt lat="49.15903" lon="22.41419">
        <ele>773.5</ele>
      </trkpt>
      <trkpt lat="49.15895" lon="22.4135">
        <ele>773.1</ele>
      </trkpt>
      <trkpt lat="49.15897" lon="22.41338">
        <ele>773.1</ele>
      </trkpt>
      <trkpt lat="49.15907" lon="22.41315">
        <ele>772.9</ele>
      </trkpt>
      <trkpt lat="49.1592" lon="22.41291">
        <ele>772.7</ele>
      </trkpt>
      <trkpt lat="49.15935" lon="22.41269">
        <ele>771.7</ele>
      </trkpt>
      <trkpt lat="49.15943" lon="22.41262">
        <ele>771.7</ele>
      </trkpt>
      <trkpt lat="49.15962" lon="22.4125">
        <ele>771.5</ele>
      </trkpt>
      <trkpt lat="49.15973" lon="22.41246">
        <ele>771.5</ele>
      </trkpt>
      <trkpt lat="49.1598" lon="22.41246">
        <ele>771.1</ele>
      </trkpt>
      <trkpt lat="49.15987" lon="22.41249">
        <ele>771.1</ele>
      </trkpt>
      <trkpt lat="49.15993" lon="22.41255">
        <ele>771.1</ele>
      </trkpt>
      <trkpt lat="49.16001" lon="22.41272">
        <ele>770.4</ele>
      </trkpt>
      <trkpt lat="49.16017" lon="22.41338">
        <ele>770.0</ele>
      </trkpt>
      <trkpt lat="49.1603" lon="22.41372">
        <ele>770.0</ele>
      </trkpt>
      <trkpt lat="49.16041" lon="22.41391">
        <ele>770.1</ele>
      </trkpt>
      <trkpt lat="49.16066" lon="22.41419">
        <ele>770.5</ele>
      </trkpt>
      <trkpt lat="49.16077" lon="22.41426">
        <ele>770.5</ele>
      </trkpt>
      <trkpt lat="49.16088" lon="22.41428">
        <ele>770.1</ele>
      </trkpt>
      <trkpt lat="49.16157" lon="22.41425">
        <ele>769.8</ele>
      </trkpt>
      <trkpt lat="49.16172" lon="22.41423">
        <ele>769.7</ele>
      </trkpt>
      <trkpt lat="49.16212" lon="22.41411">
        <ele>769.5</ele>
      </trkpt>
      <trkpt lat="49.16238" lon="22.41401">
        <ele>769.3</ele>
      </trkpt>
      <trkpt lat="49.16255" lon="22.41389">
        <ele>769.1</ele>
      </trkpt>
      <trkpt lat="49.16268" lon="22.41377">
        <ele>768.9</ele>
      </trkpt>
      <trkpt lat="49.16284" lon="22.41357">
        <ele>768.9</ele>
      </trkpt>
      <trkpt lat="49.16311" lon="22.41307">
        <ele>770.0</ele>
      </trkpt>
      <trkpt lat="49.16323" lon="22.41278">
        <ele>770.4</ele>
      </trkpt>
      <trkpt lat="49.16351" lon="22.41171">
        <ele>769.7</ele>
      </trkpt>
      <trkpt lat="49.163855" lon="22.41083">
        <ele>769.3</ele>
      </trkpt>
      <trkpt lat="49.1642" lon="22.40995">
        <ele>769.1</ele>
      </trkpt>
      <trkpt lat="49.16462" lon="22.40874">
        <ele>766.9</ele>
      </trkpt>
      <trkpt lat="49.16474" lon="22.40823">
        <ele>765.9</ele>
      </trkpt>
      <trkpt lat="49.16482" lon="22.40764">
        <ele>764.4</ele>
      </trkpt>
      <trkpt lat="49.16485" lon="22.40753">
        <ele>764.0</ele>
      </trkpt>
      <trkpt lat="49.16514" lon="22.40692">
        <ele>762.3</ele>
      </trkpt>
      <trkpt lat="49.16562" lon="22.40578">
        <ele>757.9</ele>
      </trkpt>
      <trkpt lat="49.16585" lon="22.40536">
        <ele>757.3</ele>
      </trkpt>
      <trkpt lat="49.16624" lon="22.40475">
        <ele>754.2</ele>
      </trkpt>
      <trkpt lat="49.16641" lon="22.4044">
        <ele>752.6</ele>
      </trkpt>
      <trkpt lat="49.16653" lon="22.40407">
        <ele>752.0</ele>
      </trkpt>
      <trkpt lat="49.16676" lon="22.40289">
        <ele>747.7</ele>
      </trkpt>
      <trkpt lat="49.16681" lon="22.40272">
        <ele>747.3</ele>
      </trkpt>
      <trkpt lat="49.16722" lon="22.40191">
        <ele>744.4</ele>
      </trkpt>
      <trkpt lat="49.16732" lon="22.40163">
        <ele>743.2</ele>
      </trkpt>
      <trkpt lat="49.16735" lon="22.40129">
        <ele>742.4</ele>
      </trkpt>
      <trkpt lat="49.16731" lon="22.40115">
        <ele>742.4</ele>
      </trkpt>
      <trkpt lat="49.16704" lon="22.40083">
        <ele>739.9</ele>
      </trkpt>
      <trkpt lat="49.16665" lon="22.40059">
        <ele>737.7</ele>
      </trkpt>
      <trkpt lat="49.16655" lon="22.4005">
        <ele>737.7</ele>
      </trkpt>
      <trkpt lat="49.16647" lon="22.40039">
        <ele>736.4</ele>
      </trkpt>
      <trkpt lat="49.16643" lon="22.40026">
        <ele>735.8</ele>
      </trkpt>
      <trkpt lat="49.16644" lon="22.39996">
        <ele>735.7</ele>
      </trkpt>
      <trkpt lat="49.16648" lon="22.39988">
        <ele>735.7</ele>
      </trkpt>
      <trkpt lat="49.16655" lon="22.39981">
        <ele>735.3</ele>
      </trkpt>
      <trkpt lat="49.16691" lon="22.39973">
        <ele>733.7</ele>
      </trkpt>
      <trkpt lat="49.16711" lon="22.39966">
        <ele>733.2</ele>
      </trkpt>
      <trkpt lat="49.16731" lon="22.39954">
        <ele>731.3</ele>
      </trkpt>
      <trkpt lat="49.16746" lon="22.39939">
        <ele>731.3</ele>
      </trkpt>
      <trkpt lat="49.1676" lon="22.39914">
        <ele>730.0</ele>
      </trkpt>
      <trkpt lat="49.16764" lon="22.39888">
        <ele>729.6</ele>
      </trkpt>
      <trkpt lat="49.16762" lon="22.39864">
        <ele>728.5</ele>
      </trkpt>
      <trkpt lat="49.16753" lon="22.39843">
        <ele>727.1</ele>
      </trkpt>
      <trkpt lat="49.16739" lon="22.39825">
        <ele>724.8</ele>
      </trkpt>
      <trkpt lat="49.16714" lon="22.39799">
        <ele>722.1</ele>
      </trkpt>
      <trkpt lat="49.167" lon="22.3978">
        <ele>719.1</ele>
      </trkpt>
      <trkpt lat="49.16696" lon="22.39761">
        <ele>718.2</ele>
      </trkpt>
      <trkpt lat="49.16692" lon="22.39675">
        <ele>716.2</ele>
      </trkpt>
      <trkpt lat="49.16684" lon="22.39657">
        <ele>716.6</ele>
      </trkpt>
      <trkpt lat="49.16675" lon="22.39644">
        <ele>717.0</ele>
      </trkpt>
      <trkpt lat="49.1663" lon="22.396055">
        <ele>720.4</ele>
      </trkpt>
      <trkpt lat="49.16585" lon="22.39567">
        <ele>722.3</ele>
      </trkpt>
      <trkpt lat="49.16554" lon="22.39536">
        <ele>723.5</ele>
      </trkpt>
      <trkpt lat="49.16491" lon="22.39484">
        <ele>726.0</ele>
      </trkpt>
      <trkpt lat="49.16456" lon="22.39447">
        <ele>726.5</ele>
      </trkpt>
      <trkpt lat="49.16453" lon="22.39435">
        <ele>726.3</ele>
      </trkpt>
      <trkpt lat="49.16453" lon="22.39421">
        <ele>726.4</ele>
      </trkpt>
      <trkpt lat="49.1646" lon="22.39389">
        <ele>727.6</ele>
      </trkpt>
      <trkpt lat="49.16471" lon="22.39379">
        <ele>729.5</ele>
      </trkpt>
      <trkpt lat="49.16482" lon="22.39375">
        <ele>731.0</ele>
      </trkpt>
      <trkpt lat="49.16507" lon="22.39378">
        <ele>732.8</ele>
      </trkpt>
      <trkpt lat="49.16541" lon="22.39386">
        <ele>735.4</ele>
      </trkpt>
      <trkpt lat="49.16611" lon="22.39399">
        <ele>738.6</ele>
      </trkpt>
      <trkpt lat="49.16658" lon="22.394125">
        <ele>740.3</ele>
      </trkpt>
      <trkpt lat="49.16705" lon="22.39426">
        <ele>740.8</ele>
      </trkpt>
      <trkpt lat="49.16733" lon="22.3943">
        <ele>741.2</ele>
      </trkpt>
      <trkpt lat="49.16764" lon="22.39426">
        <ele>742.8</ele>
      </trkpt>
      <trkpt lat="49.16796" lon="22.39415">
        <ele>743.8</ele>
      </trkpt>
      <trkpt lat="49.16807" lon="22.39413">
        <ele>744.0</ele>
      </trkpt>
      <trkpt lat="49.16821" lon="22.39417">
        <ele>744.3</ele>
      </trkpt>
      <trkpt lat="49.16838" lon="22.39431">
        <ele>744.9</ele>
      </trkpt>
      <trkpt lat="49.16881" lon="22.39488">
        <ele>747.3</ele>
      </trkpt>
      <trkpt lat="49.16894" lon="22.39501">
        <ele>747.9</ele>
      </trkpt>
      <trkpt lat="49.16913" lon="22.39511">
        <ele>748.4</ele>
      </trkpt>
      <trkpt lat="49.16927" lon="22.3951">
        <ele>748.7</ele>
      </trkpt>
      <trkpt lat="49.1696" lon="22.39484">
        <ele>750.0</ele>
      </trkpt>
      <trkpt lat="49.16992" lon="22.39471">
        <ele>751.1</ele>
      </trkpt>
      <trkpt lat="49.17007" lon="22.39467">
        <ele>751.9</ele>
      </trkpt>
      <trkpt lat="49.17085" lon="22.39454">
        <ele>754.9</ele>
      </trkpt>
      <trkpt lat="49.17112" lon="22.39443">
        <ele>755.3</ele>
      </trkpt>
      <trkpt lat="49.17124" lon="22.39427">
        <ele>756.4</ele>
      </trkpt>
      <trkpt lat="49.17127" lon="22.39414">
        <ele>756.8</ele>
      </trkpt>
      <trkpt lat="49.1713" lon="22.3934">
        <ele>757.9</ele>
      </trkpt>
      <trkpt lat="49.17131" lon="22.39255">
        <ele>760.6</ele>
      </trkpt>
      <trkpt lat="49.17129" lon="22.39179">
        <ele>761.4</ele>
      </trkpt>
      <trkpt lat="49.17125" lon="22.39155">
        <ele>762.7</ele>
      </trkpt>
      <trkpt lat="49.17109" lon="22.39091">
        <ele>763.6</ele>
      </trkpt>
      <trkpt lat="49.170795" lon="22.390055">
        <ele>767.9</ele>
      </trkpt>
      <trkpt lat="49.1705" lon="22.3892">
        <ele>770.7</ele>
      </trkpt>
      <trkpt lat="49.17028" lon="22.38882">
        <ele>772.2</ele>
      </trkpt>
      <trkpt lat="49.17015" lon="22.38848">
        <ele>773.3</ele>
      </trkpt>
      <trkpt lat="49.17016" lon="22.38828">
        <ele>773.3</ele>
      </trkpt>
      <trkpt lat="49.17025" lon="22.38815">
        <ele>773.7</ele>
      </trkpt>
      <trkpt lat="49.17037" lon="22.38805">
        <ele>774.0</ele>
      </trkpt>
      <trkpt lat="49.17043" lon="22.38804">
        <ele>774.0</ele>
      </trkpt>
      <trkpt lat="49.170905" lon="22.38813">
        <ele>776.2</ele>
      </trkpt>
      <trkpt lat="49.17138" lon="22.38822">
        <ele>779.2</ele>
      </trkpt>
      <trkpt lat="49.17192" lon="22.38834">
        <ele>782.0</ele>
      </trkpt>
      <trkpt lat="49.17223" lon="22.38818">
        <ele>783.3</ele>
      </trkpt>
      <trkpt lat="49.17234" lon="22.38787">
        <ele>784.0</ele>
      </trkpt>
      <trkpt lat="49.17242" lon="22.38743">
        <ele>784.5</ele>
      </trkpt>
      <trkpt lat="49.17248" lon="22.38734">
        <ele>784.7</ele>
      </trkpt>
      <trkpt lat="49.17254" lon="22.38729">
        <ele>785.1</ele>
      </trkpt>
      <trkpt lat="49.17262" lon="22.38726">
        <ele>785.7</ele>
      </trkpt>
      <trkpt lat="49.17271" lon="22.38728">
        <ele>785.7</ele>
      </trkpt>
      <trkpt lat="49.17306" lon="22.38743">
        <ele>787.7</ele>
      </trkpt>
      <trkpt lat="49.17326" lon="22.38741">
        <ele>788.2</ele>
      </trkpt>
      <trkpt lat="49.17399" lon="22.38702">
        <ele>789.6</ele>
      </trkpt>
      <trkpt lat="49.17482" lon="22.38652">
        <ele>789.7</ele>
      </trkpt>
      <trkpt lat="49.17493" lon="22.38626">
        <ele>789.4</ele>
      </trkpt>
      <trkpt lat="49.17493" lon="22.38617">
        <ele>789.4</ele>
      </trkpt>
      <trkpt lat="49.17493" lon="22.38594">
        <ele>788.6</ele>
      </trkpt>
      <trkpt lat="49.17499" lon="22.38461">
        <ele>786.2</ele>
      </trkpt>
      <trkpt lat="49.17499" lon="22.3843">
        <ele>785.9</ele>
      </trkpt>
      <trkpt lat="49.17492" lon="22.38404">
        <ele>785.6</ele>
      </trkpt>
      <trkpt lat="49.17485" lon="22.38389">
        <ele>785.6</ele>
      </trkpt>
      <trkpt lat="49.17454" lon="22.38351">
        <ele>784.8</ele>
      </trkpt>
      <trkpt lat="49.17414" lon="22.38312">
        <ele>782.7</ele>
      </trkpt>
      <trkpt lat="49.17374" lon="22.38273">
        <ele>782.0</ele>
      </trkpt>
      <trkpt lat="49.17356" lon="22.3825">
        <ele>781.4</ele>
      </trkpt>
      <trkpt lat="49.17352" lon="22.38237">
        <ele>781.4</ele>
      </trkpt>
      <trkpt lat="49.17358" lon="22.38206">
        <ele>781.3</ele>
      </trkpt>
      <trkpt lat="49.1737" lon="22.38194">
        <ele>781.3</ele>
      </trkpt>
      <trkpt lat="49.174" lon="22.38176">
        <ele>780.9</ele>
      </trkpt>
      <trkpt lat="49.17421" lon="22.38169">
        <ele>780.5</ele>
      </trkpt>
      <trkpt lat="49.17437" lon="22.38167">
        <ele>779.9</ele>
      </trkpt>
      <trkpt lat="49.17467" lon="22.38152">
        <ele>778.7</ele>
      </trkpt>
      <trkpt lat="49.17501" lon="22.38119">
        <ele>777.4</ele>
      </trkpt>
      <trkpt lat="49.17515" lon="22.38109">
        <ele>777.2</ele>
      </trkpt>
      <trkpt lat="49.175835" lon="22.380915">
        <ele>774.2</ele>
      </trkpt>
      <trkpt lat="49.17652" lon="22.38074">
        <ele>770.8</ele>
      </trkpt>
      <trkpt lat="49.17705" lon="22.38057">
        <ele>767.8</ele>
      </trkpt>
      <trkpt lat="49.17751" lon="22.38019">
        <ele>764.9</ele>
      </trkpt>
      <trkpt lat="49.17772" lon="22.37988">
        <ele>762.7</ele>
      </trkpt>
      <trkpt lat="49.1778" lon="22.37964">
        <ele>762.7</ele>
      </trkpt>
      <trkpt lat="49.17785" lon="22.37938">
        <ele>762.7</ele>
      </trkpt>
      <trkpt lat="49.17786" lon="22.37922">
        <ele>762.7</ele>
      </trkpt>
      <trkpt lat="49.17783" lon="22.37886">
        <ele>759.9</ele>
      </trkpt>
      <trkpt lat="49.177525" lon="22.37792">
        <ele>758.2</ele>
      </trkpt>
      <trkpt lat="49.17722" lon="22.37698">
        <ele>757.7</ele>
      </trkpt>
      <trkpt lat="49.17686" lon="22.37606">
        <ele>756.2</ele>
      </trkpt>
      <trkpt lat="49.17662" lon="22.37524">
        <ele>754.7</ele>
      </trkpt>
      <trkpt lat="49.1764" lon="22.37431">
        <ele>753.5</ele>
      </trkpt>
      <trkpt lat="49.17618" lon="22.37338">
        <ele>752.2</ele>
      </trkpt>
      <trkpt lat="49.17604" lon="22.37292">
        <ele>750.6</ele>
      </trkpt>
      <trkpt lat="49.176" lon="22.37268">
        <ele>749.9</ele>
      </trkpt>
      <trkpt lat="49.17586" lon="22.37236">
        <ele>749.4</ele>
      </trkpt>
      <trkpt lat="49.17565" lon="22.37202">
        <ele>746.6</ele>
      </trkpt>
      <trkpt lat="49.1756" lon="22.37191">
        <ele>745.9</ele>
      </trkpt>
      <trkpt lat="49.17555" lon="22.37144">
        <ele>746.5</ele>
      </trkpt>
      <trkpt lat="49.17555" lon="22.37127">
        <ele>746.7</ele>
      </trkpt>
      <trkpt lat="49.17558" lon="22.37114">
        <ele>747.8</ele>
      </trkpt>
      <trkpt lat="49.17563" lon="22.37108">
        <ele>747.8</ele>
      </trkpt>
      <trkpt lat="49.17575" lon="22.37101">
        <ele>748.7</ele>
      </trkpt>
      <trkpt lat="49.17586" lon="22.37101">
        <ele>749.2</ele>
      </trkpt>
      <trkpt lat="49.17638" lon="22.371095">
        <ele>750.9</ele>
      </trkpt>
      <trkpt lat="49.1769" lon="22.37118">
        <ele>752.4</ele>
      </trkpt>
      <trkpt lat="49.17756" lon="22.37133">
        <ele>754.5</ele>
      </trkpt>
      <trkpt lat="49.17793" lon="22.37152">
        <ele>755.3</ele>
      </trkpt>
      <trkpt lat="49.17818" lon="22.37172">
        <ele>755.6</ele>
      </trkpt>
      <trkpt lat="49.17828" lon="22.37183">
        <ele>756.2</ele>
      </trkpt>
      <trkpt lat="49.17841" lon="22.37207">
        <ele>756.3</ele>
      </trkpt>
      <trkpt lat="49.17867" lon="22.37236">
        <ele>756.5</ele>
      </trkpt>
      <trkpt lat="49.17915" lon="22.372655">
        <ele>756.4</ele>
      </trkpt>
      <trkpt lat="49.17963" lon="22.37295">
        <ele>755.8</ele>
      </trkpt>
      <trkpt lat="49.17994" lon="22.37307">
        <ele>754.7</ele>
      </trkpt>
      <trkpt lat="49.18003" lon="22.37308">
        <ele>754.4</ele>
      </trkpt>
      <trkpt lat="49.18017" lon="22.37305">
        <ele>754.0</ele>
      </trkpt>
      <trkpt lat="49.18024" lon="22.37303">
        <ele>753.3</ele>
      </trkpt>
      <trkpt lat="49.18036" lon="22.37289">
        <ele>753.3</ele>
      </trkpt>
      <trkpt lat="49.18041" lon="22.3727">
        <ele>752.9</ele>
      </trkpt>
      <trkpt lat="49.18042" lon="22.37222">
        <ele>752.0</ele>
      </trkpt>
      <trkpt lat="49.180275" lon="22.37141">
        <ele>750.5</ele>
      </trkpt>
      <trkpt lat="49.18013" lon="22.3706">
        <ele>749.2</ele>
      </trkpt>
      <trkpt lat="49.1801" lon="22.3702">
        <ele>749.0</ele>
      </trkpt>
      <trkpt lat="49.18011" lon="22.36976">
        <ele>748.9</ele>
      </trkpt>
      <trkpt lat="49.18015" lon="22.36943">
        <ele>748.8</ele>
      </trkpt>
      <trkpt lat="49.18015" lon="22.36897">
        <ele>748.5</ele>
      </trkpt>
      <trkpt lat="49.18017" lon="22.36862">
        <ele>748.5</ele>
      </trkpt>
      <trkpt lat="49.18029" lon="22.36826">
        <ele>748.7</ele>
      </trkpt>
      <trkpt lat="49.18046" lon="22.36794">
        <ele>748.8</ele>
      </trkpt>
      <trkpt lat="49.18061" lon="22.3676">
        <ele>748.6</ele>
      </trkpt>
      <trkpt lat="49.18074" lon="22.36746">
        <ele>748.4</ele>
      </trkpt>
      <trkpt lat="49.18088" lon="22.36745">
        <ele>748.3</ele>
      </trkpt>
      <trkpt lat="49.18105" lon="22.36754">
        <ele>748.1</ele>
      </trkpt>
      <trkpt lat="49.18121" lon="22.36772">
        <ele>748.0</ele>
      </trkpt>
      <trkpt lat="49.18149" lon="22.36811">
        <ele>747.6</ele>
      </trkpt>
      <trkpt lat="49.18164" lon="22.36825">
        <ele>747.3</ele>
      </trkpt>
      <trkpt lat="49.18177" lon="22.36831">
        <ele>746.8</ele>
      </trkpt>
      <trkpt lat="49.18199" lon="22.36826">
        <ele>746.3</ele>
      </trkpt>
      <trkpt lat="49.18211" lon="22.36817">
        <ele>746.1</ele>
      </trkpt>
      <trkpt lat="49.18226" lon="22.36791">
        <ele>745.4</ele>
      </trkpt>
      <trkpt lat="49.18238" lon="22.36729">
        <ele>744.7</ele>
      </trkpt>
      <trkpt lat="49.182505" lon="22.366345">
        <ele>742.9</ele>
      </trkpt>
      <trkpt lat="49.18263" lon="22.3654">
        <ele>741.8</ele>
      </trkpt>
      <trkpt lat="49.18265" lon="22.36511">
        <ele>741.3</ele>
      </trkpt>
      <trkpt lat="49.18258" lon="22.36375">
        <ele>737.1</ele>
      </trkpt>
      <trkpt lat="49.18265" lon="22.3635">
        <ele>737.3</ele>
      </trkpt>
      <trkpt lat="49.18283" lon="22.36336">
        <ele>738.1</ele>
      </trkpt>
      <trkpt lat="49.18299" lon="22.36337">
        <ele>738.4</ele>
      </trkpt>
      <trkpt lat="49.18344" lon="22.36351">
        <ele>737.9</ele>
      </trkpt>
      <trkpt lat="49.18375" lon="22.36358">
        <ele>737.3</ele>
      </trkpt>
      <trkpt lat="49.1839" lon="22.36355">
        <ele>736.1</ele>
      </trkpt>
      <trkpt lat="49.184" lon="22.36344">
        <ele>736.1</ele>
      </trkpt>
      <trkpt lat="49.18409" lon="22.36325">
        <ele>735.5</ele>
      </trkpt>
      <trkpt lat="49.18442" lon="22.3623">
        <ele>730.9</ele>
      </trkpt>
      <trkpt lat="49.18456" lon="22.36199">
        <ele>728.0</ele>
      </trkpt>
      <trkpt lat="49.18481" lon="22.36168">
        <ele>724.9</ele>
      </trkpt>
      <trkpt lat="49.18521" lon="22.361305">
        <ele>726.0</ele>
      </trkpt>
      <trkpt lat="49.18561" lon="22.36093">
        <ele>726.4</ele>
      </trkpt>
      <trkpt lat="49.18575" lon="22.36061">
        <ele>725.2</ele>
      </trkpt>
      <trkpt lat="49.18575" lon="22.36038">
        <ele>725.2</ele>
      </trkpt>
      <trkpt lat="49.18548" lon="22.35919">
        <ele>721.5</ele>
      </trkpt>
      <trkpt lat="49.18549" lon="22.35896">
        <ele>721.3</ele>
      </trkpt>
      <trkpt lat="49.18556" lon="22.35878">
        <ele>721.3</ele>
      </trkpt>
      <trkpt lat="49.18566" lon="22.35865">
        <ele>721.3</ele>
      </trkpt>
      <trkpt lat="49.18607" lon="22.35839">
        <ele>720.5</ele>
      </trkpt>
      <trkpt lat="49.18632" lon="22.35813">
        <ele>718.9</ele>
      </trkpt>
      <trkpt lat="49.186665" lon="22.357455">
        <ele>716.6</ele>
      </trkpt>
      <trkpt lat="49.18701" lon="22.35678">
        <ele>715.5</ele>
      </trkpt>
      <trkpt lat="49.18749" lon="22.35596">
        <ele>714.3</ele>
      </trkpt>
      <trkpt lat="49.187825" lon="22.3551">
        <ele>711.8</ele>
      </trkpt>
      <trkpt lat="49.18816" lon="22.35424">
        <ele>706.0</ele>
      </trkpt>
      <trkpt lat="49.18846" lon="22.35375">
        <ele>706.3</ele>
      </trkpt>
      <trkpt lat="49.1886" lon="22.35359">
        <ele>708.1</ele>
      </trkpt>
      <trkpt lat="49.1889" lon="22.35335">
        <ele>709.9</ele>
      </trkpt>
      <trkpt lat="49.18905" lon="22.35307">
        <ele>710.3</ele>
      </trkpt>
      <trkpt lat="49.18938" lon="22.35232">
        <ele>709.6</ele>
      </trkpt>
      <trkpt lat="49.18992" lon="22.35123">
        <ele>705.5</ele>
      </trkpt>
      <trkpt lat="49.19015" lon="22.35071">
        <ele>703.0</ele>
      </trkpt>
      <trkpt lat="49.19025" lon="22.35054">
        <ele>703.3</ele>
      </trkpt>
      <trkpt lat="49.19041" lon="22.35039">
        <ele>705.2</ele>
      </trkpt>
      <trkpt lat="49.191" lon="22.3503">
        <ele>706.4</ele>
      </trkpt>
      <trkpt lat="49.1918" lon="22.34982">
        <ele>704.9</ele>
      </trkpt>
      <trkpt lat="49.1926" lon="22.34934">
        <ele>703.8</ele>
      </trkpt>
      <trkpt lat="49.19277" lon="22.34915">
        <ele>703.1</ele>
      </trkpt>
      <trkpt lat="49.19288" lon="22.34899">
        <ele>703.1</ele>
      </trkpt>
      <trkpt lat="49.19313" lon="22.34851">
        <ele>702.2</ele>
      </trkpt>
      <trkpt lat="49.19335" lon="22.34796">
        <ele>700.6</ele>
      </trkpt>
      <trkpt lat="49.19364" lon="22.34717">
        <ele>697.7</ele>
      </trkpt>
      <trkpt lat="49.19393" lon="22.34638">
        <ele>695.3</ele>
      </trkpt>
      <trkpt lat="49.194195" lon="22.34564">
        <ele>691.9</ele>
      </trkpt>
      <trkpt lat="49.19446" lon="22.3449">
        <ele>688.5</ele>
      </trkpt>
      <trkpt lat="49.19461" lon="22.34469">
        <ele>688.1</ele>
      </trkpt>
      <trkpt lat="49.19474" lon="22.34467">
        <ele>688.1</ele>
      </trkpt>
      <trkpt lat="49.19509" lon="22.34477">
        <ele>687.7</ele>
      </trkpt>
      <trkpt lat="49.19549" lon="22.34484">
        <ele>686.6</ele>
      </trkpt>
      <trkpt lat="49.19566" lon="22.34483">
        <ele>685.8</ele>
      </trkpt>
      <trkpt lat="49.19583" lon="22.34469">
        <ele>685.3</ele>
      </trkpt>
      <trkpt lat="49.196285" lon="22.343885">
        <ele>682.3</ele>
      </trkpt>
      <trkpt lat="49.19674" lon="22.34308">
        <ele>678.4</ele>
      </trkpt>
      <trkpt lat="49.19695" lon="22.34275">
        <ele>677.2</ele>
      </trkpt>
      <trkpt lat="49.19773" lon="22.34218">
        <ele>671.8</ele>
      </trkpt>
      <trkpt lat="49.19825" lon="22.34143">
        <ele>669.0</ele>
      </trkpt>
      <trkpt lat="49.19843" lon="22.34078">
        <ele>665.7</ele>
      </trkpt>
      <trkpt lat="49.19889" lon="22.34013">
        <ele>662.4</ele>
      </trkpt>
      <trkpt lat="49.199275" lon="22.339615">
        <ele>659.8</ele>
      </trkpt>
      <trkpt lat="49.19966" lon="22.3391">
        <ele>657.6</ele>
      </trkpt>
      <trkpt lat="49.19983" lon="22.33889">
        <ele>655.9</ele>
      </trkpt>
      <trkpt lat="49.1999" lon="22.33871">
        <ele>655.5</ele>
      </trkpt>
      <trkpt lat="49.20001" lon="22.33818">
        <ele>655.3</ele>
      </trkpt>
      <trkpt lat="49.20011" lon="22.33691">
        <ele>653.0</ele>
      </trkpt>
      <trkpt lat="49.200275" lon="22.33614">
        <ele>652.0</ele>
      </trkpt>
      <trkpt lat="49.20044" lon="22.33537">
        <ele>647.6</ele>
      </trkpt>
      <trkpt lat="49.20052" lon="22.33514">
        <ele>647.1</ele>
      </trkpt>
      <trkpt lat="49.20059" lon="22.33504">
        <ele>646.8</ele>
      </trkpt>
      <trkpt lat="49.20068" lon="22.335">
        <ele>646.5</ele>
      </trkpt>
      <trkpt lat="49.20098" lon="22.335">
        <ele>645.7</ele>
      </trkpt>
      <trkpt lat="49.20146" lon="22.33509">
        <ele>642.8</ele>
      </trkpt>
      <trkpt lat="49.20186" lon="22.33512">
        <ele>641.0</ele>
      </trkpt>
      <trkpt lat="49.20221" lon="22.33502">
        <ele>639.9</ele>
      </trkpt>
      <trkpt lat="49.20247" lon="22.33486">
        <ele>639.4</ele>
      </trkpt>
      <trkpt lat="49.20255" lon="22.33476">
        <ele>638.6</ele>
      </trkpt>
      <trkpt lat="49.20262" lon="22.33463">
        <ele>638.3</ele>
      </trkpt>
      <trkpt lat="49.202872" lon="22.3335">
        <ele>634.5</ele>
      </trkpt>
      <trkpt lat="49.203124" lon="22.33237">
        <ele>630.9</ele>
      </trkpt>
      <trkpt lat="49.203376" lon="22.33124">
        <ele>627.5</ele>
      </trkpt>
      <trkpt lat="49.203628" lon="22.33011">
        <ele>624.7</ele>
      </trkpt>
      <trkpt lat="49.20388" lon="22.32898">
        <ele>623.1</ele>
      </trkpt>
      <trkpt lat="49.20394" lon="22.32881">
        <ele>622.8</ele>
      </trkpt>
      <trkpt lat="49.20411" lon="22.32847">
        <ele>621.4</ele>
      </trkpt>
      <trkpt lat="49.20421" lon="22.32837">
        <ele>620.8</ele>
      </trkpt>
      <trkpt lat="49.20446" lon="22.32816">
        <ele>620.1</ele>
      </trkpt>
      <trkpt lat="49.20485" lon="22.32802">
        <ele>620.0</ele>
      </trkpt>
      <trkpt lat="49.20506" lon="22.32791">
        <ele>619.9</ele>
      </trkpt>
      <trkpt lat="49.20518" lon="22.32781">
        <ele>619.7</ele>
      </trkpt>
      <trkpt lat="49.20531" lon="22.32759">
        <ele>619.2</ele>
      </trkpt>
      <trkpt lat="49.20533" lon="22.32745">
        <ele>618.5</ele>
      </trkpt>
      <trkpt lat="49.20531" lon="22.32728">
        <ele>618.5</ele>
      </trkpt>
      <trkpt lat="49.20515" lon="22.32646">
        <ele>615.1</ele>
      </trkpt>
      <trkpt lat="49.20514" lon="22.32621">
        <ele>615.1</ele>
      </trkpt>
      <trkpt lat="49.20518" lon="22.32548">
        <ele>612.8</ele>
      </trkpt>
      <trkpt lat="49.20529" lon="22.32488">
        <ele>612.4</ele>
      </trkpt>
      <trkpt lat="49.20527" lon="22.32461">
        <ele>612.4</ele>
      </trkpt>
      <trkpt lat="49.20523" lon="22.3245">
        <ele>612.3</ele>
      </trkpt>
      <trkpt lat="49.20508" lon="22.32435">
        <ele>612.0</ele>
      </trkpt>
      <trkpt lat="49.20441" lon="22.324045">
        <ele>611.0</ele>
      </trkpt>
      <trkpt lat="49.20374" lon="22.32374">
        <ele>608.9</ele>
      </trkpt>
      <trkpt lat="49.20362" lon="22.32361">
        <ele>608.6</ele>
      </trkpt>
      <trkpt lat="49.20359" lon="22.32349">
        <ele>608.5</ele>
      </trkpt>
      <trkpt lat="49.20357" lon="22.3233">
        <ele>608.6</ele>
      </trkpt>
      <trkpt lat="49.20359" lon="22.32324">
        <ele>608.6</ele>
      </trkpt>
      <trkpt lat="49.20365" lon="22.32316">
        <ele>608.5</ele>
      </trkpt>
      <trkpt lat="49.20376" lon="22.32311">
        <ele>608.3</ele>
      </trkpt>
      <trkpt lat="49.2045" lon="22.32314">
        <ele>605.9</ele>
      </trkpt>
      <trkpt lat="49.20488" lon="22.32305">
        <ele>605.2</ele>
      </trkpt>
      <trkpt lat="49.20499" lon="22.3229">
        <ele>604.8</ele>
      </trkpt>
      <trkpt lat="49.20508" lon="22.322185">
        <ele>603.2</ele>
      </trkpt>
      <trkpt lat="49.20517" lon="22.32147">
        <ele>602.3</ele>
      </trkpt>
      <trkpt lat="49.20529" lon="22.32093">
        <ele>601.1</ele>
      </trkpt>
      <trkpt lat="49.20562" lon="22.31972">
        <ele>598.0</ele>
      </trkpt>
      <trkpt lat="49.20595" lon="22.31851">
        <ele>594.7</ele>
      </trkpt>
      <trkpt lat="49.20603" lon="22.31827">
        <ele>594.0</ele>
      </trkpt>
      <trkpt lat="49.20641" lon="22.31736">
        <ele>593.8</ele>
      </trkpt>
      <trkpt lat="49.2066" lon="22.31703">
        <ele>594.2</ele>
      </trkpt>
      <trkpt lat="49.2067" lon="22.3168">
        <ele>594.6</ele>
      </trkpt>
      <trkpt lat="49.20677" lon="22.31643">
        <ele>594.6</ele>
      </trkpt>
      <trkpt lat="49.20677" lon="22.31577">
        <ele>593.9</ele>
      </trkpt>
      <trkpt lat="49.206665" lon="22.31467">
        <ele>593.3</ele>
      </trkpt>
      <trkpt lat="49.20656" lon="22.31357">
        <ele>591.9</ele>
      </trkpt>
      <trkpt lat="49.20651" lon="22.31322">
        <ele>591.1</ele>
      </trkpt>
      <trkpt lat="49.20647" lon="22.31307">
        <ele>590.6</ele>
      </trkpt>
      <trkpt lat="49.20614" lon="22.312205">
        <ele>587.2</ele>
      </trkpt>
      <trkpt lat="49.20581" lon="22.31134">
        <ele>586.0</ele>
      </trkpt>
      <trkpt lat="49.20539" lon="22.310285">
        <ele>586.4</ele>
      </trkpt>
      <trkpt lat="49.20497" lon="22.30923">
        <ele>587.7</ele>
      </trkpt>
      <trkpt lat="49.20479" lon="22.30872">
        <ele>587.9</ele>
      </trkpt>
      <trkpt lat="49.20465" lon="22.30807">
        <ele>586.9</ele>
      </trkpt>
      <trkpt lat="49.20461" lon="22.30799">
        <ele>586.9</ele>
      </trkpt>
      <trkpt lat="49.20447" lon="22.30782">
        <ele>586.6</ele>
      </trkpt>
      <trkpt lat="49.20423" lon="22.30761">
        <ele>586.0</ele>
      </trkpt>
      <trkpt lat="49.20407" lon="22.30744">
        <ele>585.7</ele>
      </trkpt>
      <trkpt lat="49.20401" lon="22.30727">
        <ele>584.5</ele>
      </trkpt>
      <trkpt lat="49.20391" lon="22.30622">
        <ele>583.8</ele>
      </trkpt>
      <trkpt lat="49.20412" lon="22.30619">
        <ele>583.7</ele>
      </trkpt>
      <trkpt lat="49.2042" lon="22.30616">
        <ele>583.7</ele>
      </trkpt>
      <trkpt lat="49.20427" lon="22.3061">
        <ele>583.5</ele>
      </trkpt>
      <trkpt lat="49.20437" lon="22.30596">
        <ele>583.2</ele>
      </trkpt>
      <trkpt lat="49.20446" lon="22.30574">
        <ele>583.2</ele>
      </trkpt>
      <trkpt lat="49.20447" lon="22.30574">
        <ele>583.2</ele>
      </trkpt>
      <trkpt lat="49.2047" lon="22.30588">
        <ele>582.4</ele>
      </trkpt>
      <trkpt lat="49.20523" lon="22.30612">
        <ele>581.1</ele>
      </trkpt>
      <trkpt lat="49.20538" lon="22.30624">
        <ele>580.7</ele>
      </trkpt>
      <trkpt lat="49.20553" lon="22.30645">
        <ele>580.3</ele>
      </trkpt>
      <trkpt lat="49.205825" lon="22.307065">
        <ele>579.1</ele>
      </trkpt>
      <trkpt lat="49.20612" lon="22.30768">
        <ele>578.0</ele>
      </trkpt>
      <trkpt lat="49.2063" lon="22.30812">
        <ele>577.0</ele>
      </trkpt>
      <trkpt lat="49.20661" lon="22.30903">
        <ele>576.1</ele>
      </trkpt>
      <trkpt lat="49.20692" lon="22.30994">
        <ele>577.4</ele>
      </trkpt>
      <trkpt lat="49.20705" lon="22.31044">
        <ele>577.6</ele>
      </trkpt>
      <trkpt lat="49.20719" lon="22.31124">
        <ele>577.9</ele>
      </trkpt>
      <trkpt lat="49.20733" lon="22.31204">
        <ele>577.5</ele>
      </trkpt>
      <trkpt lat="49.207513" lon="22.313235">
        <ele>576.2</ele>
      </trkpt>
      <trkpt lat="49.207695" lon="22.31443">
        <ele>575.2</ele>
      </trkpt>
      <trkpt lat="49.207878" lon="22.315625">
        <ele>574.7</ele>
      </trkpt>
      <trkpt lat="49.20806" lon="22.31682">
        <ele>574.8</ele>
      </trkpt>
      <trkpt lat="49.20807" lon="22.31714">
        <ele>574.5</ele>
      </trkpt>
      <trkpt lat="49.20803" lon="22.31745">
        <ele>574.0</ele>
      </trkpt>
      <trkpt lat="49.20774" lon="22.31869">
        <ele>572.3</ele>
      </trkpt>
      <trkpt lat="49.20745" lon="22.31993">
        <ele>572.5</ele>
      </trkpt>
      <trkpt lat="49.20724" lon="22.32061">
        <ele>574.4</ele>
      </trkpt>
      <trkpt lat="49.20702" lon="22.32112">
        <ele>574.7</ele>
      </trkpt>
      <trkpt lat="49.20671" lon="22.32178">
        <ele>573.8</ele>
      </trkpt>
      <trkpt lat="49.20666" lon="22.32202">
        <ele>573.0</ele>
      </trkpt>
      <trkpt lat="49.20667" lon="22.32221">
        <ele>572.5</ele>
      </trkpt>
      <trkpt lat="49.20672" lon="22.32243">
        <ele>571.4</ele>
      </trkpt>
      <trkpt lat="49.2068" lon="22.32263">
        <ele>570.5</ele>
      </trkpt>
      <trkpt lat="49.20699" lon="22.32295">
        <ele>569.9</ele>
      </trkpt>
      <trkpt lat="49.207531" lon="22.323791">
        <ele>568.5</ele>
      </trkpt>
      <trkpt lat="49.208073" lon="22.324633">
        <ele>567.5</ele>
      </trkpt>
      <trkpt lat="49.208614" lon="22.325474">
        <ele>566.2</ele>
      </trkpt>
      <trkpt lat="49.209156" lon="22.326316">
        <ele>563.9</ele>
      </trkpt>
      <trkpt lat="49.209697" lon="22.327157">
        <ele>562.6</ele>
      </trkpt>
      <trkpt lat="49.210239" lon="22.327999">
        <ele>561.4</ele>
      </trkpt>
      <trkpt lat="49.21078" lon="22.32884">
        <ele>559.0</ele>
      </trkpt>
      <trkpt lat="49.21084" lon="22.32899">
        <ele>559.0</ele>
      </trkpt>
      <trkpt lat="49.21092" lon="22.32913">
        <ele>559.0</ele>
      </trkpt>
      <trkpt lat="49.21093" lon="22.32922">
        <ele>558.8</ele>
      </trkpt>
      <trkpt lat="49.21086" lon="22.32958">
        <ele>557.3</ele>
      </trkpt>
      <trkpt lat="49.2108" lon="22.32978">
        <ele>556.6</ele>
      </trkpt>
      <trkpt lat="49.21079" lon="22.32995">
        <ele>556.0</ele>
      </trkpt>
      <trkpt lat="49.21081" lon="22.33016">
        <ele>555.5</ele>
      </trkpt>
      <trkpt lat="49.21093" lon="22.33038">
        <ele>555.0</ele>
      </trkpt>
      <trkpt lat="49.211455" lon="22.33101">
        <ele>551.9</ele>
      </trkpt>
      <trkpt lat="49.21198" lon="22.33164">
        <ele>551.1</ele>
      </trkpt>
      <trkpt lat="49.21228" lon="22.33205">
        <ele>551.0</ele>
      </trkpt>
      <trkpt lat="49.21261" lon="22.33256">
        <ele>550.9</ele>
      </trkpt>
      <trkpt lat="49.21294" lon="22.33307">
        <ele>551.1</ele>
      </trkpt>
      <trkpt lat="49.21318" lon="22.33338">
        <ele>551.3</ele>
      </trkpt>
      <trkpt lat="49.21333" lon="22.33351">
        <ele>551.3</ele>
      </trkpt>
      <trkpt lat="49.21355" lon="22.33364">
        <ele>551.5</ele>
      </trkpt>
      <trkpt lat="49.2143" lon="22.33393">
        <ele>551.8</ele>
      </trkpt>
      <trkpt lat="49.21448" lon="22.33409">
        <ele>552.0</ele>
      </trkpt>
      <trkpt lat="49.21504" lon="22.33471">
        <ele>552.6</ele>
      </trkpt>
      <trkpt lat="49.21516" lon="22.33482">
        <ele>552.4</ele>
      </trkpt>
      <trkpt lat="49.21533" lon="22.33491">
        <ele>552.1</ele>
      </trkpt>
      <trkpt lat="49.21544" lon="22.33493">
        <ele>551.9</ele>
      </trkpt>
      <trkpt lat="49.21588" lon="22.33494">
        <ele>551.6</ele>
      </trkpt>
      <trkpt lat="49.21663" lon="22.33519">
        <ele>550.4</ele>
      </trkpt>
      <trkpt lat="49.21675" lon="22.33518">
        <ele>550.3</ele>
      </trkpt>
      <trkpt lat="49.21691" lon="22.33511">
        <ele>550.4</ele>
      </trkpt>
      <trkpt lat="49.21736" lon="22.33481">
        <ele>550.5</ele>
      </trkpt>
      <trkpt lat="49.21748" lon="22.33476">
        <ele>550.4</ele>
      </trkpt>
      <trkpt lat="49.21759" lon="22.33475">
        <ele>550.3</ele>
      </trkpt>
      <trkpt lat="49.21773" lon="22.33477">
        <ele>550.2</ele>
      </trkpt>
      <trkpt lat="49.21832" lon="22.33494">
        <ele>548.8</ele>
      </trkpt>
      <trkpt lat="49.2191" lon="22.3353">
        <ele>547.9</ele>
      </trkpt>
      <trkpt lat="49.21949" lon="22.33552">
        <ele>547.9</ele>
      </trkpt>
      <trkpt lat="49.22013" lon="22.336">
        <ele>547.3</ele>
      </trkpt>
      <trkpt lat="49.22028" lon="22.33613">
        <ele>546.7</ele>
      </trkpt>
      <trkpt lat="49.22042" lon="22.33629">
        <ele>546.7</ele>
      </trkpt>
      <trkpt lat="49.22066" lon="22.3367">
        <ele>546.4</ele>
      </trkpt>
      <trkpt lat="49.220915" lon="22.337275">
        <ele>545.6</ele>
      </trkpt>
      <trkpt lat="49.22117" lon="22.33785">
        <ele>544.8</ele>
      </trkpt>
      <trkpt lat="49.22123" lon="22.33808">
        <ele>544.4</ele>
      </trkpt>
      <trkpt lat="49.22125" lon="22.33825">
        <ele>543.6</ele>
      </trkpt>
      <trkpt lat="49.22124" lon="22.33865">
        <ele>543.0</ele>
      </trkpt>
      <trkpt lat="49.221195" lon="22.33945">
        <ele>542.3</ele>
      </trkpt>
      <trkpt lat="49.22115" lon="22.34025">
        <ele>542.0</ele>
      </trkpt>
      <trkpt lat="49.22115" lon="22.34065">
        <ele>542.0</ele>
      </trkpt>
      <trkpt lat="49.2212" lon="22.34121">
        <ele>541.8</ele>
      </trkpt>
      <trkpt lat="49.22125" lon="22.34147">
        <ele>541.7</ele>
      </trkpt>
      <trkpt lat="49.22135" lon="22.3418">
        <ele>541.5</ele>
      </trkpt>
      <trkpt lat="49.2215" lon="22.34213">
        <ele>541.5</ele>
      </trkpt>
      <trkpt lat="49.22189" lon="22.34282">
        <ele>541.7</ele>
      </trkpt>
      <trkpt lat="49.22199" lon="22.34304">
        <ele>541.5</ele>
      </trkpt>
      <trkpt lat="49.22205" lon="22.34326">
        <ele>541.4</ele>
      </trkpt>
      <trkpt lat="49.22214" lon="22.34399">
        <ele>540.2</ele>
      </trkpt>
      <trkpt lat="49.22212" lon="22.34449">
        <ele>539.0</ele>
      </trkpt>
      <trkpt lat="49.222" lon="22.34501">
        <ele>538.0</ele>
      </trkpt>
      <trkpt lat="49.22199" lon="22.34535">
        <ele>537.4</ele>
      </trkpt>
      <trkpt lat="49.22202" lon="22.3456">
        <ele>537.2</ele>
      </trkpt>
      <trkpt lat="49.22225" lon="22.34667">
        <ele>536.9</ele>
      </trkpt>
      <trkpt lat="49.22233" lon="22.34697">
        <ele>537.3</ele>
      </trkpt>
      <trkpt lat="49.22265" lon="22.34751">
        <ele>537.7</ele>
      </trkpt>
      <trkpt lat="49.22275" lon="22.34774">
        <ele>537.7</ele>
      </trkpt>
      <trkpt lat="49.22306" lon="22.34866">
        <ele>539.0</ele>
      </trkpt>
      <trkpt lat="49.22316" lon="22.34906">
        <ele>539.4</ele>
      </trkpt>
      <trkpt lat="49.22321" lon="22.34948">
        <ele>539.0</ele>
      </trkpt>
      <trkpt lat="49.22325" lon="22.35016">
        <ele>536.9</ele>
      </trkpt>
      <trkpt lat="49.223287" lon="22.351347">
        <ele>533.9</ele>
      </trkpt>
      <trkpt lat="49.223323" lon="22.352533">
        <ele>533.3</ele>
      </trkpt>
      <trkpt lat="49.22336" lon="22.35372">
        <ele>533.6</ele>
      </trkpt>
      <trkpt lat="49.22339" lon="22.35447">
        <ele>533.6</ele>
      </trkpt>
      <trkpt lat="49.22342" lon="22.35522">
        <ele>533.8</ele>
      </trkpt>
      <trkpt lat="49.22347" lon="22.35566">
        <ele>534.1</ele>
      </trkpt>
      <trkpt lat="49.223737" lon="22.356673">
        <ele>534.1</ele>
      </trkpt>
      <trkpt lat="49.224003" lon="22.357687">
        <ele>533.7</ele>
      </trkpt>
      <trkpt lat="49.22427" lon="22.3587">
        <ele>533.4</ele>
      </trkpt>
      <trkpt lat="49.2243" lon="22.35895">
        <ele>533.0</ele>
      </trkpt>
      <trkpt lat="49.22434" lon="22.35895">
        <ele>533.0</ele>
      </trkpt>
      <trkpt lat="49.22445" lon="22.35906">
        <ele>532.8</ele>
      </trkpt>
      <trkpt lat="49.225105" lon="22.36">
        <ele>527.8</ele>
      </trkpt>
      <trkpt lat="49.22576" lon="22.36094">
        <ele>525.6</ele>
      </trkpt>
      <trkpt lat="49.22611" lon="22.36141">
        <ele>525.5</ele>
      </trkpt>
      <trkpt lat="49.22649" lon="22.36181">
        <ele>526.0</ele>
      </trkpt>
      <trkpt lat="49.226815" lon="22.362425">
        <ele>526.7</ele>
      </trkpt>
      <trkpt lat="49.22714" lon="22.36304">
        <ele>526.1</ele>
      </trkpt>
      <trkpt lat="49.22729" lon="22.3634">
        <ele>524.5</ele>
      </trkpt>
      <trkpt lat="49.22741" lon="22.36396">
        <ele>523.7</ele>
      </trkpt>
      <trkpt lat="49.22751" lon="22.36489">
        <ele>522.3</ele>
      </trkpt>
      <trkpt lat="49.22756" lon="22.365865">
        <ele>522.8</ele>
      </trkpt>
      <trkpt lat="49.22761" lon="22.36684">
        <ele>524.1</ele>
      </trkpt>
      <trkpt lat="49.22764" lon="22.36702">
        <ele>524.2</ele>
      </trkpt>
      <trkpt lat="49.2277" lon="22.36713">
        <ele>524.3</ele>
      </trkpt>
      <trkpt lat="49.22774" lon="22.36716">
        <ele>524.3</ele>
      </trkpt>
      <trkpt lat="49.22819" lon="22.36737">
        <ele>524.1</ele>
      </trkpt>
      <trkpt lat="49.22831" lon="22.36748">
        <ele>524.1</ele>
      </trkpt>
      <trkpt lat="49.22835" lon="22.36754">
        <ele>524.0</ele>
      </trkpt>
      <trkpt lat="49.2285" lon="22.36792">
        <ele>523.9</ele>
      </trkpt>
      <trkpt lat="49.22866" lon="22.36823">
        <ele>523.5</ele>
      </trkpt>
      <trkpt lat="49.22886" lon="22.36849">
        <ele>522.5</ele>
      </trkpt>
      <trkpt lat="49.22922" lon="22.36884">
        <ele>522.3</ele>
      </trkpt>
      <trkpt lat="49.22936" lon="22.36892">
        <ele>522.2</ele>
      </trkpt>
      <trkpt lat="49.22956" lon="22.36896">
        <ele>522.2</ele>
      </trkpt>
      <trkpt lat="49.22965" lon="22.36894">
        <ele>522.2</ele>
      </trkpt>
      <trkpt lat="49.22992" lon="22.36881">
        <ele>521.8</ele>
      </trkpt>
      <trkpt lat="49.23003" lon="22.36878">
        <ele>521.8</ele>
      </trkpt>
      <trkpt lat="49.2301" lon="22.36879">
        <ele>521.8</ele>
      </trkpt>
      <trkpt lat="49.23018" lon="22.36885">
        <ele>521.8</ele>
      </trkpt>
      <trkpt lat="49.23047" lon="22.36925">
        <ele>520.5</ele>
      </trkpt>
      <trkpt lat="49.23053" lon="22.3693">
        <ele>520.3</ele>
      </trkpt>
      <trkpt lat="49.23068" lon="22.36936">
        <ele>519.8</ele>
      </trkpt>
      <trkpt lat="49.23144" lon="22.36944">
        <ele>517.4</ele>
      </trkpt>
      <trkpt lat="49.23187" lon="22.36959">
        <ele>517.9</ele>
      </trkpt>
      <trkpt lat="49.23213" lon="22.36975">
        <ele>519.3</ele>
      </trkpt>
      <trkpt lat="49.23237" lon="22.36998">
        <ele>521.3</ele>
      </trkpt>
      <trkpt lat="49.23282" lon="22.3706">
        <ele>529.5</ele>
      </trkpt>
      <trkpt lat="49.23308" lon="22.37112">
        <ele>534.3</ele>
      </trkpt>
      <trkpt lat="49.23324" lon="22.37133">
        <ele>535.9</ele>
      </trkpt>
      <trkpt lat="49.2334" lon="22.3716">
        <ele>538.2</ele>
      </trkpt>
      <trkpt lat="49.23366" lon="22.37217">
        <ele>540.1</ele>
      </trkpt>
      <trkpt lat="49.23426" lon="22.37303">
        <ele>537.8</ele>
      </trkpt>
      <trkpt lat="49.23447" lon="22.37323">
        <ele>536.3</ele>
      </trkpt>
      <trkpt lat="49.2346" lon="22.3733">
        <ele>534.5</ele>
      </trkpt>
      <trkpt lat="49.23526" lon="22.37346">
        <ele>528.3</ele>
      </trkpt>
      <trkpt lat="49.23546" lon="22.37355">
        <ele>526.4</ele>
      </trkpt>
      <trkpt lat="49.235965" lon="22.37386">
        <ele>522.3</ele>
      </trkpt>
      <trkpt lat="49.23647" lon="22.37417">
        <ele>521.7</ele>
      </trkpt>
      <trkpt lat="49.23721" lon="22.3748">
        <ele>521.0</ele>
      </trkpt>
      <trkpt lat="49.23738" lon="22.37493">
        <ele>521.3</ele>
      </trkpt>
      <trkpt lat="49.23759" lon="22.37504">
        <ele>522.5</ele>
      </trkpt>
      <trkpt lat="49.23785" lon="22.37515">
        <ele>524.2</ele>
      </trkpt>
      <trkpt lat="49.23822" lon="22.37527">
        <ele>526.9</ele>
      </trkpt>
      <trkpt lat="49.23847" lon="22.37542">
        <ele>526.2</ele>
      </trkpt>
      <trkpt lat="49.23912" lon="22.37548">
        <ele>517.9</ele>
      </trkpt>
      <trkpt lat="49.23979" lon="22.37577">
        <ele>511.3</ele>
      </trkpt>
      <trkpt lat="49.24039" lon="22.37609">
        <ele>509.0</ele>
      </trkpt>
      <trkpt lat="49.24054" lon="22.3762">
        <ele>508.7</ele>
      </trkpt>
      <trkpt lat="49.24071" lon="22.37637">
        <ele>508.5</ele>
      </trkpt>
      <trkpt lat="49.24091" lon="22.37664">
        <ele>508.5</ele>
      </trkpt>
      <trkpt lat="49.24139" lon="22.3774">
        <ele>507.6</ele>
      </trkpt>
      <trkpt lat="49.24173" lon="22.37798">
        <ele>507.0</ele>
      </trkpt>
      <trkpt lat="49.24188" lon="22.37833">
        <ele>506.8</ele>
      </trkpt>
      <trkpt lat="49.24198" lon="22.3788">
        <ele>506.5</ele>
      </trkpt>
      <trkpt lat="49.24204" lon="22.37941">
        <ele>505.9</ele>
      </trkpt>
      <trkpt lat="49.24203" lon="22.38045">
        <ele>505.1</ele>
      </trkpt>
      <trkpt lat="49.24193" lon="22.38137">
        <ele>504.6</ele>
      </trkpt>
      <trkpt lat="49.2418" lon="22.38218">
        <ele>503.7</ele>
      </trkpt>
      <trkpt lat="49.24152" lon="22.3831">
        <ele>502.7</ele>
      </trkpt>
      <trkpt lat="49.24124" lon="22.38402">
        <ele>501.3</ele>
      </trkpt>
      <trkpt lat="49.24116" lon="22.38419">
        <ele>501.3</ele>
      </trkpt>
      <trkpt lat="49.2406" lon="22.38521">
        <ele>507.3</ele>
      </trkpt>
      <trkpt lat="49.24051" lon="22.38548">
        <ele>508.7</ele>
      </trkpt>
      <trkpt lat="49.24044" lon="22.38587">
        <ele>510.5</ele>
      </trkpt>
      <trkpt lat="49.24038" lon="22.38642">
        <ele>511.9</ele>
      </trkpt>
      <trkpt lat="49.24038" lon="22.3866">
        <ele>513.7</ele>
      </trkpt>
      <trkpt lat="49.24047" lon="22.3873">
        <ele>514.5</ele>
      </trkpt>
      <trkpt lat="49.24044" lon="22.3875">
        <ele>514.1</ele>
      </trkpt>
      <trkpt lat="49.24038" lon="22.3876">
        <ele>514.0</ele>
      </trkpt>
      <trkpt lat="49.23991" lon="22.38782">
        <ele>512.4</ele>
      </trkpt>
      <trkpt lat="49.23983" lon="22.38791">
        <ele>512.7</ele>
      </trkpt>
      <trkpt lat="49.23979" lon="22.38804">
        <ele>513.3</ele>
      </trkpt>
      <trkpt lat="49.23982" lon="22.38825">
        <ele>513.9</ele>
      </trkpt>
      <trkpt lat="49.23992" lon="22.38839">
        <ele>515.5</ele>
      </trkpt>
      <trkpt lat="49.24043" lon="22.3885">
        <ele>519.3</ele>
      </trkpt>
      <trkpt lat="49.24094" lon="22.38861">
        <ele>523.0</ele>
      </trkpt>
      <trkpt lat="49.24119" lon="22.38872">
        <ele>522.3</ele>
      </trkpt>
      <trkpt lat="49.241625" lon="22.389145">
        <ele>518.5</ele>
      </trkpt>
      <trkpt lat="49.24206" lon="22.38957">
        <ele>510.6</ele>
      </trkpt>
      <trkpt lat="49.24242" lon="22.38988">
        <ele>506.1</ele>
      </trkpt>
      <trkpt lat="49.24252" lon="22.38993">
        <ele>506.1</ele>
      </trkpt>
      <trkpt lat="49.24273" lon="22.38994">
        <ele>503.4</ele>
      </trkpt>
      <trkpt lat="49.24308" lon="22.38986">
        <ele>499.8</ele>
      </trkpt>
      <trkpt lat="49.24326" lon="22.38986">
        <ele>498.7</ele>
      </trkpt>
      <trkpt lat="49.24341" lon="22.38991">
        <ele>498.0</ele>
      </trkpt>
      <trkpt lat="49.24371" lon="22.39009">
        <ele>496.8</ele>
      </trkpt>
      <trkpt lat="49.24386" lon="22.39015">
        <ele>496.3</ele>
      </trkpt>
      <trkpt lat="49.2445" lon="22.39023">
        <ele>492.8</ele>
      </trkpt>
      <trkpt lat="49.2446" lon="22.39028">
        <ele>492.8</ele>
      </trkpt>
      <trkpt lat="49.24511" lon="22.39072">
        <ele>491.6</ele>
      </trkpt>
      <trkpt lat="49.24528" lon="22.39093">
        <ele>491.8</ele>
      </trkpt>
      <trkpt lat="49.2454" lon="22.39117">
        <ele>492.0</ele>
      </trkpt>
      <trkpt lat="49.24562" lon="22.39204">
        <ele>493.5</ele>
      </trkpt>
      <trkpt lat="49.24573" lon="22.39229">
        <ele>494.0</ele>
      </trkpt>
      <trkpt lat="49.24594" lon="22.39271">
        <ele>494.3</ele>
      </trkpt>
      <trkpt lat="49.2463" lon="22.39328">
        <ele>493.8</ele>
      </trkpt>
      <trkpt lat="49.24646" lon="22.39357">
        <ele>493.3</ele>
      </trkpt>
      <trkpt lat="49.24666" lon="22.39415">
        <ele>493.1</ele>
      </trkpt>
      <trkpt lat="49.24684" lon="22.394825">
        <ele>492.2</ele>
      </trkpt>
      <trkpt lat="49.24702" lon="22.3955">
        <ele>492.1</ele>
      </trkpt>
      <trkpt lat="49.24711" lon="22.39567">
        <ele>492.0</ele>
      </trkpt>
      <trkpt lat="49.24716" lon="22.39571">
        <ele>492.0</ele>
      </trkpt>
      <trkpt lat="49.24723" lon="22.39573">
        <ele>492.0</ele>
      </trkpt>
      <trkpt lat="49.24763" lon="22.39562">
        <ele>491.3</ele>
      </trkpt>
      <trkpt lat="49.24773" lon="22.39563">
        <ele>491.1</ele>
      </trkpt>
      <trkpt lat="49.24786" lon="22.39569">
        <ele>490.8</ele>
      </trkpt>
      <trkpt lat="49.24806" lon="22.39593">
        <ele>490.4</ele>
      </trkpt>
      <trkpt lat="49.248505" lon="22.396495">
        <ele>489.8</ele>
      </trkpt>
      <trkpt lat="49.24895" lon="22.39706">
        <ele>489.8</ele>
      </trkpt>
      <trkpt lat="49.2496" lon="22.39783">
        <ele>488.9</ele>
      </trkpt>
      <trkpt lat="49.24971" lon="22.39788">
        <ele>488.6</ele>
      </trkpt>
      <trkpt lat="49.24982" lon="22.3979">
        <ele>488.6</ele>
      </trkpt>
      <trkpt lat="49.25006" lon="22.39786">
        <ele>488.3</ele>
      </trkpt>
      <trkpt lat="49.25017" lon="22.39783">
        <ele>488.3</ele>
      </trkpt>
      <trkpt lat="49.25034" lon="22.39772">
        <ele>488.2</ele>
      </trkpt>
      <trkpt lat="49.25051" lon="22.39752">
        <ele>488.2</ele>
      </trkpt>
      <trkpt lat="49.250835" lon="22.39698">
        <ele>488.2</ele>
      </trkpt>
      <trkpt lat="49.25116" lon="22.39644">
        <ele>488.5</ele>
      </trkpt>
      <trkpt lat="49.25154" lon="22.39568">
        <ele>487.4</ele>
      </trkpt>
      <trkpt lat="49.252" lon="22.39519">
        <ele>484.5</ele>
      </trkpt>
      <trkpt lat="49.25245" lon="22.394665">
        <ele>483.6</ele>
      </trkpt>
      <trkpt lat="49.2529" lon="22.39414">
        <ele>483.3</ele>
      </trkpt>
      <trkpt lat="49.253445" lon="22.39369">
        <ele>482.9</ele>
      </trkpt>
      <trkpt lat="49.25399" lon="22.39324">
        <ele>482.9</ele>
      </trkpt>
      <trkpt lat="49.25442" lon="22.39287">
        <ele>483.0</ele>
      </trkpt>
      <trkpt lat="49.25467" lon="22.39269">
        <ele>483.4</ele>
      </trkpt>
      <trkpt lat="49.25476" lon="22.39268">
        <ele>483.4</ele>
      </trkpt>
      <trkpt lat="49.25485" lon="22.39271">
        <ele>483.4</ele>
      </trkpt>
      <trkpt lat="49.2549" lon="22.39274">
        <ele>483.8</ele>
      </trkpt>
      <trkpt lat="49.25523" lon="22.3931">
        <ele>483.8</ele>
      </trkpt>
      <trkpt lat="49.25531" lon="22.39313">
        <ele>483.8</ele>
      </trkpt>
      <trkpt lat="49.25541" lon="22.39313">
        <ele>483.8</ele>
      </trkpt>
      <trkpt lat="49.25564" lon="22.3931">
        <ele>483.9</ele>
      </trkpt>
      <trkpt lat="49.25608" lon="22.39299">
        <ele>483.4</ele>
      </trkpt>
      <trkpt lat="49.25639" lon="22.39299">
        <ele>484.0</ele>
      </trkpt>
      <trkpt lat="49.25706" lon="22.393275">
        <ele>489.2</ele>
      </trkpt>
      <trkpt lat="49.25773" lon="22.39356">
        <ele>490.3</ele>
      </trkpt>
      <trkpt lat="49.25792" lon="22.39369">
        <ele>489.7</ele>
      </trkpt>
      <trkpt lat="49.25811" lon="22.39387">
        <ele>488.5</ele>
      </trkpt>
      <trkpt lat="49.25821" lon="22.39393">
        <ele>487.9</ele>
      </trkpt>
      <trkpt lat="49.25862" lon="22.39405">
        <ele>484.5</ele>
      </trkpt>
      <trkpt lat="49.25871" lon="22.39409">
        <ele>483.8</ele>
      </trkpt>
      <trkpt lat="49.25885" lon="22.39421">
        <ele>483.0</ele>
      </trkpt>
      <trkpt lat="49.25927" lon="22.39463">
        <ele>481.3</ele>
      </trkpt>
      <trkpt lat="49.25966" lon="22.39493">
        <ele>480.3</ele>
      </trkpt>
      <trkpt lat="49.25985" lon="22.39517">
        <ele>480.3</ele>
      </trkpt>
      <trkpt lat="49.26017" lon="22.39575">
        <ele>479.1</ele>
      </trkpt>
      <trkpt lat="49.26029" lon="22.39612">
        <ele>478.7</ele>
      </trkpt>
      <trkpt lat="49.26046" lon="22.39705">
        <ele>477.7</ele>
      </trkpt>
      <trkpt lat="49.26063" lon="22.39798">
        <ele>476.3</ele>
      </trkpt>
      <trkpt lat="49.26087" lon="22.39875">
        <ele>475.0</ele>
      </trkpt>
      <trkpt lat="49.26111" lon="22.39952">
        <ele>475.0</ele>
      </trkpt>
      <trkpt lat="49.2613" lon="22.40004">
        <ele>475.6</ele>
      </trkpt>
      <trkpt lat="49.26138" lon="22.4002">
        <ele>476.8</ele>
      </trkpt>
      <trkpt lat="49.26148" lon="22.40031">
        <ele>476.8</ele>
      </trkpt>
      <trkpt lat="49.26157" lon="22.40033">
        <ele>477.0</ele>
      </trkpt>
      <trkpt lat="49.26168" lon="22.40029">
        <ele>477.0</ele>
      </trkpt>
      <trkpt lat="49.26207" lon="22.39997">
        <ele>477.4</ele>
      </trkpt>
      <trkpt lat="49.26219" lon="22.39995">
        <ele>477.7</ele>
      </trkpt>
      <trkpt lat="49.2626" lon="22.40003">
        <ele>478.0</ele>
      </trkpt>
      <trkpt lat="49.26275" lon="22.40003">
        <ele>478.1</ele>
      </trkpt>
      <trkpt lat="49.26288" lon="22.39998">
        <ele>478.1</ele>
      </trkpt>
      <trkpt lat="49.26308" lon="22.39978">
        <ele>478.1</ele>
      </trkpt>
      <trkpt lat="49.26337" lon="22.39948">
        <ele>478.0</ele>
      </trkpt>
      <trkpt lat="49.264055" lon="22.399135">
        <ele>478.7</ele>
      </trkpt>
      <trkpt lat="49.26474" lon="22.39879">
        <ele>486.3</ele>
      </trkpt>
      <trkpt lat="49.26526" lon="22.39868">
        <ele>490.7</ele>
      </trkpt>
      <trkpt lat="49.26563" lon="22.39852">
        <ele>496.5</ele>
      </trkpt>
      <trkpt lat="49.26593" lon="22.39848">
        <ele>500.1</ele>
      </trkpt>
      <trkpt lat="49.26623" lon="22.39839">
        <ele>500.3</ele>
      </trkpt>
      <trkpt lat="49.26634" lon="22.39839">
        <ele>499.7</ele>
      </trkpt>
      <trkpt lat="49.2668" lon="22.39859">
        <ele>495.5</ele>
      </trkpt>
      <trkpt lat="49.2674" lon="22.39877">
        <ele>489.9</ele>
      </trkpt>
      <trkpt lat="49.2677" lon="22.39892">
        <ele>486.1</ele>
      </trkpt>
      <trkpt lat="49.26831" lon="22.39926">
        <ele>477.6</ele>
      </trkpt>
      <trkpt lat="49.268895" lon="22.399465">
        <ele>474.0</ele>
      </trkpt>
      <trkpt lat="49.26948" lon="22.39967">
        <ele>475.8</ele>
      </trkpt>
      <trkpt lat="49.26976" lon="22.39981">
        <ele>478.5</ele>
      </trkpt>
      <trkpt lat="49.27023" lon="22.40019">
        <ele>486.1</ele>
      </trkpt>
      <trkpt lat="49.27091" lon="22.40087">
        <ele>493.2</ele>
      </trkpt>
      <trkpt lat="49.27135" lon="22.401495">
        <ele>497.3</ele>
      </trkpt>
      <trkpt lat="49.27179" lon="22.40212">
        <ele>502.1</ele>
      </trkpt>
      <trkpt lat="49.27196" lon="22.40242">
        <ele>503.7</ele>
      </trkpt>
      <trkpt lat="49.27217" lon="22.40286">
        <ele>504.1</ele>
      </trkpt>
      <trkpt lat="49.27241" lon="22.40352">
        <ele>502.9</ele>
      </trkpt>
      <trkpt lat="49.27262" lon="22.40399">
        <ele>498.8</ele>
      </trkpt>
      <trkpt lat="49.27274" lon="22.40416">
        <ele>498.8</ele>
      </trkpt>
      <trkpt lat="49.273" lon="22.4044">
        <ele>495.9</ele>
      </trkpt>
      <trkpt lat="49.27367" lon="22.40497">
        <ele>491.7</ele>
      </trkpt>
      <trkpt lat="49.27375" lon="22.40511">
        <ele>490.7</ele>
      </trkpt>
      <trkpt lat="49.27376" lon="22.40528">
        <ele>489.9</ele>
      </trkpt>
      <trkpt lat="49.2737" lon="22.40539">
        <ele>487.6</ele>
      </trkpt>
      <trkpt lat="49.27363" lon="22.40543">
        <ele>487.6</ele>
      </trkpt>
      <trkpt lat="49.27354" lon="22.40542">
        <ele>486.8</ele>
      </trkpt>
      <trkpt lat="49.27347" lon="22.40537">
        <ele>486.8</ele>
      </trkpt>
      <trkpt lat="49.27305" lon="22.40495">
        <ele>483.5</ele>
      </trkpt>
      <trkpt lat="49.27294" lon="22.40487">
        <ele>482.8</ele>
      </trkpt>
      <trkpt lat="49.27287" lon="22.40488">
        <ele>482.5</ele>
      </trkpt>
      <trkpt lat="49.27281" lon="22.40494">
        <ele>481.7</ele>
      </trkpt>
      <trkpt lat="49.27276" lon="22.40503">
        <ele>481.3</ele>
      </trkpt>
      <trkpt lat="49.27276" lon="22.40516">
        <ele>480.3</ele>
      </trkpt>
      <trkpt lat="49.2728" lon="22.40528">
        <ele>478.2</ele>
      </trkpt>
      <trkpt lat="49.27319" lon="22.40593">
        <ele>473.0</ele>
      </trkpt>
      <trkpt lat="49.27331" lon="22.40622">
        <ele>470.8</ele>
      </trkpt>
      <trkpt lat="49.27334" lon="22.40647">
        <ele>469.3</ele>
      </trkpt>
      <trkpt lat="49.2733" lon="22.407">
        <ele>466.7</ele>
      </trkpt>
      <trkpt lat="49.27332" lon="22.40725">
        <ele>466.0</ele>
      </trkpt>
      <trkpt lat="49.2734" lon="22.40746">
        <ele>465.6</ele>
      </trkpt>
      <trkpt lat="49.27366" lon="22.40795">
        <ele>464.5</ele>
      </trkpt>
      <trkpt lat="49.27373" lon="22.40813">
        <ele>463.6</ele>
      </trkpt>
      <trkpt lat="49.27388" lon="22.40876">
        <ele>462.9</ele>
      </trkpt>
      <trkpt lat="49.27396" lon="22.4089">
        <ele>462.7</ele>
      </trkpt>
      <trkpt lat="49.27406" lon="22.40903">
        <ele>462.5</ele>
      </trkpt>
      <trkpt lat="49.27444" lon="22.40938">
        <ele>462.3</ele>
      </trkpt>
      <trkpt lat="49.27455" lon="22.40943">
        <ele>462.3</ele>
      </trkpt>
      <trkpt lat="49.2747" lon="22.40944">
        <ele>462.3</ele>
      </trkpt>
      <trkpt lat="49.27483" lon="22.40938">
        <ele>462.3</ele>
      </trkpt>
      <trkpt lat="49.27528" lon="22.40902">
        <ele>462.3</ele>
      </trkpt>
      <trkpt lat="49.27591" lon="22.40868">
        <ele>461.5</ele>
      </trkpt>
      <trkpt lat="49.2761" lon="22.40863">
        <ele>461.5</ele>
      </trkpt>
      <trkpt lat="49.27665" lon="22.40856">
        <ele>460.5</ele>
      </trkpt>
      <trkpt lat="49.27672" lon="22.40858">
        <ele>460.5</ele>
      </trkpt>
      <trkpt lat="49.27687" lon="22.40739">
        <ele>465.5</ele>
      </trkpt>
      <trkpt lat="49.27697" lon="22.40724">
        <ele>466.5</ele>
      </trkpt>
      <trkpt lat="49.27736" lon="22.40695">
        <ele>472.1</ele>
      </trkpt>
      <trkpt lat="49.27791" lon="22.40637">
        <ele>479.4</ele>
      </trkpt>
      <trkpt lat="49.27804" lon="22.40619">
        <ele>481.0</ele>
      </trkpt>
      <trkpt lat="49.27808" lon="22.40583">
        <ele>484.5</ele>
      </trkpt>
      <trkpt lat="49.27804" lon="22.40526">
        <ele>488.5</ele>
      </trkpt>
      <trkpt lat="49.27783" lon="22.40443">
        <ele>498.0</ele>
      </trkpt>
      <trkpt lat="49.27762" lon="22.4036">
        <ele>504.1</ele>
      </trkpt>
      <trkpt lat="49.27752" lon="22.40309">
        <ele>507.4</ele>
      </trkpt>
      <trkpt lat="49.27755" lon="22.40242">
        <ele>513.0</ele>
      </trkpt>
      <trkpt lat="49.27751" lon="22.40145">
        <ele>522.7</ele>
      </trkpt>
      <trkpt lat="49.27756" lon="22.400575">
        <ele>529.5</ele>
      </trkpt>
      <trkpt lat="49.27761" lon="22.3997">
        <ele>535.3</ele>
      </trkpt>
      <trkpt lat="49.27756" lon="22.39943">
        <ele>536.3</ele>
      </trkpt>
      <trkpt lat="49.27733" lon="22.3991">
        <ele>540.5</ele>
      </trkpt>
      <trkpt lat="49.27688" lon="22.398825">
        <ele>544.5</ele>
      </trkpt>
      <trkpt lat="49.27643" lon="22.39855">
        <ele>545.6</ele>
      </trkpt>
      <trkpt lat="49.27634" lon="22.3984">
        <ele>545.5</ele>
      </trkpt>
      <trkpt lat="49.27639" lon="22.39812">
        <ele>545.3</ele>
      </trkpt>
      <trkpt lat="49.27664" lon="22.39778">
        <ele>546.2</ele>
      </trkpt>
      <trkpt lat="49.27686" lon="22.39743">
        <ele>547.5</ele>
      </trkpt>
      <trkpt lat="49.27706" lon="22.39663">
        <ele>547.6</ele>
      </trkpt>
      <trkpt lat="49.27722" lon="22.39589">
        <ele>546.5</ele>
      </trkpt>
      <trkpt lat="49.27732" lon="22.39573">
        <ele>546.6</ele>
      </trkpt>
      <trkpt lat="49.27738" lon="22.3957">
        <ele>546.6</ele>
      </trkpt>
      <trkpt lat="49.27743" lon="22.39573">
        <ele>546.6</ele>
      </trkpt>
      <trkpt lat="49.27752" lon="22.39585">
        <ele>546.9</ele>
      </trkpt>
      <trkpt lat="49.277825" lon="22.39647">
        <ele>547.2</ele>
      </trkpt>
      <trkpt lat="49.27813" lon="22.39709">
        <ele>547.5</ele>
      </trkpt>
      <trkpt lat="49.27856" lon="22.39775">
        <ele>551.1</ele>
      </trkpt>
      <trkpt lat="49.27889" lon="22.39807">
        <ele>555.8</ele>
      </trkpt>
      <trkpt lat="49.27962" lon="22.39844">
        <ele>561.3</ele>
      </trkpt>
      <trkpt lat="49.27982" lon="22.39848">
        <ele>562.2</ele>
      </trkpt>
      <trkpt lat="49.28003" lon="22.39841">
        <ele>565.0</ele>
      </trkpt>
      <trkpt lat="49.28028" lon="22.39817">
        <ele>565.7</ele>
      </trkpt>
      <trkpt lat="49.28065" lon="22.397745">
        <ele>569.1</ele>
      </trkpt>
      <trkpt lat="49.28102" lon="22.39732">
        <ele>575.0</ele>
      </trkpt>
      <trkpt lat="49.28125" lon="22.39702">
        <ele>577.8</ele>
      </trkpt>
      <trkpt lat="49.2815" lon="22.39634">
        <ele>583.4</ele>
      </trkpt>
      <trkpt lat="49.28169" lon="22.39616">
        <ele>586.4</ele>
      </trkpt>
      <trkpt lat="49.28202" lon="22.39617">
        <ele>588.6</ele>
      </trkpt>
      <trkpt lat="49.28248" lon="22.39607">
        <ele>590.1</ele>
      </trkpt>
      <trkpt lat="49.28272" lon="22.39595">
        <ele>592.5</ele>
      </trkpt>
      <trkpt lat="49.28288" lon="22.39565">
        <ele>593.3</ele>
      </trkpt>
      <trkpt lat="49.28293" lon="22.39493">
        <ele>596.4</ele>
      </trkpt>
      <trkpt lat="49.28298" lon="22.39421">
        <ele>598.0</ele>
      </trkpt>
      <trkpt lat="49.283125" lon="22.39341">
        <ele>600.2</ele>
      </trkpt>
      <trkpt lat="49.28327" lon="22.39261">
        <ele>601.6</ele>
      </trkpt>
      <trkpt lat="49.28331" lon="22.39213">
        <ele>601.4</ele>
      </trkpt>
      <trkpt lat="49.28331" lon="22.39131">
        <ele>599.7</ele>
      </trkpt>
      <trkpt lat="49.28335" lon="22.39118">
        <ele>599.5</ele>
      </trkpt>
      <trkpt lat="49.2834" lon="22.39111">
        <ele>599.6</ele>
      </trkpt>
      <trkpt lat="49.28348" lon="22.39108">
        <ele>599.8</ele>
      </trkpt>
      <trkpt lat="49.28358" lon="22.39108">
        <ele>600.5</ele>
      </trkpt>
      <trkpt lat="49.28376" lon="22.39119">
        <ele>601.8</ele>
      </trkpt>
      <trkpt lat="49.28407" lon="22.39134">
        <ele>602.8</ele>
      </trkpt>
      <trkpt lat="49.28455" lon="22.39168">
        <ele>603.3</ele>
      </trkpt>
      <trkpt lat="49.28467" lon="22.39185">
        <ele>603.7</ele>
      </trkpt>
      <trkpt lat="49.2848" lon="22.39269">
        <ele>608.3</ele>
      </trkpt>
      <trkpt lat="49.2851" lon="22.39369">
        <ele>615.1</ele>
      </trkpt>
      <trkpt lat="49.28522" lon="22.39416">
        <ele>617.7</ele>
      </trkpt>
      <trkpt lat="49.28529" lon="22.39434">
        <ele>618.1</ele>
      </trkpt>
      <trkpt lat="49.28543" lon="22.39452">
        <ele>618.2</ele>
      </trkpt>
      <trkpt lat="49.28551" lon="22.39471">
        <ele>618.1</ele>
      </trkpt>
      <trkpt lat="49.28532" lon="22.39523">
        <ele>617.1</ele>
      </trkpt>
      <trkpt lat="49.2853" lon="22.3955">
        <ele>616.4</ele>
      </trkpt>
      <trkpt lat="49.28535" lon="22.39589">
        <ele>615.6</ele>
      </trkpt>
      <trkpt lat="49.28545" lon="22.39627">
        <ele>615.2</ele>
      </trkpt>
      <trkpt lat="49.28558" lon="22.39662">
        <ele>615.8</ele>
      </trkpt>
      <trkpt lat="49.28559" lon="22.39672">
        <ele>616.5</ele>
      </trkpt>
      <trkpt lat="49.28549" lon="22.39713">
        <ele>619.1</ele>
      </trkpt>
      <trkpt lat="49.28527" lon="22.39827">
        <ele>626.8</ele>
      </trkpt>
      <trkpt lat="49.28521" lon="22.39909">
        <ele>634.6</ele>
      </trkpt>
      <trkpt lat="49.28515" lon="22.3995">
        <ele>636.3</ele>
      </trkpt>
      <trkpt lat="49.28504" lon="22.39997">
        <ele>640.9</ele>
      </trkpt>
      <trkpt lat="49.28509" lon="22.40013">
        <ele>641.8</ele>
      </trkpt>
      <trkpt lat="49.2857" lon="22.40053">
        <ele>646.0</ele>
      </trkpt>
      <trkpt lat="49.28579" lon="22.40057">
        <ele>646.3</ele>
      </trkpt>
      <trkpt lat="49.28666" lon="22.40065">
        <ele>650.7</ele>
      </trkpt>
      <trkpt lat="49.28693" lon="22.40073">
        <ele>652.4</ele>
      </trkpt>
      <trkpt lat="49.2872" lon="22.40089">
        <ele>656.9</ele>
      </trkpt>
      <trkpt lat="49.28733" lon="22.40092">
        <ele>659.4</ele>
      </trkpt>
      <trkpt lat="49.28783" lon="22.40083">
        <ele>663.6</ele>
      </trkpt>
      <trkpt lat="49.28797" lon="22.40077">
        <ele>664.1</ele>
      </trkpt>
      <trkpt lat="49.28809" lon="22.40067">
        <ele>664.1</ele>
      </trkpt>
      <trkpt lat="49.28818" lon="22.40047">
        <ele>663.8</ele>
      </trkpt>
      <trkpt lat="49.28836" lon="22.39969">
        <ele>661.5</ele>
      </trkpt>
      <trkpt lat="49.28851" lon="22.3993">
        <ele>661.2</ele>
      </trkpt>
      <trkpt lat="49.28865" lon="22.39908">
        <ele>661.0</ele>
      </trkpt>
      <trkpt lat="49.28899" lon="22.39872">
        <ele>660.5</ele>
      </trkpt>
      <trkpt lat="49.28925" lon="22.39855">
        <ele>659.1</ele>
      </trkpt>
      <trkpt lat="49.28973" lon="22.39848">
        <ele>654.4</ele>
      </trkpt>
      <trkpt lat="49.290195" lon="22.398615">
        <ele>649.9</ele>
      </trkpt>
      <trkpt lat="49.29066" lon="22.39875">
        <ele>644.6</ele>
      </trkpt>
      <trkpt lat="49.291105" lon="22.39894">
        <ele>637.3</ele>
      </trkpt>
      <trkpt lat="49.29155" lon="22.39913">
        <ele>629.9</ele>
      </trkpt>
      <trkpt lat="49.29221" lon="22.39952">
        <ele>621.9</ele>
      </trkpt>
      <trkpt lat="49.29248" lon="22.39964">
        <ele>619.2</ele>
      </trkpt>
      <trkpt lat="49.2926" lon="22.39963">
        <ele>618.5</ele>
      </trkpt>
      <trkpt lat="49.29269" lon="22.39951">
        <ele>617.8</ele>
      </trkpt>
      <trkpt lat="49.29275" lon="22.3992">
        <ele>615.6</ele>
      </trkpt>
      <trkpt lat="49.2928" lon="22.39842">
        <ele>609.1</ele>
      </trkpt>
      <trkpt lat="49.29287" lon="22.39796">
        <ele>607.3</ele>
      </trkpt>
      <trkpt lat="49.29287" lon="22.39778">
        <ele>606.2</ele>
      </trkpt>
      <trkpt lat="49.2928" lon="22.39735">
        <ele>602.7</ele>
      </trkpt>
      <trkpt lat="49.29277" lon="22.39691">
        <ele>599.1</ele>
      </trkpt>
      <trkpt lat="49.29292" lon="22.3956">
        <ele>591.0</ele>
      </trkpt>
      <trkpt lat="49.29292" lon="22.3955">
        <ele>591.0</ele>
      </trkpt>
      <trkpt lat="49.29252" lon="22.3947">
        <ele>587.8</ele>
      </trkpt>
      <trkpt lat="49.29231" lon="22.39444">
        <ele>587.6</ele>
      </trkpt>
      <trkpt lat="49.29224" lon="22.39427">
        <ele>587.5</ele>
      </trkpt>
      <trkpt lat="49.29229" lon="22.39407">
        <ele>587.0</ele>
      </trkpt>
      <trkpt lat="49.29233" lon="22.39405">
        <ele>587.0</ele>
      </trkpt>
      <trkpt lat="49.29256" lon="22.39408">
        <ele>585.5</ele>
      </trkpt>
      <trkpt lat="49.29311" lon="22.39429">
        <ele>579.1</ele>
      </trkpt>
      <trkpt lat="49.29372" lon="22.39458">
        <ele>574.2</ele>
      </trkpt>
      <trkpt lat="49.29407" lon="22.39471">
        <ele>570.1</ele>
      </trkpt>
      <trkpt lat="49.29458" lon="22.39482">
        <ele>565.8</ele>
      </trkpt>
      <trkpt lat="49.29474" lon="22.39482">
        <ele>564.8</ele>
      </trkpt>
      <trkpt lat="49.29495" lon="22.39467">
        <ele>564.2</ele>
      </trkpt>
      <trkpt lat="49.29509" lon="22.39447">
        <ele>563.9</ele>
      </trkpt>
      <trkpt lat="49.2952" lon="22.3942">
        <ele>563.8</ele>
      </trkpt>
      <trkpt lat="49.29528" lon="22.39388">
        <ele>563.2</ele>
      </trkpt>
      <trkpt lat="49.29548" lon="22.39287">
        <ele>560.2</ele>
      </trkpt>
      <trkpt lat="49.2955" lon="22.39255">
        <ele>558.0</ele>
      </trkpt>
      <trkpt lat="49.29548" lon="22.39223">
        <ele>557.3</ele>
      </trkpt>
      <trkpt lat="49.29535" lon="22.39143">
        <ele>553.1</ele>
      </trkpt>
      <trkpt lat="49.29532" lon="22.39116">
        <ele>551.8</ele>
      </trkpt>
      <trkpt lat="49.29533" lon="22.39103">
        <ele>551.5</ele>
      </trkpt>
      <trkpt lat="49.29537" lon="22.39093">
        <ele>551.5</ele>
      </trkpt>
      <trkpt lat="49.29517" lon="22.39015">
        <ele>554.5</ele>
      </trkpt>
      <trkpt lat="49.29518" lon="22.38987">
        <ele>555.6</ele>
      </trkpt>
      <trkpt lat="49.29521" lon="22.38981">
        <ele>555.7</ele>
      </trkpt>
      <trkpt lat="49.29526" lon="22.38977">
        <ele>555.8</ele>
      </trkpt>
      <trkpt lat="49.29533" lon="22.38975">
        <ele>556.1</ele>
      </trkpt>
      <trkpt lat="49.29541" lon="22.38979">
        <ele>557.0</ele>
      </trkpt>
      <trkpt lat="49.29583" lon="22.390275">
        <ele>561.0</ele>
      </trkpt>
      <trkpt lat="49.29625" lon="22.39076">
        <ele>566.1</ele>
      </trkpt>
      <trkpt lat="49.29692" lon="22.39109">
        <ele>571.1</ele>
      </trkpt>
      <trkpt lat="49.29713" lon="22.39107">
        <ele>574.4</ele>
      </trkpt>
      <trkpt lat="49.29732" lon="22.39086">
        <ele>575.1</ele>
      </trkpt>
      <trkpt lat="49.2976" lon="22.39021">
        <ele>576.5</ele>
      </trkpt>
      <trkpt lat="49.29771" lon="22.38982">
        <ele>575.6</ele>
      </trkpt>
      <trkpt lat="49.29778" lon="22.38857">
        <ele>571.3</ele>
      </trkpt>
      <trkpt lat="49.29773" lon="22.3879">
        <ele>569.5</ele>
      </trkpt>
      <trkpt lat="49.29765" lon="22.38715">
        <ele>568.3</ele>
      </trkpt>
      <trkpt lat="49.29742" lon="22.38625">
        <ele>567.6</ele>
      </trkpt>
      <trkpt lat="49.29742" lon="22.38595">
        <ele>567.3</ele>
      </trkpt>
      <trkpt lat="49.29749" lon="22.38581">
        <ele>567.3</ele>
      </trkpt>
      <trkpt lat="49.29755" lon="22.3858">
        <ele>567.2</ele>
      </trkpt>
      <trkpt lat="49.29763" lon="22.38585">
        <ele>567.0</ele>
      </trkpt>
      <trkpt lat="49.29806" lon="22.38654">
        <ele>565.3</ele>
      </trkpt>
      <trkpt lat="49.29837" lon="22.38671">
        <ele>566.8</ele>
      </trkpt>
      <trkpt lat="49.29881" lon="22.38682">
        <ele>571.2</ele>
      </trkpt>
      <trkpt lat="49.29908" lon="22.38686">
        <ele>574.1</ele>
      </trkpt>
      <trkpt lat="49.29933" lon="22.38718">
        <ele>576.3</ele>
      </trkpt>
      <trkpt lat="49.2995" lon="22.38728">
        <ele>578.4</ele>
      </trkpt>
      <trkpt lat="49.29977" lon="22.38721">
        <ele>580.5</ele>
      </trkpt>
      <trkpt lat="49.30004" lon="22.38719">
        <ele>584.4</ele>
      </trkpt>
      <trkpt lat="49.30047" lon="22.38723">
        <ele>586.8</ele>
      </trkpt>
      <trkpt lat="49.30068" lon="22.38717">
        <ele>590.6</ele>
      </trkpt>
      <trkpt lat="49.3015" lon="22.38677">
        <ele>597.7</ele>
      </trkpt>
      <trkpt lat="49.30171" lon="22.38662">
        <ele>598.2</ele>
      </trkpt>
      <trkpt lat="49.30182" lon="22.38643">
        <ele>597.4</ele>
      </trkpt>
      <trkpt lat="49.30197" lon="22.38546">
        <ele>591.0</ele>
      </trkpt>
      <trkpt lat="49.30212" lon="22.38449">
        <ele>586.7</ele>
      </trkpt>
      <trkpt lat="49.30215" lon="22.38421">
        <ele>584.5</ele>
      </trkpt>
      <trkpt lat="49.30215" lon="22.38367">
        <ele>581.5</ele>
      </trkpt>
      <trkpt lat="49.3021" lon="22.3832">
        <ele>581.1</ele>
      </trkpt>
      <trkpt lat="49.30215" lon="22.38264">
        <ele>581.9</ele>
      </trkpt>
      <trkpt lat="49.30214" lon="22.38246">
        <ele>582.0</ele>
      </trkpt>
      <trkpt lat="49.30207" lon="22.38198">
        <ele>581.7</ele>
      </trkpt>
      <trkpt lat="49.30206" lon="22.38155">
        <ele>581.1</ele>
      </trkpt>
      <trkpt lat="49.30212" lon="22.38139">
        <ele>581.1</ele>
      </trkpt>
      <trkpt lat="49.30226" lon="22.38131">
        <ele>581.1</ele>
      </trkpt>
      <trkpt lat="49.30236" lon="22.38138">
        <ele>580.9</ele>
      </trkpt>
      <trkpt lat="49.30253" lon="22.38173">
        <ele>579.3</ele>
      </trkpt>
      <trkpt lat="49.30288" lon="22.38281">
        <ele>573.4</ele>
      </trkpt>
      <trkpt lat="49.30297" lon="22.38299">
        <ele>571.4</ele>
      </trkpt>
      <trkpt lat="49.30334" lon="22.38346">
        <ele>566.4</ele>
      </trkpt>
      <trkpt lat="49.30384" lon="22.38432">
        <ele>558.5</ele>
      </trkpt>
      <trkpt lat="49.30401" lon="22.38451">
        <ele>556.7</ele>
      </trkpt>
      <trkpt lat="49.30466" lon="22.38509">
        <ele>549.3</ele>
      </trkpt>
      <trkpt lat="49.3051" lon="22.38545">
        <ele>546.2</ele>
      </trkpt>
      <trkpt lat="49.305693" lon="22.38576">
        <ele>541.7</ele>
      </trkpt>
      <trkpt lat="49.306287" lon="22.38607">
        <ele>538.0</ele>
      </trkpt>
      <trkpt lat="49.30688" lon="22.38638">
        <ele>529.8</ele>
      </trkpt>
      <trkpt lat="49.30723" lon="22.38652">
        <ele>528.7</ele>
      </trkpt>
      <trkpt lat="49.30759" lon="22.38644">
        <ele>531.2</ele>
      </trkpt>
      <trkpt lat="49.30778" lon="22.38629">
        <ele>531.8</ele>
      </trkpt>
      <trkpt lat="49.30791" lon="22.3861">
        <ele>533.5</ele>
      </trkpt>
      <trkpt lat="49.30808" lon="22.38565">
        <ele>535.7</ele>
      </trkpt>
      <trkpt lat="49.30812" lon="22.38508">
        <ele>535.4</ele>
      </trkpt>
      <trkpt lat="49.30812" lon="22.38444">
        <ele>532.8</ele>
      </trkpt>
      <trkpt lat="49.30815" lon="22.38423">
        <ele>532.5</ele>
      </trkpt>
      <trkpt lat="49.30821" lon="22.38415">
        <ele>532.1</ele>
      </trkpt>
      <trkpt lat="49.30836" lon="22.38401">
        <ele>531.7</ele>
      </trkpt>
      <trkpt lat="49.30846" lon="22.38386">
        <ele>531.2</ele>
      </trkpt>
      <trkpt lat="49.30858" lon="22.38316">
        <ele>528.9</ele>
      </trkpt>
      <trkpt lat="49.30863" lon="22.38306">
        <ele>528.8</ele>
      </trkpt>
      <trkpt lat="49.30871" lon="22.38297">
        <ele>529.0</ele>
      </trkpt>
      <trkpt lat="49.30892" lon="22.38294">
        <ele>529.7</ele>
      </trkpt>
      <trkpt lat="49.30907" lon="22.38305">
        <ele>532.0</ele>
      </trkpt>
      <trkpt lat="49.30929" lon="22.38341">
        <ele>535.5</ele>
      </trkpt>
      <trkpt lat="49.30939" lon="22.3835">
        <ele>536.6</ele>
      </trkpt>
      <trkpt lat="49.30947" lon="22.3835">
        <ele>536.9</ele>
      </trkpt>
      <trkpt lat="49.30972" lon="22.38343">
        <ele>537.3</ele>
      </trkpt>
      <trkpt lat="49.30983" lon="22.38345">
        <ele>537.3</ele>
      </trkpt>
      <trkpt lat="49.30987" lon="22.38349">
        <ele>537.3</ele>
      </trkpt>
      <trkpt lat="49.3099" lon="22.38357">
        <ele>537.3</ele>
      </trkpt>
      <trkpt lat="49.30989" lon="22.38383">
        <ele>537.0</ele>
      </trkpt>
      <trkpt lat="49.30984" lon="22.38424">
        <ele>535.5</ele>
      </trkpt>
      <trkpt lat="49.30963" lon="22.3852">
        <ele>531.6</ele>
      </trkpt>
      <trkpt lat="49.30957" lon="22.38586">
        <ele>527.9</ele>
      </trkpt>
      <trkpt lat="49.30963" lon="22.38615">
        <ele>525.1</ele>
      </trkpt>
      <trkpt lat="49.30999" lon="22.38658">
        <ele>520.0</ele>
      </trkpt>
      <trkpt lat="49.31035" lon="22.38711">
        <ele>515.6</ele>
      </trkpt>
      <trkpt lat="49.31071" lon="22.38764">
        <ele>510.6</ele>
      </trkpt>
      <trkpt lat="49.31082" lon="22.388">
        <ele>509.0</ele>
      </trkpt>
      <trkpt lat="49.31097" lon="22.38827">
        <ele>506.4</ele>
      </trkpt>
      <trkpt lat="49.31142" lon="22.38873">
        <ele>500.6</ele>
      </trkpt>
      <trkpt lat="49.31164" lon="22.38906">
        <ele>498.8</ele>
      </trkpt>
      <trkpt lat="49.311885" lon="22.39009">
        <ele>491.8</ele>
      </trkpt>
      <trkpt lat="49.31213" lon="22.39112">
        <ele>486.7</ele>
      </trkpt>
      <trkpt lat="49.312385" lon="22.391855">
        <ele>486.1</ele>
      </trkpt>
      <trkpt lat="49.31264" lon="22.39259">
        <ele>488.8</ele>
      </trkpt>
      <trkpt lat="49.31275" lon="22.39268">
        <ele>489.8</ele>
      </trkpt>
      <trkpt lat="49.3129" lon="22.39265">
        <ele>490.5</ele>
      </trkpt>
      <trkpt lat="49.31303" lon="22.39234">
        <ele>491.8</ele>
      </trkpt>
      <trkpt lat="49.31316" lon="22.39165">
        <ele>492.6</ele>
      </trkpt>
      <trkpt lat="49.313415" lon="22.391065">
        <ele>492.3</ele>
      </trkpt>
      <trkpt lat="49.31367" lon="22.39048">
        <ele>492.4</ele>
      </trkpt>
      <trkpt lat="49.31385" lon="22.39033">
        <ele>492.8</ele>
      </trkpt>
      <trkpt lat="49.31408" lon="22.39017">
        <ele>492.8</ele>
      </trkpt>
      <trkpt lat="49.31468" lon="22.38943">
        <ele>492.8</ele>
      </trkpt>
      <trkpt lat="49.31488" lon="22.3894">
        <ele>493.3</ele>
      </trkpt>
      <trkpt lat="49.315" lon="22.38943">
        <ele>493.7</ele>
      </trkpt>
      <trkpt lat="49.31505" lon="22.38965">
        <ele>494.5</ele>
      </trkpt>
      <trkpt lat="49.31503" lon="22.39056">
        <ele>501.2</ele>
      </trkpt>
      <trkpt lat="49.314965" lon="22.391325">
        <ele>505.2</ele>
      </trkpt>
      <trkpt lat="49.3149" lon="22.39209">
        <ele>511.4</ele>
      </trkpt>
      <trkpt lat="49.31502" lon="22.39323">
        <ele>517.7</ele>
      </trkpt>
      <trkpt lat="49.31501" lon="22.39433">
        <ele>528.0</ele>
      </trkpt>
      <trkpt lat="49.31517" lon="22.39509">
        <ele>533.1</ele>
      </trkpt>
      <trkpt lat="49.3154" lon="22.39578">
        <ele>538.7</ele>
      </trkpt>
      <trkpt lat="49.31566" lon="22.39616">
        <ele>541.7</ele>
      </trkpt>
      <trkpt lat="49.31582" lon="22.39624">
        <ele>542.7</ele>
      </trkpt>
      <trkpt lat="49.31602" lon="22.39629">
        <ele>543.1</ele>
      </trkpt>
      <trkpt lat="49.31634" lon="22.396">
        <ele>540.1</ele>
      </trkpt>
      <trkpt lat="49.31642" lon="22.39589">
        <ele>540.1</ele>
      </trkpt>
      <trkpt lat="49.31698" lon="22.39517">
        <ele>533.9</ele>
      </trkpt>
      <trkpt lat="49.31714" lon="22.39499">
        <ele>533.4</ele>
      </trkpt>
      <trkpt lat="49.31728" lon="22.39493">
        <ele>532.1</ele>
      </trkpt>
      <trkpt lat="49.31803" lon="22.39494">
        <ele>527.2</ele>
      </trkpt>
      <trkpt lat="49.3184" lon="22.39502">
        <ele>526.1</ele>
      </trkpt>
      <trkpt lat="49.3185" lon="22.39499">
        <ele>525.7</ele>
      </trkpt>
      <trkpt lat="49.31858" lon="22.39489">
        <ele>525.7</ele>
      </trkpt>
      <trkpt lat="49.31865" lon="22.39472">
        <ele>525.7</ele>
      </trkpt>
      <trkpt lat="49.3188" lon="22.39404">
        <ele>523.0</ele>
      </trkpt>
      <trkpt lat="49.3189" lon="22.39384">
        <ele>522.8</ele>
      </trkpt>
      <trkpt lat="49.31901" lon="22.39376">
        <ele>522.7</ele>
      </trkpt>
      <trkpt lat="49.31917" lon="22.39372">
        <ele>522.6</ele>
      </trkpt>
      <trkpt lat="49.3193" lon="22.39365">
        <ele>522.0</ele>
      </trkpt>
      <trkpt lat="49.31993" lon="22.39317">
        <ele>518.5</ele>
      </trkpt>
      <trkpt lat="49.32003" lon="22.39317">
        <ele>518.2</ele>
      </trkpt>
      <trkpt lat="49.32011" lon="22.39321">
        <ele>518.2</ele>
      </trkpt>
      <trkpt lat="49.32017" lon="22.39329">
        <ele>518.0</ele>
      </trkpt>
      <trkpt lat="49.32015" lon="22.39353">
        <ele>517.2</ele>
      </trkpt>
      <trkpt lat="49.31987" lon="22.394095">
        <ele>514.7</ele>
      </trkpt>
      <trkpt lat="49.31959" lon="22.39466">
        <ele>511.1</ele>
      </trkpt>
      <trkpt lat="49.31954" lon="22.39485">
        <ele>510.4</ele>
      </trkpt>
      <trkpt lat="49.31951" lon="22.39542">
        <ele>508.0</ele>
      </trkpt>
      <trkpt lat="49.31954" lon="22.39582">
        <ele>507.2</ele>
      </trkpt>
      <trkpt lat="49.31958" lon="22.39598">
        <ele>506.4</ele>
      </trkpt>
      <trkpt lat="49.31969" lon="22.39614">
        <ele>504.5</ele>
      </trkpt>
      <trkpt lat="49.32001" lon="22.39639">
        <ele>502.5</ele>
      </trkpt>
      <trkpt lat="49.32005" lon="22.39647">
        <ele>502.5</ele>
      </trkpt>
      <trkpt lat="49.32005" lon="22.3966">
        <ele>502.7</ele>
      </trkpt>
      <trkpt lat="49.32002" lon="22.39672">
        <ele>503.1</ele>
      </trkpt>
      <trkpt lat="49.3196" lon="22.39752">
        <ele>506.6</ele>
      </trkpt>
      <trkpt lat="49.31953" lon="22.39771">
        <ele>505.6</ele>
      </trkpt>
      <trkpt lat="49.3195" lon="22.39796">
        <ele>504.5</ele>
      </trkpt>
      <trkpt lat="49.31954" lon="22.39911">
        <ele>496.4</ele>
      </trkpt>
      <trkpt lat="49.31959" lon="22.39934">
        <ele>495.3</ele>
      </trkpt>
      <trkpt lat="49.31967" lon="22.3996">
        <ele>492.3</ele>
      </trkpt>
      <trkpt lat="49.31983" lon="22.39995">
        <ele>487.4</ele>
      </trkpt>
      <trkpt lat="49.31996" lon="22.4002">
        <ele>485.4</ele>
      </trkpt>
      <trkpt lat="49.32015" lon="22.40048">
        <ele>482.3</ele>
      </trkpt>
      <trkpt lat="49.32051" lon="22.40092">
        <ele>476.7</ele>
      </trkpt>
      <trkpt lat="49.3207" lon="22.4012">
        <ele>474.9</ele>
      </trkpt>
      <trkpt lat="49.32081" lon="22.40141">
        <ele>473.0</ele>
      </trkpt>
      <trkpt lat="49.32108" lon="22.40213">
        <ele>468.4</ele>
      </trkpt>
      <trkpt lat="49.32113" lon="22.40236">
        <ele>465.8</ele>
      </trkpt>
      <trkpt lat="49.32123" lon="22.40314">
        <ele>461.6</ele>
      </trkpt>
      <trkpt lat="49.32123" lon="22.40342">
        <ele>459.1</ele>
      </trkpt>
      <trkpt lat="49.32121" lon="22.40364">
        <ele>459.1</ele>
      </trkpt>
      <trkpt lat="49.32114" lon="22.40389">
        <ele>457.1</ele>
      </trkpt>
      <trkpt lat="49.32107" lon="22.40392">
        <ele>456.5</ele>
      </trkpt>
      <trkpt lat="49.32099" lon="22.40393">
        <ele>455.9</ele>
      </trkpt>
      <trkpt lat="49.32092" lon="22.404">
        <ele>455.4</ele>
      </trkpt>
      <trkpt lat="49.32079" lon="22.40428">
        <ele>454.5</ele>
      </trkpt>
      <trkpt lat="49.32068" lon="22.40441">
        <ele>454.0</ele>
      </trkpt>
      <trkpt lat="49.32022" lon="22.40476">
        <ele>452.8</ele>
      </trkpt>
      <trkpt lat="49.3199" lon="22.40508">
        <ele>451.8</ele>
      </trkpt>
      <trkpt lat="49.31951" lon="22.40552">
        <ele>450.5</ele>
      </trkpt>
      <trkpt lat="49.318875" lon="22.406475">
        <ele>448.9</ele>
      </trkpt>
      <trkpt lat="49.31824" lon="22.40743">
        <ele>446.5</ele>
      </trkpt>
      <trkpt lat="49.3177" lon="22.40836">
        <ele>443.7</ele>
      </trkpt>
      <trkpt lat="49.31763" lon="22.40843">
        <ele>443.2</ele>
      </trkpt>
      <trkpt lat="49.3175" lon="22.40849">
        <ele>442.1</ele>
      </trkpt>
      <trkpt lat="49.31744" lon="22.40855">
        <ele>442.1</ele>
      </trkpt>
      <trkpt lat="49.31739" lon="22.40864">
        <ele>441.7</ele>
      </trkpt>
      <trkpt lat="49.31733" lon="22.40881">
        <ele>441.3</ele>
      </trkpt>
      <trkpt lat="49.31726" lon="22.4092">
        <ele>439.8</ele>
      </trkpt>
      <trkpt lat="49.3172" lon="22.4093">
        <ele>439.8</ele>
      </trkpt>
      <trkpt lat="49.31716" lon="22.40935">
        <ele>438.6</ele>
      </trkpt>
      <trkpt lat="49.31709" lon="22.40936">
        <ele>438.6</ele>
      </trkpt>
      <trkpt lat="49.31646" lon="22.40922">
        <ele>434.4</ele>
      </trkpt>
      <trkpt lat="49.31621" lon="22.4092">
        <ele>435.0</ele>
      </trkpt>
      <trkpt lat="49.31601" lon="22.40922">
        <ele>435.2</ele>
      </trkpt>
      <trkpt lat="49.3156" lon="22.40933">
        <ele>434.3</ele>
      </trkpt>
      <trkpt lat="49.31529" lon="22.40937">
        <ele>433.0</ele>
      </trkpt>
      <trkpt lat="49.31499" lon="22.40931">
        <ele>430.0</ele>
      </trkpt>
      <trkpt lat="49.31481" lon="22.40925">
        <ele>428.9</ele>
      </trkpt>
      <trkpt lat="49.31449" lon="22.40908">
        <ele>427.0</ele>
      </trkpt>
      <trkpt lat="49.31419" lon="22.40909">
        <ele>428.0</ele>
      </trkpt>
      <trkpt lat="49.31403" lon="22.40915">
        <ele>428.6</ele>
      </trkpt>
      <trkpt lat="49.31383" lon="22.40943">
        <ele>430.7</ele>
      </trkpt>
      <trkpt lat="49.31365" lon="22.40975">
        <ele>432.6</ele>
      </trkpt>
      <trkpt lat="49.31327" lon="22.41037">
        <ele>433.0</ele>
      </trkpt>
      <trkpt lat="49.31311" lon="22.41058">
        <ele>431.9</ele>
      </trkpt>
      <trkpt lat="49.31307" lon="22.41066">
        <ele>431.3</ele>
      </trkpt>
      <trkpt lat="49.31305" lon="22.41078">
        <ele>431.3</ele>
      </trkpt>
      <trkpt lat="49.31331" lon="22.41091">
        <ele>430.0</ele>
      </trkpt>
      <trkpt lat="49.314092" lon="22.411365">
        <ele>427.8</ele>
      </trkpt>
      <trkpt lat="49.314873" lon="22.41182">
        <ele>426.9</ele>
      </trkpt>
      <trkpt lat="49.315655" lon="22.412275">
        <ele>426.1</ele>
      </trkpt>
      <trkpt lat="49.316437" lon="22.41273">
        <ele>425.3</ele>
      </trkpt>
      <trkpt lat="49.317218" lon="22.413185">
        <ele>424.9</ele>
      </trkpt>
      <trkpt lat="49.318" lon="22.41364">
        <ele>425.3</ele>
      </trkpt>
      <trkpt lat="49.31846" lon="22.41392">
        <ele>426.3</ele>
      </trkpt>
      <trkpt lat="49.31892" lon="22.4142">
        <ele>427.3</ele>
      </trkpt>
      <trkpt lat="49.31951" lon="22.41453">
        <ele>428.5</ele>
      </trkpt>
      <trkpt lat="49.31991" lon="22.41471">
        <ele>429.8</ele>
      </trkpt>
      <trkpt lat="49.32076" lon="22.415035">
        <ele>431.2</ele>
      </trkpt>
      <trkpt lat="49.32161" lon="22.41536">
        <ele>433.4</ele>
      </trkpt>
      <trkpt lat="49.32193" lon="22.41542">
        <ele>433.7</ele>
      </trkpt>
      <trkpt lat="49.322723" lon="22.415482">
        <ele>434.4</ele>
      </trkpt>
      <trkpt lat="49.323515" lon="22.415545">
        <ele>435.7</ele>
      </trkpt>
      <trkpt lat="49.324308" lon="22.415607">
        <ele>437.1</ele>
      </trkpt>
      <trkpt lat="49.3251" lon="22.41567">
        <ele>437.5</ele>
      </trkpt>
      <trkpt lat="49.32547" lon="22.41581">
        <ele>437.6</ele>
      </trkpt>
      <trkpt lat="49.32558" lon="22.41591">
        <ele>437.7</ele>
      </trkpt>
      <trkpt lat="49.326065" lon="22.416465">
        <ele>438.9</ele>
      </trkpt>
      <trkpt lat="49.32655" lon="22.41702">
        <ele>442.6</ele>
      </trkpt>
      <trkpt lat="49.32666" lon="22.41712">
        <ele>443.2</ele>
      </trkpt>
      <trkpt lat="49.3268" lon="22.41723">
        <ele>444.6</ele>
      </trkpt>
      <trkpt lat="49.32719" lon="22.41743">
        <ele>445.9</ele>
      </trkpt>
      <trkpt lat="49.32741" lon="22.41752">
        <ele>446.3</ele>
      </trkpt>
      <trkpt lat="49.32761" lon="22.41763">
        <ele>446.4</ele>
      </trkpt>
      <trkpt lat="49.3278" lon="22.41776">
        <ele>446.4</ele>
      </trkpt>
      <trkpt lat="49.32815" lon="22.41812">
        <ele>445.7</ele>
      </trkpt>
      <trkpt lat="49.328565" lon="22.41864">
        <ele>445.2</ele>
      </trkpt>
      <trkpt lat="49.32898" lon="22.41916">
        <ele>444.9</ele>
      </trkpt>
      <trkpt lat="49.32911" lon="22.41929">
        <ele>444.4</ele>
      </trkpt>
      <trkpt lat="49.32931" lon="22.41941">
        <ele>444.1</ele>
      </trkpt>
      <trkpt lat="49.32957" lon="22.41945">
        <ele>443.2</ele>
      </trkpt>
      <trkpt lat="49.32979" lon="22.41942">
        <ele>442.5</ele>
      </trkpt>
      <trkpt lat="49.33" lon="22.41934">
        <ele>441.1</ele>
      </trkpt>
      <trkpt lat="49.33015" lon="22.41924">
        <ele>440.1</ele>
      </trkpt>
      <trkpt lat="49.33032" lon="22.41905">
        <ele>439.1</ele>
      </trkpt>
      <trkpt lat="49.33049" lon="22.41881">
        <ele>436.9</ele>
      </trkpt>
      <trkpt lat="49.330997" lon="22.418063">
        <ele>433.4</ele>
      </trkpt>
      <trkpt lat="49.331503" lon="22.417317">
        <ele>428.4</ele>
      </trkpt>
      <trkpt lat="49.33201" lon="22.41657">
        <ele>425.1</ele>
      </trkpt>
      <trkpt lat="49.33226" lon="22.41627">
        <ele>424.9</ele>
      </trkpt>
      <trkpt lat="49.33246" lon="22.41613">
        <ele>424.7</ele>
      </trkpt>
      <trkpt lat="49.33275" lon="22.41602">
        <ele>424.4</ele>
      </trkpt>
      <trkpt lat="49.33287" lon="22.41602">
        <ele>424.3</ele>
      </trkpt>
      <trkpt lat="49.3331" lon="22.41606">
        <ele>424.0</ele>
      </trkpt>
      <trkpt lat="49.33334" lon="22.4162">
        <ele>424.0</ele>
      </trkpt>
      <trkpt lat="49.3335" lon="22.41635">
        <ele>424.2</ele>
      </trkpt>
      <trkpt lat="49.33361" lon="22.4165">
        <ele>424.4</ele>
      </trkpt>
      <trkpt lat="49.33375" lon="22.41672">
        <ele>424.8</ele>
      </trkpt>
      <trkpt lat="49.33383" lon="22.41692">
        <ele>425.2</ele>
      </trkpt>
      <trkpt lat="49.33391" lon="22.41728">
        <ele>426.3</ele>
      </trkpt>
      <trkpt lat="49.33395" lon="22.41766">
        <ele>428.5</ele>
      </trkpt>
      <trkpt lat="49.33395" lon="22.41782">
        <ele>429.4</ele>
      </trkpt>
      <trkpt lat="49.33391" lon="22.41814">
        <ele>429.9</ele>
      </trkpt>
      <trkpt lat="49.33376" lon="22.41863">
        <ele>432.3</ele>
      </trkpt>
      <trkpt lat="49.333303" lon="22.41962">
        <ele>438.4</ele>
      </trkpt>
      <trkpt lat="49.332847" lon="22.42061">
        <ele>441.1</ele>
      </trkpt>
      <trkpt lat="49.33239" lon="22.4216">
        <ele>443.5</ele>
      </trkpt>
      <trkpt lat="49.33232" lon="22.42178">
        <ele>443.5</ele>
      </trkpt>
      <trkpt lat="49.33223" lon="22.42218">
        <ele>444.8</ele>
      </trkpt>
      <trkpt lat="49.33222" lon="22.42261">
        <ele>445.9</ele>
      </trkpt>
      <trkpt lat="49.33229" lon="22.423465">
        <ele>451.6</ele>
      </trkpt>
      <trkpt lat="49.33236" lon="22.42432">
        <ele>455.6</ele>
      </trkpt>
      <trkpt lat="49.3324" lon="22.4249">
        <ele>458.9</ele>
      </trkpt>
      <trkpt lat="49.33246" lon="22.42522">
        <ele>459.7</ele>
      </trkpt>
      <trkpt lat="49.33258" lon="22.42549">
        <ele>462.0</ele>
      </trkpt>
      <trkpt lat="49.33268" lon="22.42561">
        <ele>462.0</ele>
      </trkpt>
      <trkpt lat="49.33288" lon="22.42575">
        <ele>464.3</ele>
      </trkpt>
      <trkpt lat="49.33303" lon="22.42578">
        <ele>465.3</ele>
      </trkpt>
      <trkpt lat="49.3332" lon="22.42577">
        <ele>466.6</ele>
      </trkpt>
      <trkpt lat="49.333935" lon="22.425635">
        <ele>474.3</ele>
      </trkpt>
      <trkpt lat="49.33467" lon="22.4255">
        <ele>479.4</ele>
      </trkpt>
      <trkpt lat="49.33497" lon="22.4255">
        <ele>480.7</ele>
      </trkpt>
      <trkpt lat="49.33513" lon="22.42555">
        <ele>480.7</ele>
      </trkpt>
      <trkpt lat="49.335805" lon="22.42592">
        <ele>483.3</ele>
      </trkpt>
      <trkpt lat="49.33648" lon="22.42629">
        <ele>484.0</ele>
      </trkpt>
      <trkpt lat="49.33686" lon="22.42648">
        <ele>486.5</ele>
      </trkpt>
      <trkpt lat="49.33698" lon="22.4265">
        <ele>486.8</ele>
      </trkpt>
      <trkpt lat="49.3371" lon="22.42649">
        <ele>488.8</ele>
      </trkpt>
      <trkpt lat="49.33723" lon="22.42643">
        <ele>488.8</ele>
      </trkpt>
      <trkpt lat="49.33739" lon="22.42632">
        <ele>491.7</ele>
      </trkpt>
      <trkpt lat="49.3375" lon="22.4262">
        <ele>491.7</ele>
      </trkpt>
      <trkpt lat="49.3376" lon="22.42602">
        <ele>493.9</ele>
      </trkpt>
      <trkpt lat="49.33769" lon="22.42555">
        <ele>496.8</ele>
      </trkpt>
      <trkpt lat="49.33769" lon="22.42537">
        <ele>498.1</ele>
      </trkpt>
      <trkpt lat="49.33765" lon="22.42514">
        <ele>499.1</ele>
      </trkpt>
      <trkpt lat="49.33754" lon="22.42482">
        <ele>500.6</ele>
      </trkpt>
      <trkpt lat="49.33725" lon="22.42414">
        <ele>503.8</ele>
      </trkpt>
      <trkpt lat="49.33709" lon="22.42367">
        <ele>504.8</ele>
      </trkpt>
      <trkpt lat="49.33705" lon="22.42342">
        <ele>505.1</ele>
      </trkpt>
      <trkpt lat="49.33704" lon="22.42324">
        <ele>505.1</ele>
      </trkpt>
      <trkpt lat="49.33706" lon="22.42307">
        <ele>505.4</ele>
      </trkpt>
      <trkpt lat="49.33713" lon="22.42275">
        <ele>505.4</ele>
      </trkpt>
      <trkpt lat="49.33745" lon="22.42176">
        <ele>506.6</ele>
      </trkpt>
      <trkpt lat="49.33777" lon="22.42077">
        <ele>508.4</ele>
      </trkpt>
      <trkpt lat="49.33809" lon="22.41978">
        <ele>513.6</ele>
      </trkpt>
      <trkpt lat="49.33832" lon="22.41911">
        <ele>516.0</ele>
      </trkpt>
      <trkpt lat="49.33855" lon="22.41844">
        <ele>516.6</ele>
      </trkpt>
      <trkpt lat="49.3387" lon="22.41818">
        <ele>516.7</ele>
      </trkpt>
      <trkpt lat="49.33891" lon="22.41795">
        <ele>517.2</ele>
      </trkpt>
      <trkpt lat="49.33905" lon="22.41784">
        <ele>517.7</ele>
      </trkpt>
      <trkpt lat="49.33924" lon="22.41777">
        <ele>518.9</ele>
      </trkpt>
      <trkpt lat="49.33942" lon="22.41774">
        <ele>519.8</ele>
      </trkpt>
      <trkpt lat="49.33962" lon="22.41776">
        <ele>521.4</ele>
      </trkpt>
      <trkpt lat="49.340375" lon="22.4179">
        <ele>528.5</ele>
      </trkpt>
      <trkpt lat="49.34113" lon="22.41804">
        <ele>533.2</ele>
      </trkpt>
      <trkpt lat="49.34163" lon="22.41809">
        <ele>536.6</ele>
      </trkpt>
      <trkpt lat="49.34197" lon="22.41803">
        <ele>538.1</ele>
      </trkpt>
      <trkpt lat="49.34228" lon="22.41789">
        <ele>539.1</ele>
      </trkpt>
      <trkpt lat="49.34248" lon="22.41772">
        <ele>541.5</ele>
      </trkpt>
      <trkpt lat="49.34264" lon="22.41754">
        <ele>541.5</ele>
      </trkpt>
      <trkpt lat="49.3429" lon="22.41717">
        <ele>543.5</ele>
      </trkpt>
      <trkpt lat="49.34311" lon="22.41673">
        <ele>545.1</ele>
      </trkpt>
      <trkpt lat="49.34326" lon="22.41626">
        <ele>546.2</ele>
      </trkpt>
      <trkpt lat="49.34332" lon="22.41601">
        <ele>546.5</ele>
      </trkpt>
      <trkpt lat="49.343513" lon="22.41497">
        <ele>546.3</ele>
      </trkpt>
      <trkpt lat="49.343707" lon="22.41393">
        <ele>546.7</ele>
      </trkpt>
      <trkpt lat="49.3439" lon="22.41289">
        <ele>549.4</ele>
      </trkpt>
      <trkpt lat="49.34402" lon="22.41251">
        <ele>549.9</ele>
      </trkpt>
      <trkpt lat="49.34424" lon="22.41217">
        <ele>551.9</ele>
      </trkpt>
      <trkpt lat="49.3444" lon="22.41203">
        <ele>552.5</ele>
      </trkpt>
      <trkpt lat="49.34451" lon="22.41196">
        <ele>552.5</ele>
      </trkpt>
      <trkpt lat="49.3447" lon="22.41191">
        <ele>552.3</ele>
      </trkpt>
      <trkpt lat="49.34498" lon="22.4119">
        <ele>551.0</ele>
      </trkpt>
      <trkpt lat="49.34586" lon="22.411935">
        <ele>543.7</ele>
      </trkpt>
      <trkpt lat="49.34674" lon="22.41197">
        <ele>535.9</ele>
      </trkpt>
      <trkpt lat="49.347555" lon="22.412105">
        <ele>528.1</ele>
      </trkpt>
      <trkpt lat="49.34837" lon="22.41224">
        <ele>524.7</ele>
      </trkpt>
      <trkpt lat="49.34853" lon="22.4123">
        <ele>523.3</ele>
      </trkpt>
      <trkpt lat="49.34867" lon="22.4124">
        <ele>523.3</ele>
      </trkpt>
      <trkpt lat="49.34891" lon="22.41265">
        <ele>520.5</ele>
      </trkpt>
      <trkpt lat="49.34901" lon="22.4128">
        <ele>516.6</ele>
      </trkpt>
      <trkpt lat="49.349417" lon="22.413567">
        <ele>512.6</ele>
      </trkpt>
      <trkpt lat="49.349823" lon="22.414333">
        <ele>507.0</ele>
      </trkpt>
      <trkpt lat="49.35023" lon="22.4151">
        <ele>502.8</ele>
      </trkpt>
      <trkpt lat="49.35075" lon="22.4161">
        <ele>498.6</ele>
      </trkpt>
      <trkpt lat="49.35127" lon="22.4171">
        <ele>489.1</ele>
      </trkpt>
      <trkpt lat="49.35137" lon="22.41722">
        <ele>489.1</ele>
      </trkpt>
      <trkpt lat="49.35159" lon="22.41736">
        <ele>486.9</ele>
      </trkpt>
      <trkpt lat="49.35171" lon="22.4174">
        <ele>485.0</ele>
      </trkpt>
      <trkpt lat="49.35186" lon="22.41738">
        <ele>483.5</ele>
      </trkpt>
      <trkpt lat="49.35197" lon="22.41735">
        <ele>481.9</ele>
      </trkpt>
      <trkpt lat="49.35219" lon="22.41713">
        <ele>477.9</ele>
      </trkpt>
      <trkpt lat="49.35248" lon="22.41664">
        <ele>474.9</ele>
      </trkpt>
      <trkpt lat="49.35254" lon="22.41649">
        <ele>474.1</ele>
      </trkpt>
      <trkpt lat="49.35261" lon="22.41624">
        <ele>471.4</ele>
      </trkpt>
      <trkpt lat="49.35262" lon="22.41597">
        <ele>471.4</ele>
      </trkpt>
      <trkpt lat="49.3526" lon="22.41577">
        <ele>469.3</ele>
      </trkpt>
      <trkpt lat="49.35256" lon="22.41559">
        <ele>469.3</ele>
      </trkpt>
      <trkpt lat="49.35238" lon="22.41527">
        <ele>466.8</ele>
      </trkpt>
      <trkpt lat="49.35215" lon="22.4151">
        <ele>465.5</ele>
      </trkpt>
      <trkpt lat="49.35152" lon="22.41502">
        <ele>462.7</ele>
      </trkpt>
      <trkpt lat="49.35141" lon="22.41496">
        <ele>462.5</ele>
      </trkpt>
      <trkpt lat="49.35138" lon="22.4149">
        <ele>462.2</ele>
      </trkpt>
      <trkpt lat="49.35137" lon="22.41472">
        <ele>461.8</ele>
      </trkpt>
      <trkpt lat="49.3514" lon="22.41463">
        <ele>461.4</ele>
      </trkpt>
      <trkpt lat="49.35145" lon="22.41455">
        <ele>461.4</ele>
      </trkpt>
      <trkpt lat="49.35153" lon="22.41452">
        <ele>460.2</ele>
      </trkpt>
      <trkpt lat="49.35163" lon="22.41452">
        <ele>460.2</ele>
      </trkpt>
      <trkpt lat="49.35224" lon="22.41474">
        <ele>457.5</ele>
      </trkpt>
      <trkpt lat="49.35238" lon="22.41482">
        <ele>457.0</ele>
      </trkpt>
      <trkpt lat="49.35285" lon="22.415195">
        <ele>453.6</ele>
      </trkpt>
      <trkpt lat="49.35332" lon="22.41557">
        <ele>449.0</ele>
      </trkpt>
      <trkpt lat="49.35378" lon="22.41591">
        <ele>441.9</ele>
      </trkpt>
      <trkpt lat="49.354568" lon="22.41621">
        <ele>438.0</ele>
      </trkpt>
      <trkpt lat="49.355355" lon="22.41651">
        <ele>436.6</ele>
      </trkpt>
      <trkpt lat="49.356143" lon="22.41681">
        <ele>428.6</ele>
      </trkpt>
      <trkpt lat="49.35693" lon="22.41711">
        <ele>423.5</ele>
      </trkpt>
      <trkpt lat="49.35705" lon="22.41717">
        <ele>423.0</ele>
      </trkpt>
      <trkpt lat="49.35724" lon="22.41733">
        <ele>422.1</ele>
      </trkpt>
      <trkpt lat="49.35735" lon="22.41746">
        <ele>421.9</ele>
      </trkpt>
      <trkpt lat="49.35747" lon="22.41765">
        <ele>421.7</ele>
      </trkpt>
      <trkpt lat="49.35761" lon="22.41801">
        <ele>421.9</ele>
      </trkpt>
      <trkpt lat="49.35768" lon="22.41832">
        <ele>422.3</ele>
      </trkpt>
      <trkpt lat="49.357813" lon="22.419587">
        <ele>424.5</ele>
      </trkpt>
      <trkpt lat="49.357945" lon="22.420855">
        <ele>429.4</ele>
      </trkpt>
      <trkpt lat="49.358078" lon="22.422122">
        <ele>438.4</ele>
      </trkpt>
      <trkpt lat="49.35821" lon="22.42339">
        <ele>444.0</ele>
      </trkpt>
      <trkpt lat="49.35826" lon="22.42364">
        <ele>445.3</ele>
      </trkpt>
      <trkpt lat="49.35835" lon="22.42392">
        <ele>448.2</ele>
      </trkpt>
      <trkpt lat="49.35843" lon="22.42407">
        <ele>449.4</ele>
      </trkpt>
      <trkpt lat="49.35858" lon="22.42429">
        <ele>451.1</ele>
      </trkpt>
      <trkpt lat="49.35866" lon="22.42438">
        <ele>451.7</ele>
      </trkpt>
      <trkpt lat="49.35882" lon="22.4245">
        <ele>452.1</ele>
      </trkpt>
      <trkpt lat="49.35911" lon="22.42465">
        <ele>451.7</ele>
      </trkpt>
      <trkpt lat="49.359808" lon="22.424957">
        <ele>445.4</ele>
      </trkpt>
      <trkpt lat="49.360505" lon="22.425265">
        <ele>437.0</ele>
      </trkpt>
      <trkpt lat="49.361203" lon="22.425572">
        <ele>435.4</ele>
      </trkpt>
      <trkpt lat="49.3619" lon="22.42588">
        <ele>441.7</ele>
      </trkpt>
      <trkpt lat="49.36223" lon="22.42599">
        <ele>446.1</ele>
      </trkpt>
      <trkpt lat="49.36248" lon="22.42602">
        <ele>447.9</ele>
      </trkpt>
      <trkpt lat="49.36263" lon="22.426">
        <ele>451.0</ele>
      </trkpt>
      <trkpt lat="49.36313" lon="22.42586">
        <ele>454.4</ele>
      </trkpt>
      <trkpt lat="49.36398" lon="22.42558">
        <ele>461.7</ele>
      </trkpt>
      <trkpt lat="49.36412" lon="22.42553">
        <ele>463.9</ele>
      </trkpt>
      <trkpt lat="49.36438" lon="22.42538">
        <ele>465.2</ele>
      </trkpt>
      <trkpt lat="49.36472" lon="22.42506">
        <ele>468.0</ele>
      </trkpt>
      <trkpt lat="49.36494" lon="22.42476">
        <ele>470.5</ele>
      </trkpt>
      <trkpt lat="49.36545" lon="22.42376">
        <ele>475.2</ele>
      </trkpt>
      <trkpt lat="49.36569" lon="22.42337">
        <ele>477.4</ele>
      </trkpt>
      <trkpt lat="49.366" lon="22.42299">
        <ele>481.2</ele>
      </trkpt>
      <trkpt lat="49.36645" lon="22.4226">
        <ele>485.2</ele>
      </trkpt>
      <trkpt lat="49.36655" lon="22.42254">
        <ele>485.9</ele>
      </trkpt>
      <trkpt lat="49.36699" lon="22.42234">
        <ele>488.6</ele>
      </trkpt>
      <trkpt lat="49.36761" lon="22.422087">
        <ele>490.4</ele>
      </trkpt>
      <trkpt lat="49.36823" lon="22.421833">
        <ele>492.4</ele>
      </trkpt>
      <trkpt lat="49.36885" lon="22.42158">
        <ele>494.8</ele>
      </trkpt>
      <trkpt lat="49.36912" lon="22.42144">
        <ele>495.7</ele>
      </trkpt>
      <trkpt lat="49.36931" lon="22.42131">
        <ele>496.8</ele>
      </trkpt>
      <trkpt lat="49.36949" lon="22.42126">
        <ele>497.0</ele>
      </trkpt>
      <trkpt lat="49.36955" lon="22.42131">
        <ele>497.0</ele>
      </trkpt>
      <trkpt lat="49.36963" lon="22.42129">
        <ele>497.2</ele>
      </trkpt>
      <trkpt lat="49.36966" lon="22.42125">
        <ele>497.5</ele>
      </trkpt>
      <trkpt lat="49.36973" lon="22.42106">
        <ele>497.9</ele>
      </trkpt>
      <trkpt lat="49.3698" lon="22.421">
        <ele>497.9</ele>
      </trkpt>
      <trkpt lat="49.36991" lon="22.42084">
        <ele>499.1</ele>
      </trkpt>
      <trkpt lat="49.37047" lon="22.420405">
        <ele>502.3</ele>
      </trkpt>
      <trkpt lat="49.37103" lon="22.41997">
        <ele>508.3</ele>
      </trkpt>
      <trkpt lat="49.371585" lon="22.419525">
        <ele>512.8</ele>
      </trkpt>
      <trkpt lat="49.37214" lon="22.41908">
        <ele>513.7</ele>
      </trkpt>
      <trkpt lat="49.3728" lon="22.41824">
        <ele>510.0</ele>
      </trkpt>
      <trkpt lat="49.37296" lon="22.41806">
        <ele>507.4</ele>
      </trkpt>
      <trkpt lat="49.37304" lon="22.418">
        <ele>507.4</ele>
      </trkpt>
      <trkpt lat="49.37329" lon="22.41791">
        <ele>502.3</ele>
      </trkpt>
      <trkpt lat="49.37352" lon="22.41789">
        <ele>502.3</ele>
      </trkpt>
      <trkpt lat="49.374163" lon="22.41792">
        <ele>495.0</ele>
      </trkpt>
      <trkpt lat="49.374807" lon="22.41795">
        <ele>488.6</ele>
      </trkpt>
      <trkpt lat="49.37545" lon="22.41798">
        <ele>482.3</ele>
      </trkpt>
      <trkpt lat="49.37562" lon="22.41794">
        <ele>481.7</ele>
      </trkpt>
      <trkpt lat="49.37587" lon="22.41779">
        <ele>481.4</ele>
      </trkpt>
      <trkpt lat="49.37601" lon="22.41765">
        <ele>481.4</ele>
      </trkpt>
      <trkpt lat="49.37622" lon="22.41749">
        <ele>481.3</ele>
      </trkpt>
      <trkpt lat="49.37633" lon="22.41743">
        <ele>481.1</ele>
      </trkpt>
      <trkpt lat="49.37644" lon="22.41742">
        <ele>480.7</ele>
      </trkpt>
      <trkpt lat="49.37651" lon="22.41731">
        <ele>480.4</ele>
      </trkpt>
      <trkpt lat="49.37672" lon="22.41763">
        <ele>479.5</ele>
      </trkpt>
      <trkpt lat="49.37713" lon="22.41837">
        <ele>475.2</ele>
      </trkpt>
      <trkpt lat="49.37754" lon="22.41911">
        <ele>472.1</ele>
      </trkpt>
      <trkpt lat="49.37793" lon="22.41973">
        <ele>472.6</ele>
      </trkpt>
      <trkpt lat="49.37819" lon="22.42005">
        <ele>474.7</ele>
      </trkpt>
      <trkpt lat="49.37837" lon="22.42022">
        <ele>477.5</ele>
      </trkpt>
      <trkpt lat="49.37873" lon="22.4205">
        <ele>480.0</ele>
      </trkpt>
      <trkpt lat="49.37919" lon="22.42081">
        <ele>484.1</ele>
      </trkpt>
      <trkpt lat="49.379743" lon="22.4212">
        <ele>486.9</ele>
      </trkpt>
      <trkpt lat="49.380297" lon="22.42159">
        <ele>487.6</ele>
      </trkpt>
      <trkpt lat="49.38085" lon="22.42198">
        <ele>485.4</ele>
      </trkpt>
      <trkpt lat="49.38103" lon="22.42215">
        <ele>484.2</ele>
      </trkpt>
      <trkpt lat="49.3812" lon="22.42235">
        <ele>482.9</ele>
      </trkpt>
      <trkpt lat="49.38142" lon="22.42266">
        <ele>481.9</ele>
      </trkpt>
      <trkpt lat="49.38165" lon="22.42308">
        <ele>482.6</ele>
      </trkpt>
      <trkpt lat="49.38177" lon="22.42341">
        <ele>483.1</ele>
      </trkpt>
      <trkpt lat="49.38197" lon="22.42416">
        <ele>485.9</ele>
      </trkpt>
      <trkpt lat="49.38226" lon="22.4254">
        <ele>489.8</ele>
      </trkpt>
      <trkpt lat="49.38255" lon="22.42664">
        <ele>490.0</ele>
      </trkpt>
      <trkpt lat="49.38283" lon="22.42772">
        <ele>492.4</ele>
      </trkpt>
      <trkpt lat="49.383" lon="22.42816">
        <ele>495.4</ele>
      </trkpt>
      <trkpt lat="49.38309" lon="22.42835">
        <ele>496.0</ele>
      </trkpt>
      <trkpt lat="49.38323" lon="22.42856">
        <ele>497.9</ele>
      </trkpt>
      <trkpt lat="49.38343" lon="22.42875">
        <ele>498.6</ele>
      </trkpt>
      <trkpt lat="49.38374" lon="22.42892">
        <ele>500.1</ele>
      </trkpt>
      <trkpt lat="49.38454" lon="22.42925">
        <ele>503.4</ele>
      </trkpt>
      <trkpt lat="49.38469" lon="22.42933">
        <ele>503.7</ele>
      </trkpt>
      <trkpt lat="49.385175" lon="22.42971">
        <ele>505.9</ele>
      </trkpt>
      <trkpt lat="49.38566" lon="22.43009">
        <ele>508.5</ele>
      </trkpt>
      <trkpt lat="49.38619" lon="22.43048">
        <ele>509.3</ele>
      </trkpt>
      <trkpt lat="49.38636" lon="22.43059">
        <ele>508.9</ele>
      </trkpt>
      <trkpt lat="49.3866" lon="22.43071">
        <ele>508.0</ele>
      </trkpt>
      <trkpt lat="49.38686" lon="22.43079">
        <ele>506.5</ele>
      </trkpt>
      <trkpt lat="49.38718" lon="22.43083">
        <ele>503.9</ele>
      </trkpt>
      <trkpt lat="49.38753" lon="22.43082">
        <ele>501.5</ele>
      </trkpt>
      <trkpt lat="49.38839" lon="22.43075">
        <ele>494.3</ele>
      </trkpt>
      <trkpt lat="49.38925" lon="22.43068">
        <ele>492.3</ele>
      </trkpt>
      <trkpt lat="49.38997" lon="22.43064">
        <ele>492.1</ele>
      </trkpt>
      <trkpt lat="49.39039" lon="22.43063">
        <ele>491.0</ele>
      </trkpt>
      <trkpt lat="49.39113" lon="22.43068">
        <ele>490.4</ele>
      </trkpt>
      <trkpt lat="49.39138" lon="22.43075">
        <ele>491.9</ele>
      </trkpt>
      <trkpt lat="49.3915" lon="22.43084">
        <ele>493.0</ele>
      </trkpt>
      <trkpt lat="49.39156" lon="22.43092">
        <ele>494.3</ele>
      </trkpt>
      <trkpt lat="49.39166" lon="22.43111">
        <ele>495.1</ele>
      </trkpt>
      <trkpt lat="49.39178" lon="22.43148">
        <ele>497.2</ele>
      </trkpt>
      <trkpt lat="49.39181" lon="22.43171">
        <ele>497.8</ele>
      </trkpt>
      <trkpt lat="49.39181" lon="22.43194">
        <ele>498.2</ele>
      </trkpt>
      <trkpt lat="49.39179" lon="22.43213">
        <ele>498.9</ele>
      </trkpt>
      <trkpt lat="49.39159" lon="22.43303">
        <ele>497.8</ele>
      </trkpt>
      <trkpt lat="49.39155" lon="22.43346">
        <ele>496.2</ele>
      </trkpt>
      <trkpt lat="49.39157" lon="22.43369">
        <ele>494.9</ele>
      </trkpt>
      <trkpt lat="49.39166" lon="22.43407">
        <ele>493.9</ele>
      </trkpt>
      <trkpt lat="49.39175" lon="22.43425">
        <ele>493.5</ele>
      </trkpt>
      <trkpt lat="49.39201" lon="22.43451">
        <ele>493.4</ele>
      </trkpt>
      <trkpt lat="49.39228" lon="22.43463">
        <ele>493.5</ele>
      </trkpt>
      <trkpt lat="49.39297" lon="22.43477">
        <ele>493.8</ele>
      </trkpt>
      <trkpt lat="49.39366" lon="22.43491">
        <ele>493.4</ele>
      </trkpt>
      <trkpt lat="49.39419" lon="22.43504">
        <ele>491.1</ele>
      </trkpt>
      <trkpt lat="49.39457" lon="22.43507">
        <ele>488.9</ele>
      </trkpt>
      <trkpt lat="49.39472" lon="22.43504">
        <ele>488.3</ele>
      </trkpt>
      <trkpt lat="49.39487" lon="22.43497">
        <ele>487.8</ele>
      </trkpt>
      <trkpt lat="49.39507" lon="22.43478">
        <ele>487.2</ele>
      </trkpt>
      <trkpt lat="49.39571" lon="22.43396">
        <ele>485.5</ele>
      </trkpt>
      <trkpt lat="49.3958" lon="22.43391">
        <ele>485.1</ele>
      </trkpt>
      <trkpt lat="49.39592" lon="22.43391">
        <ele>484.6</ele>
      </trkpt>
      <trkpt lat="49.39599" lon="22.43397">
        <ele>484.6</ele>
      </trkpt>
      <trkpt lat="49.396" lon="22.43398">
        <ele>484.6</ele>
      </trkpt>
      <trkpt lat="49.39606" lon="22.43409">
        <ele>484.2</ele>
      </trkpt>
      <trkpt lat="49.39609" lon="22.4342">
        <ele>483.6</ele>
      </trkpt>
      <trkpt lat="49.39607" lon="22.43441">
        <ele>482.7</ele>
      </trkpt>
      <trkpt lat="49.39598" lon="22.43466">
        <ele>480.6</ele>
      </trkpt>
      <trkpt lat="49.39582" lon="22.43487">
        <ele>480.6</ele>
      </trkpt>
      <trkpt lat="49.39533" lon="22.43535">
        <ele>473.3</ele>
      </trkpt>
      <trkpt lat="49.39515" lon="22.43558">
        <ele>473.3</ele>
      </trkpt>
      <trkpt lat="49.39505" lon="22.43575">
        <ele>471.4</ele>
      </trkpt>
      <trkpt lat="49.39491" lon="22.43609">
        <ele>469.1</ele>
      </trkpt>
      <trkpt lat="49.39487" lon="22.43625">
        <ele>469.1</ele>
      </trkpt>
      <trkpt lat="49.39483" lon="22.43655">
        <ele>467.4</ele>
      </trkpt>
      <trkpt lat="49.39483" lon="22.43684">
        <ele>466.7</ele>
      </trkpt>
      <trkpt lat="49.39497" lon="22.4374">
        <ele>464.5</ele>
      </trkpt>
      <trkpt lat="49.39506" lon="22.43761">
        <ele>464.0</ele>
      </trkpt>
      <trkpt lat="49.39522" lon="22.43785">
        <ele>463.6</ele>
      </trkpt>
      <trkpt lat="49.39539" lon="22.43801">
        <ele>463.4</ele>
      </trkpt>
      <trkpt lat="49.39561" lon="22.4381">
        <ele>463.3</ele>
      </trkpt>
      <trkpt lat="49.39604" lon="22.43824">
        <ele>463.3</ele>
      </trkpt>
      <trkpt lat="49.39627" lon="22.43829">
        <ele>463.0</ele>
      </trkpt>
      <trkpt lat="49.39645" lon="22.43837">
        <ele>462.7</ele>
      </trkpt>
      <trkpt lat="49.39666" lon="22.43857">
        <ele>462.5</ele>
      </trkpt>
      <trkpt lat="49.39717" lon="22.43953">
        <ele>461.5</ele>
      </trkpt>
      <trkpt lat="49.39786" lon="22.4404">
        <ele>459.9</ele>
      </trkpt>
      <trkpt lat="49.39837" lon="22.44107">
        <ele>461.3</ele>
      </trkpt>
      <trkpt lat="49.39855" lon="22.44141">
        <ele>463.2</ele>
      </trkpt>
      <trkpt lat="49.39888" lon="22.44247">
        <ele>465.0</ele>
      </trkpt>
      <trkpt lat="49.39926" lon="22.44343">
        <ele>463.3</ele>
      </trkpt>
      <trkpt lat="49.39959" lon="22.444065">
        <ele>461.0</ele>
      </trkpt>
      <trkpt lat="49.39992" lon="22.4447">
        <ele>456.8</ele>
      </trkpt>
      <trkpt lat="49.40002" lon="22.44491">
        <ele>456.1</ele>
      </trkpt>
      <trkpt lat="49.40014" lon="22.44533">
        <ele>452.9</ele>
      </trkpt>
      <trkpt lat="49.40018" lon="22.44585">
        <ele>449.0</ele>
      </trkpt>
      <trkpt lat="49.40016" lon="22.44613">
        <ele>447.9</ele>
      </trkpt>
      <trkpt lat="49.40011" lon="22.44643">
        <ele>444.8</ele>
      </trkpt>
      <trkpt lat="49.39976" lon="22.44763">
        <ele>438.4</ele>
      </trkpt>
      <trkpt lat="49.39957" lon="22.44814">
        <ele>435.5</ele>
      </trkpt>
      <trkpt lat="49.39948" lon="22.44829">
        <ele>434.1</ele>
      </trkpt>
      <trkpt lat="49.39899" lon="22.44883">
        <ele>430.6</ele>
      </trkpt>
      <trkpt lat="49.39891" lon="22.44898">
        <ele>428.9</ele>
      </trkpt>
      <trkpt lat="49.39885" lon="22.44925">
        <ele>425.6</ele>
      </trkpt>
      <trkpt lat="49.39886" lon="22.44946">
        <ele>425.6</ele>
      </trkpt>
      <trkpt lat="49.39892" lon="22.44965">
        <ele>424.6</ele>
      </trkpt>
      <trkpt lat="49.39902" lon="22.44983">
        <ele>422.2</ele>
      </trkpt>
      <trkpt lat="49.39918" lon="22.44995">
        <ele>421.3</ele>
      </trkpt>
      <trkpt lat="49.39929" lon="22.44997">
        <ele>420.2</ele>
      </trkpt>
      <trkpt lat="49.39953" lon="22.44994">
        <ele>418.9</ele>
      </trkpt>
      <trkpt lat="49.3999" lon="22.44986">
        <ele>417.7</ele>
      </trkpt>
      <trkpt lat="49.40001" lon="22.44983">
        <ele>417.6</ele>
      </trkpt>
      <trkpt lat="49.40012" lon="22.44977">
        <ele>417.5</ele>
      </trkpt>
      <trkpt lat="49.40033" lon="22.44959">
        <ele>417.3</ele>
      </trkpt>
      <trkpt lat="49.40102" lon="22.44875">
        <ele>411.6</ele>
      </trkpt>
      <trkpt lat="49.40109" lon="22.44871">
        <ele>411.6</ele>
      </trkpt>
      <trkpt lat="49.40118" lon="22.44867">
        <ele>410.9</ele>
      </trkpt>
      <trkpt lat="49.4013" lon="22.44869">
        <ele>410.0</ele>
      </trkpt>
      <trkpt lat="49.40141" lon="22.44874">
        <ele>409.4</ele>
      </trkpt>
      <trkpt lat="49.40149" lon="22.44883">
        <ele>408.6</ele>
      </trkpt>
      <trkpt lat="49.40157" lon="22.44897">
        <ele>408.2</ele>
      </trkpt>
      <trkpt lat="49.40163" lon="22.44927">
        <ele>407.8</ele>
      </trkpt>
      <trkpt lat="49.40161" lon="22.44947">
        <ele>407.5</ele>
      </trkpt>
      <trkpt lat="49.40134" lon="22.45039">
        <ele>407.3</ele>
      </trkpt>
      <trkpt lat="49.40125" lon="22.45057">
        <ele>407.2</ele>
      </trkpt>
      <trkpt lat="49.40118" lon="22.45065">
        <ele>407.0</ele>
      </trkpt>
      <trkpt lat="49.40107" lon="22.4507">
        <ele>406.9</ele>
      </trkpt>
      <trkpt lat="49.40085" lon="22.45072">
        <ele>406.2</ele>
      </trkpt>
      <trkpt lat="49.400365" lon="22.4507">
        <ele>403.8</ele>
      </trkpt>
      <trkpt lat="49.39988" lon="22.45068">
        <ele>400.0</ele>
      </trkpt>
      <trkpt lat="49.39967" lon="22.4507">
        <ele>399.5</ele>
      </trkpt>
      <trkpt lat="49.39957" lon="22.45076">
        <ele>398.6</ele>
      </trkpt>
      <trkpt lat="49.39948" lon="22.45094">
        <ele>397.8</ele>
      </trkpt>
      <trkpt lat="49.39946" lon="22.4511">
        <ele>396.9</ele>
      </trkpt>
      <trkpt lat="49.39949" lon="22.45124">
        <ele>394.4</ele>
      </trkpt>
      <trkpt lat="49.39959" lon="22.45138">
        <ele>393.4</ele>
      </trkpt>
      <trkpt lat="49.39968" lon="22.45146">
        <ele>393.4</ele>
      </trkpt>
      <trkpt lat="49.40018" lon="22.45172">
        <ele>388.0</ele>
      </trkpt>
      <trkpt lat="49.40036" lon="22.45184">
        <ele>385.4</ele>
      </trkpt>
      <trkpt lat="49.40044" lon="22.45193">
        <ele>385.4</ele>
      </trkpt>
      <trkpt lat="49.40051" lon="22.45219">
        <ele>382.2</ele>
      </trkpt>
      <trkpt lat="49.40052" lon="22.45228">
        <ele>382.2</ele>
      </trkpt>
      <trkpt lat="49.40048" lon="22.45253">
        <ele>380.1</ele>
      </trkpt>
      <trkpt lat="49.40018" lon="22.4537">
        <ele>373.4</ele>
      </trkpt>
      <trkpt lat="49.40014" lon="22.45402">
        <ele>373.5</ele>
      </trkpt>
      <trkpt lat="49.40015" lon="22.45439">
        <ele>372.7</ele>
      </trkpt>
      <trkpt lat="49.40023" lon="22.45552">
        <ele>369.3</ele>
      </trkpt>
      <trkpt lat="49.40032" lon="22.45555">
        <ele>368.7</ele>
      </trkpt>
      <trkpt lat="49.40036" lon="22.45562">
        <ele>368.6</ele>
      </trkpt>
      <trkpt lat="49.40053" lon="22.45653">
        <ele>368.8</ele>
      </trkpt>
      <trkpt lat="49.4007" lon="22.45744">
        <ele>369.2</ele>
      </trkpt>
      <trkpt lat="49.40066" lon="22.45758">
        <ele>369.5</ele>
      </trkpt>
      <trkpt lat="49.40071" lon="22.45783">
        <ele>369.8</ele>
      </trkpt>
      <trkpt lat="49.40073" lon="22.45804">
        <ele>370.3</ele>
      </trkpt>
      <trkpt lat="49.400905" lon="22.45892">
        <ele>371.0</ele>
      </trkpt>
      <trkpt lat="49.40108" lon="22.4598">
        <ele>371.8</ele>
      </trkpt>
      <trkpt lat="49.40106" lon="22.45988">
        <ele>371.9</ele>
      </trkpt>
      <trkpt lat="49.40114" lon="22.46012">
        <ele>372.1</ele>
      </trkpt>
      <trkpt lat="49.40121" lon="22.46022">
        <ele>372.2</ele>
      </trkpt>
      <trkpt lat="49.4013" lon="22.4603">
        <ele>372.3</ele>
      </trkpt>
      <trkpt lat="49.40139" lon="22.46036">
        <ele>372.9</ele>
      </trkpt>
      <trkpt lat="49.40147" lon="22.46038">
        <ele>373.5</ele>
      </trkpt>
      <trkpt lat="49.40157" lon="22.46038">
        <ele>373.5</ele>
      </trkpt>
      <trkpt lat="49.40172" lon="22.46028">
        <ele>377.0</ele>
      </trkpt>
      <trkpt lat="49.40184" lon="22.46012">
        <ele>377.0</ele>
      </trkpt>
      <trkpt lat="49.40208" lon="22.45946">
        <ele>380.2</ele>
      </trkpt>
      <trkpt lat="49.40215" lon="22.45934">
        <ele>380.5</ele>
      </trkpt>
      <trkpt lat="49.40226" lon="22.45921">
        <ele>381.3</ele>
      </trkpt>
      <trkpt lat="49.40238" lon="22.45913">
        <ele>382.0</ele>
      </trkpt>
      <trkpt lat="49.40302" lon="22.45887">
        <ele>382.6</ele>
      </trkpt>
      <trkpt lat="49.40305" lon="22.45913">
        <ele>384.1</ele>
      </trkpt>
      <trkpt lat="49.40304" lon="22.45929">
        <ele>384.1</ele>
      </trkpt>
      <trkpt lat="49.40296" lon="22.45963">
        <ele>388.6</ele>
      </trkpt>
      <trkpt lat="49.40297" lon="22.45981">
        <ele>390.0</ele>
      </trkpt>
      <trkpt lat="49.40308" lon="22.46022">
        <ele>395.1</ele>
      </trkpt>
      <trkpt lat="49.403275" lon="22.46099">
        <ele>402.4</ele>
      </trkpt>
      <trkpt lat="49.40347" lon="22.46176">
        <ele>408.4</ele>
      </trkpt>
      <trkpt lat="49.40362" lon="22.46208">
        <ele>408.2</ele>
      </trkpt>
      <trkpt lat="49.40387" lon="22.46226">
        <ele>407.3</ele>
      </trkpt>
      <trkpt lat="49.40402" lon="22.46231">
        <ele>406.6</ele>
      </trkpt>
      <trkpt lat="49.40416" lon="22.46233">
        <ele>406.4</ele>
      </trkpt>
      <trkpt lat="49.40429" lon="22.46232">
        <ele>406.1</ele>
      </trkpt>
      <trkpt lat="49.40443" lon="22.46228">
        <ele>406.0</ele>
      </trkpt>
      <trkpt lat="49.40457" lon="22.46221">
        <ele>405.7</ele>
      </trkpt>
      <trkpt lat="49.40536" lon="22.46167">
        <ele>406.1</ele>
      </trkpt>
      <trkpt lat="49.40551" lon="22.46163">
        <ele>406.9</ele>
      </trkpt>
      <trkpt lat="49.40621" lon="22.46142">
        <ele>409.3</ele>
      </trkpt>
      <trkpt lat="49.40633" lon="22.4614">
        <ele>410.7</ele>
      </trkpt>
      <trkpt lat="49.40635" lon="22.46151">
        <ele>409.7</ele>
      </trkpt>
      <trkpt lat="49.40642" lon="22.46167">
        <ele>408.2</ele>
      </trkpt>
      <trkpt lat="49.40655" lon="22.46181">
        <ele>406.6</ele>
      </trkpt>
      <trkpt lat="49.40698" lon="22.46212">
        <ele>398.4</ele>
      </trkpt>
      <trkpt lat="49.40712" lon="22.46232">
        <ele>397.3</ele>
      </trkpt>
      <trkpt lat="49.40734" lon="22.46275">
        <ele>393.5</ele>
      </trkpt>
      <trkpt lat="49.40744" lon="22.46303">
        <ele>391.7</ele>
      </trkpt>
      <trkpt lat="49.40751" lon="22.4633">
        <ele>390.8</ele>
      </trkpt>
      <trkpt lat="49.40764" lon="22.46452">
        <ele>387.6</ele>
      </trkpt>
      <trkpt lat="49.40769" lon="22.46529">
        <ele>387.1</ele>
      </trkpt>
      <trkpt lat="49.40764" lon="22.46556">
        <ele>387.2</ele>
      </trkpt>
      <trkpt lat="49.40755" lon="22.46573">
        <ele>387.5</ele>
      </trkpt>
      <trkpt lat="49.40749" lon="22.4658">
        <ele>387.5</ele>
      </trkpt>
      <trkpt lat="49.407055" lon="22.46624">
        <ele>387.9</ele>
      </trkpt>
      <trkpt lat="49.40662" lon="22.46668">
        <ele>388.1</ele>
      </trkpt>
      <trkpt lat="49.40646" lon="22.46696">
        <ele>389.5</ele>
      </trkpt>
      <trkpt lat="49.40612" lon="22.467995">
        <ele>394.7</ele>
      </trkpt>
      <trkpt lat="49.40578" lon="22.46903">
        <ele>399.1</ele>
      </trkpt>
      <trkpt lat="49.40567" lon="22.46928">
        <ele>399.6</ele>
      </trkpt>
      <trkpt lat="49.40536" lon="22.46972">
        <ele>403.8</ele>
      </trkpt>
      <trkpt lat="49.40496" lon="22.470215">
        <ele>407.4</ele>
      </trkpt>
      <trkpt lat="49.40456" lon="22.47071">
        <ele>411.6</ele>
      </trkpt>
      <trkpt lat="49.40448" lon="22.47089">
        <ele>412.5</ele>
      </trkpt>
      <trkpt lat="49.40444" lon="22.47105">
        <ele>413.3</ele>
      </trkpt>
      <trkpt lat="49.40453" lon="22.47133">
        <ele>413.3</ele>
      </trkpt>
      <trkpt lat="49.40477" lon="22.47184">
        <ele>412.0</ele>
      </trkpt>
      <trkpt lat="49.40488" lon="22.47203">
        <ele>411.2</ele>
      </trkpt>
      <trkpt lat="49.40506" lon="22.47226">
        <ele>409.2</ele>
      </trkpt>
      <trkpt lat="49.40566" lon="22.472745">
        <ele>405.3</ele>
      </trkpt>
      <trkpt lat="49.40626" lon="22.47323">
        <ele>398.7</ele>
      </trkpt>
      <trkpt lat="49.4065" lon="22.47355">
        <ele>396.4</ele>
      </trkpt>
      <trkpt lat="49.4067" lon="22.47391">
        <ele>395.1</ele>
      </trkpt>
      <trkpt lat="49.40682" lon="22.47418">
        <ele>394.2</ele>
      </trkpt>
      <trkpt lat="49.40693" lon="22.47451">
        <ele>393.7</ele>
      </trkpt>
      <trkpt lat="49.40697" lon="22.47474">
        <ele>393.7</ele>
      </trkpt>
      <trkpt lat="49.40703" lon="22.4758">
        <ele>394.3</ele>
      </trkpt>
      <trkpt lat="49.40707" lon="22.47607">
        <ele>394.5</ele>
      </trkpt>
      <trkpt lat="49.40715" lon="22.47636">
        <ele>394.8</ele>
      </trkpt>
      <trkpt lat="49.40769" lon="22.47742">
        <ele>396.2</ele>
      </trkpt>
      <trkpt lat="49.40791" lon="22.47775">
        <ele>396.5</ele>
      </trkpt>
      <trkpt lat="49.40804" lon="22.47783">
        <ele>396.5</ele>
      </trkpt>
      <trkpt lat="49.40821" lon="22.47786">
        <ele>396.9</ele>
      </trkpt>
      <trkpt lat="49.40842" lon="22.47785">
        <ele>397.1</ele>
      </trkpt>
      <trkpt lat="49.40877" lon="22.47775">
        <ele>397.5</ele>
      </trkpt>
      <trkpt lat="49.40898" lon="22.47771">
        <ele>397.7</ele>
      </trkpt>
      <trkpt lat="49.40919" lon="22.47775">
        <ele>398.0</ele>
      </trkpt>
      <trkpt lat="49.409645" lon="22.47802">
        <ele>398.4</ele>
      </trkpt>
      <trkpt lat="49.4101" lon="22.47829">
        <ele>399.1</ele>
      </trkpt>
      <trkpt lat="49.41026" lon="22.47834">
        <ele>399.1</ele>
      </trkpt>
      <trkpt lat="49.41049" lon="22.47835">
        <ele>399.8</ele>
      </trkpt>
      <trkpt lat="49.41124" lon="22.47826">
        <ele>400.3</ele>
      </trkpt>
      <trkpt lat="49.41137" lon="22.4783">
        <ele>400.3</ele>
      </trkpt>
      <trkpt lat="49.41146" lon="22.47835">
        <ele>400.4</ele>
      </trkpt>
      <trkpt lat="49.41156" lon="22.47853">
        <ele>400.5</ele>
      </trkpt>
      <trkpt lat="49.41177" lon="22.47926">
        <ele>400.8</ele>
      </trkpt>
      <trkpt lat="49.4119" lon="22.47962">
        <ele>401.1</ele>
      </trkpt>
      <trkpt lat="49.41195" lon="22.47972">
        <ele>401.1</ele>
      </trkpt>
      <trkpt lat="49.41204" lon="22.47985">
        <ele>401.3</ele>
      </trkpt>
      <trkpt lat="49.41275" lon="22.48053">
        <ele>403.9</ele>
      </trkpt>
      <trkpt lat="49.41283" lon="22.48067">
        <ele>404.3</ele>
      </trkpt>
      <trkpt lat="49.41288" lon="22.48081">
        <ele>404.3</ele>
      </trkpt>
      <trkpt lat="49.41315" lon="22.48206">
        <ele>406.0</ele>
      </trkpt>
      <trkpt lat="49.41321" lon="22.48271">
        <ele>407.7</ele>
      </trkpt>
      <trkpt lat="49.41329" lon="22.48372">
        <ele>409.6</ele>
      </trkpt>
      <trkpt lat="49.41328" lon="22.48406">
        <ele>410.3</ele>
      </trkpt>
      <trkpt lat="49.413135" lon="22.485215">
        <ele>412.1</ele>
      </trkpt>
      <trkpt lat="49.41299" lon="22.48637">
        <ele>413.7</ele>
      </trkpt>
      <trkpt lat="49.41293" lon="22.48669">
        <ele>413.8</ele>
      </trkpt>
      <trkpt lat="49.41287" lon="22.48687">
        <ele>413.9</ele>
      </trkpt>
      <trkpt lat="49.41242" lon="22.48772">
        <ele>414.3</ele>
      </trkpt>
      <trkpt lat="49.412105" lon="22.488305">
        <ele>414.1</ele>
      </trkpt>
      <trkpt lat="49.41179" lon="22.48889">
        <ele>413.9</ele>
      </trkpt>
      <trkpt lat="49.41164" lon="22.48924">
        <ele>414.0</ele>
      </trkpt>
      <trkpt lat="49.41156" lon="22.48956">
        <ele>414.2</ele>
      </trkpt>
      <trkpt lat="49.41135" lon="22.49016">
        <ele>413.9</ele>
      </trkpt>
      <trkpt lat="49.41081" lon="22.49108">
        <ele>412.9</ele>
      </trkpt>
      <trkpt lat="49.41076" lon="22.49123">
        <ele>412.9</ele>
      </trkpt>
      <trkpt lat="49.41055" lon="22.49256">
        <ele>414.1</ele>
      </trkpt>
      <trkpt lat="49.41052" lon="22.49292">
        <ele>414.5</ele>
      </trkpt>
      <trkpt lat="49.4105" lon="22.49396">
        <ele>418.8</ele>
      </trkpt>
      <trkpt lat="49.41046" lon="22.49436">
        <ele>420.0</ele>
      </trkpt>
      <trkpt lat="49.410267" lon="22.495367">
        <ele>421.3</ele>
      </trkpt>
      <trkpt lat="49.410073" lon="22.496373">
        <ele>422.4</ele>
      </trkpt>
      <trkpt lat="49.40988" lon="22.49738">
        <ele>423.1</ele>
      </trkpt>
      <trkpt lat="49.40983" lon="22.49784">
        <ele>423.5</ele>
      </trkpt>
      <trkpt lat="49.40985" lon="22.49837">
        <ele>423.7</ele>
      </trkpt>
      <trkpt lat="49.4099" lon="22.49897">
        <ele>424.2</ele>
      </trkpt>
      <trkpt lat="49.40998" lon="22.49913">
        <ele>424.6</ele>
      </trkpt>
      <trkpt lat="49.41006" lon="22.4992">
        <ele>424.6</ele>
      </trkpt>
      <trkpt lat="49.41014" lon="22.49922">
        <ele>424.6</ele>
      </trkpt>
      <trkpt lat="49.41035" lon="22.49915">
        <ele>425.5</ele>
      </trkpt>
      <trkpt lat="49.41056" lon="22.49914">
        <ele>426.5</ele>
      </trkpt>
      <trkpt lat="49.41104" lon="22.49923">
        <ele>428.8</ele>
      </trkpt>
      <trkpt lat="49.41153" lon="22.49936">
        <ele>431.0</ele>
      </trkpt>
      <trkpt lat="49.41202" lon="22.49945">
        <ele>433.9</ele>
      </trkpt>
      <trkpt lat="49.41227" lon="22.49957">
        <ele>435.9</ele>
      </trkpt>
      <trkpt lat="49.41245" lon="22.49973">
        <ele>438.6</ele>
      </trkpt>
      <trkpt lat="49.41262" lon="22.49997">
        <ele>438.6</ele>
      </trkpt>
      <trkpt lat="49.413118" lon="22.500925">
        <ele>447.0</ele>
      </trkpt>
      <trkpt lat="49.413615" lon="22.50188">
        <ele>457.7</ele>
      </trkpt>
      <trkpt lat="49.414113" lon="22.502835">
        <ele>464.4</ele>
      </trkpt>
      <trkpt lat="49.41461" lon="22.50379">
        <ele>470.6</ele>
      </trkpt>
      <trkpt lat="49.41481" lon="22.50405">
        <ele>472.9</ele>
      </trkpt>
      <trkpt lat="49.41525" lon="22.50445">
        <ele>478.1</ele>
      </trkpt>
      <trkpt lat="49.415905" lon="22.504872">
        <ele>481.6</ele>
      </trkpt>
      <trkpt lat="49.41656" lon="22.505295">
        <ele>485.3</ele>
      </trkpt>
      <trkpt lat="49.417215" lon="22.505717">
        <ele>489.7</ele>
      </trkpt>
      <trkpt lat="49.41787" lon="22.50614">
        <ele>493.9</ele>
      </trkpt>
      <trkpt lat="49.41805" lon="22.50637">
        <ele>496.1</ele>
      </trkpt>
      <trkpt lat="49.41836" lon="22.50692">
        <ele>500.3</ele>
      </trkpt>
      <trkpt lat="49.41848" lon="22.50707">
        <ele>501.0</ele>
      </trkpt>
      <trkpt lat="49.41898" lon="22.50755">
        <ele>506.2</ele>
      </trkpt>
      <trkpt lat="49.4192" lon="22.5078">
        <ele>507.6</ele>
      </trkpt>
      <trkpt lat="49.41957" lon="22.50833">
        <ele>511.8</ele>
      </trkpt>
      <trkpt lat="49.41994" lon="22.50886">
        <ele>518.5</ele>
      </trkpt>
      <trkpt lat="49.42012" lon="22.50904">
        <ele>519.9</ele>
      </trkpt>
      <trkpt lat="49.42028" lon="22.50912">
        <ele>521.2</ele>
      </trkpt>
      <trkpt lat="49.42048" lon="22.50912">
        <ele>523.9</ele>
      </trkpt>
      <trkpt lat="49.42069" lon="22.509">
        <ele>525.3</ele>
      </trkpt>
      <trkpt lat="49.4212" lon="22.50852">
        <ele>528.3</ele>
      </trkpt>
      <trkpt lat="49.42147" lon="22.50835">
        <ele>529.8</ele>
      </trkpt>
      <trkpt lat="49.42204" lon="22.50823">
        <ele>532.0</ele>
      </trkpt>
      <trkpt lat="49.42216" lon="22.50818">
        <ele>532.5</ele>
      </trkpt>
      <trkpt lat="49.42235" lon="22.50803">
        <ele>532.8</ele>
      </trkpt>
      <trkpt lat="49.42285" lon="22.5074">
        <ele>533.3</ele>
      </trkpt>
      <trkpt lat="49.42314" lon="22.50698">
        <ele>532.0</ele>
      </trkpt>
      <trkpt lat="49.42343" lon="22.5064">
        <ele>530.3</ele>
      </trkpt>
      <trkpt lat="49.42382" lon="22.5055">
        <ele>528.0</ele>
      </trkpt>
      <trkpt lat="49.42402" lon="22.50515">
        <ele>528.7</ele>
      </trkpt>
      <trkpt lat="49.42455" lon="22.50458">
        <ele>529.3</ele>
      </trkpt>
      <trkpt lat="49.42508" lon="22.50401">
        <ele>527.7</ele>
      </trkpt>
      <trkpt lat="49.42525" lon="22.50375">
        <ele>527.3</ele>
      </trkpt>
      <trkpt lat="49.42534" lon="22.50344">
        <ele>526.1</ele>
      </trkpt>
      <trkpt lat="49.4254" lon="22.50257">
        <ele>522.5</ele>
      </trkpt>
      <trkpt lat="49.42544" lon="22.50227">
        <ele>520.0</ele>
      </trkpt>
      <trkpt lat="49.42551" lon="22.50198">
        <ele>518.0</ele>
      </trkpt>
      <trkpt lat="49.42566" lon="22.50155">
        <ele>515.7</ele>
      </trkpt>
      <trkpt lat="49.42587" lon="22.50105">
        <ele>512.3</ele>
      </trkpt>
      <trkpt lat="49.42598" lon="22.50091">
        <ele>512.3</ele>
      </trkpt>
      <trkpt lat="49.42611" lon="22.50078">
        <ele>510.7</ele>
      </trkpt>
      <trkpt lat="49.42624" lon="22.5007">
        <ele>510.7</ele>
      </trkpt>
      <trkpt lat="49.42642" lon="22.50064">
        <ele>509.0</ele>
      </trkpt>
      <trkpt lat="49.42677" lon="22.5006">
        <ele>508.3</ele>
      </trkpt>
      <trkpt lat="49.4269" lon="22.50061">
        <ele>505.8</ele>
      </trkpt>
      <trkpt lat="49.42701" lon="22.50064">
        <ele>505.8</ele>
      </trkpt>
      <trkpt lat="49.42715" lon="22.50073">
        <ele>505.1</ele>
      </trkpt>
      <trkpt lat="49.42732" lon="22.5009">
        <ele>504.1</ele>
      </trkpt>
      <trkpt lat="49.42769" lon="22.5014">
        <ele>501.3</ele>
      </trkpt>
      <trkpt lat="49.42791" lon="22.50162">
        <ele>500.7</ele>
      </trkpt>
      <trkpt lat="49.42812" lon="22.50174">
        <ele>500.8</ele>
      </trkpt>
      <trkpt lat="49.42832" lon="22.50177">
        <ele>501.2</ele>
      </trkpt>
      <trkpt lat="49.42849" lon="22.50174">
        <ele>501.5</ele>
      </trkpt>
      <trkpt lat="49.42867" lon="22.50166">
        <ele>501.6</ele>
      </trkpt>
      <trkpt lat="49.42889" lon="22.50153">
        <ele>501.2</ele>
      </trkpt>
      <trkpt lat="49.42912" lon="22.50142">
        <ele>499.8</ele>
      </trkpt>
      <trkpt lat="49.4293" lon="22.50139">
        <ele>499.1</ele>
      </trkpt>
      <trkpt lat="49.42945" lon="22.50141">
        <ele>497.5</ele>
      </trkpt>
      <trkpt lat="49.42969" lon="22.50152">
        <ele>495.2</ele>
      </trkpt>
      <trkpt lat="49.43024" lon="22.50207">
        <ele>489.4</ele>
      </trkpt>
      <trkpt lat="49.43048" lon="22.50234">
        <ele>486.4</ele>
      </trkpt>
      <trkpt lat="49.43057" lon="22.50246">
        <ele>486.4</ele>
      </trkpt>
      <trkpt lat="49.43063" lon="22.50258">
        <ele>485.3</ele>
      </trkpt>
      <trkpt lat="49.43069" lon="22.50282">
        <ele>483.8</ele>
      </trkpt>
      <trkpt lat="49.43071" lon="22.50312">
        <ele>482.5</ele>
      </trkpt>
      <trkpt lat="49.43071" lon="22.50374">
        <ele>477.6</ele>
      </trkpt>
      <trkpt lat="49.43073" lon="22.50393">
        <ele>477.6</ele>
      </trkpt>
      <trkpt lat="49.43078" lon="22.5041">
        <ele>474.9</ele>
      </trkpt>
      <trkpt lat="49.43094" lon="22.50443">
        <ele>472.4</ele>
      </trkpt>
      <trkpt lat="49.4311" lon="22.50465">
        <ele>469.6</ele>
      </trkpt>
      <trkpt lat="49.43119" lon="22.50472">
        <ele>469.6</ele>
      </trkpt>
      <trkpt lat="49.43137" lon="22.50471">
        <ele>467.0</ele>
      </trkpt>
      <trkpt lat="49.43145" lon="22.50466">
        <ele>466.3</ele>
      </trkpt>
      <trkpt lat="49.43182" lon="22.50423">
        <ele>462.5</ele>
      </trkpt>
      <trkpt lat="49.43191" lon="22.50418">
        <ele>461.7</ele>
      </trkpt>
      <trkpt lat="49.43207" lon="22.50418">
        <ele>460.9</ele>
      </trkpt>
      <trkpt lat="49.4322" lon="22.50427">
        <ele>458.1</ele>
      </trkpt>
      <trkpt lat="49.43228" lon="22.5044">
        <ele>458.1</ele>
      </trkpt>
      <trkpt lat="49.43261" lon="22.50528">
        <ele>450.6</ele>
      </trkpt>
      <trkpt lat="49.43267" lon="22.50537">
        <ele>449.1</ele>
      </trkpt>
      <trkpt lat="49.43292" lon="22.50563">
        <ele>445.7</ele>
      </trkpt>
      <trkpt lat="49.43311" lon="22.50576">
        <ele>444.2</ele>
      </trkpt>
      <trkpt lat="49.43375" lon="22.50612">
        <ele>440.6</ele>
      </trkpt>
      <trkpt lat="49.434365" lon="22.506465">
        <ele>440.6</ele>
      </trkpt>
      <trkpt lat="49.43498" lon="22.50681">
        <ele>442.5</ele>
      </trkpt>
      <trkpt lat="49.43511" lon="22.50686">
        <ele>442.8</ele>
      </trkpt>
      <trkpt lat="49.43523" lon="22.50705">
        <ele>444.3</ele>
      </trkpt>
      <trkpt lat="49.43531" lon="22.50732">
        <ele>446.7</ele>
      </trkpt>
      <trkpt lat="49.43542" lon="22.50675">
        <ele>445.1</ele>
      </trkpt>
      <trkpt lat="49.43558" lon="22.505663">
        <ele>442.3</ele>
      </trkpt>
      <trkpt lat="49.43574" lon="22.504575">
        <ele>441.2</ele>
      </trkpt>
      <trkpt lat="49.4359" lon="22.503488">
        <ele>440.7</ele>
      </trkpt>
      <trkpt lat="49.43606" lon="22.5024">
        <ele>440.5</ele>
      </trkpt>
      <trkpt lat="49.43622" lon="22.50175">
        <ele>440.7</ele>
      </trkpt>
      <trkpt lat="49.43639" lon="22.50138">
        <ele>440.8</ele>
      </trkpt>
      <trkpt lat="49.436982" lon="22.500408">
        <ele>440.8</ele>
      </trkpt>
      <trkpt lat="49.437573" lon="22.499437">
        <ele>438.6</ele>
      </trkpt>
      <trkpt lat="49.438165" lon="22.498465">
        <ele>434.1</ele>
      </trkpt>
      <trkpt lat="49.438757" lon="22.497493">
        <ele>431.6</ele>
      </trkpt>
      <trkpt lat="49.439348" lon="22.496522">
        <ele>430.9</ele>
      </trkpt>
      <trkpt lat="49.43994" lon="22.49555">
        <ele>430.5</ele>
      </trkpt>
      <trkpt lat="49.44044" lon="22.49478">
        <ele>430.5</ele>
      </trkpt>
      <trkpt lat="49.44071" lon="22.49445">
        <ele>430.4</ele>
      </trkpt>
      <trkpt lat="49.44086" lon="22.49431">
        <ele>430.4</ele>
      </trkpt>
      <trkpt lat="49.441573" lon="22.49381">
        <ele>431.6</ele>
      </trkpt>
      <trkpt lat="49.442285" lon="22.49331">
        <ele>432.7</ele>
      </trkpt>
      <trkpt lat="49.442998" lon="22.49281">
        <ele>430.9</ele>
      </trkpt>
      <trkpt lat="49.44371" lon="22.49231">
        <ele>427.9</ele>
      </trkpt>
      <trkpt lat="49.44394" lon="22.4921">
        <ele>426.7</ele>
      </trkpt>
      <trkpt lat="49.4441" lon="22.49188">
        <ele>425.3</ele>
      </trkpt>
      <trkpt lat="49.44422" lon="22.4916">
        <ele>423.6</ele>
      </trkpt>
      <trkpt lat="49.44447" lon="22.490805">
        <ele>421.0</ele>
      </trkpt>
      <trkpt lat="49.44472" lon="22.49001">
        <ele>419.4</ele>
      </trkpt>
      <trkpt lat="49.44485" lon="22.48954">
        <ele>419.3</ele>
      </trkpt>
      <trkpt lat="49.445005" lon="22.48857">
        <ele>418.8</ele>
      </trkpt>
      <trkpt lat="49.44516" lon="22.4876">
        <ele>418.3</ele>
      </trkpt>
      <trkpt lat="49.445325" lon="22.48645">
        <ele>417.9</ele>
      </trkpt>
      <trkpt lat="49.44549" lon="22.4853">
        <ele>417.4</ele>
      </trkpt>
      <trkpt lat="49.445655" lon="22.48415">
        <ele>417.5</ele>
      </trkpt>
      <trkpt lat="49.44582" lon="22.483">
        <ele>418.2</ele>
      </trkpt>
      <trkpt lat="49.44595" lon="22.48225">
        <ele>419.1</ele>
      </trkpt>
      <trkpt lat="49.44611" lon="22.48186">
        <ele>419.5</ele>
      </trkpt>
      <trkpt lat="49.4463" lon="22.48159">
        <ele>419.4</ele>
      </trkpt>
      <trkpt lat="49.44637" lon="22.48153">
        <ele>419.4</ele>
      </trkpt>
      <trkpt lat="49.446845" lon="22.48111">
        <ele>418.0</ele>
      </trkpt>
      <trkpt lat="49.44732" lon="22.48069">
        <ele>417.6</ele>
      </trkpt>
      <trkpt lat="49.44778" lon="22.48031">
        <ele>416.8</ele>
      </trkpt>
      <trkpt lat="49.448" lon="22.48018">
        <ele>416.6</ele>
      </trkpt>
      <trkpt lat="49.44827" lon="22.48008">
        <ele>416.0</ele>
      </trkpt>
      <trkpt lat="49.44865" lon="22.48008">
        <ele>415.8</ele>
      </trkpt>
      <trkpt lat="49.44878" lon="22.48011">
        <ele>415.8</ele>
      </trkpt>
      <trkpt lat="49.44898" lon="22.4802">
        <ele>415.2</ele>
      </trkpt>
      <trkpt lat="49.44911" lon="22.48027">
        <ele>414.8</ele>
      </trkpt>
      <trkpt lat="49.44978" lon="22.48071">
        <ele>412.1</ele>
      </trkpt>
      <trkpt lat="49.45001" lon="22.48083">
        <ele>411.9</ele>
      </trkpt>
      <trkpt lat="49.45017" lon="22.48088">
        <ele>411.7</ele>
      </trkpt>
      <trkpt lat="49.45031" lon="22.48091">
        <ele>411.7</ele>
      </trkpt>
      <trkpt lat="49.45058" lon="22.4809">
        <ele>411.2</ele>
      </trkpt>
      <trkpt lat="49.45083" lon="22.48082">
        <ele>411.0</ele>
      </trkpt>
      <trkpt lat="49.45106" lon="22.48071">
        <ele>410.8</ele>
      </trkpt>
      <trkpt lat="49.45127" lon="22.48055">
        <ele>410.7</ele>
      </trkpt>
      <trkpt lat="49.45146" lon="22.48031">
        <ele>410.7</ele>
      </trkpt>
      <trkpt lat="49.451923" lon="22.479667">
        <ele>411.3</ele>
      </trkpt>
      <trkpt lat="49.452387" lon="22.479023">
        <ele>411.6</ele>
      </trkpt>
      <trkpt lat="49.45285" lon="22.47838">
        <ele>411.4</ele>
      </trkpt>
      <trkpt lat="49.45327" lon="22.47783">
        <ele>410.9</ele>
      </trkpt>
      <trkpt lat="49.45365" lon="22.4775">
        <ele>410.0</ele>
      </trkpt>
      <trkpt lat="49.454395" lon="22.477043">
        <ele>409.8</ele>
      </trkpt>
      <trkpt lat="49.45514" lon="22.476585">
        <ele>409.4</ele>
      </trkpt>
      <trkpt lat="49.455885" lon="22.476128">
        <ele>407.1</ele>
      </trkpt>
      <trkpt lat="49.45663" lon="22.47567">
        <ele>405.0</ele>
      </trkpt>
      <trkpt lat="49.45736" lon="22.47525">
        <ele>404.2</ele>
      </trkpt>
      <trkpt lat="49.45765" lon="22.47512">
        <ele>404.2</ele>
      </trkpt>
      <trkpt lat="49.45783" lon="22.47507">
        <ele>404.2</ele>
      </trkpt>
      <trkpt lat="49.45811" lon="22.47505">
        <ele>404.3</ele>
      </trkpt>
      <trkpt lat="49.458905" lon="22.475095">
        <ele>404.1</ele>
      </trkpt>
      <trkpt lat="49.4597" lon="22.47514">
        <ele>403.7</ele>
      </trkpt>
      <trkpt lat="49.45993" lon="22.47513">
        <ele>403.5</ele>
      </trkpt>
      <trkpt lat="49.46011" lon="22.47509">
        <ele>403.4</ele>
      </trkpt>
      <trkpt lat="49.46033" lon="22.47499">
        <ele>402.9</ele>
      </trkpt>
      <trkpt lat="49.4605" lon="22.47488">
        <ele>402.9</ele>
      </trkpt>
      <trkpt lat="49.46073" lon="22.47466">
        <ele>402.1</ele>
      </trkpt>
      <trkpt lat="49.46091" lon="22.47442">
        <ele>401.3</ele>
      </trkpt>
      <trkpt lat="49.461433" lon="22.4736">
        <ele>400.3</ele>
      </trkpt>
      <trkpt lat="49.461955" lon="22.47278">
        <ele>397.9</ele>
      </trkpt>
      <trkpt lat="49.462478" lon="22.47196">
        <ele>396.6</ele>
      </trkpt>
      <trkpt lat="49.463" lon="22.47114">
        <ele>394.8</ele>
      </trkpt>
      <trkpt lat="49.463623" lon="22.470149">
        <ele>392.6</ele>
      </trkpt>
      <trkpt lat="49.464247" lon="22.469158">
        <ele>392.0</ele>
      </trkpt>
      <trkpt lat="49.46487" lon="22.468166">
        <ele>391.8</ele>
      </trkpt>
      <trkpt lat="49.465494" lon="22.467175">
        <ele>392.2</ele>
      </trkpt>
      <trkpt lat="49.466117" lon="22.466184">
        <ele>392.3</ele>
      </trkpt>
      <trkpt lat="49.46674" lon="22.465193">
        <ele>391.4</ele>
      </trkpt>
      <trkpt lat="49.467364" lon="22.464201">
        <ele>390.5</ele>
      </trkpt>
      <trkpt lat="49.467987" lon="22.46321">
        <ele>389.5</ele>
      </trkpt>
      <trkpt lat="49.46861" lon="22.462219">
        <ele>388.6</ele>
      </trkpt>
      <trkpt lat="49.469234" lon="22.461227">
        <ele>387.7</ele>
      </trkpt>
      <trkpt lat="49.469857" lon="22.460236">
        <ele>388.0</ele>
      </trkpt>
      <trkpt lat="49.47048" lon="22.459244">
        <ele>388.2</ele>
      </trkpt>
      <trkpt lat="49.471103" lon="22.458253">
        <ele>388.5</ele>
      </trkpt>
      <trkpt lat="49.471727" lon="22.457262">
        <ele>389.5</ele>
      </trkpt>
      <trkpt lat="49.47235" lon="22.45627">
        <ele>390.4</ele>
      </trkpt>
      <trkpt lat="49.47283" lon="22.4555">
        <ele>389.9</ele>
      </trkpt>
      <trkpt lat="49.47331" lon="22.45473">
        <ele>389.0</ele>
      </trkpt>
      <trkpt lat="49.47379" lon="22.45396">
        <ele>388.2</ele>
      </trkpt>
      <trkpt lat="49.47427" lon="22.45319">
        <ele>387.0</ele>
      </trkpt>
      <trkpt lat="49.47477" lon="22.45237">
        <ele>384.8</ele>
      </trkpt>
      <trkpt lat="49.47487" lon="22.45216">
        <ele>384.8</ele>
      </trkpt>
      <trkpt lat="49.47497" lon="22.45185">
        <ele>384.3</ele>
      </trkpt>
      <trkpt lat="49.47505" lon="22.45139">
        <ele>383.8</ele>
      </trkpt>
      <trkpt lat="49.47508" lon="22.45085">
        <ele>381.8</ele>
      </trkpt>
      <trkpt lat="49.47504" lon="22.4499">
        <ele>379.6</ele>
      </trkpt>
      <trkpt lat="49.474985" lon="22.448895">
        <ele>378.8</ele>
      </trkpt>
      <trkpt lat="49.47493" lon="22.44789">
        <ele>379.4</ele>
      </trkpt>
      <trkpt lat="49.47496" lon="22.44761">
        <ele>379.7</ele>
      </trkpt>
      <trkpt lat="49.47502" lon="22.44735">
        <ele>379.7</ele>
      </trkpt>
      <trkpt lat="49.4751" lon="22.44713">
        <ele>379.7</ele>
      </trkpt>
      <trkpt lat="49.47524" lon="22.44683">
        <ele>379.5</ele>
      </trkpt>
      <trkpt lat="49.47573" lon="22.446163">
        <ele>377.8</ele>
      </trkpt>
      <trkpt lat="49.47622" lon="22.445497">
        <ele>376.3</ele>
      </trkpt>
      <trkpt lat="49.47671" lon="22.44483">
        <ele>375.7</ele>
      </trkpt>
      <trkpt lat="49.47694" lon="22.4444">
        <ele>375.6</ele>
      </trkpt>
      <trkpt lat="49.47706" lon="22.4441">
        <ele>375.5</ele>
      </trkpt>
      <trkpt lat="49.47737" lon="22.44312">
        <ele>375.3</ele>
      </trkpt>
      <trkpt lat="49.47772" lon="22.44344">
        <ele>375.3</ele>
      </trkpt>
      <trkpt lat="49.47801" lon="22.44363">
        <ele>375.5</ele>
      </trkpt>
      <trkpt lat="49.47809" lon="22.44367">
        <ele>375.5</ele>
      </trkpt>
      <trkpt lat="49.47833" lon="22.44374">
        <ele>375.6</ele>
      </trkpt>
      <trkpt lat="49.47851" lon="22.44376">
        <ele>375.9</ele>
      </trkpt>
      <trkpt lat="49.47868" lon="22.44376">
        <ele>375.9</ele>
      </trkpt>
      <trkpt lat="49.47901" lon="22.44364">
        <ele>376.2</ele>
      </trkpt>
      <trkpt lat="49.47963" lon="22.44338">
        <ele>376.2</ele>
      </trkpt>
      <trkpt lat="49.47992" lon="22.44324">
        <ele>376.0</ele>
      </trkpt>
      <trkpt lat="49.48023" lon="22.44313">
        <ele>376.0</ele>
      </trkpt>
      <trkpt lat="49.48049" lon="22.44313">
        <ele>376.0</ele>
      </trkpt>
      <trkpt lat="49.481125" lon="22.44321">
        <ele>376.2</ele>
      </trkpt>
      <trkpt lat="49.48176" lon="22.44329">
        <ele>377.1</ele>
      </trkpt>
      <trkpt lat="49.48208" lon="22.44335">
        <ele>377.3</ele>
      </trkpt>
      <trkpt lat="49.48269" lon="22.44355">
        <ele>377.7</ele>
      </trkpt>
      <trkpt lat="49.48293" lon="22.44361">
        <ele>378.0</ele>
      </trkpt>
      <trkpt lat="49.48323" lon="22.44364">
        <ele>378.2</ele>
      </trkpt>
      <trkpt lat="49.48358" lon="22.44364">
        <ele>378.5</ele>
      </trkpt>
      <trkpt lat="49.484105" lon="22.443605">
        <ele>379.2</ele>
      </trkpt>
      <trkpt lat="49.48463" lon="22.44357">
        <ele>379.5</ele>
      </trkpt>
      <trkpt lat="49.4852" lon="22.44358">
        <ele>379.7</ele>
      </trkpt>
      <trkpt lat="49.48541" lon="22.44353">
        <ele>379.9</ele>
      </trkpt>
      <trkpt lat="49.48595" lon="22.44332">
        <ele>380.4</ele>
      </trkpt>
      <trkpt lat="49.48618" lon="22.44331">
        <ele>380.4</ele>
      </trkpt>
      <trkpt lat="49.48636" lon="22.44335">
        <ele>380.5</ele>
      </trkpt>
      <trkpt lat="49.48653" lon="22.44342">
        <ele>380.6</ele>
      </trkpt>
      <trkpt lat="49.4866" lon="22.44347">
        <ele>380.7</ele>
      </trkpt>
      <trkpt lat="49.48698" lon="22.44385">
        <ele>381.4</ele>
      </trkpt>
      <trkpt lat="49.48736" lon="22.44423">
        <ele>381.6</ele>
      </trkpt>
      <trkpt lat="49.48803" lon="22.44475">
        <ele>383.0</ele>
      </trkpt>
      <trkpt lat="49.488425" lon="22.445235">
        <ele>383.9</ele>
      </trkpt>
      <trkpt lat="49.48882" lon="22.44572">
        <ele>385.3</ele>
      </trkpt>
      <trkpt lat="49.48947" lon="22.44647">
        <ele>386.1</ele>
      </trkpt>
      <trkpt lat="49.49004" lon="22.44707">
        <ele>386.8</ele>
      </trkpt>
      <trkpt lat="49.49061" lon="22.44767">
        <ele>388.1</ele>
      </trkpt>
      <trkpt lat="49.49118" lon="22.44822">
        <ele>388.1</ele>
      </trkpt>
      <trkpt lat="49.49143" lon="22.44841">
        <ele>388.3</ele>
      </trkpt>
      <trkpt lat="49.49222" lon="22.448925">
        <ele>389.8</ele>
      </trkpt>
      <trkpt lat="49.49301" lon="22.44944">
        <ele>392.1</ele>
      </trkpt>
      <trkpt lat="49.4938" lon="22.44989">
        <ele>392.8</ele>
      </trkpt>
      <trkpt lat="49.49399" lon="22.44998">
        <ele>393.1</ele>
      </trkpt>
      <trkpt lat="49.49416" lon="22.45002">
        <ele>393.1</ele>
      </trkpt>
      <trkpt lat="49.49425" lon="22.45001">
        <ele>393.2</ele>
      </trkpt>
      <trkpt lat="49.49464" lon="22.44986">
        <ele>393.3</ele>
      </trkpt>
      <trkpt lat="49.49477" lon="22.44984">
        <ele>393.3</ele>
      </trkpt>
      <trkpt lat="49.49497" lon="22.44986">
        <ele>393.4</ele>
      </trkpt>
      <trkpt lat="49.4955" lon="22.44997">
        <ele>393.9</ele>
      </trkpt>
      <trkpt lat="49.49631" lon="22.44992">
        <ele>394.2</ele>
      </trkpt>
      <trkpt lat="49.49676" lon="22.44996">
        <ele>394.4</ele>
      </trkpt>
      <trkpt lat="49.49722" lon="22.45007">
        <ele>394.7</ele>
      </trkpt>
      <trkpt lat="49.497705" lon="22.450245">
        <ele>395.3</ele>
      </trkpt>
      <trkpt lat="49.49819" lon="22.45042">
        <ele>395.8</ele>
      </trkpt>
      <trkpt lat="49.498745" lon="22.450525">
        <ele>396.5</ele>
      </trkpt>
      <trkpt lat="49.4993" lon="22.45063">
        <ele>398.8</ele>
      </trkpt>
      <trkpt lat="49.50012" lon="22.4508">
        <ele>404.0</ele>
      </trkpt>
      <trkpt lat="49.50029" lon="22.45085">
        <ele>404.0</ele>
      </trkpt>
      <trkpt lat="49.50051" lon="22.45096">
        <ele>404.8</ele>
      </trkpt>
      <trkpt lat="49.50102" lon="22.45132">
        <ele>406.9</ele>
      </trkpt>
      <trkpt lat="49.50153" lon="22.45163">
        <ele>408.0</ele>
      </trkpt>
      <trkpt lat="49.50193" lon="22.45184">
        <ele>408.5</ele>
      </trkpt>
      <trkpt lat="49.50215" lon="22.452">
        <ele>409.0</ele>
      </trkpt>
      <trkpt lat="49.50245" lon="22.45233">
        <ele>410.4</ele>
      </trkpt>
      <trkpt lat="49.50274" lon="22.45262">
        <ele>411.6</ele>
      </trkpt>
      <trkpt lat="49.50346" lon="22.453265">
        <ele>412.2</ele>
      </trkpt>
      <trkpt lat="49.50418" lon="22.45391">
        <ele>411.7</ele>
      </trkpt>
      <trkpt lat="49.50442" lon="22.4542">
        <ele>410.9</ele>
      </trkpt>
      <trkpt lat="49.5046" lon="22.45446">
        <ele>409.3</ele>
      </trkpt>
      <trkpt lat="49.505155" lon="22.455367">
        <ele>403.4</ele>
      </trkpt>
      <trkpt lat="49.50571" lon="22.456275">
        <ele>401.4</ele>
      </trkpt>
      <trkpt lat="49.506265" lon="22.457182">
        <ele>401.3</ele>
      </trkpt>
      <trkpt lat="49.50682" lon="22.45809">
        <ele>401.3</ele>
      </trkpt>
      <trkpt lat="49.50696" lon="22.45824">
        <ele>401.3</ele>
      </trkpt>
      <trkpt lat="49.50736" lon="22.45856">
        <ele>401.3</ele>
      </trkpt>
      <trkpt lat="49.50744" lon="22.45864">
        <ele>401.3</ele>
      </trkpt>
      <trkpt lat="49.50757" lon="22.45882">
        <ele>401.3</ele>
      </trkpt>
      <trkpt lat="49.5077" lon="22.45907">
        <ele>401.4</ele>
      </trkpt>
      <trkpt lat="49.50779" lon="22.45933">
        <ele>401.6</ele>
      </trkpt>
      <trkpt lat="49.50785" lon="22.45975">
        <ele>402.3</ele>
      </trkpt>
      <trkpt lat="49.50782" lon="22.46107">
        <ele>405.4</ele>
      </trkpt>
      <trkpt lat="49.50785" lon="22.46148">
        <ele>405.6</ele>
      </trkpt>
      <trkpt lat="49.50793" lon="22.46193">
        <ele>405.6</ele>
      </trkpt>
      <trkpt lat="49.508" lon="22.46214">
        <ele>405.5</ele>
      </trkpt>
      <trkpt lat="49.5084" lon="22.46298">
        <ele>405.7</ele>
      </trkpt>
      <trkpt lat="49.5088" lon="22.46382">
        <ele>406.6</ele>
      </trkpt>
      <trkpt lat="49.50893" lon="22.46419">
        <ele>407.6</ele>
      </trkpt>
      <trkpt lat="49.50898" lon="22.46463">
        <ele>408.1</ele>
      </trkpt>
      <trkpt lat="49.50897" lon="22.46553">
        <ele>409.0</ele>
      </trkpt>
      <trkpt lat="49.50901" lon="22.46643">
        <ele>409.4</ele>
      </trkpt>
      <trkpt lat="49.50897" lon="22.46697">
        <ele>409.7</ele>
      </trkpt>
      <trkpt lat="49.50881" lon="22.46783">
        <ele>410.1</ele>
      </trkpt>
      <trkpt lat="49.50864" lon="22.468675">
        <ele>410.2</ele>
      </trkpt>
      <trkpt lat="49.50847" lon="22.46952">
        <ele>409.8</ele>
      </trkpt>
      <trkpt lat="49.50836" lon="22.47026">
        <ele>408.9</ele>
      </trkpt>
      <trkpt lat="49.5082" lon="22.47097">
        <ele>408.5</ele>
      </trkpt>
      <trkpt lat="49.5082" lon="22.47116">
        <ele>408.6</ele>
      </trkpt>
      <trkpt lat="49.50822" lon="22.47131">
        <ele>408.6</ele>
      </trkpt>
      <trkpt lat="49.50825" lon="22.47141">
        <ele>408.6</ele>
      </trkpt>
      <trkpt lat="49.50858" lon="22.47224">
        <ele>408.8</ele>
      </trkpt>
      <trkpt lat="49.50897" lon="22.47327">
        <ele>411.9</ele>
      </trkpt>
      <trkpt lat="49.50906" lon="22.47366">
        <ele>412.1</ele>
      </trkpt>
      <trkpt lat="49.50908" lon="22.47386">
        <ele>412.1</ele>
      </trkpt>
      <trkpt lat="49.50907" lon="22.47405">
        <ele>412.1</ele>
      </trkpt>
      <trkpt lat="49.50899" lon="22.47465">
        <ele>412.8</ele>
      </trkpt>
      <trkpt lat="49.50896" lon="22.4753">
        <ele>413.2</ele>
      </trkpt>
      <trkpt lat="49.50897" lon="22.47558">
        <ele>413.3</ele>
      </trkpt>
      <trkpt lat="49.50905" lon="22.47601">
        <ele>413.8</ele>
      </trkpt>
      <trkpt lat="49.50911" lon="22.4762">
        <ele>413.8</ele>
      </trkpt>
      <trkpt lat="49.50929" lon="22.47665">
        <ele>414.4</ele>
      </trkpt>
      <trkpt lat="49.50961" lon="22.47728">
        <ele>412.4</ele>
      </trkpt>
      <trkpt lat="49.50985" lon="22.47769">
        <ele>411.8</ele>
      </trkpt>
      <trkpt lat="49.51012" lon="22.47798">
        <ele>411.8</ele>
      </trkpt>
      <trkpt lat="49.51067" lon="22.4785">
        <ele>412.1</ele>
      </trkpt>
      <trkpt lat="49.51092" lon="22.47871">
        <ele>412.4</ele>
      </trkpt>
      <trkpt lat="49.51108" lon="22.47881">
        <ele>412.7</ele>
      </trkpt>
      <trkpt lat="49.51189" lon="22.47923">
        <ele>415.8</ele>
      </trkpt>
      <trkpt lat="49.51202" lon="22.47939">
        <ele>416.5</ele>
      </trkpt>
      <trkpt lat="49.51209" lon="22.47956">
        <ele>417.9</ele>
      </trkpt>
      <trkpt lat="49.51211" lon="22.47975">
        <ele>418.9</ele>
      </trkpt>
      <trkpt lat="49.51209" lon="22.48059">
        <ele>422.5</ele>
      </trkpt>
      <trkpt lat="49.5121" lon="22.4809">
        <ele>423.5</ele>
      </trkpt>
      <trkpt lat="49.51227" lon="22.48191">
        <ele>422.5</ele>
      </trkpt>
      <trkpt lat="49.512345" lon="22.48263">
        <ele>421.6</ele>
      </trkpt>
      <trkpt lat="49.51242" lon="22.48335">
        <ele>421.4</ele>
      </trkpt>
      <trkpt lat="49.51253" lon="22.48378">
        <ele>421.5</ele>
      </trkpt>
      <trkpt lat="49.51279" lon="22.48439">
        <ele>421.9</ele>
      </trkpt>
      <trkpt lat="49.51317" lon="22.48503">
        <ele>422.9</ele>
      </trkpt>
      <trkpt lat="49.51329" lon="22.48534">
        <ele>423.3</ele>
      </trkpt>
      <trkpt lat="49.51343" lon="22.48609">
        <ele>424.1</ele>
      </trkpt>
      <trkpt lat="49.51353" lon="22.48643">
        <ele>424.9</ele>
      </trkpt>
      <trkpt lat="49.51372" lon="22.48695">
        <ele>425.4</ele>
      </trkpt>
      <trkpt lat="49.51383" lon="22.48719">
        <ele>425.8</ele>
      </trkpt>
      <trkpt lat="49.51391" lon="22.48729">
        <ele>425.8</ele>
      </trkpt>
      <trkpt lat="49.51406" lon="22.48742">
        <ele>426.0</ele>
      </trkpt>
      <trkpt lat="49.51425" lon="22.4875">
        <ele>426.2</ele>
      </trkpt>
      <trkpt lat="49.51445" lon="22.48752">
        <ele>426.5</ele>
      </trkpt>
      <trkpt lat="49.51465" lon="22.48747">
        <ele>426.6</ele>
      </trkpt>
      <trkpt lat="49.51532" lon="22.48704">
        <ele>427.6</ele>
      </trkpt>
      <trkpt lat="49.51557" lon="22.48695">
        <ele>427.6</ele>
      </trkpt>
      <trkpt lat="49.51607" lon="22.486825">
        <ele>428.1</ele>
      </trkpt>
      <trkpt lat="49.51657" lon="22.4867">
        <ele>428.4</ele>
      </trkpt>
      <trkpt lat="49.5169" lon="22.48657">
        <ele>428.8</ele>
      </trkpt>
      <trkpt lat="49.51724" lon="22.48635">
        <ele>429.8</ele>
      </trkpt>
      <trkpt lat="49.517675" lon="22.48602">
        <ele>430.6</ele>
      </trkpt>
      <trkpt lat="49.51811" lon="22.48569">
        <ele>431.0</ele>
      </trkpt>
      <trkpt lat="49.51827" lon="22.48561">
        <ele>431.1</ele>
      </trkpt>
      <trkpt lat="49.51842" lon="22.48556">
        <ele>431.3</ele>
      </trkpt>
      <trkpt lat="49.51864" lon="22.48555">
        <ele>431.8</ele>
      </trkpt>
      <trkpt lat="49.51902" lon="22.48558">
        <ele>433.5</ele>
      </trkpt>
      <trkpt lat="49.51947" lon="22.48556">
        <ele>434.7</ele>
      </trkpt>
      <trkpt lat="49.51976" lon="22.48563">
        <ele>434.9</ele>
      </trkpt>
      <trkpt lat="49.52009" lon="22.48575">
        <ele>435.0</ele>
      </trkpt>
      <trkpt lat="49.520535" lon="22.486">
        <ele>436.2</ele>
      </trkpt>
      <trkpt lat="49.52098" lon="22.48625">
        <ele>436.7</ele>
      </trkpt>
      <trkpt lat="49.52145" lon="22.486435">
        <ele>436.8</ele>
      </trkpt>
      <trkpt lat="49.52192" lon="22.48662">
        <ele>437.2</ele>
      </trkpt>
      <trkpt lat="49.52217" lon="22.48677">
        <ele>437.7</ele>
      </trkpt>
      <trkpt lat="49.52259" lon="22.48713">
        <ele>438.8</ele>
      </trkpt>
      <trkpt lat="49.52297" lon="22.48737">
        <ele>439.2</ele>
      </trkpt>
      <trkpt lat="49.52334" lon="22.48755">
        <ele>439.5</ele>
      </trkpt>
      <trkpt lat="49.52345" lon="22.48759">
        <ele>439.6</ele>
      </trkpt>
      <trkpt lat="49.523905" lon="22.487705">
        <ele>438.7</ele>
      </trkpt>
      <trkpt lat="49.52436" lon="22.48782">
        <ele>438.3</ele>
      </trkpt>
      <trkpt lat="49.524815" lon="22.487925">
        <ele>438.5</ele>
      </trkpt>
      <trkpt lat="49.52527" lon="22.48803">
        <ele>438.9</ele>
      </trkpt>
      <trkpt lat="49.52564" lon="22.48833">
        <ele>439.3</ele>
      </trkpt>
      <trkpt lat="49.526145" lon="22.489032">
        <ele>442.1</ele>
      </trkpt>
      <trkpt lat="49.52665" lon="22.489735">
        <ele>444.2</ele>
      </trkpt>
      <trkpt lat="49.527155" lon="22.490437">
        <ele>446.3</ele>
      </trkpt>
      <trkpt lat="49.52766" lon="22.49114">
        <ele>446.4</ele>
      </trkpt>
      <trkpt lat="49.528095" lon="22.49181">
        <ele>446.3</ele>
      </trkpt>
      <trkpt lat="49.52853" lon="22.49248">
        <ele>448.0</ele>
      </trkpt>
      <trkpt lat="49.52905" lon="22.49294">
        <ele>449.7</ele>
      </trkpt>
      <trkpt lat="49.52969" lon="22.49347">
        <ele>451.1</ele>
      </trkpt>
      <trkpt lat="49.53011" lon="22.49393">
        <ele>452.2</ele>
      </trkpt>
      <trkpt lat="49.53053" lon="22.49439">
        <ele>452.4</ele>
      </trkpt>
      <trkpt lat="49.53121" lon="22.495087">
        <ele>449.7</ele>
      </trkpt>
      <trkpt lat="49.53189" lon="22.495783">
        <ele>450.0</ele>
      </trkpt>
      <trkpt lat="49.53257" lon="22.49648">
        <ele>451.7</ele>
      </trkpt>
      <trkpt lat="49.533185" lon="22.496955">
        <ele>453.7</ele>
      </trkpt>
      <trkpt lat="49.5338" lon="22.49743">
        <ele>455.4</ele>
      </trkpt>
      <trkpt lat="49.5339" lon="22.49752">
        <ele>455.5</ele>
      </trkpt>
      <trkpt lat="49.53399" lon="22.49764">
        <ele>455.5</ele>
      </trkpt>
      <trkpt lat="49.53407" lon="22.49785">
        <ele>455.2</ele>
      </trkpt>
      <trkpt lat="49.53423" lon="22.49877">
        <ele>455.5</ele>
      </trkpt>
      <trkpt lat="49.53444" lon="22.49983">
        <ele>457.2</ele>
      </trkpt>
      <trkpt lat="49.53465" lon="22.50089">
        <ele>460.5</ele>
      </trkpt>
      <trkpt lat="49.53477" lon="22.50122">
        <ele>461.0</ele>
      </trkpt>
      <trkpt lat="49.53492" lon="22.5015">
        <ele>461.1</ele>
      </trkpt>
      <trkpt lat="49.53521" lon="22.50195">
        <ele>461.0</ele>
      </trkpt>
      <trkpt lat="49.53531" lon="22.50217">
        <ele>461.1</ele>
      </trkpt>
      <trkpt lat="49.53533" lon="22.50226">
        <ele>461.1</ele>
      </trkpt>
      <trkpt lat="49.53551" lon="22.50328">
        <ele>461.8</ele>
      </trkpt>
      <trkpt lat="49.5356" lon="22.50369">
        <ele>462.5</ele>
      </trkpt>
      <trkpt lat="49.53571" lon="22.50399">
        <ele>463.0</ele>
      </trkpt>
      <trkpt lat="49.53583" lon="22.50421">
        <ele>464.8</ele>
      </trkpt>
      <trkpt lat="49.53601" lon="22.50445">
        <ele>465.1</ele>
      </trkpt>
      <trkpt lat="49.53617" lon="22.50474">
        <ele>465.4</ele>
      </trkpt>
      <trkpt lat="49.53631" lon="22.50517">
        <ele>466.1</ele>
      </trkpt>
      <trkpt lat="49.53643" lon="22.5057">
        <ele>467.2</ele>
      </trkpt>
      <trkpt lat="49.53655" lon="22.50605">
        <ele>468.0</ele>
      </trkpt>
      <trkpt lat="49.53662" lon="22.50615">
        <ele>468.0</ele>
      </trkpt>
      <trkpt lat="49.53626" lon="22.50713">
        <ele>470.6</ele>
      </trkpt>
      <trkpt lat="49.53622" lon="22.50736">
        <ele>471.5</ele>
      </trkpt>
      <trkpt lat="49.53622" lon="22.50771">
        <ele>473.3</ele>
      </trkpt>
      <trkpt lat="49.53635" lon="22.50845">
        <ele>479.2</ele>
      </trkpt>
      <trkpt lat="49.53634" lon="22.50871">
        <ele>480.6</ele>
      </trkpt>
      <trkpt lat="49.53616" lon="22.50925">
        <ele>481.1</ele>
      </trkpt>
      <trkpt lat="49.53573" lon="22.51025">
        <ele>480.4</ele>
      </trkpt>
      <trkpt lat="49.5356" lon="22.51036">
        <ele>479.7</ele>
      </trkpt>
      <trkpt lat="49.53519" lon="22.51062">
        <ele>477.6</ele>
      </trkpt>
      <trkpt lat="49.53504" lon="22.5108">
        <ele>477.2</ele>
      </trkpt>
      <trkpt lat="49.5349" lon="22.51109">
        <ele>476.3</ele>
      </trkpt>
      <trkpt lat="49.53469" lon="22.51174">
        <ele>476.1</ele>
      </trkpt>
      <trkpt lat="49.53453" lon="22.51207">
        <ele>477.2</ele>
      </trkpt>
      <trkpt lat="49.53444" lon="22.51231">
        <ele>479.0</ele>
      </trkpt>
      <trkpt lat="49.53443" lon="22.51242">
        <ele>479.0</ele>
      </trkpt>
      <trkpt lat="49.53426" lon="22.51327">
        <ele>479.8</ele>
      </trkpt>
      <trkpt lat="49.533935" lon="22.51399">
        <ele>479.5</ele>
      </trkpt>
      <trkpt lat="49.53361" lon="22.51471">
        <ele>480.3</ele>
      </trkpt>
      <trkpt lat="49.53333" lon="22.51568">
        <ele>482.6</ele>
      </trkpt>
      <trkpt lat="49.53299" lon="22.51695">
        <ele>486.9</ele>
      </trkpt>
      <trkpt lat="49.53289" lon="22.51722">
        <ele>487.6</ele>
      </trkpt>
      <trkpt lat="49.5325" lon="22.5181">
        <ele>489.2</ele>
      </trkpt>
      <trkpt lat="49.53208" lon="22.5189">
        <ele>489.8</ele>
      </trkpt>
      <trkpt lat="49.53166" lon="22.5197">
        <ele>488.4</ele>
      </trkpt>
      <trkpt lat="49.53122" lon="22.52047">
        <ele>489.9</ele>
      </trkpt>
      <trkpt lat="49.53078" lon="22.52124">
        <ele>491.0</ele>
      </trkpt>
      <trkpt lat="49.530377" lon="22.52198">
        <ele>491.1</ele>
      </trkpt>
      <trkpt lat="49.529973" lon="22.52272">
        <ele>491.9</ele>
      </trkpt>
      <trkpt lat="49.52957" lon="22.52346">
        <ele>493.5</ele>
      </trkpt>
      <trkpt lat="49.52921" lon="22.52417">
        <ele>493.4</ele>
      </trkpt>
      <trkpt lat="49.52912" lon="22.52441">
        <ele>493.8</ele>
      </trkpt>
      <trkpt lat="49.52908" lon="22.52461">
        <ele>494.3</ele>
      </trkpt>
      <trkpt lat="49.52906" lon="22.52482">
        <ele>494.9</ele>
      </trkpt>
      <trkpt lat="49.5291" lon="22.52563">
        <ele>498.9</ele>
      </trkpt>
      <trkpt lat="49.5291" lon="22.52595">
        <ele>501.5</ele>
      </trkpt>
      <trkpt lat="49.52906" lon="22.52618">
        <ele>503.1</ele>
      </trkpt>
      <trkpt lat="49.52896" lon="22.52647">
        <ele>504.6</ele>
      </trkpt>
      <trkpt lat="49.52886" lon="22.52666">
        <ele>505.3</ele>
      </trkpt>
      <trkpt lat="49.5284" lon="22.52721">
        <ele>504.3</ele>
      </trkpt>
      <trkpt lat="49.5281" lon="22.52761">
        <ele>504.9</ele>
      </trkpt>
      <trkpt lat="49.52793" lon="22.52792">
        <ele>507.4</ele>
      </trkpt>
      <trkpt lat="49.52778" lon="22.52833">
        <ele>509.2</ele>
      </trkpt>
      <trkpt lat="49.52767" lon="22.5285">
        <ele>509.9</ele>
      </trkpt>
      <trkpt lat="49.52752" lon="22.52871">
        <ele>510.7</ele>
      </trkpt>
      <trkpt lat="49.52711" lon="22.529135">
        <ele>509.8</ele>
      </trkpt>
      <trkpt lat="49.5267" lon="22.52956">
        <ele>507.0</ele>
      </trkpt>
      <trkpt lat="49.52656" lon="22.52975">
        <ele>507.2</ele>
      </trkpt>
      <trkpt lat="49.52644" lon="22.52996">
        <ele>508.3</ele>
      </trkpt>
      <trkpt lat="49.52601" lon="22.53109">
        <ele>512.9</ele>
      </trkpt>
      <trkpt lat="49.52539" lon="22.53204">
        <ele>516.6</ele>
      </trkpt>
      <trkpt lat="49.52516" lon="22.53248">
        <ele>518.9</ele>
      </trkpt>
      <trkpt lat="49.52497" lon="22.53301">
        <ele>522.7</ele>
      </trkpt>
      <trkpt lat="49.52452" lon="22.53403">
        <ele>525.5</ele>
      </trkpt>
      <trkpt lat="49.52428" lon="22.53456">
        <ele>525.9</ele>
      </trkpt>
      <trkpt lat="49.52396" lon="22.53516">
        <ele>528.5</ele>
      </trkpt>
      <trkpt lat="49.52377" lon="22.53574">
        <ele>530.2</ele>
      </trkpt>
      <trkpt lat="49.52358" lon="22.536555">
        <ele>534.7</ele>
      </trkpt>
      <trkpt lat="49.52339" lon="22.53737">
        <ele>537.8</ele>
      </trkpt>
      <trkpt lat="49.52311" lon="22.53799">
        <ele>537.7</ele>
      </trkpt>
      <trkpt lat="49.522803" lon="22.538893">
        <ele>539.8</ele>
      </trkpt>
      <trkpt lat="49.522497" lon="22.539797">
        <ele>545.4</ele>
      </trkpt>
      <trkpt lat="49.52219" lon="22.5407">
        <ele>545.4</ele>
      </trkpt>
      <trkpt lat="49.5217" lon="22.541705">
        <ele>541.5</ele>
      </trkpt>
      <trkpt lat="49.52121" lon="22.54271">
        <ele>536.9</ele>
      </trkpt>
      <trkpt lat="49.52072" lon="22.54344">
        <ele>533.7</ele>
      </trkpt>
      <trkpt lat="49.5203" lon="22.54433">
        <ele>530.4</ele>
      </trkpt>
      <trkpt lat="49.51988" lon="22.54522">
        <ele>527.6</ele>
      </trkpt>
      <trkpt lat="49.5196" lon="22.54618">
        <ele>525.6</ele>
      </trkpt>
      <trkpt lat="49.51961" lon="22.54695">
        <ele>523.1</ele>
      </trkpt>
      <trkpt lat="49.51957" lon="22.54726">
        <ele>522.9</ele>
      </trkpt>
      <trkpt lat="49.51928" lon="22.5483">
        <ele>523.4</ele>
      </trkpt>
      <trkpt lat="49.51904" lon="22.54895">
        <ele>525.1</ele>
      </trkpt>
      <trkpt lat="49.5186" lon="22.54999">
        <ele>526.0</ele>
      </trkpt>
      <trkpt lat="49.51825" lon="22.55053">
        <ele>524.1</ele>
      </trkpt>
      <trkpt lat="49.51788" lon="22.55082">
        <ele>520.1</ele>
      </trkpt>
      <trkpt lat="49.51741" lon="22.55116">
        <ele>518.4</ele>
      </trkpt>
      <trkpt lat="49.51696" lon="22.551455">
        <ele>517.3</ele>
      </trkpt>
      <trkpt lat="49.51651" lon="22.55175">
        <ele>515.8</ele>
      </trkpt>
      <trkpt lat="49.51592" lon="22.55254">
        <ele>512.9</ele>
      </trkpt>
      <trkpt lat="49.51535" lon="22.55354">
        <ele>512.1</ele>
      </trkpt>
      <trkpt lat="49.51515" lon="22.55414">
        <ele>513.2</ele>
      </trkpt>
      <trkpt lat="49.51487" lon="22.55517">
        <ele>516.6</ele>
      </trkpt>
      <trkpt lat="49.51459" lon="22.5562">
        <ele>518.0</ele>
      </trkpt>
      <trkpt lat="49.51439" lon="22.55682">
        <ele>519.2</ele>
      </trkpt>
      <trkpt lat="49.51419" lon="22.55744">
        <ele>519.9</ele>
      </trkpt>
      <trkpt lat="49.51395" lon="22.55789">
        <ele>519.8</ele>
      </trkpt>
      <trkpt lat="49.51335" lon="22.55878">
        <ele>520.8</ele>
      </trkpt>
      <trkpt lat="49.51292" lon="22.55969">
        <ele>522.4</ele>
      </trkpt>
      <trkpt lat="49.512665" lon="22.560365">
        <ele>522.3</ele>
      </trkpt>
      <trkpt lat="49.51241" lon="22.56104">
        <ele>522.5</ele>
      </trkpt>
      <trkpt lat="49.51228" lon="22.56126">
        <ele>522.4</ele>
      </trkpt>
      <trkpt lat="49.51205" lon="22.5615">
        <ele>521.8</ele>
      </trkpt>
      <trkpt lat="49.51156" lon="22.56186">
        <ele>520.0</ele>
      </trkpt>
      <trkpt lat="49.51133" lon="22.56206">
        <ele>519.9</ele>
      </trkpt>
      <trkpt lat="49.51098" lon="22.56258">
        <ele>520.0</ele>
      </trkpt>
      <trkpt lat="49.51063" lon="22.5631">
        <ele>520.8</ele>
      </trkpt>
      <trkpt lat="49.510225" lon="22.564185">
        <ele>524.0</ele>
      </trkpt>
      <trkpt lat="49.50982" lon="22.56527">
        <ele>529.4</ele>
      </trkpt>
      <trkpt lat="49.509615" lon="22.56598">
        <ele>531.4</ele>
      </trkpt>
      <trkpt lat="49.50941" lon="22.56669">
        <ele>532.6</ele>
      </trkpt>
      <trkpt lat="49.509187" lon="22.5677">
        <ele>536.2</ele>
      </trkpt>
      <trkpt lat="49.508963" lon="22.56871">
        <ele>541.0</ele>
      </trkpt>
      <trkpt lat="49.50874" lon="22.56972">
        <ele>546.1</ele>
      </trkpt>
      <trkpt lat="49.50854" lon="22.57028">
        <ele>548.6</ele>
      </trkpt>
      <trkpt lat="49.50838" lon="22.5705">
        <ele>549.2</ele>
      </trkpt>
      <trkpt lat="49.507975" lon="22.570815">
        <ele>549.6</ele>
      </trkpt>
      <trkpt lat="49.50757" lon="22.57113">
        <ele>549.5</ele>
      </trkpt>
      <trkpt lat="49.50696" lon="22.57141">
        <ele>549.1</ele>
      </trkpt>
      <trkpt lat="49.50635" lon="22.57166">
        <ele>548.9</ele>
      </trkpt>
      <trkpt lat="49.50574" lon="22.57191">
        <ele>548.9</ele>
      </trkpt>
      <trkpt lat="49.50567" lon="22.57196">
        <ele>548.4</ele>
      </trkpt>
      <trkpt lat="49.50537" lon="22.57234">
        <ele>546.7</ele>
      </trkpt>
      <trkpt lat="49.505045" lon="22.57294">
        <ele>541.8</ele>
      </trkpt>
      <trkpt lat="49.50472" lon="22.57354">
        <ele>538.9</ele>
      </trkpt>
      <trkpt lat="49.504385" lon="22.57428">
        <ele>537.0</ele>
      </trkpt>
      <trkpt lat="49.50405" lon="22.57502">
        <ele>535.2</ele>
      </trkpt>
      <trkpt lat="49.5039" lon="22.57556">
        <ele>534.2</ele>
      </trkpt>
      <trkpt lat="49.50381" lon="22.57612">
        <ele>532.2</ele>
      </trkpt>
      <trkpt lat="49.50378" lon="22.57673">
        <ele>531.3</ele>
      </trkpt>
      <trkpt lat="49.50367" lon="22.577965">
        <ele>532.3</ele>
      </trkpt>
      <trkpt lat="49.50356" lon="22.5792">
        <ele>535.2</ele>
      </trkpt>
      <trkpt lat="49.503545" lon="22.58016">
        <ele>532.6</ele>
      </trkpt>
      <trkpt lat="49.50353" lon="22.58112">
        <ele>529.1</ele>
      </trkpt>
      <trkpt lat="49.50344" lon="22.5814">
        <ele>528.7</ele>
      </trkpt>
      <trkpt lat="49.50305" lon="22.5818">
        <ele>527.1</ele>
      </trkpt>
      <trkpt lat="49.50249" lon="22.5825">
        <ele>522.4</ele>
      </trkpt>
      <trkpt lat="49.50237" lon="22.5829">
        <ele>521.0</ele>
      </trkpt>
      <trkpt lat="49.50223" lon="22.58384">
        <ele>519.5</ele>
      </trkpt>
      <trkpt lat="49.50218" lon="22.58455">
        <ele>516.6</ele>
      </trkpt>
      <trkpt lat="49.50243" lon="22.58577">
        <ele>514.2</ele>
      </trkpt>
      <trkpt lat="49.50255" lon="22.58676">
        <ele>516.7</ele>
      </trkpt>
      <trkpt lat="49.50244" lon="22.58807">
        <ele>515.7</ele>
      </trkpt>
      <trkpt lat="49.502257" lon="22.589157">
        <ele>514.1</ele>
      </trkpt>
      <trkpt lat="49.502073" lon="22.590243">
        <ele>513.3</ele>
      </trkpt>
      <trkpt lat="49.50189" lon="22.59133">
        <ele>511.0</ele>
      </trkpt>
      <trkpt lat="49.50172" lon="22.59184">
        <ele>508.9</ele>
      </trkpt>
      <trkpt lat="49.50138" lon="22.59211">
        <ele>506.3</ele>
      </trkpt>
      <trkpt lat="49.500755" lon="22.592495">
        <ele>501.6</ele>
      </trkpt>
      <trkpt lat="49.50013" lon="22.59288">
        <ele>498.8</ele>
      </trkpt>
      <trkpt lat="49.49955" lon="22.59339">
        <ele>494.7</ele>
      </trkpt>
      <trkpt lat="49.49932" lon="22.59372">
        <ele>492.6</ele>
      </trkpt>
      <trkpt lat="49.49922" lon="22.59393">
        <ele>492.1</ele>
      </trkpt>
      <trkpt lat="49.49912" lon="22.59429">
        <ele>491.3</ele>
      </trkpt>
      <trkpt lat="49.49901" lon="22.59479">
        <ele>490.5</ele>
      </trkpt>
      <trkpt lat="49.49861" lon="22.59572">
        <ele>489.7</ele>
      </trkpt>
      <trkpt lat="49.49815" lon="22.59665">
        <ele>488.0</ele>
      </trkpt>
      <trkpt lat="49.49795" lon="22.59745">
        <ele>487.4</ele>
      </trkpt>
      <trkpt lat="49.49759" lon="22.59849">
        <ele>486.7</ele>
      </trkpt>
      <trkpt lat="49.49719" lon="22.599325">
        <ele>485.3</ele>
      </trkpt>
      <trkpt lat="49.49679" lon="22.60016">
        <ele>483.7</ele>
      </trkpt>
      <trkpt lat="49.49661" lon="22.60081">
        <ele>482.0</ele>
      </trkpt>
      <trkpt lat="49.49657" lon="22.60117">
        <ele>481.3</ele>
      </trkpt>
      <trkpt lat="49.49667" lon="22.60166">
        <ele>480.7</ele>
      </trkpt>
      <trkpt lat="49.49674" lon="22.60212">
        <ele>480.2</ele>
      </trkpt>
      <trkpt lat="49.49666" lon="22.603175">
        <ele>479.2</ele>
      </trkpt>
      <trkpt lat="49.49658" lon="22.60423">
        <ele>477.7</ele>
      </trkpt>
      <trkpt lat="49.49647" lon="22.6047">
        <ele>477.0</ele>
      </trkpt>
      <trkpt lat="49.49598" lon="22.605575">
        <ele>476.9</ele>
      </trkpt>
      <trkpt lat="49.49549" lon="22.60645">
        <ele>479.8</ele>
      </trkpt>
      <trkpt lat="49.494913" lon="22.607471">
        <ele>482.3</ele>
      </trkpt>
      <trkpt lat="49.494335" lon="22.608493">
        <ele>482.8</ele>
      </trkpt>
      <trkpt lat="49.493758" lon="22.609514">
        <ele>482.2</ele>
      </trkpt>
      <trkpt lat="49.49318" lon="22.610535">
        <ele>478.8</ele>
      </trkpt>
      <trkpt lat="49.492603" lon="22.611556">
        <ele>479.1</ele>
      </trkpt>
      <trkpt lat="49.492025" lon="22.612578">
        <ele>475.0</ele>
      </trkpt>
      <trkpt lat="49.491448" lon="22.613599">
        <ele>468.2</ele>
      </trkpt>
      <trkpt lat="49.49087" lon="22.61462">
        <ele>464.5</ele>
      </trkpt>
      <trkpt lat="49.49043" lon="22.61518">
        <ele>464.0</ele>
      </trkpt>
      <trkpt lat="49.489671" lon="22.615919">
        <ele>464.4</ele>
      </trkpt>
      <trkpt lat="49.488912" lon="22.616658">
        <ele>462.7</ele>
      </trkpt>
      <trkpt lat="49.488153" lon="22.617397">
        <ele>460.5</ele>
      </trkpt>
      <trkpt lat="49.487394" lon="22.618136">
        <ele>457.3</ele>
      </trkpt>
      <trkpt lat="49.486635" lon="22.618875">
        <ele>455.1</ele>
      </trkpt>
      <trkpt lat="49.485876" lon="22.619614">
        <ele>455.0</ele>
      </trkpt>
      <trkpt lat="49.485117" lon="22.620353">
        <ele>454.6</ele>
      </trkpt>
      <trkpt lat="49.484358" lon="22.621092">
        <ele>453.5</ele>
      </trkpt>
      <trkpt lat="49.483599" lon="22.621831">
        <ele>452.8</ele>
      </trkpt>
      <trkpt lat="49.48284" lon="22.62257">
        <ele>452.8</ele>
      </trkpt>
      <trkpt lat="49.48229" lon="22.623073">
        <ele>453.2</ele>
      </trkpt>
      <trkpt lat="49.48174" lon="22.623577">
        <ele>456.6</ele>
      </trkpt>
      <trkpt lat="49.48119" lon="22.62408">
        <ele>459.2</ele>
      </trkpt>
      <trkpt lat="49.48075" lon="22.6243">
        <ele>462.3</ele>
      </trkpt>
      <trkpt lat="49.48009" lon="22.62442">
        <ele>461.3</ele>
      </trkpt>
      <trkpt lat="49.47985" lon="22.62462">
        <ele>461.6</ele>
      </trkpt>
      <trkpt lat="49.47973" lon="22.62501">
        <ele>462.0</ele>
      </trkpt>
      <trkpt lat="49.47956" lon="22.6258">
        <ele>465.5</ele>
      </trkpt>
      <trkpt lat="49.47924" lon="22.62649">
        <ele>468.5</ele>
      </trkpt>
      <trkpt lat="49.47876" lon="22.62709">
        <ele>466.2</ele>
      </trkpt>
      <trkpt lat="49.478185" lon="22.627775">
        <ele>463.2</ele>
      </trkpt>
      <trkpt lat="49.47761" lon="22.62846">
        <ele>475.1</ele>
      </trkpt>
      <trkpt lat="49.47732" lon="22.62905">
        <ele>478.9</ele>
      </trkpt>
      <trkpt lat="49.477043" lon="22.629873">
        <ele>476.6</ele>
      </trkpt>
      <trkpt lat="49.476767" lon="22.630697">
        <ele>468.4</ele>
      </trkpt>
      <trkpt lat="49.47649" lon="22.63152">
        <ele>459.9</ele>
      </trkpt>
      <trkpt lat="49.47615" lon="22.63237">
        <ele>462.1</ele>
      </trkpt>
      <trkpt lat="49.47581" lon="22.63322">
        <ele>467.8</ele>
      </trkpt>
      <trkpt lat="49.47547" lon="22.63407">
        <ele>467.2</ele>
      </trkpt>
      <trkpt lat="49.475153" lon="22.634953">
        <ele>465.4</ele>
      </trkpt>
      <trkpt lat="49.474837" lon="22.635837">
        <ele>463.1</ele>
      </trkpt>
      <trkpt lat="49.47452" lon="22.63672">
        <ele>459.5</ele>
      </trkpt>
      <trkpt lat="49.47425" lon="22.63719">
        <ele>455.7</ele>
      </trkpt>
      <trkpt lat="49.47367" lon="22.63746">
        <ele>448.3</ele>
      </trkpt>
      <trkpt lat="49.47309" lon="22.63773">
        <ele>450.9</ele>
      </trkpt>
      <trkpt lat="49.47295" lon="22.6379">
        <ele>454.5</ele>
      </trkpt>
      <trkpt lat="49.47265" lon="22.63849">
        <ele>462.0</ele>
      </trkpt>
      <trkpt lat="49.47243" lon="22.63861">
        <ele>464.4</ele>
      </trkpt>
      <trkpt lat="49.47208" lon="22.63856">
        <ele>467.1</ele>
      </trkpt>
      <trkpt lat="49.47152" lon="22.638305">
        <ele>470.0</ele>
      </trkpt>
      <trkpt lat="49.47096" lon="22.63805">
        <ele>470.1</ele>
      </trkpt>
      <trkpt lat="49.47033" lon="22.63799">
        <ele>477.5</ele>
      </trkpt>
      <trkpt lat="49.469885" lon="22.63812">
        <ele>484.5</ele>
      </trkpt>
      <trkpt lat="49.46944" lon="22.63825">
        <ele>492.3</ele>
      </trkpt>
      <trkpt lat="49.46937" lon="22.63831">
        <ele>493.1</ele>
      </trkpt>
      <trkpt lat="49.46932" lon="22.6384">
        <ele>494.4</ele>
      </trkpt>
      <trkpt lat="49.46932" lon="22.63853">
        <ele>495.4</ele>
      </trkpt>
      <trkpt lat="49.46963" lon="22.63935">
        <ele>494.9</ele>
      </trkpt>
      <trkpt lat="49.46962" lon="22.6396">
        <ele>495.5</ele>
      </trkpt>
      <trkpt lat="49.46942" lon="22.63972">
        <ele>496.3</ele>
      </trkpt>
      <trkpt lat="49.46889" lon="22.63974">
        <ele>503.2</ele>
      </trkpt>
      <trkpt lat="49.46856" lon="22.63963">
        <ele>506.7</ele>
      </trkpt>
      <trkpt lat="49.46804" lon="22.63898">
        <ele>510.7</ele>
      </trkpt>
      <trkpt lat="49.46785" lon="22.63878">
        <ele>511.7</ele>
      </trkpt>
      <trkpt lat="49.46759" lon="22.6387">
        <ele>512.4</ele>
      </trkpt>
      <trkpt lat="49.46683" lon="22.63854">
        <ele>513.1</ele>
      </trkpt>
      <trkpt lat="49.46607" lon="22.63838">
        <ele>507.9</ele>
      </trkpt>
      <trkpt lat="49.46531" lon="22.63822">
        <ele>500.7</ele>
      </trkpt>
      <trkpt lat="49.46508" lon="22.63825">
        <ele>497.9</ele>
      </trkpt>
      <trkpt lat="49.46448" lon="22.63868">
        <ele>491.7</ele>
      </trkpt>
      <trkpt lat="49.46412" lon="22.63887">
        <ele>488.0</ele>
      </trkpt>
      <trkpt lat="49.46348" lon="22.63907">
        <ele>480.8</ele>
      </trkpt>
      <trkpt lat="49.46308" lon="22.63927">
        <ele>477.3</ele>
      </trkpt>
      <trkpt lat="49.46289" lon="22.63922">
        <ele>475.2</ele>
      </trkpt>
      <trkpt lat="49.46252" lon="22.63896">
        <ele>469.7</ele>
      </trkpt>
      <trkpt lat="49.46224" lon="22.63899">
        <ele>468.0</ele>
      </trkpt>
      <trkpt lat="49.4619" lon="22.63931">
        <ele>469.5</ele>
      </trkpt>
      <trkpt lat="49.4617" lon="22.63989">
        <ele>469.9</ele>
      </trkpt>
      <trkpt lat="49.46151" lon="22.64037">
        <ele>468.6</ele>
      </trkpt>
      <trkpt lat="49.461115" lon="22.64077">
        <ele>465.0</ele>
      </trkpt>
      <trkpt lat="49.46072" lon="22.64117">
        <ele>458.1</ele>
      </trkpt>
      <trkpt lat="49.46031" lon="22.64179">
        <ele>454.1</ele>
      </trkpt>
      <trkpt lat="49.4599" lon="22.64241">
        <ele>450.4</ele>
      </trkpt>
      <trkpt lat="49.45965" lon="22.64253">
        <ele>448.0</ele>
      </trkpt>
      <trkpt lat="49.45933" lon="22.6424">
        <ele>446.8</ele>
      </trkpt>
      <trkpt lat="49.45876" lon="22.64143">
        <ele>441.5</ele>
      </trkpt>
      <trkpt lat="49.45834" lon="22.64114">
        <ele>439.0</ele>
      </trkpt>
      <trkpt lat="49.45808" lon="22.64119">
        <ele>436.3</ele>
      </trkpt>
      <trkpt lat="49.45763" lon="22.641695">
        <ele>428.7</ele>
      </trkpt>
      <trkpt lat="49.45718" lon="22.6422">
        <ele>426.9</ele>
      </trkpt>
      <trkpt lat="49.4566" lon="22.64141">
        <ele>429.7</ele>
      </trkpt>
      <trkpt lat="49.45602" lon="22.64062">
        <ele>432.1</ele>
      </trkpt>
      <trkpt lat="49.45573" lon="22.64009">
        <ele>432.1</ele>
      </trkpt>
      <trkpt lat="49.45561" lon="22.6398">
        <ele>431.6</ele>
      </trkpt>
      <trkpt lat="49.45548" lon="22.63936">
        <ele>431.0</ele>
      </trkpt>
      <trkpt lat="49.45534" lon="22.63866">
        <ele>428.3</ele>
      </trkpt>
      <trkpt lat="49.45532" lon="22.63841">
        <ele>427.3</ele>
      </trkpt>
      <trkpt lat="49.4553" lon="22.63784">
        <ele>425.5</ele>
      </trkpt>
      <trkpt lat="49.45533" lon="22.63724">
        <ele>424.6</ele>
      </trkpt>
      <trkpt lat="49.45543" lon="22.63609">
        <ele>425.3</ele>
      </trkpt>
      <trkpt lat="49.45544" lon="22.63559">
        <ele>426.4</ele>
      </trkpt>
      <trkpt lat="49.45542" lon="22.63519">
        <ele>426.8</ele>
      </trkpt>
      <trkpt lat="49.45537" lon="22.63489">
        <ele>427.6</ele>
      </trkpt>
      <trkpt lat="49.45524" lon="22.63441">
        <ele>428.0</ele>
      </trkpt>
      <trkpt lat="49.45514" lon="22.63415">
        <ele>428.2</ele>
      </trkpt>
      <trkpt lat="49.45499" lon="22.63385">
        <ele>428.5</ele>
      </trkpt>
      <trkpt lat="49.45474" lon="22.63351">
        <ele>429.1</ele>
      </trkpt>
      <trkpt lat="49.45461" lon="22.63338">
        <ele>429.3</ele>
      </trkpt>
      <trkpt lat="49.45403" lon="22.632935">
        <ele>429.4</ele>
      </trkpt>
      <trkpt lat="49.45345" lon="22.63249">
        <ele>428.9</ele>
      </trkpt>
      <trkpt lat="49.45325" lon="22.63232">
        <ele>429.0</ele>
      </trkpt>
      <trkpt lat="49.45249" lon="22.631595">
        <ele>430.2</ele>
      </trkpt>
      <trkpt lat="49.45173" lon="22.63087">
        <ele>431.5</ele>
      </trkpt>
      <trkpt lat="49.45109" lon="22.63023">
        <ele>431.6</ele>
      </trkpt>
      <trkpt lat="49.45045" lon="22.62959">
        <ele>432.1</ele>
      </trkpt>
      <trkpt lat="49.45025" lon="22.62943">
        <ele>432.0</ele>
      </trkpt>
      <trkpt lat="49.45" lon="22.6293">
        <ele>431.9</ele>
      </trkpt>
      <trkpt lat="49.44935" lon="22.62914">
        <ele>431.7</ele>
      </trkpt>
      <trkpt lat="49.44907" lon="22.62905">
        <ele>431.6</ele>
      </trkpt>
      <trkpt lat="49.44882" lon="22.62895">
        <ele>431.6</ele>
      </trkpt>
      <trkpt lat="49.44828" lon="22.62867">
        <ele>431.6</ele>
      </trkpt>
      <trkpt lat="49.44795" lon="22.62839">
        <ele>432.0</ele>
      </trkpt>
      <trkpt lat="49.44793" lon="22.62845">
        <ele>432.0</ele>
      </trkpt>
      <trkpt lat="49.44729" lon="22.62902">
        <ele>431.9</ele>
      </trkpt>
      <trkpt lat="49.44654" lon="22.62974">
        <ele>436.5</ele>
      </trkpt>
      <trkpt lat="49.4464" lon="22.62989">
        <ele>437.2</ele>
      </trkpt>
      <trkpt lat="49.4462" lon="22.63003">
        <ele>437.4</ele>
      </trkpt>
      <trkpt lat="49.445815" lon="22.630455">
        <ele>438.4</ele>
      </trkpt>
      <trkpt lat="49.44543" lon="22.63088">
        <ele>439.2</ele>
      </trkpt>
      <trkpt lat="49.44477" lon="22.63166">
        <ele>441.9</ele>
      </trkpt>
      <trkpt lat="49.44435" lon="22.63238">
        <ele>444.2</ele>
      </trkpt>
      <trkpt lat="49.443953" lon="22.63324">
        <ele>449.1</ele>
      </trkpt>
      <trkpt lat="49.443555" lon="22.6341">
        <ele>453.5</ele>
      </trkpt>
      <trkpt lat="49.443158" lon="22.63496">
        <ele>460.5</ele>
      </trkpt>
      <trkpt lat="49.44276" lon="22.63582">
        <ele>469.0</ele>
      </trkpt>
      <trkpt lat="49.44244" lon="22.63621">
        <ele>472.5</ele>
      </trkpt>
      <trkpt lat="49.44208" lon="22.6363">
        <ele>473.5</ele>
      </trkpt>
      <trkpt lat="49.441455" lon="22.63634">
        <ele>473.5</ele>
      </trkpt>
      <trkpt lat="49.44083" lon="22.63638">
        <ele>472.6</ele>
      </trkpt>
      <trkpt lat="49.44027" lon="22.636465">
        <ele>467.5</ele>
      </trkpt>
      <trkpt lat="49.43971" lon="22.63655">
        <ele>462.3</ele>
      </trkpt>
      <trkpt lat="49.43921" lon="22.63654">
        <ele>457.5</ele>
      </trkpt>
      <trkpt lat="49.43893" lon="22.63678">
        <ele>457.3</ele>
      </trkpt>
      <trkpt lat="49.43876" lon="22.63699">
        <ele>457.8</ele>
      </trkpt>
      <trkpt lat="49.438403" lon="22.637997">
        <ele>461.6</ele>
      </trkpt>
      <trkpt lat="49.438047" lon="22.639003">
        <ele>465.1</ele>
      </trkpt>
      <trkpt lat="49.43769" lon="22.64001">
        <ele>467.8</ele>
      </trkpt>
      <trkpt lat="49.436945" lon="22.640745">
        <ele>470.9</ele>
      </trkpt>
      <trkpt lat="49.4362" lon="22.64148">
        <ele>474.4</ele>
      </trkpt>
      <trkpt lat="49.435455" lon="22.642215">
        <ele>478.2</ele>
      </trkpt>
      <trkpt lat="49.43471" lon="22.64295">
        <ele>481.3</ele>
      </trkpt>
      <trkpt lat="49.43397" lon="22.64371">
        <ele>477.3</ele>
      </trkpt>
      <trkpt lat="49.43351" lon="22.64424">
        <ele>478.5</ele>
      </trkpt>
      <trkpt lat="49.432967" lon="22.644777">
        <ele>478.2</ele>
      </trkpt>
      <trkpt lat="49.432423" lon="22.645313">
        <ele>474.5</ele>
      </trkpt>
      <trkpt lat="49.43188" lon="22.64585">
        <ele>473.0</ele>
      </trkpt>
      <trkpt lat="49.43152" lon="22.6468">
        <ele>477.4</ele>
      </trkpt>
      <trkpt lat="49.431173" lon="22.647643">
        <ele>478.9</ele>
      </trkpt>
      <trkpt lat="49.430827" lon="22.648487">
        <ele>477.6</ele>
      </trkpt>
      <trkpt lat="49.43048" lon="22.64933">
        <ele>477.4</ele>
      </trkpt>
      <trkpt lat="49.430078" lon="22.650333">
        <ele>479.6</ele>
      </trkpt>
      <trkpt lat="49.429675" lon="22.651335">
        <ele>482.4</ele>
      </trkpt>
      <trkpt lat="49.429273" lon="22.652338">
        <ele>485.1</ele>
      </trkpt>
      <trkpt lat="49.42887" lon="22.65334">
        <ele>488.9</ele>
      </trkpt>
      <trkpt lat="49.42869" lon="22.65368">
        <ele>490.6</ele>
      </trkpt>
      <trkpt lat="49.42849" lon="22.65387">
        <ele>491.2</ele>
      </trkpt>
      <trkpt lat="49.42792" lon="22.654165">
        <ele>490.6</ele>
      </trkpt>
      <trkpt lat="49.42735" lon="22.65446">
        <ele>489.3</ele>
      </trkpt>
      <trkpt lat="49.427" lon="22.65468">
        <ele>490.3</ele>
      </trkpt>
      <trkpt lat="49.42677" lon="22.65479">
        <ele>490.7</ele>
      </trkpt>
      <trkpt lat="49.42649" lon="22.65486">
        <ele>489.9</ele>
      </trkpt>
      <trkpt lat="49.42643" lon="22.6547">
        <ele>489.4</ele>
      </trkpt>
      <trkpt lat="49.42634" lon="22.65455">
        <ele>488.6</ele>
      </trkpt>
      <trkpt lat="49.42606" lon="22.65423">
        <ele>487.5</ele>
      </trkpt>
      <trkpt lat="49.425515" lon="22.65385">
        <ele>481.0</ele>
      </trkpt>
      <trkpt lat="49.42497" lon="22.65347">
        <ele>482.0</ele>
      </trkpt>
      <trkpt lat="49.42472" lon="22.65332">
        <ele>484.9</ele>
      </trkpt>
      <trkpt lat="49.42449" lon="22.65323">
        <ele>487.6</ele>
      </trkpt>
      <trkpt lat="49.42428" lon="22.65318">
        <ele>488.3</ele>
      </trkpt>
      <trkpt lat="49.42374" lon="22.65313">
        <ele>488.6</ele>
      </trkpt>
      <trkpt lat="49.42336" lon="22.65312">
        <ele>491.5</ele>
      </trkpt>
      <trkpt lat="49.42314" lon="22.65314">
        <ele>493.9</ele>
      </trkpt>
      <trkpt lat="49.42246" lon="22.65335">
        <ele>504.7</ele>
      </trkpt>
      <trkpt lat="49.42231" lon="22.65338">
        <ele>507.1</ele>
      </trkpt>
      <trkpt lat="49.42219" lon="22.65337">
        <ele>508.2</ele>
      </trkpt>
      <trkpt lat="49.4221" lon="22.65334">
        <ele>508.2</ele>
      </trkpt>
      <trkpt lat="49.42199" lon="22.65321">
        <ele>508.2</ele>
      </trkpt>
      <trkpt lat="49.421467" lon="22.652487">
        <ele>518.5</ele>
      </trkpt>
      <trkpt lat="49.420943" lon="22.651763">
        <ele>524.0</ele>
      </trkpt>
      <trkpt lat="49.42042" lon="22.65104">
        <ele>529.2</ele>
      </trkpt>
      <trkpt lat="49.42021" lon="22.65087">
        <ele>530.6</ele>
      </trkpt>
      <trkpt lat="49.41999" lon="22.65076">
        <ele>531.0</ele>
      </trkpt>
      <trkpt lat="49.41982" lon="22.6507">
        <ele>531.6</ele>
      </trkpt>
      <trkpt lat="49.41945" lon="22.6507">
        <ele>532.0</ele>
      </trkpt>
      <trkpt lat="49.41906" lon="22.65073">
        <ele>532.3</ele>
      </trkpt>
      <trkpt lat="49.41885" lon="22.65126">
        <ele>532.1</ele>
      </trkpt>
      <trkpt lat="49.41874" lon="22.65118">
        <ele>531.8</ele>
      </trkpt>
      <trkpt lat="49.41859" lon="22.65116">
        <ele>531.3</ele>
      </trkpt>
      <trkpt lat="49.4183" lon="22.65116">
        <ele>529.0</ele>
      </trkpt>
      <trkpt lat="49.41812" lon="22.65113">
        <ele>526.3</ele>
      </trkpt>
      <trkpt lat="49.41746" lon="22.65087">
        <ele>517.5</ele>
      </trkpt>
      <trkpt lat="49.41716" lon="22.65079">
        <ele>506.6</ele>
      </trkpt>
      <trkpt lat="49.41633" lon="22.650695">
        <ele>499.8</ele>
      </trkpt>
      <trkpt lat="49.4155" lon="22.6506">
        <ele>489.5</ele>
      </trkpt>
      <trkpt lat="49.41486" lon="22.6505">
        <ele>482.5</ele>
      </trkpt>
      <trkpt lat="49.41422" lon="22.6504">
        <ele>479.3</ele>
      </trkpt>
      <trkpt lat="49.41358" lon="22.6503">
        <ele>478.1</ele>
      </trkpt>
      <trkpt lat="49.412895" lon="22.65023">
        <ele>477.2</ele>
      </trkpt>
      <trkpt lat="49.41221" lon="22.65016">
        <ele>480.9</ele>
      </trkpt>
      <trkpt lat="49.41233" lon="22.65077">
        <ele>481.3</ele>
      </trkpt>
      <trkpt lat="49.41234" lon="22.65112">
        <ele>482.0</ele>
      </trkpt>
      <trkpt lat="49.4123" lon="22.65136">
        <ele>482.0</ele>
      </trkpt>
      <trkpt lat="49.41208" lon="22.652135">
        <ele>483.2</ele>
      </trkpt>
      <trkpt lat="49.41186" lon="22.65291">
        <ele>484.6</ele>
      </trkpt>
      <trkpt lat="49.4117" lon="22.65333">
        <ele>484.7</ele>
      </trkpt>
      <trkpt lat="49.411313" lon="22.654183">
        <ele>485.2</ele>
      </trkpt>
      <trkpt lat="49.410927" lon="22.655037">
        <ele>486.2</ele>
      </trkpt>
      <trkpt lat="49.41054" lon="22.65589">
        <ele>487.9</ele>
      </trkpt>
      <trkpt lat="49.41025" lon="22.65646">
        <ele>487.9</ele>
      </trkpt>
      <trkpt lat="49.41009" lon="22.65663">
        <ele>488.2</ele>
      </trkpt>
      <trkpt lat="49.41" lon="22.65667">
        <ele>488.2</ele>
      </trkpt>
      <trkpt lat="49.40988" lon="22.65666">
        <ele>488.2</ele>
      </trkpt>
      <trkpt lat="49.40975" lon="22.6566">
        <ele>488.4</ele>
      </trkpt>
      <trkpt lat="49.409145" lon="22.656195">
        <ele>490.1</ele>
      </trkpt>
      <trkpt lat="49.40854" lon="22.65579">
        <ele>491.0</ele>
      </trkpt>
      <trkpt lat="49.40806" lon="22.65565">
        <ele>491.2</ele>
      </trkpt>
      <trkpt lat="49.40794" lon="22.65567">
        <ele>491.3</ele>
      </trkpt>
      <trkpt lat="49.40786" lon="22.65561">
        <ele>491.3</ele>
      </trkpt>
      <trkpt lat="49.40751" lon="22.65544">
        <ele>491.6</ele>
      </trkpt>
      <trkpt lat="49.40708" lon="22.65534">
        <ele>491.7</ele>
      </trkpt>
      <trkpt lat="49.40634" lon="22.65523">
        <ele>492.3</ele>
      </trkpt>
      <trkpt lat="49.40572" lon="22.65503">
        <ele>494.3</ele>
      </trkpt>
      <trkpt lat="49.4051" lon="22.65483">
        <ele>497.6</ele>
      </trkpt>
      <trkpt lat="49.40432" lon="22.65467">
        <ele>502.3</ele>
      </trkpt>
      <trkpt lat="49.40411" lon="22.65466">
        <ele>503.6</ele>
      </trkpt>
      <trkpt lat="49.40355" lon="22.65489">
        <ele>505.2</ele>
      </trkpt>
      <trkpt lat="49.40346" lon="22.6549">
        <ele>504.9</ele>
      </trkpt>
      <trkpt lat="49.40337" lon="22.65488">
        <ele>504.4</ele>
      </trkpt>
      <trkpt lat="49.40312" lon="22.65475">
        <ele>500.6</ele>
      </trkpt>
      <trkpt lat="49.40302" lon="22.65466">
        <ele>498.9</ele>
      </trkpt>
      <trkpt lat="49.40293" lon="22.65453">
        <ele>495.5</ele>
      </trkpt>
      <trkpt lat="49.40287" lon="22.65436">
        <ele>493.8</ele>
      </trkpt>
      <trkpt lat="49.40257" lon="22.6531">
        <ele>487.9</ele>
      </trkpt>
      <trkpt lat="49.40252" lon="22.65276">
        <ele>485.9</ele>
      </trkpt>
      <trkpt lat="49.40248" lon="22.65206">
        <ele>485.6</ele>
      </trkpt>
      <trkpt lat="49.40236" lon="22.65198">
        <ele>485.4</ele>
      </trkpt>
      <trkpt lat="49.4017" lon="22.65184">
        <ele>485.7</ele>
      </trkpt>
      <trkpt lat="49.40084" lon="22.65183">
        <ele>487.2</ele>
      </trkpt>
      <trkpt lat="49.40074" lon="22.65184">
        <ele>487.2</ele>
      </trkpt>
      <trkpt lat="49.40067" lon="22.65175">
        <ele>487.3</ele>
      </trkpt>
      <trkpt lat="49.40091" lon="22.65093">
        <ele>489.7</ele>
      </trkpt>
      <trkpt lat="49.40089" lon="22.65082">
        <ele>489.8</ele>
      </trkpt>
      <trkpt lat="49.40053" lon="22.65073">
        <ele>490.0</ele>
      </trkpt>
      <trkpt lat="49.400035" lon="22.650365">
        <ele>490.9</ele>
      </trkpt>
      <trkpt lat="49.39954" lon="22.65">
        <ele>493.3</ele>
      </trkpt>
      <trkpt lat="49.39939" lon="22.6498">
        <ele>493.8</ele>
      </trkpt>
      <trkpt lat="49.39864" lon="22.64921">
        <ele>496.1</ele>
      </trkpt>
      <trkpt lat="49.39812" lon="22.64873">
        <ele>498.5</ele>
      </trkpt>
      <trkpt lat="49.39788" lon="22.64846">
        <ele>499.0</ele>
      </trkpt>
      <trkpt lat="49.39756" lon="22.64801">
        <ele>500.1</ele>
      </trkpt>
      <trkpt lat="49.39722" lon="22.64745">
        <ele>500.2</ele>
      </trkpt>
      <trkpt lat="49.396793" lon="22.64664">
        <ele>500.0</ele>
      </trkpt>
      <trkpt lat="49.396367" lon="22.64583">
        <ele>501.1</ele>
      </trkpt>
      <trkpt lat="49.39594" lon="22.64502">
        <ele>502.2</ele>
      </trkpt>
      <trkpt lat="49.39553" lon="22.64419">
        <ele>505.0</ele>
      </trkpt>
      <trkpt lat="49.39516" lon="22.643385">
        <ele>507.6</ele>
      </trkpt>
      <trkpt lat="49.39479" lon="22.64258">
        <ele>511.7</ele>
      </trkpt>
      <trkpt lat="49.39471" lon="22.64243">
        <ele>511.9</ele>
      </trkpt>
      <trkpt lat="49.3945" lon="22.64219">
        <ele>511.6</ele>
      </trkpt>
      <trkpt lat="49.393733" lon="22.641592">
        <ele>508.4</ele>
      </trkpt>
      <trkpt lat="49.392965" lon="22.640995">
        <ele>504.8</ele>
      </trkpt>
      <trkpt lat="49.392198" lon="22.640397">
        <ele>502.6</ele>
      </trkpt>
      <trkpt lat="49.39143" lon="22.6398">
        <ele>504.0</ele>
      </trkpt>
      <trkpt lat="49.39075" lon="22.639345">
        <ele>506.6</ele>
      </trkpt>
      <trkpt lat="49.39007" lon="22.63889">
        <ele>513.7</ele>
      </trkpt>
      <trkpt lat="49.38982" lon="22.63866">
        <ele>515.6</ele>
      </trkpt>
      <trkpt lat="49.389465" lon="22.638135">
        <ele>517.1</ele>
      </trkpt>
      <trkpt lat="49.38911" lon="22.63761">
        <ele>516.1</ele>
      </trkpt>
      <trkpt lat="49.388625" lon="22.636935">
        <ele>515.0</ele>
      </trkpt>
      <trkpt lat="49.38814" lon="22.63626">
        <ele>514.9</ele>
      </trkpt>
      <trkpt lat="49.38796" lon="22.63603">
        <ele>514.8</ele>
      </trkpt>
      <trkpt lat="49.38783" lon="22.63591">
        <ele>514.7</ele>
      </trkpt>
      <trkpt lat="49.38756" lon="22.63578">
        <ele>514.4</ele>
      </trkpt>
      <trkpt lat="49.38705" lon="22.63565">
        <ele>514.1</ele>
      </trkpt>
      <trkpt lat="49.3865" lon="22.63554">
        <ele>514.2</ele>
      </trkpt>
      <trkpt lat="49.38639" lon="22.63554">
        <ele>514.2</ele>
      </trkpt>
      <trkpt lat="49.38618" lon="22.63559">
        <ele>513.9</ele>
      </trkpt>
      <trkpt lat="49.38537" lon="22.63603">
        <ele>514.4</ele>
      </trkpt>
      <trkpt lat="49.384787" lon="22.636377">
        <ele>515.1</ele>
      </trkpt>
      <trkpt lat="49.384203" lon="22.636723">
        <ele>515.6</ele>
      </trkpt>
      <trkpt lat="49.38362" lon="22.63707">
        <ele>515.9</ele>
      </trkpt>
      <trkpt lat="49.38338" lon="22.63731">
        <ele>515.7</ele>
      </trkpt>
      <trkpt lat="49.38318" lon="22.63763">
        <ele>515.4</ele>
      </trkpt>
      <trkpt lat="49.38268" lon="22.63854">
        <ele>516.2</ele>
      </trkpt>
      <trkpt lat="49.38218" lon="22.63945">
        <ele>519.4</ele>
      </trkpt>
      <trkpt lat="49.381725" lon="22.640255">
        <ele>526.8</ele>
      </trkpt>
      <trkpt lat="49.38127" lon="22.64106">
        <ele>530.0</ele>
      </trkpt>
      <trkpt lat="49.38117" lon="22.64117">
        <ele>530.4</ele>
      </trkpt>
      <trkpt lat="49.38093" lon="22.64135">
        <ele>530.5</ele>
      </trkpt>
      <trkpt lat="49.3807" lon="22.64139">
        <ele>530.4</ele>
      </trkpt>
      <trkpt lat="49.37985" lon="22.64134">
        <ele>530.1</ele>
      </trkpt>
      <trkpt lat="49.37961" lon="22.6414">
        <ele>530.2</ele>
      </trkpt>
      <trkpt lat="49.37948" lon="22.64146">
        <ele>530.5</ele>
      </trkpt>
      <trkpt lat="49.378748" lon="22.642208">
        <ele>531.5</ele>
      </trkpt>
      <trkpt lat="49.378015" lon="22.642955">
        <ele>533.1</ele>
      </trkpt>
      <trkpt lat="49.377283" lon="22.643703">
        <ele>534.1</ele>
      </trkpt>
      <trkpt lat="49.37655" lon="22.64445">
        <ele>536.0</ele>
      </trkpt>
      <trkpt lat="49.375875" lon="22.644905">
        <ele>535.0</ele>
      </trkpt>
      <trkpt lat="49.3752" lon="22.64536">
        <ele>534.4</ele>
      </trkpt>
      <trkpt lat="49.374515" lon="22.645805">
        <ele>534.6</ele>
      </trkpt>
      <trkpt lat="49.37383" lon="22.64625">
        <ele>535.6</ele>
      </trkpt>
      <trkpt lat="49.37362" lon="22.64642">
        <ele>535.7</ele>
      </trkpt>
      <trkpt lat="49.37342" lon="22.64669">
        <ele>536.0</ele>
      </trkpt>
      <trkpt lat="49.37288" lon="22.6477">
        <ele>538.8</ele>
      </trkpt>
      <trkpt lat="49.37234" lon="22.64871">
        <ele>541.5</ele>
      </trkpt>
      <trkpt lat="49.3718" lon="22.64972">
        <ele>544.0</ele>
      </trkpt>
      <trkpt lat="49.37126" lon="22.65073">
        <ele>545.6</ele>
      </trkpt>
      <trkpt lat="49.370714" lon="22.65177">
        <ele>547.7</ele>
      </trkpt>
      <trkpt lat="49.370168" lon="22.65281">
        <ele>550.0</ele>
      </trkpt>
      <trkpt lat="49.369622" lon="22.65385">
        <ele>552.7</ele>
      </trkpt>
      <trkpt lat="49.369076" lon="22.65489">
        <ele>554.0</ele>
      </trkpt>
      <trkpt lat="49.36853" lon="22.65593">
        <ele>554.8</ele>
      </trkpt>
      <trkpt lat="49.36811" lon="22.65681">
        <ele>553.9</ele>
      </trkpt>
      <trkpt lat="49.367625" lon="22.65789">
        <ele>554.6</ele>
      </trkpt>
      <trkpt lat="49.36714" lon="22.65897">
        <ele>556.9</ele>
      </trkpt>
      <trkpt lat="49.36703" lon="22.65919">
        <ele>557.1</ele>
      </trkpt>
      <trkpt lat="49.36695" lon="22.6593">
        <ele>557.3</ele>
      </trkpt>
      <trkpt lat="49.36677" lon="22.65949">
        <ele>557.5</ele>
      </trkpt>
      <trkpt lat="49.36613" lon="22.65996">
        <ele>558.0</ele>
      </trkpt>
      <trkpt lat="49.36594" lon="22.6602">
        <ele>558.8</ele>
      </trkpt>
      <trkpt lat="49.36581" lon="22.66042">
        <ele>559.2</ele>
      </trkpt>
      <trkpt lat="49.36556" lon="22.66114">
        <ele>562.9</ele>
      </trkpt>
      <trkpt lat="49.36531" lon="22.66186">
        <ele>565.0</ele>
      </trkpt>
      <trkpt lat="49.36482" lon="22.66296">
        <ele>567.8</ele>
      </trkpt>
      <trkpt lat="49.36433" lon="22.66406">
        <ele>572.8</ele>
      </trkpt>
      <trkpt lat="49.364005" lon="22.664725">
        <ele>575.7</ele>
      </trkpt>
      <trkpt lat="49.36368" lon="22.66539">
        <ele>576.6</ele>
      </trkpt>
      <trkpt lat="49.36314" lon="22.666475">
        <ele>576.5</ele>
      </trkpt>
      <trkpt lat="49.3626" lon="22.66756">
        <ele>580.1</ele>
      </trkpt>
      <trkpt lat="49.36232" lon="22.66805">
        <ele>582.0</ele>
      </trkpt>
      <trkpt lat="49.36179" lon="22.668862">
        <ele>584.8</ele>
      </trkpt>
      <trkpt lat="49.36126" lon="22.669674">
        <ele>584.9</ele>
      </trkpt>
      <trkpt lat="49.36073" lon="22.670486">
        <ele>585.0</ele>
      </trkpt>
      <trkpt lat="49.3602" lon="22.671298">
        <ele>586.0</ele>
      </trkpt>
      <trkpt lat="49.35967" lon="22.67211">
        <ele>587.2</ele>
      </trkpt>
      <trkpt lat="49.359005" lon="22.672945">
        <ele>588.7</ele>
      </trkpt>
      <trkpt lat="49.35834" lon="22.67378">
        <ele>591.2</ele>
      </trkpt>
      <trkpt lat="49.35799" lon="22.67428">
        <ele>594.3</ele>
      </trkpt>
      <trkpt lat="49.35784" lon="22.67458">
        <ele>594.9</ele>
      </trkpt>
      <trkpt lat="49.357425" lon="22.67559">
        <ele>597.9</ele>
      </trkpt>
      <trkpt lat="49.35701" lon="22.6766">
        <ele>603.6</ele>
      </trkpt>
      <trkpt lat="49.35668" lon="22.67721">
        <ele>606.7</ele>
      </trkpt>
      <trkpt lat="49.35615" lon="22.67794">
        <ele>609.5</ele>
      </trkpt>
      <trkpt lat="49.35561" lon="22.67863">
        <ele>610.5</ele>
      </trkpt>
      <trkpt lat="49.35507" lon="22.67932">
        <ele>610.8</ele>
      </trkpt>
      <trkpt lat="49.35466" lon="22.67984">
        <ele>610.8</ele>
      </trkpt>
      <trkpt lat="49.35438" lon="22.68006">
        <ele>611.1</ele>
      </trkpt>
      <trkpt lat="49.35382" lon="22.68037">
        <ele>612.9</ele>
      </trkpt>
      <trkpt lat="49.35368" lon="22.68051">
        <ele>614.7</ele>
      </trkpt>
      <trkpt lat="49.35352" lon="22.68072">
        <ele>616.2</ele>
      </trkpt>
      <trkpt lat="49.35332" lon="22.68104">
        <ele>618.7</ele>
      </trkpt>
      <trkpt lat="49.352935" lon="22.6817">
        <ele>624.1</ele>
      </trkpt>
      <trkpt lat="49.35255" lon="22.68236">
        <ele>628.1</ele>
      </trkpt>
      <trkpt lat="49.35224" lon="22.68276">
        <ele>631.4</ele>
      </trkpt>
      <trkpt lat="49.35193" lon="22.68297">
        <ele>634.2</ele>
      </trkpt>
      <trkpt lat="49.35177" lon="22.68305">
        <ele>635.1</ele>
      </trkpt>
      <trkpt lat="49.35164" lon="22.68309">
        <ele>635.6</ele>
      </trkpt>
      <trkpt lat="49.35138" lon="22.68304">
        <ele>636.6</ele>
      </trkpt>
      <trkpt lat="49.35123" lon="22.68296">
        <ele>636.8</ele>
      </trkpt>
      <trkpt lat="49.3511" lon="22.68284">
        <ele>636.8</ele>
      </trkpt>
      <trkpt lat="49.35094" lon="22.68264">
        <ele>635.5</ele>
      </trkpt>
      <trkpt lat="49.35083" lon="22.68245">
        <ele>634.9</ele>
      </trkpt>
      <trkpt lat="49.35049" lon="22.68178">
        <ele>629.4</ele>
      </trkpt>
      <trkpt lat="49.35035" lon="22.6816">
        <ele>628.2</ele>
      </trkpt>
      <trkpt lat="49.35005" lon="22.68141">
        <ele>624.8</ele>
      </trkpt>
      <trkpt lat="49.34989" lon="22.68139">
        <ele>624.1</ele>
      </trkpt>
      <trkpt lat="49.34972" lon="22.68141">
        <ele>623.4</ele>
      </trkpt>
      <trkpt lat="49.34958" lon="22.68146">
        <ele>620.4</ele>
      </trkpt>
      <trkpt lat="49.34943" lon="22.68158">
        <ele>620.4</ele>
      </trkpt>
      <trkpt lat="49.34932" lon="22.6817">
        <ele>620.4</ele>
      </trkpt>
      <trkpt lat="49.3492" lon="22.68187">
        <ele>616.9</ele>
      </trkpt>
      <trkpt lat="49.34908" lon="22.68214">
        <ele>616.9</ele>
      </trkpt>
      <trkpt lat="49.34891" lon="22.68247">
        <ele>613.7</ele>
      </trkpt>
      <trkpt lat="49.3488" lon="22.68265">
        <ele>613.7</ele>
      </trkpt>
      <trkpt lat="49.34868" lon="22.68278">
        <ele>611.3</ele>
      </trkpt>
      <trkpt lat="49.34858" lon="22.68286">
        <ele>611.3</ele>
      </trkpt>
      <trkpt lat="49.34844" lon="22.68292">
        <ele>609.4</ele>
      </trkpt>
      <trkpt lat="49.34818" lon="22.68298">
        <ele>607.8</ele>
      </trkpt>
      <trkpt lat="49.348" lon="22.68293">
        <ele>607.8</ele>
      </trkpt>
      <trkpt lat="49.347435" lon="22.682575">
        <ele>602.5</ele>
      </trkpt>
      <trkpt lat="49.34687" lon="22.68222">
        <ele>599.5</ele>
      </trkpt>
      <trkpt lat="49.34673" lon="22.68208">
        <ele>599.4</ele>
      </trkpt>
      <trkpt lat="49.3466" lon="22.68192">
        <ele>599.3</ele>
      </trkpt>
      <trkpt lat="49.34605" lon="22.68111">
        <ele>597.8</ele>
      </trkpt>
      <trkpt lat="49.3455" lon="22.6803">
        <ele>595.1</ele>
      </trkpt>
      <trkpt lat="49.344968" lon="22.679537">
        <ele>593.7</ele>
      </trkpt>
      <trkpt lat="49.344435" lon="22.678775">
        <ele>593.4</ele>
      </trkpt>
      <trkpt lat="49.343903" lon="22.678012">
        <ele>592.4</ele>
      </trkpt>
      <trkpt lat="49.34337" lon="22.67725">
        <ele>590.8</ele>
      </trkpt>
      <trkpt lat="49.34303" lon="22.676795">
        <ele>589.8</ele>
      </trkpt>
      <trkpt lat="49.34269" lon="22.67634">
        <ele>587.3</ele>
      </trkpt>
      <trkpt lat="49.34212" lon="22.67562">
        <ele>585.8</ele>
      </trkpt>
      <trkpt lat="49.341665" lon="22.67508">
        <ele>584.6</ele>
      </trkpt>
      <trkpt lat="49.34121" lon="22.67454">
        <ele>583.4</ele>
      </trkpt>
      <trkpt lat="49.34087" lon="22.67429">
        <ele>583.4</ele>
      </trkpt>
      <trkpt lat="49.34005" lon="22.67395">
        <ele>583.0</ele>
      </trkpt>
      <trkpt lat="49.33959" lon="22.67378">
        <ele>583.1</ele>
      </trkpt>
      <trkpt lat="49.33913" lon="22.67361">
        <ele>583.6</ele>
      </trkpt>
      <trkpt lat="49.338316" lon="22.673296">
        <ele>583.6</ele>
      </trkpt>
      <trkpt lat="49.337501" lon="22.672981">
        <ele>581.2</ele>
      </trkpt>
      <trkpt lat="49.336687" lon="22.672667">
        <ele>577.4</ele>
      </trkpt>
      <trkpt lat="49.335873" lon="22.672353">
        <ele>575.4</ele>
      </trkpt>
      <trkpt lat="49.335059" lon="22.672039">
        <ele>573.5</ele>
      </trkpt>
      <trkpt lat="49.334244" lon="22.671724">
        <ele>572.7</ele>
      </trkpt>
      <trkpt lat="49.33343" lon="22.67141">
        <ele>571.4</ele>
      </trkpt>
      <trkpt lat="49.3329" lon="22.67119">
        <ele>570.0</ele>
      </trkpt>
      <trkpt lat="49.332097" lon="22.670887">
        <ele>568.4</ele>
      </trkpt>
      <trkpt lat="49.331293" lon="22.670583">
        <ele>569.2</ele>
      </trkpt>
      <trkpt lat="49.33049" lon="22.67028">
        <ele>571.0</ele>
      </trkpt>
      <trkpt lat="49.33031" lon="22.67023">
        <ele>571.1</ele>
      </trkpt>
      <trkpt lat="49.33011" lon="22.67022">
        <ele>570.8</ele>
      </trkpt>
      <trkpt lat="49.32987" lon="22.6703">
        <ele>570.1</ele>
      </trkpt>
      <trkpt lat="49.32908" lon="22.67092">
        <ele>566.4</ele>
      </trkpt>
      <trkpt lat="49.32896" lon="22.67099">
        <ele>566.4</ele>
      </trkpt>
      <trkpt lat="49.32876" lon="22.67107">
        <ele>565.0</ele>
      </trkpt>
      <trkpt lat="49.32863" lon="22.6711">
        <ele>565.0</ele>
      </trkpt>
      <trkpt lat="49.32843" lon="22.67111">
        <ele>563.6</ele>
      </trkpt>
      <trkpt lat="49.3281" lon="22.67107">
        <ele>562.8</ele>
      </trkpt>
      <trkpt lat="49.32797" lon="22.67103">
        <ele>562.3</ele>
      </trkpt>
      <trkpt lat="49.32781" lon="22.67095">
        <ele>561.9</ele>
      </trkpt>
      <trkpt lat="49.32769" lon="22.67086">
        <ele>561.3</ele>
      </trkpt>
      <trkpt lat="49.32759" lon="22.67075">
        <ele>560.5</ele>
      </trkpt>
      <trkpt lat="49.326955" lon="22.669865">
        <ele>556.4</ele>
      </trkpt>
      <trkpt lat="49.32632" lon="22.66898">
        <ele>554.4</ele>
      </trkpt>
      <trkpt lat="49.32606" lon="22.66876">
        <ele>554.5</ele>
      </trkpt>
      <trkpt lat="49.32585" lon="22.6687">
        <ele>554.7</ele>
      </trkpt>
      <trkpt lat="49.32574" lon="22.66869">
        <ele>554.6</ele>
      </trkpt>
      <trkpt lat="49.325083" lon="22.66874">
        <ele>554.9</ele>
      </trkpt>
      <trkpt lat="49.324427" lon="22.66879">
        <ele>554.9</ele>
      </trkpt>
      <trkpt lat="49.32377" lon="22.66884">
        <ele>552.3</ele>
      </trkpt>
      <trkpt lat="49.32354" lon="22.66884">
        <ele>550.0</ele>
      </trkpt>
      <trkpt lat="49.32333" lon="22.66875">
        <ele>549.4</ele>
      </trkpt>
      <trkpt lat="49.32317" lon="22.66862">
        <ele>548.0</ele>
      </trkpt>
      <trkpt lat="49.3228" lon="22.66824">
        <ele>547.7</ele>
      </trkpt>
      <trkpt lat="49.32262" lon="22.66811">
        <ele>547.6</ele>
      </trkpt>
      <trkpt lat="49.32244" lon="22.66806">
        <ele>547.5</ele>
      </trkpt>
      <trkpt lat="49.32222" lon="22.66807">
        <ele>547.3</ele>
      </trkpt>
      <trkpt lat="49.32206" lon="22.66814">
        <ele>547.5</ele>
      </trkpt>
      <trkpt lat="49.32193" lon="22.66825">
        <ele>548.0</ele>
      </trkpt>
      <trkpt lat="49.32183" lon="22.66836">
        <ele>548.3</ele>
      </trkpt>
      <trkpt lat="49.3215" lon="22.66716">
        <ele>551.8</ele>
      </trkpt>
      <trkpt lat="49.32117" lon="22.66596">
        <ele>552.2</ele>
      </trkpt>
      <trkpt lat="49.32084" lon="22.66476">
        <ele>551.4</ele>
      </trkpt>
      <trkpt lat="49.32081" lon="22.66455">
        <ele>551.0</ele>
      </trkpt>
      <trkpt lat="49.3208" lon="22.66424">
        <ele>550.9</ele>
      </trkpt>
      <trkpt lat="49.32092" lon="22.66341">
        <ele>552.4</ele>
      </trkpt>
      <trkpt lat="49.32094" lon="22.66307">
        <ele>553.8</ele>
      </trkpt>
      <trkpt lat="49.32089" lon="22.66267">
        <ele>556.1</ele>
      </trkpt>
      <trkpt lat="49.32083" lon="22.66249">
        <ele>557.9</ele>
      </trkpt>
      <trkpt lat="49.32069" lon="22.66219">
        <ele>558.6</ele>
      </trkpt>
      <trkpt lat="49.32013" lon="22.66113">
        <ele>566.1</ele>
      </trkpt>
      <trkpt lat="49.32006" lon="22.66091">
        <ele>568.1</ele>
      </trkpt>
      <trkpt lat="49.32" lon="22.66063">
        <ele>568.1</ele>
      </trkpt>
      <trkpt lat="49.31997" lon="22.66036">
        <ele>571.7</ele>
      </trkpt>
      <trkpt lat="49.319955" lon="22.659235">
        <ele>576.9</ele>
      </trkpt>
      <trkpt lat="49.31994" lon="22.65811">
        <ele>584.2</ele>
      </trkpt>
      <trkpt lat="49.31992" lon="22.65783">
        <ele>586.4</ele>
      </trkpt>
      <trkpt lat="49.31986" lon="22.6576">
        <ele>587.7</ele>
      </trkpt>
      <trkpt lat="49.31978" lon="22.65739">
        <ele>589.6</ele>
      </trkpt>
      <trkpt lat="49.31967" lon="22.65718">
        <ele>590.6</ele>
      </trkpt>
      <trkpt lat="49.31947" lon="22.65689">
        <ele>592.7</ele>
      </trkpt>
      <trkpt lat="49.319105" lon="22.656425">
        <ele>594.5</ele>
      </trkpt>
      <trkpt lat="49.31874" lon="22.65596">
        <ele>594.9</ele>
      </trkpt>
      <trkpt lat="49.31838" lon="22.65544">
        <ele>594.9</ele>
      </trkpt>
      <trkpt lat="49.31818" lon="22.6551">
        <ele>594.7</ele>
      </trkpt>
      <trkpt lat="49.31801" lon="22.65472">
        <ele>594.5</ele>
      </trkpt>
      <trkpt lat="49.31782" lon="22.65419">
        <ele>594.3</ele>
      </trkpt>
      <trkpt lat="49.31751" lon="22.653085">
        <ele>594.1</ele>
      </trkpt>
      <trkpt lat="49.3172" lon="22.65198">
        <ele>594.9</ele>
      </trkpt>
      <trkpt lat="49.31693" lon="22.65126">
        <ele>596.5</ele>
      </trkpt>
      <trkpt lat="49.316605" lon="22.650645">
        <ele>598.3</ele>
      </trkpt>
      <trkpt lat="49.31628" lon="22.65003">
        <ele>600.2</ele>
      </trkpt>
      <trkpt lat="49.31602" lon="22.65049">
        <ele>598.6</ele>
      </trkpt>
      <trkpt lat="49.31585" lon="22.65061">
        <ele>597.3</ele>
      </trkpt>
      <trkpt lat="49.31567" lon="22.65057">
        <ele>594.6</ele>
      </trkpt>
      <trkpt lat="49.31546" lon="22.65037">
        <ele>591.6</ele>
      </trkpt>
      <trkpt lat="49.3148" lon="22.6496">
        <ele>585.5</ele>
      </trkpt>
      <trkpt lat="49.3146" lon="22.64948">
        <ele>584.5</ele>
      </trkpt>
      <trkpt lat="49.31373" lon="22.64928">
        <ele>582.2</ele>
      </trkpt>
      <trkpt lat="49.31354" lon="22.64934">
        <ele>581.2</ele>
      </trkpt>
      <trkpt lat="49.31319" lon="22.64978">
        <ele>582.6</ele>
      </trkpt>
      <trkpt lat="49.31292" lon="22.64995">
        <ele>586.1</ele>
      </trkpt>
      <trkpt lat="49.31276" lon="22.64987">
        <ele>586.9</ele>
      </trkpt>
      <trkpt lat="49.31232" lon="22.64937">
        <ele>588.7</ele>
      </trkpt>
      <trkpt lat="49.31188" lon="22.64887">
        <ele>591.5</ele>
      </trkpt>
      <trkpt lat="49.31148" lon="22.64867">
        <ele>593.0</ele>
      </trkpt>
      <trkpt lat="49.31076" lon="22.64855">
        <ele>595.8</ele>
      </trkpt>
      <trkpt lat="49.30998" lon="22.64862">
        <ele>601.1</ele>
      </trkpt>
      <trkpt lat="49.30946" lon="22.64857">
        <ele>602.1</ele>
      </trkpt>
      <trkpt lat="49.30922" lon="22.64841">
        <ele>601.2</ele>
      </trkpt>
      <trkpt lat="49.30896" lon="22.6482">
        <ele>600.8</ele>
      </trkpt>
      <trkpt lat="49.30879" lon="22.64795">
        <ele>601.3</ele>
      </trkpt>
      <trkpt lat="49.30844" lon="22.64736">
        <ele>604.8</ele>
      </trkpt>
      <trkpt lat="49.30815" lon="22.64694">
        <ele>607.8</ele>
      </trkpt>
      <trkpt lat="49.307543" lon="22.64663">
        <ele>613.1</ele>
      </trkpt>
      <trkpt lat="49.306937" lon="22.64632">
        <ele>619.1</ele>
      </trkpt>
      <trkpt lat="49.30633" lon="22.64601">
        <ele>624.7</ele>
      </trkpt>
      <trkpt lat="49.30553" lon="22.64592">
        <ele>630.2</ele>
      </trkpt>
      <trkpt lat="49.3048" lon="22.64562">
        <ele>636.5</ele>
      </trkpt>
      <trkpt lat="49.30415" lon="22.64531">
        <ele>641.0</ele>
      </trkpt>
      <trkpt lat="49.3039" lon="22.64531">
        <ele>642.2</ele>
      </trkpt>
      <trkpt lat="49.30339" lon="22.64566">
        <ele>644.1</ele>
      </trkpt>
      <trkpt lat="49.303" lon="22.64585">
        <ele>646.6</ele>
      </trkpt>
      <trkpt lat="49.30232" lon="22.64599">
        <ele>652.3</ele>
      </trkpt>
      <trkpt lat="49.30209" lon="22.64597">
        <ele>653.4</ele>
      </trkpt>
      <trkpt lat="49.30186" lon="22.64584">
        <ele>654.1</ele>
      </trkpt>
      <trkpt lat="49.30175" lon="22.64568">
        <ele>655.0</ele>
      </trkpt>
      <trkpt lat="49.30166" lon="22.64545">
        <ele>656.4</ele>
      </trkpt>
      <trkpt lat="49.30166" lon="22.64489">
        <ele>661.8</ele>
      </trkpt>
      <trkpt lat="49.30169" lon="22.64424">
        <ele>665.7</ele>
      </trkpt>
      <trkpt lat="49.30165" lon="22.64387">
        <ele>668.0</ele>
      </trkpt>
      <trkpt lat="49.30125" lon="22.64277">
        <ele>678.8</ele>
      </trkpt>
      <trkpt lat="49.30107" lon="22.64273">
        <ele>679.3</ele>
      </trkpt>
      <trkpt lat="49.30064" lon="22.64304">
        <ele>677.9</ele>
      </trkpt>
      <trkpt lat="49.30021" lon="22.64335">
        <ele>676.4</ele>
      </trkpt>
      <trkpt lat="49.299705" lon="22.643825">
        <ele>671.0</ele>
      </trkpt>
      <trkpt lat="49.2992" lon="22.6443">
        <ele>665.0</ele>
      </trkpt>
      <trkpt lat="49.29871" lon="22.64476">
        <ele>659.6</ele>
      </trkpt>
      <trkpt lat="49.29832" lon="22.64487">
        <ele>658.4</ele>
      </trkpt>
      <trkpt lat="49.29795" lon="22.64474">
        <ele>658.9</ele>
      </trkpt>
      <trkpt lat="49.29773" lon="22.64469">
        <ele>658.1</ele>
      </trkpt>
      <trkpt lat="49.29764" lon="22.64508">
        <ele>654.5</ele>
      </trkpt>
      <trkpt lat="49.29759" lon="22.6456">
        <ele>650.4</ele>
      </trkpt>
      <trkpt lat="49.29749" lon="22.64619">
        <ele>645.9</ele>
      </trkpt>
      <trkpt lat="49.2972" lon="22.6467">
        <ele>642.3</ele>
      </trkpt>
      <trkpt lat="49.29682" lon="22.64728">
        <ele>639.6</ele>
      </trkpt>
      <trkpt lat="49.29644" lon="22.64786">
        <ele>637.6</ele>
      </trkpt>
      <trkpt lat="49.29621" lon="22.6481">
        <ele>637.3</ele>
      </trkpt>
      <trkpt lat="49.29608" lon="22.64813">
        <ele>637.7</ele>
      </trkpt>
      <trkpt lat="49.2958" lon="22.64806">
        <ele>639.9</ele>
      </trkpt>
      <trkpt lat="49.29572" lon="22.64799">
        <ele>642.6</ele>
      </trkpt>
      <trkpt lat="49.29568" lon="22.64787">
        <ele>643.2</ele>
      </trkpt>
      <trkpt lat="49.29567" lon="22.64771">
        <ele>644.8</ele>
      </trkpt>
      <trkpt lat="49.29571" lon="22.6474">
        <ele>646.3</ele>
      </trkpt>
      <trkpt lat="49.29593" lon="22.64628">
        <ele>644.2</ele>
      </trkpt>
      <trkpt lat="49.29593" lon="22.64576">
        <ele>641.5</ele>
      </trkpt>
      <trkpt lat="49.29585" lon="22.64522">
        <ele>638.5</ele>
      </trkpt>
      <trkpt lat="49.29561" lon="22.64474">
        <ele>634.1</ele>
      </trkpt>
      <trkpt lat="49.29498" lon="22.64406">
        <ele>627.9</ele>
      </trkpt>
      <trkpt lat="49.29455" lon="22.64367">
        <ele>622.2</ele>
      </trkpt>
      <trkpt lat="49.29417" lon="22.6434">
        <ele>619.4</ele>
      </trkpt>
      <trkpt lat="49.293595" lon="22.64322">
        <ele>611.8</ele>
      </trkpt>
      <trkpt lat="49.29302" lon="22.64304">
        <ele>603.9</ele>
      </trkpt>
      <trkpt lat="49.29247" lon="22.64291">
        <ele>597.2</ele>
      </trkpt>
      <trkpt lat="49.29192" lon="22.64278">
        <ele>595.8</ele>
      </trkpt>
      <trkpt lat="49.29183" lon="22.6427">
        <ele>595.2</ele>
      </trkpt>
      <trkpt lat="49.29178" lon="22.64254">
        <ele>594.6</ele>
      </trkpt>
      <trkpt lat="49.29175" lon="22.641775">
        <ele>589.0</ele>
      </trkpt>
      <trkpt lat="49.29172" lon="22.64101">
        <ele>584.7</ele>
      </trkpt>
      <trkpt lat="49.29159" lon="22.64073">
        <ele>582.6</ele>
      </trkpt>
      <trkpt lat="49.29132" lon="22.64034">
        <ele>577.6</ele>
      </trkpt>
      <trkpt lat="49.29126" lon="22.64014">
        <ele>575.8</ele>
      </trkpt>
      <trkpt lat="49.29125" lon="22.64013">
        <ele>575.8</ele>
      </trkpt>
      <trkpt lat="49.29124" lon="22.63994">
        <ele>574.5</ele>
      </trkpt>
      <trkpt lat="49.29131" lon="22.63937">
        <ele>570.8</ele>
      </trkpt>
      <trkpt lat="49.2913" lon="22.63907">
        <ele>570.3</ele>
      </trkpt>
      <trkpt lat="49.29117" lon="22.638265">
        <ele>569.6</ele>
      </trkpt>
      <trkpt lat="49.29104" lon="22.63746">
        <ele>565.1</ele>
      </trkpt>
      <trkpt lat="49.290885" lon="22.6367">
        <ele>561.9</ele>
      </trkpt>
      <trkpt lat="49.29073" lon="22.63594">
        <ele>558.6</ele>
      </trkpt>
      <trkpt lat="49.290525" lon="22.635165">
        <ele>555.0</ele>
      </trkpt>
      <trkpt lat="49.29032" lon="22.63439">
        <ele>549.8</ele>
      </trkpt>
      <trkpt lat="49.29016" lon="22.63327">
        <ele>545.2</ele>
      </trkpt>
      <trkpt lat="49.29017" lon="22.63275">
        <ele>544.5</ele>
      </trkpt>
      <trkpt lat="49.2902" lon="22.63249">
        <ele>544.2</ele>
      </trkpt>
      <trkpt lat="49.2902" lon="22.63231">
        <ele>544.2</ele>
      </trkpt>
      <trkpt lat="49.29002" lon="22.63153">
        <ele>541.6</ele>
      </trkpt>
      <trkpt lat="49.29002" lon="22.63066">
        <ele>538.0</ele>
      </trkpt>
      <trkpt lat="49.28991" lon="22.6301">
        <ele>536.7</ele>
      </trkpt>
      <trkpt lat="49.28994" lon="22.629355">
        <ele>533.7</ele>
      </trkpt>
      <trkpt lat="49.28997" lon="22.62861">
        <ele>531.1</ele>
      </trkpt>
      <trkpt lat="49.28996" lon="22.62777">
        <ele>530.0</ele>
      </trkpt>
      <trkpt lat="49.28995" lon="22.62693">
        <ele>529.2</ele>
      </trkpt>
      <trkpt lat="49.28993" lon="22.6268">
        <ele>529.0</ele>
      </trkpt>
      <trkpt lat="49.28965" lon="22.6257">
        <ele>525.2</ele>
      </trkpt>
      <trkpt lat="49.28961" lon="22.62549">
        <ele>525.0</ele>
      </trkpt>
      <trkpt lat="49.289615" lon="22.62444">
        <ele>526.1</ele>
      </trkpt>
      <trkpt lat="49.28962" lon="22.62339">
        <ele>523.8</ele>
      </trkpt>
      <trkpt lat="49.28995" lon="22.622455">
        <ele>521.7</ele>
      </trkpt>
      <trkpt lat="49.29028" lon="22.62152">
        <ele>519.3</ele>
      </trkpt>
      <trkpt lat="49.2904" lon="22.62111">
        <ele>516.8</ele>
      </trkpt>
      <trkpt lat="49.29058" lon="22.62036">
        <ele>513.3</ele>
      </trkpt>
      <trkpt lat="49.29076" lon="22.61944">
        <ele>509.6</ele>
      </trkpt>
      <trkpt lat="49.29115" lon="22.6182">
        <ele>503.8</ele>
      </trkpt>
      <trkpt lat="49.29132" lon="22.61749">
        <ele>502.6</ele>
      </trkpt>
      <trkpt lat="49.291503" lon="22.61661">
        <ele>501.7</ele>
      </trkpt>
      <trkpt lat="49.291687" lon="22.61573">
        <ele>502.5</ele>
      </trkpt>
      <trkpt lat="49.29187" lon="22.61485">
        <ele>505.7</ele>
      </trkpt>
      <trkpt lat="49.29189" lon="22.61454">
        <ele>506.1</ele>
      </trkpt>
      <trkpt lat="49.29182" lon="22.61432">
        <ele>504.9</ele>
      </trkpt>
      <trkpt lat="49.291505" lon="22.61363">
        <ele>498.3</ele>
      </trkpt>
      <trkpt lat="49.29119" lon="22.61294">
        <ele>497.3</ele>
      </trkpt>
      <trkpt lat="49.29082" lon="22.61259">
        <ele>498.6</ele>
      </trkpt>
      <trkpt lat="49.290415" lon="22.61227">
        <ele>497.5</ele>
      </trkpt>
      <trkpt lat="49.29001" lon="22.61195">
        <ele>494.1</ele>
      </trkpt>
      <trkpt lat="49.28944" lon="22.61166">
        <ele>486.9</ele>
      </trkpt>
      <trkpt lat="49.28926" lon="22.61146">
        <ele>483.7</ele>
      </trkpt>
      <trkpt lat="49.28898" lon="22.61107">
        <ele>481.6</ele>
      </trkpt>
      <trkpt lat="49.28888" lon="22.61083">
        <ele>481.2</ele>
      </trkpt>
      <trkpt lat="49.28885" lon="22.60986">
        <ele>478.4</ele>
      </trkpt>
      <trkpt lat="49.28883" lon="22.60967">
        <ele>478.2</ele>
      </trkpt>
      <trkpt lat="49.28878" lon="22.60949">
        <ele>478.2</ele>
      </trkpt>
      <trkpt lat="49.28872" lon="22.60937">
        <ele>478.4</ele>
      </trkpt>
      <trkpt lat="49.28863" lon="22.60926">
        <ele>478.6</ele>
      </trkpt>
      <trkpt lat="49.28821" lon="22.60881">
        <ele>481.9</ele>
      </trkpt>
      <trkpt lat="49.28854" lon="22.60833">
        <ele>482.6</ele>
      </trkpt>
      <trkpt lat="49.28864" lon="22.60815">
        <ele>482.6</ele>
      </trkpt>
      <trkpt lat="49.28871" lon="22.60797">
        <ele>483.2</ele>
      </trkpt>
      <trkpt lat="49.28876" lon="22.60768">
        <ele>483.4</ele>
      </trkpt>
      <trkpt lat="49.28878" lon="22.60677">
        <ele>483.7</ele>
      </trkpt>
      <trkpt lat="49.28888" lon="22.60605">
        <ele>483.2</ele>
      </trkpt>
      <trkpt lat="49.28909" lon="22.60504">
        <ele>482.2</ele>
      </trkpt>
      <trkpt lat="49.28918" lon="22.60473">
        <ele>481.9</ele>
      </trkpt>
      <trkpt lat="49.28928" lon="22.60452">
        <ele>481.1</ele>
      </trkpt>
      <trkpt lat="49.2894" lon="22.60434">
        <ele>481.1</ele>
      </trkpt>
      <trkpt lat="49.28952" lon="22.60421">
        <ele>480.6</ele>
      </trkpt>
      <trkpt lat="49.2897" lon="22.60412">
        <ele>480.4</ele>
      </trkpt>
      <trkpt lat="49.2903" lon="22.60393">
        <ele>478.7</ele>
      </trkpt>
      <trkpt lat="49.29057" lon="22.60382">
        <ele>476.9</ele>
      </trkpt>
      <trkpt lat="49.291213" lon="22.603257">
        <ele>476.3</ele>
      </trkpt>
      <trkpt lat="49.291857" lon="22.602693">
        <ele>477.8</ele>
      </trkpt>
      <trkpt lat="49.2925" lon="22.60213">
        <ele>481.3</ele>
      </trkpt>
      <trkpt lat="49.29292" lon="22.60185">
        <ele>485.1</ele>
      </trkpt>
      <trkpt lat="49.29334" lon="22.60157">
        <ele>486.5</ele>
      </trkpt>
      <trkpt lat="49.29366" lon="22.60107">
        <ele>484.1</ele>
      </trkpt>
      <trkpt lat="49.29412" lon="22.600105">
        <ele>478.4</ele>
      </trkpt>
      <trkpt lat="49.29458" lon="22.59914">
        <ele>475.1</ele>
      </trkpt>
      <trkpt lat="49.29474" lon="22.59892">
        <ele>474.0</ele>
      </trkpt>
      <trkpt lat="49.29512" lon="22.59852">
        <ele>472.7</ele>
      </trkpt>
      <trkpt lat="49.2957" lon="22.59799">
        <ele>469.6</ele>
      </trkpt>
      <trkpt lat="49.29588" lon="22.59789">
        <ele>469.1</ele>
      </trkpt>
      <trkpt lat="49.29659" lon="22.59766">
        <ele>469.3</ele>
      </trkpt>
      <trkpt lat="49.29679" lon="22.59755">
        <ele>470.8</ele>
      </trkpt>
      <trkpt lat="49.29691" lon="22.59741">
        <ele>472.2</ele>
      </trkpt>
      <trkpt lat="49.29708" lon="22.597">
        <ele>473.9</ele>
      </trkpt>
      <trkpt lat="49.29721" lon="22.59679">
        <ele>474.3</ele>
      </trkpt>
      <trkpt lat="49.29737" lon="22.59666">
        <ele>474.1</ele>
      </trkpt>
      <trkpt lat="49.29753" lon="22.59661">
        <ele>473.6</ele>
      </trkpt>
      <trkpt lat="49.29757" lon="22.59622">
        <ele>471.4</ele>
      </trkpt>
      <trkpt lat="49.29761" lon="22.59597">
        <ele>469.1</ele>
      </trkpt>
      <trkpt lat="49.29776" lon="22.59553">
        <ele>465.2</ele>
      </trkpt>
      <trkpt lat="49.298075" lon="22.59492">
        <ele>462.6</ele>
      </trkpt>
      <trkpt lat="49.29839" lon="22.59431">
        <ele>462.9</ele>
      </trkpt>
      <trkpt lat="49.29871" lon="22.59377">
        <ele>462.1</ele>
      </trkpt>
      <trkpt lat="49.29896" lon="22.59341">
        <ele>461.8</ele>
      </trkpt>
      <trkpt lat="49.299477" lon="22.59282">
        <ele>461.4</ele>
      </trkpt>
      <trkpt lat="49.299993" lon="22.59223">
        <ele>461.3</ele>
      </trkpt>
      <trkpt lat="49.30051" lon="22.59164">
        <ele>460.7</ele>
      </trkpt>
      <trkpt lat="49.30077" lon="22.59131">
        <ele>460.2</ele>
      </trkpt>
      <trkpt lat="49.30088" lon="22.59111">
        <ele>460.0</ele>
      </trkpt>
      <trkpt lat="49.30096" lon="22.59089">
        <ele>459.6</ele>
      </trkpt>
      <trkpt lat="49.30103" lon="22.59054">
        <ele>458.9</ele>
      </trkpt>
      <trkpt lat="49.301125" lon="22.589765">
        <ele>457.9</ele>
      </trkpt>
      <trkpt lat="49.30122" lon="22.58899">
        <ele>457.4</ele>
      </trkpt>
      <trkpt lat="49.30134" lon="22.58858">
        <ele>457.5</ele>
      </trkpt>
      <trkpt lat="49.30148" lon="22.58832">
        <ele>457.6</ele>
      </trkpt>
      <trkpt lat="49.302" lon="22.58772">
        <ele>457.8</ele>
      </trkpt>
      <trkpt lat="49.30236" lon="22.58722">
        <ele>458.0</ele>
      </trkpt>
      <trkpt lat="49.30254" lon="22.58681">
        <ele>458.2</ele>
      </trkpt>
      <trkpt lat="49.30265" lon="22.58652">
        <ele>459.1</ele>
      </trkpt>
      <trkpt lat="49.30274" lon="22.58611">
        <ele>459.4</ele>
      </trkpt>
      <trkpt lat="49.30279" lon="22.58577">
        <ele>459.4</ele>
      </trkpt>
      <trkpt lat="49.30281" lon="22.58544">
        <ele>459.2</ele>
      </trkpt>
      <trkpt lat="49.30275" lon="22.58426">
        <ele>455.8</ele>
      </trkpt>
      <trkpt lat="49.30269" lon="22.58308">
        <ele>454.0</ele>
      </trkpt>
      <trkpt lat="49.3027" lon="22.58271">
        <ele>453.7</ele>
      </trkpt>
      <trkpt lat="49.30274" lon="22.58236">
        <ele>453.7</ele>
      </trkpt>
      <trkpt lat="49.30283" lon="22.58193">
        <ele>454.0</ele>
      </trkpt>
      <trkpt lat="49.30288" lon="22.58178">
        <ele>454.0</ele>
      </trkpt>
      <trkpt lat="49.303195" lon="22.581095">
        <ele>453.6</ele>
      </trkpt>
      <trkpt lat="49.30351" lon="22.58041">
        <ele>452.7</ele>
      </trkpt>
      <trkpt lat="49.30366" lon="22.57999">
        <ele>452.2</ele>
      </trkpt>
      <trkpt lat="49.30368" lon="22.57987">
        <ele>452.1</ele>
      </trkpt>
      <trkpt lat="49.30371" lon="22.57941">
        <ele>451.6</ele>
      </trkpt>
      <trkpt lat="49.30367" lon="22.579">
        <ele>450.8</ele>
      </trkpt>
      <trkpt lat="49.30361" lon="22.57876">
        <ele>450.8</ele>
      </trkpt>
      <trkpt lat="49.303337" lon="22.577883">
        <ele>449.0</ele>
      </trkpt>
      <trkpt lat="49.303063" lon="22.577007">
        <ele>447.5</ele>
      </trkpt>
      <trkpt lat="49.30279" lon="22.57613">
        <ele>446.4</ele>
      </trkpt>
      <trkpt lat="49.30272" lon="22.57584">
        <ele>445.6</ele>
      </trkpt>
      <trkpt lat="49.30268" lon="22.5756">
        <ele>445.6</ele>
      </trkpt>
      <trkpt lat="49.30262" lon="22.5748">
        <ele>445.0</ele>
      </trkpt>
      <trkpt lat="49.30256" lon="22.574">
        <ele>444.8</ele>
      </trkpt>
      <trkpt lat="49.302473" lon="22.572892">
        <ele>444.4</ele>
      </trkpt>
      <trkpt lat="49.302385" lon="22.571785">
        <ele>444.1</ele>
      </trkpt>
      <trkpt lat="49.302298" lon="22.570677">
        <ele>443.4</ele>
      </trkpt>
      <trkpt lat="49.30221" lon="22.56957">
        <ele>443.0</ele>
      </trkpt>
      <trkpt lat="49.30214" lon="22.56913">
        <ele>443.0</ele>
      </trkpt>
      <trkpt lat="49.30183" lon="22.56806">
        <ele>442.5</ele>
      </trkpt>
      <trkpt lat="49.30177" lon="22.56762">
        <ele>442.5</ele>
      </trkpt>
      <trkpt lat="49.30176" lon="22.566745">
        <ele>442.0</ele>
      </trkpt>
      <trkpt lat="49.30175" lon="22.56587">
        <ele>441.9</ele>
      </trkpt>
      <trkpt lat="49.30177" lon="22.56552">
        <ele>441.9</ele>
      </trkpt>
      <trkpt lat="49.30198" lon="22.564385">
        <ele>441.4</ele>
      </trkpt>
      <trkpt lat="49.30219" lon="22.56325">
        <ele>440.7</ele>
      </trkpt>
      <trkpt lat="49.3022" lon="22.56309">
        <ele>440.7</ele>
      </trkpt>
      <trkpt lat="49.30218" lon="22.56276">
        <ele>440.6</ele>
      </trkpt>
      <trkpt lat="49.30213" lon="22.56251">
        <ele>440.6</ele>
      </trkpt>
      <trkpt lat="49.30196" lon="22.56214">
        <ele>440.4</ele>
      </trkpt>
      <trkpt lat="49.30184" lon="22.56197">
        <ele>440.4</ele>
      </trkpt>
      <trkpt lat="49.30135" lon="22.56154">
        <ele>439.4</ele>
      </trkpt>
      <trkpt lat="49.300755" lon="22.5609">
        <ele>438.9</ele>
      </trkpt>
      <trkpt lat="49.30016" lon="22.56026">
        <ele>438.7</ele>
      </trkpt>
      <trkpt lat="49.29986" lon="22.56003">
        <ele>438.6</ele>
      </trkpt>
      <trkpt lat="49.29923" lon="22.55972">
        <ele>437.9</ele>
      </trkpt>
      <trkpt lat="49.299" lon="22.55953">
        <ele>437.9</ele>
      </trkpt>
      <trkpt lat="49.29885" lon="22.55926">
        <ele>437.6</ele>
      </trkpt>
      <trkpt lat="49.29877" lon="22.55899">
        <ele>437.2</ele>
      </trkpt>
      <trkpt lat="49.29875" lon="22.55878">
        <ele>437.2</ele>
      </trkpt>
      <trkpt lat="49.29876" lon="22.55857">
        <ele>436.8</ele>
      </trkpt>
      <trkpt lat="49.2988" lon="22.55836">
        <ele>436.8</ele>
      </trkpt>
      <trkpt lat="49.29887" lon="22.55816">
        <ele>436.3</ele>
      </trkpt>
      <trkpt lat="49.29896" lon="22.558">
        <ele>436.3</ele>
      </trkpt>
      <trkpt lat="49.29908" lon="22.55787">
        <ele>436.2</ele>
      </trkpt>
      <trkpt lat="49.29963" lon="22.5574">
        <ele>436.0</ele>
      </trkpt>
      <trkpt lat="49.29976" lon="22.55727">
        <ele>436.0</ele>
      </trkpt>
      <trkpt lat="49.29987" lon="22.55711">
        <ele>436.0</ele>
      </trkpt>
      <trkpt lat="49.29995" lon="22.55695">
        <ele>435.9</ele>
      </trkpt>
      <trkpt lat="49.30002" lon="22.55676">
        <ele>435.9</ele>
      </trkpt>
      <trkpt lat="49.30016" lon="22.55616">
        <ele>436.1</ele>
      </trkpt>
      <trkpt lat="49.300375" lon="22.555205">
        <ele>435.2</ele>
      </trkpt>
      <trkpt lat="49.30059" lon="22.55425">
        <ele>434.7</ele>
      </trkpt>
      <trkpt lat="49.30075" lon="22.55369">
        <ele>433.9</ele>
      </trkpt>
      <trkpt lat="49.301" lon="22.55318">
        <ele>433.5</ele>
      </trkpt>
      <trkpt lat="49.301427" lon="22.552393">
        <ele>433.1</ele>
      </trkpt>
      <trkpt lat="49.301853" lon="22.551607">
        <ele>432.7</ele>
      </trkpt>
      <trkpt lat="49.30228" lon="22.55082">
        <ele>432.6</ele>
      </trkpt>
      <trkpt lat="49.30248" lon="22.55033">
        <ele>432.6</ele>
      </trkpt>
      <trkpt lat="49.302735" lon="22.549535">
        <ele>432.8</ele>
      </trkpt>
      <trkpt lat="49.30299" lon="22.54874">
        <ele>432.7</ele>
      </trkpt>
      <trkpt lat="49.30312" lon="22.5484">
        <ele>432.7</ele>
      </trkpt>
      <trkpt lat="49.30327" lon="22.54808">
        <ele>432.5</ele>
      </trkpt>
      <trkpt lat="49.30341" lon="22.54785">
        <ele>432.2</ele>
      </trkpt>
      <trkpt lat="49.303995" lon="22.54712">
        <ele>431.8</ele>
      </trkpt>
      <trkpt lat="49.30458" lon="22.54639">
        <ele>431.5</ele>
      </trkpt>
      <trkpt lat="49.30478" lon="22.54591">
        <ele>431.3</ele>
      </trkpt>
      <trkpt lat="49.30486" lon="22.54536">
        <ele>431.1</ele>
      </trkpt>
      <trkpt lat="49.30487" lon="22.54489">
        <ele>430.7</ele>
      </trkpt>
      <trkpt lat="49.30481" lon="22.54436">
        <ele>429.5</ele>
      </trkpt>
      <trkpt lat="49.3047" lon="22.54381">
        <ele>427.7</ele>
      </trkpt>
      <trkpt lat="49.304485" lon="22.543065">
        <ele>426.2</ele>
      </trkpt>
      <trkpt lat="49.30427" lon="22.54232">
        <ele>426.1</ele>
      </trkpt>
      <trkpt lat="49.30425" lon="22.5421">
        <ele>426.0</ele>
      </trkpt>
      <trkpt lat="49.30427" lon="22.54168">
        <ele>426.0</ele>
      </trkpt>
      <trkpt lat="49.30432" lon="22.54142">
        <ele>425.7</ele>
      </trkpt>
      <trkpt lat="49.30444" lon="22.54111">
        <ele>425.7</ele>
      </trkpt>
      <trkpt lat="49.304895" lon="22.540273">
        <ele>427.1</ele>
      </trkpt>
      <trkpt lat="49.30535" lon="22.539435">
        <ele>429.4</ele>
      </trkpt>
      <trkpt lat="49.305805" lon="22.538598">
        <ele>434.1</ele>
      </trkpt>
      <trkpt lat="49.30626" lon="22.53776">
        <ele>437.4</ele>
      </trkpt>
      <trkpt lat="49.30642" lon="22.5375">
        <ele>438.1</ele>
      </trkpt>
      <trkpt lat="49.30671" lon="22.53719">
        <ele>438.7</ele>
      </trkpt>
      <trkpt lat="49.30701" lon="22.53701">
        <ele>439.1</ele>
      </trkpt>
      <trkpt lat="49.307873" lon="22.53689">
        <ele>439.4</ele>
      </trkpt>
      <trkpt lat="49.308737" lon="22.53677">
        <ele>441.1</ele>
      </trkpt>
      <trkpt lat="49.3096" lon="22.53665">
        <ele>444.2</ele>
      </trkpt>
      <trkpt lat="49.30982" lon="22.53659">
        <ele>444.2</ele>
      </trkpt>
      <trkpt lat="49.30994" lon="22.53651">
        <ele>445.2</ele>
      </trkpt>
      <trkpt lat="49.31007" lon="22.53639">
        <ele>445.7</ele>
      </trkpt>
      <trkpt lat="49.31015" lon="22.53627">
        <ele>445.7</ele>
      </trkpt>
      <trkpt lat="49.31022" lon="22.53611">
        <ele>446.5</ele>
      </trkpt>
      <trkpt lat="49.31027" lon="22.53593">
        <ele>446.8</ele>
      </trkpt>
      <trkpt lat="49.31029" lon="22.53575">
        <ele>446.8</ele>
      </trkpt>
      <trkpt lat="49.31029" lon="22.53573">
        <ele>446.8</ele>
      </trkpt>
      <trkpt lat="49.31029" lon="22.5355">
        <ele>447.5</ele>
      </trkpt>
      <trkpt lat="49.31024" lon="22.53524">
        <ele>447.7</ele>
      </trkpt>
      <trkpt lat="49.31017" lon="22.53505">
        <ele>448.0</ele>
      </trkpt>
      <trkpt lat="49.31009" lon="22.5349">
        <ele>448.2</ele>
      </trkpt>
      <trkpt lat="49.30938" lon="22.5341">
        <ele>449.0</ele>
      </trkpt>
      <trkpt lat="49.30921" lon="22.53382">
        <ele>449.1</ele>
      </trkpt>
      <trkpt lat="49.30913" lon="22.53363">
        <ele>449.0</ele>
      </trkpt>
      <trkpt lat="49.309" lon="22.53321">
        <ele>448.6</ele>
      </trkpt>
      <trkpt lat="49.30896" lon="22.53292">
        <ele>448.4</ele>
      </trkpt>
      <trkpt lat="49.30889" lon="22.532025">
        <ele>447.0</ele>
      </trkpt>
      <trkpt lat="49.30882" lon="22.53113">
        <ele>444.4</ele>
      </trkpt>
      <trkpt lat="49.3088" lon="22.5305">
        <ele>442.3</ele>
      </trkpt>
      <trkpt lat="49.30883" lon="22.53016">
        <ele>441.3</ele>
      </trkpt>
      <trkpt lat="49.30894" lon="22.52958">
        <ele>439.0</ele>
      </trkpt>
      <trkpt lat="49.30913" lon="22.52907">
        <ele>437.7</ele>
      </trkpt>
      <trkpt lat="49.30926" lon="22.52883">
        <ele>435.3</ele>
      </trkpt>
      <trkpt lat="49.309665" lon="22.52823">
        <ele>433.6</ele>
      </trkpt>
      <trkpt lat="49.31007" lon="22.52763">
        <ele>434.2</ele>
      </trkpt>
      <trkpt lat="49.31029" lon="22.52709">
        <ele>434.2</ele>
      </trkpt>
      <trkpt lat="49.31033" lon="22.52667">
        <ele>434.0</ele>
      </trkpt>
      <trkpt lat="49.31031" lon="22.52631">
        <ele>433.8</ele>
      </trkpt>
      <trkpt lat="49.31017" lon="22.52586">
        <ele>433.5</ele>
      </trkpt>
      <trkpt lat="49.31005" lon="22.52564">
        <ele>433.5</ele>
      </trkpt>
      <trkpt lat="49.309607" lon="22.52495">
        <ele>432.8</ele>
      </trkpt>
      <trkpt lat="49.309163" lon="22.52426">
        <ele>432.3</ele>
      </trkpt>
      <trkpt lat="49.30872" lon="22.52357">
        <ele>432.2</ele>
      </trkpt>
      <trkpt lat="49.30826" lon="22.52291">
        <ele>432.3</ele>
      </trkpt>
      <trkpt lat="49.30807" lon="22.52272">
        <ele>433.1</ele>
      </trkpt>
      <trkpt lat="49.30774" lon="22.52249">
        <ele>434.8</ele>
      </trkpt>
      <trkpt lat="49.30755" lon="22.52241">
        <ele>434.8</ele>
      </trkpt>
      <trkpt lat="49.30735" lon="22.52236">
        <ele>436.4</ele>
      </trkpt>
      <trkpt lat="49.30716" lon="22.52234">
        <ele>437.3</ele>
      </trkpt>
      <trkpt lat="49.30698" lon="22.52235">
        <ele>437.8</ele>
      </trkpt>
      <trkpt lat="49.30661" lon="22.52246">
        <ele>438.7</ele>
      </trkpt>
      <trkpt lat="49.305943" lon="22.522743">
        <ele>439.1</ele>
      </trkpt>
      <trkpt lat="49.305275" lon="22.523025">
        <ele>439.2</ele>
      </trkpt>
      <trkpt lat="49.304608" lon="22.523308">
        <ele>440.6</ele>
      </trkpt>
      <trkpt lat="49.30394" lon="22.52359">
        <ele>441.8</ele>
      </trkpt>
      <trkpt lat="49.30345" lon="22.52372">
        <ele>443.3</ele>
      </trkpt>
      <trkpt lat="49.302847" lon="22.523773">
        <ele>443.7</ele>
      </trkpt>
      <trkpt lat="49.302243" lon="22.523827">
        <ele>450.8</ele>
      </trkpt>
      <trkpt lat="49.30164" lon="22.52388">
        <ele>453.5</ele>
      </trkpt>
      <trkpt lat="49.30141" lon="22.52384">
        <ele>456.8</ele>
      </trkpt>
      <trkpt lat="49.30123" lon="22.52377">
        <ele>458.7</ele>
      </trkpt>
      <trkpt lat="49.30103" lon="22.52361">
        <ele>460.4</ele>
      </trkpt>
      <trkpt lat="49.30084" lon="22.52342">
        <ele>460.4</ele>
      </trkpt>
      <trkpt lat="49.300325" lon="22.522755">
        <ele>468.2</ele>
      </trkpt>
      <trkpt lat="49.29981" lon="22.52209">
        <ele>471.3</ele>
      </trkpt>
      <trkpt lat="49.29977" lon="22.52199">
        <ele>471.3</ele>
      </trkpt>
      <trkpt lat="49.29975" lon="22.52182">
        <ele>471.9</ele>
      </trkpt>
      <trkpt lat="49.29977" lon="22.5217">
        <ele>471.9</ele>
      </trkpt>
      <trkpt lat="49.29983" lon="22.5216">
        <ele>472.6</ele>
      </trkpt>
      <trkpt lat="49.29994" lon="22.52153">
        <ele>472.6</ele>
      </trkpt>
      <trkpt lat="49.30001" lon="22.52154">
        <ele>472.6</ele>
      </trkpt>
      <trkpt lat="49.30011" lon="22.52162">
        <ele>473.4</ele>
      </trkpt>
      <trkpt lat="49.30054" lon="22.52231">
        <ele>475.1</ele>
      </trkpt>
      <trkpt lat="49.30063" lon="22.52241">
        <ele>475.6</ele>
      </trkpt>
      <trkpt lat="49.30075" lon="22.52248">
        <ele>476.5</ele>
      </trkpt>
      <trkpt lat="49.30088" lon="22.5225">
        <ele>476.5</ele>
      </trkpt>
      <trkpt lat="49.30102" lon="22.52243">
        <ele>477.2</ele>
      </trkpt>
      <trkpt lat="49.30113" lon="22.52233">
        <ele>477.9</ele>
      </trkpt>
      <trkpt lat="49.30121" lon="22.52216">
        <ele>478.9</ele>
      </trkpt>
      <trkpt lat="49.30126" lon="22.52199">
        <ele>478.9</ele>
      </trkpt>
      <trkpt lat="49.30127" lon="22.52177">
        <ele>482.2</ele>
      </trkpt>
      <trkpt lat="49.30124" lon="22.52154">
        <ele>482.2</ele>
      </trkpt>
      <trkpt lat="49.30084" lon="22.520652">
        <ele>486.1</ele>
      </trkpt>
      <trkpt lat="49.30044" lon="22.519765">
        <ele>490.7</ele>
      </trkpt>
      <trkpt lat="49.30004" lon="22.518877">
        <ele>496.6</ele>
      </trkpt>
      <trkpt lat="49.29964" lon="22.51799">
        <ele>500.6</ele>
      </trkpt>
      <trkpt lat="49.29937" lon="22.51746">
        <ele>504.6</ele>
      </trkpt>
      <trkpt lat="49.29916" lon="22.51716">
        <ele>506.5</ele>
      </trkpt>
      <trkpt lat="49.29893" lon="22.51688">
        <ele>507.7</ele>
      </trkpt>
      <trkpt lat="49.29867" lon="22.51664">
        <ele>509.0</ele>
      </trkpt>
      <trkpt lat="49.29818" lon="22.51632">
        <ele>511.6</ele>
      </trkpt>
      <trkpt lat="49.29797" lon="22.51623">
        <ele>512.6</ele>
      </trkpt>
      <trkpt lat="49.29751" lon="22.51613">
        <ele>516.1</ele>
      </trkpt>
      <trkpt lat="49.29689" lon="22.516055">
        <ele>520.6</ele>
      </trkpt>
      <trkpt lat="49.29627" lon="22.51598">
        <ele>527.7</ele>
      </trkpt>
      <trkpt lat="49.29608" lon="22.51593">
        <ele>529.0</ele>
      </trkpt>
      <trkpt lat="49.29585" lon="22.51583">
        <ele>532.1</ele>
      </trkpt>
      <trkpt lat="49.29559" lon="22.51563">
        <ele>534.9</ele>
      </trkpt>
      <trkpt lat="49.29542" lon="22.51546">
        <ele>538.0</ele>
      </trkpt>
      <trkpt lat="49.294818" lon="22.514745">
        <ele>543.8</ele>
      </trkpt>
      <trkpt lat="49.294215" lon="22.51403">
        <ele>550.6</ele>
      </trkpt>
      <trkpt lat="49.293613" lon="22.513315">
        <ele>554.0</ele>
      </trkpt>
      <trkpt lat="49.29301" lon="22.5126">
        <ele>553.8</ele>
      </trkpt>
      <trkpt lat="49.2928" lon="22.51225">
        <ele>553.3</ele>
      </trkpt>
      <trkpt lat="49.29273" lon="22.51209">
        <ele>552.5</ele>
      </trkpt>
      <trkpt lat="49.29261" lon="22.51166">
        <ele>551.0</ele>
      </trkpt>
      <trkpt lat="49.292458" lon="22.51043">
        <ele>548.0</ele>
      </trkpt>
      <trkpt lat="49.292307" lon="22.5092">
        <ele>545.6</ele>
      </trkpt>
      <trkpt lat="49.292155" lon="22.50797">
        <ele>543.2</ele>
      </trkpt>
      <trkpt lat="49.292003" lon="22.50674">
        <ele>538.5</ele>
      </trkpt>
      <trkpt lat="49.291852" lon="22.50551">
        <ele>532.7</ele>
      </trkpt>
      <trkpt lat="49.2917" lon="22.50428">
        <ele>525.4</ele>
      </trkpt>
      <trkpt lat="49.291595" lon="22.503245">
        <ele>519.4</ele>
      </trkpt>
      <trkpt lat="49.29149" lon="22.50221">
        <ele>518.7</ele>
      </trkpt>
      <trkpt lat="49.29151" lon="22.50181">
        <ele>518.2</ele>
      </trkpt>
      <trkpt lat="49.29156" lon="22.50147">
        <ele>517.7</ele>
      </trkpt>
      <trkpt lat="49.29166" lon="22.5011">
        <ele>516.8</ele>
      </trkpt>
      <trkpt lat="49.29182" lon="22.50069">
        <ele>516.1</ele>
      </trkpt>
      <trkpt lat="49.29195" lon="22.50045">
        <ele>515.1</ele>
      </trkpt>
      <trkpt lat="49.2923" lon="22.49994">
        <ele>513.3</ele>
      </trkpt>
      <trkpt lat="49.29275" lon="22.49947">
        <ele>512.9</ele>
      </trkpt>
      <trkpt lat="49.2932" lon="22.499">
        <ele>515.3</ele>
      </trkpt>
      <trkpt lat="49.29381" lon="22.49845">
        <ele>516.7</ele>
      </trkpt>
      <trkpt lat="49.29407" lon="22.4983">
        <ele>516.8</ele>
      </trkpt>
      <trkpt lat="49.29423" lon="22.49823">
        <ele>516.9</ele>
      </trkpt>
      <trkpt lat="49.29465" lon="22.49815">
        <ele>516.8</ele>
      </trkpt>
      <trkpt lat="49.295353" lon="22.49812">
        <ele>517.3</ele>
      </trkpt>
      <trkpt lat="49.296057" lon="22.49809">
        <ele>518.4</ele>
      </trkpt>
      <trkpt lat="49.29676" lon="22.49806">
        <ele>520.2</ele>
      </trkpt>
      <trkpt lat="49.29736" lon="22.49799">
        <ele>522.1</ele>
      </trkpt>
      <trkpt lat="49.29813" lon="22.49755">
        <ele>524.0</ele>
      </trkpt>
      <trkpt lat="49.29837" lon="22.49736">
        <ele>524.6</ele>
      </trkpt>
      <trkpt lat="49.29847" lon="22.49721">
        <ele>524.7</ele>
      </trkpt>
      <trkpt lat="49.29855" lon="22.49691">
        <ele>524.8</ele>
      </trkpt>
      <trkpt lat="49.29854" lon="22.49672">
        <ele>524.8</ele>
      </trkpt>
      <trkpt lat="49.29847" lon="22.49641">
        <ele>524.5</ele>
      </trkpt>
      <trkpt lat="49.29792" lon="22.49561">
        <ele>521.0</ele>
      </trkpt>
      <trkpt lat="49.29775" lon="22.49526">
        <ele>519.2</ele>
      </trkpt>
      <trkpt lat="49.29762" lon="22.49472">
        <ele>515.6</ele>
      </trkpt>
      <trkpt lat="49.29758" lon="22.49437">
        <ele>512.4</ele>
      </trkpt>
      <trkpt lat="49.2976" lon="22.49388">
        <ele>510.5</ele>
      </trkpt>
      <trkpt lat="49.29773" lon="22.49326">
        <ele>507.5</ele>
      </trkpt>
      <trkpt lat="49.29803" lon="22.492173">
        <ele>498.1</ele>
      </trkpt>
      <trkpt lat="49.29833" lon="22.491087">
        <ele>490.3</ele>
      </trkpt>
      <trkpt lat="49.29863" lon="22.49">
        <ele>480.1</ele>
      </trkpt>
      <trkpt lat="49.29893" lon="22.488913">
        <ele>474.5</ele>
      </trkpt>
      <trkpt lat="49.29923" lon="22.487827">
        <ele>466.7</ele>
      </trkpt>
      <trkpt lat="49.29953" lon="22.48674">
        <ele>463.2</ele>
      </trkpt>
      <trkpt lat="49.29959" lon="22.48596">
        <ele>458.8</ele>
      </trkpt>
      <trkpt lat="49.299545" lon="22.48494">
        <ele>453.2</ele>
      </trkpt>
      <trkpt lat="49.2995" lon="22.48392">
        <ele>448.9</ele>
      </trkpt>
      <trkpt lat="49.29961" lon="22.48332">
        <ele>445.8</ele>
      </trkpt>
      <trkpt lat="49.29979" lon="22.48296">
        <ele>445.8</ele>
      </trkpt>
      <trkpt lat="49.30003" lon="22.48269">
        <ele>442.2</ele>
      </trkpt>
      <trkpt lat="49.30036" lon="22.4825">
        <ele>437.2</ele>
      </trkpt>
      <trkpt lat="49.30085" lon="22.48236">
        <ele>436.6</ele>
      </trkpt>
      <trkpt lat="49.30134" lon="22.48222">
        <ele>429.8</ele>
      </trkpt>
      <trkpt lat="49.30166" lon="22.48204">
        <ele>429.1</ele>
      </trkpt>
      <trkpt lat="49.30192" lon="22.48171">
        <ele>427.3</ele>
      </trkpt>
      <trkpt lat="49.30222" lon="22.48113">
        <ele>427.5</ele>
      </trkpt>
      <trkpt lat="49.302748" lon="22.480088">
        <ele>427.7</ele>
      </trkpt>
      <trkpt lat="49.303276" lon="22.479046">
        <ele>428.0</ele>
      </trkpt>
      <trkpt lat="49.303804" lon="22.478004">
        <ele>428.3</ele>
      </trkpt>
      <trkpt lat="49.304332" lon="22.476962">
        <ele>431.7</ele>
      </trkpt>
      <trkpt lat="49.30486" lon="22.47592">
        <ele>435.6</ele>
      </trkpt>
      <trkpt lat="49.30508" lon="22.47558">
        <ele>436.8</ele>
      </trkpt>
      <trkpt lat="49.30526" lon="22.4754">
        <ele>437.3</ele>
      </trkpt>
      <trkpt lat="49.30554" lon="22.47523">
        <ele>437.6</ele>
      </trkpt>
      <trkpt lat="49.3057" lon="22.47517">
        <ele>437.6</ele>
      </trkpt>
      <trkpt lat="49.306405" lon="22.475003">
        <ele>437.4</ele>
      </trkpt>
      <trkpt lat="49.30711" lon="22.474835">
        <ele>437.4</ele>
      </trkpt>
      <trkpt lat="49.307815" lon="22.474668">
        <ele>437.2</ele>
      </trkpt>
      <trkpt lat="49.30852" lon="22.4745">
        <ele>437.3</ele>
      </trkpt>
      <trkpt lat="49.30874" lon="22.47442">
        <ele>437.4</ele>
      </trkpt>
      <trkpt lat="49.30888" lon="22.47434">
        <ele>437.7</ele>
      </trkpt>
      <trkpt lat="49.30907" lon="22.47419">
        <ele>438.0</ele>
      </trkpt>
      <trkpt lat="49.30957" lon="22.47352">
        <ele>439.0</ele>
      </trkpt>
      <trkpt lat="49.31015" lon="22.472642">
        <ele>440.2</ele>
      </trkpt>
      <trkpt lat="49.31073" lon="22.471764">
        <ele>440.2</ele>
      </trkpt>
      <trkpt lat="49.31131" lon="22.470886">
        <ele>442.7</ele>
      </trkpt>
      <trkpt lat="49.31189" lon="22.470008">
        <ele>447.7</ele>
      </trkpt>
      <trkpt lat="49.31247" lon="22.46913">
        <ele>452.7</ele>
      </trkpt>
      <trkpt lat="49.3126" lon="22.4689">
        <ele>453.6</ele>
      </trkpt>
      <trkpt lat="49.31276" lon="22.46855">
        <ele>454.3</ele>
      </trkpt>
      <trkpt lat="49.31284" lon="22.46825">
        <ele>454.7</ele>
      </trkpt>
      <trkpt lat="49.31291" lon="22.46781">
        <ele>455.1</ele>
      </trkpt>
      <trkpt lat="49.31304" lon="22.466528">
        <ele>459.8</ele>
      </trkpt>
      <trkpt lat="49.31317" lon="22.465245">
        <ele>465.9</ele>
      </trkpt>
      <trkpt lat="49.3133" lon="22.463963">
        <ele>469.0</ele>
      </trkpt>
      <trkpt lat="49.31343" lon="22.46268">
        <ele>474.6</ele>
      </trkpt>
      <trkpt lat="49.31353" lon="22.46208">
        <ele>478.3</ele>
      </trkpt>
      <trkpt lat="49.31365" lon="22.46174">
        <ele>481.3</ele>
      </trkpt>
      <trkpt lat="49.31414" lon="22.46067">
        <ele>488.6</ele>
      </trkpt>
      <trkpt lat="49.31422" lon="22.46043">
        <ele>490.1</ele>
      </trkpt>
      <trkpt lat="49.31428" lon="22.45997">
        <ele>491.5</ele>
      </trkpt>
      <trkpt lat="49.31431" lon="22.45876">
        <ele>495.6</ele>
      </trkpt>
      <trkpt lat="49.31433" lon="22.45854">
        <ele>495.6</ele>
      </trkpt>
      <trkpt lat="49.31439" lon="22.4582">
        <ele>497.1</ele>
      </trkpt>
      <trkpt lat="49.31461" lon="22.45731">
        <ele>499.3</ele>
      </trkpt>
      <trkpt lat="49.31461" lon="22.45679">
        <ele>501.2</ele>
      </trkpt>
      <trkpt lat="49.31453" lon="22.45635">
        <ele>501.7</ele>
      </trkpt>
      <trkpt lat="49.31425" lon="22.45552">
        <ele>501.9</ele>
      </trkpt>
      <trkpt lat="49.31397" lon="22.45469">
        <ele>504.3</ele>
      </trkpt>
      <trkpt lat="49.31369" lon="22.45386">
        <ele>510.0</ele>
      </trkpt>
      <trkpt lat="49.31329" lon="22.45282">
        <ele>514.0</ele>
      </trkpt>
      <trkpt lat="49.31286" lon="22.451813">
        <ele>522.7</ele>
      </trkpt>
      <trkpt lat="49.31243" lon="22.450807">
        <ele>530.4</ele>
      </trkpt>
      <trkpt lat="49.312" lon="22.4498">
        <ele>536.1</ele>
      </trkpt>
      <trkpt lat="49.31191" lon="22.44949">
        <ele>537.7</ele>
      </trkpt>
      <trkpt lat="49.31186" lon="22.44892">
        <ele>538.5</ele>
      </trkpt>
      <trkpt lat="49.31189" lon="22.44857">
        <ele>540.6</ele>
      </trkpt>
      <trkpt lat="49.31199" lon="22.44818">
        <ele>542.5</ele>
      </trkpt>
      <trkpt lat="49.31225" lon="22.4476">
        <ele>544.8</ele>
      </trkpt>
      <trkpt lat="49.31256" lon="22.44701">
        <ele>546.0</ele>
      </trkpt>
      <trkpt lat="49.313025" lon="22.44609">
        <ele>544.1</ele>
      </trkpt>
      <trkpt lat="49.31349" lon="22.44517">
        <ele>538.5</ele>
      </trkpt>
      <trkpt lat="49.31367" lon="22.44472">
        <ele>535.1</ele>
      </trkpt>
      <trkpt lat="49.31381" lon="22.44412">
        <ele>530.3</ele>
      </trkpt>
      <trkpt lat="49.31404" lon="22.44287">
        <ele>526.1</ele>
      </trkpt>
      <trkpt lat="49.31427" lon="22.44162">
        <ele>518.5</ele>
      </trkpt>
      <trkpt lat="49.31435" lon="22.44127">
        <ele>516.4</ele>
      </trkpt>
      <trkpt lat="49.314575" lon="22.440435">
        <ele>511.8</ele>
      </trkpt>
      <trkpt lat="49.3148" lon="22.4396">
        <ele>506.8</ele>
      </trkpt>
      <trkpt lat="49.31493" lon="22.43891">
        <ele>504.6</ele>
      </trkpt>
      <trkpt lat="49.31495" lon="22.43865">
        <ele>504.2</ele>
      </trkpt>
      <trkpt lat="49.31493" lon="22.43817">
        <ele>503.7</ele>
      </trkpt>
      <trkpt lat="49.3148" lon="22.43722">
        <ele>500.6</ele>
      </trkpt>
      <trkpt lat="49.31469" lon="22.43664">
        <ele>497.8</ele>
      </trkpt>
      <trkpt lat="49.31455" lon="22.43621">
        <ele>494.5</ele>
      </trkpt>
      <trkpt lat="49.31428" lon="22.43574">
        <ele>491.0</ele>
      </trkpt>
      <trkpt lat="49.31415" lon="22.43558">
        <ele>488.6</ele>
      </trkpt>
      <trkpt lat="49.31375" lon="22.43523">
        <ele>485.1</ele>
      </trkpt>
      <trkpt lat="49.31305" lon="22.43475">
        <ele>481.3</ele>
      </trkpt>
      <trkpt lat="49.31235" lon="22.43427">
        <ele>477.9</ele>
      </trkpt>
      <trkpt lat="49.31165" lon="22.43379">
        <ele>472.7</ele>
      </trkpt>
      <trkpt lat="49.31137" lon="22.43354">
        <ele>470.0</ele>
      </trkpt>
      <trkpt lat="49.31119" lon="22.43332">
        <ele>468.5</ele>
      </trkpt>
      <trkpt lat="49.31096" lon="22.43293">
        <ele>467.6</ele>
      </trkpt>
      <trkpt lat="49.310555" lon="22.431825">
        <ele>462.0</ele>
      </trkpt>
      <trkpt lat="49.31015" lon="22.43072">
        <ele>460.7</ele>
      </trkpt>
      <trkpt lat="49.31006" lon="22.43052">
        <ele>460.6</ele>
      </trkpt>
      <trkpt lat="49.30988" lon="22.43018">
        <ele>460.6</ele>
      </trkpt>
      <trkpt lat="49.309377" lon="22.429297">
        <ele>459.9</ele>
      </trkpt>
      <trkpt lat="49.308873" lon="22.428413">
        <ele>454.7</ele>
      </trkpt>
      <trkpt lat="49.30837" lon="22.42753">
        <ele>449.7</ele>
      </trkpt>
      <trkpt lat="49.30814" lon="22.42702">
        <ele>443.9</ele>
      </trkpt>
      <trkpt lat="49.30805" lon="22.42653">
        <ele>443.9</ele>
      </trkpt>
      <trkpt lat="49.30798" lon="22.4253">
        <ele>437.5</ele>
      </trkpt>
      <trkpt lat="49.30791" lon="22.42407">
        <ele>434.7</ele>
      </trkpt>
      <trkpt lat="49.30797" lon="22.4236">
        <ele>434.0</ele>
      </trkpt>
      <trkpt lat="49.308325" lon="22.422345">
        <ele>433.9</ele>
      </trkpt>
      <trkpt lat="49.30868" lon="22.42109">
        <ele>433.7</ele>
      </trkpt>
      <trkpt lat="49.30874" lon="22.4207">
        <ele>433.7</ele>
      </trkpt>
      <trkpt lat="49.30875" lon="22.42045">
        <ele>433.7</ele>
      </trkpt>
      <trkpt lat="49.30871" lon="22.41996">
        <ele>433.7</ele>
      </trkpt>
      <trkpt lat="49.30866" lon="22.41972">
        <ele>433.7</ele>
      </trkpt>
      <trkpt lat="49.30857" lon="22.41944">
        <ele>433.7</ele>
      </trkpt>
      <trkpt lat="49.30848" lon="22.41922">
        <ele>433.7</ele>
      </trkpt>
      <trkpt lat="49.30824" lon="22.41885">
        <ele>433.8</ele>
      </trkpt>
      <trkpt lat="49.30804" lon="22.41865">
        <ele>433.8</ele>
      </trkpt>
      <trkpt lat="49.30747" lon="22.41824">
        <ele>433.8</ele>
      </trkpt>
      <trkpt lat="49.306695" lon="22.417712">
        <ele>433.9</ele>
      </trkpt>
      <trkpt lat="49.30592" lon="22.417185">
        <ele>433.9</ele>
      </trkpt>
      <trkpt lat="49.305145" lon="22.416657">
        <ele>434.7</ele>
      </trkpt>
      <trkpt lat="49.30437" lon="22.41613">
        <ele>435.8</ele>
      </trkpt>
      <trkpt lat="49.304255" lon="22.41745">
        <ele>436.4</ele>
      </trkpt>
      <trkpt lat="49.30414" lon="22.41877">
        <ele>441.6</ele>
      </trkpt>
      <trkpt lat="49.3041" lon="22.41917">
        <ele>444.7</ele>
      </trkpt>
      <trkpt lat="49.30403" lon="22.41947">
        <ele>446.7</ele>
      </trkpt>
      <trkpt lat="49.30376" lon="22.42025">
        <ele>457.4</ele>
      </trkpt>
      <trkpt lat="49.30343" lon="22.4211">
        <ele>464.7</ele>
      </trkpt>
      <trkpt lat="49.3029" lon="22.42207">
        <ele>468.8</ele>
      </trkpt>
      <trkpt lat="49.302458" lon="22.423055">
        <ele>472.1</ele>
      </trkpt>
      <trkpt lat="49.302015" lon="22.42404">
        <ele>475.2</ele>
      </trkpt>
      <trkpt lat="49.301573" lon="22.425025">
        <ele>477.6</ele>
      </trkpt>
      <trkpt lat="49.30113" lon="22.42601">
        <ele>479.0</ele>
      </trkpt>
      <trkpt lat="49.30101" lon="22.42641">
        <ele>479.5</ele>
      </trkpt>
      <trkpt lat="49.30098" lon="22.4267">
        <ele>479.7</ele>
      </trkpt>
      <trkpt lat="49.301" lon="22.42691">
        <ele>479.9</ele>
      </trkpt>
      <trkpt lat="49.30123" lon="22.42785">
        <ele>478.9</ele>
      </trkpt>
      <trkpt lat="49.30133" lon="22.42816">
        <ele>477.5</ele>
      </trkpt>
      <trkpt lat="49.30149" lon="22.42852">
        <ele>475.4</ele>
      </trkpt>
      <trkpt lat="49.301887" lon="22.42922">
        <ele>470.7</ele>
      </trkpt>
      <trkpt lat="49.302283" lon="22.42992">
        <ele>467.5</ele>
      </trkpt>
      <trkpt lat="49.30268" lon="22.43062">
        <ele>464.4</ele>
      </trkpt>
      <trkpt lat="49.30275" lon="22.43077">
        <ele>463.6</ele>
      </trkpt>
      <trkpt lat="49.30278" lon="22.43091">
        <ele>462.3</ele>
      </trkpt>
      <trkpt lat="49.30278" lon="22.43107">
        <ele>461.4</ele>
      </trkpt>
      <trkpt lat="49.30272" lon="22.43136">
        <ele>458.8</ele>
      </trkpt>
      <trkpt lat="49.30263" lon="22.43158">
        <ele>457.4</ele>
      </trkpt>
      <trkpt lat="49.30203" lon="22.43243">
        <ele>453.4</ele>
      </trkpt>
      <trkpt lat="49.30187" lon="22.43256">
        <ele>452.4</ele>
      </trkpt>
      <trkpt lat="49.30177" lon="22.43259">
        <ele>451.9</ele>
      </trkpt>
      <trkpt lat="49.30164" lon="22.43255">
        <ele>450.7</ele>
      </trkpt>
      <trkpt lat="49.30152" lon="22.43242">
        <ele>449.3</ele>
      </trkpt>
      <trkpt lat="49.301195" lon="22.43189">
        <ele>443.5</ele>
      </trkpt>
      <trkpt lat="49.30087" lon="22.43136">
        <ele>439.0</ele>
      </trkpt>
      <trkpt lat="49.30073" lon="22.43106">
        <ele>438.5</ele>
      </trkpt>
      <trkpt lat="49.30061" lon="22.43061">
        <ele>438.1</ele>
      </trkpt>
      <trkpt lat="49.300415" lon="22.429415">
        <ele>439.5</ele>
      </trkpt>
      <trkpt lat="49.30022" lon="22.42822">
        <ele>442.0</ele>
      </trkpt>
      <trkpt lat="49.30009" lon="22.42773">
        <ele>442.9</ele>
      </trkpt>
      <trkpt lat="49.29991" lon="22.42731">
        <ele>443.0</ele>
      </trkpt>
      <trkpt lat="49.2994" lon="22.42643">
        <ele>443.3</ele>
      </trkpt>
      <trkpt lat="49.2993" lon="22.42629">
        <ele>443.3</ele>
      </trkpt>
      <trkpt lat="49.29919" lon="22.42618">
        <ele>443.2</ele>
      </trkpt>
      <trkpt lat="49.29907" lon="22.42615">
        <ele>443.2</ele>
      </trkpt>
      <trkpt lat="49.29893" lon="22.42619">
        <ele>443.2</ele>
      </trkpt>
      <trkpt lat="49.29871" lon="22.42645">
        <ele>442.7</ele>
      </trkpt>
      <trkpt lat="49.2982" lon="22.42722">
        <ele>441.3</ele>
      </trkpt>
      <trkpt lat="49.29829" lon="22.42746">
        <ele>441.0</ele>
      </trkpt>
      <trkpt lat="49.29831" lon="22.4276">
        <ele>439.7</ele>
      </trkpt>
      <trkpt lat="49.29842" lon="22.42761">
        <ele>439.0</ele>
      </trkpt>
      <trkpt lat="49.29861" lon="22.42774">
        <ele>438.7</ele>
      </trkpt>
      <trkpt lat="49.29871" lon="22.42789">
        <ele>438.7</ele>
      </trkpt>
      <trkpt lat="49.29891" lon="22.42833">
        <ele>439.3</ele>
      </trkpt>
      <trkpt lat="49.299215" lon="22.42908">
        <ele>439.5</ele>
      </trkpt>
      <trkpt lat="49.29952" lon="22.42983">
        <ele>439.6</ele>
      </trkpt>
      <trkpt lat="49.29972" lon="22.43043">
        <ele>439.5</ele>
      </trkpt>
      <trkpt lat="49.299935" lon="22.431105">
        <ele>439.3</ele>
      </trkpt>
      <trkpt lat="49.30015" lon="22.43178">
        <ele>439.4</ele>
      </trkpt>
      <trkpt lat="49.30041" lon="22.432385">
        <ele>439.5</ele>
      </trkpt>
      <trkpt lat="49.30067" lon="22.43299">
        <ele>439.8</ele>
      </trkpt>
      <trkpt lat="49.30078" lon="22.43336">
        <ele>440.3</ele>
      </trkpt>
      <trkpt lat="49.30086" lon="22.43399">
        <ele>440.6</ele>
      </trkpt>
      <trkpt lat="49.30087" lon="22.43418">
        <ele>440.9</ele>
      </trkpt>
      <trkpt lat="49.30083" lon="22.4345">
        <ele>442.3</ele>
      </trkpt>
      <trkpt lat="49.30078" lon="22.43471">
        <ele>445.5</ele>
      </trkpt>
      <trkpt lat="49.30068" lon="22.43492">
        <ele>449.2</ele>
      </trkpt>
      <trkpt lat="49.30059" lon="22.43498">
        <ele>450.9</ele>
      </trkpt>
      <trkpt lat="49.30005" lon="22.43547">
        <ele>457.3</ele>
      </trkpt>
      <trkpt lat="49.29982" lon="22.43578">
        <ele>460.2</ele>
      </trkpt>
      <trkpt lat="49.2996" lon="22.43616">
        <ele>463.3</ele>
      </trkpt>
      <trkpt lat="49.29944" lon="22.43662">
        <ele>468.7</ele>
      </trkpt>
      <trkpt lat="49.29935" lon="22.43715">
        <ele>474.2</ele>
      </trkpt>
      <trkpt lat="49.29935" lon="22.43724">
        <ele>474.2</ele>
      </trkpt>
      <trkpt lat="49.29909" lon="22.43774">
        <ele>478.1</ele>
      </trkpt>
      <trkpt lat="49.29891" lon="22.43817">
        <ele>480.2</ele>
      </trkpt>
      <trkpt lat="49.29849" lon="22.43936">
        <ele>492.9</ele>
      </trkpt>
      <trkpt lat="49.2982" lon="22.440355">
        <ele>498.8</ele>
      </trkpt>
      <trkpt lat="49.29791" lon="22.44135">
        <ele>507.0</ele>
      </trkpt>
      <trkpt lat="49.29789" lon="22.44157">
        <ele>507.5</ele>
      </trkpt>
      <trkpt lat="49.29821" lon="22.44285">
        <ele>519.1</ele>
      </trkpt>
      <trkpt lat="49.29833" lon="22.4432">
        <ele>524.0</ele>
      </trkpt>
      <trkpt lat="49.29851" lon="22.44357">
        <ele>529.2</ele>
      </trkpt>
      <trkpt lat="49.29874" lon="22.44399">
        <ele>538.1</ele>
      </trkpt>
      <trkpt lat="49.29881" lon="22.44418">
        <ele>540.0</ele>
      </trkpt>
      <trkpt lat="49.29882" lon="22.44434">
        <ele>541.3</ele>
      </trkpt>
      <trkpt lat="49.29881" lon="22.44444">
        <ele>541.3</ele>
      </trkpt>
      <trkpt lat="49.29872" lon="22.44458">
        <ele>542.5</ele>
      </trkpt>
      <trkpt lat="49.29866" lon="22.44459">
        <ele>542.5</ele>
      </trkpt>
      <trkpt lat="49.29787" lon="22.44409">
        <ele>550.8</ele>
      </trkpt>
      <trkpt lat="49.29768" lon="22.44404">
        <ele>551.9</ele>
      </trkpt>
      <trkpt lat="49.297185" lon="22.44425">
        <ele>550.3</ele>
      </trkpt>
      <trkpt lat="49.29669" lon="22.44446">
        <ele>550.6</ele>
      </trkpt>
      <trkpt lat="49.29589" lon="22.44477">
        <ele>561.3</ele>
      </trkpt>
      <trkpt lat="49.29538" lon="22.444885">
        <ele>564.7</ele>
      </trkpt>
      <trkpt lat="49.29487" lon="22.445">
        <ele>569.0</ele>
      </trkpt>
      <trkpt lat="49.29454" lon="22.44517">
        <ele>570.1</ele>
      </trkpt>
      <trkpt lat="49.29442" lon="22.44529">
        <ele>570.1</ele>
      </trkpt>
      <trkpt lat="49.29439" lon="22.44539">
        <ele>569.6</ele>
      </trkpt>
      <trkpt lat="49.2944" lon="22.44554">
        <ele>569.3</ele>
      </trkpt>
      <trkpt lat="49.29445" lon="22.4457">
        <ele>568.6</ele>
      </trkpt>
      <trkpt lat="49.29464" lon="22.44614">
        <ele>565.3</ele>
      </trkpt>
      <trkpt lat="49.295055" lon="22.446885">
        <ele>562.3</ele>
      </trkpt>
      <trkpt lat="49.29547" lon="22.44763">
        <ele>558.7</ele>
      </trkpt>
      <trkpt lat="49.29551" lon="22.44774">
        <ele>558.4</ele>
      </trkpt>
      <trkpt lat="49.29549" lon="22.44786">
        <ele>558.4</ele>
      </trkpt>
      <trkpt lat="49.29543" lon="22.44793">
        <ele>558.0</ele>
      </trkpt>
      <trkpt lat="49.29534" lon="22.44797">
        <ele>558.0</ele>
      </trkpt>
      <trkpt lat="49.29466" lon="22.44803">
        <ele>553.6</ele>
      </trkpt>
      <trkpt lat="49.29411" lon="22.4482">
        <ele>547.2</ele>
      </trkpt>
      <trkpt lat="49.29346" lon="22.4485">
        <ele>540.4</ele>
      </trkpt>
      <trkpt lat="49.29338" lon="22.44856">
        <ele>539.0</ele>
      </trkpt>
      <trkpt lat="49.29331" lon="22.44873">
        <ele>537.4</ele>
      </trkpt>
      <trkpt lat="49.2931" lon="22.44951">
        <ele>532.1</ele>
      </trkpt>
      <trkpt lat="49.29302" lon="22.44972">
        <ele>530.9</ele>
      </trkpt>
      <trkpt lat="49.292695" lon="22.450325">
        <ele>528.3</ele>
      </trkpt>
      <trkpt lat="49.29237" lon="22.45093">
        <ele>522.5</ele>
      </trkpt>
      <trkpt lat="49.292015" lon="22.45148">
        <ele>515.1</ele>
      </trkpt>
      <trkpt lat="49.29166" lon="22.45203">
        <ele>508.3</ele>
      </trkpt>
      <trkpt lat="49.29151" lon="22.45216">
        <ele>505.1</ele>
      </trkpt>
      <trkpt lat="49.29129" lon="22.45225">
        <ele>501.5</ele>
      </trkpt>
      <trkpt lat="49.29115" lon="22.45233">
        <ele>496.9</ele>
      </trkpt>
      <trkpt lat="49.29103" lon="22.45245">
        <ele>495.4</ele>
      </trkpt>
      <trkpt lat="49.29082" lon="22.45273">
        <ele>492.6</ele>
      </trkpt>
      <trkpt lat="49.29054" lon="22.45316">
        <ele>488.2</ele>
      </trkpt>
      <trkpt lat="49.29031" lon="22.45356">
        <ele>486.0</ele>
      </trkpt>
      <trkpt lat="49.2899" lon="22.45466">
        <ele>480.6</ele>
      </trkpt>
      <trkpt lat="49.289645" lon="22.455395">
        <ele>477.8</ele>
      </trkpt>
      <trkpt lat="49.28939" lon="22.45613">
        <ele>474.7</ele>
      </trkpt>
      <trkpt lat="49.28909" lon="22.45708">
        <ele>470.4</ele>
      </trkpt>
      <trkpt lat="49.28874" lon="22.45808">
        <ele>465.4</ele>
      </trkpt>
      <trkpt lat="49.28858" lon="22.45848">
        <ele>461.7</ele>
      </trkpt>
      <trkpt lat="49.288265" lon="22.459155">
        <ele>459.2</ele>
      </trkpt>
      <trkpt lat="49.28795" lon="22.45983">
        <ele>458.0</ele>
      </trkpt>
      <trkpt lat="49.28782" lon="22.46015">
        <ele>458.0</ele>
      </trkpt>
      <trkpt lat="49.28775" lon="22.46037">
        <ele>458.1</ele>
      </trkpt>
      <trkpt lat="49.28773" lon="22.4606">
        <ele>458.0</ele>
      </trkpt>
      <trkpt lat="49.28774" lon="22.46076">
        <ele>457.6</ele>
      </trkpt>
      <trkpt lat="49.28779" lon="22.46089">
        <ele>456.5</ele>
      </trkpt>
      <trkpt lat="49.28794" lon="22.46112">
        <ele>454.6</ele>
      </trkpt>
      <trkpt lat="49.28825" lon="22.4615">
        <ele>450.3</ele>
      </trkpt>
      <trkpt lat="49.288675" lon="22.46195">
        <ele>446.2</ele>
      </trkpt>
      <trkpt lat="49.2891" lon="22.4624">
        <ele>440.0</ele>
      </trkpt>
      <trkpt lat="49.28985" lon="22.46301">
        <ele>432.0</ele>
      </trkpt>
      <trkpt lat="49.28986" lon="22.46314">
        <ele>432.0</ele>
      </trkpt>
      <trkpt lat="49.28904" lon="22.46259">
        <ele>433.4</ele>
      </trkpt>
      <trkpt lat="49.28843" lon="22.46228">
        <ele>432.1</ele>
      </trkpt>
      <trkpt lat="49.28808" lon="22.462">
        <ele>431.0</ele>
      </trkpt>
      <trkpt lat="49.28773" lon="22.46163">
        <ele>430.6</ele>
      </trkpt>
      <trkpt lat="49.28744" lon="22.46127">
        <ele>430.6</ele>
      </trkpt>
      <trkpt lat="49.28717" lon="22.461">
        <ele>430.6</ele>
      </trkpt>
      <trkpt lat="49.28659" lon="22.46069">
        <ele>432.1</ele>
      </trkpt>
      <trkpt lat="49.28628" lon="22.46062">
        <ele>432.6</ele>
      </trkpt>
      <trkpt lat="49.28594" lon="22.46061">
        <ele>432.7</ele>
      </trkpt>
      <trkpt lat="49.28565" lon="22.46067">
        <ele>431.9</ele>
      </trkpt>
      <trkpt lat="49.28486" lon="22.46097">
        <ele>430.6</ele>
      </trkpt>
      <trkpt lat="49.28462" lon="22.46113">
        <ele>430.5</ele>
      </trkpt>
      <trkpt lat="49.284145" lon="22.461575">
        <ele>430.5</ele>
      </trkpt>
      <trkpt lat="49.28367" lon="22.46202">
        <ele>432.7</ele>
      </trkpt>
      <trkpt lat="49.28327" lon="22.46246">
        <ele>434.5</ele>
      </trkpt>
      <trkpt lat="49.28347" lon="22.46271">
        <ele>434.5</ele>
      </trkpt>
      <trkpt lat="49.28401" lon="22.463145">
        <ele>434.5</ele>
      </trkpt>
      <trkpt lat="49.28455" lon="22.46358">
        <ele>434.6</ele>
      </trkpt>
      <trkpt lat="49.28461" lon="22.46378">
        <ele>434.6</ele>
      </trkpt>
      <trkpt lat="49.28465" lon="22.46413">
        <ele>434.7</ele>
      </trkpt>
      <trkpt lat="49.28433" lon="22.46485">
        <ele>434.7</ele>
      </trkpt>
      <trkpt lat="49.28426" lon="22.46513">
        <ele>434.7</ele>
      </trkpt>
      <trkpt lat="49.28423" lon="22.46544">
        <ele>434.4</ele>
      </trkpt>
      <trkpt lat="49.2842" lon="22.46619">
        <ele>434.0</ele>
      </trkpt>
      <trkpt lat="49.28422" lon="22.46689">
        <ele>432.9</ele>
      </trkpt>
      <trkpt lat="49.284325" lon="22.46761">
        <ele>432.9</ele>
      </trkpt>
      <trkpt lat="49.28443" lon="22.46833">
        <ele>433.9</ele>
      </trkpt>
      <trkpt lat="49.28442" lon="22.46876">
        <ele>432.9</ele>
      </trkpt>
      <trkpt lat="49.2843" lon="22.4701">
        <ele>433.2</ele>
      </trkpt>
      <trkpt lat="49.28424" lon="22.47048">
        <ele>435.1</ele>
      </trkpt>
      <trkpt lat="49.28413" lon="22.47113">
        <ele>440.3</ele>
      </trkpt>
      <trkpt lat="49.28404" lon="22.4714">
        <ele>442.2</ele>
      </trkpt>
      <trkpt lat="49.283635" lon="22.47223">
        <ele>450.5</ele>
      </trkpt>
      <trkpt lat="49.28323" lon="22.47306">
        <ele>454.4</ele>
      </trkpt>
      <trkpt lat="49.28318" lon="22.4734">
        <ele>454.8</ele>
      </trkpt>
      <trkpt lat="49.28303" lon="22.47371">
        <ele>456.3</ele>
      </trkpt>
      <trkpt lat="49.28285" lon="22.47378">
        <ele>456.6</ele>
      </trkpt>
      <trkpt lat="49.28225" lon="22.47373">
        <ele>457.9</ele>
      </trkpt>
      <trkpt lat="49.28165" lon="22.47368">
        <ele>460.0</ele>
      </trkpt>
      <trkpt lat="49.28141" lon="22.47374">
        <ele>461.5</ele>
      </trkpt>
      <trkpt lat="49.281" lon="22.47422">
        <ele>464.7</ele>
      </trkpt>
      <trkpt lat="49.28064" lon="22.47454">
        <ele>467.7</ele>
      </trkpt>
      <trkpt lat="49.279965" lon="22.47492">
        <ele>473.2</ele>
      </trkpt>
      <trkpt lat="49.27929" lon="22.4753">
        <ele>476.1</ele>
      </trkpt>
      <trkpt lat="49.27885" lon="22.47543">
        <ele>481.8</ele>
      </trkpt>
      <trkpt lat="49.27874" lon="22.47553">
        <ele>482.9</ele>
      </trkpt>
      <trkpt lat="49.27865" lon="22.47563">
        <ele>482.9</ele>
      </trkpt>
      <trkpt lat="49.27835" lon="22.476285">
        <ele>489.1</ele>
      </trkpt>
      <trkpt lat="49.27805" lon="22.47694">
        <ele>496.3</ele>
      </trkpt>
      <trkpt lat="49.27802" lon="22.47706">
        <ele>496.8</ele>
      </trkpt>
      <trkpt lat="49.27796" lon="22.47723">
        <ele>497.5</ele>
      </trkpt>
      <trkpt lat="49.27779" lon="22.47846">
        <ele>492.2</ele>
      </trkpt>
      <trkpt lat="49.27765" lon="22.4791">
        <ele>488.7</ele>
      </trkpt>
      <trkpt lat="49.277195" lon="22.479965">
        <ele>482.7</ele>
      </trkpt>
      <trkpt lat="49.27674" lon="22.48083">
        <ele>486.8</ele>
      </trkpt>
      <trkpt lat="49.27647" lon="22.48158">
        <ele>489.3</ele>
      </trkpt>
      <trkpt lat="49.27619" lon="22.48253">
        <ele>492.0</ele>
      </trkpt>
      <trkpt lat="49.2756" lon="22.48342">
        <ele>495.4</ele>
      </trkpt>
      <trkpt lat="49.27517" lon="22.48423">
        <ele>499.9</ele>
      </trkpt>
      <trkpt lat="49.27502" lon="22.48477">
        <ele>503.8</ele>
      </trkpt>
      <trkpt lat="49.27503" lon="22.4852">
        <ele>504.8</ele>
      </trkpt>
      <trkpt lat="49.27527" lon="22.48559">
        <ele>504.2</ele>
      </trkpt>
      <trkpt lat="49.2756" lon="22.4864">
        <ele>503.4</ele>
      </trkpt>
      <trkpt lat="49.27618" lon="22.48724">
        <ele>496.5</ele>
      </trkpt>
      <trkpt lat="49.27631" lon="22.48752">
        <ele>495.2</ele>
      </trkpt>
      <trkpt lat="49.27634" lon="22.48771">
        <ele>494.7</ele>
      </trkpt>
      <trkpt lat="49.27633" lon="22.4878">
        <ele>494.6</ele>
      </trkpt>
      <trkpt lat="49.27626" lon="22.48793">
        <ele>494.7</ele>
      </trkpt>
      <trkpt lat="49.27621" lon="22.48796">
        <ele>494.8</ele>
      </trkpt>
      <trkpt lat="49.27607" lon="22.48793">
        <ele>494.6</ele>
      </trkpt>
      <trkpt lat="49.27584" lon="22.48773">
        <ele>493.2</ele>
      </trkpt>
      <trkpt lat="49.27525" lon="22.4873">
        <ele>488.7</ele>
      </trkpt>
      <trkpt lat="49.27494" lon="22.48728">
        <ele>485.4</ele>
      </trkpt>
      <trkpt lat="49.27468" lon="22.48734">
        <ele>483.9</ele>
      </trkpt>
      <trkpt lat="49.27442" lon="22.48758">
        <ele>482.5</ele>
      </trkpt>
      <trkpt lat="49.27431" lon="22.48789">
        <ele>482.2</ele>
      </trkpt>
      <trkpt lat="49.27417" lon="22.48845">
        <ele>482.6</ele>
      </trkpt>
      <trkpt lat="49.2741" lon="22.48925">
        <ele>480.7</ele>
      </trkpt>
      <trkpt lat="49.27405" lon="22.48959">
        <ele>477.9</ele>
      </trkpt>
      <trkpt lat="49.27376" lon="22.49074">
        <ele>474.8</ele>
      </trkpt>
      <trkpt lat="49.27359" lon="22.49116">
        <ele>475.4</ele>
      </trkpt>
      <trkpt lat="49.27322" lon="22.49172">
        <ele>479.5</ele>
      </trkpt>
      <trkpt lat="49.272825" lon="22.492365">
        <ele>486.1</ele>
      </trkpt>
      <trkpt lat="49.27243" lon="22.49301">
        <ele>491.9</ele>
      </trkpt>
      <trkpt lat="49.27238" lon="22.49334">
        <ele>494.2</ele>
      </trkpt>
      <trkpt lat="49.27251" lon="22.49367">
        <ele>495.5</ele>
      </trkpt>
      <trkpt lat="49.2728" lon="22.49396">
        <ele>497.5</ele>
      </trkpt>
      <trkpt lat="49.27316" lon="22.49405">
        <ele>501.4</ele>
      </trkpt>
      <trkpt lat="49.27345" lon="22.49407">
        <ele>503.3</ele>
      </trkpt>
      <trkpt lat="49.27379" lon="22.49396">
        <ele>503.4</ele>
      </trkpt>
      <trkpt lat="49.27395" lon="22.49399">
        <ele>502.9</ele>
      </trkpt>
      <trkpt lat="49.27413" lon="22.49407">
        <ele>501.9</ele>
      </trkpt>
      <trkpt lat="49.27422" lon="22.49425">
        <ele>502.3</ele>
      </trkpt>
      <trkpt lat="49.27422" lon="22.49437">
        <ele>502.7</ele>
      </trkpt>
      <trkpt lat="49.27419" lon="22.49451">
        <ele>502.7</ele>
      </trkpt>
      <trkpt lat="49.27413" lon="22.49463">
        <ele>503.8</ele>
      </trkpt>
      <trkpt lat="49.273515" lon="22.495395">
        <ele>511.1</ele>
      </trkpt>
      <trkpt lat="49.2729" lon="22.49616">
        <ele>517.6</ele>
      </trkpt>
      <trkpt lat="49.27284" lon="22.49631">
        <ele>517.7</ele>
      </trkpt>
      <trkpt lat="49.27278" lon="22.49643">
        <ele>517.9</ele>
      </trkpt>
      <trkpt lat="49.27285" lon="22.49749">
        <ele>518.8</ele>
      </trkpt>
      <trkpt lat="49.27292" lon="22.49855">
        <ele>523.2</ele>
      </trkpt>
      <trkpt lat="49.27318" lon="22.49922">
        <ele>529.8</ele>
      </trkpt>
      <trkpt lat="49.27344" lon="22.49989">
        <ele>534.9</ele>
      </trkpt>
      <trkpt lat="49.27363" lon="22.5005">
        <ele>536.5</ele>
      </trkpt>
      <trkpt lat="49.27363" lon="22.50052">
        <ele>536.5</ele>
      </trkpt>
      <trkpt lat="49.27354" lon="22.50074">
        <ele>537.4</ele>
      </trkpt>
      <trkpt lat="49.27329" lon="22.50068">
        <ele>537.7</ele>
      </trkpt>
      <trkpt lat="49.27263" lon="22.50044">
        <ele>537.9</ele>
      </trkpt>
      <trkpt lat="49.27244" lon="22.50046">
        <ele>536.4</ele>
      </trkpt>
      <trkpt lat="49.27198" lon="22.50093">
        <ele>532.5</ele>
      </trkpt>
      <trkpt lat="49.27156" lon="22.50114">
        <ele>533.6</ele>
      </trkpt>
      <trkpt lat="49.27073" lon="22.50111">
        <ele>532.8</ele>
      </trkpt>
      <trkpt lat="49.27035" lon="22.50106">
        <ele>530.4</ele>
      </trkpt>
      <trkpt lat="49.26985" lon="22.50067">
        <ele>526.9</ele>
      </trkpt>
      <trkpt lat="49.26948" lon="22.50033">
        <ele>525.0</ele>
      </trkpt>
      <trkpt lat="49.2692" lon="22.50039">
        <ele>522.9</ele>
      </trkpt>
      <trkpt lat="49.2688" lon="22.50095">
        <ele>517.8</ele>
      </trkpt>
      <trkpt lat="49.26837" lon="22.50166">
        <ele>509.7</ele>
      </trkpt>
      <trkpt lat="49.26794" lon="22.50237">
        <ele>503.6</ele>
      </trkpt>
      <trkpt lat="49.26771" lon="22.50297">
        <ele>500.4</ele>
      </trkpt>
      <trkpt lat="49.26754" lon="22.5035">
        <ele>498.4</ele>
      </trkpt>
      <trkpt lat="49.26732" lon="22.50387">
        <ele>497.1</ele>
      </trkpt>
      <trkpt lat="49.26681" lon="22.50436">
        <ele>494.6</ele>
      </trkpt>
      <trkpt lat="49.26659" lon="22.50461">
        <ele>494.0</ele>
      </trkpt>
      <trkpt lat="49.26632" lon="22.50528">
        <ele>493.4</ele>
      </trkpt>
      <trkpt lat="49.26617" lon="22.506155">
        <ele>493.2</ele>
      </trkpt>
      <trkpt lat="49.26602" lon="22.50703">
        <ele>494.7</ele>
      </trkpt>
      <trkpt lat="49.26604" lon="22.50758">
        <ele>497.0</ele>
      </trkpt>
      <trkpt lat="49.26621" lon="22.50808">
        <ele>498.0</ele>
      </trkpt>
      <trkpt lat="49.26648" lon="22.508645">
        <ele>498.6</ele>
      </trkpt>
      <trkpt lat="49.26675" lon="22.50921">
        <ele>499.6</ele>
      </trkpt>
      <trkpt lat="49.26708" lon="22.50984">
        <ele>501.6</ele>
      </trkpt>
      <trkpt lat="49.26735" lon="22.51015">
        <ele>502.9</ele>
      </trkpt>
      <trkpt lat="49.26741" lon="22.51027">
        <ele>503.4</ele>
      </trkpt>
      <trkpt lat="49.26743" lon="22.51041">
        <ele>503.5</ele>
      </trkpt>
      <trkpt lat="49.2674" lon="22.51052">
        <ele>503.6</ele>
      </trkpt>
      <trkpt lat="49.26735" lon="22.51059">
        <ele>503.7</ele>
      </trkpt>
      <trkpt lat="49.26728" lon="22.51061">
        <ele>503.9</ele>
      </trkpt>
      <trkpt lat="49.26677" lon="22.51063">
        <ele>507.5</ele>
      </trkpt>
      <trkpt lat="49.2664" lon="22.51071">
        <ele>508.9</ele>
      </trkpt>
      <trkpt lat="49.26627" lon="22.5108">
        <ele>509.6</ele>
      </trkpt>
      <trkpt lat="49.2662" lon="22.51094">
        <ele>509.8</ele>
      </trkpt>
      <trkpt lat="49.26622" lon="22.51113">
        <ele>509.8</ele>
      </trkpt>
      <trkpt lat="49.26636" lon="22.51178">
        <ele>509.1</ele>
      </trkpt>
      <trkpt lat="49.26637" lon="22.51197">
        <ele>509.2</ele>
      </trkpt>
      <trkpt lat="49.26629" lon="22.51218">
        <ele>509.6</ele>
      </trkpt>
      <trkpt lat="49.26618" lon="22.51235">
        <ele>510.7</ele>
      </trkpt>
      <trkpt lat="49.26606" lon="22.51243">
        <ele>511.8</ele>
      </trkpt>
      <trkpt lat="49.26566" lon="22.51243">
        <ele>514.2</ele>
      </trkpt>
      <trkpt lat="49.26547" lon="22.51254">
        <ele>514.3</ele>
      </trkpt>
      <trkpt lat="49.26515" lon="22.51303">
        <ele>512.1</ele>
      </trkpt>
      <trkpt lat="49.26465" lon="22.51334">
        <ele>514.8</ele>
      </trkpt>
      <trkpt lat="49.26407" lon="22.51344">
        <ele>518.9</ele>
      </trkpt>
      <trkpt lat="49.26393" lon="22.5135">
        <ele>519.1</ele>
      </trkpt>
      <trkpt lat="49.26361" lon="22.51391">
        <ele>517.6</ele>
      </trkpt>
      <trkpt lat="49.26314" lon="22.51426">
        <ele>514.5</ele>
      </trkpt>
      <trkpt lat="49.262665" lon="22.51438">
        <ele>512.0</ele>
      </trkpt>
      <trkpt lat="49.26219" lon="22.5145">
        <ele>509.7</ele>
      </trkpt>
      <trkpt lat="49.26179" lon="22.51472">
        <ele>505.8</ele>
      </trkpt>
      <trkpt lat="49.261175" lon="22.515315">
        <ele>502.1</ele>
      </trkpt>
      <trkpt lat="49.26056" lon="22.51591">
        <ele>501.5</ele>
      </trkpt>
      <trkpt lat="49.26043" lon="22.51605">
        <ele>502.4</ele>
      </trkpt>
      <trkpt lat="49.26018" lon="22.51655">
        <ele>503.1</ele>
      </trkpt>
      <trkpt lat="49.26012" lon="22.51675">
        <ele>503.1</ele>
      </trkpt>
      <trkpt lat="49.26006" lon="22.51744">
        <ele>501.8</ele>
      </trkpt>
      <trkpt lat="49.26031" lon="22.51826">
        <ele>499.6</ele>
      </trkpt>
      <trkpt lat="49.260775" lon="22.51886">
        <ele>499.1</ele>
      </trkpt>
      <trkpt lat="49.26124" lon="22.51946">
        <ele>499.7</ele>
      </trkpt>
      <trkpt lat="49.26126" lon="22.51956">
        <ele>500.0</ele>
      </trkpt>
      <trkpt lat="49.2612" lon="22.51971">
        <ele>500.9</ele>
      </trkpt>
      <trkpt lat="49.26113" lon="22.51978">
        <ele>500.9</ele>
      </trkpt>
      <trkpt lat="49.26103" lon="22.5198">
        <ele>502.7</ele>
      </trkpt>
      <trkpt lat="49.26028" lon="22.51979">
        <ele>506.3</ele>
      </trkpt>
      <trkpt lat="49.26018" lon="22.51982">
        <ele>506.3</ele>
      </trkpt>
      <trkpt lat="49.2601" lon="22.5199">
        <ele>506.3</ele>
      </trkpt>
      <trkpt lat="49.26003" lon="22.52003">
        <ele>506.2</ele>
      </trkpt>
      <trkpt lat="49.25973" lon="22.52087">
        <ele>507.5</ele>
      </trkpt>
      <trkpt lat="49.25943" lon="22.52171">
        <ele>507.0</ele>
      </trkpt>
      <trkpt lat="49.25936" lon="22.52183">
        <ele>506.6</ele>
      </trkpt>
      <trkpt lat="49.2592" lon="22.52202">
        <ele>505.3</ele>
      </trkpt>
      <trkpt lat="49.25889" lon="22.52227">
        <ele>502.6</ele>
      </trkpt>
      <trkpt lat="49.25878" lon="22.52241">
        <ele>502.6</ele>
      </trkpt>
      <trkpt lat="49.25851" lon="22.52296">
        <ele>499.1</ele>
      </trkpt>
      <trkpt lat="49.2584" lon="22.52311">
        <ele>499.1</ele>
      </trkpt>
      <trkpt lat="49.2583" lon="22.52317">
        <ele>499.5</ele>
      </trkpt>
      <trkpt lat="49.25817" lon="22.52322">
        <ele>499.5</ele>
      </trkpt>
      <trkpt lat="49.25783" lon="22.52326">
        <ele>499.7</ele>
      </trkpt>
      <trkpt lat="49.257053" lon="22.52331">
        <ele>496.4</ele>
      </trkpt>
      <trkpt lat="49.256275" lon="22.52336">
        <ele>495.7</ele>
      </trkpt>
      <trkpt lat="49.255498" lon="22.52341">
        <ele>493.9</ele>
      </trkpt>
      <trkpt lat="49.25472" lon="22.52346">
        <ele>488.9</ele>
      </trkpt>
      <trkpt lat="49.25462" lon="22.52349">
        <ele>488.5</ele>
      </trkpt>
      <trkpt lat="49.25452" lon="22.52356">
        <ele>488.1</ele>
      </trkpt>
      <trkpt lat="49.25435" lon="22.52371">
        <ele>487.4</ele>
      </trkpt>
      <trkpt lat="49.25422" lon="22.52389">
        <ele>486.6</ele>
      </trkpt>
      <trkpt lat="49.25414" lon="22.52404">
        <ele>486.3</ele>
      </trkpt>
      <trkpt lat="49.25398" lon="22.52446">
        <ele>486.3</ele>
      </trkpt>
      <trkpt lat="49.25389" lon="22.52475">
        <ele>486.9</ele>
      </trkpt>
      <trkpt lat="49.25384" lon="22.52504">
        <ele>487.0</ele>
      </trkpt>
      <trkpt lat="49.25384" lon="22.52543">
        <ele>487.0</ele>
      </trkpt>
      <trkpt lat="49.2539" lon="22.52568">
        <ele>486.4</ele>
      </trkpt>
      <trkpt lat="49.25399" lon="22.52599">
        <ele>485.4</ele>
      </trkpt>
      <trkpt lat="49.25431" lon="22.52688">
        <ele>479.4</ele>
      </trkpt>
      <trkpt lat="49.25452" lon="22.52712">
        <ele>475.3</ele>
      </trkpt>
      <trkpt lat="49.25468" lon="22.52723">
        <ele>473.4</ele>
      </trkpt>
      <trkpt lat="49.2554" lon="22.52755">
        <ele>471.2</ele>
      </trkpt>
      <trkpt lat="49.25563" lon="22.52773">
        <ele>472.0</ele>
      </trkpt>
      <trkpt lat="49.25578" lon="22.52787">
        <ele>472.4</ele>
      </trkpt>
      <trkpt lat="49.25598" lon="22.52813">
        <ele>473.8</ele>
      </trkpt>
      <trkpt lat="49.25626" lon="22.52872">
        <ele>475.4</ele>
      </trkpt>
      <trkpt lat="49.25635" lon="22.52898">
        <ele>475.8</ele>
      </trkpt>
      <trkpt lat="49.25644" lon="22.52937">
        <ele>475.7</ele>
      </trkpt>
      <trkpt lat="49.25649" lon="22.5297">
        <ele>475.1</ele>
      </trkpt>
      <trkpt lat="49.25654" lon="22.53026">
        <ele>474.7</ele>
      </trkpt>
      <trkpt lat="49.25652" lon="22.53095">
        <ele>475.1</ele>
      </trkpt>
      <trkpt lat="49.25636" lon="22.53167">
        <ele>477.1</ele>
      </trkpt>
      <trkpt lat="49.2562" lon="22.53239">
        <ele>480.2</ele>
      </trkpt>
      <trkpt lat="49.25591" lon="22.53348">
        <ele>487.9</ele>
      </trkpt>
      <trkpt lat="49.25555" lon="22.53459">
        <ele>488.2</ele>
      </trkpt>
      <trkpt lat="49.2554" lon="22.53488">
        <ele>487.6</ele>
      </trkpt>
      <trkpt lat="49.2548" lon="22.5358">
        <ele>489.9</ele>
      </trkpt>
      <trkpt lat="49.25454" lon="22.5361">
        <ele>491.2</ele>
      </trkpt>
      <trkpt lat="49.25437" lon="22.53621">
        <ele>491.5</ele>
      </trkpt>
      <trkpt lat="49.25364" lon="22.53657">
        <ele>494.0</ele>
      </trkpt>
      <trkpt lat="49.252903" lon="22.537163">
        <ele>495.7</ele>
      </trkpt>
      <trkpt lat="49.252165" lon="22.537755">
        <ele>496.9</ele>
      </trkpt>
      <trkpt lat="49.251428" lon="22.538348">
        <ele>496.8</ele>
      </trkpt>
      <trkpt lat="49.25069" lon="22.53894">
        <ele>501.9</ele>
      </trkpt>
      <trkpt lat="49.25057" lon="22.53906">
        <ele>502.2</ele>
      </trkpt>
      <trkpt lat="49.25045" lon="22.53923">
        <ele>502.7</ele>
      </trkpt>
      <trkpt lat="49.25037" lon="22.53939">
        <ele>502.9</ele>
      </trkpt>
      <trkpt lat="49.25031" lon="22.5396">
        <ele>502.9</ele>
      </trkpt>
      <trkpt lat="49.25027" lon="22.53986">
        <ele>502.5</ele>
      </trkpt>
      <trkpt lat="49.25025" lon="22.54016">
        <ele>501.8</ele>
      </trkpt>
      <trkpt lat="49.25027" lon="22.541">
        <ele>500.1</ele>
      </trkpt>
      <trkpt lat="49.25029" lon="22.54184">
        <ele>498.0</ele>
      </trkpt>
      <trkpt lat="49.25029" lon="22.54201">
        <ele>497.4</ele>
      </trkpt>
      <trkpt lat="49.25034" lon="22.54237">
        <ele>497.4</ele>
      </trkpt>
      <trkpt lat="49.2504" lon="22.54251">
        <ele>495.7</ele>
      </trkpt>
      <trkpt lat="49.2506" lon="22.54285">
        <ele>495.0</ele>
      </trkpt>
      <trkpt lat="49.25087" lon="22.54355">
        <ele>491.8</ele>
      </trkpt>
      <trkpt lat="49.251" lon="22.54399">
        <ele>489.9</ele>
      </trkpt>
      <trkpt lat="49.25109" lon="22.54446">
        <ele>486.6</ele>
      </trkpt>
      <trkpt lat="49.2511" lon="22.54511">
        <ele>482.2</ele>
      </trkpt>
      <trkpt lat="49.25106" lon="22.54615">
        <ele>480.1</ele>
      </trkpt>
      <trkpt lat="49.25102" lon="22.54719">
        <ele>480.5</ele>
      </trkpt>
      <trkpt lat="49.25098" lon="22.54752">
        <ele>480.7</ele>
      </trkpt>
      <trkpt lat="49.25093" lon="22.54775">
        <ele>480.8</ele>
      </trkpt>
      <trkpt lat="49.25088" lon="22.5479">
        <ele>480.8</ele>
      </trkpt>
      <trkpt lat="49.25077" lon="22.54812">
        <ele>480.9</ele>
      </trkpt>
      <trkpt lat="49.2507" lon="22.54822">
        <ele>480.9</ele>
      </trkpt>
      <trkpt lat="49.25034" lon="22.54854">
        <ele>481.5</ele>
      </trkpt>
      <trkpt lat="49.25011" lon="22.5488">
        <ele>482.7</ele>
      </trkpt>
      <trkpt lat="49.25002" lon="22.54888">
        <ele>483.2</ele>
      </trkpt>
      <trkpt lat="49.24991" lon="22.54894">
        <ele>483.7</ele>
      </trkpt>
      <trkpt lat="49.2495" lon="22.54897">
        <ele>487.1</ele>
      </trkpt>
      <trkpt lat="49.2494" lon="22.54901">
        <ele>488.2</ele>
      </trkpt>
      <trkpt lat="49.24925" lon="22.54916">
        <ele>489.3</ele>
      </trkpt>
      <trkpt lat="49.2492" lon="22.54926">
        <ele>492.8</ele>
      </trkpt>
      <trkpt lat="49.24916" lon="22.54938">
        <ele>492.8</ele>
      </trkpt>
      <trkpt lat="49.24913" lon="22.54967">
        <ele>494.9</ele>
      </trkpt>
      <trkpt lat="49.24915" lon="22.54983">
        <ele>495.9</ele>
      </trkpt>
      <trkpt lat="49.24934" lon="22.5504">
        <ele>501.0</ele>
      </trkpt>
      <trkpt lat="49.24941" lon="22.5507">
        <ele>504.3</ele>
      </trkpt>
      <trkpt lat="49.24944" lon="22.55103">
        <ele>505.8</ele>
      </trkpt>
      <trkpt lat="49.24942" lon="22.55135">
        <ele>507.6</ele>
      </trkpt>
      <trkpt lat="49.24939" lon="22.55151">
        <ele>508.3</ele>
      </trkpt>
      <trkpt lat="49.24931" lon="22.55177">
        <ele>510.2</ele>
      </trkpt>
      <trkpt lat="49.24919" lon="22.55199">
        <ele>511.1</ele>
      </trkpt>
      <trkpt lat="49.24903" lon="22.55221">
        <ele>512.7</ele>
      </trkpt>
      <trkpt lat="49.2489" lon="22.55235">
        <ele>512.7</ele>
      </trkpt>
      <trkpt lat="49.24872" lon="22.55249">
        <ele>514.8</ele>
      </trkpt>
      <trkpt lat="49.24825" lon="22.55283">
        <ele>517.5</ele>
      </trkpt>
      <trkpt lat="49.24814" lon="22.55294">
        <ele>518.5</ele>
      </trkpt>
      <trkpt lat="49.24782" lon="22.55337">
        <ele>521.3</ele>
      </trkpt>
      <trkpt lat="49.24766" lon="22.55354">
        <ele>521.3</ele>
      </trkpt>
      <trkpt lat="49.24748" lon="22.55364">
        <ele>523.5</ele>
      </trkpt>
      <trkpt lat="49.24736" lon="22.55368">
        <ele>524.7</ele>
      </trkpt>
      <trkpt lat="49.24681" lon="22.55381">
        <ele>527.7</ele>
      </trkpt>
      <trkpt lat="49.24664" lon="22.55387">
        <ele>528.6</ele>
      </trkpt>
      <trkpt lat="49.24645" lon="22.554">
        <ele>529.4</ele>
      </trkpt>
      <trkpt lat="49.24635" lon="22.55412">
        <ele>529.7</ele>
      </trkpt>
      <trkpt lat="49.24588" lon="22.55484">
        <ele>531.4</ele>
      </trkpt>
      <trkpt lat="49.24569" lon="22.55508">
        <ele>531.2</ele>
      </trkpt>
      <trkpt lat="49.2456" lon="22.55516">
        <ele>531.0</ele>
      </trkpt>
      <trkpt lat="49.24548" lon="22.55524">
        <ele>530.6</ele>
      </trkpt>
      <trkpt lat="49.24534" lon="22.5553">
        <ele>529.6</ele>
      </trkpt>
      <trkpt lat="49.24476" lon="22.55552">
        <ele>526.0</ele>
      </trkpt>
      <trkpt lat="49.24459" lon="22.55552">
        <ele>525.2</ele>
      </trkpt>
      <trkpt lat="49.24446" lon="22.55539">
        <ele>524.4</ele>
      </trkpt>
      <trkpt lat="49.24441" lon="22.5552">
        <ele>524.2</ele>
      </trkpt>
      <trkpt lat="49.24441" lon="22.55503">
        <ele>524.4</ele>
      </trkpt>
      <trkpt lat="49.24446" lon="22.5545">
        <ele>525.4</ele>
      </trkpt>
      <trkpt lat="49.2444" lon="22.55387">
        <ele>527.7</ele>
      </trkpt>
      <trkpt lat="49.24436" lon="22.55372">
        <ele>529.3</ele>
      </trkpt>
      <trkpt lat="49.24431" lon="22.55364">
        <ele>529.3</ele>
      </trkpt>
      <trkpt lat="49.24422" lon="22.55359">
        <ele>529.3</ele>
      </trkpt>
      <trkpt lat="49.24417" lon="22.55358">
        <ele>529.3</ele>
      </trkpt>
      <trkpt lat="49.2441" lon="22.55361">
        <ele>531.6</ele>
      </trkpt>
      <trkpt lat="49.24403" lon="22.55368">
        <ele>531.6</ele>
      </trkpt>
      <trkpt lat="49.24399" lon="22.55376">
        <ele>531.6</ele>
      </trkpt>
      <trkpt lat="49.24371" lon="22.55503">
        <ele>539.0</ele>
      </trkpt>
      <trkpt lat="49.24365" lon="22.55521">
        <ele>540.2</ele>
      </trkpt>
      <trkpt lat="49.24352" lon="22.55542">
        <ele>542.2</ele>
      </trkpt>
      <trkpt lat="49.243" lon="22.5561">
        <ele>545.1</ele>
      </trkpt>
      <trkpt lat="49.24256" lon="22.55666">
        <ele>542.0</ele>
      </trkpt>
      <trkpt lat="49.24212" lon="22.55722">
        <ele>536.6</ele>
      </trkpt>
      <trkpt lat="49.24188" lon="22.55744">
        <ele>536.6</ele>
      </trkpt>
      <trkpt lat="49.241295" lon="22.557865">
        <ele>530.9</ele>
      </trkpt>
      <trkpt lat="49.24071" lon="22.55829">
        <ele>526.8</ele>
      </trkpt>
      <trkpt lat="49.240145" lon="22.55899">
        <ele>519.6</ele>
      </trkpt>
      <trkpt lat="49.23958" lon="22.55969">
        <ele>514.7</ele>
      </trkpt>
      <trkpt lat="49.23938" lon="22.55989">
        <ele>512.9</ele>
      </trkpt>
      <trkpt lat="49.23896" lon="22.56012">
        <ele>511.2</ele>
      </trkpt>
      <trkpt lat="49.23938" lon="22.55989">
        <ele>514.2</ele>
      </trkpt>
      <trkpt lat="49.23958" lon="22.55969">
        <ele>514.7</ele>
      </trkpt>
      <trkpt lat="49.240145" lon="22.55899">
        <ele>521.3</ele>
      </trkpt>
      <trkpt lat="49.24071" lon="22.55829">
        <ele>527.8</ele>
      </trkpt>
      <trkpt lat="49.241295" lon="22.557865">
        <ele>530.9</ele>
      </trkpt>
      <trkpt lat="49.24188" lon="22.55744">
        <ele>536.6</ele>
      </trkpt>
      <trkpt lat="49.24212" lon="22.55722">
        <ele>539.1</ele>
      </trkpt>
      <trkpt lat="49.2426" lon="22.556615">
        <ele>542.0</ele>
      </trkpt>
      <trkpt lat="49.24308" lon="22.55601">
        <ele>545.4</ele>
      </trkpt>
      <trkpt lat="49.24328" lon="22.55685">
        <ele>550.0</ele>
      </trkpt>
      <trkpt lat="49.24339" lon="22.55744">
        <ele>552.0</ele>
      </trkpt>
      <trkpt lat="49.24345" lon="22.55799">
        <ele>555.7</ele>
      </trkpt>
      <trkpt lat="49.24343" lon="22.558805">
        <ele>558.4</ele>
      </trkpt>
      <trkpt lat="49.24341" lon="22.55962">
        <ele>564.3</ele>
      </trkpt>
      <trkpt lat="49.24333" lon="22.56079">
        <ele>568.1</ele>
      </trkpt>
      <trkpt lat="49.24339" lon="22.56124">
        <ele>568.7</ele>
      </trkpt>
      <trkpt lat="49.2435" lon="22.56158">
        <ele>568.7</ele>
      </trkpt>
      <trkpt lat="49.24359" lon="22.56172">
        <ele>568.7</ele>
      </trkpt>
      <trkpt lat="49.24382" lon="22.56189">
        <ele>569.6</ele>
      </trkpt>
      <trkpt lat="49.24392" lon="22.56193">
        <ele>570.5</ele>
      </trkpt>
      <trkpt lat="49.244" lon="22.56192">
        <ele>571.1</ele>
      </trkpt>
      <trkpt lat="49.24407" lon="22.56189">
        <ele>571.1</ele>
      </trkpt>
      <trkpt lat="49.24462" lon="22.56153">
        <ele>575.4</ele>
      </trkpt>
      <trkpt lat="49.24504" lon="22.56116">
        <ele>579.3</ele>
      </trkpt>
      <trkpt lat="49.24542" lon="22.5609">
        <ele>579.9</ele>
      </trkpt>
      <trkpt lat="49.24552" lon="22.56086">
        <ele>583.8</ele>
      </trkpt>
      <trkpt lat="49.24607" lon="22.56076">
        <ele>585.3</ele>
      </trkpt>
      <trkpt lat="49.24632" lon="22.56067">
        <ele>586.8</ele>
      </trkpt>
      <trkpt lat="49.24645" lon="22.56054">
        <ele>587.3</ele>
      </trkpt>
      <trkpt lat="49.24651" lon="22.56044">
        <ele>588.1</ele>
      </trkpt>
      <trkpt lat="49.24654" lon="22.56032">
        <ele>588.8</ele>
      </trkpt>
      <trkpt lat="49.24661" lon="22.55978">
        <ele>592.0</ele>
      </trkpt>
      <trkpt lat="49.24665" lon="22.55969">
        <ele>592.6</ele>
      </trkpt>
      <trkpt lat="49.24674" lon="22.5596">
        <ele>593.4</ele>
      </trkpt>
      <trkpt lat="49.24732" lon="22.5592">
        <ele>596.8</ele>
      </trkpt>
      <trkpt lat="49.24808" lon="22.55857">
        <ele>602.0</ele>
      </trkpt>
      <trkpt lat="49.2483" lon="22.55842">
        <ele>603.4</ele>
      </trkpt>
      <trkpt lat="49.24889" lon="22.5579">
        <ele>608.2</ele>
      </trkpt>
      <trkpt lat="49.24922" lon="22.55776">
        <ele>611.3</ele>
      </trkpt>
      <trkpt lat="49.24943" lon="22.55771">
        <ele>612.6</ele>
      </trkpt>
      <trkpt lat="49.2495" lon="22.55771">
        <ele>614.4</ele>
      </trkpt>
      <trkpt lat="49.24956" lon="22.55773">
        <ele>614.4</ele>
      </trkpt>
      <trkpt lat="49.24961" lon="22.55778">
        <ele>615.1</ele>
      </trkpt>
      <trkpt lat="49.24972" lon="22.5586">
        <ele>618.0</ele>
      </trkpt>
      <trkpt lat="49.24979" lon="22.55891">
        <ele>620.6</ele>
      </trkpt>
      <trkpt lat="49.24987" lon="22.55912">
        <ele>620.6</ele>
      </trkpt>
      <trkpt lat="49.25016" lon="22.55963">
        <ele>625.9</ele>
      </trkpt>
      <trkpt lat="49.2502" lon="22.55974">
        <ele>627.0</ele>
      </trkpt>
      <trkpt lat="49.25027" lon="22.56039">
        <ele>630.2</ele>
      </trkpt>
      <trkpt lat="49.25035" lon="22.56054">
        <ele>630.4</ele>
      </trkpt>
      <trkpt lat="49.2505" lon="22.56058">
        <ele>631.4</ele>
      </trkpt>
      <trkpt lat="49.25068" lon="22.56056">
        <ele>632.4</ele>
      </trkpt>
      <trkpt lat="49.25079" lon="22.56058">
        <ele>632.8</ele>
      </trkpt>
      <trkpt lat="49.2509" lon="22.56063">
        <ele>633.2</ele>
      </trkpt>
      <trkpt lat="49.251" lon="22.5607">
        <ele>633.2</ele>
      </trkpt>
      <trkpt lat="49.25134" lon="22.56106">
        <ele>635.3</ele>
      </trkpt>
      <trkpt lat="49.25157" lon="22.56127">
        <ele>636.5</ele>
      </trkpt>
      <trkpt lat="49.25173" lon="22.56148">
        <ele>637.7</ele>
      </trkpt>
      <trkpt lat="49.25183" lon="22.56166">
        <ele>638.6</ele>
      </trkpt>
      <trkpt lat="49.25194" lon="22.56204">
        <ele>640.6</ele>
      </trkpt>
      <trkpt lat="49.25204" lon="22.56254">
        <ele>641.3</ele>
      </trkpt>
      <trkpt lat="49.25209" lon="22.56263">
        <ele>641.7</ele>
      </trkpt>
      <trkpt lat="49.25216" lon="22.5627">
        <ele>642.2</ele>
      </trkpt>
      <trkpt lat="49.25224" lon="22.56275">
        <ele>642.9</ele>
      </trkpt>
      <trkpt lat="49.25255" lon="22.5628">
        <ele>645.3</ele>
      </trkpt>
      <trkpt lat="49.2531" lon="22.56305">
        <ele>648.8</ele>
      </trkpt>
      <trkpt lat="49.25336" lon="22.5633">
        <ele>650.4</ele>
      </trkpt>
      <trkpt lat="49.25383" lon="22.56383">
        <ele>651.7</ele>
      </trkpt>
      <trkpt lat="49.25419" lon="22.56416">
        <ele>652.8</ele>
      </trkpt>
      <trkpt lat="49.25452" lon="22.56426">
        <ele>654.7</ele>
      </trkpt>
      <trkpt lat="49.2551" lon="22.56467">
        <ele>657.4</ele>
      </trkpt>
      <trkpt lat="49.25565" lon="22.56525">
        <ele>660.5</ele>
      </trkpt>
      <trkpt lat="49.25577" lon="22.56535">
        <ele>661.2</ele>
      </trkpt>
      <trkpt lat="49.25587" lon="22.56541">
        <ele>661.2</ele>
      </trkpt>
      <trkpt lat="49.25669" lon="22.56565">
        <ele>662.1</ele>
      </trkpt>
      <trkpt lat="49.25676" lon="22.56564">
        <ele>661.6</ele>
      </trkpt>
      <trkpt lat="49.2568" lon="22.5656">
        <ele>661.5</ele>
      </trkpt>
      <trkpt lat="49.25684" lon="22.56552">
        <ele>661.4</ele>
      </trkpt>
      <trkpt lat="49.25685" lon="22.56544">
        <ele>661.4</ele>
      </trkpt>
      <trkpt lat="49.25684" lon="22.56534">
        <ele>661.4</ele>
      </trkpt>
      <trkpt lat="49.25679" lon="22.56519">
        <ele>661.7</ele>
      </trkpt>
      <trkpt lat="49.25629" lon="22.564195">
        <ele>664.5</ele>
      </trkpt>
      <trkpt lat="49.25579" lon="22.5632">
        <ele>664.5</ele>
      </trkpt>
      <trkpt lat="49.25548" lon="22.56248">
        <ele>665.4</ele>
      </trkpt>
      <trkpt lat="49.2549" lon="22.56145">
        <ele>671.6</ele>
      </trkpt>
      <trkpt lat="49.25478" lon="22.56119">
        <ele>673.2</ele>
      </trkpt>
      <trkpt lat="49.25474" lon="22.56106">
        <ele>673.7</ele>
      </trkpt>
      <trkpt lat="49.25473" lon="22.56096">
        <ele>673.7</ele>
      </trkpt>
      <trkpt lat="49.25475" lon="22.56084">
        <ele>675.0</ele>
      </trkpt>
      <trkpt lat="49.25479" lon="22.56076">
        <ele>675.0</ele>
      </trkpt>
      <trkpt lat="49.25494" lon="22.56069">
        <ele>675.8</ele>
      </trkpt>
      <trkpt lat="49.25503" lon="22.56069">
        <ele>676.5</ele>
      </trkpt>
      <trkpt lat="49.25585" lon="22.561">
        <ele>681.2</ele>
      </trkpt>
      <trkpt lat="49.25618" lon="22.5611">
        <ele>682.6</ele>
      </trkpt>
      <trkpt lat="49.25704" lon="22.56114">
        <ele>684.5</ele>
      </trkpt>
      <trkpt lat="49.25758" lon="22.56124">
        <ele>686.1</ele>
      </trkpt>
      <trkpt lat="49.25778" lon="22.56123">
        <ele>686.5</ele>
      </trkpt>
      <trkpt lat="49.25795" lon="22.56119">
        <ele>686.5</ele>
      </trkpt>
      <trkpt lat="49.25803" lon="22.56115">
        <ele>686.6</ele>
      </trkpt>
      <trkpt lat="49.25812" lon="22.56086">
        <ele>686.8</ele>
      </trkpt>
      <trkpt lat="49.25819" lon="22.56041">
        <ele>687.8</ele>
      </trkpt>
      <trkpt lat="49.25818" lon="22.56028">
        <ele>688.3</ele>
      </trkpt>
      <trkpt lat="49.25801" lon="22.55954">
        <ele>692.3</ele>
      </trkpt>
      <trkpt lat="49.25792" lon="22.55863">
        <ele>694.5</ele>
      </trkpt>
      <trkpt lat="49.25788" lon="22.55846">
        <ele>695.2</ele>
      </trkpt>
      <trkpt lat="49.25769" lon="22.558">
        <ele>698.5</ele>
      </trkpt>
      <trkpt lat="49.25758" lon="22.55782">
        <ele>700.5</ele>
      </trkpt>
      <trkpt lat="49.25748" lon="22.55773">
        <ele>701.3</ele>
      </trkpt>
      <trkpt lat="49.25739" lon="22.55768">
        <ele>702.7</ele>
      </trkpt>
      <trkpt lat="49.25724" lon="22.55767">
        <ele>703.4</ele>
      </trkpt>
      <trkpt lat="49.25711" lon="22.55763">
        <ele>704.5</ele>
      </trkpt>
      <trkpt lat="49.25672" lon="22.5572">
        <ele>705.5</ele>
      </trkpt>
      <trkpt lat="49.25612" lon="22.55658">
        <ele>707.7</ele>
      </trkpt>
      <trkpt lat="49.2559" lon="22.55627">
        <ele>709.7</ele>
      </trkpt>
      <trkpt lat="49.25549" lon="22.55576">
        <ele>710.8</ele>
      </trkpt>
      <trkpt lat="49.25538" lon="22.55549">
        <ele>709.8</ele>
      </trkpt>
      <trkpt lat="49.25533" lon="22.55524">
        <ele>708.3</ele>
      </trkpt>
      <trkpt lat="49.25531" lon="22.55496">
        <ele>706.3</ele>
      </trkpt>
      <trkpt lat="49.25533" lon="22.55478">
        <ele>705.1</ele>
      </trkpt>
      <trkpt lat="49.25547" lon="22.55435">
        <ele>703.8</ele>
      </trkpt>
      <trkpt lat="49.25548" lon="22.55421">
        <ele>703.5</ele>
      </trkpt>
      <trkpt lat="49.25543" lon="22.55373">
        <ele>702.3</ele>
      </trkpt>
      <trkpt lat="49.25544" lon="22.55344">
        <ele>701.9</ele>
      </trkpt>
      <trkpt lat="49.25547" lon="22.55318">
        <ele>701.8</ele>
      </trkpt>
      <trkpt lat="49.25553" lon="22.55303">
        <ele>701.9</ele>
      </trkpt>
      <trkpt lat="49.25562" lon="22.55289">
        <ele>701.9</ele>
      </trkpt>
      <trkpt lat="49.25571" lon="22.5528">
        <ele>701.9</ele>
      </trkpt>
      <trkpt lat="49.25581" lon="22.55274">
        <ele>701.9</ele>
      </trkpt>
      <trkpt lat="49.25595" lon="22.55275">
        <ele>702.1</ele>
      </trkpt>
      <trkpt lat="49.25609" lon="22.55279">
        <ele>702.6</ele>
      </trkpt>
      <trkpt lat="49.25625" lon="22.55288">
        <ele>703.9</ele>
      </trkpt>
      <trkpt lat="49.25644" lon="22.55305">
        <ele>705.7</ele>
      </trkpt>
      <trkpt lat="49.25693" lon="22.55384">
        <ele>705.5</ele>
      </trkpt>
      <trkpt lat="49.257" lon="22.55391">
        <ele>705.5</ele>
      </trkpt>
      <trkpt lat="49.25723" lon="22.55397">
        <ele>703.9</ele>
      </trkpt>
      <trkpt lat="49.25757" lon="22.55416">
        <ele>702.8</ele>
      </trkpt>
      <trkpt lat="49.25779" lon="22.55423">
        <ele>703.3</ele>
      </trkpt>
      <trkpt lat="49.25829" lon="22.55421">
        <ele>705.3</ele>
      </trkpt>
      <trkpt lat="49.25843" lon="22.55424">
        <ele>705.7</ele>
      </trkpt>
      <trkpt lat="49.2586" lon="22.55435">
        <ele>705.9</ele>
      </trkpt>
      <trkpt lat="49.259175" lon="22.554635">
        <ele>707.7</ele>
      </trkpt>
      <trkpt lat="49.25975" lon="22.55492">
        <ele>711.8</ele>
      </trkpt>
      <trkpt lat="49.25985" lon="22.55491">
        <ele>712.6</ele>
      </trkpt>
      <trkpt lat="49.2601" lon="22.55476">
        <ele>714.7</ele>
      </trkpt>
      <trkpt lat="49.26027" lon="22.55456">
        <ele>716.0</ele>
      </trkpt>
      <trkpt lat="49.2603" lon="22.55444">
        <ele>716.8</ele>
      </trkpt>
      <trkpt lat="49.26031" lon="22.5543">
        <ele>718.0</ele>
      </trkpt>
      <trkpt lat="49.26028" lon="22.55396">
        <ele>719.6</ele>
      </trkpt>
      <trkpt lat="49.26029" lon="22.55371">
        <ele>720.1</ele>
      </trkpt>
      <trkpt lat="49.26038" lon="22.5535">
        <ele>721.2</ele>
      </trkpt>
      <trkpt lat="49.26067" lon="22.55298">
        <ele>723.5</ele>
      </trkpt>
      <trkpt lat="49.26092" lon="22.55264">
        <ele>726.4</ele>
      </trkpt>
      <trkpt lat="49.26109" lon="22.55251">
        <ele>727.7</ele>
      </trkpt>
      <trkpt lat="49.26116" lon="22.55243">
        <ele>727.7</ele>
      </trkpt>
      <trkpt lat="49.26141" lon="22.5515">
        <ele>727.7</ele>
      </trkpt>
      <trkpt lat="49.26144" lon="22.55125">
        <ele>726.3</ele>
      </trkpt>
      <trkpt lat="49.26142" lon="22.55114">
        <ele>725.4</ele>
      </trkpt>
      <trkpt lat="49.26119" lon="22.55075">
        <ele>724.4</ele>
      </trkpt>
      <trkpt lat="49.26109" lon="22.55053">
        <ele>724.4</ele>
      </trkpt>
      <trkpt lat="49.26089" lon="22.54993">
        <ele>725.1</ele>
      </trkpt>
      <trkpt lat="49.26075" lon="22.54969">
        <ele>725.6</ele>
      </trkpt>
      <trkpt lat="49.26052" lon="22.54939">
        <ele>725.7</ele>
      </trkpt>
      <trkpt lat="49.26013" lon="22.54875">
        <ele>726.7</ele>
      </trkpt>
      <trkpt lat="49.26007" lon="22.54861">
        <ele>727.2</ele>
      </trkpt>
      <trkpt lat="49.26006" lon="22.5483">
        <ele>728.0</ele>
      </trkpt>
      <trkpt lat="49.26022" lon="22.54773">
        <ele>731.2</ele>
      </trkpt>
      <trkpt lat="49.26022" lon="22.54772">
        <ele>731.2</ele>
      </trkpt>
      <trkpt lat="49.26035" lon="22.54802">
        <ele>733.9</ele>
      </trkpt>
      <trkpt lat="49.26039" lon="22.54816">
        <ele>733.9</ele>
      </trkpt>
      <trkpt lat="49.26043" lon="22.54847">
        <ele>736.0</ele>
      </trkpt>
      <trkpt lat="49.26047" lon="22.54863">
        <ele>736.6</ele>
      </trkpt>
      <trkpt lat="49.26092" lon="22.54937">
        <ele>741.0</ele>
      </trkpt>
      <trkpt lat="49.26113" lon="22.54962">
        <ele>743.6</ele>
      </trkpt>
      <trkpt lat="49.26125" lon="22.54983">
        <ele>747.2</ele>
      </trkpt>
      <trkpt lat="49.26148" lon="22.55014">
        <ele>748.1</ele>
      </trkpt>
      <trkpt lat="49.26195" lon="22.55073">
        <ele>753.6</ele>
      </trkpt>
      <trkpt lat="49.26247" lon="22.55151">
        <ele>763.9</ele>
      </trkpt>
      <trkpt lat="49.26256" lon="22.55175">
        <ele>767.9</ele>
      </trkpt>
      <trkpt lat="49.26261" lon="22.55203">
        <ele>767.9</ele>
      </trkpt>
      <trkpt lat="49.26283" lon="22.55265">
        <ele>774.5</ele>
      </trkpt>
      <trkpt lat="49.26294" lon="22.55317">
        <ele>778.5</ele>
      </trkpt>
      <trkpt lat="49.26336" lon="22.55426">
        <ele>782.8</ele>
      </trkpt>
      <trkpt lat="49.26353" lon="22.55484">
        <ele>783.1</ele>
      </trkpt>
      <trkpt lat="49.26354" lon="22.55494">
        <ele>782.7</ele>
      </trkpt>
      <trkpt lat="49.26351" lon="22.55509">
        <ele>782.3</ele>
      </trkpt>
      <trkpt lat="49.26336" lon="22.55558">
        <ele>779.4</ele>
      </trkpt>
      <trkpt lat="49.2632" lon="22.5564">
        <ele>775.9</ele>
      </trkpt>
      <trkpt lat="49.26301" lon="22.55675">
        <ele>771.8</ele>
      </trkpt>
      <trkpt lat="49.26295" lon="22.55689">
        <ele>771.8</ele>
      </trkpt>
      <trkpt lat="49.26291" lon="22.55704">
        <ele>768.4</ele>
      </trkpt>
      <trkpt lat="49.26286" lon="22.55761">
        <ele>765.6</ele>
      </trkpt>
      <trkpt lat="49.26286" lon="22.5579">
        <ele>763.8</ele>
      </trkpt>
      <trkpt lat="49.26288" lon="22.55817">
        <ele>762.8</ele>
      </trkpt>
      <trkpt lat="49.26295" lon="22.5586">
        <ele>761.7</ele>
      </trkpt>
      <trkpt lat="49.26318" lon="22.55951">
        <ele>759.3</ele>
      </trkpt>
      <trkpt lat="49.2633" lon="22.56034">
        <ele>756.5</ele>
      </trkpt>
      <trkpt lat="49.26338" lon="22.56062">
        <ele>755.6</ele>
      </trkpt>
      <trkpt lat="49.26346" lon="22.56079">
        <ele>755.3</ele>
      </trkpt>
      <trkpt lat="49.26349" lon="22.56098">
        <ele>754.9</ele>
      </trkpt>
      <trkpt lat="49.26357" lon="22.56116">
        <ele>754.1</ele>
      </trkpt>
      <trkpt lat="49.26367" lon="22.56118">
        <ele>753.2</ele>
      </trkpt>
      <trkpt lat="49.2638" lon="22.56116">
        <ele>751.7</ele>
      </trkpt>
      <trkpt lat="49.26389" lon="22.56109">
        <ele>751.7</ele>
      </trkpt>
      <trkpt lat="49.26394" lon="22.56101">
        <ele>751.0</ele>
      </trkpt>
      <trkpt lat="49.26406" lon="22.56073">
        <ele>748.9</ele>
      </trkpt>
      <trkpt lat="49.26416" lon="22.5606">
        <ele>748.9</ele>
      </trkpt>
      <trkpt lat="49.26464" lon="22.55976">
        <ele>742.3</ele>
      </trkpt>
      <trkpt lat="49.2648" lon="22.55965">
        <ele>738.7</ele>
      </trkpt>
      <trkpt lat="49.26536" lon="22.55939">
        <ele>732.4</ele>
      </trkpt>
      <trkpt lat="49.26567" lon="22.55935">
        <ele>728.8</ele>
      </trkpt>
      <trkpt lat="49.2658" lon="22.5593">
        <ele>726.9</ele>
      </trkpt>
      <trkpt lat="49.26599" lon="22.55916">
        <ele>722.3</ele>
      </trkpt>
      <trkpt lat="49.26618" lon="22.5591">
        <ele>722.3</ele>
      </trkpt>
      <trkpt lat="49.26651" lon="22.55908">
        <ele>718.0</ele>
      </trkpt>
      <trkpt lat="49.26674" lon="22.55903">
        <ele>713.8</ele>
      </trkpt>
      <trkpt lat="49.26692" lon="22.55894">
        <ele>709.5</ele>
      </trkpt>
      <trkpt lat="49.26703" lon="22.55885">
        <ele>709.5</ele>
      </trkpt>
      <trkpt lat="49.26724" lon="22.55861">
        <ele>705.8</ele>
      </trkpt>
      <trkpt lat="49.26739" lon="22.55848">
        <ele>703.5</ele>
      </trkpt>
      <trkpt lat="49.26807" lon="22.55844">
        <ele>696.2</ele>
      </trkpt>
      <trkpt lat="49.26848" lon="22.55833">
        <ele>691.5</ele>
      </trkpt>
      <trkpt lat="49.26908" lon="22.55805">
        <ele>685.9</ele>
      </trkpt>
      <trkpt lat="49.2696" lon="22.558">
        <ele>679.2</ele>
      </trkpt>
      <trkpt lat="49.26998" lon="22.5579">
        <ele>676.3</ele>
      </trkpt>
      <trkpt lat="49.27032" lon="22.5579">
        <ele>672.5</ele>
      </trkpt>
      <trkpt lat="49.27047" lon="22.55787">
        <ele>672.5</ele>
      </trkpt>
      <trkpt lat="49.27068" lon="22.55772">
        <ele>665.4</ele>
      </trkpt>
      <trkpt lat="49.27076" lon="22.5577">
        <ele>665.4</ele>
      </trkpt>
      <trkpt lat="49.27086" lon="22.55775">
        <ele>665.4</ele>
      </trkpt>
      <trkpt lat="49.27096" lon="22.55822">
        <ele>663.6</ele>
      </trkpt>
      <trkpt lat="49.27094" lon="22.55838">
        <ele>662.4</ele>
      </trkpt>
      <trkpt lat="49.27085" lon="22.55851">
        <ele>662.4</ele>
      </trkpt>
      <trkpt lat="49.2704" lon="22.55882">
        <ele>658.6</ele>
      </trkpt>
      <trkpt lat="49.27006" lon="22.5592">
        <ele>655.7</ele>
      </trkpt>
      <trkpt lat="49.26991" lon="22.5594">
        <ele>654.8</ele>
      </trkpt>
      <trkpt lat="49.26965" lon="22.55983">
        <ele>653.0</ele>
      </trkpt>
      <trkpt lat="49.26954" lon="22.56009">
        <ele>651.3</ele>
      </trkpt>
      <trkpt lat="49.26955" lon="22.56032">
        <ele>649.8</ele>
      </trkpt>
      <trkpt lat="49.26971" lon="22.56084">
        <ele>647.4</ele>
      </trkpt>
      <trkpt lat="49.26982" lon="22.5615">
        <ele>645.1</ele>
      </trkpt>
      <trkpt lat="49.26986" lon="22.56196">
        <ele>643.0</ele>
      </trkpt>
      <trkpt lat="49.26985" lon="22.56211">
        <ele>642.9</ele>
      </trkpt>
      <trkpt lat="49.2699" lon="22.56234">
        <ele>643.6</ele>
      </trkpt>
      <trkpt lat="49.27001" lon="22.56335">
        <ele>650.6</ele>
      </trkpt>
      <trkpt lat="49.26996" lon="22.56369">
        <ele>651.5</ele>
      </trkpt>
      <trkpt lat="49.26982" lon="22.56419">
        <ele>651.4</ele>
      </trkpt>
      <trkpt lat="49.26979" lon="22.56445">
        <ele>650.0</ele>
      </trkpt>
      <trkpt lat="49.26986" lon="22.565335">
        <ele>639.5</ele>
      </trkpt>
      <trkpt lat="49.26993" lon="22.56622">
        <ele>634.1</ele>
      </trkpt>
      <trkpt lat="49.26999" lon="22.56644">
        <ele>631.6</ele>
      </trkpt>
      <trkpt lat="49.27011" lon="22.56675">
        <ele>630.1</ele>
      </trkpt>
      <trkpt lat="49.26966" lon="22.56693">
        <ele>626.5</ele>
      </trkpt>
      <trkpt lat="49.26954" lon="22.56704">
        <ele>625.2</ele>
      </trkpt>
      <trkpt lat="49.26942" lon="22.56727">
        <ele>623.2</ele>
      </trkpt>
      <trkpt lat="49.26935" lon="22.56754">
        <ele>621.9</ele>
      </trkpt>
      <trkpt lat="49.26932" lon="22.56809">
        <ele>621.9</ele>
      </trkpt>
      <trkpt lat="49.2695" lon="22.56898">
        <ele>623.5</ele>
      </trkpt>
      <trkpt lat="49.26959" lon="22.56963">
        <ele>621.8</ele>
      </trkpt>
      <trkpt lat="49.26957" lon="22.57032">
        <ele>621.3</ele>
      </trkpt>
      <trkpt lat="49.26959" lon="22.57084">
        <ele>622.3</ele>
      </trkpt>
      <trkpt lat="49.269815" lon="22.57196">
        <ele>625.4</ele>
      </trkpt>
      <trkpt lat="49.27004" lon="22.57308">
        <ele>624.8</ele>
      </trkpt>
      <trkpt lat="49.27007" lon="22.57345">
        <ele>623.4</ele>
      </trkpt>
      <trkpt lat="49.27001" lon="22.5745">
        <ele>617.3</ele>
      </trkpt>
      <trkpt lat="49.27004" lon="22.57488">
        <ele>614.6</ele>
      </trkpt>
      <trkpt lat="49.27017" lon="22.57534">
        <ele>611.2</ele>
      </trkpt>
      <trkpt lat="49.27039" lon="22.57578">
        <ele>611.8</ele>
      </trkpt>
      <trkpt lat="49.27091" lon="22.57632">
        <ele>615.5</ele>
      </trkpt>
      <trkpt lat="49.27105" lon="22.57662">
        <ele>616.7</ele>
      </trkpt>
      <trkpt lat="49.27106" lon="22.57695">
        <ele>616.9</ele>
      </trkpt>
      <trkpt lat="49.27091" lon="22.57743">
        <ele>616.2</ele>
      </trkpt>
      <trkpt lat="49.27051" lon="22.5784">
        <ele>617.6</ele>
      </trkpt>
      <trkpt lat="49.27023" lon="22.5789">
        <ele>620.2</ele>
      </trkpt>
      <trkpt lat="49.26954" lon="22.57949">
        <ele>621.6</ele>
      </trkpt>
      <trkpt lat="49.26885" lon="22.58008">
        <ele>623.6</ele>
      </trkpt>
      <trkpt lat="49.26844" lon="22.580645">
        <ele>628.0</ele>
      </trkpt>
      <trkpt lat="49.26803" lon="22.58121">
        <ele>627.6</ele>
      </trkpt>
      <trkpt lat="49.26785" lon="22.58154">
        <ele>627.2</ele>
      </trkpt>
      <trkpt lat="49.26777" lon="22.582">
        <ele>625.9</ele>
      </trkpt>
      <trkpt lat="49.26781" lon="22.58239">
        <ele>626.5</ele>
      </trkpt>
      <trkpt lat="49.268" lon="22.58266">
        <ele>628.1</ele>
      </trkpt>
      <trkpt lat="49.26855" lon="22.58313">
        <ele>633.4</ele>
      </trkpt>
      <trkpt lat="49.2688" lon="22.58351">
        <ele>636.1</ele>
      </trkpt>
      <trkpt lat="49.26884" lon="22.58393">
        <ele>637.1</ele>
      </trkpt>
      <trkpt lat="49.26877" lon="22.58421">
        <ele>637.6</ele>
      </trkpt>
      <trkpt lat="49.26836" lon="22.585185">
        <ele>641.0</ele>
      </trkpt>
      <trkpt lat="49.26795" lon="22.58616">
        <ele>644.1</ele>
      </trkpt>
      <trkpt lat="49.26774" lon="22.58647">
        <ele>644.8</ele>
      </trkpt>
      <trkpt lat="49.26745" lon="22.58654">
        <ele>644.5</ele>
      </trkpt>
      <trkpt lat="49.26671" lon="22.58621">
        <ele>644.6</ele>
      </trkpt>
      <trkpt lat="49.26635" lon="22.58623">
        <ele>644.0</ele>
      </trkpt>
      <trkpt lat="49.2657" lon="22.58651">
        <ele>638.9</ele>
      </trkpt>
      <trkpt lat="49.26544" lon="22.58674">
        <ele>636.2</ele>
      </trkpt>
      <trkpt lat="49.26528" lon="22.58718">
        <ele>632.8</ele>
      </trkpt>
      <trkpt lat="49.26524" lon="22.58741">
        <ele>632.3</ele>
      </trkpt>
      <trkpt lat="49.2653" lon="22.58762">
        <ele>632.5</ele>
      </trkpt>
      <trkpt lat="49.26542" lon="22.5879">
        <ele>633.3</ele>
      </trkpt>
      <trkpt lat="49.2656" lon="22.58815">
        <ele>634.5</ele>
      </trkpt>
      <trkpt lat="49.26584" lon="22.58861">
        <ele>637.2</ele>
      </trkpt>
      <trkpt lat="49.26591" lon="22.58908">
        <ele>637.8</ele>
      </trkpt>
      <trkpt lat="49.26598" lon="22.59041">
        <ele>637.4</ele>
      </trkpt>
      <trkpt lat="49.26618" lon="22.59128">
        <ele>636.7</ele>
      </trkpt>
      <trkpt lat="49.26632" lon="22.59241">
        <ele>634.8</ele>
      </trkpt>
      <trkpt lat="49.26638" lon="22.59317">
        <ele>632.1</ele>
      </trkpt>
      <trkpt lat="49.26632" lon="22.59344">
        <ele>630.6</ele>
      </trkpt>
      <trkpt lat="49.26617" lon="22.5937">
        <ele>628.7</ele>
      </trkpt>
      <trkpt lat="49.26583" lon="22.5939">
        <ele>625.8</ele>
      </trkpt>
      <trkpt lat="49.26569" lon="22.59394">
        <ele>625.2</ele>
      </trkpt>
      <trkpt lat="49.26552" lon="22.59388">
        <ele>624.1</ele>
      </trkpt>
      <trkpt lat="49.26501" lon="22.59343">
        <ele>618.9</ele>
      </trkpt>
      <trkpt lat="49.26482" lon="22.59336">
        <ele>616.4</ele>
      </trkpt>
      <trkpt lat="49.2646" lon="22.5935">
        <ele>615.4</ele>
      </trkpt>
      <trkpt lat="49.26445" lon="22.59387">
        <ele>616.3</ele>
      </trkpt>
      <trkpt lat="49.26442" lon="22.59437">
        <ele>619.3</ele>
      </trkpt>
      <trkpt lat="49.26445" lon="22.59511">
        <ele>622.5</ele>
      </trkpt>
      <trkpt lat="49.26441" lon="22.59536">
        <ele>623.5</ele>
      </trkpt>
      <trkpt lat="49.26421" lon="22.59558">
        <ele>626.3</ele>
      </trkpt>
      <trkpt lat="49.26397" lon="22.59558">
        <ele>627.3</ele>
      </trkpt>
      <trkpt lat="49.26364" lon="22.59537">
        <ele>627.6</ele>
      </trkpt>
      <trkpt lat="49.26344" lon="22.59533">
        <ele>626.3</ele>
      </trkpt>
      <trkpt lat="49.26324" lon="22.59544">
        <ele>625.9</ele>
      </trkpt>
      <trkpt lat="49.2631" lon="22.59567">
        <ele>625.9</ele>
      </trkpt>
      <trkpt lat="49.26314" lon="22.59603">
        <ele>626.2</ele>
      </trkpt>
      <trkpt lat="49.26322" lon="22.59633">
        <ele>626.5</ele>
      </trkpt>
      <trkpt lat="49.26339" lon="22.59659">
        <ele>627.1</ele>
      </trkpt>
      <trkpt lat="49.26409" lon="22.59734">
        <ele>628.3</ele>
      </trkpt>
      <trkpt lat="49.26449" lon="22.597675">
        <ele>629.1</ele>
      </trkpt>
      <trkpt lat="49.26489" lon="22.59801">
        <ele>630.7</ele>
      </trkpt>
      <trkpt lat="49.26508" lon="22.59846">
        <ele>629.1</ele>
      </trkpt>
      <trkpt lat="49.26524" lon="22.59907">
        <ele>627.0</ele>
      </trkpt>
      <trkpt lat="49.26539" lon="22.59927">
        <ele>626.1</ele>
      </trkpt>
      <trkpt lat="49.26571" lon="22.59959">
        <ele>625.0</ele>
      </trkpt>
      <trkpt lat="49.26594" lon="22.59989">
        <ele>623.7</ele>
      </trkpt>
      <trkpt lat="49.26607" lon="22.60031">
        <ele>622.8</ele>
      </trkpt>
      <trkpt lat="49.26619" lon="22.60091">
        <ele>621.5</ele>
      </trkpt>
      <trkpt lat="49.26622" lon="22.60125">
        <ele>621.2</ele>
      </trkpt>
      <trkpt lat="49.26615" lon="22.60154">
        <ele>621.0</ele>
      </trkpt>
      <trkpt lat="49.26612" lon="22.60159">
        <ele>621.0</ele>
      </trkpt>
      <trkpt lat="49.26585" lon="22.60192">
        <ele>620.1</ele>
      </trkpt>
      <trkpt lat="49.26549" lon="22.60225">
        <ele>618.9</ele>
      </trkpt>
      <trkpt lat="49.26531" lon="22.60227">
        <ele>618.1</ele>
      </trkpt>
      <trkpt lat="49.26513" lon="22.60218">
        <ele>617.2</ele>
      </trkpt>
      <trkpt lat="49.26481" lon="22.60169">
        <ele>613.2</ele>
      </trkpt>
      <trkpt lat="49.2646" lon="22.60142">
        <ele>611.4</ele>
      </trkpt>
      <trkpt lat="49.26426" lon="22.60131">
        <ele>609.9</ele>
      </trkpt>
      <trkpt lat="49.2641" lon="22.60138">
        <ele>609.1</ele>
      </trkpt>
      <trkpt lat="49.26387" lon="22.60185">
        <ele>611.1</ele>
      </trkpt>
      <trkpt lat="49.26367" lon="22.60237">
        <ele>614.8</ele>
      </trkpt>
      <trkpt lat="49.26361" lon="22.60271">
        <ele>616.5</ele>
      </trkpt>
      <trkpt lat="49.2637" lon="22.60324">
        <ele>617.7</ele>
      </trkpt>
      <trkpt lat="49.26383" lon="22.60369">
        <ele>618.7</ele>
      </trkpt>
      <trkpt lat="49.26404" lon="22.60424">
        <ele>621.8</ele>
      </trkpt>
      <trkpt lat="49.26405" lon="22.60447">
        <ele>622.7</ele>
      </trkpt>
      <trkpt lat="49.26398" lon="22.60464">
        <ele>623.6</ele>
      </trkpt>
      <trkpt lat="49.26352" lon="22.60496">
        <ele>626.3</ele>
      </trkpt>
      <trkpt lat="49.26326" lon="22.60501">
        <ele>626.8</ele>
      </trkpt>
      <trkpt lat="49.26304" lon="22.60491">
        <ele>626.9</ele>
      </trkpt>
      <trkpt lat="49.26276" lon="22.60472">
        <ele>626.7</ele>
      </trkpt>
      <trkpt lat="49.26236" lon="22.60492">
        <ele>628.6</ele>
      </trkpt>
      <trkpt lat="49.26209" lon="22.6051">
        <ele>631.0</ele>
      </trkpt>
      <trkpt lat="49.26198" lon="22.6054">
        <ele>631.9</ele>
      </trkpt>
      <trkpt lat="49.26202" lon="22.60568">
        <ele>632.8</ele>
      </trkpt>
      <trkpt lat="49.26238" lon="22.60654">
        <ele>636.5</ele>
      </trkpt>
      <trkpt lat="49.26247" lon="22.60685">
        <ele>637.3</ele>
      </trkpt>
      <trkpt lat="49.26243" lon="22.6072">
        <ele>638.1</ele>
      </trkpt>
      <trkpt lat="49.26229" lon="22.60742">
        <ele>638.3</ele>
      </trkpt>
      <trkpt lat="49.26211" lon="22.60746">
        <ele>638.3</ele>
      </trkpt>
      <trkpt lat="49.261585" lon="22.607215">
        <ele>638.5</ele>
      </trkpt>
      <trkpt lat="49.26106" lon="22.60697">
        <ele>639.4</ele>
      </trkpt>
      <trkpt lat="49.26068" lon="22.60666">
        <ele>638.7</ele>
      </trkpt>
      <trkpt lat="49.26043" lon="22.60658">
        <ele>637.1</ele>
      </trkpt>
      <trkpt lat="49.26025" lon="22.60675">
        <ele>636.5</ele>
      </trkpt>
      <trkpt lat="49.26022" lon="22.60691">
        <ele>636.7</ele>
      </trkpt>
      <trkpt lat="49.26023" lon="22.6071">
        <ele>636.9</ele>
      </trkpt>
      <trkpt lat="49.260485" lon="22.608155">
        <ele>639.5</ele>
      </trkpt>
      <trkpt lat="49.26074" lon="22.60921">
        <ele>639.4</ele>
      </trkpt>
      <trkpt lat="49.261055" lon="22.609765">
        <ele>637.6</ele>
      </trkpt>
      <trkpt lat="49.26137" lon="22.61032">
        <ele>637.0</ele>
      </trkpt>
      <trkpt lat="49.26144" lon="22.61064">
        <ele>636.3</ele>
      </trkpt>
      <trkpt lat="49.26146" lon="22.611">
        <ele>635.2</ele>
      </trkpt>
      <trkpt lat="49.26134" lon="22.61127">
        <ele>633.2</ele>
      </trkpt>
      <trkpt lat="49.26071" lon="22.61168">
        <ele>626.4</ele>
      </trkpt>
      <trkpt lat="49.26053" lon="22.61191">
        <ele>624.0</ele>
      </trkpt>
      <trkpt lat="49.26045" lon="22.61241">
        <ele>622.6</ele>
      </trkpt>
      <trkpt lat="49.26045" lon="22.61285">
        <ele>623.3</ele>
      </trkpt>
      <trkpt lat="49.26058" lon="22.61346">
        <ele>625.4</ele>
      </trkpt>
      <trkpt lat="49.26061" lon="22.61382">
        <ele>625.6</ele>
      </trkpt>
      <trkpt lat="49.26058" lon="22.61468">
        <ele>627.8</ele>
      </trkpt>
      <trkpt lat="49.26048" lon="22.61513">
        <ele>629.0</ele>
      </trkpt>
      <trkpt lat="49.2604" lon="22.61579">
        <ele>632.5</ele>
      </trkpt>
      <trkpt lat="49.26046" lon="22.61651">
        <ele>636.0</ele>
      </trkpt>
      <trkpt lat="49.2604" lon="22.61707">
        <ele>638.2</ele>
      </trkpt>
      <trkpt lat="49.26027" lon="22.61747">
        <ele>641.1</ele>
      </trkpt>
      <trkpt lat="49.25988" lon="22.6178">
        <ele>643.5</ele>
      </trkpt>
      <trkpt lat="49.259235" lon="22.618015">
        <ele>643.5</ele>
      </trkpt>
      <trkpt lat="49.25859" lon="22.61823">
        <ele>640.0</ele>
      </trkpt>
      <trkpt lat="49.2582" lon="22.61853">
        <ele>639.5</ele>
      </trkpt>
      <trkpt lat="49.25797" lon="22.61902">
        <ele>643.4</ele>
      </trkpt>
      <trkpt lat="49.25789" lon="22.61953">
        <ele>646.5</ele>
      </trkpt>
      <trkpt lat="49.25794" lon="22.62024">
        <ele>649.2</ele>
      </trkpt>
      <trkpt lat="49.25811" lon="22.62126">
        <ele>650.8</ele>
      </trkpt>
      <trkpt lat="49.25827" lon="22.62191">
        <ele>650.6</ele>
      </trkpt>
      <trkpt lat="49.25831" lon="22.62257">
        <ele>650.5</ele>
      </trkpt>
      <trkpt lat="49.25829" lon="22.62337">
        <ele>649.8</ele>
      </trkpt>
      <trkpt lat="49.257915" lon="22.624165">
        <ele>644.3</ele>
      </trkpt>
      <trkpt lat="49.25754" lon="22.62496">
        <ele>638.9</ele>
      </trkpt>
      <trkpt lat="49.25723" lon="22.62585">
        <ele>635.8</ele>
      </trkpt>
      <trkpt lat="49.25721" lon="22.62629">
        <ele>636.5</ele>
      </trkpt>
      <trkpt lat="49.25757" lon="22.62677">
        <ele>642.5</ele>
      </trkpt>
      <trkpt lat="49.25791" lon="22.62766">
        <ele>640.4</ele>
      </trkpt>
      <trkpt lat="49.25793" lon="22.62813">
        <ele>637.9</ele>
      </trkpt>
      <trkpt lat="49.25787" lon="22.62831">
        <ele>637.0</ele>
      </trkpt>
      <trkpt lat="49.25775" lon="22.62842">
        <ele>636.3</ele>
      </trkpt>
      <trkpt lat="49.25716" lon="22.62854">
        <ele>634.7</ele>
      </trkpt>
      <trkpt lat="49.25675" lon="22.6287">
        <ele>633.3</ele>
      </trkpt>
      <trkpt lat="49.25653" lon="22.6292">
        <ele>635.9</ele>
      </trkpt>
      <trkpt lat="49.25631" lon="22.63038">
        <ele>647.7</ele>
      </trkpt>
      <trkpt lat="49.25617" lon="22.63066">
        <ele>651.0</ele>
      </trkpt>
      <trkpt lat="49.25597" lon="22.63082">
        <ele>653.0</ele>
      </trkpt>
      <trkpt lat="49.25552" lon="22.630845">
        <ele>653.9</ele>
      </trkpt>
      <trkpt lat="49.25507" lon="22.63087">
        <ele>651.8</ele>
      </trkpt>
      <trkpt lat="49.25482" lon="22.63095">
        <ele>649.2</ele>
      </trkpt>
      <trkpt lat="49.25465" lon="22.63126">
        <ele>648.8</ele>
      </trkpt>
      <trkpt lat="49.25461" lon="22.63179">
        <ele>650.3</ele>
      </trkpt>
      <trkpt lat="49.25463" lon="22.63233">
        <ele>654.7</ele>
      </trkpt>
      <trkpt lat="49.25472" lon="22.63281">
        <ele>657.9</ele>
      </trkpt>
      <trkpt lat="49.25474" lon="22.63327">
        <ele>662.2</ele>
      </trkpt>
      <trkpt lat="49.25469" lon="22.63362">
        <ele>664.3</ele>
      </trkpt>
      <trkpt lat="49.25453" lon="22.63382">
        <ele>664.3</ele>
      </trkpt>
      <trkpt lat="49.25426" lon="22.63382">
        <ele>662.5</ele>
      </trkpt>
      <trkpt lat="49.25404" lon="22.63375">
        <ele>661.3</ele>
      </trkpt>
      <trkpt lat="49.25372" lon="22.63372">
        <ele>658.4</ele>
      </trkpt>
      <trkpt lat="49.25351" lon="22.63398">
        <ele>655.9</ele>
      </trkpt>
      <trkpt lat="49.25333" lon="22.63441">
        <ele>654.7</ele>
      </trkpt>
      <trkpt lat="49.25317" lon="22.63502">
        <ele>654.7</ele>
      </trkpt>
      <trkpt lat="49.2532" lon="22.63628">
        <ele>654.2</ele>
      </trkpt>
      <trkpt lat="49.253343" lon="22.637517">
        <ele>657.1</ele>
      </trkpt>
      <trkpt lat="49.253487" lon="22.638753">
        <ele>654.3</ele>
      </trkpt>
      <trkpt lat="49.25363" lon="22.63999">
        <ele>648.7</ele>
      </trkpt>
      <trkpt lat="49.253885" lon="22.641153">
        <ele>642.8</ele>
      </trkpt>
      <trkpt lat="49.25414" lon="22.642317">
        <ele>636.3</ele>
      </trkpt>
      <trkpt lat="49.254395" lon="22.64348">
        <ele>628.3</ele>
      </trkpt>
      <trkpt lat="49.25465" lon="22.644643">
        <ele>619.5</ele>
      </trkpt>
      <trkpt lat="49.254905" lon="22.645807">
        <ele>612.8</ele>
      </trkpt>
      <trkpt lat="49.25516" lon="22.64697">
        <ele>614.6</ele>
      </trkpt>
      <trkpt lat="49.25516" lon="22.64733">
        <ele>615.3</ele>
      </trkpt>
      <trkpt lat="49.254835" lon="22.64825">
        <ele>621.2</ele>
      </trkpt>
      <trkpt lat="49.25451" lon="22.64917">
        <ele>622.8</ele>
      </trkpt>
      <trkpt lat="49.2542" lon="22.64955">
        <ele>624.5</ele>
      </trkpt>
      <trkpt lat="49.25354" lon="22.65048">
        <ele>635.7</ele>
      </trkpt>
      <trkpt lat="49.25338" lon="22.65062">
        <ele>637.2</ele>
      </trkpt>
      <trkpt lat="49.25317" lon="22.65062">
        <ele>639.1</ele>
      </trkpt>
      <trkpt lat="49.25277" lon="22.65028">
        <ele>644.0</ele>
      </trkpt>
      <trkpt lat="49.2524" lon="22.64991">
        <ele>646.3</ele>
      </trkpt>
      <trkpt lat="49.25214" lon="22.64977">
        <ele>646.4</ele>
      </trkpt>
      <trkpt lat="49.25168" lon="22.649825">
        <ele>644.6</ele>
      </trkpt>
      <trkpt lat="49.25122" lon="22.64988">
        <ele>644.6</ele>
      </trkpt>
      <trkpt lat="49.25054" lon="22.65048">
        <ele>653.4</ele>
      </trkpt>
      <trkpt lat="49.24997" lon="22.65085">
        <ele>659.2</ele>
      </trkpt>
      <trkpt lat="49.24956" lon="22.65145">
        <ele>663.3</ele>
      </trkpt>
      <trkpt lat="49.24932" lon="22.6519">
        <ele>665.2</ele>
      </trkpt>
      <trkpt lat="49.24921" lon="22.65227">
        <ele>664.8</ele>
      </trkpt>
      <trkpt lat="49.24911" lon="22.653325">
        <ele>661.6</ele>
      </trkpt>
      <trkpt lat="49.24901" lon="22.65438">
        <ele>655.8</ele>
      </trkpt>
      <trkpt lat="49.24895" lon="22.6546">
        <ele>654.7</ele>
      </trkpt>
      <trkpt lat="49.24888" lon="22.65477">
        <ele>653.6</ele>
      </trkpt>
      <trkpt lat="49.24834" lon="22.65523">
        <ele>654.5</ele>
      </trkpt>
      <trkpt lat="49.24787" lon="22.6556">
        <ele>658.8</ele>
      </trkpt>
      <trkpt lat="49.247183" lon="22.65589">
        <ele>664.5</ele>
      </trkpt>
      <trkpt lat="49.246497" lon="22.65618">
        <ele>669.4</ele>
      </trkpt>
      <trkpt lat="49.24581" lon="22.65647">
        <ele>675.0</ele>
      </trkpt>
      <trkpt lat="49.245037" lon="22.656773">
        <ele>680.4</ele>
      </trkpt>
      <trkpt lat="49.244263" lon="22.657077">
        <ele>684.2</ele>
      </trkpt>
      <trkpt lat="49.24349" lon="22.65738">
        <ele>689.5</ele>
      </trkpt>
      <trkpt lat="49.243" lon="22.65781">
        <ele>692.1</ele>
      </trkpt>
      <trkpt lat="49.24286" lon="22.65801">
        <ele>693.4</ele>
      </trkpt>
      <trkpt lat="49.24263" lon="22.65857">
        <ele>695.9</ele>
      </trkpt>
      <trkpt lat="49.2424" lon="22.65923">
        <ele>697.5</ele>
      </trkpt>
      <trkpt lat="49.24205" lon="22.65976">
        <ele>698.8</ele>
      </trkpt>
      <trkpt lat="49.241545" lon="22.66037">
        <ele>705.5</ele>
      </trkpt>
      <trkpt lat="49.24104" lon="22.66098">
        <ele>709.7</ele>
      </trkpt>
      <trkpt lat="49.2409" lon="22.66131">
        <ele>710.2</ele>
      </trkpt>
      <trkpt lat="49.24073" lon="22.66213">
        <ele>706.3</ele>
      </trkpt>
      <trkpt lat="49.24056" lon="22.66295">
        <ele>700.3</ele>
      </trkpt>
      <trkpt lat="49.240375" lon="22.66369">
        <ele>695.5</ele>
      </trkpt>
      <trkpt lat="49.24019" lon="22.66443">
        <ele>691.3</ele>
      </trkpt>
      <trkpt lat="49.2401" lon="22.66487">
        <ele>689.6</ele>
      </trkpt>
      <trkpt lat="49.24017" lon="22.66565">
        <ele>684.8</ele>
      </trkpt>
      <trkpt lat="49.2402" lon="22.66641">
        <ele>680.6</ele>
      </trkpt>
      <trkpt lat="49.240093" lon="22.667493">
        <ele>674.3</ele>
      </trkpt>
      <trkpt lat="49.239987" lon="22.668577">
        <ele>668.3</ele>
      </trkpt>
      <trkpt lat="49.23988" lon="22.66966">
        <ele>662.4</ele>
      </trkpt>
      <trkpt lat="49.2398" lon="22.67031">
        <ele>659.3</ele>
      </trkpt>
      <trkpt lat="49.23954" lon="22.67083">
        <ele>657.9</ele>
      </trkpt>
      <trkpt lat="49.23919" lon="22.671265">
        <ele>659.3</ele>
      </trkpt>
      <trkpt lat="49.23884" lon="22.6717">
        <ele>661.9</ele>
      </trkpt>
      <trkpt lat="49.23858" lon="22.67227">
        <ele>663.6</ele>
      </trkpt>
      <trkpt lat="49.238207" lon="22.673273">
        <ele>662.3</ele>
      </trkpt>
      <trkpt lat="49.237833" lon="22.674277">
        <ele>659.0</ele>
      </trkpt>
      <trkpt lat="49.23746" lon="22.67528">
        <ele>656.4</ele>
      </trkpt>
      <trkpt lat="49.23729" lon="22.67553">
        <ele>655.9</ele>
      </trkpt>
      <trkpt lat="49.23691" lon="22.67578">
        <ele>655.9</ele>
      </trkpt>
      <trkpt lat="49.23663" lon="22.67604">
        <ele>655.3</ele>
      </trkpt>
      <trkpt lat="49.236265" lon="22.676725">
        <ele>652.4</ele>
      </trkpt>
      <trkpt lat="49.2359" lon="22.67741">
        <ele>647.7</ele>
      </trkpt>
      <trkpt lat="49.23555" lon="22.67777">
        <ele>646.4</ele>
      </trkpt>
      <trkpt lat="49.234875" lon="22.67801">
        <ele>646.7</ele>
      </trkpt>
      <trkpt lat="49.2342" lon="22.67825">
        <ele>648.9</ele>
      </trkpt>
      <trkpt lat="49.23403" lon="22.67841">
        <ele>649.3</ele>
      </trkpt>
      <trkpt lat="49.23362" lon="22.679445">
        <ele>651.0</ele>
      </trkpt>
      <trkpt lat="49.23321" lon="22.68048">
        <ele>650.6</ele>
      </trkpt>
      <trkpt lat="49.232803" lon="22.68148">
        <ele>647.2</ele>
      </trkpt>
      <trkpt lat="49.232395" lon="22.68248">
        <ele>639.9</ele>
      </trkpt>
      <trkpt lat="49.231988" lon="22.68348">
        <ele>635.2</ele>
      </trkpt>
      <trkpt lat="49.23158" lon="22.68448">
        <ele>627.8</ele>
      </trkpt>
      <trkpt lat="49.231275" lon="22.685463">
        <ele>622.6</ele>
      </trkpt>
      <trkpt lat="49.23097" lon="22.686445">
        <ele>617.9</ele>
      </trkpt>
      <trkpt lat="49.230665" lon="22.687428">
        <ele>613.8</ele>
      </trkpt>
      <trkpt lat="49.23036" lon="22.68841">
        <ele>608.6</ele>
      </trkpt>
      <trkpt lat="49.23009" lon="22.68896">
        <ele>605.1</ele>
      </trkpt>
      <trkpt lat="49.22953" lon="22.6899">
        <ele>604.5</ele>
      </trkpt>
      <trkpt lat="49.22908" lon="22.69046">
        <ele>605.5</ele>
      </trkpt>
      <trkpt lat="49.22863" lon="22.69102">
        <ele>604.1</ele>
      </trkpt>
      <trkpt lat="49.22856" lon="22.69121">
        <ele>603.7</ele>
      </trkpt>
      <trkpt lat="49.2286" lon="22.69147">
        <ele>602.7</ele>
      </trkpt>
      <trkpt lat="49.22888" lon="22.69257">
        <ele>596.9</ele>
      </trkpt>
      <trkpt lat="49.22912" lon="22.6936">
        <ele>592.8</ele>
      </trkpt>
      <trkpt lat="49.22936" lon="22.69463">
        <ele>590.7</ele>
      </trkpt>
      <trkpt lat="49.22945" lon="22.69545">
        <ele>589.5</ele>
      </trkpt>
      <trkpt lat="49.22943" lon="22.69576">
        <ele>588.2</ele>
      </trkpt>
      <trkpt lat="49.229093" lon="22.69665">
        <ele>587.0</ele>
      </trkpt>
      <trkpt lat="49.228757" lon="22.69754">
        <ele>585.0</ele>
      </trkpt>
      <trkpt lat="49.22842" lon="22.69843">
        <ele>582.6</ele>
      </trkpt>
      <trkpt lat="49.22805" lon="22.69925">
        <ele>578.5</ele>
      </trkpt>
      <trkpt lat="49.228463" lon="22.700053">
        <ele>575.4</ele>
      </trkpt>
      <trkpt lat="49.228877" lon="22.700857">
        <ele>573.3</ele>
      </trkpt>
      <trkpt lat="49.22929" lon="22.70166">
        <ele>572.1</ele>
      </trkpt>
      <trkpt lat="49.22939" lon="22.70181">
        <ele>572.1</ele>
      </trkpt>
      <trkpt lat="49.2295" lon="22.70193">
        <ele>572.1</ele>
      </trkpt>
      <trkpt lat="49.22968" lon="22.70202">
        <ele>572.2</ele>
      </trkpt>
      <trkpt lat="49.22988" lon="22.70202">
        <ele>572.2</ele>
      </trkpt>
      <trkpt lat="49.230587" lon="22.701937">
        <ele>573.0</ele>
      </trkpt>
      <trkpt lat="49.231293" lon="22.701853">
        <ele>574.3</ele>
      </trkpt>
      <trkpt lat="49.232" lon="22.70177">
        <ele>574.0</ele>
      </trkpt>
      <trkpt lat="49.23229" lon="22.7017">
        <ele>574.6</ele>
      </trkpt>
      <trkpt lat="49.23313" lon="22.70126">
        <ele>576.3</ele>
      </trkpt>
      <trkpt lat="49.23397" lon="22.70082">
        <ele>578.1</ele>
      </trkpt>
      <trkpt lat="49.23468" lon="22.70042">
        <ele>582.2</ele>
      </trkpt>
      <trkpt lat="49.235327" lon="22.70001">
        <ele>584.3</ele>
      </trkpt>
      <trkpt lat="49.235973" lon="22.6996">
        <ele>586.6</ele>
      </trkpt>
      <trkpt lat="49.23662" lon="22.69919">
        <ele>588.1</ele>
      </trkpt>
      <trkpt lat="49.237295" lon="22.6988">
        <ele>588.0</ele>
      </trkpt>
      <trkpt lat="49.23797" lon="22.69841">
        <ele>584.5</ele>
      </trkpt>
      <trkpt lat="49.23824" lon="22.69828">
        <ele>584.4</ele>
      </trkpt>
      <trkpt lat="49.23837" lon="22.69825">
        <ele>584.6</ele>
      </trkpt>
      <trkpt lat="49.23857" lon="22.69831">
        <ele>585.1</ele>
      </trkpt>
      <trkpt lat="49.23865" lon="22.69837">
        <ele>585.1</ele>
      </trkpt>
      <trkpt lat="49.23881" lon="22.69854">
        <ele>586.6</ele>
      </trkpt>
      <trkpt lat="49.2392" lon="22.69913">
        <ele>588.4</ele>
      </trkpt>
      <trkpt lat="49.23959" lon="22.69972">
        <ele>589.1</ele>
      </trkpt>
      <trkpt lat="49.23975" lon="22.69991">
        <ele>589.3</ele>
      </trkpt>
      <trkpt lat="49.23984" lon="22.69999">
        <ele>589.3</ele>
      </trkpt>
      <trkpt lat="49.23996" lon="22.70006">
        <ele>590.6</ele>
      </trkpt>
      <trkpt lat="49.24018" lon="22.70013">
        <ele>590.6</ele>
      </trkpt>
      <trkpt lat="49.24027" lon="22.70013">
        <ele>590.9</ele>
      </trkpt>
      <trkpt lat="49.24047" lon="22.70009">
        <ele>591.2</ele>
      </trkpt>
      <trkpt lat="49.24057" lon="22.70005">
        <ele>591.2</ele>
      </trkpt>
      <trkpt lat="49.24074" lon="22.69994">
        <ele>591.6</ele>
      </trkpt>
      <trkpt lat="49.24085" lon="22.69984">
        <ele>591.6</ele>
      </trkpt>
      <trkpt lat="49.24131" lon="22.69934">
        <ele>593.0</ele>
      </trkpt>
      <trkpt lat="49.241845" lon="22.69871">
        <ele>593.4</ele>
      </trkpt>
      <trkpt lat="49.24238" lon="22.69808">
        <ele>592.9</ele>
      </trkpt>
      <trkpt lat="49.24248" lon="22.69791">
        <ele>592.8</ele>
      </trkpt>
      <trkpt lat="49.24256" lon="22.69765">
        <ele>592.7</ele>
      </trkpt>
      <trkpt lat="49.24268" lon="22.69668">
        <ele>593.0</ele>
      </trkpt>
      <trkpt lat="49.2428" lon="22.69571">
        <ele>595.0</ele>
      </trkpt>
      <trkpt lat="49.2429" lon="22.69539">
        <ele>596.2</ele>
      </trkpt>
      <trkpt lat="49.243" lon="22.69519">
        <ele>597.1</ele>
      </trkpt>
      <trkpt lat="49.24355" lon="22.69446">
        <ele>602.5</ele>
      </trkpt>
      <trkpt lat="49.2441" lon="22.69373">
        <ele>603.3</ele>
      </trkpt>
      <trkpt lat="49.24433" lon="22.69351">
        <ele>603.0</ele>
      </trkpt>
      <trkpt lat="49.24465" lon="22.69333">
        <ele>602.8</ele>
      </trkpt>
      <trkpt lat="49.2448" lon="22.6933">
        <ele>602.4</ele>
      </trkpt>
      <trkpt lat="49.24493" lon="22.69329">
        <ele>602.4</ele>
      </trkpt>
      <trkpt lat="49.24559" lon="22.69338">
        <ele>601.5</ele>
      </trkpt>
      <trkpt lat="49.246365" lon="22.69352">
        <ele>602.9</ele>
      </trkpt>
      <trkpt lat="49.24714" lon="22.69366">
        <ele>604.3</ele>
      </trkpt>
      <trkpt lat="49.24739" lon="22.69377">
        <ele>604.7</ele>
      </trkpt>
      <trkpt lat="49.24758" lon="22.69393">
        <ele>606.0</ele>
      </trkpt>
      <trkpt lat="49.24826" lon="22.69473">
        <ele>608.5</ele>
      </trkpt>
      <trkpt lat="49.24841" lon="22.69486">
        <ele>608.2</ele>
      </trkpt>
      <trkpt lat="49.248975" lon="22.69525">
        <ele>605.6</ele>
      </trkpt>
      <trkpt lat="49.24954" lon="22.69564">
        <ele>606.0</ele>
      </trkpt>
      <trkpt lat="49.25001" lon="22.69594">
        <ele>610.3</ele>
      </trkpt>
      <trkpt lat="49.25022" lon="22.69604">
        <ele>611.4</ele>
      </trkpt>
      <trkpt lat="49.25039" lon="22.69606">
        <ele>612.5</ele>
      </trkpt>
      <trkpt lat="49.25054" lon="22.69604">
        <ele>613.2</ele>
      </trkpt>
      <trkpt lat="49.25064" lon="22.69599">
        <ele>615.0</ele>
      </trkpt>
      <trkpt lat="49.25088" lon="22.6958">
        <ele>617.3</ele>
      </trkpt>
      <trkpt lat="49.2512" lon="22.69532">
        <ele>621.8</ele>
      </trkpt>
      <trkpt lat="49.25177" lon="22.694397">
        <ele>627.5</ele>
      </trkpt>
      <trkpt lat="49.25234" lon="22.693473">
        <ele>633.4</ele>
      </trkpt>
      <trkpt lat="49.25291" lon="22.69255">
        <ele>637.7</ele>
      </trkpt>
      <trkpt lat="49.25338" lon="22.691823">
        <ele>641.6</ele>
      </trkpt>
      <trkpt lat="49.25385" lon="22.691097">
        <ele>645.2</ele>
      </trkpt>
      <trkpt lat="49.25432" lon="22.69037">
        <ele>648.7</ele>
      </trkpt>
      <trkpt lat="49.25484" lon="22.689628">
        <ele>651.6</ele>
      </trkpt>
      <trkpt lat="49.25536" lon="22.688885">
        <ele>651.7</ele>
      </trkpt>
      <trkpt lat="49.25588" lon="22.688143">
        <ele>650.9</ele>
      </trkpt>
      <trkpt lat="49.2564" lon="22.6874">
        <ele>651.4</ele>
      </trkpt>
      <trkpt lat="49.256945" lon="22.686645">
        <ele>655.1</ele>
      </trkpt>
      <trkpt lat="49.25749" lon="22.68589">
        <ele>660.7</ele>
      </trkpt>
      <trkpt lat="49.257895" lon="22.685365">
        <ele>664.4</ele>
      </trkpt>
      <trkpt lat="49.2583" lon="22.68484">
        <ele>666.3</ele>
      </trkpt>
      <trkpt lat="49.25853" lon="22.68458">
        <ele>668.2</ele>
      </trkpt>
      <trkpt lat="49.25882" lon="22.68433">
        <ele>671.5</ele>
      </trkpt>
      <trkpt lat="49.25942" lon="22.68403">
        <ele>679.2</ele>
      </trkpt>
      <trkpt lat="49.25953" lon="22.68395">
        <ele>680.5</ele>
      </trkpt>
      <trkpt lat="49.25999" lon="22.68337">
        <ele>684.9</ele>
      </trkpt>
      <trkpt lat="49.26024" lon="22.68319">
        <ele>686.0</ele>
      </trkpt>
      <trkpt lat="49.26047" lon="22.68311">
        <ele>688.1</ele>
      </trkpt>
      <trkpt lat="49.26082" lon="22.68304">
        <ele>690.7</ele>
      </trkpt>
      <trkpt lat="49.26107" lon="22.68303">
        <ele>692.6</ele>
      </trkpt>
      <trkpt lat="49.2613" lon="22.68305">
        <ele>693.5</ele>
      </trkpt>
      <trkpt lat="49.2614" lon="22.68274">
        <ele>694.9</ele>
      </trkpt>
      <trkpt lat="49.26219" lon="22.68288">
        <ele>693.1</ele>
      </trkpt>
      <trkpt lat="49.26261" lon="22.68297">
        <ele>694.1</ele>
      </trkpt>
      <trkpt lat="49.26266" lon="22.68309">
        <ele>694.1</ele>
      </trkpt>
      <trkpt lat="49.26277" lon="22.68301">
        <ele>694.2</ele>
      </trkpt>
      <trkpt lat="49.26296" lon="22.68304">
        <ele>694.8</ele>
      </trkpt>
    </trkseg>
  </trk>
</gpx>
